run_id,manifest_sha256,method,phase,ms
size-scaling-k75-c300-n10000000-f32-k75-c300-fanout_f32_l16-merkle-r0,8b0120eec21a7c8d83cff4cc843a71516a87ebaaa3637375b282186bb7e78811,merkle,tree_localisation_ms,184.418
size-scaling-k75-c300-n10000000-f32-k75-c300-fanout_f32_l16-merkle-r0,8b0120eec21a7c8d83cff4cc843a71516a87ebaaa3637375b282186bb7e78811,merkle,candidate_row_fetch_ms,16.202
size-scaling-k75-c300-n10000000-f32-k75-c300-fanout_f32_l16-merkle-r0,8b0120eec21a7c8d83cff4cc843a71516a87ebaaa3637375b282186bb7e78811,merkle,row_comparison_ms,0.541
size-scaling-k75-c300-n10000000-f32-k75-c300-fanout_f32_l16-merkle-r0,8b0120eec21a7c8d83cff4cc843a71516a87ebaaa3637375b282186bb7e78811,merkle,repair_sql_building_ms,0.567
size-scaling-k75-c300-n10000000-f32-k75-c300-fanout_f32_l16-merkle-r0,8b0120eec21a7c8d83cff4cc843a71516a87ebaaa3637375b282186bb7e78811,merkle,repair_dml_wire_ms,17.881
size-scaling-k75-c300-n10000000-f32-k75-c300-fanout_f32_l16-merkle-r0,8b0120eec21a7c8d83cff4cc843a71516a87ebaaa3637375b282186bb7e78811,merkle,repair_commit_wire_ms,8.931
size-scaling-k75-c300-n10000000-f32-k75-c300-fanout_f32_l16-merkle-r0,8b0120eec21a7c8d83cff4cc843a71516a87ebaaa3637375b282186bb7e78811,merkle,repair_begin_wire_ms,0.113
size-scaling-k75-c300-n10000000-f32-k75-c300-fanout_f32_l16-merkle-r0,8b0120eec21a7c8d83cff4cc843a71516a87ebaaa3637375b282186bb7e78811,merkle,repair_transaction_block_ms,27.546
size-scaling-k75-c300-n10000000-f32-k75-c300-fanout_f32_l16-merkle-r0,8b0120eec21a7c8d83cff4cc843a71516a87ebaaa3637375b282186bb7e78811,merkle,repair_write_ms,27.551
size-scaling-k75-c300-n10000000-f32-k75-c300-fanout_f32_l16-merkle-r0,8b0120eec21a7c8d83cff4cc843a71516a87ebaaa3637375b282186bb7e78811,merkle,targeted_post_repair_confirmation_ms,3.523
size-scaling-k75-c300-n10000000-f32-k75-c300-fanout_f32_l16-merkle-r0,8b0120eec21a7c8d83cff4cc843a71516a87ebaaa3637375b282186bb7e78811,merkle,recovery_observability_ms,0.001
size-scaling-k75-c300-n10000000-f32-k75-c300-fanout_f32_l16-merkle-r0,8b0120eec21a7c8d83cff4cc843a71516a87ebaaa3637375b282186bb7e78811,merkle,recovery_orchestration_ms,1.404
size-scaling-k75-c300-n10000000-f32-k75-c300-fanout_f32_l16-merkle-r0,8b0120eec21a7c8d83cff4cc843a71516a87ebaaa3637375b282186bb7e78811,merkle,audit_exact_table_compare_ms,38320.864
size-scaling-k75-c300-n10000000-f32-k75-c300-fanout_f32_l16-merkle-r0,8b0120eec21a7c8d83cff4cc843a71516a87ebaaa3637375b282186bb7e78811,merkle,audit_merkle_root_hash_ms,1.334
size-scaling-k75-c300-n10000000-f32-k75-c300-fanout_f32_l16-merkle-r0,8b0120eec21a7c8d83cff4cc843a71516a87ebaaa3637375b282186bb7e78811,merkle,audit_merkle_verify_ms,30306.848
size-scaling-k75-c300-n10000000-f32-k75-c300-fanout_f32_l16-merkle-r0,8b0120eec21a7c8d83cff4cc843a71516a87ebaaa3637375b282186bb7e78811,merkle,audit_schema_fidelity_ms,2.157
size-scaling-k75-c300-n10000000-f32-k75-c300-fanout_f32_l16-merkle-r0,8b0120eec21a7c8d83cff4cc843a71516a87ebaaa3637375b282186bb7e78811,merkle,merkle_total_ms,71590.823
size-scaling-k75-c300-n10000000-f32-k75-c300-fanout_f32_l16-merkle-r1,8b0120eec21a7c8d83cff4cc843a71516a87ebaaa3637375b282186bb7e78811,merkle,tree_localisation_ms,190.703
size-scaling-k75-c300-n10000000-f32-k75-c300-fanout_f32_l16-merkle-r1,8b0120eec21a7c8d83cff4cc843a71516a87ebaaa3637375b282186bb7e78811,merkle,candidate_row_fetch_ms,16.584
size-scaling-k75-c300-n10000000-f32-k75-c300-fanout_f32_l16-merkle-r1,8b0120eec21a7c8d83cff4cc843a71516a87ebaaa3637375b282186bb7e78811,merkle,row_comparison_ms,0.547
size-scaling-k75-c300-n10000000-f32-k75-c300-fanout_f32_l16-merkle-r1,8b0120eec21a7c8d83cff4cc843a71516a87ebaaa3637375b282186bb7e78811,merkle,repair_sql_building_ms,0.581
size-scaling-k75-c300-n10000000-f32-k75-c300-fanout_f32_l16-merkle-r1,8b0120eec21a7c8d83cff4cc843a71516a87ebaaa3637375b282186bb7e78811,merkle,repair_dml_wire_ms,17.871
size-scaling-k75-c300-n10000000-f32-k75-c300-fanout_f32_l16-merkle-r1,8b0120eec21a7c8d83cff4cc843a71516a87ebaaa3637375b282186bb7e78811,merkle,repair_commit_wire_ms,8.902
size-scaling-k75-c300-n10000000-f32-k75-c300-fanout_f32_l16-merkle-r1,8b0120eec21a7c8d83cff4cc843a71516a87ebaaa3637375b282186bb7e78811,merkle,repair_begin_wire_ms,0.113
size-scaling-k75-c300-n10000000-f32-k75-c300-fanout_f32_l16-merkle-r1,8b0120eec21a7c8d83cff4cc843a71516a87ebaaa3637375b282186bb7e78811,merkle,repair_transaction_block_ms,27.523
size-scaling-k75-c300-n10000000-f32-k75-c300-fanout_f32_l16-merkle-r1,8b0120eec21a7c8d83cff4cc843a71516a87ebaaa3637375b282186bb7e78811,merkle,repair_write_ms,27.528
size-scaling-k75-c300-n10000000-f32-k75-c300-fanout_f32_l16-merkle-r1,8b0120eec21a7c8d83cff4cc843a71516a87ebaaa3637375b282186bb7e78811,merkle,targeted_post_repair_confirmation_ms,3.527
size-scaling-k75-c300-n10000000-f32-k75-c300-fanout_f32_l16-merkle-r1,8b0120eec21a7c8d83cff4cc843a71516a87ebaaa3637375b282186bb7e78811,merkle,recovery_observability_ms,0.001
size-scaling-k75-c300-n10000000-f32-k75-c300-fanout_f32_l16-merkle-r1,8b0120eec21a7c8d83cff4cc843a71516a87ebaaa3637375b282186bb7e78811,merkle,recovery_orchestration_ms,1.390
size-scaling-k75-c300-n10000000-f32-k75-c300-fanout_f32_l16-merkle-r1,8b0120eec21a7c8d83cff4cc843a71516a87ebaaa3637375b282186bb7e78811,merkle,audit_exact_table_compare_ms,35646.685
size-scaling-k75-c300-n10000000-f32-k75-c300-fanout_f32_l16-merkle-r1,8b0120eec21a7c8d83cff4cc843a71516a87ebaaa3637375b282186bb7e78811,merkle,audit_merkle_root_hash_ms,1.290
size-scaling-k75-c300-n10000000-f32-k75-c300-fanout_f32_l16-merkle-r1,8b0120eec21a7c8d83cff4cc843a71516a87ebaaa3637375b282186bb7e78811,merkle,audit_merkle_verify_ms,30557.599
size-scaling-k75-c300-n10000000-f32-k75-c300-fanout_f32_l16-merkle-r1,8b0120eec21a7c8d83cff4cc843a71516a87ebaaa3637375b282186bb7e78811,merkle,audit_schema_fidelity_ms,2.233
size-scaling-k75-c300-n10000000-f32-k75-c300-fanout_f32_l16-merkle-r1,8b0120eec21a7c8d83cff4cc843a71516a87ebaaa3637375b282186bb7e78811,merkle,merkle_total_ms,69174.550
size-scaling-k75-c300-n10000000-f32-k75-c300-fanout_f32_l16-merkle-r2,8b0120eec21a7c8d83cff4cc843a71516a87ebaaa3637375b282186bb7e78811,merkle,tree_localisation_ms,189.766
size-scaling-k75-c300-n10000000-f32-k75-c300-fanout_f32_l16-merkle-r2,8b0120eec21a7c8d83cff4cc843a71516a87ebaaa3637375b282186bb7e78811,merkle,candidate_row_fetch_ms,16.589
size-scaling-k75-c300-n10000000-f32-k75-c300-fanout_f32_l16-merkle-r2,8b0120eec21a7c8d83cff4cc843a71516a87ebaaa3637375b282186bb7e78811,merkle,row_comparison_ms,0.540
size-scaling-k75-c300-n10000000-f32-k75-c300-fanout_f32_l16-merkle-r2,8b0120eec21a7c8d83cff4cc843a71516a87ebaaa3637375b282186bb7e78811,merkle,repair_sql_building_ms,0.552
size-scaling-k75-c300-n10000000-f32-k75-c300-fanout_f32_l16-merkle-r2,8b0120eec21a7c8d83cff4cc843a71516a87ebaaa3637375b282186bb7e78811,merkle,repair_dml_wire_ms,17.804
size-scaling-k75-c300-n10000000-f32-k75-c300-fanout_f32_l16-merkle-r2,8b0120eec21a7c8d83cff4cc843a71516a87ebaaa3637375b282186bb7e78811,merkle,repair_commit_wire_ms,8.851
size-scaling-k75-c300-n10000000-f32-k75-c300-fanout_f32_l16-merkle-r2,8b0120eec21a7c8d83cff4cc843a71516a87ebaaa3637375b282186bb7e78811,merkle,repair_begin_wire_ms,0.113
size-scaling-k75-c300-n10000000-f32-k75-c300-fanout_f32_l16-merkle-r2,8b0120eec21a7c8d83cff4cc843a71516a87ebaaa3637375b282186bb7e78811,merkle,repair_transaction_block_ms,27.374
size-scaling-k75-c300-n10000000-f32-k75-c300-fanout_f32_l16-merkle-r2,8b0120eec21a7c8d83cff4cc843a71516a87ebaaa3637375b282186bb7e78811,merkle,repair_write_ms,27.378
size-scaling-k75-c300-n10000000-f32-k75-c300-fanout_f32_l16-merkle-r2,8b0120eec21a7c8d83cff4cc843a71516a87ebaaa3637375b282186bb7e78811,merkle,targeted_post_repair_confirmation_ms,3.542
size-scaling-k75-c300-n10000000-f32-k75-c300-fanout_f32_l16-merkle-r2,8b0120eec21a7c8d83cff4cc843a71516a87ebaaa3637375b282186bb7e78811,merkle,recovery_observability_ms,0.001
size-scaling-k75-c300-n10000000-f32-k75-c300-fanout_f32_l16-merkle-r2,8b0120eec21a7c8d83cff4cc843a71516a87ebaaa3637375b282186bb7e78811,merkle,recovery_orchestration_ms,1.405
size-scaling-k75-c300-n10000000-f32-k75-c300-fanout_f32_l16-merkle-r2,8b0120eec21a7c8d83cff4cc843a71516a87ebaaa3637375b282186bb7e78811,merkle,audit_exact_table_compare_ms,35538.552
size-scaling-k75-c300-n10000000-f32-k75-c300-fanout_f32_l16-merkle-r2,8b0120eec21a7c8d83cff4cc843a71516a87ebaaa3637375b282186bb7e78811,merkle,audit_merkle_root_hash_ms,1.288
size-scaling-k75-c300-n10000000-f32-k75-c300-fanout_f32_l16-merkle-r2,8b0120eec21a7c8d83cff4cc843a71516a87ebaaa3637375b282186bb7e78811,merkle,audit_merkle_verify_ms,30271.244
size-scaling-k75-c300-n10000000-f32-k75-c300-fanout_f32_l16-merkle-r2,8b0120eec21a7c8d83cff4cc843a71516a87ebaaa3637375b282186bb7e78811,merkle,audit_schema_fidelity_ms,2.173
size-scaling-k75-c300-n10000000-f32-k75-c300-fanout_f32_l16-merkle-r2,8b0120eec21a7c8d83cff4cc843a71516a87ebaaa3637375b282186bb7e78811,merkle,merkle_total_ms,68779.065
size-scaling-k75-c300-n10000000-f32-k75-c300-fanout_f32_l16-merkle-r3,8b0120eec21a7c8d83cff4cc843a71516a87ebaaa3637375b282186bb7e78811,merkle,tree_localisation_ms,193.167
size-scaling-k75-c300-n10000000-f32-k75-c300-fanout_f32_l16-merkle-r3,8b0120eec21a7c8d83cff4cc843a71516a87ebaaa3637375b282186bb7e78811,merkle,candidate_row_fetch_ms,16.807
size-scaling-k75-c300-n10000000-f32-k75-c300-fanout_f32_l16-merkle-r3,8b0120eec21a7c8d83cff4cc843a71516a87ebaaa3637375b282186bb7e78811,merkle,row_comparison_ms,0.540
size-scaling-k75-c300-n10000000-f32-k75-c300-fanout_f32_l16-merkle-r3,8b0120eec21a7c8d83cff4cc843a71516a87ebaaa3637375b282186bb7e78811,merkle,repair_sql_building_ms,0.554
size-scaling-k75-c300-n10000000-f32-k75-c300-fanout_f32_l16-merkle-r3,8b0120eec21a7c8d83cff4cc843a71516a87ebaaa3637375b282186bb7e78811,merkle,repair_dml_wire_ms,17.604
size-scaling-k75-c300-n10000000-f32-k75-c300-fanout_f32_l16-merkle-r3,8b0120eec21a7c8d83cff4cc843a71516a87ebaaa3637375b282186bb7e78811,merkle,repair_commit_wire_ms,8.927
size-scaling-k75-c300-n10000000-f32-k75-c300-fanout_f32_l16-merkle-r3,8b0120eec21a7c8d83cff4cc843a71516a87ebaaa3637375b282186bb7e78811,merkle,repair_begin_wire_ms,0.113
size-scaling-k75-c300-n10000000-f32-k75-c300-fanout_f32_l16-merkle-r3,8b0120eec21a7c8d83cff4cc843a71516a87ebaaa3637375b282186bb7e78811,merkle,repair_transaction_block_ms,27.255
size-scaling-k75-c300-n10000000-f32-k75-c300-fanout_f32_l16-merkle-r3,8b0120eec21a7c8d83cff4cc843a71516a87ebaaa3637375b282186bb7e78811,merkle,repair_write_ms,27.260
size-scaling-k75-c300-n10000000-f32-k75-c300-fanout_f32_l16-merkle-r3,8b0120eec21a7c8d83cff4cc843a71516a87ebaaa3637375b282186bb7e78811,merkle,targeted_post_repair_confirmation_ms,3.526
size-scaling-k75-c300-n10000000-f32-k75-c300-fanout_f32_l16-merkle-r3,8b0120eec21a7c8d83cff4cc843a71516a87ebaaa3637375b282186bb7e78811,merkle,recovery_observability_ms,0.001
size-scaling-k75-c300-n10000000-f32-k75-c300-fanout_f32_l16-merkle-r3,8b0120eec21a7c8d83cff4cc843a71516a87ebaaa3637375b282186bb7e78811,merkle,recovery_orchestration_ms,1.531
size-scaling-k75-c300-n10000000-f32-k75-c300-fanout_f32_l16-merkle-r3,8b0120eec21a7c8d83cff4cc843a71516a87ebaaa3637375b282186bb7e78811,merkle,audit_exact_table_compare_ms,35624.303
size-scaling-k75-c300-n10000000-f32-k75-c300-fanout_f32_l16-merkle-r3,8b0120eec21a7c8d83cff4cc843a71516a87ebaaa3637375b282186bb7e78811,merkle,audit_merkle_root_hash_ms,1.286
size-scaling-k75-c300-n10000000-f32-k75-c300-fanout_f32_l16-merkle-r3,8b0120eec21a7c8d83cff4cc843a71516a87ebaaa3637375b282186bb7e78811,merkle,audit_merkle_verify_ms,30451.297
size-scaling-k75-c300-n10000000-f32-k75-c300-fanout_f32_l16-merkle-r3,8b0120eec21a7c8d83cff4cc843a71516a87ebaaa3637375b282186bb7e78811,merkle,audit_schema_fidelity_ms,2.187
size-scaling-k75-c300-n10000000-f32-k75-c300-fanout_f32_l16-merkle-r3,8b0120eec21a7c8d83cff4cc843a71516a87ebaaa3637375b282186bb7e78811,merkle,merkle_total_ms,69047.624
size-scaling-k75-c300-n10000000-f32-k75-c300-fanout_f32_l16-merkle-r4,8b0120eec21a7c8d83cff4cc843a71516a87ebaaa3637375b282186bb7e78811,merkle,tree_localisation_ms,185.282
size-scaling-k75-c300-n10000000-f32-k75-c300-fanout_f32_l16-merkle-r4,8b0120eec21a7c8d83cff4cc843a71516a87ebaaa3637375b282186bb7e78811,merkle,candidate_row_fetch_ms,16.894
size-scaling-k75-c300-n10000000-f32-k75-c300-fanout_f32_l16-merkle-r4,8b0120eec21a7c8d83cff4cc843a71516a87ebaaa3637375b282186bb7e78811,merkle,row_comparison_ms,0.533
size-scaling-k75-c300-n10000000-f32-k75-c300-fanout_f32_l16-merkle-r4,8b0120eec21a7c8d83cff4cc843a71516a87ebaaa3637375b282186bb7e78811,merkle,repair_sql_building_ms,0.547
size-scaling-k75-c300-n10000000-f32-k75-c300-fanout_f32_l16-merkle-r4,8b0120eec21a7c8d83cff4cc843a71516a87ebaaa3637375b282186bb7e78811,merkle,repair_dml_wire_ms,17.592
size-scaling-k75-c300-n10000000-f32-k75-c300-fanout_f32_l16-merkle-r4,8b0120eec21a7c8d83cff4cc843a71516a87ebaaa3637375b282186bb7e78811,merkle,repair_commit_wire_ms,8.915
size-scaling-k75-c300-n10000000-f32-k75-c300-fanout_f32_l16-merkle-r4,8b0120eec21a7c8d83cff4cc843a71516a87ebaaa3637375b282186bb7e78811,merkle,repair_begin_wire_ms,0.132
size-scaling-k75-c300-n10000000-f32-k75-c300-fanout_f32_l16-merkle-r4,8b0120eec21a7c8d83cff4cc843a71516a87ebaaa3637375b282186bb7e78811,merkle,repair_transaction_block_ms,27.241
size-scaling-k75-c300-n10000000-f32-k75-c300-fanout_f32_l16-merkle-r4,8b0120eec21a7c8d83cff4cc843a71516a87ebaaa3637375b282186bb7e78811,merkle,repair_write_ms,27.245
size-scaling-k75-c300-n10000000-f32-k75-c300-fanout_f32_l16-merkle-r4,8b0120eec21a7c8d83cff4cc843a71516a87ebaaa3637375b282186bb7e78811,merkle,targeted_post_repair_confirmation_ms,3.529
size-scaling-k75-c300-n10000000-f32-k75-c300-fanout_f32_l16-merkle-r4,8b0120eec21a7c8d83cff4cc843a71516a87ebaaa3637375b282186bb7e78811,merkle,recovery_observability_ms,0.001
size-scaling-k75-c300-n10000000-f32-k75-c300-fanout_f32_l16-merkle-r4,8b0120eec21a7c8d83cff4cc843a71516a87ebaaa3637375b282186bb7e78811,merkle,recovery_orchestration_ms,1.367
size-scaling-k75-c300-n10000000-f32-k75-c300-fanout_f32_l16-merkle-r4,8b0120eec21a7c8d83cff4cc843a71516a87ebaaa3637375b282186bb7e78811,merkle,audit_exact_table_compare_ms,35357.702
size-scaling-k75-c300-n10000000-f32-k75-c300-fanout_f32_l16-merkle-r4,8b0120eec21a7c8d83cff4cc843a71516a87ebaaa3637375b282186bb7e78811,merkle,audit_merkle_root_hash_ms,1.289
size-scaling-k75-c300-n10000000-f32-k75-c300-fanout_f32_l16-merkle-r4,8b0120eec21a7c8d83cff4cc843a71516a87ebaaa3637375b282186bb7e78811,merkle,audit_merkle_verify_ms,30321.240
size-scaling-k75-c300-n10000000-f32-k75-c300-fanout_f32_l16-merkle-r4,8b0120eec21a7c8d83cff4cc843a71516a87ebaaa3637375b282186bb7e78811,merkle,audit_schema_fidelity_ms,2.050
size-scaling-k75-c300-n10000000-f32-k75-c300-fanout_f32_l16-merkle-r4,8b0120eec21a7c8d83cff4cc843a71516a87ebaaa3637375b282186bb7e78811,merkle,merkle_total_ms,68644.086
size-scaling-k75-c300-n10000000-f32-k75-c300-fanout_f32_l16-merkle-r5,8b0120eec21a7c8d83cff4cc843a71516a87ebaaa3637375b282186bb7e78811,merkle,tree_localisation_ms,182.658
size-scaling-k75-c300-n10000000-f32-k75-c300-fanout_f32_l16-merkle-r5,8b0120eec21a7c8d83cff4cc843a71516a87ebaaa3637375b282186bb7e78811,merkle,candidate_row_fetch_ms,16.985
size-scaling-k75-c300-n10000000-f32-k75-c300-fanout_f32_l16-merkle-r5,8b0120eec21a7c8d83cff4cc843a71516a87ebaaa3637375b282186bb7e78811,merkle,row_comparison_ms,0.554
size-scaling-k75-c300-n10000000-f32-k75-c300-fanout_f32_l16-merkle-r5,8b0120eec21a7c8d83cff4cc843a71516a87ebaaa3637375b282186bb7e78811,merkle,repair_sql_building_ms,0.545
size-scaling-k75-c300-n10000000-f32-k75-c300-fanout_f32_l16-merkle-r5,8b0120eec21a7c8d83cff4cc843a71516a87ebaaa3637375b282186bb7e78811,merkle,repair_dml_wire_ms,16.890
size-scaling-k75-c300-n10000000-f32-k75-c300-fanout_f32_l16-merkle-r5,8b0120eec21a7c8d83cff4cc843a71516a87ebaaa3637375b282186bb7e78811,merkle,repair_commit_wire_ms,8.854
size-scaling-k75-c300-n10000000-f32-k75-c300-fanout_f32_l16-merkle-r5,8b0120eec21a7c8d83cff4cc843a71516a87ebaaa3637375b282186bb7e78811,merkle,repair_begin_wire_ms,0.110
size-scaling-k75-c300-n10000000-f32-k75-c300-fanout_f32_l16-merkle-r5,8b0120eec21a7c8d83cff4cc843a71516a87ebaaa3637375b282186bb7e78811,merkle,repair_transaction_block_ms,26.452
size-scaling-k75-c300-n10000000-f32-k75-c300-fanout_f32_l16-merkle-r5,8b0120eec21a7c8d83cff4cc843a71516a87ebaaa3637375b282186bb7e78811,merkle,repair_write_ms,26.457
size-scaling-k75-c300-n10000000-f32-k75-c300-fanout_f32_l16-merkle-r5,8b0120eec21a7c8d83cff4cc843a71516a87ebaaa3637375b282186bb7e78811,merkle,targeted_post_repair_confirmation_ms,3.538
size-scaling-k75-c300-n10000000-f32-k75-c300-fanout_f32_l16-merkle-r5,8b0120eec21a7c8d83cff4cc843a71516a87ebaaa3637375b282186bb7e78811,merkle,recovery_observability_ms,0.001
size-scaling-k75-c300-n10000000-f32-k75-c300-fanout_f32_l16-merkle-r5,8b0120eec21a7c8d83cff4cc843a71516a87ebaaa3637375b282186bb7e78811,merkle,recovery_orchestration_ms,1.394
size-scaling-k75-c300-n10000000-f32-k75-c300-fanout_f32_l16-merkle-r5,8b0120eec21a7c8d83cff4cc843a71516a87ebaaa3637375b282186bb7e78811,merkle,audit_exact_table_compare_ms,35451.254
size-scaling-k75-c300-n10000000-f32-k75-c300-fanout_f32_l16-merkle-r5,8b0120eec21a7c8d83cff4cc843a71516a87ebaaa3637375b282186bb7e78811,merkle,audit_merkle_root_hash_ms,1.339
size-scaling-k75-c300-n10000000-f32-k75-c300-fanout_f32_l16-merkle-r5,8b0120eec21a7c8d83cff4cc843a71516a87ebaaa3637375b282186bb7e78811,merkle,audit_merkle_verify_ms,30208.901
size-scaling-k75-c300-n10000000-f32-k75-c300-fanout_f32_l16-merkle-r5,8b0120eec21a7c8d83cff4cc843a71516a87ebaaa3637375b282186bb7e78811,merkle,audit_schema_fidelity_ms,2.031
size-scaling-k75-c300-n10000000-f32-k75-c300-fanout_f32_l16-merkle-r5,8b0120eec21a7c8d83cff4cc843a71516a87ebaaa3637375b282186bb7e78811,merkle,merkle_total_ms,68673.257
size-scaling-k75-c300-n10000000-f32-k75-c300-fanout_f32_l16-merkle-r6,8b0120eec21a7c8d83cff4cc843a71516a87ebaaa3637375b282186bb7e78811,merkle,tree_localisation_ms,181.114
size-scaling-k75-c300-n10000000-f32-k75-c300-fanout_f32_l16-merkle-r6,8b0120eec21a7c8d83cff4cc843a71516a87ebaaa3637375b282186bb7e78811,merkle,candidate_row_fetch_ms,17.237
size-scaling-k75-c300-n10000000-f32-k75-c300-fanout_f32_l16-merkle-r6,8b0120eec21a7c8d83cff4cc843a71516a87ebaaa3637375b282186bb7e78811,merkle,row_comparison_ms,0.563
size-scaling-k75-c300-n10000000-f32-k75-c300-fanout_f32_l16-merkle-r6,8b0120eec21a7c8d83cff4cc843a71516a87ebaaa3637375b282186bb7e78811,merkle,repair_sql_building_ms,0.566
size-scaling-k75-c300-n10000000-f32-k75-c300-fanout_f32_l16-merkle-r6,8b0120eec21a7c8d83cff4cc843a71516a87ebaaa3637375b282186bb7e78811,merkle,repair_dml_wire_ms,17.038
size-scaling-k75-c300-n10000000-f32-k75-c300-fanout_f32_l16-merkle-r6,8b0120eec21a7c8d83cff4cc843a71516a87ebaaa3637375b282186bb7e78811,merkle,repair_commit_wire_ms,8.882
size-scaling-k75-c300-n10000000-f32-k75-c300-fanout_f32_l16-merkle-r6,8b0120eec21a7c8d83cff4cc843a71516a87ebaaa3637375b282186bb7e78811,merkle,repair_begin_wire_ms,0.132
size-scaling-k75-c300-n10000000-f32-k75-c300-fanout_f32_l16-merkle-r6,8b0120eec21a7c8d83cff4cc843a71516a87ebaaa3637375b282186bb7e78811,merkle,repair_transaction_block_ms,26.690
size-scaling-k75-c300-n10000000-f32-k75-c300-fanout_f32_l16-merkle-r6,8b0120eec21a7c8d83cff4cc843a71516a87ebaaa3637375b282186bb7e78811,merkle,repair_write_ms,26.695
size-scaling-k75-c300-n10000000-f32-k75-c300-fanout_f32_l16-merkle-r6,8b0120eec21a7c8d83cff4cc843a71516a87ebaaa3637375b282186bb7e78811,merkle,targeted_post_repair_confirmation_ms,3.499
size-scaling-k75-c300-n10000000-f32-k75-c300-fanout_f32_l16-merkle-r6,8b0120eec21a7c8d83cff4cc843a71516a87ebaaa3637375b282186bb7e78811,merkle,recovery_observability_ms,0.001
size-scaling-k75-c300-n10000000-f32-k75-c300-fanout_f32_l16-merkle-r6,8b0120eec21a7c8d83cff4cc843a71516a87ebaaa3637375b282186bb7e78811,merkle,recovery_orchestration_ms,1.407
size-scaling-k75-c300-n10000000-f32-k75-c300-fanout_f32_l16-merkle-r6,8b0120eec21a7c8d83cff4cc843a71516a87ebaaa3637375b282186bb7e78811,merkle,audit_exact_table_compare_ms,36287.810
size-scaling-k75-c300-n10000000-f32-k75-c300-fanout_f32_l16-merkle-r6,8b0120eec21a7c8d83cff4cc843a71516a87ebaaa3637375b282186bb7e78811,merkle,audit_merkle_root_hash_ms,1.266
size-scaling-k75-c300-n10000000-f32-k75-c300-fanout_f32_l16-merkle-r6,8b0120eec21a7c8d83cff4cc843a71516a87ebaaa3637375b282186bb7e78811,merkle,audit_merkle_verify_ms,30320.435
size-scaling-k75-c300-n10000000-f32-k75-c300-fanout_f32_l16-merkle-r6,8b0120eec21a7c8d83cff4cc843a71516a87ebaaa3637375b282186bb7e78811,merkle,audit_schema_fidelity_ms,2.045
size-scaling-k75-c300-n10000000-f32-k75-c300-fanout_f32_l16-merkle-r6,8b0120eec21a7c8d83cff4cc843a71516a87ebaaa3637375b282186bb7e78811,merkle,merkle_total_ms,69619.671
size-scaling-k75-c300-n10000000-f32-k75-c300-fanout_f32_l16-merkle-r7,8b0120eec21a7c8d83cff4cc843a71516a87ebaaa3637375b282186bb7e78811,merkle,tree_localisation_ms,173.531
size-scaling-k75-c300-n10000000-f32-k75-c300-fanout_f32_l16-merkle-r7,8b0120eec21a7c8d83cff4cc843a71516a87ebaaa3637375b282186bb7e78811,merkle,candidate_row_fetch_ms,17.254
size-scaling-k75-c300-n10000000-f32-k75-c300-fanout_f32_l16-merkle-r7,8b0120eec21a7c8d83cff4cc843a71516a87ebaaa3637375b282186bb7e78811,merkle,row_comparison_ms,0.539
size-scaling-k75-c300-n10000000-f32-k75-c300-fanout_f32_l16-merkle-r7,8b0120eec21a7c8d83cff4cc843a71516a87ebaaa3637375b282186bb7e78811,merkle,repair_sql_building_ms,0.574
size-scaling-k75-c300-n10000000-f32-k75-c300-fanout_f32_l16-merkle-r7,8b0120eec21a7c8d83cff4cc843a71516a87ebaaa3637375b282186bb7e78811,merkle,repair_dml_wire_ms,16.954
size-scaling-k75-c300-n10000000-f32-k75-c300-fanout_f32_l16-merkle-r7,8b0120eec21a7c8d83cff4cc843a71516a87ebaaa3637375b282186bb7e78811,merkle,repair_commit_wire_ms,8.860
size-scaling-k75-c300-n10000000-f32-k75-c300-fanout_f32_l16-merkle-r7,8b0120eec21a7c8d83cff4cc843a71516a87ebaaa3637375b282186bb7e78811,merkle,repair_begin_wire_ms,0.113
size-scaling-k75-c300-n10000000-f32-k75-c300-fanout_f32_l16-merkle-r7,8b0120eec21a7c8d83cff4cc843a71516a87ebaaa3637375b282186bb7e78811,merkle,repair_transaction_block_ms,26.555
size-scaling-k75-c300-n10000000-f32-k75-c300-fanout_f32_l16-merkle-r7,8b0120eec21a7c8d83cff4cc843a71516a87ebaaa3637375b282186bb7e78811,merkle,repair_write_ms,26.560
size-scaling-k75-c300-n10000000-f32-k75-c300-fanout_f32_l16-merkle-r7,8b0120eec21a7c8d83cff4cc843a71516a87ebaaa3637375b282186bb7e78811,merkle,targeted_post_repair_confirmation_ms,3.531
size-scaling-k75-c300-n10000000-f32-k75-c300-fanout_f32_l16-merkle-r7,8b0120eec21a7c8d83cff4cc843a71516a87ebaaa3637375b282186bb7e78811,merkle,recovery_observability_ms,0.001
size-scaling-k75-c300-n10000000-f32-k75-c300-fanout_f32_l16-merkle-r7,8b0120eec21a7c8d83cff4cc843a71516a87ebaaa3637375b282186bb7e78811,merkle,recovery_orchestration_ms,1.372
size-scaling-k75-c300-n10000000-f32-k75-c300-fanout_f32_l16-merkle-r7,8b0120eec21a7c8d83cff4cc843a71516a87ebaaa3637375b282186bb7e78811,merkle,audit_exact_table_compare_ms,35566.494
size-scaling-k75-c300-n10000000-f32-k75-c300-fanout_f32_l16-merkle-r7,8b0120eec21a7c8d83cff4cc843a71516a87ebaaa3637375b282186bb7e78811,merkle,audit_merkle_root_hash_ms,1.263
size-scaling-k75-c300-n10000000-f32-k75-c300-fanout_f32_l16-merkle-r7,8b0120eec21a7c8d83cff4cc843a71516a87ebaaa3637375b282186bb7e78811,merkle,audit_merkle_verify_ms,30102.176
size-scaling-k75-c300-n10000000-f32-k75-c300-fanout_f32_l16-merkle-r7,8b0120eec21a7c8d83cff4cc843a71516a87ebaaa3637375b282186bb7e78811,merkle,audit_schema_fidelity_ms,2.201
size-scaling-k75-c300-n10000000-f32-k75-c300-fanout_f32_l16-merkle-r7,8b0120eec21a7c8d83cff4cc843a71516a87ebaaa3637375b282186bb7e78811,merkle,merkle_total_ms,68671.372
size-scaling-k75-c300-n10000000-f32-k75-c300-fanout_f32_l16-merkle-r8,8b0120eec21a7c8d83cff4cc843a71516a87ebaaa3637375b282186bb7e78811,merkle,tree_localisation_ms,182.063
size-scaling-k75-c300-n10000000-f32-k75-c300-fanout_f32_l16-merkle-r8,8b0120eec21a7c8d83cff4cc843a71516a87ebaaa3637375b282186bb7e78811,merkle,candidate_row_fetch_ms,17.406
size-scaling-k75-c300-n10000000-f32-k75-c300-fanout_f32_l16-merkle-r8,8b0120eec21a7c8d83cff4cc843a71516a87ebaaa3637375b282186bb7e78811,merkle,row_comparison_ms,0.546
size-scaling-k75-c300-n10000000-f32-k75-c300-fanout_f32_l16-merkle-r8,8b0120eec21a7c8d83cff4cc843a71516a87ebaaa3637375b282186bb7e78811,merkle,repair_sql_building_ms,0.567
size-scaling-k75-c300-n10000000-f32-k75-c300-fanout_f32_l16-merkle-r8,8b0120eec21a7c8d83cff4cc843a71516a87ebaaa3637375b282186bb7e78811,merkle,repair_dml_wire_ms,16.788
size-scaling-k75-c300-n10000000-f32-k75-c300-fanout_f32_l16-merkle-r8,8b0120eec21a7c8d83cff4cc843a71516a87ebaaa3637375b282186bb7e78811,merkle,repair_commit_wire_ms,8.877
size-scaling-k75-c300-n10000000-f32-k75-c300-fanout_f32_l16-merkle-r8,8b0120eec21a7c8d83cff4cc843a71516a87ebaaa3637375b282186bb7e78811,merkle,repair_begin_wire_ms,0.113
size-scaling-k75-c300-n10000000-f32-k75-c300-fanout_f32_l16-merkle-r8,8b0120eec21a7c8d83cff4cc843a71516a87ebaaa3637375b282186bb7e78811,merkle,repair_transaction_block_ms,26.400
size-scaling-k75-c300-n10000000-f32-k75-c300-fanout_f32_l16-merkle-r8,8b0120eec21a7c8d83cff4cc843a71516a87ebaaa3637375b282186bb7e78811,merkle,repair_write_ms,26.404
size-scaling-k75-c300-n10000000-f32-k75-c300-fanout_f32_l16-merkle-r8,8b0120eec21a7c8d83cff4cc843a71516a87ebaaa3637375b282186bb7e78811,merkle,targeted_post_repair_confirmation_ms,3.517
size-scaling-k75-c300-n10000000-f32-k75-c300-fanout_f32_l16-merkle-r8,8b0120eec21a7c8d83cff4cc843a71516a87ebaaa3637375b282186bb7e78811,merkle,recovery_observability_ms,0.001
size-scaling-k75-c300-n10000000-f32-k75-c300-fanout_f32_l16-merkle-r8,8b0120eec21a7c8d83cff4cc843a71516a87ebaaa3637375b282186bb7e78811,merkle,recovery_orchestration_ms,1.410
size-scaling-k75-c300-n10000000-f32-k75-c300-fanout_f32_l16-merkle-r8,8b0120eec21a7c8d83cff4cc843a71516a87ebaaa3637375b282186bb7e78811,merkle,audit_exact_table_compare_ms,35549.622
size-scaling-k75-c300-n10000000-f32-k75-c300-fanout_f32_l16-merkle-r8,8b0120eec21a7c8d83cff4cc843a71516a87ebaaa3637375b282186bb7e78811,merkle,audit_merkle_root_hash_ms,1.287
size-scaling-k75-c300-n10000000-f32-k75-c300-fanout_f32_l16-merkle-r8,8b0120eec21a7c8d83cff4cc843a71516a87ebaaa3637375b282186bb7e78811,merkle,audit_merkle_verify_ms,30476.760
size-scaling-k75-c300-n10000000-f32-k75-c300-fanout_f32_l16-merkle-r8,8b0120eec21a7c8d83cff4cc843a71516a87ebaaa3637375b282186bb7e78811,merkle,audit_schema_fidelity_ms,2.212
size-scaling-k75-c300-n10000000-f32-k75-c300-fanout_f32_l16-merkle-r8,8b0120eec21a7c8d83cff4cc843a71516a87ebaaa3637375b282186bb7e78811,merkle,merkle_total_ms,69037.933
size-scaling-k75-c300-n10000000-f32-k75-c300-fanout_f32_l16-merkle-r9,8b0120eec21a7c8d83cff4cc843a71516a87ebaaa3637375b282186bb7e78811,merkle,tree_localisation_ms,192.474
size-scaling-k75-c300-n10000000-f32-k75-c300-fanout_f32_l16-merkle-r9,8b0120eec21a7c8d83cff4cc843a71516a87ebaaa3637375b282186bb7e78811,merkle,candidate_row_fetch_ms,17.755
size-scaling-k75-c300-n10000000-f32-k75-c300-fanout_f32_l16-merkle-r9,8b0120eec21a7c8d83cff4cc843a71516a87ebaaa3637375b282186bb7e78811,merkle,row_comparison_ms,0.546
size-scaling-k75-c300-n10000000-f32-k75-c300-fanout_f32_l16-merkle-r9,8b0120eec21a7c8d83cff4cc843a71516a87ebaaa3637375b282186bb7e78811,merkle,repair_sql_building_ms,0.577
size-scaling-k75-c300-n10000000-f32-k75-c300-fanout_f32_l16-merkle-r9,8b0120eec21a7c8d83cff4cc843a71516a87ebaaa3637375b282186bb7e78811,merkle,repair_dml_wire_ms,17.043
size-scaling-k75-c300-n10000000-f32-k75-c300-fanout_f32_l16-merkle-r9,8b0120eec21a7c8d83cff4cc843a71516a87ebaaa3637375b282186bb7e78811,merkle,repair_commit_wire_ms,8.836
size-scaling-k75-c300-n10000000-f32-k75-c300-fanout_f32_l16-merkle-r9,8b0120eec21a7c8d83cff4cc843a71516a87ebaaa3637375b282186bb7e78811,merkle,repair_begin_wire_ms,0.113
size-scaling-k75-c300-n10000000-f32-k75-c300-fanout_f32_l16-merkle-r9,8b0120eec21a7c8d83cff4cc843a71516a87ebaaa3637375b282186bb7e78811,merkle,repair_transaction_block_ms,26.623
size-scaling-k75-c300-n10000000-f32-k75-c300-fanout_f32_l16-merkle-r9,8b0120eec21a7c8d83cff4cc843a71516a87ebaaa3637375b282186bb7e78811,merkle,repair_write_ms,26.627
size-scaling-k75-c300-n10000000-f32-k75-c300-fanout_f32_l16-merkle-r9,8b0120eec21a7c8d83cff4cc843a71516a87ebaaa3637375b282186bb7e78811,merkle,targeted_post_repair_confirmation_ms,3.529
size-scaling-k75-c300-n10000000-f32-k75-c300-fanout_f32_l16-merkle-r9,8b0120eec21a7c8d83cff4cc843a71516a87ebaaa3637375b282186bb7e78811,merkle,recovery_observability_ms,0.001
size-scaling-k75-c300-n10000000-f32-k75-c300-fanout_f32_l16-merkle-r9,8b0120eec21a7c8d83cff4cc843a71516a87ebaaa3637375b282186bb7e78811,merkle,recovery_orchestration_ms,1.368
size-scaling-k75-c300-n10000000-f32-k75-c300-fanout_f32_l16-merkle-r9,8b0120eec21a7c8d83cff4cc843a71516a87ebaaa3637375b282186bb7e78811,merkle,audit_exact_table_compare_ms,35540.600
size-scaling-k75-c300-n10000000-f32-k75-c300-fanout_f32_l16-merkle-r9,8b0120eec21a7c8d83cff4cc843a71516a87ebaaa3637375b282186bb7e78811,merkle,audit_merkle_root_hash_ms,1.179
size-scaling-k75-c300-n10000000-f32-k75-c300-fanout_f32_l16-merkle-r9,8b0120eec21a7c8d83cff4cc843a71516a87ebaaa3637375b282186bb7e78811,merkle,audit_merkle_verify_ms,31124.766
size-scaling-k75-c300-n10000000-f32-k75-c300-fanout_f32_l16-merkle-r9,8b0120eec21a7c8d83cff4cc843a71516a87ebaaa3637375b282186bb7e78811,merkle,audit_schema_fidelity_ms,2.036
size-scaling-k75-c300-n10000000-f32-k75-c300-fanout_f32_l16-merkle-r9,8b0120eec21a7c8d83cff4cc843a71516a87ebaaa3637375b282186bb7e78811,merkle,merkle_total_ms,69637.534
size-scaling-k75-c300-n50000000-f32-k75-c300-fanout_f32_l16-merkle-r0,a23551d878d5e5f5baa48238ee4626b244407f5119bf0c50c8b87785f0b1449a,merkle,tree_localisation_ms,178.610
size-scaling-k75-c300-n50000000-f32-k75-c300-fanout_f32_l16-merkle-r0,a23551d878d5e5f5baa48238ee4626b244407f5119bf0c50c8b87785f0b1449a,merkle,candidate_row_fetch_ms,23.584
size-scaling-k75-c300-n50000000-f32-k75-c300-fanout_f32_l16-merkle-r0,a23551d878d5e5f5baa48238ee4626b244407f5119bf0c50c8b87785f0b1449a,merkle,row_comparison_ms,0.882
size-scaling-k75-c300-n50000000-f32-k75-c300-fanout_f32_l16-merkle-r0,a23551d878d5e5f5baa48238ee4626b244407f5119bf0c50c8b87785f0b1449a,merkle,repair_sql_building_ms,0.585
size-scaling-k75-c300-n50000000-f32-k75-c300-fanout_f32_l16-merkle-r0,a23551d878d5e5f5baa48238ee4626b244407f5119bf0c50c8b87785f0b1449a,merkle,repair_dml_wire_ms,18.027
size-scaling-k75-c300-n50000000-f32-k75-c300-fanout_f32_l16-merkle-r0,a23551d878d5e5f5baa48238ee4626b244407f5119bf0c50c8b87785f0b1449a,merkle,repair_commit_wire_ms,7.543
size-scaling-k75-c300-n50000000-f32-k75-c300-fanout_f32_l16-merkle-r0,a23551d878d5e5f5baa48238ee4626b244407f5119bf0c50c8b87785f0b1449a,merkle,repair_begin_wire_ms,0.120
size-scaling-k75-c300-n50000000-f32-k75-c300-fanout_f32_l16-merkle-r0,a23551d878d5e5f5baa48238ee4626b244407f5119bf0c50c8b87785f0b1449a,merkle,repair_transaction_block_ms,26.335
size-scaling-k75-c300-n50000000-f32-k75-c300-fanout_f32_l16-merkle-r0,a23551d878d5e5f5baa48238ee4626b244407f5119bf0c50c8b87785f0b1449a,merkle,repair_write_ms,26.342
size-scaling-k75-c300-n50000000-f32-k75-c300-fanout_f32_l16-merkle-r0,a23551d878d5e5f5baa48238ee4626b244407f5119bf0c50c8b87785f0b1449a,merkle,targeted_post_repair_confirmation_ms,3.525
size-scaling-k75-c300-n50000000-f32-k75-c300-fanout_f32_l16-merkle-r0,a23551d878d5e5f5baa48238ee4626b244407f5119bf0c50c8b87785f0b1449a,merkle,recovery_observability_ms,0.001
size-scaling-k75-c300-n50000000-f32-k75-c300-fanout_f32_l16-merkle-r0,a23551d878d5e5f5baa48238ee4626b244407f5119bf0c50c8b87785f0b1449a,merkle,recovery_orchestration_ms,1.529
size-scaling-k75-c300-n50000000-f32-k75-c300-fanout_f32_l16-merkle-r0,a23551d878d5e5f5baa48238ee4626b244407f5119bf0c50c8b87785f0b1449a,merkle,audit_exact_table_compare_ms,175051.566
size-scaling-k75-c300-n50000000-f32-k75-c300-fanout_f32_l16-merkle-r0,a23551d878d5e5f5baa48238ee4626b244407f5119bf0c50c8b87785f0b1449a,merkle,audit_merkle_root_hash_ms,1.335
size-scaling-k75-c300-n50000000-f32-k75-c300-fanout_f32_l16-merkle-r0,a23551d878d5e5f5baa48238ee4626b244407f5119bf0c50c8b87785f0b1449a,merkle,audit_merkle_verify_ms,151256.787
size-scaling-k75-c300-n50000000-f32-k75-c300-fanout_f32_l16-merkle-r0,a23551d878d5e5f5baa48238ee4626b244407f5119bf0c50c8b87785f0b1449a,merkle,audit_schema_fidelity_ms,2.185
size-scaling-k75-c300-n50000000-f32-k75-c300-fanout_f32_l16-merkle-r0,a23551d878d5e5f5baa48238ee4626b244407f5119bf0c50c8b87785f0b1449a,merkle,merkle_total_ms,329324.058
size-scaling-k75-c300-n50000000-f32-k75-c300-fanout_f32_l16-merkle-r1,a23551d878d5e5f5baa48238ee4626b244407f5119bf0c50c8b87785f0b1449a,merkle,tree_localisation_ms,189.319
size-scaling-k75-c300-n50000000-f32-k75-c300-fanout_f32_l16-merkle-r1,a23551d878d5e5f5baa48238ee4626b244407f5119bf0c50c8b87785f0b1449a,merkle,candidate_row_fetch_ms,23.545
size-scaling-k75-c300-n50000000-f32-k75-c300-fanout_f32_l16-merkle-r1,a23551d878d5e5f5baa48238ee4626b244407f5119bf0c50c8b87785f0b1449a,merkle,row_comparison_ms,0.879
size-scaling-k75-c300-n50000000-f32-k75-c300-fanout_f32_l16-merkle-r1,a23551d878d5e5f5baa48238ee4626b244407f5119bf0c50c8b87785f0b1449a,merkle,repair_sql_building_ms,0.583
size-scaling-k75-c300-n50000000-f32-k75-c300-fanout_f32_l16-merkle-r1,a23551d878d5e5f5baa48238ee4626b244407f5119bf0c50c8b87785f0b1449a,merkle,repair_dml_wire_ms,17.380
size-scaling-k75-c300-n50000000-f32-k75-c300-fanout_f32_l16-merkle-r1,a23551d878d5e5f5baa48238ee4626b244407f5119bf0c50c8b87785f0b1449a,merkle,repair_commit_wire_ms,7.487
size-scaling-k75-c300-n50000000-f32-k75-c300-fanout_f32_l16-merkle-r1,a23551d878d5e5f5baa48238ee4626b244407f5119bf0c50c8b87785f0b1449a,merkle,repair_begin_wire_ms,0.152
size-scaling-k75-c300-n50000000-f32-k75-c300-fanout_f32_l16-merkle-r1,a23551d878d5e5f5baa48238ee4626b244407f5119bf0c50c8b87785f0b1449a,merkle,repair_transaction_block_ms,25.661
size-scaling-k75-c300-n50000000-f32-k75-c300-fanout_f32_l16-merkle-r1,a23551d878d5e5f5baa48238ee4626b244407f5119bf0c50c8b87785f0b1449a,merkle,repair_write_ms,25.668
size-scaling-k75-c300-n50000000-f32-k75-c300-fanout_f32_l16-merkle-r1,a23551d878d5e5f5baa48238ee4626b244407f5119bf0c50c8b87785f0b1449a,merkle,targeted_post_repair_confirmation_ms,3.463
size-scaling-k75-c300-n50000000-f32-k75-c300-fanout_f32_l16-merkle-r1,a23551d878d5e5f5baa48238ee4626b244407f5119bf0c50c8b87785f0b1449a,merkle,recovery_observability_ms,0.001
size-scaling-k75-c300-n50000000-f32-k75-c300-fanout_f32_l16-merkle-r1,a23551d878d5e5f5baa48238ee4626b244407f5119bf0c50c8b87785f0b1449a,merkle,recovery_orchestration_ms,1.484
size-scaling-k75-c300-n50000000-f32-k75-c300-fanout_f32_l16-merkle-r1,a23551d878d5e5f5baa48238ee4626b244407f5119bf0c50c8b87785f0b1449a,merkle,audit_exact_table_compare_ms,174093.243
size-scaling-k75-c300-n50000000-f32-k75-c300-fanout_f32_l16-merkle-r1,a23551d878d5e5f5baa48238ee4626b244407f5119bf0c50c8b87785f0b1449a,merkle,audit_merkle_root_hash_ms,1.285
size-scaling-k75-c300-n50000000-f32-k75-c300-fanout_f32_l16-merkle-r1,a23551d878d5e5f5baa48238ee4626b244407f5119bf0c50c8b87785f0b1449a,merkle,audit_merkle_verify_ms,151207.568
size-scaling-k75-c300-n50000000-f32-k75-c300-fanout_f32_l16-merkle-r1,a23551d878d5e5f5baa48238ee4626b244407f5119bf0c50c8b87785f0b1449a,merkle,audit_schema_fidelity_ms,2.187
size-scaling-k75-c300-n50000000-f32-k75-c300-fanout_f32_l16-merkle-r1,a23551d878d5e5f5baa48238ee4626b244407f5119bf0c50c8b87785f0b1449a,merkle,merkle_total_ms,328275.467
size-scaling-k75-c300-n50000000-f32-k75-c300-fanout_f32_l16-merkle-r2,a23551d878d5e5f5baa48238ee4626b244407f5119bf0c50c8b87785f0b1449a,merkle,tree_localisation_ms,181.860
size-scaling-k75-c300-n50000000-f32-k75-c300-fanout_f32_l16-merkle-r2,a23551d878d5e5f5baa48238ee4626b244407f5119bf0c50c8b87785f0b1449a,merkle,candidate_row_fetch_ms,23.847
size-scaling-k75-c300-n50000000-f32-k75-c300-fanout_f32_l16-merkle-r2,a23551d878d5e5f5baa48238ee4626b244407f5119bf0c50c8b87785f0b1449a,merkle,row_comparison_ms,0.861
size-scaling-k75-c300-n50000000-f32-k75-c300-fanout_f32_l16-merkle-r2,a23551d878d5e5f5baa48238ee4626b244407f5119bf0c50c8b87785f0b1449a,merkle,repair_sql_building_ms,0.638
size-scaling-k75-c300-n50000000-f32-k75-c300-fanout_f32_l16-merkle-r2,a23551d878d5e5f5baa48238ee4626b244407f5119bf0c50c8b87785f0b1449a,merkle,repair_dml_wire_ms,27.970
size-scaling-k75-c300-n50000000-f32-k75-c300-fanout_f32_l16-merkle-r2,a23551d878d5e5f5baa48238ee4626b244407f5119bf0c50c8b87785f0b1449a,merkle,repair_commit_wire_ms,7.549
size-scaling-k75-c300-n50000000-f32-k75-c300-fanout_f32_l16-merkle-r2,a23551d878d5e5f5baa48238ee4626b244407f5119bf0c50c8b87785f0b1449a,merkle,repair_begin_wire_ms,0.115
size-scaling-k75-c300-n50000000-f32-k75-c300-fanout_f32_l16-merkle-r2,a23551d878d5e5f5baa48238ee4626b244407f5119bf0c50c8b87785f0b1449a,merkle,repair_transaction_block_ms,36.334
size-scaling-k75-c300-n50000000-f32-k75-c300-fanout_f32_l16-merkle-r2,a23551d878d5e5f5baa48238ee4626b244407f5119bf0c50c8b87785f0b1449a,merkle,repair_write_ms,36.339
size-scaling-k75-c300-n50000000-f32-k75-c300-fanout_f32_l16-merkle-r2,a23551d878d5e5f5baa48238ee4626b244407f5119bf0c50c8b87785f0b1449a,merkle,targeted_post_repair_confirmation_ms,3.515
size-scaling-k75-c300-n50000000-f32-k75-c300-fanout_f32_l16-merkle-r2,a23551d878d5e5f5baa48238ee4626b244407f5119bf0c50c8b87785f0b1449a,merkle,recovery_observability_ms,0.001
size-scaling-k75-c300-n50000000-f32-k75-c300-fanout_f32_l16-merkle-r2,a23551d878d5e5f5baa48238ee4626b244407f5119bf0c50c8b87785f0b1449a,merkle,recovery_orchestration_ms,1.514
size-scaling-k75-c300-n50000000-f32-k75-c300-fanout_f32_l16-merkle-r2,a23551d878d5e5f5baa48238ee4626b244407f5119bf0c50c8b87785f0b1449a,merkle,audit_exact_table_compare_ms,174203.256
size-scaling-k75-c300-n50000000-f32-k75-c300-fanout_f32_l16-merkle-r2,a23551d878d5e5f5baa48238ee4626b244407f5119bf0c50c8b87785f0b1449a,merkle,audit_merkle_root_hash_ms,1.220
size-scaling-k75-c300-n50000000-f32-k75-c300-fanout_f32_l16-merkle-r2,a23551d878d5e5f5baa48238ee4626b244407f5119bf0c50c8b87785f0b1449a,merkle,audit_merkle_verify_ms,151631.667
size-scaling-k75-c300-n50000000-f32-k75-c300-fanout_f32_l16-merkle-r2,a23551d878d5e5f5baa48238ee4626b244407f5119bf0c50c8b87785f0b1449a,merkle,audit_schema_fidelity_ms,2.162
size-scaling-k75-c300-n50000000-f32-k75-c300-fanout_f32_l16-merkle-r2,a23551d878d5e5f5baa48238ee4626b244407f5119bf0c50c8b87785f0b1449a,merkle,merkle_total_ms,328863.407
size-scaling-k75-c300-n50000000-f32-k75-c300-fanout_f32_l16-merkle-r3,a23551d878d5e5f5baa48238ee4626b244407f5119bf0c50c8b87785f0b1449a,merkle,tree_localisation_ms,178.327
size-scaling-k75-c300-n50000000-f32-k75-c300-fanout_f32_l16-merkle-r3,a23551d878d5e5f5baa48238ee4626b244407f5119bf0c50c8b87785f0b1449a,merkle,candidate_row_fetch_ms,24.135
size-scaling-k75-c300-n50000000-f32-k75-c300-fanout_f32_l16-merkle-r3,a23551d878d5e5f5baa48238ee4626b244407f5119bf0c50c8b87785f0b1449a,merkle,row_comparison_ms,0.882
size-scaling-k75-c300-n50000000-f32-k75-c300-fanout_f32_l16-merkle-r3,a23551d878d5e5f5baa48238ee4626b244407f5119bf0c50c8b87785f0b1449a,merkle,repair_sql_building_ms,0.588
size-scaling-k75-c300-n50000000-f32-k75-c300-fanout_f32_l16-merkle-r3,a23551d878d5e5f5baa48238ee4626b244407f5119bf0c50c8b87785f0b1449a,merkle,repair_dml_wire_ms,18.164
size-scaling-k75-c300-n50000000-f32-k75-c300-fanout_f32_l16-merkle-r3,a23551d878d5e5f5baa48238ee4626b244407f5119bf0c50c8b87785f0b1449a,merkle,repair_commit_wire_ms,7.535
size-scaling-k75-c300-n50000000-f32-k75-c300-fanout_f32_l16-merkle-r3,a23551d878d5e5f5baa48238ee4626b244407f5119bf0c50c8b87785f0b1449a,merkle,repair_begin_wire_ms,0.179
size-scaling-k75-c300-n50000000-f32-k75-c300-fanout_f32_l16-merkle-r3,a23551d878d5e5f5baa48238ee4626b244407f5119bf0c50c8b87785f0b1449a,merkle,repair_transaction_block_ms,26.523
size-scaling-k75-c300-n50000000-f32-k75-c300-fanout_f32_l16-merkle-r3,a23551d878d5e5f5baa48238ee4626b244407f5119bf0c50c8b87785f0b1449a,merkle,repair_write_ms,26.527
size-scaling-k75-c300-n50000000-f32-k75-c300-fanout_f32_l16-merkle-r3,a23551d878d5e5f5baa48238ee4626b244407f5119bf0c50c8b87785f0b1449a,merkle,targeted_post_repair_confirmation_ms,3.439
size-scaling-k75-c300-n50000000-f32-k75-c300-fanout_f32_l16-merkle-r3,a23551d878d5e5f5baa48238ee4626b244407f5119bf0c50c8b87785f0b1449a,merkle,recovery_observability_ms,0.001
size-scaling-k75-c300-n50000000-f32-k75-c300-fanout_f32_l16-merkle-r3,a23551d878d5e5f5baa48238ee4626b244407f5119bf0c50c8b87785f0b1449a,merkle,recovery_orchestration_ms,1.497
size-scaling-k75-c300-n50000000-f32-k75-c300-fanout_f32_l16-merkle-r3,a23551d878d5e5f5baa48238ee4626b244407f5119bf0c50c8b87785f0b1449a,merkle,audit_exact_table_compare_ms,174095.920
size-scaling-k75-c300-n50000000-f32-k75-c300-fanout_f32_l16-merkle-r3,a23551d878d5e5f5baa48238ee4626b244407f5119bf0c50c8b87785f0b1449a,merkle,audit_merkle_root_hash_ms,1.217
size-scaling-k75-c300-n50000000-f32-k75-c300-fanout_f32_l16-merkle-r3,a23551d878d5e5f5baa48238ee4626b244407f5119bf0c50c8b87785f0b1449a,merkle,audit_merkle_verify_ms,150403.512
size-scaling-k75-c300-n50000000-f32-k75-c300-fanout_f32_l16-merkle-r3,a23551d878d5e5f5baa48238ee4626b244407f5119bf0c50c8b87785f0b1449a,merkle,audit_schema_fidelity_ms,2.181
size-scaling-k75-c300-n50000000-f32-k75-c300-fanout_f32_l16-merkle-r3,a23551d878d5e5f5baa48238ee4626b244407f5119bf0c50c8b87785f0b1449a,merkle,merkle_total_ms,327515.169
size-scaling-k75-c300-n50000000-f32-k75-c300-fanout_f32_l16-merkle-r4,a23551d878d5e5f5baa48238ee4626b244407f5119bf0c50c8b87785f0b1449a,merkle,tree_localisation_ms,191.544
size-scaling-k75-c300-n50000000-f32-k75-c300-fanout_f32_l16-merkle-r4,a23551d878d5e5f5baa48238ee4626b244407f5119bf0c50c8b87785f0b1449a,merkle,candidate_row_fetch_ms,24.492
size-scaling-k75-c300-n50000000-f32-k75-c300-fanout_f32_l16-merkle-r4,a23551d878d5e5f5baa48238ee4626b244407f5119bf0c50c8b87785f0b1449a,merkle,row_comparison_ms,0.864
size-scaling-k75-c300-n50000000-f32-k75-c300-fanout_f32_l16-merkle-r4,a23551d878d5e5f5baa48238ee4626b244407f5119bf0c50c8b87785f0b1449a,merkle,repair_sql_building_ms,0.580
size-scaling-k75-c300-n50000000-f32-k75-c300-fanout_f32_l16-merkle-r4,a23551d878d5e5f5baa48238ee4626b244407f5119bf0c50c8b87785f0b1449a,merkle,repair_dml_wire_ms,17.329
size-scaling-k75-c300-n50000000-f32-k75-c300-fanout_f32_l16-merkle-r4,a23551d878d5e5f5baa48238ee4626b244407f5119bf0c50c8b87785f0b1449a,merkle,repair_commit_wire_ms,7.555
size-scaling-k75-c300-n50000000-f32-k75-c300-fanout_f32_l16-merkle-r4,a23551d878d5e5f5baa48238ee4626b244407f5119bf0c50c8b87785f0b1449a,merkle,repair_begin_wire_ms,0.169
size-scaling-k75-c300-n50000000-f32-k75-c300-fanout_f32_l16-merkle-r4,a23551d878d5e5f5baa48238ee4626b244407f5119bf0c50c8b87785f0b1449a,merkle,repair_transaction_block_ms,25.690
size-scaling-k75-c300-n50000000-f32-k75-c300-fanout_f32_l16-merkle-r4,a23551d878d5e5f5baa48238ee4626b244407f5119bf0c50c8b87785f0b1449a,merkle,repair_write_ms,25.695
size-scaling-k75-c300-n50000000-f32-k75-c300-fanout_f32_l16-merkle-r4,a23551d878d5e5f5baa48238ee4626b244407f5119bf0c50c8b87785f0b1449a,merkle,targeted_post_repair_confirmation_ms,3.495
size-scaling-k75-c300-n50000000-f32-k75-c300-fanout_f32_l16-merkle-r4,a23551d878d5e5f5baa48238ee4626b244407f5119bf0c50c8b87785f0b1449a,merkle,recovery_observability_ms,0.001
size-scaling-k75-c300-n50000000-f32-k75-c300-fanout_f32_l16-merkle-r4,a23551d878d5e5f5baa48238ee4626b244407f5119bf0c50c8b87785f0b1449a,merkle,recovery_orchestration_ms,1.529
size-scaling-k75-c300-n50000000-f32-k75-c300-fanout_f32_l16-merkle-r4,a23551d878d5e5f5baa48238ee4626b244407f5119bf0c50c8b87785f0b1449a,merkle,audit_exact_table_compare_ms,174183.441
size-scaling-k75-c300-n50000000-f32-k75-c300-fanout_f32_l16-merkle-r4,a23551d878d5e5f5baa48238ee4626b244407f5119bf0c50c8b87785f0b1449a,merkle,audit_merkle_root_hash_ms,1.214
size-scaling-k75-c300-n50000000-f32-k75-c300-fanout_f32_l16-merkle-r4,a23551d878d5e5f5baa48238ee4626b244407f5119bf0c50c8b87785f0b1449a,merkle,audit_merkle_verify_ms,151477.237
size-scaling-k75-c300-n50000000-f32-k75-c300-fanout_f32_l16-merkle-r4,a23551d878d5e5f5baa48238ee4626b244407f5119bf0c50c8b87785f0b1449a,merkle,audit_schema_fidelity_ms,2.205
size-scaling-k75-c300-n50000000-f32-k75-c300-fanout_f32_l16-merkle-r4,a23551d878d5e5f5baa48238ee4626b244407f5119bf0c50c8b87785f0b1449a,merkle,merkle_total_ms,328638.282
size-scaling-k75-c300-n50000000-f32-k75-c300-fanout_f32_l16-merkle-r5,a23551d878d5e5f5baa48238ee4626b244407f5119bf0c50c8b87785f0b1449a,merkle,tree_localisation_ms,177.866
size-scaling-k75-c300-n50000000-f32-k75-c300-fanout_f32_l16-merkle-r5,a23551d878d5e5f5baa48238ee4626b244407f5119bf0c50c8b87785f0b1449a,merkle,candidate_row_fetch_ms,24.385
size-scaling-k75-c300-n50000000-f32-k75-c300-fanout_f32_l16-merkle-r5,a23551d878d5e5f5baa48238ee4626b244407f5119bf0c50c8b87785f0b1449a,merkle,row_comparison_ms,0.865
size-scaling-k75-c300-n50000000-f32-k75-c300-fanout_f32_l16-merkle-r5,a23551d878d5e5f5baa48238ee4626b244407f5119bf0c50c8b87785f0b1449a,merkle,repair_sql_building_ms,0.589
size-scaling-k75-c300-n50000000-f32-k75-c300-fanout_f32_l16-merkle-r5,a23551d878d5e5f5baa48238ee4626b244407f5119bf0c50c8b87785f0b1449a,merkle,repair_dml_wire_ms,17.265
size-scaling-k75-c300-n50000000-f32-k75-c300-fanout_f32_l16-merkle-r5,a23551d878d5e5f5baa48238ee4626b244407f5119bf0c50c8b87785f0b1449a,merkle,repair_commit_wire_ms,7.572
size-scaling-k75-c300-n50000000-f32-k75-c300-fanout_f32_l16-merkle-r5,a23551d878d5e5f5baa48238ee4626b244407f5119bf0c50c8b87785f0b1449a,merkle,repair_begin_wire_ms,0.114
size-scaling-k75-c300-n50000000-f32-k75-c300-fanout_f32_l16-merkle-r5,a23551d878d5e5f5baa48238ee4626b244407f5119bf0c50c8b87785f0b1449a,merkle,repair_transaction_block_ms,25.596
size-scaling-k75-c300-n50000000-f32-k75-c300-fanout_f32_l16-merkle-r5,a23551d878d5e5f5baa48238ee4626b244407f5119bf0c50c8b87785f0b1449a,merkle,repair_write_ms,25.601
size-scaling-k75-c300-n50000000-f32-k75-c300-fanout_f32_l16-merkle-r5,a23551d878d5e5f5baa48238ee4626b244407f5119bf0c50c8b87785f0b1449a,merkle,targeted_post_repair_confirmation_ms,3.497
size-scaling-k75-c300-n50000000-f32-k75-c300-fanout_f32_l16-merkle-r5,a23551d878d5e5f5baa48238ee4626b244407f5119bf0c50c8b87785f0b1449a,merkle,recovery_observability_ms,0.001
size-scaling-k75-c300-n50000000-f32-k75-c300-fanout_f32_l16-merkle-r5,a23551d878d5e5f5baa48238ee4626b244407f5119bf0c50c8b87785f0b1449a,merkle,recovery_orchestration_ms,1.513
size-scaling-k75-c300-n50000000-f32-k75-c300-fanout_f32_l16-merkle-r5,a23551d878d5e5f5baa48238ee4626b244407f5119bf0c50c8b87785f0b1449a,merkle,audit_exact_table_compare_ms,174075.839
size-scaling-k75-c300-n50000000-f32-k75-c300-fanout_f32_l16-merkle-r5,a23551d878d5e5f5baa48238ee4626b244407f5119bf0c50c8b87785f0b1449a,merkle,audit_merkle_root_hash_ms,1.282
size-scaling-k75-c300-n50000000-f32-k75-c300-fanout_f32_l16-merkle-r5,a23551d878d5e5f5baa48238ee4626b244407f5119bf0c50c8b87785f0b1449a,merkle,audit_merkle_verify_ms,151294.790
size-scaling-k75-c300-n50000000-f32-k75-c300-fanout_f32_l16-merkle-r5,a23551d878d5e5f5baa48238ee4626b244407f5119bf0c50c8b87785f0b1449a,merkle,audit_schema_fidelity_ms,2.191
size-scaling-k75-c300-n50000000-f32-k75-c300-fanout_f32_l16-merkle-r5,a23551d878d5e5f5baa48238ee4626b244407f5119bf0c50c8b87785f0b1449a,merkle,merkle_total_ms,328385.936
size-scaling-k75-c300-n50000000-f32-k75-c300-fanout_f32_l16-merkle-r6,a23551d878d5e5f5baa48238ee4626b244407f5119bf0c50c8b87785f0b1449a,merkle,tree_localisation_ms,177.849
size-scaling-k75-c300-n50000000-f32-k75-c300-fanout_f32_l16-merkle-r6,a23551d878d5e5f5baa48238ee4626b244407f5119bf0c50c8b87785f0b1449a,merkle,candidate_row_fetch_ms,24.656
size-scaling-k75-c300-n50000000-f32-k75-c300-fanout_f32_l16-merkle-r6,a23551d878d5e5f5baa48238ee4626b244407f5119bf0c50c8b87785f0b1449a,merkle,row_comparison_ms,0.911
size-scaling-k75-c300-n50000000-f32-k75-c300-fanout_f32_l16-merkle-r6,a23551d878d5e5f5baa48238ee4626b244407f5119bf0c50c8b87785f0b1449a,merkle,repair_sql_building_ms,0.586
size-scaling-k75-c300-n50000000-f32-k75-c300-fanout_f32_l16-merkle-r6,a23551d878d5e5f5baa48238ee4626b244407f5119bf0c50c8b87785f0b1449a,merkle,repair_dml_wire_ms,17.135
size-scaling-k75-c300-n50000000-f32-k75-c300-fanout_f32_l16-merkle-r6,a23551d878d5e5f5baa48238ee4626b244407f5119bf0c50c8b87785f0b1449a,merkle,repair_commit_wire_ms,7.475
size-scaling-k75-c300-n50000000-f32-k75-c300-fanout_f32_l16-merkle-r6,a23551d878d5e5f5baa48238ee4626b244407f5119bf0c50c8b87785f0b1449a,merkle,repair_begin_wire_ms,0.119
size-scaling-k75-c300-n50000000-f32-k75-c300-fanout_f32_l16-merkle-r6,a23551d878d5e5f5baa48238ee4626b244407f5119bf0c50c8b87785f0b1449a,merkle,repair_transaction_block_ms,25.373
size-scaling-k75-c300-n50000000-f32-k75-c300-fanout_f32_l16-merkle-r6,a23551d878d5e5f5baa48238ee4626b244407f5119bf0c50c8b87785f0b1449a,merkle,repair_write_ms,25.379
size-scaling-k75-c300-n50000000-f32-k75-c300-fanout_f32_l16-merkle-r6,a23551d878d5e5f5baa48238ee4626b244407f5119bf0c50c8b87785f0b1449a,merkle,targeted_post_repair_confirmation_ms,3.481
size-scaling-k75-c300-n50000000-f32-k75-c300-fanout_f32_l16-merkle-r6,a23551d878d5e5f5baa48238ee4626b244407f5119bf0c50c8b87785f0b1449a,merkle,recovery_observability_ms,0.001
size-scaling-k75-c300-n50000000-f32-k75-c300-fanout_f32_l16-merkle-r6,a23551d878d5e5f5baa48238ee4626b244407f5119bf0c50c8b87785f0b1449a,merkle,recovery_orchestration_ms,1.488
size-scaling-k75-c300-n50000000-f32-k75-c300-fanout_f32_l16-merkle-r6,a23551d878d5e5f5baa48238ee4626b244407f5119bf0c50c8b87785f0b1449a,merkle,audit_exact_table_compare_ms,174184.239
size-scaling-k75-c300-n50000000-f32-k75-c300-fanout_f32_l16-merkle-r6,a23551d878d5e5f5baa48238ee4626b244407f5119bf0c50c8b87785f0b1449a,merkle,audit_merkle_root_hash_ms,1.112
size-scaling-k75-c300-n50000000-f32-k75-c300-fanout_f32_l16-merkle-r6,a23551d878d5e5f5baa48238ee4626b244407f5119bf0c50c8b87785f0b1449a,merkle,audit_merkle_verify_ms,151414.741
size-scaling-k75-c300-n50000000-f32-k75-c300-fanout_f32_l16-merkle-r6,a23551d878d5e5f5baa48238ee4626b244407f5119bf0c50c8b87785f0b1449a,merkle,audit_schema_fidelity_ms,2.182
size-scaling-k75-c300-n50000000-f32-k75-c300-fanout_f32_l16-merkle-r6,a23551d878d5e5f5baa48238ee4626b244407f5119bf0c50c8b87785f0b1449a,merkle,merkle_total_ms,328613.866
size-scaling-k75-c300-n50000000-f32-k75-c300-fanout_f32_l16-merkle-r7,a23551d878d5e5f5baa48238ee4626b244407f5119bf0c50c8b87785f0b1449a,merkle,tree_localisation_ms,178.115
size-scaling-k75-c300-n50000000-f32-k75-c300-fanout_f32_l16-merkle-r7,a23551d878d5e5f5baa48238ee4626b244407f5119bf0c50c8b87785f0b1449a,merkle,candidate_row_fetch_ms,24.540
size-scaling-k75-c300-n50000000-f32-k75-c300-fanout_f32_l16-merkle-r7,a23551d878d5e5f5baa48238ee4626b244407f5119bf0c50c8b87785f0b1449a,merkle,row_comparison_ms,0.879
size-scaling-k75-c300-n50000000-f32-k75-c300-fanout_f32_l16-merkle-r7,a23551d878d5e5f5baa48238ee4626b244407f5119bf0c50c8b87785f0b1449a,merkle,repair_sql_building_ms,0.589
size-scaling-k75-c300-n50000000-f32-k75-c300-fanout_f32_l16-merkle-r7,a23551d878d5e5f5baa48238ee4626b244407f5119bf0c50c8b87785f0b1449a,merkle,repair_dml_wire_ms,17.171
size-scaling-k75-c300-n50000000-f32-k75-c300-fanout_f32_l16-merkle-r7,a23551d878d5e5f5baa48238ee4626b244407f5119bf0c50c8b87785f0b1449a,merkle,repair_commit_wire_ms,7.520
size-scaling-k75-c300-n50000000-f32-k75-c300-fanout_f32_l16-merkle-r7,a23551d878d5e5f5baa48238ee4626b244407f5119bf0c50c8b87785f0b1449a,merkle,repair_begin_wire_ms,0.114
size-scaling-k75-c300-n50000000-f32-k75-c300-fanout_f32_l16-merkle-r7,a23551d878d5e5f5baa48238ee4626b244407f5119bf0c50c8b87785f0b1449a,merkle,repair_transaction_block_ms,25.454
size-scaling-k75-c300-n50000000-f32-k75-c300-fanout_f32_l16-merkle-r7,a23551d878d5e5f5baa48238ee4626b244407f5119bf0c50c8b87785f0b1449a,merkle,repair_write_ms,25.460
size-scaling-k75-c300-n50000000-f32-k75-c300-fanout_f32_l16-merkle-r7,a23551d878d5e5f5baa48238ee4626b244407f5119bf0c50c8b87785f0b1449a,merkle,targeted_post_repair_confirmation_ms,3.454
size-scaling-k75-c300-n50000000-f32-k75-c300-fanout_f32_l16-merkle-r7,a23551d878d5e5f5baa48238ee4626b244407f5119bf0c50c8b87785f0b1449a,merkle,recovery_observability_ms,0.001
size-scaling-k75-c300-n50000000-f32-k75-c300-fanout_f32_l16-merkle-r7,a23551d878d5e5f5baa48238ee4626b244407f5119bf0c50c8b87785f0b1449a,merkle,recovery_orchestration_ms,1.537
size-scaling-k75-c300-n50000000-f32-k75-c300-fanout_f32_l16-merkle-r7,a23551d878d5e5f5baa48238ee4626b244407f5119bf0c50c8b87785f0b1449a,merkle,audit_exact_table_compare_ms,174863.273
size-scaling-k75-c300-n50000000-f32-k75-c300-fanout_f32_l16-merkle-r7,a23551d878d5e5f5baa48238ee4626b244407f5119bf0c50c8b87785f0b1449a,merkle,audit_merkle_root_hash_ms,1.210
size-scaling-k75-c300-n50000000-f32-k75-c300-fanout_f32_l16-merkle-r7,a23551d878d5e5f5baa48238ee4626b244407f5119bf0c50c8b87785f0b1449a,merkle,audit_merkle_verify_ms,151491.755
size-scaling-k75-c300-n50000000-f32-k75-c300-fanout_f32_l16-merkle-r7,a23551d878d5e5f5baa48238ee4626b244407f5119bf0c50c8b87785f0b1449a,merkle,audit_schema_fidelity_ms,2.187
size-scaling-k75-c300-n50000000-f32-k75-c300-fanout_f32_l16-merkle-r7,a23551d878d5e5f5baa48238ee4626b244407f5119bf0c50c8b87785f0b1449a,merkle,merkle_total_ms,329371.402
size-scaling-k75-c300-n50000000-f32-k75-c300-fanout_f32_l16-merkle-r8,a23551d878d5e5f5baa48238ee4626b244407f5119bf0c50c8b87785f0b1449a,merkle,tree_localisation_ms,191.193
size-scaling-k75-c300-n50000000-f32-k75-c300-fanout_f32_l16-merkle-r8,a23551d878d5e5f5baa48238ee4626b244407f5119bf0c50c8b87785f0b1449a,merkle,candidate_row_fetch_ms,25.053
size-scaling-k75-c300-n50000000-f32-k75-c300-fanout_f32_l16-merkle-r8,a23551d878d5e5f5baa48238ee4626b244407f5119bf0c50c8b87785f0b1449a,merkle,row_comparison_ms,0.852
size-scaling-k75-c300-n50000000-f32-k75-c300-fanout_f32_l16-merkle-r8,a23551d878d5e5f5baa48238ee4626b244407f5119bf0c50c8b87785f0b1449a,merkle,repair_sql_building_ms,0.599
size-scaling-k75-c300-n50000000-f32-k75-c300-fanout_f32_l16-merkle-r8,a23551d878d5e5f5baa48238ee4626b244407f5119bf0c50c8b87785f0b1449a,merkle,repair_dml_wire_ms,17.627
size-scaling-k75-c300-n50000000-f32-k75-c300-fanout_f32_l16-merkle-r8,a23551d878d5e5f5baa48238ee4626b244407f5119bf0c50c8b87785f0b1449a,merkle,repair_commit_wire_ms,7.553
size-scaling-k75-c300-n50000000-f32-k75-c300-fanout_f32_l16-merkle-r8,a23551d878d5e5f5baa48238ee4626b244407f5119bf0c50c8b87785f0b1449a,merkle,repair_begin_wire_ms,0.157
size-scaling-k75-c300-n50000000-f32-k75-c300-fanout_f32_l16-merkle-r8,a23551d878d5e5f5baa48238ee4626b244407f5119bf0c50c8b87785f0b1449a,merkle,repair_transaction_block_ms,25.992
size-scaling-k75-c300-n50000000-f32-k75-c300-fanout_f32_l16-merkle-r8,a23551d878d5e5f5baa48238ee4626b244407f5119bf0c50c8b87785f0b1449a,merkle,repair_write_ms,25.997
size-scaling-k75-c300-n50000000-f32-k75-c300-fanout_f32_l16-merkle-r8,a23551d878d5e5f5baa48238ee4626b244407f5119bf0c50c8b87785f0b1449a,merkle,targeted_post_repair_confirmation_ms,3.565
size-scaling-k75-c300-n50000000-f32-k75-c300-fanout_f32_l16-merkle-r8,a23551d878d5e5f5baa48238ee4626b244407f5119bf0c50c8b87785f0b1449a,merkle,recovery_observability_ms,0.001
size-scaling-k75-c300-n50000000-f32-k75-c300-fanout_f32_l16-merkle-r8,a23551d878d5e5f5baa48238ee4626b244407f5119bf0c50c8b87785f0b1449a,merkle,recovery_orchestration_ms,1.506
size-scaling-k75-c300-n50000000-f32-k75-c300-fanout_f32_l16-merkle-r8,a23551d878d5e5f5baa48238ee4626b244407f5119bf0c50c8b87785f0b1449a,merkle,audit_exact_table_compare_ms,174428.058
size-scaling-k75-c300-n50000000-f32-k75-c300-fanout_f32_l16-merkle-r8,a23551d878d5e5f5baa48238ee4626b244407f5119bf0c50c8b87785f0b1449a,merkle,audit_merkle_root_hash_ms,1.214
size-scaling-k75-c300-n50000000-f32-k75-c300-fanout_f32_l16-merkle-r8,a23551d878d5e5f5baa48238ee4626b244407f5119bf0c50c8b87785f0b1449a,merkle,audit_merkle_verify_ms,151588.395
size-scaling-k75-c300-n50000000-f32-k75-c300-fanout_f32_l16-merkle-r8,a23551d878d5e5f5baa48238ee4626b244407f5119bf0c50c8b87785f0b1449a,merkle,audit_schema_fidelity_ms,2.170
size-scaling-k75-c300-n50000000-f32-k75-c300-fanout_f32_l16-merkle-r8,a23551d878d5e5f5baa48238ee4626b244407f5119bf0c50c8b87785f0b1449a,merkle,merkle_total_ms,328995.704
size-scaling-k75-c300-n50000000-f32-k75-c300-fanout_f32_l16-merkle-r9,a23551d878d5e5f5baa48238ee4626b244407f5119bf0c50c8b87785f0b1449a,merkle,tree_localisation_ms,178.610
size-scaling-k75-c300-n50000000-f32-k75-c300-fanout_f32_l16-merkle-r9,a23551d878d5e5f5baa48238ee4626b244407f5119bf0c50c8b87785f0b1449a,merkle,candidate_row_fetch_ms,25.083
size-scaling-k75-c300-n50000000-f32-k75-c300-fanout_f32_l16-merkle-r9,a23551d878d5e5f5baa48238ee4626b244407f5119bf0c50c8b87785f0b1449a,merkle,row_comparison_ms,0.847
size-scaling-k75-c300-n50000000-f32-k75-c300-fanout_f32_l16-merkle-r9,a23551d878d5e5f5baa48238ee4626b244407f5119bf0c50c8b87785f0b1449a,merkle,repair_sql_building_ms,0.571
size-scaling-k75-c300-n50000000-f32-k75-c300-fanout_f32_l16-merkle-r9,a23551d878d5e5f5baa48238ee4626b244407f5119bf0c50c8b87785f0b1449a,merkle,repair_dml_wire_ms,17.401
size-scaling-k75-c300-n50000000-f32-k75-c300-fanout_f32_l16-merkle-r9,a23551d878d5e5f5baa48238ee4626b244407f5119bf0c50c8b87785f0b1449a,merkle,repair_commit_wire_ms,7.555
size-scaling-k75-c300-n50000000-f32-k75-c300-fanout_f32_l16-merkle-r9,a23551d878d5e5f5baa48238ee4626b244407f5119bf0c50c8b87785f0b1449a,merkle,repair_begin_wire_ms,0.122
size-scaling-k75-c300-n50000000-f32-k75-c300-fanout_f32_l16-merkle-r9,a23551d878d5e5f5baa48238ee4626b244407f5119bf0c50c8b87785f0b1449a,merkle,repair_transaction_block_ms,25.721
size-scaling-k75-c300-n50000000-f32-k75-c300-fanout_f32_l16-merkle-r9,a23551d878d5e5f5baa48238ee4626b244407f5119bf0c50c8b87785f0b1449a,merkle,repair_write_ms,25.725
size-scaling-k75-c300-n50000000-f32-k75-c300-fanout_f32_l16-merkle-r9,a23551d878d5e5f5baa48238ee4626b244407f5119bf0c50c8b87785f0b1449a,merkle,targeted_post_repair_confirmation_ms,3.460
size-scaling-k75-c300-n50000000-f32-k75-c300-fanout_f32_l16-merkle-r9,a23551d878d5e5f5baa48238ee4626b244407f5119bf0c50c8b87785f0b1449a,merkle,recovery_observability_ms,0.001
size-scaling-k75-c300-n50000000-f32-k75-c300-fanout_f32_l16-merkle-r9,a23551d878d5e5f5baa48238ee4626b244407f5119bf0c50c8b87785f0b1449a,merkle,recovery_orchestration_ms,1.556
size-scaling-k75-c300-n50000000-f32-k75-c300-fanout_f32_l16-merkle-r9,a23551d878d5e5f5baa48238ee4626b244407f5119bf0c50c8b87785f0b1449a,merkle,audit_exact_table_compare_ms,174878.155
size-scaling-k75-c300-n50000000-f32-k75-c300-fanout_f32_l16-merkle-r9,a23551d878d5e5f5baa48238ee4626b244407f5119bf0c50c8b87785f0b1449a,merkle,audit_merkle_root_hash_ms,1.247
size-scaling-k75-c300-n50000000-f32-k75-c300-fanout_f32_l16-merkle-r9,a23551d878d5e5f5baa48238ee4626b244407f5119bf0c50c8b87785f0b1449a,merkle,audit_merkle_verify_ms,150776.359
size-scaling-k75-c300-n50000000-f32-k75-c300-fanout_f32_l16-merkle-r9,a23551d878d5e5f5baa48238ee4626b244407f5119bf0c50c8b87785f0b1449a,merkle,audit_schema_fidelity_ms,2.165
size-scaling-k75-c300-n50000000-f32-k75-c300-fanout_f32_l16-merkle-r9,a23551d878d5e5f5baa48238ee4626b244407f5119bf0c50c8b87785f0b1449a,merkle,merkle_total_ms,328671.092
size-scaling-k75-c300-n40000000-f32-k75-c300-fanout_f32_l16-merkle-r0,51adee0cf05d629970d0f59494a47e585db3cb9ad3c7655eeaa4e9f0a2366867,merkle,tree_localisation_ms,177.247
size-scaling-k75-c300-n40000000-f32-k75-c300-fanout_f32_l16-merkle-r0,51adee0cf05d629970d0f59494a47e585db3cb9ad3c7655eeaa4e9f0a2366867,merkle,candidate_row_fetch_ms,20.864
size-scaling-k75-c300-n40000000-f32-k75-c300-fanout_f32_l16-merkle-r0,51adee0cf05d629970d0f59494a47e585db3cb9ad3c7655eeaa4e9f0a2366867,merkle,row_comparison_ms,0.752
size-scaling-k75-c300-n40000000-f32-k75-c300-fanout_f32_l16-merkle-r0,51adee0cf05d629970d0f59494a47e585db3cb9ad3c7655eeaa4e9f0a2366867,merkle,repair_sql_building_ms,0.581
size-scaling-k75-c300-n40000000-f32-k75-c300-fanout_f32_l16-merkle-r0,51adee0cf05d629970d0f59494a47e585db3cb9ad3c7655eeaa4e9f0a2366867,merkle,repair_dml_wire_ms,28.249
size-scaling-k75-c300-n40000000-f32-k75-c300-fanout_f32_l16-merkle-r0,51adee0cf05d629970d0f59494a47e585db3cb9ad3c7655eeaa4e9f0a2366867,merkle,repair_commit_wire_ms,8.331
size-scaling-k75-c300-n40000000-f32-k75-c300-fanout_f32_l16-merkle-r0,51adee0cf05d629970d0f59494a47e585db3cb9ad3c7655eeaa4e9f0a2366867,merkle,repair_begin_wire_ms,0.116
size-scaling-k75-c300-n40000000-f32-k75-c300-fanout_f32_l16-merkle-r0,51adee0cf05d629970d0f59494a47e585db3cb9ad3c7655eeaa4e9f0a2366867,merkle,repair_transaction_block_ms,37.334
size-scaling-k75-c300-n40000000-f32-k75-c300-fanout_f32_l16-merkle-r0,51adee0cf05d629970d0f59494a47e585db3cb9ad3c7655eeaa4e9f0a2366867,merkle,repair_write_ms,37.339
size-scaling-k75-c300-n40000000-f32-k75-c300-fanout_f32_l16-merkle-r0,51adee0cf05d629970d0f59494a47e585db3cb9ad3c7655eeaa4e9f0a2366867,merkle,targeted_post_repair_confirmation_ms,3.644
size-scaling-k75-c300-n40000000-f32-k75-c300-fanout_f32_l16-merkle-r0,51adee0cf05d629970d0f59494a47e585db3cb9ad3c7655eeaa4e9f0a2366867,merkle,recovery_observability_ms,0.001
size-scaling-k75-c300-n40000000-f32-k75-c300-fanout_f32_l16-merkle-r0,51adee0cf05d629970d0f59494a47e585db3cb9ad3c7655eeaa4e9f0a2366867,merkle,recovery_orchestration_ms,1.465
size-scaling-k75-c300-n40000000-f32-k75-c300-fanout_f32_l16-merkle-r0,51adee0cf05d629970d0f59494a47e585db3cb9ad3c7655eeaa4e9f0a2366867,merkle,audit_exact_table_compare_ms,141899.096
size-scaling-k75-c300-n40000000-f32-k75-c300-fanout_f32_l16-merkle-r0,51adee0cf05d629970d0f59494a47e585db3cb9ad3c7655eeaa4e9f0a2366867,merkle,audit_merkle_root_hash_ms,1.448
size-scaling-k75-c300-n40000000-f32-k75-c300-fanout_f32_l16-merkle-r0,51adee0cf05d629970d0f59494a47e585db3cb9ad3c7655eeaa4e9f0a2366867,merkle,audit_merkle_verify_ms,120852.618
size-scaling-k75-c300-n40000000-f32-k75-c300-fanout_f32_l16-merkle-r0,51adee0cf05d629970d0f59494a47e585db3cb9ad3c7655eeaa4e9f0a2366867,merkle,audit_schema_fidelity_ms,2.164
size-scaling-k75-c300-n40000000-f32-k75-c300-fanout_f32_l16-merkle-r0,51adee0cf05d629970d0f59494a47e585db3cb9ad3c7655eeaa4e9f0a2366867,merkle,merkle_total_ms,265774.792
size-scaling-k75-c300-n40000000-f32-k75-c300-fanout_f32_l16-merkle-r1,51adee0cf05d629970d0f59494a47e585db3cb9ad3c7655eeaa4e9f0a2366867,merkle,tree_localisation_ms,177.452
size-scaling-k75-c300-n40000000-f32-k75-c300-fanout_f32_l16-merkle-r1,51adee0cf05d629970d0f59494a47e585db3cb9ad3c7655eeaa4e9f0a2366867,merkle,candidate_row_fetch_ms,21.387
size-scaling-k75-c300-n40000000-f32-k75-c300-fanout_f32_l16-merkle-r1,51adee0cf05d629970d0f59494a47e585db3cb9ad3c7655eeaa4e9f0a2366867,merkle,row_comparison_ms,0.766
size-scaling-k75-c300-n40000000-f32-k75-c300-fanout_f32_l16-merkle-r1,51adee0cf05d629970d0f59494a47e585db3cb9ad3c7655eeaa4e9f0a2366867,merkle,repair_sql_building_ms,0.562
size-scaling-k75-c300-n40000000-f32-k75-c300-fanout_f32_l16-merkle-r1,51adee0cf05d629970d0f59494a47e585db3cb9ad3c7655eeaa4e9f0a2366867,merkle,repair_dml_wire_ms,17.293
size-scaling-k75-c300-n40000000-f32-k75-c300-fanout_f32_l16-merkle-r1,51adee0cf05d629970d0f59494a47e585db3cb9ad3c7655eeaa4e9f0a2366867,merkle,repair_commit_wire_ms,8.294
size-scaling-k75-c300-n40000000-f32-k75-c300-fanout_f32_l16-merkle-r1,51adee0cf05d629970d0f59494a47e585db3cb9ad3c7655eeaa4e9f0a2366867,merkle,repair_begin_wire_ms,0.113
size-scaling-k75-c300-n40000000-f32-k75-c300-fanout_f32_l16-merkle-r1,51adee0cf05d629970d0f59494a47e585db3cb9ad3c7655eeaa4e9f0a2366867,merkle,repair_transaction_block_ms,26.317
size-scaling-k75-c300-n40000000-f32-k75-c300-fanout_f32_l16-merkle-r1,51adee0cf05d629970d0f59494a47e585db3cb9ad3c7655eeaa4e9f0a2366867,merkle,repair_write_ms,26.322
size-scaling-k75-c300-n40000000-f32-k75-c300-fanout_f32_l16-merkle-r1,51adee0cf05d629970d0f59494a47e585db3cb9ad3c7655eeaa4e9f0a2366867,merkle,targeted_post_repair_confirmation_ms,3.608
size-scaling-k75-c300-n40000000-f32-k75-c300-fanout_f32_l16-merkle-r1,51adee0cf05d629970d0f59494a47e585db3cb9ad3c7655eeaa4e9f0a2366867,merkle,recovery_observability_ms,0.001
size-scaling-k75-c300-n40000000-f32-k75-c300-fanout_f32_l16-merkle-r1,51adee0cf05d629970d0f59494a47e585db3cb9ad3c7655eeaa4e9f0a2366867,merkle,recovery_orchestration_ms,1.456
size-scaling-k75-c300-n40000000-f32-k75-c300-fanout_f32_l16-merkle-r1,51adee0cf05d629970d0f59494a47e585db3cb9ad3c7655eeaa4e9f0a2366867,merkle,audit_exact_table_compare_ms,140613.104
size-scaling-k75-c300-n40000000-f32-k75-c300-fanout_f32_l16-merkle-r1,51adee0cf05d629970d0f59494a47e585db3cb9ad3c7655eeaa4e9f0a2366867,merkle,audit_merkle_root_hash_ms,1.274
size-scaling-k75-c300-n40000000-f32-k75-c300-fanout_f32_l16-merkle-r1,51adee0cf05d629970d0f59494a47e585db3cb9ad3c7655eeaa4e9f0a2366867,merkle,audit_merkle_verify_ms,121149.356
size-scaling-k75-c300-n40000000-f32-k75-c300-fanout_f32_l16-merkle-r1,51adee0cf05d629970d0f59494a47e585db3cb9ad3c7655eeaa4e9f0a2366867,merkle,audit_schema_fidelity_ms,2.185
size-scaling-k75-c300-n40000000-f32-k75-c300-fanout_f32_l16-merkle-r1,51adee0cf05d629970d0f59494a47e585db3cb9ad3c7655eeaa4e9f0a2366867,merkle,merkle_total_ms,264775.173
size-scaling-k75-c300-n40000000-f32-k75-c300-fanout_f32_l16-merkle-r2,51adee0cf05d629970d0f59494a47e585db3cb9ad3c7655eeaa4e9f0a2366867,merkle,tree_localisation_ms,187.349
size-scaling-k75-c300-n40000000-f32-k75-c300-fanout_f32_l16-merkle-r2,51adee0cf05d629970d0f59494a47e585db3cb9ad3c7655eeaa4e9f0a2366867,merkle,candidate_row_fetch_ms,21.603
size-scaling-k75-c300-n40000000-f32-k75-c300-fanout_f32_l16-merkle-r2,51adee0cf05d629970d0f59494a47e585db3cb9ad3c7655eeaa4e9f0a2366867,merkle,row_comparison_ms,0.792
size-scaling-k75-c300-n40000000-f32-k75-c300-fanout_f32_l16-merkle-r2,51adee0cf05d629970d0f59494a47e585db3cb9ad3c7655eeaa4e9f0a2366867,merkle,repair_sql_building_ms,0.593
size-scaling-k75-c300-n40000000-f32-k75-c300-fanout_f32_l16-merkle-r2,51adee0cf05d629970d0f59494a47e585db3cb9ad3c7655eeaa4e9f0a2366867,merkle,repair_dml_wire_ms,17.275
size-scaling-k75-c300-n40000000-f32-k75-c300-fanout_f32_l16-merkle-r2,51adee0cf05d629970d0f59494a47e585db3cb9ad3c7655eeaa4e9f0a2366867,merkle,repair_commit_wire_ms,8.305
size-scaling-k75-c300-n40000000-f32-k75-c300-fanout_f32_l16-merkle-r2,51adee0cf05d629970d0f59494a47e585db3cb9ad3c7655eeaa4e9f0a2366867,merkle,repair_begin_wire_ms,0.116
size-scaling-k75-c300-n40000000-f32-k75-c300-fanout_f32_l16-merkle-r2,51adee0cf05d629970d0f59494a47e585db3cb9ad3c7655eeaa4e9f0a2366867,merkle,repair_transaction_block_ms,26.347
size-scaling-k75-c300-n40000000-f32-k75-c300-fanout_f32_l16-merkle-r2,51adee0cf05d629970d0f59494a47e585db3cb9ad3c7655eeaa4e9f0a2366867,merkle,repair_write_ms,26.351
size-scaling-k75-c300-n40000000-f32-k75-c300-fanout_f32_l16-merkle-r2,51adee0cf05d629970d0f59494a47e585db3cb9ad3c7655eeaa4e9f0a2366867,merkle,targeted_post_repair_confirmation_ms,3.610
size-scaling-k75-c300-n40000000-f32-k75-c300-fanout_f32_l16-merkle-r2,51adee0cf05d629970d0f59494a47e585db3cb9ad3c7655eeaa4e9f0a2366867,merkle,recovery_observability_ms,0.001
size-scaling-k75-c300-n40000000-f32-k75-c300-fanout_f32_l16-merkle-r2,51adee0cf05d629970d0f59494a47e585db3cb9ad3c7655eeaa4e9f0a2366867,merkle,recovery_orchestration_ms,1.467
size-scaling-k75-c300-n40000000-f32-k75-c300-fanout_f32_l16-merkle-r2,51adee0cf05d629970d0f59494a47e585db3cb9ad3c7655eeaa4e9f0a2366867,merkle,audit_exact_table_compare_ms,140901.286
size-scaling-k75-c300-n40000000-f32-k75-c300-fanout_f32_l16-merkle-r2,51adee0cf05d629970d0f59494a47e585db3cb9ad3c7655eeaa4e9f0a2366867,merkle,audit_merkle_root_hash_ms,1.354
size-scaling-k75-c300-n40000000-f32-k75-c300-fanout_f32_l16-merkle-r2,51adee0cf05d629970d0f59494a47e585db3cb9ad3c7655eeaa4e9f0a2366867,merkle,audit_merkle_verify_ms,121348.228
size-scaling-k75-c300-n40000000-f32-k75-c300-fanout_f32_l16-merkle-r2,51adee0cf05d629970d0f59494a47e585db3cb9ad3c7655eeaa4e9f0a2366867,merkle,audit_schema_fidelity_ms,2.052
size-scaling-k75-c300-n40000000-f32-k75-c300-fanout_f32_l16-merkle-r2,51adee0cf05d629970d0f59494a47e585db3cb9ad3c7655eeaa4e9f0a2366867,merkle,merkle_total_ms,265221.397
size-scaling-k75-c300-n40000000-f32-k75-c300-fanout_f32_l16-merkle-r3,51adee0cf05d629970d0f59494a47e585db3cb9ad3c7655eeaa4e9f0a2366867,merkle,tree_localisation_ms,177.808
size-scaling-k75-c300-n40000000-f32-k75-c300-fanout_f32_l16-merkle-r3,51adee0cf05d629970d0f59494a47e585db3cb9ad3c7655eeaa4e9f0a2366867,merkle,candidate_row_fetch_ms,21.901
size-scaling-k75-c300-n40000000-f32-k75-c300-fanout_f32_l16-merkle-r3,51adee0cf05d629970d0f59494a47e585db3cb9ad3c7655eeaa4e9f0a2366867,merkle,row_comparison_ms,0.750
size-scaling-k75-c300-n40000000-f32-k75-c300-fanout_f32_l16-merkle-r3,51adee0cf05d629970d0f59494a47e585db3cb9ad3c7655eeaa4e9f0a2366867,merkle,repair_sql_building_ms,0.578
size-scaling-k75-c300-n40000000-f32-k75-c300-fanout_f32_l16-merkle-r3,51adee0cf05d629970d0f59494a47e585db3cb9ad3c7655eeaa4e9f0a2366867,merkle,repair_dml_wire_ms,17.482
size-scaling-k75-c300-n40000000-f32-k75-c300-fanout_f32_l16-merkle-r3,51adee0cf05d629970d0f59494a47e585db3cb9ad3c7655eeaa4e9f0a2366867,merkle,repair_commit_wire_ms,8.339
size-scaling-k75-c300-n40000000-f32-k75-c300-fanout_f32_l16-merkle-r3,51adee0cf05d629970d0f59494a47e585db3cb9ad3c7655eeaa4e9f0a2366867,merkle,repair_begin_wire_ms,0.116
size-scaling-k75-c300-n40000000-f32-k75-c300-fanout_f32_l16-merkle-r3,51adee0cf05d629970d0f59494a47e585db3cb9ad3c7655eeaa4e9f0a2366867,merkle,repair_transaction_block_ms,26.574
size-scaling-k75-c300-n40000000-f32-k75-c300-fanout_f32_l16-merkle-r3,51adee0cf05d629970d0f59494a47e585db3cb9ad3c7655eeaa4e9f0a2366867,merkle,repair_write_ms,26.579
size-scaling-k75-c300-n40000000-f32-k75-c300-fanout_f32_l16-merkle-r3,51adee0cf05d629970d0f59494a47e585db3cb9ad3c7655eeaa4e9f0a2366867,merkle,targeted_post_repair_confirmation_ms,3.578
size-scaling-k75-c300-n40000000-f32-k75-c300-fanout_f32_l16-merkle-r3,51adee0cf05d629970d0f59494a47e585db3cb9ad3c7655eeaa4e9f0a2366867,merkle,recovery_observability_ms,0.001
size-scaling-k75-c300-n40000000-f32-k75-c300-fanout_f32_l16-merkle-r3,51adee0cf05d629970d0f59494a47e585db3cb9ad3c7655eeaa4e9f0a2366867,merkle,recovery_orchestration_ms,1.478
size-scaling-k75-c300-n40000000-f32-k75-c300-fanout_f32_l16-merkle-r3,51adee0cf05d629970d0f59494a47e585db3cb9ad3c7655eeaa4e9f0a2366867,merkle,audit_exact_table_compare_ms,140703.709
size-scaling-k75-c300-n40000000-f32-k75-c300-fanout_f32_l16-merkle-r3,51adee0cf05d629970d0f59494a47e585db3cb9ad3c7655eeaa4e9f0a2366867,merkle,audit_merkle_root_hash_ms,1.338
size-scaling-k75-c300-n40000000-f32-k75-c300-fanout_f32_l16-merkle-r3,51adee0cf05d629970d0f59494a47e585db3cb9ad3c7655eeaa4e9f0a2366867,merkle,audit_merkle_verify_ms,120569.170
size-scaling-k75-c300-n40000000-f32-k75-c300-fanout_f32_l16-merkle-r3,51adee0cf05d629970d0f59494a47e585db3cb9ad3c7655eeaa4e9f0a2366867,merkle,audit_schema_fidelity_ms,2.040
size-scaling-k75-c300-n40000000-f32-k75-c300-fanout_f32_l16-merkle-r3,51adee0cf05d629970d0f59494a47e585db3cb9ad3c7655eeaa4e9f0a2366867,merkle,merkle_total_ms,264287.494
size-scaling-k75-c300-n40000000-f32-k75-c300-fanout_f32_l16-merkle-r4,51adee0cf05d629970d0f59494a47e585db3cb9ad3c7655eeaa4e9f0a2366867,merkle,tree_localisation_ms,177.435
size-scaling-k75-c300-n40000000-f32-k75-c300-fanout_f32_l16-merkle-r4,51adee0cf05d629970d0f59494a47e585db3cb9ad3c7655eeaa4e9f0a2366867,merkle,candidate_row_fetch_ms,21.715
size-scaling-k75-c300-n40000000-f32-k75-c300-fanout_f32_l16-merkle-r4,51adee0cf05d629970d0f59494a47e585db3cb9ad3c7655eeaa4e9f0a2366867,merkle,row_comparison_ms,0.765
size-scaling-k75-c300-n40000000-f32-k75-c300-fanout_f32_l16-merkle-r4,51adee0cf05d629970d0f59494a47e585db3cb9ad3c7655eeaa4e9f0a2366867,merkle,repair_sql_building_ms,0.630
size-scaling-k75-c300-n40000000-f32-k75-c300-fanout_f32_l16-merkle-r4,51adee0cf05d629970d0f59494a47e585db3cb9ad3c7655eeaa4e9f0a2366867,merkle,repair_dml_wire_ms,17.119
size-scaling-k75-c300-n40000000-f32-k75-c300-fanout_f32_l16-merkle-r4,51adee0cf05d629970d0f59494a47e585db3cb9ad3c7655eeaa4e9f0a2366867,merkle,repair_commit_wire_ms,8.246
size-scaling-k75-c300-n40000000-f32-k75-c300-fanout_f32_l16-merkle-r4,51adee0cf05d629970d0f59494a47e585db3cb9ad3c7655eeaa4e9f0a2366867,merkle,repair_begin_wire_ms,0.112
size-scaling-k75-c300-n40000000-f32-k75-c300-fanout_f32_l16-merkle-r4,51adee0cf05d629970d0f59494a47e585db3cb9ad3c7655eeaa4e9f0a2366867,merkle,repair_transaction_block_ms,26.162
size-scaling-k75-c300-n40000000-f32-k75-c300-fanout_f32_l16-merkle-r4,51adee0cf05d629970d0f59494a47e585db3cb9ad3c7655eeaa4e9f0a2366867,merkle,repair_write_ms,26.167
size-scaling-k75-c300-n40000000-f32-k75-c300-fanout_f32_l16-merkle-r4,51adee0cf05d629970d0f59494a47e585db3cb9ad3c7655eeaa4e9f0a2366867,merkle,targeted_post_repair_confirmation_ms,3.619
size-scaling-k75-c300-n40000000-f32-k75-c300-fanout_f32_l16-merkle-r4,51adee0cf05d629970d0f59494a47e585db3cb9ad3c7655eeaa4e9f0a2366867,merkle,recovery_observability_ms,0.001
size-scaling-k75-c300-n40000000-f32-k75-c300-fanout_f32_l16-merkle-r4,51adee0cf05d629970d0f59494a47e585db3cb9ad3c7655eeaa4e9f0a2366867,merkle,recovery_orchestration_ms,1.508
size-scaling-k75-c300-n40000000-f32-k75-c300-fanout_f32_l16-merkle-r4,51adee0cf05d629970d0f59494a47e585db3cb9ad3c7655eeaa4e9f0a2366867,merkle,audit_exact_table_compare_ms,141521.458
size-scaling-k75-c300-n40000000-f32-k75-c300-fanout_f32_l16-merkle-r4,51adee0cf05d629970d0f59494a47e585db3cb9ad3c7655eeaa4e9f0a2366867,merkle,audit_merkle_root_hash_ms,1.329
size-scaling-k75-c300-n40000000-f32-k75-c300-fanout_f32_l16-merkle-r4,51adee0cf05d629970d0f59494a47e585db3cb9ad3c7655eeaa4e9f0a2366867,merkle,audit_merkle_verify_ms,121228.065
size-scaling-k75-c300-n40000000-f32-k75-c300-fanout_f32_l16-merkle-r4,51adee0cf05d629970d0f59494a47e585db3cb9ad3c7655eeaa4e9f0a2366867,merkle,audit_schema_fidelity_ms,2.162
size-scaling-k75-c300-n40000000-f32-k75-c300-fanout_f32_l16-merkle-r4,51adee0cf05d629970d0f59494a47e585db3cb9ad3c7655eeaa4e9f0a2366867,merkle,merkle_total_ms,265762.736
size-scaling-k75-c300-n40000000-f32-k75-c300-fanout_f32_l16-merkle-r5,51adee0cf05d629970d0f59494a47e585db3cb9ad3c7655eeaa4e9f0a2366867,merkle,tree_localisation_ms,177.246
size-scaling-k75-c300-n40000000-f32-k75-c300-fanout_f32_l16-merkle-r5,51adee0cf05d629970d0f59494a47e585db3cb9ad3c7655eeaa4e9f0a2366867,merkle,candidate_row_fetch_ms,21.989
size-scaling-k75-c300-n40000000-f32-k75-c300-fanout_f32_l16-merkle-r5,51adee0cf05d629970d0f59494a47e585db3cb9ad3c7655eeaa4e9f0a2366867,merkle,row_comparison_ms,0.756
size-scaling-k75-c300-n40000000-f32-k75-c300-fanout_f32_l16-merkle-r5,51adee0cf05d629970d0f59494a47e585db3cb9ad3c7655eeaa4e9f0a2366867,merkle,repair_sql_building_ms,0.579
size-scaling-k75-c300-n40000000-f32-k75-c300-fanout_f32_l16-merkle-r5,51adee0cf05d629970d0f59494a47e585db3cb9ad3c7655eeaa4e9f0a2366867,merkle,repair_dml_wire_ms,17.433
size-scaling-k75-c300-n40000000-f32-k75-c300-fanout_f32_l16-merkle-r5,51adee0cf05d629970d0f59494a47e585db3cb9ad3c7655eeaa4e9f0a2366867,merkle,repair_commit_wire_ms,8.352
size-scaling-k75-c300-n40000000-f32-k75-c300-fanout_f32_l16-merkle-r5,51adee0cf05d629970d0f59494a47e585db3cb9ad3c7655eeaa4e9f0a2366867,merkle,repair_begin_wire_ms,0.114
size-scaling-k75-c300-n40000000-f32-k75-c300-fanout_f32_l16-merkle-r5,51adee0cf05d629970d0f59494a47e585db3cb9ad3c7655eeaa4e9f0a2366867,merkle,repair_transaction_block_ms,26.535
size-scaling-k75-c300-n40000000-f32-k75-c300-fanout_f32_l16-merkle-r5,51adee0cf05d629970d0f59494a47e585db3cb9ad3c7655eeaa4e9f0a2366867,merkle,repair_write_ms,26.540
size-scaling-k75-c300-n40000000-f32-k75-c300-fanout_f32_l16-merkle-r5,51adee0cf05d629970d0f59494a47e585db3cb9ad3c7655eeaa4e9f0a2366867,merkle,targeted_post_repair_confirmation_ms,3.584
size-scaling-k75-c300-n40000000-f32-k75-c300-fanout_f32_l16-merkle-r5,51adee0cf05d629970d0f59494a47e585db3cb9ad3c7655eeaa4e9f0a2366867,merkle,recovery_observability_ms,0.001
size-scaling-k75-c300-n40000000-f32-k75-c300-fanout_f32_l16-merkle-r5,51adee0cf05d629970d0f59494a47e585db3cb9ad3c7655eeaa4e9f0a2366867,merkle,recovery_orchestration_ms,1.485
size-scaling-k75-c300-n40000000-f32-k75-c300-fanout_f32_l16-merkle-r5,51adee0cf05d629970d0f59494a47e585db3cb9ad3c7655eeaa4e9f0a2366867,merkle,audit_exact_table_compare_ms,140603.075
size-scaling-k75-c300-n40000000-f32-k75-c300-fanout_f32_l16-merkle-r5,51adee0cf05d629970d0f59494a47e585db3cb9ad3c7655eeaa4e9f0a2366867,merkle,audit_merkle_root_hash_ms,1.340
size-scaling-k75-c300-n40000000-f32-k75-c300-fanout_f32_l16-merkle-r5,51adee0cf05d629970d0f59494a47e585db3cb9ad3c7655eeaa4e9f0a2366867,merkle,audit_merkle_verify_ms,120927.432
size-scaling-k75-c300-n40000000-f32-k75-c300-fanout_f32_l16-merkle-r5,51adee0cf05d629970d0f59494a47e585db3cb9ad3c7655eeaa4e9f0a2366867,merkle,audit_schema_fidelity_ms,2.054
size-scaling-k75-c300-n40000000-f32-k75-c300-fanout_f32_l16-merkle-r5,51adee0cf05d629970d0f59494a47e585db3cb9ad3c7655eeaa4e9f0a2366867,merkle,merkle_total_ms,264543.815
size-scaling-k75-c300-n40000000-f32-k75-c300-fanout_f32_l16-merkle-r6,51adee0cf05d629970d0f59494a47e585db3cb9ad3c7655eeaa4e9f0a2366867,merkle,tree_localisation_ms,176.223
size-scaling-k75-c300-n40000000-f32-k75-c300-fanout_f32_l16-merkle-r6,51adee0cf05d629970d0f59494a47e585db3cb9ad3c7655eeaa4e9f0a2366867,merkle,candidate_row_fetch_ms,22.077
size-scaling-k75-c300-n40000000-f32-k75-c300-fanout_f32_l16-merkle-r6,51adee0cf05d629970d0f59494a47e585db3cb9ad3c7655eeaa4e9f0a2366867,merkle,row_comparison_ms,0.758
size-scaling-k75-c300-n40000000-f32-k75-c300-fanout_f32_l16-merkle-r6,51adee0cf05d629970d0f59494a47e585db3cb9ad3c7655eeaa4e9f0a2366867,merkle,repair_sql_building_ms,0.552
size-scaling-k75-c300-n40000000-f32-k75-c300-fanout_f32_l16-merkle-r6,51adee0cf05d629970d0f59494a47e585db3cb9ad3c7655eeaa4e9f0a2366867,merkle,repair_dml_wire_ms,17.286
size-scaling-k75-c300-n40000000-f32-k75-c300-fanout_f32_l16-merkle-r6,51adee0cf05d629970d0f59494a47e585db3cb9ad3c7655eeaa4e9f0a2366867,merkle,repair_commit_wire_ms,8.340
size-scaling-k75-c300-n40000000-f32-k75-c300-fanout_f32_l16-merkle-r6,51adee0cf05d629970d0f59494a47e585db3cb9ad3c7655eeaa4e9f0a2366867,merkle,repair_begin_wire_ms,0.113
size-scaling-k75-c300-n40000000-f32-k75-c300-fanout_f32_l16-merkle-r6,51adee0cf05d629970d0f59494a47e585db3cb9ad3c7655eeaa4e9f0a2366867,merkle,repair_transaction_block_ms,26.360
size-scaling-k75-c300-n40000000-f32-k75-c300-fanout_f32_l16-merkle-r6,51adee0cf05d629970d0f59494a47e585db3cb9ad3c7655eeaa4e9f0a2366867,merkle,repair_write_ms,26.364
size-scaling-k75-c300-n40000000-f32-k75-c300-fanout_f32_l16-merkle-r6,51adee0cf05d629970d0f59494a47e585db3cb9ad3c7655eeaa4e9f0a2366867,merkle,targeted_post_repair_confirmation_ms,3.586
size-scaling-k75-c300-n40000000-f32-k75-c300-fanout_f32_l16-merkle-r6,51adee0cf05d629970d0f59494a47e585db3cb9ad3c7655eeaa4e9f0a2366867,merkle,recovery_observability_ms,0.001
size-scaling-k75-c300-n40000000-f32-k75-c300-fanout_f32_l16-merkle-r6,51adee0cf05d629970d0f59494a47e585db3cb9ad3c7655eeaa4e9f0a2366867,merkle,recovery_orchestration_ms,1.475
size-scaling-k75-c300-n40000000-f32-k75-c300-fanout_f32_l16-merkle-r6,51adee0cf05d629970d0f59494a47e585db3cb9ad3c7655eeaa4e9f0a2366867,merkle,audit_exact_table_compare_ms,140924.217
size-scaling-k75-c300-n40000000-f32-k75-c300-fanout_f32_l16-merkle-r6,51adee0cf05d629970d0f59494a47e585db3cb9ad3c7655eeaa4e9f0a2366867,merkle,audit_merkle_root_hash_ms,1.330
size-scaling-k75-c300-n40000000-f32-k75-c300-fanout_f32_l16-merkle-r6,51adee0cf05d629970d0f59494a47e585db3cb9ad3c7655eeaa4e9f0a2366867,merkle,audit_merkle_verify_ms,121104.695
size-scaling-k75-c300-n40000000-f32-k75-c300-fanout_f32_l16-merkle-r6,51adee0cf05d629970d0f59494a47e585db3cb9ad3c7655eeaa4e9f0a2366867,merkle,audit_schema_fidelity_ms,2.034
size-scaling-k75-c300-n40000000-f32-k75-c300-fanout_f32_l16-merkle-r6,51adee0cf05d629970d0f59494a47e585db3cb9ad3c7655eeaa4e9f0a2366867,merkle,merkle_total_ms,265041.058
size-scaling-k75-c300-n40000000-f32-k75-c300-fanout_f32_l16-merkle-r7,51adee0cf05d629970d0f59494a47e585db3cb9ad3c7655eeaa4e9f0a2366867,merkle,tree_localisation_ms,175.766
size-scaling-k75-c300-n40000000-f32-k75-c300-fanout_f32_l16-merkle-r7,51adee0cf05d629970d0f59494a47e585db3cb9ad3c7655eeaa4e9f0a2366867,merkle,candidate_row_fetch_ms,22.314
size-scaling-k75-c300-n40000000-f32-k75-c300-fanout_f32_l16-merkle-r7,51adee0cf05d629970d0f59494a47e585db3cb9ad3c7655eeaa4e9f0a2366867,merkle,row_comparison_ms,0.744
size-scaling-k75-c300-n40000000-f32-k75-c300-fanout_f32_l16-merkle-r7,51adee0cf05d629970d0f59494a47e585db3cb9ad3c7655eeaa4e9f0a2366867,merkle,repair_sql_building_ms,0.566
size-scaling-k75-c300-n40000000-f32-k75-c300-fanout_f32_l16-merkle-r7,51adee0cf05d629970d0f59494a47e585db3cb9ad3c7655eeaa4e9f0a2366867,merkle,repair_dml_wire_ms,17.394
size-scaling-k75-c300-n40000000-f32-k75-c300-fanout_f32_l16-merkle-r7,51adee0cf05d629970d0f59494a47e585db3cb9ad3c7655eeaa4e9f0a2366867,merkle,repair_commit_wire_ms,8.335
size-scaling-k75-c300-n40000000-f32-k75-c300-fanout_f32_l16-merkle-r7,51adee0cf05d629970d0f59494a47e585db3cb9ad3c7655eeaa4e9f0a2366867,merkle,repair_begin_wire_ms,0.113
size-scaling-k75-c300-n40000000-f32-k75-c300-fanout_f32_l16-merkle-r7,51adee0cf05d629970d0f59494a47e585db3cb9ad3c7655eeaa4e9f0a2366867,merkle,repair_transaction_block_ms,26.483
size-scaling-k75-c300-n40000000-f32-k75-c300-fanout_f32_l16-merkle-r7,51adee0cf05d629970d0f59494a47e585db3cb9ad3c7655eeaa4e9f0a2366867,merkle,repair_write_ms,26.487
size-scaling-k75-c300-n40000000-f32-k75-c300-fanout_f32_l16-merkle-r7,51adee0cf05d629970d0f59494a47e585db3cb9ad3c7655eeaa4e9f0a2366867,merkle,targeted_post_repair_confirmation_ms,3.571
size-scaling-k75-c300-n40000000-f32-k75-c300-fanout_f32_l16-merkle-r7,51adee0cf05d629970d0f59494a47e585db3cb9ad3c7655eeaa4e9f0a2366867,merkle,recovery_observability_ms,0.001
size-scaling-k75-c300-n40000000-f32-k75-c300-fanout_f32_l16-merkle-r7,51adee0cf05d629970d0f59494a47e585db3cb9ad3c7655eeaa4e9f0a2366867,merkle,recovery_orchestration_ms,1.504
size-scaling-k75-c300-n40000000-f32-k75-c300-fanout_f32_l16-merkle-r7,51adee0cf05d629970d0f59494a47e585db3cb9ad3c7655eeaa4e9f0a2366867,merkle,audit_exact_table_compare_ms,140167.023
size-scaling-k75-c300-n40000000-f32-k75-c300-fanout_f32_l16-merkle-r7,51adee0cf05d629970d0f59494a47e585db3cb9ad3c7655eeaa4e9f0a2366867,merkle,audit_merkle_root_hash_ms,1.341
size-scaling-k75-c300-n40000000-f32-k75-c300-fanout_f32_l16-merkle-r7,51adee0cf05d629970d0f59494a47e585db3cb9ad3c7655eeaa4e9f0a2366867,merkle,audit_merkle_verify_ms,121129.208
size-scaling-k75-c300-n40000000-f32-k75-c300-fanout_f32_l16-merkle-r7,51adee0cf05d629970d0f59494a47e585db3cb9ad3c7655eeaa4e9f0a2366867,merkle,audit_schema_fidelity_ms,2.176
size-scaling-k75-c300-n40000000-f32-k75-c300-fanout_f32_l16-merkle-r7,51adee0cf05d629970d0f59494a47e585db3cb9ad3c7655eeaa4e9f0a2366867,merkle,merkle_total_ms,264308.753
size-scaling-k75-c300-n40000000-f32-k75-c300-fanout_f32_l16-merkle-r8,51adee0cf05d629970d0f59494a47e585db3cb9ad3c7655eeaa4e9f0a2366867,merkle,tree_localisation_ms,177.544
size-scaling-k75-c300-n40000000-f32-k75-c300-fanout_f32_l16-merkle-r8,51adee0cf05d629970d0f59494a47e585db3cb9ad3c7655eeaa4e9f0a2366867,merkle,candidate_row_fetch_ms,22.425
size-scaling-k75-c300-n40000000-f32-k75-c300-fanout_f32_l16-merkle-r8,51adee0cf05d629970d0f59494a47e585db3cb9ad3c7655eeaa4e9f0a2366867,merkle,row_comparison_ms,0.756
size-scaling-k75-c300-n40000000-f32-k75-c300-fanout_f32_l16-merkle-r8,51adee0cf05d629970d0f59494a47e585db3cb9ad3c7655eeaa4e9f0a2366867,merkle,repair_sql_building_ms,0.575
size-scaling-k75-c300-n40000000-f32-k75-c300-fanout_f32_l16-merkle-r8,51adee0cf05d629970d0f59494a47e585db3cb9ad3c7655eeaa4e9f0a2366867,merkle,repair_dml_wire_ms,17.466
size-scaling-k75-c300-n40000000-f32-k75-c300-fanout_f32_l16-merkle-r8,51adee0cf05d629970d0f59494a47e585db3cb9ad3c7655eeaa4e9f0a2366867,merkle,repair_commit_wire_ms,8.284
size-scaling-k75-c300-n40000000-f32-k75-c300-fanout_f32_l16-merkle-r8,51adee0cf05d629970d0f59494a47e585db3cb9ad3c7655eeaa4e9f0a2366867,merkle,repair_begin_wire_ms,0.115
size-scaling-k75-c300-n40000000-f32-k75-c300-fanout_f32_l16-merkle-r8,51adee0cf05d629970d0f59494a47e585db3cb9ad3c7655eeaa4e9f0a2366867,merkle,repair_transaction_block_ms,26.496
size-scaling-k75-c300-n40000000-f32-k75-c300-fanout_f32_l16-merkle-r8,51adee0cf05d629970d0f59494a47e585db3cb9ad3c7655eeaa4e9f0a2366867,merkle,repair_write_ms,26.500
size-scaling-k75-c300-n40000000-f32-k75-c300-fanout_f32_l16-merkle-r8,51adee0cf05d629970d0f59494a47e585db3cb9ad3c7655eeaa4e9f0a2366867,merkle,targeted_post_repair_confirmation_ms,3.630
size-scaling-k75-c300-n40000000-f32-k75-c300-fanout_f32_l16-merkle-r8,51adee0cf05d629970d0f59494a47e585db3cb9ad3c7655eeaa4e9f0a2366867,merkle,recovery_observability_ms,0.001
size-scaling-k75-c300-n40000000-f32-k75-c300-fanout_f32_l16-merkle-r8,51adee0cf05d629970d0f59494a47e585db3cb9ad3c7655eeaa4e9f0a2366867,merkle,recovery_orchestration_ms,1.487
size-scaling-k75-c300-n40000000-f32-k75-c300-fanout_f32_l16-merkle-r8,51adee0cf05d629970d0f59494a47e585db3cb9ad3c7655eeaa4e9f0a2366867,merkle,audit_exact_table_compare_ms,140615.356
size-scaling-k75-c300-n40000000-f32-k75-c300-fanout_f32_l16-merkle-r8,51adee0cf05d629970d0f59494a47e585db3cb9ad3c7655eeaa4e9f0a2366867,merkle,audit_merkle_root_hash_ms,1.339
size-scaling-k75-c300-n40000000-f32-k75-c300-fanout_f32_l16-merkle-r8,51adee0cf05d629970d0f59494a47e585db3cb9ad3c7655eeaa4e9f0a2366867,merkle,audit_merkle_verify_ms,121439.340
size-scaling-k75-c300-n40000000-f32-k75-c300-fanout_f32_l16-merkle-r8,51adee0cf05d629970d0f59494a47e585db3cb9ad3c7655eeaa4e9f0a2366867,merkle,audit_schema_fidelity_ms,2.169
size-scaling-k75-c300-n40000000-f32-k75-c300-fanout_f32_l16-merkle-r8,51adee0cf05d629970d0f59494a47e585db3cb9ad3c7655eeaa4e9f0a2366867,merkle,merkle_total_ms,265069.038
size-scaling-k75-c300-n40000000-f32-k75-c300-fanout_f32_l16-merkle-r9,51adee0cf05d629970d0f59494a47e585db3cb9ad3c7655eeaa4e9f0a2366867,merkle,tree_localisation_ms,181.249
size-scaling-k75-c300-n40000000-f32-k75-c300-fanout_f32_l16-merkle-r9,51adee0cf05d629970d0f59494a47e585db3cb9ad3c7655eeaa4e9f0a2366867,merkle,candidate_row_fetch_ms,22.822
size-scaling-k75-c300-n40000000-f32-k75-c300-fanout_f32_l16-merkle-r9,51adee0cf05d629970d0f59494a47e585db3cb9ad3c7655eeaa4e9f0a2366867,merkle,row_comparison_ms,0.753
size-scaling-k75-c300-n40000000-f32-k75-c300-fanout_f32_l16-merkle-r9,51adee0cf05d629970d0f59494a47e585db3cb9ad3c7655eeaa4e9f0a2366867,merkle,repair_sql_building_ms,0.575
size-scaling-k75-c300-n40000000-f32-k75-c300-fanout_f32_l16-merkle-r9,51adee0cf05d629970d0f59494a47e585db3cb9ad3c7655eeaa4e9f0a2366867,merkle,repair_dml_wire_ms,17.651
size-scaling-k75-c300-n40000000-f32-k75-c300-fanout_f32_l16-merkle-r9,51adee0cf05d629970d0f59494a47e585db3cb9ad3c7655eeaa4e9f0a2366867,merkle,repair_commit_wire_ms,8.282
size-scaling-k75-c300-n40000000-f32-k75-c300-fanout_f32_l16-merkle-r9,51adee0cf05d629970d0f59494a47e585db3cb9ad3c7655eeaa4e9f0a2366867,merkle,repair_begin_wire_ms,0.116
size-scaling-k75-c300-n40000000-f32-k75-c300-fanout_f32_l16-merkle-r9,51adee0cf05d629970d0f59494a47e585db3cb9ad3c7655eeaa4e9f0a2366867,merkle,repair_transaction_block_ms,26.679
size-scaling-k75-c300-n40000000-f32-k75-c300-fanout_f32_l16-merkle-r9,51adee0cf05d629970d0f59494a47e585db3cb9ad3c7655eeaa4e9f0a2366867,merkle,repair_write_ms,26.684
size-scaling-k75-c300-n40000000-f32-k75-c300-fanout_f32_l16-merkle-r9,51adee0cf05d629970d0f59494a47e585db3cb9ad3c7655eeaa4e9f0a2366867,merkle,targeted_post_repair_confirmation_ms,3.618
size-scaling-k75-c300-n40000000-f32-k75-c300-fanout_f32_l16-merkle-r9,51adee0cf05d629970d0f59494a47e585db3cb9ad3c7655eeaa4e9f0a2366867,merkle,recovery_observability_ms,0.001
size-scaling-k75-c300-n40000000-f32-k75-c300-fanout_f32_l16-merkle-r9,51adee0cf05d629970d0f59494a47e585db3cb9ad3c7655eeaa4e9f0a2366867,merkle,recovery_orchestration_ms,1.506
size-scaling-k75-c300-n40000000-f32-k75-c300-fanout_f32_l16-merkle-r9,51adee0cf05d629970d0f59494a47e585db3cb9ad3c7655eeaa4e9f0a2366867,merkle,audit_exact_table_compare_ms,142765.644
size-scaling-k75-c300-n40000000-f32-k75-c300-fanout_f32_l16-merkle-r9,51adee0cf05d629970d0f59494a47e585db3cb9ad3c7655eeaa4e9f0a2366867,merkle,audit_merkle_root_hash_ms,1.381
size-scaling-k75-c300-n40000000-f32-k75-c300-fanout_f32_l16-merkle-r9,51adee0cf05d629970d0f59494a47e585db3cb9ad3c7655eeaa4e9f0a2366867,merkle,audit_merkle_verify_ms,120966.128
size-scaling-k75-c300-n40000000-f32-k75-c300-fanout_f32_l16-merkle-r9,51adee0cf05d629970d0f59494a47e585db3cb9ad3c7655eeaa4e9f0a2366867,merkle,audit_schema_fidelity_ms,2.021
size-scaling-k75-c300-n40000000-f32-k75-c300-fanout_f32_l16-merkle-r9,51adee0cf05d629970d0f59494a47e585db3cb9ad3c7655eeaa4e9f0a2366867,merkle,merkle_total_ms,266752.193
size-scaling-k75-c300-n5000000-f32-k75-c300-fanout_f32_l16-merkle-r0,e757766a605948525a73fc45e935b5611c69954829bc4cf880e3dc38f9ff77dd,merkle,tree_localisation_ms,145.259
size-scaling-k75-c300-n5000000-f32-k75-c300-fanout_f32_l16-merkle-r0,e757766a605948525a73fc45e935b5611c69954829bc4cf880e3dc38f9ff77dd,merkle,candidate_row_fetch_ms,49.894
size-scaling-k75-c300-n5000000-f32-k75-c300-fanout_f32_l16-merkle-r0,e757766a605948525a73fc45e935b5611c69954829bc4cf880e3dc38f9ff77dd,merkle,row_comparison_ms,2.175
size-scaling-k75-c300-n5000000-f32-k75-c300-fanout_f32_l16-merkle-r0,e757766a605948525a73fc45e935b5611c69954829bc4cf880e3dc38f9ff77dd,merkle,repair_sql_building_ms,0.614
size-scaling-k75-c300-n5000000-f32-k75-c300-fanout_f32_l16-merkle-r0,e757766a605948525a73fc45e935b5611c69954829bc4cf880e3dc38f9ff77dd,merkle,repair_dml_wire_ms,17.636
size-scaling-k75-c300-n5000000-f32-k75-c300-fanout_f32_l16-merkle-r0,e757766a605948525a73fc45e935b5611c69954829bc4cf880e3dc38f9ff77dd,merkle,repair_commit_wire_ms,4.071
size-scaling-k75-c300-n5000000-f32-k75-c300-fanout_f32_l16-merkle-r0,e757766a605948525a73fc45e935b5611c69954829bc4cf880e3dc38f9ff77dd,merkle,repair_begin_wire_ms,0.156
size-scaling-k75-c300-n5000000-f32-k75-c300-fanout_f32_l16-merkle-r0,e757766a605948525a73fc45e935b5611c69954829bc4cf880e3dc38f9ff77dd,merkle,repair_transaction_block_ms,22.537
size-scaling-k75-c300-n5000000-f32-k75-c300-fanout_f32_l16-merkle-r0,e757766a605948525a73fc45e935b5611c69954829bc4cf880e3dc38f9ff77dd,merkle,repair_write_ms,22.541
size-scaling-k75-c300-n5000000-f32-k75-c300-fanout_f32_l16-merkle-r0,e757766a605948525a73fc45e935b5611c69954829bc4cf880e3dc38f9ff77dd,merkle,targeted_post_repair_confirmation_ms,3.575
size-scaling-k75-c300-n5000000-f32-k75-c300-fanout_f32_l16-merkle-r0,e757766a605948525a73fc45e935b5611c69954829bc4cf880e3dc38f9ff77dd,merkle,recovery_observability_ms,0.001
size-scaling-k75-c300-n5000000-f32-k75-c300-fanout_f32_l16-merkle-r0,e757766a605948525a73fc45e935b5611c69954829bc4cf880e3dc38f9ff77dd,merkle,recovery_orchestration_ms,1.959
size-scaling-k75-c300-n5000000-f32-k75-c300-fanout_f32_l16-merkle-r0,e757766a605948525a73fc45e935b5611c69954829bc4cf880e3dc38f9ff77dd,merkle,audit_exact_table_compare_ms,18442.391
size-scaling-k75-c300-n5000000-f32-k75-c300-fanout_f32_l16-merkle-r0,e757766a605948525a73fc45e935b5611c69954829bc4cf880e3dc38f9ff77dd,merkle,audit_merkle_root_hash_ms,1.306
size-scaling-k75-c300-n5000000-f32-k75-c300-fanout_f32_l16-merkle-r0,e757766a605948525a73fc45e935b5611c69954829bc4cf880e3dc38f9ff77dd,merkle,audit_merkle_verify_ms,15128.719
size-scaling-k75-c300-n5000000-f32-k75-c300-fanout_f32_l16-merkle-r0,e757766a605948525a73fc45e935b5611c69954829bc4cf880e3dc38f9ff77dd,merkle,audit_schema_fidelity_ms,2.193
size-scaling-k75-c300-n5000000-f32-k75-c300-fanout_f32_l16-merkle-r0,e757766a605948525a73fc45e935b5611c69954829bc4cf880e3dc38f9ff77dd,merkle,merkle_total_ms,36529.413
size-scaling-k75-c300-n5000000-f32-k75-c300-fanout_f32_l16-merkle-r1,e757766a605948525a73fc45e935b5611c69954829bc4cf880e3dc38f9ff77dd,merkle,tree_localisation_ms,134.892
size-scaling-k75-c300-n5000000-f32-k75-c300-fanout_f32_l16-merkle-r1,e757766a605948525a73fc45e935b5611c69954829bc4cf880e3dc38f9ff77dd,merkle,candidate_row_fetch_ms,50.117
size-scaling-k75-c300-n5000000-f32-k75-c300-fanout_f32_l16-merkle-r1,e757766a605948525a73fc45e935b5611c69954829bc4cf880e3dc38f9ff77dd,merkle,row_comparison_ms,2.297
size-scaling-k75-c300-n5000000-f32-k75-c300-fanout_f32_l16-merkle-r1,e757766a605948525a73fc45e935b5611c69954829bc4cf880e3dc38f9ff77dd,merkle,repair_sql_building_ms,0.617
size-scaling-k75-c300-n5000000-f32-k75-c300-fanout_f32_l16-merkle-r1,e757766a605948525a73fc45e935b5611c69954829bc4cf880e3dc38f9ff77dd,merkle,repair_dml_wire_ms,17.713
size-scaling-k75-c300-n5000000-f32-k75-c300-fanout_f32_l16-merkle-r1,e757766a605948525a73fc45e935b5611c69954829bc4cf880e3dc38f9ff77dd,merkle,repair_commit_wire_ms,4.078
size-scaling-k75-c300-n5000000-f32-k75-c300-fanout_f32_l16-merkle-r1,e757766a605948525a73fc45e935b5611c69954829bc4cf880e3dc38f9ff77dd,merkle,repair_begin_wire_ms,0.156
size-scaling-k75-c300-n5000000-f32-k75-c300-fanout_f32_l16-merkle-r1,e757766a605948525a73fc45e935b5611c69954829bc4cf880e3dc38f9ff77dd,merkle,repair_transaction_block_ms,22.622
size-scaling-k75-c300-n5000000-f32-k75-c300-fanout_f32_l16-merkle-r1,e757766a605948525a73fc45e935b5611c69954829bc4cf880e3dc38f9ff77dd,merkle,repair_write_ms,22.627
size-scaling-k75-c300-n5000000-f32-k75-c300-fanout_f32_l16-merkle-r1,e757766a605948525a73fc45e935b5611c69954829bc4cf880e3dc38f9ff77dd,merkle,targeted_post_repair_confirmation_ms,3.544
size-scaling-k75-c300-n5000000-f32-k75-c300-fanout_f32_l16-merkle-r1,e757766a605948525a73fc45e935b5611c69954829bc4cf880e3dc38f9ff77dd,merkle,recovery_observability_ms,0.001
size-scaling-k75-c300-n5000000-f32-k75-c300-fanout_f32_l16-merkle-r1,e757766a605948525a73fc45e935b5611c69954829bc4cf880e3dc38f9ff77dd,merkle,recovery_orchestration_ms,1.924
size-scaling-k75-c300-n5000000-f32-k75-c300-fanout_f32_l16-merkle-r1,e757766a605948525a73fc45e935b5611c69954829bc4cf880e3dc38f9ff77dd,merkle,audit_exact_table_compare_ms,18471.615
size-scaling-k75-c300-n5000000-f32-k75-c300-fanout_f32_l16-merkle-r1,e757766a605948525a73fc45e935b5611c69954829bc4cf880e3dc38f9ff77dd,merkle,audit_merkle_root_hash_ms,1.282
size-scaling-k75-c300-n5000000-f32-k75-c300-fanout_f32_l16-merkle-r1,e757766a605948525a73fc45e935b5611c69954829bc4cf880e3dc38f9ff77dd,merkle,audit_merkle_verify_ms,15238.905
size-scaling-k75-c300-n5000000-f32-k75-c300-fanout_f32_l16-merkle-r1,e757766a605948525a73fc45e935b5611c69954829bc4cf880e3dc38f9ff77dd,merkle,audit_schema_fidelity_ms,2.200
size-scaling-k75-c300-n5000000-f32-k75-c300-fanout_f32_l16-merkle-r1,e757766a605948525a73fc45e935b5611c69954829bc4cf880e3dc38f9ff77dd,merkle,merkle_total_ms,36659.019
size-scaling-k75-c300-n5000000-f32-k75-c300-fanout_f32_l16-merkle-r2,e757766a605948525a73fc45e935b5611c69954829bc4cf880e3dc38f9ff77dd,merkle,tree_localisation_ms,137.625
size-scaling-k75-c300-n5000000-f32-k75-c300-fanout_f32_l16-merkle-r2,e757766a605948525a73fc45e935b5611c69954829bc4cf880e3dc38f9ff77dd,merkle,candidate_row_fetch_ms,50.587
size-scaling-k75-c300-n5000000-f32-k75-c300-fanout_f32_l16-merkle-r2,e757766a605948525a73fc45e935b5611c69954829bc4cf880e3dc38f9ff77dd,merkle,row_comparison_ms,2.187
size-scaling-k75-c300-n5000000-f32-k75-c300-fanout_f32_l16-merkle-r2,e757766a605948525a73fc45e935b5611c69954829bc4cf880e3dc38f9ff77dd,merkle,repair_sql_building_ms,0.621
size-scaling-k75-c300-n5000000-f32-k75-c300-fanout_f32_l16-merkle-r2,e757766a605948525a73fc45e935b5611c69954829bc4cf880e3dc38f9ff77dd,merkle,repair_dml_wire_ms,18.137
size-scaling-k75-c300-n5000000-f32-k75-c300-fanout_f32_l16-merkle-r2,e757766a605948525a73fc45e935b5611c69954829bc4cf880e3dc38f9ff77dd,merkle,repair_commit_wire_ms,4.102
size-scaling-k75-c300-n5000000-f32-k75-c300-fanout_f32_l16-merkle-r2,e757766a605948525a73fc45e935b5611c69954829bc4cf880e3dc38f9ff77dd,merkle,repair_begin_wire_ms,0.165
size-scaling-k75-c300-n5000000-f32-k75-c300-fanout_f32_l16-merkle-r2,e757766a605948525a73fc45e935b5611c69954829bc4cf880e3dc38f9ff77dd,merkle,repair_transaction_block_ms,23.083
size-scaling-k75-c300-n5000000-f32-k75-c300-fanout_f32_l16-merkle-r2,e757766a605948525a73fc45e935b5611c69954829bc4cf880e3dc38f9ff77dd,merkle,repair_write_ms,23.089
size-scaling-k75-c300-n5000000-f32-k75-c300-fanout_f32_l16-merkle-r2,e757766a605948525a73fc45e935b5611c69954829bc4cf880e3dc38f9ff77dd,merkle,targeted_post_repair_confirmation_ms,3.556
size-scaling-k75-c300-n5000000-f32-k75-c300-fanout_f32_l16-merkle-r2,e757766a605948525a73fc45e935b5611c69954829bc4cf880e3dc38f9ff77dd,merkle,recovery_observability_ms,0.001
size-scaling-k75-c300-n5000000-f32-k75-c300-fanout_f32_l16-merkle-r2,e757766a605948525a73fc45e935b5611c69954829bc4cf880e3dc38f9ff77dd,merkle,recovery_orchestration_ms,1.932
size-scaling-k75-c300-n5000000-f32-k75-c300-fanout_f32_l16-merkle-r2,e757766a605948525a73fc45e935b5611c69954829bc4cf880e3dc38f9ff77dd,merkle,audit_exact_table_compare_ms,18501.424
size-scaling-k75-c300-n5000000-f32-k75-c300-fanout_f32_l16-merkle-r2,e757766a605948525a73fc45e935b5611c69954829bc4cf880e3dc38f9ff77dd,merkle,audit_merkle_root_hash_ms,1.267
size-scaling-k75-c300-n5000000-f32-k75-c300-fanout_f32_l16-merkle-r2,e757766a605948525a73fc45e935b5611c69954829bc4cf880e3dc38f9ff77dd,merkle,audit_merkle_verify_ms,15165.231
size-scaling-k75-c300-n5000000-f32-k75-c300-fanout_f32_l16-merkle-r2,e757766a605948525a73fc45e935b5611c69954829bc4cf880e3dc38f9ff77dd,merkle,audit_schema_fidelity_ms,2.161
size-scaling-k75-c300-n5000000-f32-k75-c300-fanout_f32_l16-merkle-r2,e757766a605948525a73fc45e935b5611c69954829bc4cf880e3dc38f9ff77dd,merkle,merkle_total_ms,36618.207
size-scaling-k75-c300-n5000000-f32-k75-c300-fanout_f32_l16-merkle-r3,e757766a605948525a73fc45e935b5611c69954829bc4cf880e3dc38f9ff77dd,merkle,tree_localisation_ms,134.423
size-scaling-k75-c300-n5000000-f32-k75-c300-fanout_f32_l16-merkle-r3,e757766a605948525a73fc45e935b5611c69954829bc4cf880e3dc38f9ff77dd,merkle,candidate_row_fetch_ms,50.480
size-scaling-k75-c300-n5000000-f32-k75-c300-fanout_f32_l16-merkle-r3,e757766a605948525a73fc45e935b5611c69954829bc4cf880e3dc38f9ff77dd,merkle,row_comparison_ms,2.262
size-scaling-k75-c300-n5000000-f32-k75-c300-fanout_f32_l16-merkle-r3,e757766a605948525a73fc45e935b5611c69954829bc4cf880e3dc38f9ff77dd,merkle,repair_sql_building_ms,0.642
size-scaling-k75-c300-n5000000-f32-k75-c300-fanout_f32_l16-merkle-r3,e757766a605948525a73fc45e935b5611c69954829bc4cf880e3dc38f9ff77dd,merkle,repair_dml_wire_ms,18.183
size-scaling-k75-c300-n5000000-f32-k75-c300-fanout_f32_l16-merkle-r3,e757766a605948525a73fc45e935b5611c69954829bc4cf880e3dc38f9ff77dd,merkle,repair_commit_wire_ms,4.110
size-scaling-k75-c300-n5000000-f32-k75-c300-fanout_f32_l16-merkle-r3,e757766a605948525a73fc45e935b5611c69954829bc4cf880e3dc38f9ff77dd,merkle,repair_begin_wire_ms,0.166
size-scaling-k75-c300-n5000000-f32-k75-c300-fanout_f32_l16-merkle-r3,e757766a605948525a73fc45e935b5611c69954829bc4cf880e3dc38f9ff77dd,merkle,repair_transaction_block_ms,23.160
size-scaling-k75-c300-n5000000-f32-k75-c300-fanout_f32_l16-merkle-r3,e757766a605948525a73fc45e935b5611c69954829bc4cf880e3dc38f9ff77dd,merkle,repair_write_ms,23.164
size-scaling-k75-c300-n5000000-f32-k75-c300-fanout_f32_l16-merkle-r3,e757766a605948525a73fc45e935b5611c69954829bc4cf880e3dc38f9ff77dd,merkle,targeted_post_repair_confirmation_ms,3.546
size-scaling-k75-c300-n5000000-f32-k75-c300-fanout_f32_l16-merkle-r3,e757766a605948525a73fc45e935b5611c69954829bc4cf880e3dc38f9ff77dd,merkle,recovery_observability_ms,0.001
size-scaling-k75-c300-n5000000-f32-k75-c300-fanout_f32_l16-merkle-r3,e757766a605948525a73fc45e935b5611c69954829bc4cf880e3dc38f9ff77dd,merkle,recovery_orchestration_ms,1.930
size-scaling-k75-c300-n5000000-f32-k75-c300-fanout_f32_l16-merkle-r3,e757766a605948525a73fc45e935b5611c69954829bc4cf880e3dc38f9ff77dd,merkle,audit_exact_table_compare_ms,18469.132
size-scaling-k75-c300-n5000000-f32-k75-c300-fanout_f32_l16-merkle-r3,e757766a605948525a73fc45e935b5611c69954829bc4cf880e3dc38f9ff77dd,merkle,audit_merkle_root_hash_ms,1.254
size-scaling-k75-c300-n5000000-f32-k75-c300-fanout_f32_l16-merkle-r3,e757766a605948525a73fc45e935b5611c69954829bc4cf880e3dc38f9ff77dd,merkle,audit_merkle_verify_ms,15148.074
size-scaling-k75-c300-n5000000-f32-k75-c300-fanout_f32_l16-merkle-r3,e757766a605948525a73fc45e935b5611c69954829bc4cf880e3dc38f9ff77dd,merkle,audit_schema_fidelity_ms,2.207
size-scaling-k75-c300-n5000000-f32-k75-c300-fanout_f32_l16-merkle-r3,e757766a605948525a73fc45e935b5611c69954829bc4cf880e3dc38f9ff77dd,merkle,merkle_total_ms,36565.453
size-scaling-k75-c300-n5000000-f32-k75-c300-fanout_f32_l16-merkle-r4,e757766a605948525a73fc45e935b5611c69954829bc4cf880e3dc38f9ff77dd,merkle,tree_localisation_ms,137.021
size-scaling-k75-c300-n5000000-f32-k75-c300-fanout_f32_l16-merkle-r4,e757766a605948525a73fc45e935b5611c69954829bc4cf880e3dc38f9ff77dd,merkle,candidate_row_fetch_ms,50.620
size-scaling-k75-c300-n5000000-f32-k75-c300-fanout_f32_l16-merkle-r4,e757766a605948525a73fc45e935b5611c69954829bc4cf880e3dc38f9ff77dd,merkle,row_comparison_ms,2.282
size-scaling-k75-c300-n5000000-f32-k75-c300-fanout_f32_l16-merkle-r4,e757766a605948525a73fc45e935b5611c69954829bc4cf880e3dc38f9ff77dd,merkle,repair_sql_building_ms,0.610
size-scaling-k75-c300-n5000000-f32-k75-c300-fanout_f32_l16-merkle-r4,e757766a605948525a73fc45e935b5611c69954829bc4cf880e3dc38f9ff77dd,merkle,repair_dml_wire_ms,18.241
size-scaling-k75-c300-n5000000-f32-k75-c300-fanout_f32_l16-merkle-r4,e757766a605948525a73fc45e935b5611c69954829bc4cf880e3dc38f9ff77dd,merkle,repair_commit_wire_ms,4.081
size-scaling-k75-c300-n5000000-f32-k75-c300-fanout_f32_l16-merkle-r4,e757766a605948525a73fc45e935b5611c69954829bc4cf880e3dc38f9ff77dd,merkle,repair_begin_wire_ms,0.160
size-scaling-k75-c300-n5000000-f32-k75-c300-fanout_f32_l16-merkle-r4,e757766a605948525a73fc45e935b5611c69954829bc4cf880e3dc38f9ff77dd,merkle,repair_transaction_block_ms,23.149
size-scaling-k75-c300-n5000000-f32-k75-c300-fanout_f32_l16-merkle-r4,e757766a605948525a73fc45e935b5611c69954829bc4cf880e3dc38f9ff77dd,merkle,repair_write_ms,23.154
size-scaling-k75-c300-n5000000-f32-k75-c300-fanout_f32_l16-merkle-r4,e757766a605948525a73fc45e935b5611c69954829bc4cf880e3dc38f9ff77dd,merkle,targeted_post_repair_confirmation_ms,3.505
size-scaling-k75-c300-n5000000-f32-k75-c300-fanout_f32_l16-merkle-r4,e757766a605948525a73fc45e935b5611c69954829bc4cf880e3dc38f9ff77dd,merkle,recovery_observability_ms,0.001
size-scaling-k75-c300-n5000000-f32-k75-c300-fanout_f32_l16-merkle-r4,e757766a605948525a73fc45e935b5611c69954829bc4cf880e3dc38f9ff77dd,merkle,recovery_orchestration_ms,1.956
size-scaling-k75-c300-n5000000-f32-k75-c300-fanout_f32_l16-merkle-r4,e757766a605948525a73fc45e935b5611c69954829bc4cf880e3dc38f9ff77dd,merkle,audit_exact_table_compare_ms,18472.816
size-scaling-k75-c300-n5000000-f32-k75-c300-fanout_f32_l16-merkle-r4,e757766a605948525a73fc45e935b5611c69954829bc4cf880e3dc38f9ff77dd,merkle,audit_merkle_root_hash_ms,1.251
size-scaling-k75-c300-n5000000-f32-k75-c300-fanout_f32_l16-merkle-r4,e757766a605948525a73fc45e935b5611c69954829bc4cf880e3dc38f9ff77dd,merkle,audit_merkle_verify_ms,15073.003
size-scaling-k75-c300-n5000000-f32-k75-c300-fanout_f32_l16-merkle-r4,e757766a605948525a73fc45e935b5611c69954829bc4cf880e3dc38f9ff77dd,merkle,audit_schema_fidelity_ms,2.188
size-scaling-k75-c300-n5000000-f32-k75-c300-fanout_f32_l16-merkle-r4,e757766a605948525a73fc45e935b5611c69954829bc4cf880e3dc38f9ff77dd,merkle,merkle_total_ms,36497.658
size-scaling-k75-c300-n5000000-f32-k75-c300-fanout_f32_l16-merkle-r5,e757766a605948525a73fc45e935b5611c69954829bc4cf880e3dc38f9ff77dd,merkle,tree_localisation_ms,133.907
size-scaling-k75-c300-n5000000-f32-k75-c300-fanout_f32_l16-merkle-r5,e757766a605948525a73fc45e935b5611c69954829bc4cf880e3dc38f9ff77dd,merkle,candidate_row_fetch_ms,50.716
size-scaling-k75-c300-n5000000-f32-k75-c300-fanout_f32_l16-merkle-r5,e757766a605948525a73fc45e935b5611c69954829bc4cf880e3dc38f9ff77dd,merkle,row_comparison_ms,2.260
size-scaling-k75-c300-n5000000-f32-k75-c300-fanout_f32_l16-merkle-r5,e757766a605948525a73fc45e935b5611c69954829bc4cf880e3dc38f9ff77dd,merkle,repair_sql_building_ms,0.641
size-scaling-k75-c300-n5000000-f32-k75-c300-fanout_f32_l16-merkle-r5,e757766a605948525a73fc45e935b5611c69954829bc4cf880e3dc38f9ff77dd,merkle,repair_dml_wire_ms,17.293
size-scaling-k75-c300-n5000000-f32-k75-c300-fanout_f32_l16-merkle-r5,e757766a605948525a73fc45e935b5611c69954829bc4cf880e3dc38f9ff77dd,merkle,repair_commit_wire_ms,4.040
size-scaling-k75-c300-n5000000-f32-k75-c300-fanout_f32_l16-merkle-r5,e757766a605948525a73fc45e935b5611c69954829bc4cf880e3dc38f9ff77dd,merkle,repair_begin_wire_ms,0.159
size-scaling-k75-c300-n5000000-f32-k75-c300-fanout_f32_l16-merkle-r5,e757766a605948525a73fc45e935b5611c69954829bc4cf880e3dc38f9ff77dd,merkle,repair_transaction_block_ms,22.189
size-scaling-k75-c300-n5000000-f32-k75-c300-fanout_f32_l16-merkle-r5,e757766a605948525a73fc45e935b5611c69954829bc4cf880e3dc38f9ff77dd,merkle,repair_write_ms,22.194
size-scaling-k75-c300-n5000000-f32-k75-c300-fanout_f32_l16-merkle-r5,e757766a605948525a73fc45e935b5611c69954829bc4cf880e3dc38f9ff77dd,merkle,targeted_post_repair_confirmation_ms,3.521
size-scaling-k75-c300-n5000000-f32-k75-c300-fanout_f32_l16-merkle-r5,e757766a605948525a73fc45e935b5611c69954829bc4cf880e3dc38f9ff77dd,merkle,recovery_observability_ms,0.001
size-scaling-k75-c300-n5000000-f32-k75-c300-fanout_f32_l16-merkle-r5,e757766a605948525a73fc45e935b5611c69954829bc4cf880e3dc38f9ff77dd,merkle,recovery_orchestration_ms,1.932
size-scaling-k75-c300-n5000000-f32-k75-c300-fanout_f32_l16-merkle-r5,e757766a605948525a73fc45e935b5611c69954829bc4cf880e3dc38f9ff77dd,merkle,audit_exact_table_compare_ms,18390.980
size-scaling-k75-c300-n5000000-f32-k75-c300-fanout_f32_l16-merkle-r5,e757766a605948525a73fc45e935b5611c69954829bc4cf880e3dc38f9ff77dd,merkle,audit_merkle_root_hash_ms,1.236
size-scaling-k75-c300-n5000000-f32-k75-c300-fanout_f32_l16-merkle-r5,e757766a605948525a73fc45e935b5611c69954829bc4cf880e3dc38f9ff77dd,merkle,audit_merkle_verify_ms,15095.734
size-scaling-k75-c300-n5000000-f32-k75-c300-fanout_f32_l16-merkle-r5,e757766a605948525a73fc45e935b5611c69954829bc4cf880e3dc38f9ff77dd,merkle,audit_schema_fidelity_ms,2.188
size-scaling-k75-c300-n5000000-f32-k75-c300-fanout_f32_l16-merkle-r5,e757766a605948525a73fc45e935b5611c69954829bc4cf880e3dc38f9ff77dd,merkle,merkle_total_ms,36433.470
size-scaling-k75-c300-n5000000-f32-k75-c300-fanout_f32_l16-merkle-r6,e757766a605948525a73fc45e935b5611c69954829bc4cf880e3dc38f9ff77dd,merkle,tree_localisation_ms,137.143
size-scaling-k75-c300-n5000000-f32-k75-c300-fanout_f32_l16-merkle-r6,e757766a605948525a73fc45e935b5611c69954829bc4cf880e3dc38f9ff77dd,merkle,candidate_row_fetch_ms,50.819
size-scaling-k75-c300-n5000000-f32-k75-c300-fanout_f32_l16-merkle-r6,e757766a605948525a73fc45e935b5611c69954829bc4cf880e3dc38f9ff77dd,merkle,row_comparison_ms,2.234
size-scaling-k75-c300-n5000000-f32-k75-c300-fanout_f32_l16-merkle-r6,e757766a605948525a73fc45e935b5611c69954829bc4cf880e3dc38f9ff77dd,merkle,repair_sql_building_ms,0.614
size-scaling-k75-c300-n5000000-f32-k75-c300-fanout_f32_l16-merkle-r6,e757766a605948525a73fc45e935b5611c69954829bc4cf880e3dc38f9ff77dd,merkle,repair_dml_wire_ms,17.498
size-scaling-k75-c300-n5000000-f32-k75-c300-fanout_f32_l16-merkle-r6,e757766a605948525a73fc45e935b5611c69954829bc4cf880e3dc38f9ff77dd,merkle,repair_commit_wire_ms,4.108
size-scaling-k75-c300-n5000000-f32-k75-c300-fanout_f32_l16-merkle-r6,e757766a605948525a73fc45e935b5611c69954829bc4cf880e3dc38f9ff77dd,merkle,repair_begin_wire_ms,0.163
size-scaling-k75-c300-n5000000-f32-k75-c300-fanout_f32_l16-merkle-r6,e757766a605948525a73fc45e935b5611c69954829bc4cf880e3dc38f9ff77dd,merkle,repair_transaction_block_ms,22.439
size-scaling-k75-c300-n5000000-f32-k75-c300-fanout_f32_l16-merkle-r6,e757766a605948525a73fc45e935b5611c69954829bc4cf880e3dc38f9ff77dd,merkle,repair_write_ms,22.444
size-scaling-k75-c300-n5000000-f32-k75-c300-fanout_f32_l16-merkle-r6,e757766a605948525a73fc45e935b5611c69954829bc4cf880e3dc38f9ff77dd,merkle,targeted_post_repair_confirmation_ms,3.522
size-scaling-k75-c300-n5000000-f32-k75-c300-fanout_f32_l16-merkle-r6,e757766a605948525a73fc45e935b5611c69954829bc4cf880e3dc38f9ff77dd,merkle,recovery_observability_ms,0.001
size-scaling-k75-c300-n5000000-f32-k75-c300-fanout_f32_l16-merkle-r6,e757766a605948525a73fc45e935b5611c69954829bc4cf880e3dc38f9ff77dd,merkle,recovery_orchestration_ms,1.935
size-scaling-k75-c300-n5000000-f32-k75-c300-fanout_f32_l16-merkle-r6,e757766a605948525a73fc45e935b5611c69954829bc4cf880e3dc38f9ff77dd,merkle,audit_exact_table_compare_ms,18456.216
size-scaling-k75-c300-n5000000-f32-k75-c300-fanout_f32_l16-merkle-r6,e757766a605948525a73fc45e935b5611c69954829bc4cf880e3dc38f9ff77dd,merkle,audit_merkle_root_hash_ms,1.252
size-scaling-k75-c300-n5000000-f32-k75-c300-fanout_f32_l16-merkle-r6,e757766a605948525a73fc45e935b5611c69954829bc4cf880e3dc38f9ff77dd,merkle,audit_merkle_verify_ms,15145.562
size-scaling-k75-c300-n5000000-f32-k75-c300-fanout_f32_l16-merkle-r6,e757766a605948525a73fc45e935b5611c69954829bc4cf880e3dc38f9ff77dd,merkle,audit_schema_fidelity_ms,2.060
size-scaling-k75-c300-n5000000-f32-k75-c300-fanout_f32_l16-merkle-r6,e757766a605948525a73fc45e935b5611c69954829bc4cf880e3dc38f9ff77dd,merkle,merkle_total_ms,36551.150
size-scaling-k75-c300-n5000000-f32-k75-c300-fanout_f32_l16-merkle-r7,e757766a605948525a73fc45e935b5611c69954829bc4cf880e3dc38f9ff77dd,merkle,tree_localisation_ms,140.165
size-scaling-k75-c300-n5000000-f32-k75-c300-fanout_f32_l16-merkle-r7,e757766a605948525a73fc45e935b5611c69954829bc4cf880e3dc38f9ff77dd,merkle,candidate_row_fetch_ms,51.151
size-scaling-k75-c300-n5000000-f32-k75-c300-fanout_f32_l16-merkle-r7,e757766a605948525a73fc45e935b5611c69954829bc4cf880e3dc38f9ff77dd,merkle,row_comparison_ms,2.288
size-scaling-k75-c300-n5000000-f32-k75-c300-fanout_f32_l16-merkle-r7,e757766a605948525a73fc45e935b5611c69954829bc4cf880e3dc38f9ff77dd,merkle,repair_sql_building_ms,0.605
size-scaling-k75-c300-n5000000-f32-k75-c300-fanout_f32_l16-merkle-r7,e757766a605948525a73fc45e935b5611c69954829bc4cf880e3dc38f9ff77dd,merkle,repair_dml_wire_ms,17.385
size-scaling-k75-c300-n5000000-f32-k75-c300-fanout_f32_l16-merkle-r7,e757766a605948525a73fc45e935b5611c69954829bc4cf880e3dc38f9ff77dd,merkle,repair_commit_wire_ms,4.087
size-scaling-k75-c300-n5000000-f32-k75-c300-fanout_f32_l16-merkle-r7,e757766a605948525a73fc45e935b5611c69954829bc4cf880e3dc38f9ff77dd,merkle,repair_begin_wire_ms,0.163
size-scaling-k75-c300-n5000000-f32-k75-c300-fanout_f32_l16-merkle-r7,e757766a605948525a73fc45e935b5611c69954829bc4cf880e3dc38f9ff77dd,merkle,repair_transaction_block_ms,22.297
size-scaling-k75-c300-n5000000-f32-k75-c300-fanout_f32_l16-merkle-r7,e757766a605948525a73fc45e935b5611c69954829bc4cf880e3dc38f9ff77dd,merkle,repair_write_ms,22.301
size-scaling-k75-c300-n5000000-f32-k75-c300-fanout_f32_l16-merkle-r7,e757766a605948525a73fc45e935b5611c69954829bc4cf880e3dc38f9ff77dd,merkle,targeted_post_repair_confirmation_ms,3.508
size-scaling-k75-c300-n5000000-f32-k75-c300-fanout_f32_l16-merkle-r7,e757766a605948525a73fc45e935b5611c69954829bc4cf880e3dc38f9ff77dd,merkle,recovery_observability_ms,0.001
size-scaling-k75-c300-n5000000-f32-k75-c300-fanout_f32_l16-merkle-r7,e757766a605948525a73fc45e935b5611c69954829bc4cf880e3dc38f9ff77dd,merkle,recovery_orchestration_ms,1.943
size-scaling-k75-c300-n5000000-f32-k75-c300-fanout_f32_l16-merkle-r7,e757766a605948525a73fc45e935b5611c69954829bc4cf880e3dc38f9ff77dd,merkle,audit_exact_table_compare_ms,18420.085
size-scaling-k75-c300-n5000000-f32-k75-c300-fanout_f32_l16-merkle-r7,e757766a605948525a73fc45e935b5611c69954829bc4cf880e3dc38f9ff77dd,merkle,audit_merkle_root_hash_ms,1.160
size-scaling-k75-c300-n5000000-f32-k75-c300-fanout_f32_l16-merkle-r7,e757766a605948525a73fc45e935b5611c69954829bc4cf880e3dc38f9ff77dd,merkle,audit_merkle_verify_ms,15166.875
size-scaling-k75-c300-n5000000-f32-k75-c300-fanout_f32_l16-merkle-r7,e757766a605948525a73fc45e935b5611c69954829bc4cf880e3dc38f9ff77dd,merkle,audit_schema_fidelity_ms,2.060
size-scaling-k75-c300-n5000000-f32-k75-c300-fanout_f32_l16-merkle-r7,e757766a605948525a73fc45e935b5611c69954829bc4cf880e3dc38f9ff77dd,merkle,merkle_total_ms,36540.617
size-scaling-k75-c300-n5000000-f32-k75-c300-fanout_f32_l16-merkle-r8,e757766a605948525a73fc45e935b5611c69954829bc4cf880e3dc38f9ff77dd,merkle,tree_localisation_ms,128.299
size-scaling-k75-c300-n5000000-f32-k75-c300-fanout_f32_l16-merkle-r8,e757766a605948525a73fc45e935b5611c69954829bc4cf880e3dc38f9ff77dd,merkle,candidate_row_fetch_ms,51.459
size-scaling-k75-c300-n5000000-f32-k75-c300-fanout_f32_l16-merkle-r8,e757766a605948525a73fc45e935b5611c69954829bc4cf880e3dc38f9ff77dd,merkle,row_comparison_ms,2.302
size-scaling-k75-c300-n5000000-f32-k75-c300-fanout_f32_l16-merkle-r8,e757766a605948525a73fc45e935b5611c69954829bc4cf880e3dc38f9ff77dd,merkle,repair_sql_building_ms,0.614
size-scaling-k75-c300-n5000000-f32-k75-c300-fanout_f32_l16-merkle-r8,e757766a605948525a73fc45e935b5611c69954829bc4cf880e3dc38f9ff77dd,merkle,repair_dml_wire_ms,17.642
size-scaling-k75-c300-n5000000-f32-k75-c300-fanout_f32_l16-merkle-r8,e757766a605948525a73fc45e935b5611c69954829bc4cf880e3dc38f9ff77dd,merkle,repair_commit_wire_ms,4.075
size-scaling-k75-c300-n5000000-f32-k75-c300-fanout_f32_l16-merkle-r8,e757766a605948525a73fc45e935b5611c69954829bc4cf880e3dc38f9ff77dd,merkle,repair_begin_wire_ms,0.161
size-scaling-k75-c300-n5000000-f32-k75-c300-fanout_f32_l16-merkle-r8,e757766a605948525a73fc45e935b5611c69954829bc4cf880e3dc38f9ff77dd,merkle,repair_transaction_block_ms,22.566
size-scaling-k75-c300-n5000000-f32-k75-c300-fanout_f32_l16-merkle-r8,e757766a605948525a73fc45e935b5611c69954829bc4cf880e3dc38f9ff77dd,merkle,repair_write_ms,22.571
size-scaling-k75-c300-n5000000-f32-k75-c300-fanout_f32_l16-merkle-r8,e757766a605948525a73fc45e935b5611c69954829bc4cf880e3dc38f9ff77dd,merkle,targeted_post_repair_confirmation_ms,3.552
size-scaling-k75-c300-n5000000-f32-k75-c300-fanout_f32_l16-merkle-r8,e757766a605948525a73fc45e935b5611c69954829bc4cf880e3dc38f9ff77dd,merkle,recovery_observability_ms,0.001
size-scaling-k75-c300-n5000000-f32-k75-c300-fanout_f32_l16-merkle-r8,e757766a605948525a73fc45e935b5611c69954829bc4cf880e3dc38f9ff77dd,merkle,recovery_orchestration_ms,2.023
size-scaling-k75-c300-n5000000-f32-k75-c300-fanout_f32_l16-merkle-r8,e757766a605948525a73fc45e935b5611c69954829bc4cf880e3dc38f9ff77dd,merkle,audit_exact_table_compare_ms,18434.117
size-scaling-k75-c300-n5000000-f32-k75-c300-fanout_f32_l16-merkle-r8,e757766a605948525a73fc45e935b5611c69954829bc4cf880e3dc38f9ff77dd,merkle,audit_merkle_root_hash_ms,1.256
size-scaling-k75-c300-n5000000-f32-k75-c300-fanout_f32_l16-merkle-r8,e757766a605948525a73fc45e935b5611c69954829bc4cf880e3dc38f9ff77dd,merkle,audit_merkle_verify_ms,15588.980
size-scaling-k75-c300-n5000000-f32-k75-c300-fanout_f32_l16-merkle-r8,e757766a605948525a73fc45e935b5611c69954829bc4cf880e3dc38f9ff77dd,merkle,audit_schema_fidelity_ms,2.041
size-scaling-k75-c300-n5000000-f32-k75-c300-fanout_f32_l16-merkle-r8,e757766a605948525a73fc45e935b5611c69954829bc4cf880e3dc38f9ff77dd,merkle,merkle_total_ms,37016.835
size-scaling-k75-c300-n5000000-f32-k75-c300-fanout_f32_l16-merkle-r9,e757766a605948525a73fc45e935b5611c69954829bc4cf880e3dc38f9ff77dd,merkle,tree_localisation_ms,137.314
size-scaling-k75-c300-n5000000-f32-k75-c300-fanout_f32_l16-merkle-r9,e757766a605948525a73fc45e935b5611c69954829bc4cf880e3dc38f9ff77dd,merkle,candidate_row_fetch_ms,51.849
size-scaling-k75-c300-n5000000-f32-k75-c300-fanout_f32_l16-merkle-r9,e757766a605948525a73fc45e935b5611c69954829bc4cf880e3dc38f9ff77dd,merkle,row_comparison_ms,2.259
size-scaling-k75-c300-n5000000-f32-k75-c300-fanout_f32_l16-merkle-r9,e757766a605948525a73fc45e935b5611c69954829bc4cf880e3dc38f9ff77dd,merkle,repair_sql_building_ms,0.623
size-scaling-k75-c300-n5000000-f32-k75-c300-fanout_f32_l16-merkle-r9,e757766a605948525a73fc45e935b5611c69954829bc4cf880e3dc38f9ff77dd,merkle,repair_dml_wire_ms,28.293
size-scaling-k75-c300-n5000000-f32-k75-c300-fanout_f32_l16-merkle-r9,e757766a605948525a73fc45e935b5611c69954829bc4cf880e3dc38f9ff77dd,merkle,repair_commit_wire_ms,4.158
size-scaling-k75-c300-n5000000-f32-k75-c300-fanout_f32_l16-merkle-r9,e757766a605948525a73fc45e935b5611c69954829bc4cf880e3dc38f9ff77dd,merkle,repair_begin_wire_ms,0.177
size-scaling-k75-c300-n5000000-f32-k75-c300-fanout_f32_l16-merkle-r9,e757766a605948525a73fc45e935b5611c69954829bc4cf880e3dc38f9ff77dd,merkle,repair_transaction_block_ms,33.306
size-scaling-k75-c300-n5000000-f32-k75-c300-fanout_f32_l16-merkle-r9,e757766a605948525a73fc45e935b5611c69954829bc4cf880e3dc38f9ff77dd,merkle,repair_write_ms,33.311
size-scaling-k75-c300-n5000000-f32-k75-c300-fanout_f32_l16-merkle-r9,e757766a605948525a73fc45e935b5611c69954829bc4cf880e3dc38f9ff77dd,merkle,targeted_post_repair_confirmation_ms,3.586
size-scaling-k75-c300-n5000000-f32-k75-c300-fanout_f32_l16-merkle-r9,e757766a605948525a73fc45e935b5611c69954829bc4cf880e3dc38f9ff77dd,merkle,recovery_observability_ms,0.001
size-scaling-k75-c300-n5000000-f32-k75-c300-fanout_f32_l16-merkle-r9,e757766a605948525a73fc45e935b5611c69954829bc4cf880e3dc38f9ff77dd,merkle,recovery_orchestration_ms,1.932
size-scaling-k75-c300-n5000000-f32-k75-c300-fanout_f32_l16-merkle-r9,e757766a605948525a73fc45e935b5611c69954829bc4cf880e3dc38f9ff77dd,merkle,audit_exact_table_compare_ms,18370.659
size-scaling-k75-c300-n5000000-f32-k75-c300-fanout_f32_l16-merkle-r9,e757766a605948525a73fc45e935b5611c69954829bc4cf880e3dc38f9ff77dd,merkle,audit_merkle_root_hash_ms,1.235
size-scaling-k75-c300-n5000000-f32-k75-c300-fanout_f32_l16-merkle-r9,e757766a605948525a73fc45e935b5611c69954829bc4cf880e3dc38f9ff77dd,merkle,audit_merkle_verify_ms,15128.639
size-scaling-k75-c300-n5000000-f32-k75-c300-fanout_f32_l16-merkle-r9,e757766a605948525a73fc45e935b5611c69954829bc4cf880e3dc38f9ff77dd,merkle,audit_schema_fidelity_ms,2.190
size-scaling-k75-c300-n5000000-f32-k75-c300-fanout_f32_l16-merkle-r9,e757766a605948525a73fc45e935b5611c69954829bc4cf880e3dc38f9ff77dd,merkle,merkle_total_ms,36461.362
size-scaling-k75-c300-n7000000-f32-k75-c300-fanout_f32_l16-merkle-r0,559d07a78ac9d6364a33119a4c3e30d0e57a02be6d60035e34656967d336b44b,merkle,tree_localisation_ms,177.253
size-scaling-k75-c300-n7000000-f32-k75-c300-fanout_f32_l16-merkle-r0,559d07a78ac9d6364a33119a4c3e30d0e57a02be6d60035e34656967d336b44b,merkle,candidate_row_fetch_ms,32.880
size-scaling-k75-c300-n7000000-f32-k75-c300-fanout_f32_l16-merkle-r0,559d07a78ac9d6364a33119a4c3e30d0e57a02be6d60035e34656967d336b44b,merkle,row_comparison_ms,1.374
size-scaling-k75-c300-n7000000-f32-k75-c300-fanout_f32_l16-merkle-r0,559d07a78ac9d6364a33119a4c3e30d0e57a02be6d60035e34656967d336b44b,merkle,repair_sql_building_ms,0.594
size-scaling-k75-c300-n7000000-f32-k75-c300-fanout_f32_l16-merkle-r0,559d07a78ac9d6364a33119a4c3e30d0e57a02be6d60035e34656967d336b44b,merkle,repair_dml_wire_ms,29.105
size-scaling-k75-c300-n7000000-f32-k75-c300-fanout_f32_l16-merkle-r0,559d07a78ac9d6364a33119a4c3e30d0e57a02be6d60035e34656967d336b44b,merkle,repair_commit_wire_ms,8.078
size-scaling-k75-c300-n7000000-f32-k75-c300-fanout_f32_l16-merkle-r0,559d07a78ac9d6364a33119a4c3e30d0e57a02be6d60035e34656967d336b44b,merkle,repair_begin_wire_ms,0.152
size-scaling-k75-c300-n7000000-f32-k75-c300-fanout_f32_l16-merkle-r0,559d07a78ac9d6364a33119a4c3e30d0e57a02be6d60035e34656967d336b44b,merkle,repair_transaction_block_ms,37.987
size-scaling-k75-c300-n7000000-f32-k75-c300-fanout_f32_l16-merkle-r0,559d07a78ac9d6364a33119a4c3e30d0e57a02be6d60035e34656967d336b44b,merkle,repair_write_ms,37.992
size-scaling-k75-c300-n7000000-f32-k75-c300-fanout_f32_l16-merkle-r0,559d07a78ac9d6364a33119a4c3e30d0e57a02be6d60035e34656967d336b44b,merkle,targeted_post_repair_confirmation_ms,3.617
size-scaling-k75-c300-n7000000-f32-k75-c300-fanout_f32_l16-merkle-r0,559d07a78ac9d6364a33119a4c3e30d0e57a02be6d60035e34656967d336b44b,merkle,recovery_observability_ms,0.001
size-scaling-k75-c300-n7000000-f32-k75-c300-fanout_f32_l16-merkle-r0,559d07a78ac9d6364a33119a4c3e30d0e57a02be6d60035e34656967d336b44b,merkle,recovery_orchestration_ms,1.689
size-scaling-k75-c300-n7000000-f32-k75-c300-fanout_f32_l16-merkle-r0,559d07a78ac9d6364a33119a4c3e30d0e57a02be6d60035e34656967d336b44b,merkle,audit_exact_table_compare_ms,25274.218
size-scaling-k75-c300-n7000000-f32-k75-c300-fanout_f32_l16-merkle-r0,559d07a78ac9d6364a33119a4c3e30d0e57a02be6d60035e34656967d336b44b,merkle,audit_merkle_root_hash_ms,1.332
size-scaling-k75-c300-n7000000-f32-k75-c300-fanout_f32_l16-merkle-r0,559d07a78ac9d6364a33119a4c3e30d0e57a02be6d60035e34656967d336b44b,merkle,audit_merkle_verify_ms,21238.676
size-scaling-k75-c300-n7000000-f32-k75-c300-fanout_f32_l16-merkle-r0,559d07a78ac9d6364a33119a4c3e30d0e57a02be6d60035e34656967d336b44b,merkle,audit_schema_fidelity_ms,2.164
size-scaling-k75-c300-n7000000-f32-k75-c300-fanout_f32_l16-merkle-r0,559d07a78ac9d6364a33119a4c3e30d0e57a02be6d60035e34656967d336b44b,merkle,merkle_total_ms,49551.950
size-scaling-k75-c300-n7000000-f32-k75-c300-fanout_f32_l16-merkle-r1,559d07a78ac9d6364a33119a4c3e30d0e57a02be6d60035e34656967d336b44b,merkle,tree_localisation_ms,160.631
size-scaling-k75-c300-n7000000-f32-k75-c300-fanout_f32_l16-merkle-r1,559d07a78ac9d6364a33119a4c3e30d0e57a02be6d60035e34656967d336b44b,merkle,candidate_row_fetch_ms,32.914
size-scaling-k75-c300-n7000000-f32-k75-c300-fanout_f32_l16-merkle-r1,559d07a78ac9d6364a33119a4c3e30d0e57a02be6d60035e34656967d336b44b,merkle,row_comparison_ms,1.334
size-scaling-k75-c300-n7000000-f32-k75-c300-fanout_f32_l16-merkle-r1,559d07a78ac9d6364a33119a4c3e30d0e57a02be6d60035e34656967d336b44b,merkle,repair_sql_building_ms,0.573
size-scaling-k75-c300-n7000000-f32-k75-c300-fanout_f32_l16-merkle-r1,559d07a78ac9d6364a33119a4c3e30d0e57a02be6d60035e34656967d336b44b,merkle,repair_dml_wire_ms,17.635
size-scaling-k75-c300-n7000000-f32-k75-c300-fanout_f32_l16-merkle-r1,559d07a78ac9d6364a33119a4c3e30d0e57a02be6d60035e34656967d336b44b,merkle,repair_commit_wire_ms,7.847
size-scaling-k75-c300-n7000000-f32-k75-c300-fanout_f32_l16-merkle-r1,559d07a78ac9d6364a33119a4c3e30d0e57a02be6d60035e34656967d336b44b,merkle,repair_begin_wire_ms,0.159
size-scaling-k75-c300-n7000000-f32-k75-c300-fanout_f32_l16-merkle-r1,559d07a78ac9d6364a33119a4c3e30d0e57a02be6d60035e34656967d336b44b,merkle,repair_transaction_block_ms,26.271
size-scaling-k75-c300-n7000000-f32-k75-c300-fanout_f32_l16-merkle-r1,559d07a78ac9d6364a33119a4c3e30d0e57a02be6d60035e34656967d336b44b,merkle,repair_write_ms,26.275
size-scaling-k75-c300-n7000000-f32-k75-c300-fanout_f32_l16-merkle-r1,559d07a78ac9d6364a33119a4c3e30d0e57a02be6d60035e34656967d336b44b,merkle,targeted_post_repair_confirmation_ms,3.576
size-scaling-k75-c300-n7000000-f32-k75-c300-fanout_f32_l16-merkle-r1,559d07a78ac9d6364a33119a4c3e30d0e57a02be6d60035e34656967d336b44b,merkle,recovery_observability_ms,0.001
size-scaling-k75-c300-n7000000-f32-k75-c300-fanout_f32_l16-merkle-r1,559d07a78ac9d6364a33119a4c3e30d0e57a02be6d60035e34656967d336b44b,merkle,recovery_orchestration_ms,1.694
size-scaling-k75-c300-n7000000-f32-k75-c300-fanout_f32_l16-merkle-r1,559d07a78ac9d6364a33119a4c3e30d0e57a02be6d60035e34656967d336b44b,merkle,audit_exact_table_compare_ms,25333.464
size-scaling-k75-c300-n7000000-f32-k75-c300-fanout_f32_l16-merkle-r1,559d07a78ac9d6364a33119a4c3e30d0e57a02be6d60035e34656967d336b44b,merkle,audit_merkle_root_hash_ms,1.347
size-scaling-k75-c300-n7000000-f32-k75-c300-fanout_f32_l16-merkle-r1,559d07a78ac9d6364a33119a4c3e30d0e57a02be6d60035e34656967d336b44b,merkle,audit_merkle_verify_ms,21276.445
size-scaling-k75-c300-n7000000-f32-k75-c300-fanout_f32_l16-merkle-r1,559d07a78ac9d6364a33119a4c3e30d0e57a02be6d60035e34656967d336b44b,merkle,audit_schema_fidelity_ms,2.185
size-scaling-k75-c300-n7000000-f32-k75-c300-fanout_f32_l16-merkle-r1,559d07a78ac9d6364a33119a4c3e30d0e57a02be6d60035e34656967d336b44b,merkle,merkle_total_ms,49620.650
size-scaling-k75-c300-n7000000-f32-k75-c300-fanout_f32_l16-merkle-r2,559d07a78ac9d6364a33119a4c3e30d0e57a02be6d60035e34656967d336b44b,merkle,tree_localisation_ms,160.851
size-scaling-k75-c300-n7000000-f32-k75-c300-fanout_f32_l16-merkle-r2,559d07a78ac9d6364a33119a4c3e30d0e57a02be6d60035e34656967d336b44b,merkle,candidate_row_fetch_ms,33.036
size-scaling-k75-c300-n7000000-f32-k75-c300-fanout_f32_l16-merkle-r2,559d07a78ac9d6364a33119a4c3e30d0e57a02be6d60035e34656967d336b44b,merkle,row_comparison_ms,1.357
size-scaling-k75-c300-n7000000-f32-k75-c300-fanout_f32_l16-merkle-r2,559d07a78ac9d6364a33119a4c3e30d0e57a02be6d60035e34656967d336b44b,merkle,repair_sql_building_ms,0.612
size-scaling-k75-c300-n7000000-f32-k75-c300-fanout_f32_l16-merkle-r2,559d07a78ac9d6364a33119a4c3e30d0e57a02be6d60035e34656967d336b44b,merkle,repair_dml_wire_ms,17.588
size-scaling-k75-c300-n7000000-f32-k75-c300-fanout_f32_l16-merkle-r2,559d07a78ac9d6364a33119a4c3e30d0e57a02be6d60035e34656967d336b44b,merkle,repair_commit_wire_ms,7.921
size-scaling-k75-c300-n7000000-f32-k75-c300-fanout_f32_l16-merkle-r2,559d07a78ac9d6364a33119a4c3e30d0e57a02be6d60035e34656967d336b44b,merkle,repair_begin_wire_ms,0.151
size-scaling-k75-c300-n7000000-f32-k75-c300-fanout_f32_l16-merkle-r2,559d07a78ac9d6364a33119a4c3e30d0e57a02be6d60035e34656967d336b44b,merkle,repair_transaction_block_ms,26.330
size-scaling-k75-c300-n7000000-f32-k75-c300-fanout_f32_l16-merkle-r2,559d07a78ac9d6364a33119a4c3e30d0e57a02be6d60035e34656967d336b44b,merkle,repair_write_ms,26.336
size-scaling-k75-c300-n7000000-f32-k75-c300-fanout_f32_l16-merkle-r2,559d07a78ac9d6364a33119a4c3e30d0e57a02be6d60035e34656967d336b44b,merkle,targeted_post_repair_confirmation_ms,3.609
size-scaling-k75-c300-n7000000-f32-k75-c300-fanout_f32_l16-merkle-r2,559d07a78ac9d6364a33119a4c3e30d0e57a02be6d60035e34656967d336b44b,merkle,recovery_observability_ms,0.001
size-scaling-k75-c300-n7000000-f32-k75-c300-fanout_f32_l16-merkle-r2,559d07a78ac9d6364a33119a4c3e30d0e57a02be6d60035e34656967d336b44b,merkle,recovery_orchestration_ms,1.668
size-scaling-k75-c300-n7000000-f32-k75-c300-fanout_f32_l16-merkle-r2,559d07a78ac9d6364a33119a4c3e30d0e57a02be6d60035e34656967d336b44b,merkle,audit_exact_table_compare_ms,25274.474
size-scaling-k75-c300-n7000000-f32-k75-c300-fanout_f32_l16-merkle-r2,559d07a78ac9d6364a33119a4c3e30d0e57a02be6d60035e34656967d336b44b,merkle,audit_merkle_root_hash_ms,1.286
size-scaling-k75-c300-n7000000-f32-k75-c300-fanout_f32_l16-merkle-r2,559d07a78ac9d6364a33119a4c3e30d0e57a02be6d60035e34656967d336b44b,merkle,audit_merkle_verify_ms,21251.660
size-scaling-k75-c300-n7000000-f32-k75-c300-fanout_f32_l16-merkle-r2,559d07a78ac9d6364a33119a4c3e30d0e57a02be6d60035e34656967d336b44b,merkle,audit_schema_fidelity_ms,2.174
size-scaling-k75-c300-n7000000-f32-k75-c300-fanout_f32_l16-merkle-r2,559d07a78ac9d6364a33119a4c3e30d0e57a02be6d60035e34656967d336b44b,merkle,merkle_total_ms,49536.851
size-scaling-k75-c300-n7000000-f32-k75-c300-fanout_f32_l16-merkle-r3,559d07a78ac9d6364a33119a4c3e30d0e57a02be6d60035e34656967d336b44b,merkle,tree_localisation_ms,160.425
size-scaling-k75-c300-n7000000-f32-k75-c300-fanout_f32_l16-merkle-r3,559d07a78ac9d6364a33119a4c3e30d0e57a02be6d60035e34656967d336b44b,merkle,candidate_row_fetch_ms,33.555
size-scaling-k75-c300-n7000000-f32-k75-c300-fanout_f32_l16-merkle-r3,559d07a78ac9d6364a33119a4c3e30d0e57a02be6d60035e34656967d336b44b,merkle,row_comparison_ms,1.323
size-scaling-k75-c300-n7000000-f32-k75-c300-fanout_f32_l16-merkle-r3,559d07a78ac9d6364a33119a4c3e30d0e57a02be6d60035e34656967d336b44b,merkle,repair_sql_building_ms,0.590
size-scaling-k75-c300-n7000000-f32-k75-c300-fanout_f32_l16-merkle-r3,559d07a78ac9d6364a33119a4c3e30d0e57a02be6d60035e34656967d336b44b,merkle,repair_dml_wire_ms,17.478
size-scaling-k75-c300-n7000000-f32-k75-c300-fanout_f32_l16-merkle-r3,559d07a78ac9d6364a33119a4c3e30d0e57a02be6d60035e34656967d336b44b,merkle,repair_commit_wire_ms,7.846
size-scaling-k75-c300-n7000000-f32-k75-c300-fanout_f32_l16-merkle-r3,559d07a78ac9d6364a33119a4c3e30d0e57a02be6d60035e34656967d336b44b,merkle,repair_begin_wire_ms,0.156
size-scaling-k75-c300-n7000000-f32-k75-c300-fanout_f32_l16-merkle-r3,559d07a78ac9d6364a33119a4c3e30d0e57a02be6d60035e34656967d336b44b,merkle,repair_transaction_block_ms,26.130
size-scaling-k75-c300-n7000000-f32-k75-c300-fanout_f32_l16-merkle-r3,559d07a78ac9d6364a33119a4c3e30d0e57a02be6d60035e34656967d336b44b,merkle,repair_write_ms,26.134
size-scaling-k75-c300-n7000000-f32-k75-c300-fanout_f32_l16-merkle-r3,559d07a78ac9d6364a33119a4c3e30d0e57a02be6d60035e34656967d336b44b,merkle,targeted_post_repair_confirmation_ms,3.623
size-scaling-k75-c300-n7000000-f32-k75-c300-fanout_f32_l16-merkle-r3,559d07a78ac9d6364a33119a4c3e30d0e57a02be6d60035e34656967d336b44b,merkle,recovery_observability_ms,0.001
size-scaling-k75-c300-n7000000-f32-k75-c300-fanout_f32_l16-merkle-r3,559d07a78ac9d6364a33119a4c3e30d0e57a02be6d60035e34656967d336b44b,merkle,recovery_orchestration_ms,1.654
size-scaling-k75-c300-n7000000-f32-k75-c300-fanout_f32_l16-merkle-r3,559d07a78ac9d6364a33119a4c3e30d0e57a02be6d60035e34656967d336b44b,merkle,audit_exact_table_compare_ms,25309.009
size-scaling-k75-c300-n7000000-f32-k75-c300-fanout_f32_l16-merkle-r3,559d07a78ac9d6364a33119a4c3e30d0e57a02be6d60035e34656967d336b44b,merkle,audit_merkle_root_hash_ms,1.301
size-scaling-k75-c300-n7000000-f32-k75-c300-fanout_f32_l16-merkle-r3,559d07a78ac9d6364a33119a4c3e30d0e57a02be6d60035e34656967d336b44b,merkle,audit_merkle_verify_ms,21134.000
size-scaling-k75-c300-n7000000-f32-k75-c300-fanout_f32_l16-merkle-r3,559d07a78ac9d6364a33119a4c3e30d0e57a02be6d60035e34656967d336b44b,merkle,audit_schema_fidelity_ms,2.036
size-scaling-k75-c300-n7000000-f32-k75-c300-fanout_f32_l16-merkle-r3,559d07a78ac9d6364a33119a4c3e30d0e57a02be6d60035e34656967d336b44b,merkle,merkle_total_ms,49453.459
size-scaling-k75-c300-n7000000-f32-k75-c300-fanout_f32_l16-merkle-r4,559d07a78ac9d6364a33119a4c3e30d0e57a02be6d60035e34656967d336b44b,merkle,tree_localisation_ms,161.593
size-scaling-k75-c300-n7000000-f32-k75-c300-fanout_f32_l16-merkle-r4,559d07a78ac9d6364a33119a4c3e30d0e57a02be6d60035e34656967d336b44b,merkle,candidate_row_fetch_ms,33.522
size-scaling-k75-c300-n7000000-f32-k75-c300-fanout_f32_l16-merkle-r4,559d07a78ac9d6364a33119a4c3e30d0e57a02be6d60035e34656967d336b44b,merkle,row_comparison_ms,1.377
size-scaling-k75-c300-n7000000-f32-k75-c300-fanout_f32_l16-merkle-r4,559d07a78ac9d6364a33119a4c3e30d0e57a02be6d60035e34656967d336b44b,merkle,repair_sql_building_ms,0.600
size-scaling-k75-c300-n7000000-f32-k75-c300-fanout_f32_l16-merkle-r4,559d07a78ac9d6364a33119a4c3e30d0e57a02be6d60035e34656967d336b44b,merkle,repair_dml_wire_ms,17.191
size-scaling-k75-c300-n7000000-f32-k75-c300-fanout_f32_l16-merkle-r4,559d07a78ac9d6364a33119a4c3e30d0e57a02be6d60035e34656967d336b44b,merkle,repair_commit_wire_ms,7.864
size-scaling-k75-c300-n7000000-f32-k75-c300-fanout_f32_l16-merkle-r4,559d07a78ac9d6364a33119a4c3e30d0e57a02be6d60035e34656967d336b44b,merkle,repair_begin_wire_ms,0.155
size-scaling-k75-c300-n7000000-f32-k75-c300-fanout_f32_l16-merkle-r4,559d07a78ac9d6364a33119a4c3e30d0e57a02be6d60035e34656967d336b44b,merkle,repair_transaction_block_ms,25.868
size-scaling-k75-c300-n7000000-f32-k75-c300-fanout_f32_l16-merkle-r4,559d07a78ac9d6364a33119a4c3e30d0e57a02be6d60035e34656967d336b44b,merkle,repair_write_ms,25.873
size-scaling-k75-c300-n7000000-f32-k75-c300-fanout_f32_l16-merkle-r4,559d07a78ac9d6364a33119a4c3e30d0e57a02be6d60035e34656967d336b44b,merkle,targeted_post_repair_confirmation_ms,3.590
size-scaling-k75-c300-n7000000-f32-k75-c300-fanout_f32_l16-merkle-r4,559d07a78ac9d6364a33119a4c3e30d0e57a02be6d60035e34656967d336b44b,merkle,recovery_observability_ms,0.001
size-scaling-k75-c300-n7000000-f32-k75-c300-fanout_f32_l16-merkle-r4,559d07a78ac9d6364a33119a4c3e30d0e57a02be6d60035e34656967d336b44b,merkle,recovery_orchestration_ms,1.825
size-scaling-k75-c300-n7000000-f32-k75-c300-fanout_f32_l16-merkle-r4,559d07a78ac9d6364a33119a4c3e30d0e57a02be6d60035e34656967d336b44b,merkle,audit_exact_table_compare_ms,25331.318
size-scaling-k75-c300-n7000000-f32-k75-c300-fanout_f32_l16-merkle-r4,559d07a78ac9d6364a33119a4c3e30d0e57a02be6d60035e34656967d336b44b,merkle,audit_merkle_root_hash_ms,1.301
size-scaling-k75-c300-n7000000-f32-k75-c300-fanout_f32_l16-merkle-r4,559d07a78ac9d6364a33119a4c3e30d0e57a02be6d60035e34656967d336b44b,merkle,audit_merkle_verify_ms,21118.704
size-scaling-k75-c300-n7000000-f32-k75-c300-fanout_f32_l16-merkle-r4,559d07a78ac9d6364a33119a4c3e30d0e57a02be6d60035e34656967d336b44b,merkle,audit_schema_fidelity_ms,2.172
size-scaling-k75-c300-n7000000-f32-k75-c300-fanout_f32_l16-merkle-r4,559d07a78ac9d6364a33119a4c3e30d0e57a02be6d60035e34656967d336b44b,merkle,merkle_total_ms,49461.206
size-scaling-k75-c300-n7000000-f32-k75-c300-fanout_f32_l16-merkle-r5,559d07a78ac9d6364a33119a4c3e30d0e57a02be6d60035e34656967d336b44b,merkle,tree_localisation_ms,160.679
size-scaling-k75-c300-n7000000-f32-k75-c300-fanout_f32_l16-merkle-r5,559d07a78ac9d6364a33119a4c3e30d0e57a02be6d60035e34656967d336b44b,merkle,candidate_row_fetch_ms,33.720
size-scaling-k75-c300-n7000000-f32-k75-c300-fanout_f32_l16-merkle-r5,559d07a78ac9d6364a33119a4c3e30d0e57a02be6d60035e34656967d336b44b,merkle,row_comparison_ms,1.307
size-scaling-k75-c300-n7000000-f32-k75-c300-fanout_f32_l16-merkle-r5,559d07a78ac9d6364a33119a4c3e30d0e57a02be6d60035e34656967d336b44b,merkle,repair_sql_building_ms,0.594
size-scaling-k75-c300-n7000000-f32-k75-c300-fanout_f32_l16-merkle-r5,559d07a78ac9d6364a33119a4c3e30d0e57a02be6d60035e34656967d336b44b,merkle,repair_dml_wire_ms,17.250
size-scaling-k75-c300-n7000000-f32-k75-c300-fanout_f32_l16-merkle-r5,559d07a78ac9d6364a33119a4c3e30d0e57a02be6d60035e34656967d336b44b,merkle,repair_commit_wire_ms,7.860
size-scaling-k75-c300-n7000000-f32-k75-c300-fanout_f32_l16-merkle-r5,559d07a78ac9d6364a33119a4c3e30d0e57a02be6d60035e34656967d336b44b,merkle,repair_begin_wire_ms,0.122
size-scaling-k75-c300-n7000000-f32-k75-c300-fanout_f32_l16-merkle-r5,559d07a78ac9d6364a33119a4c3e30d0e57a02be6d60035e34656967d336b44b,merkle,repair_transaction_block_ms,25.884
size-scaling-k75-c300-n7000000-f32-k75-c300-fanout_f32_l16-merkle-r5,559d07a78ac9d6364a33119a4c3e30d0e57a02be6d60035e34656967d336b44b,merkle,repair_write_ms,25.888
size-scaling-k75-c300-n7000000-f32-k75-c300-fanout_f32_l16-merkle-r5,559d07a78ac9d6364a33119a4c3e30d0e57a02be6d60035e34656967d336b44b,merkle,targeted_post_repair_confirmation_ms,3.571
size-scaling-k75-c300-n7000000-f32-k75-c300-fanout_f32_l16-merkle-r5,559d07a78ac9d6364a33119a4c3e30d0e57a02be6d60035e34656967d336b44b,merkle,recovery_observability_ms,0.001
size-scaling-k75-c300-n7000000-f32-k75-c300-fanout_f32_l16-merkle-r5,559d07a78ac9d6364a33119a4c3e30d0e57a02be6d60035e34656967d336b44b,merkle,recovery_orchestration_ms,1.827
size-scaling-k75-c300-n7000000-f32-k75-c300-fanout_f32_l16-merkle-r5,559d07a78ac9d6364a33119a4c3e30d0e57a02be6d60035e34656967d336b44b,merkle,audit_exact_table_compare_ms,25362.361
size-scaling-k75-c300-n7000000-f32-k75-c300-fanout_f32_l16-merkle-r5,559d07a78ac9d6364a33119a4c3e30d0e57a02be6d60035e34656967d336b44b,merkle,audit_merkle_root_hash_ms,1.312
size-scaling-k75-c300-n7000000-f32-k75-c300-fanout_f32_l16-merkle-r5,559d07a78ac9d6364a33119a4c3e30d0e57a02be6d60035e34656967d336b44b,merkle,audit_merkle_verify_ms,21158.600
size-scaling-k75-c300-n7000000-f32-k75-c300-fanout_f32_l16-merkle-r5,559d07a78ac9d6364a33119a4c3e30d0e57a02be6d60035e34656967d336b44b,merkle,audit_schema_fidelity_ms,2.073
size-scaling-k75-c300-n7000000-f32-k75-c300-fanout_f32_l16-merkle-r5,559d07a78ac9d6364a33119a4c3e30d0e57a02be6d60035e34656967d336b44b,merkle,merkle_total_ms,49532.121
size-scaling-k75-c300-n7000000-f32-k75-c300-fanout_f32_l16-merkle-r6,559d07a78ac9d6364a33119a4c3e30d0e57a02be6d60035e34656967d336b44b,merkle,tree_localisation_ms,162.940
size-scaling-k75-c300-n7000000-f32-k75-c300-fanout_f32_l16-merkle-r6,559d07a78ac9d6364a33119a4c3e30d0e57a02be6d60035e34656967d336b44b,merkle,candidate_row_fetch_ms,33.903
size-scaling-k75-c300-n7000000-f32-k75-c300-fanout_f32_l16-merkle-r6,559d07a78ac9d6364a33119a4c3e30d0e57a02be6d60035e34656967d336b44b,merkle,row_comparison_ms,1.313
size-scaling-k75-c300-n7000000-f32-k75-c300-fanout_f32_l16-merkle-r6,559d07a78ac9d6364a33119a4c3e30d0e57a02be6d60035e34656967d336b44b,merkle,repair_sql_building_ms,0.583
size-scaling-k75-c300-n7000000-f32-k75-c300-fanout_f32_l16-merkle-r6,559d07a78ac9d6364a33119a4c3e30d0e57a02be6d60035e34656967d336b44b,merkle,repair_dml_wire_ms,16.901
size-scaling-k75-c300-n7000000-f32-k75-c300-fanout_f32_l16-merkle-r6,559d07a78ac9d6364a33119a4c3e30d0e57a02be6d60035e34656967d336b44b,merkle,repair_commit_wire_ms,7.933
size-scaling-k75-c300-n7000000-f32-k75-c300-fanout_f32_l16-merkle-r6,559d07a78ac9d6364a33119a4c3e30d0e57a02be6d60035e34656967d336b44b,merkle,repair_begin_wire_ms,0.169
size-scaling-k75-c300-n7000000-f32-k75-c300-fanout_f32_l16-merkle-r6,559d07a78ac9d6364a33119a4c3e30d0e57a02be6d60035e34656967d336b44b,merkle,repair_transaction_block_ms,25.643
size-scaling-k75-c300-n7000000-f32-k75-c300-fanout_f32_l16-merkle-r6,559d07a78ac9d6364a33119a4c3e30d0e57a02be6d60035e34656967d336b44b,merkle,repair_write_ms,25.647
size-scaling-k75-c300-n7000000-f32-k75-c300-fanout_f32_l16-merkle-r6,559d07a78ac9d6364a33119a4c3e30d0e57a02be6d60035e34656967d336b44b,merkle,targeted_post_repair_confirmation_ms,3.627
size-scaling-k75-c300-n7000000-f32-k75-c300-fanout_f32_l16-merkle-r6,559d07a78ac9d6364a33119a4c3e30d0e57a02be6d60035e34656967d336b44b,merkle,recovery_observability_ms,0.001
size-scaling-k75-c300-n7000000-f32-k75-c300-fanout_f32_l16-merkle-r6,559d07a78ac9d6364a33119a4c3e30d0e57a02be6d60035e34656967d336b44b,merkle,recovery_orchestration_ms,1.708
size-scaling-k75-c300-n7000000-f32-k75-c300-fanout_f32_l16-merkle-r6,559d07a78ac9d6364a33119a4c3e30d0e57a02be6d60035e34656967d336b44b,merkle,audit_exact_table_compare_ms,25344.154
size-scaling-k75-c300-n7000000-f32-k75-c300-fanout_f32_l16-merkle-r6,559d07a78ac9d6364a33119a4c3e30d0e57a02be6d60035e34656967d336b44b,merkle,audit_merkle_root_hash_ms,1.308
size-scaling-k75-c300-n7000000-f32-k75-c300-fanout_f32_l16-merkle-r6,559d07a78ac9d6364a33119a4c3e30d0e57a02be6d60035e34656967d336b44b,merkle,audit_merkle_verify_ms,21146.522
size-scaling-k75-c300-n7000000-f32-k75-c300-fanout_f32_l16-merkle-r6,559d07a78ac9d6364a33119a4c3e30d0e57a02be6d60035e34656967d336b44b,merkle,audit_schema_fidelity_ms,2.179
size-scaling-k75-c300-n7000000-f32-k75-c300-fanout_f32_l16-merkle-r6,559d07a78ac9d6364a33119a4c3e30d0e57a02be6d60035e34656967d336b44b,merkle,merkle_total_ms,49503.584
size-scaling-k75-c300-n7000000-f32-k75-c300-fanout_f32_l16-merkle-r7,559d07a78ac9d6364a33119a4c3e30d0e57a02be6d60035e34656967d336b44b,merkle,tree_localisation_ms,163.752
size-scaling-k75-c300-n7000000-f32-k75-c300-fanout_f32_l16-merkle-r7,559d07a78ac9d6364a33119a4c3e30d0e57a02be6d60035e34656967d336b44b,merkle,candidate_row_fetch_ms,34.092
size-scaling-k75-c300-n7000000-f32-k75-c300-fanout_f32_l16-merkle-r7,559d07a78ac9d6364a33119a4c3e30d0e57a02be6d60035e34656967d336b44b,merkle,row_comparison_ms,1.347
size-scaling-k75-c300-n7000000-f32-k75-c300-fanout_f32_l16-merkle-r7,559d07a78ac9d6364a33119a4c3e30d0e57a02be6d60035e34656967d336b44b,merkle,repair_sql_building_ms,0.613
size-scaling-k75-c300-n7000000-f32-k75-c300-fanout_f32_l16-merkle-r7,559d07a78ac9d6364a33119a4c3e30d0e57a02be6d60035e34656967d336b44b,merkle,repair_dml_wire_ms,16.998
size-scaling-k75-c300-n7000000-f32-k75-c300-fanout_f32_l16-merkle-r7,559d07a78ac9d6364a33119a4c3e30d0e57a02be6d60035e34656967d336b44b,merkle,repair_commit_wire_ms,7.909
size-scaling-k75-c300-n7000000-f32-k75-c300-fanout_f32_l16-merkle-r7,559d07a78ac9d6364a33119a4c3e30d0e57a02be6d60035e34656967d336b44b,merkle,repair_begin_wire_ms,0.168
size-scaling-k75-c300-n7000000-f32-k75-c300-fanout_f32_l16-merkle-r7,559d07a78ac9d6364a33119a4c3e30d0e57a02be6d60035e34656967d336b44b,merkle,repair_transaction_block_ms,25.744
size-scaling-k75-c300-n7000000-f32-k75-c300-fanout_f32_l16-merkle-r7,559d07a78ac9d6364a33119a4c3e30d0e57a02be6d60035e34656967d336b44b,merkle,repair_write_ms,25.748
size-scaling-k75-c300-n7000000-f32-k75-c300-fanout_f32_l16-merkle-r7,559d07a78ac9d6364a33119a4c3e30d0e57a02be6d60035e34656967d336b44b,merkle,targeted_post_repair_confirmation_ms,3.625
size-scaling-k75-c300-n7000000-f32-k75-c300-fanout_f32_l16-merkle-r7,559d07a78ac9d6364a33119a4c3e30d0e57a02be6d60035e34656967d336b44b,merkle,recovery_observability_ms,0.001
size-scaling-k75-c300-n7000000-f32-k75-c300-fanout_f32_l16-merkle-r7,559d07a78ac9d6364a33119a4c3e30d0e57a02be6d60035e34656967d336b44b,merkle,recovery_orchestration_ms,1.710
size-scaling-k75-c300-n7000000-f32-k75-c300-fanout_f32_l16-merkle-r7,559d07a78ac9d6364a33119a4c3e30d0e57a02be6d60035e34656967d336b44b,merkle,audit_exact_table_compare_ms,25331.452
size-scaling-k75-c300-n7000000-f32-k75-c300-fanout_f32_l16-merkle-r7,559d07a78ac9d6364a33119a4c3e30d0e57a02be6d60035e34656967d336b44b,merkle,audit_merkle_root_hash_ms,1.323
size-scaling-k75-c300-n7000000-f32-k75-c300-fanout_f32_l16-merkle-r7,559d07a78ac9d6364a33119a4c3e30d0e57a02be6d60035e34656967d336b44b,merkle,audit_merkle_verify_ms,21904.602
size-scaling-k75-c300-n7000000-f32-k75-c300-fanout_f32_l16-merkle-r7,559d07a78ac9d6364a33119a4c3e30d0e57a02be6d60035e34656967d336b44b,merkle,audit_schema_fidelity_ms,2.181
size-scaling-k75-c300-n7000000-f32-k75-c300-fanout_f32_l16-merkle-r7,559d07a78ac9d6364a33119a4c3e30d0e57a02be6d60035e34656967d336b44b,merkle,merkle_total_ms,50250.434
size-scaling-k75-c300-n7000000-f32-k75-c300-fanout_f32_l16-merkle-r8,559d07a78ac9d6364a33119a4c3e30d0e57a02be6d60035e34656967d336b44b,merkle,tree_localisation_ms,169.669
size-scaling-k75-c300-n7000000-f32-k75-c300-fanout_f32_l16-merkle-r8,559d07a78ac9d6364a33119a4c3e30d0e57a02be6d60035e34656967d336b44b,merkle,candidate_row_fetch_ms,34.386
size-scaling-k75-c300-n7000000-f32-k75-c300-fanout_f32_l16-merkle-r8,559d07a78ac9d6364a33119a4c3e30d0e57a02be6d60035e34656967d336b44b,merkle,row_comparison_ms,1.305
size-scaling-k75-c300-n7000000-f32-k75-c300-fanout_f32_l16-merkle-r8,559d07a78ac9d6364a33119a4c3e30d0e57a02be6d60035e34656967d336b44b,merkle,repair_sql_building_ms,0.589
size-scaling-k75-c300-n7000000-f32-k75-c300-fanout_f32_l16-merkle-r8,559d07a78ac9d6364a33119a4c3e30d0e57a02be6d60035e34656967d336b44b,merkle,repair_dml_wire_ms,16.852
size-scaling-k75-c300-n7000000-f32-k75-c300-fanout_f32_l16-merkle-r8,559d07a78ac9d6364a33119a4c3e30d0e57a02be6d60035e34656967d336b44b,merkle,repair_commit_wire_ms,7.928
size-scaling-k75-c300-n7000000-f32-k75-c300-fanout_f32_l16-merkle-r8,559d07a78ac9d6364a33119a4c3e30d0e57a02be6d60035e34656967d336b44b,merkle,repair_begin_wire_ms,0.171
size-scaling-k75-c300-n7000000-f32-k75-c300-fanout_f32_l16-merkle-r8,559d07a78ac9d6364a33119a4c3e30d0e57a02be6d60035e34656967d336b44b,merkle,repair_transaction_block_ms,25.598
size-scaling-k75-c300-n7000000-f32-k75-c300-fanout_f32_l16-merkle-r8,559d07a78ac9d6364a33119a4c3e30d0e57a02be6d60035e34656967d336b44b,merkle,repair_write_ms,25.603
size-scaling-k75-c300-n7000000-f32-k75-c300-fanout_f32_l16-merkle-r8,559d07a78ac9d6364a33119a4c3e30d0e57a02be6d60035e34656967d336b44b,merkle,targeted_post_repair_confirmation_ms,3.595
size-scaling-k75-c300-n7000000-f32-k75-c300-fanout_f32_l16-merkle-r8,559d07a78ac9d6364a33119a4c3e30d0e57a02be6d60035e34656967d336b44b,merkle,recovery_observability_ms,0.001
size-scaling-k75-c300-n7000000-f32-k75-c300-fanout_f32_l16-merkle-r8,559d07a78ac9d6364a33119a4c3e30d0e57a02be6d60035e34656967d336b44b,merkle,recovery_orchestration_ms,1.680
size-scaling-k75-c300-n7000000-f32-k75-c300-fanout_f32_l16-merkle-r8,559d07a78ac9d6364a33119a4c3e30d0e57a02be6d60035e34656967d336b44b,merkle,audit_exact_table_compare_ms,25376.183
size-scaling-k75-c300-n7000000-f32-k75-c300-fanout_f32_l16-merkle-r8,559d07a78ac9d6364a33119a4c3e30d0e57a02be6d60035e34656967d336b44b,merkle,audit_merkle_root_hash_ms,1.307
size-scaling-k75-c300-n7000000-f32-k75-c300-fanout_f32_l16-merkle-r8,559d07a78ac9d6364a33119a4c3e30d0e57a02be6d60035e34656967d336b44b,merkle,audit_merkle_verify_ms,21124.186
size-scaling-k75-c300-n7000000-f32-k75-c300-fanout_f32_l16-merkle-r8,559d07a78ac9d6364a33119a4c3e30d0e57a02be6d60035e34656967d336b44b,merkle,audit_schema_fidelity_ms,2.186
size-scaling-k75-c300-n7000000-f32-k75-c300-fanout_f32_l16-merkle-r8,559d07a78ac9d6364a33119a4c3e30d0e57a02be6d60035e34656967d336b44b,merkle,merkle_total_ms,49520.878
size-scaling-k75-c300-n7000000-f32-k75-c300-fanout_f32_l16-merkle-r9,559d07a78ac9d6364a33119a4c3e30d0e57a02be6d60035e34656967d336b44b,merkle,tree_localisation_ms,167.468
size-scaling-k75-c300-n7000000-f32-k75-c300-fanout_f32_l16-merkle-r9,559d07a78ac9d6364a33119a4c3e30d0e57a02be6d60035e34656967d336b44b,merkle,candidate_row_fetch_ms,34.646
size-scaling-k75-c300-n7000000-f32-k75-c300-fanout_f32_l16-merkle-r9,559d07a78ac9d6364a33119a4c3e30d0e57a02be6d60035e34656967d336b44b,merkle,row_comparison_ms,1.372
size-scaling-k75-c300-n7000000-f32-k75-c300-fanout_f32_l16-merkle-r9,559d07a78ac9d6364a33119a4c3e30d0e57a02be6d60035e34656967d336b44b,merkle,repair_sql_building_ms,0.597
size-scaling-k75-c300-n7000000-f32-k75-c300-fanout_f32_l16-merkle-r9,559d07a78ac9d6364a33119a4c3e30d0e57a02be6d60035e34656967d336b44b,merkle,repair_dml_wire_ms,17.339
size-scaling-k75-c300-n7000000-f32-k75-c300-fanout_f32_l16-merkle-r9,559d07a78ac9d6364a33119a4c3e30d0e57a02be6d60035e34656967d336b44b,merkle,repair_commit_wire_ms,7.928
size-scaling-k75-c300-n7000000-f32-k75-c300-fanout_f32_l16-merkle-r9,559d07a78ac9d6364a33119a4c3e30d0e57a02be6d60035e34656967d336b44b,merkle,repair_begin_wire_ms,0.181
size-scaling-k75-c300-n7000000-f32-k75-c300-fanout_f32_l16-merkle-r9,559d07a78ac9d6364a33119a4c3e30d0e57a02be6d60035e34656967d336b44b,merkle,repair_transaction_block_ms,26.101
size-scaling-k75-c300-n7000000-f32-k75-c300-fanout_f32_l16-merkle-r9,559d07a78ac9d6364a33119a4c3e30d0e57a02be6d60035e34656967d336b44b,merkle,repair_write_ms,26.106
size-scaling-k75-c300-n7000000-f32-k75-c300-fanout_f32_l16-merkle-r9,559d07a78ac9d6364a33119a4c3e30d0e57a02be6d60035e34656967d336b44b,merkle,targeted_post_repair_confirmation_ms,3.611
size-scaling-k75-c300-n7000000-f32-k75-c300-fanout_f32_l16-merkle-r9,559d07a78ac9d6364a33119a4c3e30d0e57a02be6d60035e34656967d336b44b,merkle,recovery_observability_ms,0.001
size-scaling-k75-c300-n7000000-f32-k75-c300-fanout_f32_l16-merkle-r9,559d07a78ac9d6364a33119a4c3e30d0e57a02be6d60035e34656967d336b44b,merkle,recovery_orchestration_ms,1.669
size-scaling-k75-c300-n7000000-f32-k75-c300-fanout_f32_l16-merkle-r9,559d07a78ac9d6364a33119a4c3e30d0e57a02be6d60035e34656967d336b44b,merkle,audit_exact_table_compare_ms,25374.178
size-scaling-k75-c300-n7000000-f32-k75-c300-fanout_f32_l16-merkle-r9,559d07a78ac9d6364a33119a4c3e30d0e57a02be6d60035e34656967d336b44b,merkle,audit_merkle_root_hash_ms,1.319
size-scaling-k75-c300-n7000000-f32-k75-c300-fanout_f32_l16-merkle-r9,559d07a78ac9d6364a33119a4c3e30d0e57a02be6d60035e34656967d336b44b,merkle,audit_merkle_verify_ms,21193.115
size-scaling-k75-c300-n7000000-f32-k75-c300-fanout_f32_l16-merkle-r9,559d07a78ac9d6364a33119a4c3e30d0e57a02be6d60035e34656967d336b44b,merkle,audit_schema_fidelity_ms,2.201
size-scaling-k75-c300-n7000000-f32-k75-c300-fanout_f32_l16-merkle-r9,559d07a78ac9d6364a33119a4c3e30d0e57a02be6d60035e34656967d336b44b,merkle,merkle_total_ms,49586.001
size-scaling-k75-c300-n1000000-f32-k75-c300-fanout_f32_l16-merkle-r0,a6b24a85881f999f8766e1d8076e31adcf6c64909b7efb097df9f2ae7a871d64,merkle,tree_localisation_ms,121.524
size-scaling-k75-c300-n1000000-f32-k75-c300-fanout_f32_l16-merkle-r0,a6b24a85881f999f8766e1d8076e31adcf6c64909b7efb097df9f2ae7a871d64,merkle,candidate_row_fetch_ms,18.240
size-scaling-k75-c300-n1000000-f32-k75-c300-fanout_f32_l16-merkle-r0,a6b24a85881f999f8766e1d8076e31adcf6c64909b7efb097df9f2ae7a871d64,merkle,row_comparison_ms,0.646
size-scaling-k75-c300-n1000000-f32-k75-c300-fanout_f32_l16-merkle-r0,a6b24a85881f999f8766e1d8076e31adcf6c64909b7efb097df9f2ae7a871d64,merkle,repair_sql_building_ms,0.575
size-scaling-k75-c300-n1000000-f32-k75-c300-fanout_f32_l16-merkle-r0,a6b24a85881f999f8766e1d8076e31adcf6c64909b7efb097df9f2ae7a871d64,merkle,repair_dml_wire_ms,17.410
size-scaling-k75-c300-n1000000-f32-k75-c300-fanout_f32_l16-merkle-r0,a6b24a85881f999f8766e1d8076e31adcf6c64909b7efb097df9f2ae7a871d64,merkle,repair_commit_wire_ms,7.309
size-scaling-k75-c300-n1000000-f32-k75-c300-fanout_f32_l16-merkle-r0,a6b24a85881f999f8766e1d8076e31adcf6c64909b7efb097df9f2ae7a871d64,merkle,repair_begin_wire_ms,0.156
size-scaling-k75-c300-n1000000-f32-k75-c300-fanout_f32_l16-merkle-r0,a6b24a85881f999f8766e1d8076e31adcf6c64909b7efb097df9f2ae7a871d64,merkle,repair_transaction_block_ms,25.506
size-scaling-k75-c300-n1000000-f32-k75-c300-fanout_f32_l16-merkle-r0,a6b24a85881f999f8766e1d8076e31adcf6c64909b7efb097df9f2ae7a871d64,merkle,repair_write_ms,25.510
size-scaling-k75-c300-n1000000-f32-k75-c300-fanout_f32_l16-merkle-r0,a6b24a85881f999f8766e1d8076e31adcf6c64909b7efb097df9f2ae7a871d64,merkle,targeted_post_repair_confirmation_ms,3.499
size-scaling-k75-c300-n1000000-f32-k75-c300-fanout_f32_l16-merkle-r0,a6b24a85881f999f8766e1d8076e31adcf6c64909b7efb097df9f2ae7a871d64,merkle,recovery_observability_ms,0.001
size-scaling-k75-c300-n1000000-f32-k75-c300-fanout_f32_l16-merkle-r0,a6b24a85881f999f8766e1d8076e31adcf6c64909b7efb097df9f2ae7a871d64,merkle,recovery_orchestration_ms,1.434
size-scaling-k75-c300-n1000000-f32-k75-c300-fanout_f32_l16-merkle-r0,a6b24a85881f999f8766e1d8076e31adcf6c64909b7efb097df9f2ae7a871d64,merkle,audit_exact_table_compare_ms,4237.765
size-scaling-k75-c300-n1000000-f32-k75-c300-fanout_f32_l16-merkle-r0,a6b24a85881f999f8766e1d8076e31adcf6c64909b7efb097df9f2ae7a871d64,merkle,audit_merkle_root_hash_ms,1.259
size-scaling-k75-c300-n1000000-f32-k75-c300-fanout_f32_l16-merkle-r0,a6b24a85881f999f8766e1d8076e31adcf6c64909b7efb097df9f2ae7a871d64,merkle,audit_merkle_verify_ms,3058.130
size-scaling-k75-c300-n1000000-f32-k75-c300-fanout_f32_l16-merkle-r0,a6b24a85881f999f8766e1d8076e31adcf6c64909b7efb097df9f2ae7a871d64,merkle,audit_schema_fidelity_ms,2.219
size-scaling-k75-c300-n1000000-f32-k75-c300-fanout_f32_l16-merkle-r0,a6b24a85881f999f8766e1d8076e31adcf6c64909b7efb097df9f2ae7a871d64,merkle,merkle_total_ms,10302.889
size-scaling-k75-c300-n1000000-f32-k75-c300-fanout_f32_l16-merkle-r1,a6b24a85881f999f8766e1d8076e31adcf6c64909b7efb097df9f2ae7a871d64,merkle,tree_localisation_ms,122.078
size-scaling-k75-c300-n1000000-f32-k75-c300-fanout_f32_l16-merkle-r1,a6b24a85881f999f8766e1d8076e31adcf6c64909b7efb097df9f2ae7a871d64,merkle,candidate_row_fetch_ms,18.152
size-scaling-k75-c300-n1000000-f32-k75-c300-fanout_f32_l16-merkle-r1,a6b24a85881f999f8766e1d8076e31adcf6c64909b7efb097df9f2ae7a871d64,merkle,row_comparison_ms,0.644
size-scaling-k75-c300-n1000000-f32-k75-c300-fanout_f32_l16-merkle-r1,a6b24a85881f999f8766e1d8076e31adcf6c64909b7efb097df9f2ae7a871d64,merkle,repair_sql_building_ms,0.577
size-scaling-k75-c300-n1000000-f32-k75-c300-fanout_f32_l16-merkle-r1,a6b24a85881f999f8766e1d8076e31adcf6c64909b7efb097df9f2ae7a871d64,merkle,repair_dml_wire_ms,17.475
size-scaling-k75-c300-n1000000-f32-k75-c300-fanout_f32_l16-merkle-r1,a6b24a85881f999f8766e1d8076e31adcf6c64909b7efb097df9f2ae7a871d64,merkle,repair_commit_wire_ms,7.260
size-scaling-k75-c300-n1000000-f32-k75-c300-fanout_f32_l16-merkle-r1,a6b24a85881f999f8766e1d8076e31adcf6c64909b7efb097df9f2ae7a871d64,merkle,repair_begin_wire_ms,0.123
size-scaling-k75-c300-n1000000-f32-k75-c300-fanout_f32_l16-merkle-r1,a6b24a85881f999f8766e1d8076e31adcf6c64909b7efb097df9f2ae7a871d64,merkle,repair_transaction_block_ms,25.492
size-scaling-k75-c300-n1000000-f32-k75-c300-fanout_f32_l16-merkle-r1,a6b24a85881f999f8766e1d8076e31adcf6c64909b7efb097df9f2ae7a871d64,merkle,repair_write_ms,25.497
size-scaling-k75-c300-n1000000-f32-k75-c300-fanout_f32_l16-merkle-r1,a6b24a85881f999f8766e1d8076e31adcf6c64909b7efb097df9f2ae7a871d64,merkle,targeted_post_repair_confirmation_ms,3.480
size-scaling-k75-c300-n1000000-f32-k75-c300-fanout_f32_l16-merkle-r1,a6b24a85881f999f8766e1d8076e31adcf6c64909b7efb097df9f2ae7a871d64,merkle,recovery_observability_ms,0.001
size-scaling-k75-c300-n1000000-f32-k75-c300-fanout_f32_l16-merkle-r1,a6b24a85881f999f8766e1d8076e31adcf6c64909b7efb097df9f2ae7a871d64,merkle,recovery_orchestration_ms,1.501
size-scaling-k75-c300-n1000000-f32-k75-c300-fanout_f32_l16-merkle-r1,a6b24a85881f999f8766e1d8076e31adcf6c64909b7efb097df9f2ae7a871d64,merkle,audit_exact_table_compare_ms,4275.648
size-scaling-k75-c300-n1000000-f32-k75-c300-fanout_f32_l16-merkle-r1,a6b24a85881f999f8766e1d8076e31adcf6c64909b7efb097df9f2ae7a871d64,merkle,audit_merkle_root_hash_ms,1.227
size-scaling-k75-c300-n1000000-f32-k75-c300-fanout_f32_l16-merkle-r1,a6b24a85881f999f8766e1d8076e31adcf6c64909b7efb097df9f2ae7a871d64,merkle,audit_merkle_verify_ms,3057.139
size-scaling-k75-c300-n1000000-f32-k75-c300-fanout_f32_l16-merkle-r1,a6b24a85881f999f8766e1d8076e31adcf6c64909b7efb097df9f2ae7a871d64,merkle,audit_schema_fidelity_ms,2.044
size-scaling-k75-c300-n1000000-f32-k75-c300-fanout_f32_l16-merkle-r1,a6b24a85881f999f8766e1d8076e31adcf6c64909b7efb097df9f2ae7a871d64,merkle,merkle_total_ms,10339.676
size-scaling-k75-c300-n1000000-f32-k75-c300-fanout_f32_l16-merkle-r2,a6b24a85881f999f8766e1d8076e31adcf6c64909b7efb097df9f2ae7a871d64,merkle,tree_localisation_ms,122.163
size-scaling-k75-c300-n1000000-f32-k75-c300-fanout_f32_l16-merkle-r2,a6b24a85881f999f8766e1d8076e31adcf6c64909b7efb097df9f2ae7a871d64,merkle,candidate_row_fetch_ms,18.627
size-scaling-k75-c300-n1000000-f32-k75-c300-fanout_f32_l16-merkle-r2,a6b24a85881f999f8766e1d8076e31adcf6c64909b7efb097df9f2ae7a871d64,merkle,row_comparison_ms,0.629
size-scaling-k75-c300-n1000000-f32-k75-c300-fanout_f32_l16-merkle-r2,a6b24a85881f999f8766e1d8076e31adcf6c64909b7efb097df9f2ae7a871d64,merkle,repair_sql_building_ms,0.560
size-scaling-k75-c300-n1000000-f32-k75-c300-fanout_f32_l16-merkle-r2,a6b24a85881f999f8766e1d8076e31adcf6c64909b7efb097df9f2ae7a871d64,merkle,repair_dml_wire_ms,17.234
size-scaling-k75-c300-n1000000-f32-k75-c300-fanout_f32_l16-merkle-r2,a6b24a85881f999f8766e1d8076e31adcf6c64909b7efb097df9f2ae7a871d64,merkle,repair_commit_wire_ms,7.295
size-scaling-k75-c300-n1000000-f32-k75-c300-fanout_f32_l16-merkle-r2,a6b24a85881f999f8766e1d8076e31adcf6c64909b7efb097df9f2ae7a871d64,merkle,repair_begin_wire_ms,0.116
size-scaling-k75-c300-n1000000-f32-k75-c300-fanout_f32_l16-merkle-r2,a6b24a85881f999f8766e1d8076e31adcf6c64909b7efb097df9f2ae7a871d64,merkle,repair_transaction_block_ms,25.263
size-scaling-k75-c300-n1000000-f32-k75-c300-fanout_f32_l16-merkle-r2,a6b24a85881f999f8766e1d8076e31adcf6c64909b7efb097df9f2ae7a871d64,merkle,repair_write_ms,25.267
size-scaling-k75-c300-n1000000-f32-k75-c300-fanout_f32_l16-merkle-r2,a6b24a85881f999f8766e1d8076e31adcf6c64909b7efb097df9f2ae7a871d64,merkle,targeted_post_repair_confirmation_ms,3.496
size-scaling-k75-c300-n1000000-f32-k75-c300-fanout_f32_l16-merkle-r2,a6b24a85881f999f8766e1d8076e31adcf6c64909b7efb097df9f2ae7a871d64,merkle,recovery_observability_ms,0.001
size-scaling-k75-c300-n1000000-f32-k75-c300-fanout_f32_l16-merkle-r2,a6b24a85881f999f8766e1d8076e31adcf6c64909b7efb097df9f2ae7a871d64,merkle,recovery_orchestration_ms,1.462
size-scaling-k75-c300-n1000000-f32-k75-c300-fanout_f32_l16-merkle-r2,a6b24a85881f999f8766e1d8076e31adcf6c64909b7efb097df9f2ae7a871d64,merkle,audit_exact_table_compare_ms,4248.481
size-scaling-k75-c300-n1000000-f32-k75-c300-fanout_f32_l16-merkle-r2,a6b24a85881f999f8766e1d8076e31adcf6c64909b7efb097df9f2ae7a871d64,merkle,audit_merkle_root_hash_ms,1.156
size-scaling-k75-c300-n1000000-f32-k75-c300-fanout_f32_l16-merkle-r2,a6b24a85881f999f8766e1d8076e31adcf6c64909b7efb097df9f2ae7a871d64,merkle,audit_merkle_verify_ms,3059.058
size-scaling-k75-c300-n1000000-f32-k75-c300-fanout_f32_l16-merkle-r2,a6b24a85881f999f8766e1d8076e31adcf6c64909b7efb097df9f2ae7a871d64,merkle,audit_schema_fidelity_ms,2.197
size-scaling-k75-c300-n1000000-f32-k75-c300-fanout_f32_l16-merkle-r2,a6b24a85881f999f8766e1d8076e31adcf6c64909b7efb097df9f2ae7a871d64,merkle,merkle_total_ms,10315.158
size-scaling-k75-c300-n1000000-f32-k75-c300-fanout_f32_l16-merkle-r3,a6b24a85881f999f8766e1d8076e31adcf6c64909b7efb097df9f2ae7a871d64,merkle,tree_localisation_ms,121.505
size-scaling-k75-c300-n1000000-f32-k75-c300-fanout_f32_l16-merkle-r3,a6b24a85881f999f8766e1d8076e31adcf6c64909b7efb097df9f2ae7a871d64,merkle,candidate_row_fetch_ms,18.780
size-scaling-k75-c300-n1000000-f32-k75-c300-fanout_f32_l16-merkle-r3,a6b24a85881f999f8766e1d8076e31adcf6c64909b7efb097df9f2ae7a871d64,merkle,row_comparison_ms,0.666
size-scaling-k75-c300-n1000000-f32-k75-c300-fanout_f32_l16-merkle-r3,a6b24a85881f999f8766e1d8076e31adcf6c64909b7efb097df9f2ae7a871d64,merkle,repair_sql_building_ms,0.582
size-scaling-k75-c300-n1000000-f32-k75-c300-fanout_f32_l16-merkle-r3,a6b24a85881f999f8766e1d8076e31adcf6c64909b7efb097df9f2ae7a871d64,merkle,repair_dml_wire_ms,17.453
size-scaling-k75-c300-n1000000-f32-k75-c300-fanout_f32_l16-merkle-r3,a6b24a85881f999f8766e1d8076e31adcf6c64909b7efb097df9f2ae7a871d64,merkle,repair_commit_wire_ms,7.279
size-scaling-k75-c300-n1000000-f32-k75-c300-fanout_f32_l16-merkle-r3,a6b24a85881f999f8766e1d8076e31adcf6c64909b7efb097df9f2ae7a871d64,merkle,repair_begin_wire_ms,0.156
size-scaling-k75-c300-n1000000-f32-k75-c300-fanout_f32_l16-merkle-r3,a6b24a85881f999f8766e1d8076e31adcf6c64909b7efb097df9f2ae7a871d64,merkle,repair_transaction_block_ms,25.528
size-scaling-k75-c300-n1000000-f32-k75-c300-fanout_f32_l16-merkle-r3,a6b24a85881f999f8766e1d8076e31adcf6c64909b7efb097df9f2ae7a871d64,merkle,repair_write_ms,25.532
size-scaling-k75-c300-n1000000-f32-k75-c300-fanout_f32_l16-merkle-r3,a6b24a85881f999f8766e1d8076e31adcf6c64909b7efb097df9f2ae7a871d64,merkle,targeted_post_repair_confirmation_ms,3.472
size-scaling-k75-c300-n1000000-f32-k75-c300-fanout_f32_l16-merkle-r3,a6b24a85881f999f8766e1d8076e31adcf6c64909b7efb097df9f2ae7a871d64,merkle,recovery_observability_ms,0.001
size-scaling-k75-c300-n1000000-f32-k75-c300-fanout_f32_l16-merkle-r3,a6b24a85881f999f8766e1d8076e31adcf6c64909b7efb097df9f2ae7a871d64,merkle,recovery_orchestration_ms,1.423
size-scaling-k75-c300-n1000000-f32-k75-c300-fanout_f32_l16-merkle-r3,a6b24a85881f999f8766e1d8076e31adcf6c64909b7efb097df9f2ae7a871d64,merkle,audit_exact_table_compare_ms,4232.506
size-scaling-k75-c300-n1000000-f32-k75-c300-fanout_f32_l16-merkle-r3,a6b24a85881f999f8766e1d8076e31adcf6c64909b7efb097df9f2ae7a871d64,merkle,audit_merkle_root_hash_ms,1.211
size-scaling-k75-c300-n1000000-f32-k75-c300-fanout_f32_l16-merkle-r3,a6b24a85881f999f8766e1d8076e31adcf6c64909b7efb097df9f2ae7a871d64,merkle,audit_merkle_verify_ms,3144.469
size-scaling-k75-c300-n1000000-f32-k75-c300-fanout_f32_l16-merkle-r3,a6b24a85881f999f8766e1d8076e31adcf6c64909b7efb097df9f2ae7a871d64,merkle,audit_schema_fidelity_ms,2.166
size-scaling-k75-c300-n1000000-f32-k75-c300-fanout_f32_l16-merkle-r3,a6b24a85881f999f8766e1d8076e31adcf6c64909b7efb097df9f2ae7a871d64,merkle,merkle_total_ms,10383.657
size-scaling-k75-c300-n1000000-f32-k75-c300-fanout_f32_l16-merkle-r4,a6b24a85881f999f8766e1d8076e31adcf6c64909b7efb097df9f2ae7a871d64,merkle,tree_localisation_ms,122.339
size-scaling-k75-c300-n1000000-f32-k75-c300-fanout_f32_l16-merkle-r4,a6b24a85881f999f8766e1d8076e31adcf6c64909b7efb097df9f2ae7a871d64,merkle,candidate_row_fetch_ms,18.650
size-scaling-k75-c300-n1000000-f32-k75-c300-fanout_f32_l16-merkle-r4,a6b24a85881f999f8766e1d8076e31adcf6c64909b7efb097df9f2ae7a871d64,merkle,row_comparison_ms,0.641
size-scaling-k75-c300-n1000000-f32-k75-c300-fanout_f32_l16-merkle-r4,a6b24a85881f999f8766e1d8076e31adcf6c64909b7efb097df9f2ae7a871d64,merkle,repair_sql_building_ms,0.602
size-scaling-k75-c300-n1000000-f32-k75-c300-fanout_f32_l16-merkle-r4,a6b24a85881f999f8766e1d8076e31adcf6c64909b7efb097df9f2ae7a871d64,merkle,repair_dml_wire_ms,17.016
size-scaling-k75-c300-n1000000-f32-k75-c300-fanout_f32_l16-merkle-r4,a6b24a85881f999f8766e1d8076e31adcf6c64909b7efb097df9f2ae7a871d64,merkle,repair_commit_wire_ms,7.250
size-scaling-k75-c300-n1000000-f32-k75-c300-fanout_f32_l16-merkle-r4,a6b24a85881f999f8766e1d8076e31adcf6c64909b7efb097df9f2ae7a871d64,merkle,repair_begin_wire_ms,0.116
size-scaling-k75-c300-n1000000-f32-k75-c300-fanout_f32_l16-merkle-r4,a6b24a85881f999f8766e1d8076e31adcf6c64909b7efb097df9f2ae7a871d64,merkle,repair_transaction_block_ms,25.041
size-scaling-k75-c300-n1000000-f32-k75-c300-fanout_f32_l16-merkle-r4,a6b24a85881f999f8766e1d8076e31adcf6c64909b7efb097df9f2ae7a871d64,merkle,repair_write_ms,25.046
size-scaling-k75-c300-n1000000-f32-k75-c300-fanout_f32_l16-merkle-r4,a6b24a85881f999f8766e1d8076e31adcf6c64909b7efb097df9f2ae7a871d64,merkle,targeted_post_repair_confirmation_ms,3.452
size-scaling-k75-c300-n1000000-f32-k75-c300-fanout_f32_l16-merkle-r4,a6b24a85881f999f8766e1d8076e31adcf6c64909b7efb097df9f2ae7a871d64,merkle,recovery_observability_ms,0.001
size-scaling-k75-c300-n1000000-f32-k75-c300-fanout_f32_l16-merkle-r4,a6b24a85881f999f8766e1d8076e31adcf6c64909b7efb097df9f2ae7a871d64,merkle,recovery_orchestration_ms,1.442
size-scaling-k75-c300-n1000000-f32-k75-c300-fanout_f32_l16-merkle-r4,a6b24a85881f999f8766e1d8076e31adcf6c64909b7efb097df9f2ae7a871d64,merkle,audit_exact_table_compare_ms,4245.625
size-scaling-k75-c300-n1000000-f32-k75-c300-fanout_f32_l16-merkle-r4,a6b24a85881f999f8766e1d8076e31adcf6c64909b7efb097df9f2ae7a871d64,merkle,audit_merkle_root_hash_ms,1.214
size-scaling-k75-c300-n1000000-f32-k75-c300-fanout_f32_l16-merkle-r4,a6b24a85881f999f8766e1d8076e31adcf6c64909b7efb097df9f2ae7a871d64,merkle,audit_merkle_verify_ms,3056.590
size-scaling-k75-c300-n1000000-f32-k75-c300-fanout_f32_l16-merkle-r4,a6b24a85881f999f8766e1d8076e31adcf6c64909b7efb097df9f2ae7a871d64,merkle,audit_schema_fidelity_ms,2.275
size-scaling-k75-c300-n1000000-f32-k75-c300-fanout_f32_l16-merkle-r4,a6b24a85881f999f8766e1d8076e31adcf6c64909b7efb097df9f2ae7a871d64,merkle,merkle_total_ms,10309.111
size-scaling-k75-c300-n1000000-f32-k75-c300-fanout_f32_l16-merkle-r5,a6b24a85881f999f8766e1d8076e31adcf6c64909b7efb097df9f2ae7a871d64,merkle,tree_localisation_ms,121.164
size-scaling-k75-c300-n1000000-f32-k75-c300-fanout_f32_l16-merkle-r5,a6b24a85881f999f8766e1d8076e31adcf6c64909b7efb097df9f2ae7a871d64,merkle,candidate_row_fetch_ms,18.667
size-scaling-k75-c300-n1000000-f32-k75-c300-fanout_f32_l16-merkle-r5,a6b24a85881f999f8766e1d8076e31adcf6c64909b7efb097df9f2ae7a871d64,merkle,row_comparison_ms,0.635
size-scaling-k75-c300-n1000000-f32-k75-c300-fanout_f32_l16-merkle-r5,a6b24a85881f999f8766e1d8076e31adcf6c64909b7efb097df9f2ae7a871d64,merkle,repair_sql_building_ms,0.567
size-scaling-k75-c300-n1000000-f32-k75-c300-fanout_f32_l16-merkle-r5,a6b24a85881f999f8766e1d8076e31adcf6c64909b7efb097df9f2ae7a871d64,merkle,repair_dml_wire_ms,16.429
size-scaling-k75-c300-n1000000-f32-k75-c300-fanout_f32_l16-merkle-r5,a6b24a85881f999f8766e1d8076e31adcf6c64909b7efb097df9f2ae7a871d64,merkle,repair_commit_wire_ms,7.286
size-scaling-k75-c300-n1000000-f32-k75-c300-fanout_f32_l16-merkle-r5,a6b24a85881f999f8766e1d8076e31adcf6c64909b7efb097df9f2ae7a871d64,merkle,repair_begin_wire_ms,0.110
size-scaling-k75-c300-n1000000-f32-k75-c300-fanout_f32_l16-merkle-r5,a6b24a85881f999f8766e1d8076e31adcf6c64909b7efb097df9f2ae7a871d64,merkle,repair_transaction_block_ms,24.449
size-scaling-k75-c300-n1000000-f32-k75-c300-fanout_f32_l16-merkle-r5,a6b24a85881f999f8766e1d8076e31adcf6c64909b7efb097df9f2ae7a871d64,merkle,repair_write_ms,24.454
size-scaling-k75-c300-n1000000-f32-k75-c300-fanout_f32_l16-merkle-r5,a6b24a85881f999f8766e1d8076e31adcf6c64909b7efb097df9f2ae7a871d64,merkle,targeted_post_repair_confirmation_ms,3.476
size-scaling-k75-c300-n1000000-f32-k75-c300-fanout_f32_l16-merkle-r5,a6b24a85881f999f8766e1d8076e31adcf6c64909b7efb097df9f2ae7a871d64,merkle,recovery_observability_ms,0.001
size-scaling-k75-c300-n1000000-f32-k75-c300-fanout_f32_l16-merkle-r5,a6b24a85881f999f8766e1d8076e31adcf6c64909b7efb097df9f2ae7a871d64,merkle,recovery_orchestration_ms,1.458
size-scaling-k75-c300-n1000000-f32-k75-c300-fanout_f32_l16-merkle-r5,a6b24a85881f999f8766e1d8076e31adcf6c64909b7efb097df9f2ae7a871d64,merkle,audit_exact_table_compare_ms,4250.046
size-scaling-k75-c300-n1000000-f32-k75-c300-fanout_f32_l16-merkle-r5,a6b24a85881f999f8766e1d8076e31adcf6c64909b7efb097df9f2ae7a871d64,merkle,audit_merkle_root_hash_ms,1.319
size-scaling-k75-c300-n1000000-f32-k75-c300-fanout_f32_l16-merkle-r5,a6b24a85881f999f8766e1d8076e31adcf6c64909b7efb097df9f2ae7a871d64,merkle,audit_merkle_verify_ms,3059.804
size-scaling-k75-c300-n1000000-f32-k75-c300-fanout_f32_l16-merkle-r5,a6b24a85881f999f8766e1d8076e31adcf6c64909b7efb097df9f2ae7a871d64,merkle,audit_schema_fidelity_ms,2.098
size-scaling-k75-c300-n1000000-f32-k75-c300-fanout_f32_l16-merkle-r5,a6b24a85881f999f8766e1d8076e31adcf6c64909b7efb097df9f2ae7a871d64,merkle,merkle_total_ms,10315.658
size-scaling-k75-c300-n1000000-f32-k75-c300-fanout_f32_l16-merkle-r6,a6b24a85881f999f8766e1d8076e31adcf6c64909b7efb097df9f2ae7a871d64,merkle,tree_localisation_ms,123.983
size-scaling-k75-c300-n1000000-f32-k75-c300-fanout_f32_l16-merkle-r6,a6b24a85881f999f8766e1d8076e31adcf6c64909b7efb097df9f2ae7a871d64,merkle,candidate_row_fetch_ms,18.966
size-scaling-k75-c300-n1000000-f32-k75-c300-fanout_f32_l16-merkle-r6,a6b24a85881f999f8766e1d8076e31adcf6c64909b7efb097df9f2ae7a871d64,merkle,row_comparison_ms,0.664
size-scaling-k75-c300-n1000000-f32-k75-c300-fanout_f32_l16-merkle-r6,a6b24a85881f999f8766e1d8076e31adcf6c64909b7efb097df9f2ae7a871d64,merkle,repair_sql_building_ms,0.593
size-scaling-k75-c300-n1000000-f32-k75-c300-fanout_f32_l16-merkle-r6,a6b24a85881f999f8766e1d8076e31adcf6c64909b7efb097df9f2ae7a871d64,merkle,repair_dml_wire_ms,16.722
size-scaling-k75-c300-n1000000-f32-k75-c300-fanout_f32_l16-merkle-r6,a6b24a85881f999f8766e1d8076e31adcf6c64909b7efb097df9f2ae7a871d64,merkle,repair_commit_wire_ms,7.285
size-scaling-k75-c300-n1000000-f32-k75-c300-fanout_f32_l16-merkle-r6,a6b24a85881f999f8766e1d8076e31adcf6c64909b7efb097df9f2ae7a871d64,merkle,repair_begin_wire_ms,0.111
size-scaling-k75-c300-n1000000-f32-k75-c300-fanout_f32_l16-merkle-r6,a6b24a85881f999f8766e1d8076e31adcf6c64909b7efb097df9f2ae7a871d64,merkle,repair_transaction_block_ms,24.767
size-scaling-k75-c300-n1000000-f32-k75-c300-fanout_f32_l16-merkle-r6,a6b24a85881f999f8766e1d8076e31adcf6c64909b7efb097df9f2ae7a871d64,merkle,repair_write_ms,24.772
size-scaling-k75-c300-n1000000-f32-k75-c300-fanout_f32_l16-merkle-r6,a6b24a85881f999f8766e1d8076e31adcf6c64909b7efb097df9f2ae7a871d64,merkle,targeted_post_repair_confirmation_ms,3.504
size-scaling-k75-c300-n1000000-f32-k75-c300-fanout_f32_l16-merkle-r6,a6b24a85881f999f8766e1d8076e31adcf6c64909b7efb097df9f2ae7a871d64,merkle,recovery_observability_ms,0.001
size-scaling-k75-c300-n1000000-f32-k75-c300-fanout_f32_l16-merkle-r6,a6b24a85881f999f8766e1d8076e31adcf6c64909b7efb097df9f2ae7a871d64,merkle,recovery_orchestration_ms,1.466
size-scaling-k75-c300-n1000000-f32-k75-c300-fanout_f32_l16-merkle-r6,a6b24a85881f999f8766e1d8076e31adcf6c64909b7efb097df9f2ae7a871d64,merkle,audit_exact_table_compare_ms,4263.802
size-scaling-k75-c300-n1000000-f32-k75-c300-fanout_f32_l16-merkle-r6,a6b24a85881f999f8766e1d8076e31adcf6c64909b7efb097df9f2ae7a871d64,merkle,audit_merkle_root_hash_ms,1.236
size-scaling-k75-c300-n1000000-f32-k75-c300-fanout_f32_l16-merkle-r6,a6b24a85881f999f8766e1d8076e31adcf6c64909b7efb097df9f2ae7a871d64,merkle,audit_merkle_verify_ms,3049.030
size-scaling-k75-c300-n1000000-f32-k75-c300-fanout_f32_l16-merkle-r6,a6b24a85881f999f8766e1d8076e31adcf6c64909b7efb097df9f2ae7a871d64,merkle,audit_schema_fidelity_ms,2.190
size-scaling-k75-c300-n1000000-f32-k75-c300-fanout_f32_l16-merkle-r6,a6b24a85881f999f8766e1d8076e31adcf6c64909b7efb097df9f2ae7a871d64,merkle,merkle_total_ms,10321.824
size-scaling-k75-c300-n1000000-f32-k75-c300-fanout_f32_l16-merkle-r7,a6b24a85881f999f8766e1d8076e31adcf6c64909b7efb097df9f2ae7a871d64,merkle,tree_localisation_ms,121.042
size-scaling-k75-c300-n1000000-f32-k75-c300-fanout_f32_l16-merkle-r7,a6b24a85881f999f8766e1d8076e31adcf6c64909b7efb097df9f2ae7a871d64,merkle,candidate_row_fetch_ms,19.494
size-scaling-k75-c300-n1000000-f32-k75-c300-fanout_f32_l16-merkle-r7,a6b24a85881f999f8766e1d8076e31adcf6c64909b7efb097df9f2ae7a871d64,merkle,row_comparison_ms,0.632
size-scaling-k75-c300-n1000000-f32-k75-c300-fanout_f32_l16-merkle-r7,a6b24a85881f999f8766e1d8076e31adcf6c64909b7efb097df9f2ae7a871d64,merkle,repair_sql_building_ms,0.588
size-scaling-k75-c300-n1000000-f32-k75-c300-fanout_f32_l16-merkle-r7,a6b24a85881f999f8766e1d8076e31adcf6c64909b7efb097df9f2ae7a871d64,merkle,repair_dml_wire_ms,16.700
size-scaling-k75-c300-n1000000-f32-k75-c300-fanout_f32_l16-merkle-r7,a6b24a85881f999f8766e1d8076e31adcf6c64909b7efb097df9f2ae7a871d64,merkle,repair_commit_wire_ms,7.347
size-scaling-k75-c300-n1000000-f32-k75-c300-fanout_f32_l16-merkle-r7,a6b24a85881f999f8766e1d8076e31adcf6c64909b7efb097df9f2ae7a871d64,merkle,repair_begin_wire_ms,0.112
size-scaling-k75-c300-n1000000-f32-k75-c300-fanout_f32_l16-merkle-r7,a6b24a85881f999f8766e1d8076e31adcf6c64909b7efb097df9f2ae7a871d64,merkle,repair_transaction_block_ms,24.803
size-scaling-k75-c300-n1000000-f32-k75-c300-fanout_f32_l16-merkle-r7,a6b24a85881f999f8766e1d8076e31adcf6c64909b7efb097df9f2ae7a871d64,merkle,repair_write_ms,24.807
size-scaling-k75-c300-n1000000-f32-k75-c300-fanout_f32_l16-merkle-r7,a6b24a85881f999f8766e1d8076e31adcf6c64909b7efb097df9f2ae7a871d64,merkle,targeted_post_repair_confirmation_ms,3.541
size-scaling-k75-c300-n1000000-f32-k75-c300-fanout_f32_l16-merkle-r7,a6b24a85881f999f8766e1d8076e31adcf6c64909b7efb097df9f2ae7a871d64,merkle,recovery_observability_ms,0.001
size-scaling-k75-c300-n1000000-f32-k75-c300-fanout_f32_l16-merkle-r7,a6b24a85881f999f8766e1d8076e31adcf6c64909b7efb097df9f2ae7a871d64,merkle,recovery_orchestration_ms,1.448
size-scaling-k75-c300-n1000000-f32-k75-c300-fanout_f32_l16-merkle-r7,a6b24a85881f999f8766e1d8076e31adcf6c64909b7efb097df9f2ae7a871d64,merkle,audit_exact_table_compare_ms,4254.160
size-scaling-k75-c300-n1000000-f32-k75-c300-fanout_f32_l16-merkle-r7,a6b24a85881f999f8766e1d8076e31adcf6c64909b7efb097df9f2ae7a871d64,merkle,audit_merkle_root_hash_ms,1.158
size-scaling-k75-c300-n1000000-f32-k75-c300-fanout_f32_l16-merkle-r7,a6b24a85881f999f8766e1d8076e31adcf6c64909b7efb097df9f2ae7a871d64,merkle,audit_merkle_verify_ms,3057.034
size-scaling-k75-c300-n1000000-f32-k75-c300-fanout_f32_l16-merkle-r7,a6b24a85881f999f8766e1d8076e31adcf6c64909b7efb097df9f2ae7a871d64,merkle,audit_schema_fidelity_ms,2.179
size-scaling-k75-c300-n1000000-f32-k75-c300-fanout_f32_l16-merkle-r7,a6b24a85881f999f8766e1d8076e31adcf6c64909b7efb097df9f2ae7a871d64,merkle,merkle_total_ms,10317.241
size-scaling-k75-c300-n1000000-f32-k75-c300-fanout_f32_l16-merkle-r8,a6b24a85881f999f8766e1d8076e31adcf6c64909b7efb097df9f2ae7a871d64,merkle,tree_localisation_ms,123.940
size-scaling-k75-c300-n1000000-f32-k75-c300-fanout_f32_l16-merkle-r8,a6b24a85881f999f8766e1d8076e31adcf6c64909b7efb097df9f2ae7a871d64,merkle,candidate_row_fetch_ms,19.673
size-scaling-k75-c300-n1000000-f32-k75-c300-fanout_f32_l16-merkle-r8,a6b24a85881f999f8766e1d8076e31adcf6c64909b7efb097df9f2ae7a871d64,merkle,row_comparison_ms,0.633
size-scaling-k75-c300-n1000000-f32-k75-c300-fanout_f32_l16-merkle-r8,a6b24a85881f999f8766e1d8076e31adcf6c64909b7efb097df9f2ae7a871d64,merkle,repair_sql_building_ms,0.562
size-scaling-k75-c300-n1000000-f32-k75-c300-fanout_f32_l16-merkle-r8,a6b24a85881f999f8766e1d8076e31adcf6c64909b7efb097df9f2ae7a871d64,merkle,repair_dml_wire_ms,16.760
size-scaling-k75-c300-n1000000-f32-k75-c300-fanout_f32_l16-merkle-r8,a6b24a85881f999f8766e1d8076e31adcf6c64909b7efb097df9f2ae7a871d64,merkle,repair_commit_wire_ms,7.274
size-scaling-k75-c300-n1000000-f32-k75-c300-fanout_f32_l16-merkle-r8,a6b24a85881f999f8766e1d8076e31adcf6c64909b7efb097df9f2ae7a871d64,merkle,repair_begin_wire_ms,0.124
size-scaling-k75-c300-n1000000-f32-k75-c300-fanout_f32_l16-merkle-r8,a6b24a85881f999f8766e1d8076e31adcf6c64909b7efb097df9f2ae7a871d64,merkle,repair_transaction_block_ms,24.773
size-scaling-k75-c300-n1000000-f32-k75-c300-fanout_f32_l16-merkle-r8,a6b24a85881f999f8766e1d8076e31adcf6c64909b7efb097df9f2ae7a871d64,merkle,repair_write_ms,24.778
size-scaling-k75-c300-n1000000-f32-k75-c300-fanout_f32_l16-merkle-r8,a6b24a85881f999f8766e1d8076e31adcf6c64909b7efb097df9f2ae7a871d64,merkle,targeted_post_repair_confirmation_ms,3.481
size-scaling-k75-c300-n1000000-f32-k75-c300-fanout_f32_l16-merkle-r8,a6b24a85881f999f8766e1d8076e31adcf6c64909b7efb097df9f2ae7a871d64,merkle,recovery_observability_ms,0.001
size-scaling-k75-c300-n1000000-f32-k75-c300-fanout_f32_l16-merkle-r8,a6b24a85881f999f8766e1d8076e31adcf6c64909b7efb097df9f2ae7a871d64,merkle,recovery_orchestration_ms,1.480
size-scaling-k75-c300-n1000000-f32-k75-c300-fanout_f32_l16-merkle-r8,a6b24a85881f999f8766e1d8076e31adcf6c64909b7efb097df9f2ae7a871d64,merkle,audit_exact_table_compare_ms,4248.584
size-scaling-k75-c300-n1000000-f32-k75-c300-fanout_f32_l16-merkle-r8,a6b24a85881f999f8766e1d8076e31adcf6c64909b7efb097df9f2ae7a871d64,merkle,audit_merkle_root_hash_ms,1.237
size-scaling-k75-c300-n1000000-f32-k75-c300-fanout_f32_l16-merkle-r8,a6b24a85881f999f8766e1d8076e31adcf6c64909b7efb097df9f2ae7a871d64,merkle,audit_merkle_verify_ms,3059.591
size-scaling-k75-c300-n1000000-f32-k75-c300-fanout_f32_l16-merkle-r8,a6b24a85881f999f8766e1d8076e31adcf6c64909b7efb097df9f2ae7a871d64,merkle,audit_schema_fidelity_ms,2.188
size-scaling-k75-c300-n1000000-f32-k75-c300-fanout_f32_l16-merkle-r8,a6b24a85881f999f8766e1d8076e31adcf6c64909b7efb097df9f2ae7a871d64,merkle,merkle_total_ms,10317.773
size-scaling-k75-c300-n1000000-f32-k75-c300-fanout_f32_l16-merkle-r9,a6b24a85881f999f8766e1d8076e31adcf6c64909b7efb097df9f2ae7a871d64,merkle,tree_localisation_ms,121.755
size-scaling-k75-c300-n1000000-f32-k75-c300-fanout_f32_l16-merkle-r9,a6b24a85881f999f8766e1d8076e31adcf6c64909b7efb097df9f2ae7a871d64,merkle,candidate_row_fetch_ms,19.506
size-scaling-k75-c300-n1000000-f32-k75-c300-fanout_f32_l16-merkle-r9,a6b24a85881f999f8766e1d8076e31adcf6c64909b7efb097df9f2ae7a871d64,merkle,row_comparison_ms,0.655
size-scaling-k75-c300-n1000000-f32-k75-c300-fanout_f32_l16-merkle-r9,a6b24a85881f999f8766e1d8076e31adcf6c64909b7efb097df9f2ae7a871d64,merkle,repair_sql_building_ms,0.557
size-scaling-k75-c300-n1000000-f32-k75-c300-fanout_f32_l16-merkle-r9,a6b24a85881f999f8766e1d8076e31adcf6c64909b7efb097df9f2ae7a871d64,merkle,repair_dml_wire_ms,16.582
size-scaling-k75-c300-n1000000-f32-k75-c300-fanout_f32_l16-merkle-r9,a6b24a85881f999f8766e1d8076e31adcf6c64909b7efb097df9f2ae7a871d64,merkle,repair_commit_wire_ms,7.283
size-scaling-k75-c300-n1000000-f32-k75-c300-fanout_f32_l16-merkle-r9,a6b24a85881f999f8766e1d8076e31adcf6c64909b7efb097df9f2ae7a871d64,merkle,repair_begin_wire_ms,0.114
size-scaling-k75-c300-n1000000-f32-k75-c300-fanout_f32_l16-merkle-r9,a6b24a85881f999f8766e1d8076e31adcf6c64909b7efb097df9f2ae7a871d64,merkle,repair_transaction_block_ms,24.592
size-scaling-k75-c300-n1000000-f32-k75-c300-fanout_f32_l16-merkle-r9,a6b24a85881f999f8766e1d8076e31adcf6c64909b7efb097df9f2ae7a871d64,merkle,repair_write_ms,24.596
size-scaling-k75-c300-n1000000-f32-k75-c300-fanout_f32_l16-merkle-r9,a6b24a85881f999f8766e1d8076e31adcf6c64909b7efb097df9f2ae7a871d64,merkle,targeted_post_repair_confirmation_ms,3.461
size-scaling-k75-c300-n1000000-f32-k75-c300-fanout_f32_l16-merkle-r9,a6b24a85881f999f8766e1d8076e31adcf6c64909b7efb097df9f2ae7a871d64,merkle,recovery_observability_ms,0.001
size-scaling-k75-c300-n1000000-f32-k75-c300-fanout_f32_l16-merkle-r9,a6b24a85881f999f8766e1d8076e31adcf6c64909b7efb097df9f2ae7a871d64,merkle,recovery_orchestration_ms,1.459
size-scaling-k75-c300-n1000000-f32-k75-c300-fanout_f32_l16-merkle-r9,a6b24a85881f999f8766e1d8076e31adcf6c64909b7efb097df9f2ae7a871d64,merkle,audit_exact_table_compare_ms,4247.502
size-scaling-k75-c300-n1000000-f32-k75-c300-fanout_f32_l16-merkle-r9,a6b24a85881f999f8766e1d8076e31adcf6c64909b7efb097df9f2ae7a871d64,merkle,audit_merkle_root_hash_ms,1.163
size-scaling-k75-c300-n1000000-f32-k75-c300-fanout_f32_l16-merkle-r9,a6b24a85881f999f8766e1d8076e31adcf6c64909b7efb097df9f2ae7a871d64,merkle,audit_merkle_verify_ms,3064.414
size-scaling-k75-c300-n1000000-f32-k75-c300-fanout_f32_l16-merkle-r9,a6b24a85881f999f8766e1d8076e31adcf6c64909b7efb097df9f2ae7a871d64,merkle,audit_schema_fidelity_ms,2.167
size-scaling-k75-c300-n1000000-f32-k75-c300-fanout_f32_l16-merkle-r9,a6b24a85881f999f8766e1d8076e31adcf6c64909b7efb097df9f2ae7a871d64,merkle,merkle_total_ms,10318.498
size-scaling-k75-c300-n15000000-f32-k75-c300-fanout_f32_l16-merkle-r0,19a379b75ad87f358ebfeb92b7b2b78aa8d56ede22057b38311c1c69e033ac20,merkle,tree_localisation_ms,192.185
size-scaling-k75-c300-n15000000-f32-k75-c300-fanout_f32_l16-merkle-r0,19a379b75ad87f358ebfeb92b7b2b78aa8d56ede22057b38311c1c69e033ac20,merkle,candidate_row_fetch_ms,16.800
size-scaling-k75-c300-n15000000-f32-k75-c300-fanout_f32_l16-merkle-r0,19a379b75ad87f358ebfeb92b7b2b78aa8d56ede22057b38311c1c69e033ac20,merkle,row_comparison_ms,0.566
size-scaling-k75-c300-n15000000-f32-k75-c300-fanout_f32_l16-merkle-r0,19a379b75ad87f358ebfeb92b7b2b78aa8d56ede22057b38311c1c69e033ac20,merkle,repair_sql_building_ms,0.566
size-scaling-k75-c300-n15000000-f32-k75-c300-fanout_f32_l16-merkle-r0,19a379b75ad87f358ebfeb92b7b2b78aa8d56ede22057b38311c1c69e033ac20,merkle,repair_dml_wire_ms,17.944
size-scaling-k75-c300-n15000000-f32-k75-c300-fanout_f32_l16-merkle-r0,19a379b75ad87f358ebfeb92b7b2b78aa8d56ede22057b38311c1c69e033ac20,merkle,repair_commit_wire_ms,9.383
size-scaling-k75-c300-n15000000-f32-k75-c300-fanout_f32_l16-merkle-r0,19a379b75ad87f358ebfeb92b7b2b78aa8d56ede22057b38311c1c69e033ac20,merkle,repair_begin_wire_ms,0.118
size-scaling-k75-c300-n15000000-f32-k75-c300-fanout_f32_l16-merkle-r0,19a379b75ad87f358ebfeb92b7b2b78aa8d56ede22057b38311c1c69e033ac20,merkle,repair_transaction_block_ms,28.068
size-scaling-k75-c300-n15000000-f32-k75-c300-fanout_f32_l16-merkle-r0,19a379b75ad87f358ebfeb92b7b2b78aa8d56ede22057b38311c1c69e033ac20,merkle,repair_write_ms,28.072
size-scaling-k75-c300-n15000000-f32-k75-c300-fanout_f32_l16-merkle-r0,19a379b75ad87f358ebfeb92b7b2b78aa8d56ede22057b38311c1c69e033ac20,merkle,targeted_post_repair_confirmation_ms,3.626
size-scaling-k75-c300-n15000000-f32-k75-c300-fanout_f32_l16-merkle-r0,19a379b75ad87f358ebfeb92b7b2b78aa8d56ede22057b38311c1c69e033ac20,merkle,recovery_observability_ms,0.001
size-scaling-k75-c300-n15000000-f32-k75-c300-fanout_f32_l16-merkle-r0,19a379b75ad87f358ebfeb92b7b2b78aa8d56ede22057b38311c1c69e033ac20,merkle,recovery_orchestration_ms,1.438
size-scaling-k75-c300-n15000000-f32-k75-c300-fanout_f32_l16-merkle-r0,19a379b75ad87f358ebfeb92b7b2b78aa8d56ede22057b38311c1c69e033ac20,merkle,audit_exact_table_compare_ms,53460.576
size-scaling-k75-c300-n15000000-f32-k75-c300-fanout_f32_l16-merkle-r0,19a379b75ad87f358ebfeb92b7b2b78aa8d56ede22057b38311c1c69e033ac20,merkle,audit_merkle_root_hash_ms,1.364
size-scaling-k75-c300-n15000000-f32-k75-c300-fanout_f32_l16-merkle-r0,19a379b75ad87f358ebfeb92b7b2b78aa8d56ede22057b38311c1c69e033ac20,merkle,audit_merkle_verify_ms,45339.904
size-scaling-k75-c300-n15000000-f32-k75-c300-fanout_f32_l16-merkle-r0,19a379b75ad87f358ebfeb92b7b2b78aa8d56ede22057b38311c1c69e033ac20,merkle,audit_schema_fidelity_ms,2.231
size-scaling-k75-c300-n15000000-f32-k75-c300-fanout_f32_l16-merkle-r0,19a379b75ad87f358ebfeb92b7b2b78aa8d56ede22057b38311c1c69e033ac20,merkle,merkle_total_ms,101778.789
size-scaling-k75-c300-n15000000-f32-k75-c300-fanout_f32_l16-merkle-r1,19a379b75ad87f358ebfeb92b7b2b78aa8d56ede22057b38311c1c69e033ac20,merkle,tree_localisation_ms,175.532
size-scaling-k75-c300-n15000000-f32-k75-c300-fanout_f32_l16-merkle-r1,19a379b75ad87f358ebfeb92b7b2b78aa8d56ede22057b38311c1c69e033ac20,merkle,candidate_row_fetch_ms,16.867
size-scaling-k75-c300-n15000000-f32-k75-c300-fanout_f32_l16-merkle-r1,19a379b75ad87f358ebfeb92b7b2b78aa8d56ede22057b38311c1c69e033ac20,merkle,row_comparison_ms,0.557
size-scaling-k75-c300-n15000000-f32-k75-c300-fanout_f32_l16-merkle-r1,19a379b75ad87f358ebfeb92b7b2b78aa8d56ede22057b38311c1c69e033ac20,merkle,repair_sql_building_ms,0.555
size-scaling-k75-c300-n15000000-f32-k75-c300-fanout_f32_l16-merkle-r1,19a379b75ad87f358ebfeb92b7b2b78aa8d56ede22057b38311c1c69e033ac20,merkle,repair_dml_wire_ms,17.569
size-scaling-k75-c300-n15000000-f32-k75-c300-fanout_f32_l16-merkle-r1,19a379b75ad87f358ebfeb92b7b2b78aa8d56ede22057b38311c1c69e033ac20,merkle,repair_commit_wire_ms,9.294
size-scaling-k75-c300-n15000000-f32-k75-c300-fanout_f32_l16-merkle-r1,19a379b75ad87f358ebfeb92b7b2b78aa8d56ede22057b38311c1c69e033ac20,merkle,repair_begin_wire_ms,0.112
size-scaling-k75-c300-n15000000-f32-k75-c300-fanout_f32_l16-merkle-r1,19a379b75ad87f358ebfeb92b7b2b78aa8d56ede22057b38311c1c69e033ac20,merkle,repair_transaction_block_ms,27.586
size-scaling-k75-c300-n15000000-f32-k75-c300-fanout_f32_l16-merkle-r1,19a379b75ad87f358ebfeb92b7b2b78aa8d56ede22057b38311c1c69e033ac20,merkle,repair_write_ms,27.591
size-scaling-k75-c300-n15000000-f32-k75-c300-fanout_f32_l16-merkle-r1,19a379b75ad87f358ebfeb92b7b2b78aa8d56ede22057b38311c1c69e033ac20,merkle,targeted_post_repair_confirmation_ms,3.570
size-scaling-k75-c300-n15000000-f32-k75-c300-fanout_f32_l16-merkle-r1,19a379b75ad87f358ebfeb92b7b2b78aa8d56ede22057b38311c1c69e033ac20,merkle,recovery_observability_ms,0.001
size-scaling-k75-c300-n15000000-f32-k75-c300-fanout_f32_l16-merkle-r1,19a379b75ad87f358ebfeb92b7b2b78aa8d56ede22057b38311c1c69e033ac20,merkle,recovery_orchestration_ms,1.429
size-scaling-k75-c300-n15000000-f32-k75-c300-fanout_f32_l16-merkle-r1,19a379b75ad87f358ebfeb92b7b2b78aa8d56ede22057b38311c1c69e033ac20,merkle,audit_exact_table_compare_ms,53053.957
size-scaling-k75-c300-n15000000-f32-k75-c300-fanout_f32_l16-merkle-r1,19a379b75ad87f358ebfeb92b7b2b78aa8d56ede22057b38311c1c69e033ac20,merkle,audit_merkle_root_hash_ms,1.314
size-scaling-k75-c300-n15000000-f32-k75-c300-fanout_f32_l16-merkle-r1,19a379b75ad87f358ebfeb92b7b2b78aa8d56ede22057b38311c1c69e033ac20,merkle,audit_merkle_verify_ms,45274.983
size-scaling-k75-c300-n15000000-f32-k75-c300-fanout_f32_l16-merkle-r1,19a379b75ad87f358ebfeb92b7b2b78aa8d56ede22057b38311c1c69e033ac20,merkle,audit_schema_fidelity_ms,2.187
size-scaling-k75-c300-n15000000-f32-k75-c300-fanout_f32_l16-merkle-r1,19a379b75ad87f358ebfeb92b7b2b78aa8d56ede22057b38311c1c69e033ac20,merkle,merkle_total_ms,101340.550
size-scaling-k75-c300-n15000000-f32-k75-c300-fanout_f32_l16-merkle-r2,19a379b75ad87f358ebfeb92b7b2b78aa8d56ede22057b38311c1c69e033ac20,merkle,tree_localisation_ms,191.737
size-scaling-k75-c300-n15000000-f32-k75-c300-fanout_f32_l16-merkle-r2,19a379b75ad87f358ebfeb92b7b2b78aa8d56ede22057b38311c1c69e033ac20,merkle,candidate_row_fetch_ms,17.160
size-scaling-k75-c300-n15000000-f32-k75-c300-fanout_f32_l16-merkle-r2,19a379b75ad87f358ebfeb92b7b2b78aa8d56ede22057b38311c1c69e033ac20,merkle,row_comparison_ms,0.561
size-scaling-k75-c300-n15000000-f32-k75-c300-fanout_f32_l16-merkle-r2,19a379b75ad87f358ebfeb92b7b2b78aa8d56ede22057b38311c1c69e033ac20,merkle,repair_sql_building_ms,0.573
size-scaling-k75-c300-n15000000-f32-k75-c300-fanout_f32_l16-merkle-r2,19a379b75ad87f358ebfeb92b7b2b78aa8d56ede22057b38311c1c69e033ac20,merkle,repair_dml_wire_ms,17.605
size-scaling-k75-c300-n15000000-f32-k75-c300-fanout_f32_l16-merkle-r2,19a379b75ad87f358ebfeb92b7b2b78aa8d56ede22057b38311c1c69e033ac20,merkle,repair_commit_wire_ms,9.415
size-scaling-k75-c300-n15000000-f32-k75-c300-fanout_f32_l16-merkle-r2,19a379b75ad87f358ebfeb92b7b2b78aa8d56ede22057b38311c1c69e033ac20,merkle,repair_begin_wire_ms,0.112
size-scaling-k75-c300-n15000000-f32-k75-c300-fanout_f32_l16-merkle-r2,19a379b75ad87f358ebfeb92b7b2b78aa8d56ede22057b38311c1c69e033ac20,merkle,repair_transaction_block_ms,27.761
size-scaling-k75-c300-n15000000-f32-k75-c300-fanout_f32_l16-merkle-r2,19a379b75ad87f358ebfeb92b7b2b78aa8d56ede22057b38311c1c69e033ac20,merkle,repair_write_ms,27.766
size-scaling-k75-c300-n15000000-f32-k75-c300-fanout_f32_l16-merkle-r2,19a379b75ad87f358ebfeb92b7b2b78aa8d56ede22057b38311c1c69e033ac20,merkle,targeted_post_repair_confirmation_ms,3.629
size-scaling-k75-c300-n15000000-f32-k75-c300-fanout_f32_l16-merkle-r2,19a379b75ad87f358ebfeb92b7b2b78aa8d56ede22057b38311c1c69e033ac20,merkle,recovery_observability_ms,0.001
size-scaling-k75-c300-n15000000-f32-k75-c300-fanout_f32_l16-merkle-r2,19a379b75ad87f358ebfeb92b7b2b78aa8d56ede22057b38311c1c69e033ac20,merkle,recovery_orchestration_ms,1.430
size-scaling-k75-c300-n15000000-f32-k75-c300-fanout_f32_l16-merkle-r2,19a379b75ad87f358ebfeb92b7b2b78aa8d56ede22057b38311c1c69e033ac20,merkle,audit_exact_table_compare_ms,53492.030
size-scaling-k75-c300-n15000000-f32-k75-c300-fanout_f32_l16-merkle-r2,19a379b75ad87f358ebfeb92b7b2b78aa8d56ede22057b38311c1c69e033ac20,merkle,audit_merkle_root_hash_ms,1.389
size-scaling-k75-c300-n15000000-f32-k75-c300-fanout_f32_l16-merkle-r2,19a379b75ad87f358ebfeb92b7b2b78aa8d56ede22057b38311c1c69e033ac20,merkle,audit_merkle_verify_ms,45325.875
size-scaling-k75-c300-n15000000-f32-k75-c300-fanout_f32_l16-merkle-r2,19a379b75ad87f358ebfeb92b7b2b78aa8d56ede22057b38311c1c69e033ac20,merkle,audit_schema_fidelity_ms,2.186
size-scaling-k75-c300-n15000000-f32-k75-c300-fanout_f32_l16-merkle-r2,19a379b75ad87f358ebfeb92b7b2b78aa8d56ede22057b38311c1c69e033ac20,merkle,merkle_total_ms,101794.620
size-scaling-k75-c300-n15000000-f32-k75-c300-fanout_f32_l16-merkle-r3,19a379b75ad87f358ebfeb92b7b2b78aa8d56ede22057b38311c1c69e033ac20,merkle,tree_localisation_ms,176.425
size-scaling-k75-c300-n15000000-f32-k75-c300-fanout_f32_l16-merkle-r3,19a379b75ad87f358ebfeb92b7b2b78aa8d56ede22057b38311c1c69e033ac20,merkle,candidate_row_fetch_ms,17.326
size-scaling-k75-c300-n15000000-f32-k75-c300-fanout_f32_l16-merkle-r3,19a379b75ad87f358ebfeb92b7b2b78aa8d56ede22057b38311c1c69e033ac20,merkle,row_comparison_ms,0.611
size-scaling-k75-c300-n15000000-f32-k75-c300-fanout_f32_l16-merkle-r3,19a379b75ad87f358ebfeb92b7b2b78aa8d56ede22057b38311c1c69e033ac20,merkle,repair_sql_building_ms,0.548
size-scaling-k75-c300-n15000000-f32-k75-c300-fanout_f32_l16-merkle-r3,19a379b75ad87f358ebfeb92b7b2b78aa8d56ede22057b38311c1c69e033ac20,merkle,repair_dml_wire_ms,17.544
size-scaling-k75-c300-n15000000-f32-k75-c300-fanout_f32_l16-merkle-r3,19a379b75ad87f358ebfeb92b7b2b78aa8d56ede22057b38311c1c69e033ac20,merkle,repair_commit_wire_ms,9.367
size-scaling-k75-c300-n15000000-f32-k75-c300-fanout_f32_l16-merkle-r3,19a379b75ad87f358ebfeb92b7b2b78aa8d56ede22057b38311c1c69e033ac20,merkle,repair_begin_wire_ms,0.120
size-scaling-k75-c300-n15000000-f32-k75-c300-fanout_f32_l16-merkle-r3,19a379b75ad87f358ebfeb92b7b2b78aa8d56ede22057b38311c1c69e033ac20,merkle,repair_transaction_block_ms,27.636
size-scaling-k75-c300-n15000000-f32-k75-c300-fanout_f32_l16-merkle-r3,19a379b75ad87f358ebfeb92b7b2b78aa8d56ede22057b38311c1c69e033ac20,merkle,repair_write_ms,27.641
size-scaling-k75-c300-n15000000-f32-k75-c300-fanout_f32_l16-merkle-r3,19a379b75ad87f358ebfeb92b7b2b78aa8d56ede22057b38311c1c69e033ac20,merkle,targeted_post_repair_confirmation_ms,3.663
size-scaling-k75-c300-n15000000-f32-k75-c300-fanout_f32_l16-merkle-r3,19a379b75ad87f358ebfeb92b7b2b78aa8d56ede22057b38311c1c69e033ac20,merkle,recovery_observability_ms,0.001
size-scaling-k75-c300-n15000000-f32-k75-c300-fanout_f32_l16-merkle-r3,19a379b75ad87f358ebfeb92b7b2b78aa8d56ede22057b38311c1c69e033ac20,merkle,recovery_orchestration_ms,1.428
size-scaling-k75-c300-n15000000-f32-k75-c300-fanout_f32_l16-merkle-r3,19a379b75ad87f358ebfeb92b7b2b78aa8d56ede22057b38311c1c69e033ac20,merkle,audit_exact_table_compare_ms,53497.663
size-scaling-k75-c300-n15000000-f32-k75-c300-fanout_f32_l16-merkle-r3,19a379b75ad87f358ebfeb92b7b2b78aa8d56ede22057b38311c1c69e033ac20,merkle,audit_merkle_root_hash_ms,1.348
size-scaling-k75-c300-n15000000-f32-k75-c300-fanout_f32_l16-merkle-r3,19a379b75ad87f358ebfeb92b7b2b78aa8d56ede22057b38311c1c69e033ac20,merkle,audit_merkle_verify_ms,45388.240
size-scaling-k75-c300-n15000000-f32-k75-c300-fanout_f32_l16-merkle-r3,19a379b75ad87f358ebfeb92b7b2b78aa8d56ede22057b38311c1c69e033ac20,merkle,audit_schema_fidelity_ms,2.172
size-scaling-k75-c300-n15000000-f32-k75-c300-fanout_f32_l16-merkle-r3,19a379b75ad87f358ebfeb92b7b2b78aa8d56ede22057b38311c1c69e033ac20,merkle,merkle_total_ms,101898.757
size-scaling-k75-c300-n15000000-f32-k75-c300-fanout_f32_l16-merkle-r4,19a379b75ad87f358ebfeb92b7b2b78aa8d56ede22057b38311c1c69e033ac20,merkle,tree_localisation_ms,175.950
size-scaling-k75-c300-n15000000-f32-k75-c300-fanout_f32_l16-merkle-r4,19a379b75ad87f358ebfeb92b7b2b78aa8d56ede22057b38311c1c69e033ac20,merkle,candidate_row_fetch_ms,17.394
size-scaling-k75-c300-n15000000-f32-k75-c300-fanout_f32_l16-merkle-r4,19a379b75ad87f358ebfeb92b7b2b78aa8d56ede22057b38311c1c69e033ac20,merkle,row_comparison_ms,0.558
size-scaling-k75-c300-n15000000-f32-k75-c300-fanout_f32_l16-merkle-r4,19a379b75ad87f358ebfeb92b7b2b78aa8d56ede22057b38311c1c69e033ac20,merkle,repair_sql_building_ms,0.564
size-scaling-k75-c300-n15000000-f32-k75-c300-fanout_f32_l16-merkle-r4,19a379b75ad87f358ebfeb92b7b2b78aa8d56ede22057b38311c1c69e033ac20,merkle,repair_dml_wire_ms,29.174
size-scaling-k75-c300-n15000000-f32-k75-c300-fanout_f32_l16-merkle-r4,19a379b75ad87f358ebfeb92b7b2b78aa8d56ede22057b38311c1c69e033ac20,merkle,repair_commit_wire_ms,9.494
size-scaling-k75-c300-n15000000-f32-k75-c300-fanout_f32_l16-merkle-r4,19a379b75ad87f358ebfeb92b7b2b78aa8d56ede22057b38311c1c69e033ac20,merkle,repair_begin_wire_ms,0.107
size-scaling-k75-c300-n15000000-f32-k75-c300-fanout_f32_l16-merkle-r4,19a379b75ad87f358ebfeb92b7b2b78aa8d56ede22057b38311c1c69e033ac20,merkle,repair_transaction_block_ms,39.397
size-scaling-k75-c300-n15000000-f32-k75-c300-fanout_f32_l16-merkle-r4,19a379b75ad87f358ebfeb92b7b2b78aa8d56ede22057b38311c1c69e033ac20,merkle,repair_write_ms,39.402
size-scaling-k75-c300-n15000000-f32-k75-c300-fanout_f32_l16-merkle-r4,19a379b75ad87f358ebfeb92b7b2b78aa8d56ede22057b38311c1c69e033ac20,merkle,targeted_post_repair_confirmation_ms,3.597
size-scaling-k75-c300-n15000000-f32-k75-c300-fanout_f32_l16-merkle-r4,19a379b75ad87f358ebfeb92b7b2b78aa8d56ede22057b38311c1c69e033ac20,merkle,recovery_observability_ms,0.001
size-scaling-k75-c300-n15000000-f32-k75-c300-fanout_f32_l16-merkle-r4,19a379b75ad87f358ebfeb92b7b2b78aa8d56ede22057b38311c1c69e033ac20,merkle,recovery_orchestration_ms,1.406
size-scaling-k75-c300-n15000000-f32-k75-c300-fanout_f32_l16-merkle-r4,19a379b75ad87f358ebfeb92b7b2b78aa8d56ede22057b38311c1c69e033ac20,merkle,audit_exact_table_compare_ms,53324.677
size-scaling-k75-c300-n15000000-f32-k75-c300-fanout_f32_l16-merkle-r4,19a379b75ad87f358ebfeb92b7b2b78aa8d56ede22057b38311c1c69e033ac20,merkle,audit_merkle_root_hash_ms,1.396
size-scaling-k75-c300-n15000000-f32-k75-c300-fanout_f32_l16-merkle-r4,19a379b75ad87f358ebfeb92b7b2b78aa8d56ede22057b38311c1c69e033ac20,merkle,audit_merkle_verify_ms,45464.220
size-scaling-k75-c300-n15000000-f32-k75-c300-fanout_f32_l16-merkle-r4,19a379b75ad87f358ebfeb92b7b2b78aa8d56ede22057b38311c1c69e033ac20,merkle,audit_schema_fidelity_ms,2.167
size-scaling-k75-c300-n15000000-f32-k75-c300-fanout_f32_l16-merkle-r4,19a379b75ad87f358ebfeb92b7b2b78aa8d56ede22057b38311c1c69e033ac20,merkle,merkle_total_ms,101813.254
size-scaling-k75-c300-n15000000-f32-k75-c300-fanout_f32_l16-merkle-r5,19a379b75ad87f358ebfeb92b7b2b78aa8d56ede22057b38311c1c69e033ac20,merkle,tree_localisation_ms,177.021
size-scaling-k75-c300-n15000000-f32-k75-c300-fanout_f32_l16-merkle-r5,19a379b75ad87f358ebfeb92b7b2b78aa8d56ede22057b38311c1c69e033ac20,merkle,candidate_row_fetch_ms,17.503
size-scaling-k75-c300-n15000000-f32-k75-c300-fanout_f32_l16-merkle-r5,19a379b75ad87f358ebfeb92b7b2b78aa8d56ede22057b38311c1c69e033ac20,merkle,row_comparison_ms,0.569
size-scaling-k75-c300-n15000000-f32-k75-c300-fanout_f32_l16-merkle-r5,19a379b75ad87f358ebfeb92b7b2b78aa8d56ede22057b38311c1c69e033ac20,merkle,repair_sql_building_ms,0.581
size-scaling-k75-c300-n15000000-f32-k75-c300-fanout_f32_l16-merkle-r5,19a379b75ad87f358ebfeb92b7b2b78aa8d56ede22057b38311c1c69e033ac20,merkle,repair_dml_wire_ms,17.080
size-scaling-k75-c300-n15000000-f32-k75-c300-fanout_f32_l16-merkle-r5,19a379b75ad87f358ebfeb92b7b2b78aa8d56ede22057b38311c1c69e033ac20,merkle,repair_commit_wire_ms,9.261
size-scaling-k75-c300-n15000000-f32-k75-c300-fanout_f32_l16-merkle-r5,19a379b75ad87f358ebfeb92b7b2b78aa8d56ede22057b38311c1c69e033ac20,merkle,repair_begin_wire_ms,0.126
size-scaling-k75-c300-n15000000-f32-k75-c300-fanout_f32_l16-merkle-r5,19a379b75ad87f358ebfeb92b7b2b78aa8d56ede22057b38311c1c69e033ac20,merkle,repair_transaction_block_ms,27.106
size-scaling-k75-c300-n15000000-f32-k75-c300-fanout_f32_l16-merkle-r5,19a379b75ad87f358ebfeb92b7b2b78aa8d56ede22057b38311c1c69e033ac20,merkle,repair_write_ms,27.111
size-scaling-k75-c300-n15000000-f32-k75-c300-fanout_f32_l16-merkle-r5,19a379b75ad87f358ebfeb92b7b2b78aa8d56ede22057b38311c1c69e033ac20,merkle,targeted_post_repair_confirmation_ms,3.593
size-scaling-k75-c300-n15000000-f32-k75-c300-fanout_f32_l16-merkle-r5,19a379b75ad87f358ebfeb92b7b2b78aa8d56ede22057b38311c1c69e033ac20,merkle,recovery_observability_ms,0.001
size-scaling-k75-c300-n15000000-f32-k75-c300-fanout_f32_l16-merkle-r5,19a379b75ad87f358ebfeb92b7b2b78aa8d56ede22057b38311c1c69e033ac20,merkle,recovery_orchestration_ms,1.400
size-scaling-k75-c300-n15000000-f32-k75-c300-fanout_f32_l16-merkle-r5,19a379b75ad87f358ebfeb92b7b2b78aa8d56ede22057b38311c1c69e033ac20,merkle,audit_exact_table_compare_ms,53381.386
size-scaling-k75-c300-n15000000-f32-k75-c300-fanout_f32_l16-merkle-r5,19a379b75ad87f358ebfeb92b7b2b78aa8d56ede22057b38311c1c69e033ac20,merkle,audit_merkle_root_hash_ms,1.338
size-scaling-k75-c300-n15000000-f32-k75-c300-fanout_f32_l16-merkle-r5,19a379b75ad87f358ebfeb92b7b2b78aa8d56ede22057b38311c1c69e033ac20,merkle,audit_merkle_verify_ms,45535.817
size-scaling-k75-c300-n15000000-f32-k75-c300-fanout_f32_l16-merkle-r5,19a379b75ad87f358ebfeb92b7b2b78aa8d56ede22057b38311c1c69e033ac20,merkle,audit_schema_fidelity_ms,2.061
size-scaling-k75-c300-n15000000-f32-k75-c300-fanout_f32_l16-merkle-r5,19a379b75ad87f358ebfeb92b7b2b78aa8d56ede22057b38311c1c69e033ac20,merkle,merkle_total_ms,101930.137
size-scaling-k75-c300-n15000000-f32-k75-c300-fanout_f32_l16-merkle-r6,19a379b75ad87f358ebfeb92b7b2b78aa8d56ede22057b38311c1c69e033ac20,merkle,tree_localisation_ms,194.426
size-scaling-k75-c300-n15000000-f32-k75-c300-fanout_f32_l16-merkle-r6,19a379b75ad87f358ebfeb92b7b2b78aa8d56ede22057b38311c1c69e033ac20,merkle,candidate_row_fetch_ms,17.937
size-scaling-k75-c300-n15000000-f32-k75-c300-fanout_f32_l16-merkle-r6,19a379b75ad87f358ebfeb92b7b2b78aa8d56ede22057b38311c1c69e033ac20,merkle,row_comparison_ms,0.569
size-scaling-k75-c300-n15000000-f32-k75-c300-fanout_f32_l16-merkle-r6,19a379b75ad87f358ebfeb92b7b2b78aa8d56ede22057b38311c1c69e033ac20,merkle,repair_sql_building_ms,0.573
size-scaling-k75-c300-n15000000-f32-k75-c300-fanout_f32_l16-merkle-r6,19a379b75ad87f358ebfeb92b7b2b78aa8d56ede22057b38311c1c69e033ac20,merkle,repair_dml_wire_ms,17.373
size-scaling-k75-c300-n15000000-f32-k75-c300-fanout_f32_l16-merkle-r6,19a379b75ad87f358ebfeb92b7b2b78aa8d56ede22057b38311c1c69e033ac20,merkle,repair_commit_wire_ms,9.297
size-scaling-k75-c300-n15000000-f32-k75-c300-fanout_f32_l16-merkle-r6,19a379b75ad87f358ebfeb92b7b2b78aa8d56ede22057b38311c1c69e033ac20,merkle,repair_begin_wire_ms,0.113
size-scaling-k75-c300-n15000000-f32-k75-c300-fanout_f32_l16-merkle-r6,19a379b75ad87f358ebfeb92b7b2b78aa8d56ede22057b38311c1c69e033ac20,merkle,repair_transaction_block_ms,27.412
size-scaling-k75-c300-n15000000-f32-k75-c300-fanout_f32_l16-merkle-r6,19a379b75ad87f358ebfeb92b7b2b78aa8d56ede22057b38311c1c69e033ac20,merkle,repair_write_ms,27.417
size-scaling-k75-c300-n15000000-f32-k75-c300-fanout_f32_l16-merkle-r6,19a379b75ad87f358ebfeb92b7b2b78aa8d56ede22057b38311c1c69e033ac20,merkle,targeted_post_repair_confirmation_ms,3.601
size-scaling-k75-c300-n15000000-f32-k75-c300-fanout_f32_l16-merkle-r6,19a379b75ad87f358ebfeb92b7b2b78aa8d56ede22057b38311c1c69e033ac20,merkle,recovery_observability_ms,0.001
size-scaling-k75-c300-n15000000-f32-k75-c300-fanout_f32_l16-merkle-r6,19a379b75ad87f358ebfeb92b7b2b78aa8d56ede22057b38311c1c69e033ac20,merkle,recovery_orchestration_ms,1.406
size-scaling-k75-c300-n15000000-f32-k75-c300-fanout_f32_l16-merkle-r6,19a379b75ad87f358ebfeb92b7b2b78aa8d56ede22057b38311c1c69e033ac20,merkle,audit_exact_table_compare_ms,53318.043
size-scaling-k75-c300-n15000000-f32-k75-c300-fanout_f32_l16-merkle-r6,19a379b75ad87f358ebfeb92b7b2b78aa8d56ede22057b38311c1c69e033ac20,merkle,audit_merkle_root_hash_ms,1.241
size-scaling-k75-c300-n15000000-f32-k75-c300-fanout_f32_l16-merkle-r6,19a379b75ad87f358ebfeb92b7b2b78aa8d56ede22057b38311c1c69e033ac20,merkle,audit_merkle_verify_ms,46681.896
size-scaling-k75-c300-n15000000-f32-k75-c300-fanout_f32_l16-merkle-r6,19a379b75ad87f358ebfeb92b7b2b78aa8d56ede22057b38311c1c69e033ac20,merkle,audit_schema_fidelity_ms,2.205
size-scaling-k75-c300-n15000000-f32-k75-c300-fanout_f32_l16-merkle-r6,19a379b75ad87f358ebfeb92b7b2b78aa8d56ede22057b38311c1c69e033ac20,merkle,merkle_total_ms,102980.205
size-scaling-k75-c300-n15000000-f32-k75-c300-fanout_f32_l16-merkle-r7,19a379b75ad87f358ebfeb92b7b2b78aa8d56ede22057b38311c1c69e033ac20,merkle,tree_localisation_ms,196.459
size-scaling-k75-c300-n15000000-f32-k75-c300-fanout_f32_l16-merkle-r7,19a379b75ad87f358ebfeb92b7b2b78aa8d56ede22057b38311c1c69e033ac20,merkle,candidate_row_fetch_ms,18.320
size-scaling-k75-c300-n15000000-f32-k75-c300-fanout_f32_l16-merkle-r7,19a379b75ad87f358ebfeb92b7b2b78aa8d56ede22057b38311c1c69e033ac20,merkle,row_comparison_ms,0.570
size-scaling-k75-c300-n15000000-f32-k75-c300-fanout_f32_l16-merkle-r7,19a379b75ad87f358ebfeb92b7b2b78aa8d56ede22057b38311c1c69e033ac20,merkle,repair_sql_building_ms,0.556
size-scaling-k75-c300-n15000000-f32-k75-c300-fanout_f32_l16-merkle-r7,19a379b75ad87f358ebfeb92b7b2b78aa8d56ede22057b38311c1c69e033ac20,merkle,repair_dml_wire_ms,17.244
size-scaling-k75-c300-n15000000-f32-k75-c300-fanout_f32_l16-merkle-r7,19a379b75ad87f358ebfeb92b7b2b78aa8d56ede22057b38311c1c69e033ac20,merkle,repair_commit_wire_ms,9.298
size-scaling-k75-c300-n15000000-f32-k75-c300-fanout_f32_l16-merkle-r7,19a379b75ad87f358ebfeb92b7b2b78aa8d56ede22057b38311c1c69e033ac20,merkle,repair_begin_wire_ms,0.112
size-scaling-k75-c300-n15000000-f32-k75-c300-fanout_f32_l16-merkle-r7,19a379b75ad87f358ebfeb92b7b2b78aa8d56ede22057b38311c1c69e033ac20,merkle,repair_transaction_block_ms,27.265
size-scaling-k75-c300-n15000000-f32-k75-c300-fanout_f32_l16-merkle-r7,19a379b75ad87f358ebfeb92b7b2b78aa8d56ede22057b38311c1c69e033ac20,merkle,repair_write_ms,27.269
size-scaling-k75-c300-n15000000-f32-k75-c300-fanout_f32_l16-merkle-r7,19a379b75ad87f358ebfeb92b7b2b78aa8d56ede22057b38311c1c69e033ac20,merkle,targeted_post_repair_confirmation_ms,3.602
size-scaling-k75-c300-n15000000-f32-k75-c300-fanout_f32_l16-merkle-r7,19a379b75ad87f358ebfeb92b7b2b78aa8d56ede22057b38311c1c69e033ac20,merkle,recovery_observability_ms,0.001
size-scaling-k75-c300-n15000000-f32-k75-c300-fanout_f32_l16-merkle-r7,19a379b75ad87f358ebfeb92b7b2b78aa8d56ede22057b38311c1c69e033ac20,merkle,recovery_orchestration_ms,1.420
size-scaling-k75-c300-n15000000-f32-k75-c300-fanout_f32_l16-merkle-r7,19a379b75ad87f358ebfeb92b7b2b78aa8d56ede22057b38311c1c69e033ac20,merkle,audit_exact_table_compare_ms,53364.541
size-scaling-k75-c300-n15000000-f32-k75-c300-fanout_f32_l16-merkle-r7,19a379b75ad87f358ebfeb92b7b2b78aa8d56ede22057b38311c1c69e033ac20,merkle,audit_merkle_root_hash_ms,1.256
size-scaling-k75-c300-n15000000-f32-k75-c300-fanout_f32_l16-merkle-r7,19a379b75ad87f358ebfeb92b7b2b78aa8d56ede22057b38311c1c69e033ac20,merkle,audit_merkle_verify_ms,45358.598
size-scaling-k75-c300-n15000000-f32-k75-c300-fanout_f32_l16-merkle-r7,19a379b75ad87f358ebfeb92b7b2b78aa8d56ede22057b38311c1c69e033ac20,merkle,audit_schema_fidelity_ms,2.221
size-scaling-k75-c300-n15000000-f32-k75-c300-fanout_f32_l16-merkle-r7,19a379b75ad87f358ebfeb92b7b2b78aa8d56ede22057b38311c1c69e033ac20,merkle,merkle_total_ms,101704.443
size-scaling-k75-c300-n15000000-f32-k75-c300-fanout_f32_l16-merkle-r8,19a379b75ad87f358ebfeb92b7b2b78aa8d56ede22057b38311c1c69e033ac20,merkle,tree_localisation_ms,198.147
size-scaling-k75-c300-n15000000-f32-k75-c300-fanout_f32_l16-merkle-r8,19a379b75ad87f358ebfeb92b7b2b78aa8d56ede22057b38311c1c69e033ac20,merkle,candidate_row_fetch_ms,18.041
size-scaling-k75-c300-n15000000-f32-k75-c300-fanout_f32_l16-merkle-r8,19a379b75ad87f358ebfeb92b7b2b78aa8d56ede22057b38311c1c69e033ac20,merkle,row_comparison_ms,0.573
size-scaling-k75-c300-n15000000-f32-k75-c300-fanout_f32_l16-merkle-r8,19a379b75ad87f358ebfeb92b7b2b78aa8d56ede22057b38311c1c69e033ac20,merkle,repair_sql_building_ms,0.568
size-scaling-k75-c300-n15000000-f32-k75-c300-fanout_f32_l16-merkle-r8,19a379b75ad87f358ebfeb92b7b2b78aa8d56ede22057b38311c1c69e033ac20,merkle,repair_dml_wire_ms,17.171
size-scaling-k75-c300-n15000000-f32-k75-c300-fanout_f32_l16-merkle-r8,19a379b75ad87f358ebfeb92b7b2b78aa8d56ede22057b38311c1c69e033ac20,merkle,repair_commit_wire_ms,9.207
size-scaling-k75-c300-n15000000-f32-k75-c300-fanout_f32_l16-merkle-r8,19a379b75ad87f358ebfeb92b7b2b78aa8d56ede22057b38311c1c69e033ac20,merkle,repair_begin_wire_ms,0.109
size-scaling-k75-c300-n15000000-f32-k75-c300-fanout_f32_l16-merkle-r8,19a379b75ad87f358ebfeb92b7b2b78aa8d56ede22057b38311c1c69e033ac20,merkle,repair_transaction_block_ms,27.110
size-scaling-k75-c300-n15000000-f32-k75-c300-fanout_f32_l16-merkle-r8,19a379b75ad87f358ebfeb92b7b2b78aa8d56ede22057b38311c1c69e033ac20,merkle,repair_write_ms,27.114
size-scaling-k75-c300-n15000000-f32-k75-c300-fanout_f32_l16-merkle-r8,19a379b75ad87f358ebfeb92b7b2b78aa8d56ede22057b38311c1c69e033ac20,merkle,targeted_post_repair_confirmation_ms,3.580
size-scaling-k75-c300-n15000000-f32-k75-c300-fanout_f32_l16-merkle-r8,19a379b75ad87f358ebfeb92b7b2b78aa8d56ede22057b38311c1c69e033ac20,merkle,recovery_observability_ms,0.001
size-scaling-k75-c300-n15000000-f32-k75-c300-fanout_f32_l16-merkle-r8,19a379b75ad87f358ebfeb92b7b2b78aa8d56ede22057b38311c1c69e033ac20,merkle,recovery_orchestration_ms,1.405
size-scaling-k75-c300-n15000000-f32-k75-c300-fanout_f32_l16-merkle-r8,19a379b75ad87f358ebfeb92b7b2b78aa8d56ede22057b38311c1c69e033ac20,merkle,audit_exact_table_compare_ms,53376.830
size-scaling-k75-c300-n15000000-f32-k75-c300-fanout_f32_l16-merkle-r8,19a379b75ad87f358ebfeb92b7b2b78aa8d56ede22057b38311c1c69e033ac20,merkle,audit_merkle_root_hash_ms,1.237
size-scaling-k75-c300-n15000000-f32-k75-c300-fanout_f32_l16-merkle-r8,19a379b75ad87f358ebfeb92b7b2b78aa8d56ede22057b38311c1c69e033ac20,merkle,audit_merkle_verify_ms,45426.557
size-scaling-k75-c300-n15000000-f32-k75-c300-fanout_f32_l16-merkle-r8,19a379b75ad87f358ebfeb92b7b2b78aa8d56ede22057b38311c1c69e033ac20,merkle,audit_schema_fidelity_ms,2.205
size-scaling-k75-c300-n15000000-f32-k75-c300-fanout_f32_l16-merkle-r8,19a379b75ad87f358ebfeb92b7b2b78aa8d56ede22057b38311c1c69e033ac20,merkle,merkle_total_ms,101787.367
size-scaling-k75-c300-n15000000-f32-k75-c300-fanout_f32_l16-merkle-r9,19a379b75ad87f358ebfeb92b7b2b78aa8d56ede22057b38311c1c69e033ac20,merkle,tree_localisation_ms,177.853
size-scaling-k75-c300-n15000000-f32-k75-c300-fanout_f32_l16-merkle-r9,19a379b75ad87f358ebfeb92b7b2b78aa8d56ede22057b38311c1c69e033ac20,merkle,candidate_row_fetch_ms,18.311
size-scaling-k75-c300-n15000000-f32-k75-c300-fanout_f32_l16-merkle-r9,19a379b75ad87f358ebfeb92b7b2b78aa8d56ede22057b38311c1c69e033ac20,merkle,row_comparison_ms,0.582
size-scaling-k75-c300-n15000000-f32-k75-c300-fanout_f32_l16-merkle-r9,19a379b75ad87f358ebfeb92b7b2b78aa8d56ede22057b38311c1c69e033ac20,merkle,repair_sql_building_ms,0.578
size-scaling-k75-c300-n15000000-f32-k75-c300-fanout_f32_l16-merkle-r9,19a379b75ad87f358ebfeb92b7b2b78aa8d56ede22057b38311c1c69e033ac20,merkle,repair_dml_wire_ms,16.915
size-scaling-k75-c300-n15000000-f32-k75-c300-fanout_f32_l16-merkle-r9,19a379b75ad87f358ebfeb92b7b2b78aa8d56ede22057b38311c1c69e033ac20,merkle,repair_commit_wire_ms,9.289
size-scaling-k75-c300-n15000000-f32-k75-c300-fanout_f32_l16-merkle-r9,19a379b75ad87f358ebfeb92b7b2b78aa8d56ede22057b38311c1c69e033ac20,merkle,repair_begin_wire_ms,0.113
size-scaling-k75-c300-n15000000-f32-k75-c300-fanout_f32_l16-merkle-r9,19a379b75ad87f358ebfeb92b7b2b78aa8d56ede22057b38311c1c69e033ac20,merkle,repair_transaction_block_ms,26.950
size-scaling-k75-c300-n15000000-f32-k75-c300-fanout_f32_l16-merkle-r9,19a379b75ad87f358ebfeb92b7b2b78aa8d56ede22057b38311c1c69e033ac20,merkle,repair_write_ms,26.954
size-scaling-k75-c300-n15000000-f32-k75-c300-fanout_f32_l16-merkle-r9,19a379b75ad87f358ebfeb92b7b2b78aa8d56ede22057b38311c1c69e033ac20,merkle,targeted_post_repair_confirmation_ms,3.668
size-scaling-k75-c300-n15000000-f32-k75-c300-fanout_f32_l16-merkle-r9,19a379b75ad87f358ebfeb92b7b2b78aa8d56ede22057b38311c1c69e033ac20,merkle,recovery_observability_ms,0.001
size-scaling-k75-c300-n15000000-f32-k75-c300-fanout_f32_l16-merkle-r9,19a379b75ad87f358ebfeb92b7b2b78aa8d56ede22057b38311c1c69e033ac20,merkle,recovery_orchestration_ms,1.398
size-scaling-k75-c300-n15000000-f32-k75-c300-fanout_f32_l16-merkle-r9,19a379b75ad87f358ebfeb92b7b2b78aa8d56ede22057b38311c1c69e033ac20,merkle,audit_exact_table_compare_ms,53320.768
size-scaling-k75-c300-n15000000-f32-k75-c300-fanout_f32_l16-merkle-r9,19a379b75ad87f358ebfeb92b7b2b78aa8d56ede22057b38311c1c69e033ac20,merkle,audit_merkle_root_hash_ms,1.323
size-scaling-k75-c300-n15000000-f32-k75-c300-fanout_f32_l16-merkle-r9,19a379b75ad87f358ebfeb92b7b2b78aa8d56ede22057b38311c1c69e033ac20,merkle,audit_merkle_verify_ms,45328.614
size-scaling-k75-c300-n15000000-f32-k75-c300-fanout_f32_l16-merkle-r9,19a379b75ad87f358ebfeb92b7b2b78aa8d56ede22057b38311c1c69e033ac20,merkle,audit_schema_fidelity_ms,2.180
size-scaling-k75-c300-n15000000-f32-k75-c300-fanout_f32_l16-merkle-r9,19a379b75ad87f358ebfeb92b7b2b78aa8d56ede22057b38311c1c69e033ac20,merkle,merkle_total_ms,101663.984
size-scaling-k75-c300-n20000000-f32-k75-c300-fanout_f32_l16-merkle-r0,7a1ff6bb371d77adf422199b4ee93b4be2d290649d80e7cbbde6df8681bd4ffe,merkle,tree_localisation_ms,181.938
size-scaling-k75-c300-n20000000-f32-k75-c300-fanout_f32_l16-merkle-r0,7a1ff6bb371d77adf422199b4ee93b4be2d290649d80e7cbbde6df8681bd4ffe,merkle,candidate_row_fetch_ms,17.378
size-scaling-k75-c300-n20000000-f32-k75-c300-fanout_f32_l16-merkle-r0,7a1ff6bb371d77adf422199b4ee93b4be2d290649d80e7cbbde6df8681bd4ffe,merkle,row_comparison_ms,0.595
size-scaling-k75-c300-n20000000-f32-k75-c300-fanout_f32_l16-merkle-r0,7a1ff6bb371d77adf422199b4ee93b4be2d290649d80e7cbbde6df8681bd4ffe,merkle,repair_sql_building_ms,0.566
size-scaling-k75-c300-n20000000-f32-k75-c300-fanout_f32_l16-merkle-r0,7a1ff6bb371d77adf422199b4ee93b4be2d290649d80e7cbbde6df8681bd4ffe,merkle,repair_dml_wire_ms,17.730
size-scaling-k75-c300-n20000000-f32-k75-c300-fanout_f32_l16-merkle-r0,7a1ff6bb371d77adf422199b4ee93b4be2d290649d80e7cbbde6df8681bd4ffe,merkle,repair_commit_wire_ms,9.328
size-scaling-k75-c300-n20000000-f32-k75-c300-fanout_f32_l16-merkle-r0,7a1ff6bb371d77adf422199b4ee93b4be2d290649d80e7cbbde6df8681bd4ffe,merkle,repair_begin_wire_ms,0.114
size-scaling-k75-c300-n20000000-f32-k75-c300-fanout_f32_l16-merkle-r0,7a1ff6bb371d77adf422199b4ee93b4be2d290649d80e7cbbde6df8681bd4ffe,merkle,repair_transaction_block_ms,27.794
size-scaling-k75-c300-n20000000-f32-k75-c300-fanout_f32_l16-merkle-r0,7a1ff6bb371d77adf422199b4ee93b4be2d290649d80e7cbbde6df8681bd4ffe,merkle,repair_write_ms,27.798
size-scaling-k75-c300-n20000000-f32-k75-c300-fanout_f32_l16-merkle-r0,7a1ff6bb371d77adf422199b4ee93b4be2d290649d80e7cbbde6df8681bd4ffe,merkle,targeted_post_repair_confirmation_ms,3.631
size-scaling-k75-c300-n20000000-f32-k75-c300-fanout_f32_l16-merkle-r0,7a1ff6bb371d77adf422199b4ee93b4be2d290649d80e7cbbde6df8681bd4ffe,merkle,recovery_observability_ms,0.002
size-scaling-k75-c300-n20000000-f32-k75-c300-fanout_f32_l16-merkle-r0,7a1ff6bb371d77adf422199b4ee93b4be2d290649d80e7cbbde6df8681bd4ffe,merkle,recovery_orchestration_ms,1.446
size-scaling-k75-c300-n20000000-f32-k75-c300-fanout_f32_l16-merkle-r0,7a1ff6bb371d77adf422199b4ee93b4be2d290649d80e7cbbde6df8681bd4ffe,merkle,audit_exact_table_compare_ms,70897.462
size-scaling-k75-c300-n20000000-f32-k75-c300-fanout_f32_l16-merkle-r0,7a1ff6bb371d77adf422199b4ee93b4be2d290649d80e7cbbde6df8681bd4ffe,merkle,audit_merkle_root_hash_ms,1.369
size-scaling-k75-c300-n20000000-f32-k75-c300-fanout_f32_l16-merkle-r0,7a1ff6bb371d77adf422199b4ee93b4be2d290649d80e7cbbde6df8681bd4ffe,merkle,audit_merkle_verify_ms,60615.538
size-scaling-k75-c300-n20000000-f32-k75-c300-fanout_f32_l16-merkle-r0,7a1ff6bb371d77adf422199b4ee93b4be2d290649d80e7cbbde6df8681bd4ffe,merkle,audit_schema_fidelity_ms,2.207
size-scaling-k75-c300-n20000000-f32-k75-c300-fanout_f32_l16-merkle-r0,7a1ff6bb371d77adf422199b4ee93b4be2d290649d80e7cbbde6df8681bd4ffe,merkle,merkle_total_ms,134482.195
size-scaling-k75-c300-n20000000-f32-k75-c300-fanout_f32_l16-merkle-r1,7a1ff6bb371d77adf422199b4ee93b4be2d290649d80e7cbbde6df8681bd4ffe,merkle,tree_localisation_ms,187.033
size-scaling-k75-c300-n20000000-f32-k75-c300-fanout_f32_l16-merkle-r1,7a1ff6bb371d77adf422199b4ee93b4be2d290649d80e7cbbde6df8681bd4ffe,merkle,candidate_row_fetch_ms,17.416
size-scaling-k75-c300-n20000000-f32-k75-c300-fanout_f32_l16-merkle-r1,7a1ff6bb371d77adf422199b4ee93b4be2d290649d80e7cbbde6df8681bd4ffe,merkle,row_comparison_ms,0.585
size-scaling-k75-c300-n20000000-f32-k75-c300-fanout_f32_l16-merkle-r1,7a1ff6bb371d77adf422199b4ee93b4be2d290649d80e7cbbde6df8681bd4ffe,merkle,repair_sql_building_ms,0.580
size-scaling-k75-c300-n20000000-f32-k75-c300-fanout_f32_l16-merkle-r1,7a1ff6bb371d77adf422199b4ee93b4be2d290649d80e7cbbde6df8681bd4ffe,merkle,repair_dml_wire_ms,17.429
size-scaling-k75-c300-n20000000-f32-k75-c300-fanout_f32_l16-merkle-r1,7a1ff6bb371d77adf422199b4ee93b4be2d290649d80e7cbbde6df8681bd4ffe,merkle,repair_commit_wire_ms,9.382
size-scaling-k75-c300-n20000000-f32-k75-c300-fanout_f32_l16-merkle-r1,7a1ff6bb371d77adf422199b4ee93b4be2d290649d80e7cbbde6df8681bd4ffe,merkle,repair_begin_wire_ms,0.112
size-scaling-k75-c300-n20000000-f32-k75-c300-fanout_f32_l16-merkle-r1,7a1ff6bb371d77adf422199b4ee93b4be2d290649d80e7cbbde6df8681bd4ffe,merkle,repair_transaction_block_ms,27.562
size-scaling-k75-c300-n20000000-f32-k75-c300-fanout_f32_l16-merkle-r1,7a1ff6bb371d77adf422199b4ee93b4be2d290649d80e7cbbde6df8681bd4ffe,merkle,repair_write_ms,27.567
size-scaling-k75-c300-n20000000-f32-k75-c300-fanout_f32_l16-merkle-r1,7a1ff6bb371d77adf422199b4ee93b4be2d290649d80e7cbbde6df8681bd4ffe,merkle,targeted_post_repair_confirmation_ms,3.626
size-scaling-k75-c300-n20000000-f32-k75-c300-fanout_f32_l16-merkle-r1,7a1ff6bb371d77adf422199b4ee93b4be2d290649d80e7cbbde6df8681bd4ffe,merkle,recovery_observability_ms,0.001
size-scaling-k75-c300-n20000000-f32-k75-c300-fanout_f32_l16-merkle-r1,7a1ff6bb371d77adf422199b4ee93b4be2d290649d80e7cbbde6df8681bd4ffe,merkle,recovery_orchestration_ms,1.446
size-scaling-k75-c300-n20000000-f32-k75-c300-fanout_f32_l16-merkle-r1,7a1ff6bb371d77adf422199b4ee93b4be2d290649d80e7cbbde6df8681bd4ffe,merkle,audit_exact_table_compare_ms,70726.666
size-scaling-k75-c300-n20000000-f32-k75-c300-fanout_f32_l16-merkle-r1,7a1ff6bb371d77adf422199b4ee93b4be2d290649d80e7cbbde6df8681bd4ffe,merkle,audit_merkle_root_hash_ms,1.391
size-scaling-k75-c300-n20000000-f32-k75-c300-fanout_f32_l16-merkle-r1,7a1ff6bb371d77adf422199b4ee93b4be2d290649d80e7cbbde6df8681bd4ffe,merkle,audit_merkle_verify_ms,60544.054
size-scaling-k75-c300-n20000000-f32-k75-c300-fanout_f32_l16-merkle-r1,7a1ff6bb371d77adf422199b4ee93b4be2d290649d80e7cbbde6df8681bd4ffe,merkle,audit_schema_fidelity_ms,2.063
size-scaling-k75-c300-n20000000-f32-k75-c300-fanout_f32_l16-merkle-r1,7a1ff6bb371d77adf422199b4ee93b4be2d290649d80e7cbbde6df8681bd4ffe,merkle,merkle_total_ms,134243.889
size-scaling-k75-c300-n20000000-f32-k75-c300-fanout_f32_l16-merkle-r2,7a1ff6bb371d77adf422199b4ee93b4be2d290649d80e7cbbde6df8681bd4ffe,merkle,tree_localisation_ms,178.231
size-scaling-k75-c300-n20000000-f32-k75-c300-fanout_f32_l16-merkle-r2,7a1ff6bb371d77adf422199b4ee93b4be2d290649d80e7cbbde6df8681bd4ffe,merkle,candidate_row_fetch_ms,17.477
size-scaling-k75-c300-n20000000-f32-k75-c300-fanout_f32_l16-merkle-r2,7a1ff6bb371d77adf422199b4ee93b4be2d290649d80e7cbbde6df8681bd4ffe,merkle,row_comparison_ms,0.598
size-scaling-k75-c300-n20000000-f32-k75-c300-fanout_f32_l16-merkle-r2,7a1ff6bb371d77adf422199b4ee93b4be2d290649d80e7cbbde6df8681bd4ffe,merkle,repair_sql_building_ms,0.562
size-scaling-k75-c300-n20000000-f32-k75-c300-fanout_f32_l16-merkle-r2,7a1ff6bb371d77adf422199b4ee93b4be2d290649d80e7cbbde6df8681bd4ffe,merkle,repair_dml_wire_ms,17.175
size-scaling-k75-c300-n20000000-f32-k75-c300-fanout_f32_l16-merkle-r2,7a1ff6bb371d77adf422199b4ee93b4be2d290649d80e7cbbde6df8681bd4ffe,merkle,repair_commit_wire_ms,9.303
size-scaling-k75-c300-n20000000-f32-k75-c300-fanout_f32_l16-merkle-r2,7a1ff6bb371d77adf422199b4ee93b4be2d290649d80e7cbbde6df8681bd4ffe,merkle,repair_begin_wire_ms,0.114
size-scaling-k75-c300-n20000000-f32-k75-c300-fanout_f32_l16-merkle-r2,7a1ff6bb371d77adf422199b4ee93b4be2d290649d80e7cbbde6df8681bd4ffe,merkle,repair_transaction_block_ms,27.211
size-scaling-k75-c300-n20000000-f32-k75-c300-fanout_f32_l16-merkle-r2,7a1ff6bb371d77adf422199b4ee93b4be2d290649d80e7cbbde6df8681bd4ffe,merkle,repair_write_ms,27.216
size-scaling-k75-c300-n20000000-f32-k75-c300-fanout_f32_l16-merkle-r2,7a1ff6bb371d77adf422199b4ee93b4be2d290649d80e7cbbde6df8681bd4ffe,merkle,targeted_post_repair_confirmation_ms,3.614
size-scaling-k75-c300-n20000000-f32-k75-c300-fanout_f32_l16-merkle-r2,7a1ff6bb371d77adf422199b4ee93b4be2d290649d80e7cbbde6df8681bd4ffe,merkle,recovery_observability_ms,0.001
size-scaling-k75-c300-n20000000-f32-k75-c300-fanout_f32_l16-merkle-r2,7a1ff6bb371d77adf422199b4ee93b4be2d290649d80e7cbbde6df8681bd4ffe,merkle,recovery_orchestration_ms,1.411
size-scaling-k75-c300-n20000000-f32-k75-c300-fanout_f32_l16-merkle-r2,7a1ff6bb371d77adf422199b4ee93b4be2d290649d80e7cbbde6df8681bd4ffe,merkle,audit_exact_table_compare_ms,74095.289
size-scaling-k75-c300-n20000000-f32-k75-c300-fanout_f32_l16-merkle-r2,7a1ff6bb371d77adf422199b4ee93b4be2d290649d80e7cbbde6df8681bd4ffe,merkle,audit_merkle_root_hash_ms,1.394
size-scaling-k75-c300-n20000000-f32-k75-c300-fanout_f32_l16-merkle-r2,7a1ff6bb371d77adf422199b4ee93b4be2d290649d80e7cbbde6df8681bd4ffe,merkle,audit_merkle_verify_ms,60752.480
size-scaling-k75-c300-n20000000-f32-k75-c300-fanout_f32_l16-merkle-r2,7a1ff6bb371d77adf422199b4ee93b4be2d290649d80e7cbbde6df8681bd4ffe,merkle,audit_schema_fidelity_ms,2.207
size-scaling-k75-c300-n20000000-f32-k75-c300-fanout_f32_l16-merkle-r2,7a1ff6bb371d77adf422199b4ee93b4be2d290649d80e7cbbde6df8681bd4ffe,merkle,merkle_total_ms,137861.819
size-scaling-k75-c300-n20000000-f32-k75-c300-fanout_f32_l16-merkle-r3,7a1ff6bb371d77adf422199b4ee93b4be2d290649d80e7cbbde6df8681bd4ffe,merkle,tree_localisation_ms,178.758
size-scaling-k75-c300-n20000000-f32-k75-c300-fanout_f32_l16-merkle-r3,7a1ff6bb371d77adf422199b4ee93b4be2d290649d80e7cbbde6df8681bd4ffe,merkle,candidate_row_fetch_ms,17.738
size-scaling-k75-c300-n20000000-f32-k75-c300-fanout_f32_l16-merkle-r3,7a1ff6bb371d77adf422199b4ee93b4be2d290649d80e7cbbde6df8681bd4ffe,merkle,row_comparison_ms,0.613
size-scaling-k75-c300-n20000000-f32-k75-c300-fanout_f32_l16-merkle-r3,7a1ff6bb371d77adf422199b4ee93b4be2d290649d80e7cbbde6df8681bd4ffe,merkle,repair_sql_building_ms,0.556
size-scaling-k75-c300-n20000000-f32-k75-c300-fanout_f32_l16-merkle-r3,7a1ff6bb371d77adf422199b4ee93b4be2d290649d80e7cbbde6df8681bd4ffe,merkle,repair_dml_wire_ms,17.071
size-scaling-k75-c300-n20000000-f32-k75-c300-fanout_f32_l16-merkle-r3,7a1ff6bb371d77adf422199b4ee93b4be2d290649d80e7cbbde6df8681bd4ffe,merkle,repair_commit_wire_ms,9.347
size-scaling-k75-c300-n20000000-f32-k75-c300-fanout_f32_l16-merkle-r3,7a1ff6bb371d77adf422199b4ee93b4be2d290649d80e7cbbde6df8681bd4ffe,merkle,repair_begin_wire_ms,0.113
size-scaling-k75-c300-n20000000-f32-k75-c300-fanout_f32_l16-merkle-r3,7a1ff6bb371d77adf422199b4ee93b4be2d290649d80e7cbbde6df8681bd4ffe,merkle,repair_transaction_block_ms,27.145
size-scaling-k75-c300-n20000000-f32-k75-c300-fanout_f32_l16-merkle-r3,7a1ff6bb371d77adf422199b4ee93b4be2d290649d80e7cbbde6df8681bd4ffe,merkle,repair_write_ms,27.151
size-scaling-k75-c300-n20000000-f32-k75-c300-fanout_f32_l16-merkle-r3,7a1ff6bb371d77adf422199b4ee93b4be2d290649d80e7cbbde6df8681bd4ffe,merkle,targeted_post_repair_confirmation_ms,3.608
size-scaling-k75-c300-n20000000-f32-k75-c300-fanout_f32_l16-merkle-r3,7a1ff6bb371d77adf422199b4ee93b4be2d290649d80e7cbbde6df8681bd4ffe,merkle,recovery_observability_ms,0.001
size-scaling-k75-c300-n20000000-f32-k75-c300-fanout_f32_l16-merkle-r3,7a1ff6bb371d77adf422199b4ee93b4be2d290649d80e7cbbde6df8681bd4ffe,merkle,recovery_orchestration_ms,1.413
size-scaling-k75-c300-n20000000-f32-k75-c300-fanout_f32_l16-merkle-r3,7a1ff6bb371d77adf422199b4ee93b4be2d290649d80e7cbbde6df8681bd4ffe,merkle,audit_exact_table_compare_ms,70708.021
size-scaling-k75-c300-n20000000-f32-k75-c300-fanout_f32_l16-merkle-r3,7a1ff6bb371d77adf422199b4ee93b4be2d290649d80e7cbbde6df8681bd4ffe,merkle,audit_merkle_root_hash_ms,1.267
size-scaling-k75-c300-n20000000-f32-k75-c300-fanout_f32_l16-merkle-r3,7a1ff6bb371d77adf422199b4ee93b4be2d290649d80e7cbbde6df8681bd4ffe,merkle,audit_merkle_verify_ms,60441.866
size-scaling-k75-c300-n20000000-f32-k75-c300-fanout_f32_l16-merkle-r3,7a1ff6bb371d77adf422199b4ee93b4be2d290649d80e7cbbde6df8681bd4ffe,merkle,audit_schema_fidelity_ms,2.201
size-scaling-k75-c300-n20000000-f32-k75-c300-fanout_f32_l16-merkle-r3,7a1ff6bb371d77adf422199b4ee93b4be2d290649d80e7cbbde6df8681bd4ffe,merkle,merkle_total_ms,134165.192
size-scaling-k75-c300-n20000000-f32-k75-c300-fanout_f32_l16-merkle-r4,7a1ff6bb371d77adf422199b4ee93b4be2d290649d80e7cbbde6df8681bd4ffe,merkle,tree_localisation_ms,178.528
size-scaling-k75-c300-n20000000-f32-k75-c300-fanout_f32_l16-merkle-r4,7a1ff6bb371d77adf422199b4ee93b4be2d290649d80e7cbbde6df8681bd4ffe,merkle,candidate_row_fetch_ms,17.930
size-scaling-k75-c300-n20000000-f32-k75-c300-fanout_f32_l16-merkle-r4,7a1ff6bb371d77adf422199b4ee93b4be2d290649d80e7cbbde6df8681bd4ffe,merkle,row_comparison_ms,0.577
size-scaling-k75-c300-n20000000-f32-k75-c300-fanout_f32_l16-merkle-r4,7a1ff6bb371d77adf422199b4ee93b4be2d290649d80e7cbbde6df8681bd4ffe,merkle,repair_sql_building_ms,0.561
size-scaling-k75-c300-n20000000-f32-k75-c300-fanout_f32_l16-merkle-r4,7a1ff6bb371d77adf422199b4ee93b4be2d290649d80e7cbbde6df8681bd4ffe,merkle,repair_dml_wire_ms,17.313
size-scaling-k75-c300-n20000000-f32-k75-c300-fanout_f32_l16-merkle-r4,7a1ff6bb371d77adf422199b4ee93b4be2d290649d80e7cbbde6df8681bd4ffe,merkle,repair_commit_wire_ms,9.392
size-scaling-k75-c300-n20000000-f32-k75-c300-fanout_f32_l16-merkle-r4,7a1ff6bb371d77adf422199b4ee93b4be2d290649d80e7cbbde6df8681bd4ffe,merkle,repair_begin_wire_ms,0.114
size-scaling-k75-c300-n20000000-f32-k75-c300-fanout_f32_l16-merkle-r4,7a1ff6bb371d77adf422199b4ee93b4be2d290649d80e7cbbde6df8681bd4ffe,merkle,repair_transaction_block_ms,27.438
size-scaling-k75-c300-n20000000-f32-k75-c300-fanout_f32_l16-merkle-r4,7a1ff6bb371d77adf422199b4ee93b4be2d290649d80e7cbbde6df8681bd4ffe,merkle,repair_write_ms,27.442
size-scaling-k75-c300-n20000000-f32-k75-c300-fanout_f32_l16-merkle-r4,7a1ff6bb371d77adf422199b4ee93b4be2d290649d80e7cbbde6df8681bd4ffe,merkle,targeted_post_repair_confirmation_ms,3.645
size-scaling-k75-c300-n20000000-f32-k75-c300-fanout_f32_l16-merkle-r4,7a1ff6bb371d77adf422199b4ee93b4be2d290649d80e7cbbde6df8681bd4ffe,merkle,recovery_observability_ms,0.001
size-scaling-k75-c300-n20000000-f32-k75-c300-fanout_f32_l16-merkle-r4,7a1ff6bb371d77adf422199b4ee93b4be2d290649d80e7cbbde6df8681bd4ffe,merkle,recovery_orchestration_ms,1.456
size-scaling-k75-c300-n20000000-f32-k75-c300-fanout_f32_l16-merkle-r4,7a1ff6bb371d77adf422199b4ee93b4be2d290649d80e7cbbde6df8681bd4ffe,merkle,audit_exact_table_compare_ms,70556.917
size-scaling-k75-c300-n20000000-f32-k75-c300-fanout_f32_l16-merkle-r4,7a1ff6bb371d77adf422199b4ee93b4be2d290649d80e7cbbde6df8681bd4ffe,merkle,audit_merkle_root_hash_ms,1.327
size-scaling-k75-c300-n20000000-f32-k75-c300-fanout_f32_l16-merkle-r4,7a1ff6bb371d77adf422199b4ee93b4be2d290649d80e7cbbde6df8681bd4ffe,merkle,audit_merkle_verify_ms,60357.875
size-scaling-k75-c300-n20000000-f32-k75-c300-fanout_f32_l16-merkle-r4,7a1ff6bb371d77adf422199b4ee93b4be2d290649d80e7cbbde6df8681bd4ffe,merkle,audit_schema_fidelity_ms,2.188
size-scaling-k75-c300-n20000000-f32-k75-c300-fanout_f32_l16-merkle-r4,7a1ff6bb371d77adf422199b4ee93b4be2d290649d80e7cbbde6df8681bd4ffe,merkle,merkle_total_ms,133930.560
size-scaling-k75-c300-n20000000-f32-k75-c300-fanout_f32_l16-merkle-r5,7a1ff6bb371d77adf422199b4ee93b4be2d290649d80e7cbbde6df8681bd4ffe,merkle,tree_localisation_ms,178.049
size-scaling-k75-c300-n20000000-f32-k75-c300-fanout_f32_l16-merkle-r5,7a1ff6bb371d77adf422199b4ee93b4be2d290649d80e7cbbde6df8681bd4ffe,merkle,candidate_row_fetch_ms,17.994
size-scaling-k75-c300-n20000000-f32-k75-c300-fanout_f32_l16-merkle-r5,7a1ff6bb371d77adf422199b4ee93b4be2d290649d80e7cbbde6df8681bd4ffe,merkle,row_comparison_ms,0.579
size-scaling-k75-c300-n20000000-f32-k75-c300-fanout_f32_l16-merkle-r5,7a1ff6bb371d77adf422199b4ee93b4be2d290649d80e7cbbde6df8681bd4ffe,merkle,repair_sql_building_ms,0.568
size-scaling-k75-c300-n20000000-f32-k75-c300-fanout_f32_l16-merkle-r5,7a1ff6bb371d77adf422199b4ee93b4be2d290649d80e7cbbde6df8681bd4ffe,merkle,repair_dml_wire_ms,17.162
size-scaling-k75-c300-n20000000-f32-k75-c300-fanout_f32_l16-merkle-r5,7a1ff6bb371d77adf422199b4ee93b4be2d290649d80e7cbbde6df8681bd4ffe,merkle,repair_commit_wire_ms,9.293
size-scaling-k75-c300-n20000000-f32-k75-c300-fanout_f32_l16-merkle-r5,7a1ff6bb371d77adf422199b4ee93b4be2d290649d80e7cbbde6df8681bd4ffe,merkle,repair_begin_wire_ms,0.115
size-scaling-k75-c300-n20000000-f32-k75-c300-fanout_f32_l16-merkle-r5,7a1ff6bb371d77adf422199b4ee93b4be2d290649d80e7cbbde6df8681bd4ffe,merkle,repair_transaction_block_ms,27.195
size-scaling-k75-c300-n20000000-f32-k75-c300-fanout_f32_l16-merkle-r5,7a1ff6bb371d77adf422199b4ee93b4be2d290649d80e7cbbde6df8681bd4ffe,merkle,repair_write_ms,27.199
size-scaling-k75-c300-n20000000-f32-k75-c300-fanout_f32_l16-merkle-r5,7a1ff6bb371d77adf422199b4ee93b4be2d290649d80e7cbbde6df8681bd4ffe,merkle,targeted_post_repair_confirmation_ms,3.609
size-scaling-k75-c300-n20000000-f32-k75-c300-fanout_f32_l16-merkle-r5,7a1ff6bb371d77adf422199b4ee93b4be2d290649d80e7cbbde6df8681bd4ffe,merkle,recovery_observability_ms,0.001
size-scaling-k75-c300-n20000000-f32-k75-c300-fanout_f32_l16-merkle-r5,7a1ff6bb371d77adf422199b4ee93b4be2d290649d80e7cbbde6df8681bd4ffe,merkle,recovery_orchestration_ms,1.439
size-scaling-k75-c300-n20000000-f32-k75-c300-fanout_f32_l16-merkle-r5,7a1ff6bb371d77adf422199b4ee93b4be2d290649d80e7cbbde6df8681bd4ffe,merkle,audit_exact_table_compare_ms,70612.721
size-scaling-k75-c300-n20000000-f32-k75-c300-fanout_f32_l16-merkle-r5,7a1ff6bb371d77adf422199b4ee93b4be2d290649d80e7cbbde6df8681bd4ffe,merkle,audit_merkle_root_hash_ms,1.259
size-scaling-k75-c300-n20000000-f32-k75-c300-fanout_f32_l16-merkle-r5,7a1ff6bb371d77adf422199b4ee93b4be2d290649d80e7cbbde6df8681bd4ffe,merkle,audit_merkle_verify_ms,60643.316
size-scaling-k75-c300-n20000000-f32-k75-c300-fanout_f32_l16-merkle-r5,7a1ff6bb371d77adf422199b4ee93b4be2d290649d80e7cbbde6df8681bd4ffe,merkle,audit_schema_fidelity_ms,2.192
size-scaling-k75-c300-n20000000-f32-k75-c300-fanout_f32_l16-merkle-r5,7a1ff6bb371d77adf422199b4ee93b4be2d290649d80e7cbbde6df8681bd4ffe,merkle,merkle_total_ms,134271.364
size-scaling-k75-c300-n20000000-f32-k75-c300-fanout_f32_l16-merkle-r6,7a1ff6bb371d77adf422199b4ee93b4be2d290649d80e7cbbde6df8681bd4ffe,merkle,tree_localisation_ms,201.204
size-scaling-k75-c300-n20000000-f32-k75-c300-fanout_f32_l16-merkle-r6,7a1ff6bb371d77adf422199b4ee93b4be2d290649d80e7cbbde6df8681bd4ffe,merkle,candidate_row_fetch_ms,18.434
size-scaling-k75-c300-n20000000-f32-k75-c300-fanout_f32_l16-merkle-r6,7a1ff6bb371d77adf422199b4ee93b4be2d290649d80e7cbbde6df8681bd4ffe,merkle,row_comparison_ms,0.596
size-scaling-k75-c300-n20000000-f32-k75-c300-fanout_f32_l16-merkle-r6,7a1ff6bb371d77adf422199b4ee93b4be2d290649d80e7cbbde6df8681bd4ffe,merkle,repair_sql_building_ms,0.556
size-scaling-k75-c300-n20000000-f32-k75-c300-fanout_f32_l16-merkle-r6,7a1ff6bb371d77adf422199b4ee93b4be2d290649d80e7cbbde6df8681bd4ffe,merkle,repair_dml_wire_ms,17.700
size-scaling-k75-c300-n20000000-f32-k75-c300-fanout_f32_l16-merkle-r6,7a1ff6bb371d77adf422199b4ee93b4be2d290649d80e7cbbde6df8681bd4ffe,merkle,repair_commit_wire_ms,9.281
size-scaling-k75-c300-n20000000-f32-k75-c300-fanout_f32_l16-merkle-r6,7a1ff6bb371d77adf422199b4ee93b4be2d290649d80e7cbbde6df8681bd4ffe,merkle,repair_begin_wire_ms,0.155
size-scaling-k75-c300-n20000000-f32-k75-c300-fanout_f32_l16-merkle-r6,7a1ff6bb371d77adf422199b4ee93b4be2d290649d80e7cbbde6df8681bd4ffe,merkle,repair_transaction_block_ms,27.749
size-scaling-k75-c300-n20000000-f32-k75-c300-fanout_f32_l16-merkle-r6,7a1ff6bb371d77adf422199b4ee93b4be2d290649d80e7cbbde6df8681bd4ffe,merkle,repair_write_ms,27.753
size-scaling-k75-c300-n20000000-f32-k75-c300-fanout_f32_l16-merkle-r6,7a1ff6bb371d77adf422199b4ee93b4be2d290649d80e7cbbde6df8681bd4ffe,merkle,targeted_post_repair_confirmation_ms,3.779
size-scaling-k75-c300-n20000000-f32-k75-c300-fanout_f32_l16-merkle-r6,7a1ff6bb371d77adf422199b4ee93b4be2d290649d80e7cbbde6df8681bd4ffe,merkle,recovery_observability_ms,0.001
size-scaling-k75-c300-n20000000-f32-k75-c300-fanout_f32_l16-merkle-r6,7a1ff6bb371d77adf422199b4ee93b4be2d290649d80e7cbbde6df8681bd4ffe,merkle,recovery_orchestration_ms,1.455
size-scaling-k75-c300-n20000000-f32-k75-c300-fanout_f32_l16-merkle-r6,7a1ff6bb371d77adf422199b4ee93b4be2d290649d80e7cbbde6df8681bd4ffe,merkle,audit_exact_table_compare_ms,71135.053
size-scaling-k75-c300-n20000000-f32-k75-c300-fanout_f32_l16-merkle-r6,7a1ff6bb371d77adf422199b4ee93b4be2d290649d80e7cbbde6df8681bd4ffe,merkle,audit_merkle_root_hash_ms,1.329
size-scaling-k75-c300-n20000000-f32-k75-c300-fanout_f32_l16-merkle-r6,7a1ff6bb371d77adf422199b4ee93b4be2d290649d80e7cbbde6df8681bd4ffe,merkle,audit_merkle_verify_ms,60437.539
size-scaling-k75-c300-n20000000-f32-k75-c300-fanout_f32_l16-merkle-r6,7a1ff6bb371d77adf422199b4ee93b4be2d290649d80e7cbbde6df8681bd4ffe,merkle,audit_schema_fidelity_ms,2.182
size-scaling-k75-c300-n20000000-f32-k75-c300-fanout_f32_l16-merkle-r6,7a1ff6bb371d77adf422199b4ee93b4be2d290649d80e7cbbde6df8681bd4ffe,merkle,merkle_total_ms,134562.048
size-scaling-k75-c300-n20000000-f32-k75-c300-fanout_f32_l16-merkle-r7,7a1ff6bb371d77adf422199b4ee93b4be2d290649d80e7cbbde6df8681bd4ffe,merkle,tree_localisation_ms,189.850
size-scaling-k75-c300-n20000000-f32-k75-c300-fanout_f32_l16-merkle-r7,7a1ff6bb371d77adf422199b4ee93b4be2d290649d80e7cbbde6df8681bd4ffe,merkle,candidate_row_fetch_ms,18.353
size-scaling-k75-c300-n20000000-f32-k75-c300-fanout_f32_l16-merkle-r7,7a1ff6bb371d77adf422199b4ee93b4be2d290649d80e7cbbde6df8681bd4ffe,merkle,row_comparison_ms,0.589
size-scaling-k75-c300-n20000000-f32-k75-c300-fanout_f32_l16-merkle-r7,7a1ff6bb371d77adf422199b4ee93b4be2d290649d80e7cbbde6df8681bd4ffe,merkle,repair_sql_building_ms,0.553
size-scaling-k75-c300-n20000000-f32-k75-c300-fanout_f32_l16-merkle-r7,7a1ff6bb371d77adf422199b4ee93b4be2d290649d80e7cbbde6df8681bd4ffe,merkle,repair_dml_wire_ms,17.168
size-scaling-k75-c300-n20000000-f32-k75-c300-fanout_f32_l16-merkle-r7,7a1ff6bb371d77adf422199b4ee93b4be2d290649d80e7cbbde6df8681bd4ffe,merkle,repair_commit_wire_ms,9.324
size-scaling-k75-c300-n20000000-f32-k75-c300-fanout_f32_l16-merkle-r7,7a1ff6bb371d77adf422199b4ee93b4be2d290649d80e7cbbde6df8681bd4ffe,merkle,repair_begin_wire_ms,0.121
size-scaling-k75-c300-n20000000-f32-k75-c300-fanout_f32_l16-merkle-r7,7a1ff6bb371d77adf422199b4ee93b4be2d290649d80e7cbbde6df8681bd4ffe,merkle,repair_transaction_block_ms,27.226
size-scaling-k75-c300-n20000000-f32-k75-c300-fanout_f32_l16-merkle-r7,7a1ff6bb371d77adf422199b4ee93b4be2d290649d80e7cbbde6df8681bd4ffe,merkle,repair_write_ms,27.231
size-scaling-k75-c300-n20000000-f32-k75-c300-fanout_f32_l16-merkle-r7,7a1ff6bb371d77adf422199b4ee93b4be2d290649d80e7cbbde6df8681bd4ffe,merkle,targeted_post_repair_confirmation_ms,3.586
size-scaling-k75-c300-n20000000-f32-k75-c300-fanout_f32_l16-merkle-r7,7a1ff6bb371d77adf422199b4ee93b4be2d290649d80e7cbbde6df8681bd4ffe,merkle,recovery_observability_ms,0.001
size-scaling-k75-c300-n20000000-f32-k75-c300-fanout_f32_l16-merkle-r7,7a1ff6bb371d77adf422199b4ee93b4be2d290649d80e7cbbde6df8681bd4ffe,merkle,recovery_orchestration_ms,1.443
size-scaling-k75-c300-n20000000-f32-k75-c300-fanout_f32_l16-merkle-r7,7a1ff6bb371d77adf422199b4ee93b4be2d290649d80e7cbbde6df8681bd4ffe,merkle,audit_exact_table_compare_ms,70545.342
size-scaling-k75-c300-n20000000-f32-k75-c300-fanout_f32_l16-merkle-r7,7a1ff6bb371d77adf422199b4ee93b4be2d290649d80e7cbbde6df8681bd4ffe,merkle,audit_merkle_root_hash_ms,1.239
size-scaling-k75-c300-n20000000-f32-k75-c300-fanout_f32_l16-merkle-r7,7a1ff6bb371d77adf422199b4ee93b4be2d290649d80e7cbbde6df8681bd4ffe,merkle,audit_merkle_verify_ms,60365.152
size-scaling-k75-c300-n20000000-f32-k75-c300-fanout_f32_l16-merkle-r7,7a1ff6bb371d77adf422199b4ee93b4be2d290649d80e7cbbde6df8681bd4ffe,merkle,audit_schema_fidelity_ms,2.202
size-scaling-k75-c300-n20000000-f32-k75-c300-fanout_f32_l16-merkle-r7,7a1ff6bb371d77adf422199b4ee93b4be2d290649d80e7cbbde6df8681bd4ffe,merkle,merkle_total_ms,133886.312
size-scaling-k75-c300-n20000000-f32-k75-c300-fanout_f32_l16-merkle-r8,7a1ff6bb371d77adf422199b4ee93b4be2d290649d80e7cbbde6df8681bd4ffe,merkle,tree_localisation_ms,181.812
size-scaling-k75-c300-n20000000-f32-k75-c300-fanout_f32_l16-merkle-r8,7a1ff6bb371d77adf422199b4ee93b4be2d290649d80e7cbbde6df8681bd4ffe,merkle,candidate_row_fetch_ms,18.948
size-scaling-k75-c300-n20000000-f32-k75-c300-fanout_f32_l16-merkle-r8,7a1ff6bb371d77adf422199b4ee93b4be2d290649d80e7cbbde6df8681bd4ffe,merkle,row_comparison_ms,0.605
size-scaling-k75-c300-n20000000-f32-k75-c300-fanout_f32_l16-merkle-r8,7a1ff6bb371d77adf422199b4ee93b4be2d290649d80e7cbbde6df8681bd4ffe,merkle,repair_sql_building_ms,0.551
size-scaling-k75-c300-n20000000-f32-k75-c300-fanout_f32_l16-merkle-r8,7a1ff6bb371d77adf422199b4ee93b4be2d290649d80e7cbbde6df8681bd4ffe,merkle,repair_dml_wire_ms,29.413
size-scaling-k75-c300-n20000000-f32-k75-c300-fanout_f32_l16-merkle-r8,7a1ff6bb371d77adf422199b4ee93b4be2d290649d80e7cbbde6df8681bd4ffe,merkle,repair_commit_wire_ms,9.409
size-scaling-k75-c300-n20000000-f32-k75-c300-fanout_f32_l16-merkle-r8,7a1ff6bb371d77adf422199b4ee93b4be2d290649d80e7cbbde6df8681bd4ffe,merkle,repair_begin_wire_ms,0.115
size-scaling-k75-c300-n20000000-f32-k75-c300-fanout_f32_l16-merkle-r8,7a1ff6bb371d77adf422199b4ee93b4be2d290649d80e7cbbde6df8681bd4ffe,merkle,repair_transaction_block_ms,39.546
size-scaling-k75-c300-n20000000-f32-k75-c300-fanout_f32_l16-merkle-r8,7a1ff6bb371d77adf422199b4ee93b4be2d290649d80e7cbbde6df8681bd4ffe,merkle,repair_write_ms,39.550
size-scaling-k75-c300-n20000000-f32-k75-c300-fanout_f32_l16-merkle-r8,7a1ff6bb371d77adf422199b4ee93b4be2d290649d80e7cbbde6df8681bd4ffe,merkle,targeted_post_repair_confirmation_ms,3.589
size-scaling-k75-c300-n20000000-f32-k75-c300-fanout_f32_l16-merkle-r8,7a1ff6bb371d77adf422199b4ee93b4be2d290649d80e7cbbde6df8681bd4ffe,merkle,recovery_observability_ms,0.001
size-scaling-k75-c300-n20000000-f32-k75-c300-fanout_f32_l16-merkle-r8,7a1ff6bb371d77adf422199b4ee93b4be2d290649d80e7cbbde6df8681bd4ffe,merkle,recovery_orchestration_ms,1.420
size-scaling-k75-c300-n20000000-f32-k75-c300-fanout_f32_l16-merkle-r8,7a1ff6bb371d77adf422199b4ee93b4be2d290649d80e7cbbde6df8681bd4ffe,merkle,audit_exact_table_compare_ms,71031.154
size-scaling-k75-c300-n20000000-f32-k75-c300-fanout_f32_l16-merkle-r8,7a1ff6bb371d77adf422199b4ee93b4be2d290649d80e7cbbde6df8681bd4ffe,merkle,audit_merkle_root_hash_ms,1.335
size-scaling-k75-c300-n20000000-f32-k75-c300-fanout_f32_l16-merkle-r8,7a1ff6bb371d77adf422199b4ee93b4be2d290649d80e7cbbde6df8681bd4ffe,merkle,audit_merkle_verify_ms,60720.300
size-scaling-k75-c300-n20000000-f32-k75-c300-fanout_f32_l16-merkle-r8,7a1ff6bb371d77adf422199b4ee93b4be2d290649d80e7cbbde6df8681bd4ffe,merkle,audit_schema_fidelity_ms,2.171
size-scaling-k75-c300-n20000000-f32-k75-c300-fanout_f32_l16-merkle-r8,7a1ff6bb371d77adf422199b4ee93b4be2d290649d80e7cbbde6df8681bd4ffe,merkle,merkle_total_ms,134733.051
size-scaling-k75-c300-n20000000-f32-k75-c300-fanout_f32_l16-merkle-r9,7a1ff6bb371d77adf422199b4ee93b4be2d290649d80e7cbbde6df8681bd4ffe,merkle,tree_localisation_ms,178.049
size-scaling-k75-c300-n20000000-f32-k75-c300-fanout_f32_l16-merkle-r9,7a1ff6bb371d77adf422199b4ee93b4be2d290649d80e7cbbde6df8681bd4ffe,merkle,candidate_row_fetch_ms,18.863
size-scaling-k75-c300-n20000000-f32-k75-c300-fanout_f32_l16-merkle-r9,7a1ff6bb371d77adf422199b4ee93b4be2d290649d80e7cbbde6df8681bd4ffe,merkle,row_comparison_ms,0.629
size-scaling-k75-c300-n20000000-f32-k75-c300-fanout_f32_l16-merkle-r9,7a1ff6bb371d77adf422199b4ee93b4be2d290649d80e7cbbde6df8681bd4ffe,merkle,repair_sql_building_ms,0.571
size-scaling-k75-c300-n20000000-f32-k75-c300-fanout_f32_l16-merkle-r9,7a1ff6bb371d77adf422199b4ee93b4be2d290649d80e7cbbde6df8681bd4ffe,merkle,repair_dml_wire_ms,17.466
size-scaling-k75-c300-n20000000-f32-k75-c300-fanout_f32_l16-merkle-r9,7a1ff6bb371d77adf422199b4ee93b4be2d290649d80e7cbbde6df8681bd4ffe,merkle,repair_commit_wire_ms,9.271
size-scaling-k75-c300-n20000000-f32-k75-c300-fanout_f32_l16-merkle-r9,7a1ff6bb371d77adf422199b4ee93b4be2d290649d80e7cbbde6df8681bd4ffe,merkle,repair_begin_wire_ms,0.127
size-scaling-k75-c300-n20000000-f32-k75-c300-fanout_f32_l16-merkle-r9,7a1ff6bb371d77adf422199b4ee93b4be2d290649d80e7cbbde6df8681bd4ffe,merkle,repair_transaction_block_ms,27.494
size-scaling-k75-c300-n20000000-f32-k75-c300-fanout_f32_l16-merkle-r9,7a1ff6bb371d77adf422199b4ee93b4be2d290649d80e7cbbde6df8681bd4ffe,merkle,repair_write_ms,27.498
size-scaling-k75-c300-n20000000-f32-k75-c300-fanout_f32_l16-merkle-r9,7a1ff6bb371d77adf422199b4ee93b4be2d290649d80e7cbbde6df8681bd4ffe,merkle,targeted_post_repair_confirmation_ms,3.625
size-scaling-k75-c300-n20000000-f32-k75-c300-fanout_f32_l16-merkle-r9,7a1ff6bb371d77adf422199b4ee93b4be2d290649d80e7cbbde6df8681bd4ffe,merkle,recovery_observability_ms,0.001
size-scaling-k75-c300-n20000000-f32-k75-c300-fanout_f32_l16-merkle-r9,7a1ff6bb371d77adf422199b4ee93b4be2d290649d80e7cbbde6df8681bd4ffe,merkle,recovery_orchestration_ms,1.419
size-scaling-k75-c300-n20000000-f32-k75-c300-fanout_f32_l16-merkle-r9,7a1ff6bb371d77adf422199b4ee93b4be2d290649d80e7cbbde6df8681bd4ffe,merkle,audit_exact_table_compare_ms,70614.813
size-scaling-k75-c300-n20000000-f32-k75-c300-fanout_f32_l16-merkle-r9,7a1ff6bb371d77adf422199b4ee93b4be2d290649d80e7cbbde6df8681bd4ffe,merkle,audit_merkle_root_hash_ms,1.322
size-scaling-k75-c300-n20000000-f32-k75-c300-fanout_f32_l16-merkle-r9,7a1ff6bb371d77adf422199b4ee93b4be2d290649d80e7cbbde6df8681bd4ffe,merkle,audit_merkle_verify_ms,60560.720
size-scaling-k75-c300-n20000000-f32-k75-c300-fanout_f32_l16-merkle-r9,7a1ff6bb371d77adf422199b4ee93b4be2d290649d80e7cbbde6df8681bd4ffe,merkle,audit_schema_fidelity_ms,2.155
size-scaling-k75-c300-n20000000-f32-k75-c300-fanout_f32_l16-merkle-r9,7a1ff6bb371d77adf422199b4ee93b4be2d290649d80e7cbbde6df8681bd4ffe,merkle,merkle_total_ms,134191.448
size-scaling-k75-c300-n25000000-f32-k75-c300-fanout_f32_l16-merkle-r0,c029d566c81a1f795506d61c460bdd90b33a00b7b471fa483edac6ba9d65a3b2,merkle,tree_localisation_ms,185.169
size-scaling-k75-c300-n25000000-f32-k75-c300-fanout_f32_l16-merkle-r0,c029d566c81a1f795506d61c460bdd90b33a00b7b471fa483edac6ba9d65a3b2,merkle,candidate_row_fetch_ms,18.724
size-scaling-k75-c300-n25000000-f32-k75-c300-fanout_f32_l16-merkle-r0,c029d566c81a1f795506d61c460bdd90b33a00b7b471fa483edac6ba9d65a3b2,merkle,row_comparison_ms,0.657
size-scaling-k75-c300-n25000000-f32-k75-c300-fanout_f32_l16-merkle-r0,c029d566c81a1f795506d61c460bdd90b33a00b7b471fa483edac6ba9d65a3b2,merkle,repair_sql_building_ms,0.576
size-scaling-k75-c300-n25000000-f32-k75-c300-fanout_f32_l16-merkle-r0,c029d566c81a1f795506d61c460bdd90b33a00b7b471fa483edac6ba9d65a3b2,merkle,repair_dml_wire_ms,17.401
size-scaling-k75-c300-n25000000-f32-k75-c300-fanout_f32_l16-merkle-r0,c029d566c81a1f795506d61c460bdd90b33a00b7b471fa483edac6ba9d65a3b2,merkle,repair_commit_wire_ms,8.824
size-scaling-k75-c300-n25000000-f32-k75-c300-fanout_f32_l16-merkle-r0,c029d566c81a1f795506d61c460bdd90b33a00b7b471fa483edac6ba9d65a3b2,merkle,repair_begin_wire_ms,0.114
size-scaling-k75-c300-n25000000-f32-k75-c300-fanout_f32_l16-merkle-r0,c029d566c81a1f795506d61c460bdd90b33a00b7b471fa483edac6ba9d65a3b2,merkle,repair_transaction_block_ms,26.970
size-scaling-k75-c300-n25000000-f32-k75-c300-fanout_f32_l16-merkle-r0,c029d566c81a1f795506d61c460bdd90b33a00b7b471fa483edac6ba9d65a3b2,merkle,repair_write_ms,26.975
size-scaling-k75-c300-n25000000-f32-k75-c300-fanout_f32_l16-merkle-r0,c029d566c81a1f795506d61c460bdd90b33a00b7b471fa483edac6ba9d65a3b2,merkle,targeted_post_repair_confirmation_ms,3.615
size-scaling-k75-c300-n25000000-f32-k75-c300-fanout_f32_l16-merkle-r0,c029d566c81a1f795506d61c460bdd90b33a00b7b471fa483edac6ba9d65a3b2,merkle,recovery_observability_ms,0.001
size-scaling-k75-c300-n25000000-f32-k75-c300-fanout_f32_l16-merkle-r0,c029d566c81a1f795506d61c460bdd90b33a00b7b471fa483edac6ba9d65a3b2,merkle,recovery_orchestration_ms,1.457
size-scaling-k75-c300-n25000000-f32-k75-c300-fanout_f32_l16-merkle-r0,c029d566c81a1f795506d61c460bdd90b33a00b7b471fa483edac6ba9d65a3b2,merkle,audit_exact_table_compare_ms,88509.762
size-scaling-k75-c300-n25000000-f32-k75-c300-fanout_f32_l16-merkle-r0,c029d566c81a1f795506d61c460bdd90b33a00b7b471fa483edac6ba9d65a3b2,merkle,audit_merkle_root_hash_ms,1.376
size-scaling-k75-c300-n25000000-f32-k75-c300-fanout_f32_l16-merkle-r0,c029d566c81a1f795506d61c460bdd90b33a00b7b471fa483edac6ba9d65a3b2,merkle,audit_merkle_verify_ms,77799.814
size-scaling-k75-c300-n25000000-f32-k75-c300-fanout_f32_l16-merkle-r0,c029d566c81a1f795506d61c460bdd90b33a00b7b471fa483edac6ba9d65a3b2,merkle,audit_schema_fidelity_ms,2.066
size-scaling-k75-c300-n25000000-f32-k75-c300-fanout_f32_l16-merkle-r0,c029d566c81a1f795506d61c460bdd90b33a00b7b471fa483edac6ba9d65a3b2,merkle,merkle_total_ms,169283.366
size-scaling-k75-c300-n25000000-f32-k75-c300-fanout_f32_l16-merkle-r1,c029d566c81a1f795506d61c460bdd90b33a00b7b471fa483edac6ba9d65a3b2,merkle,tree_localisation_ms,184.673
size-scaling-k75-c300-n25000000-f32-k75-c300-fanout_f32_l16-merkle-r1,c029d566c81a1f795506d61c460bdd90b33a00b7b471fa483edac6ba9d65a3b2,merkle,candidate_row_fetch_ms,18.767
size-scaling-k75-c300-n25000000-f32-k75-c300-fanout_f32_l16-merkle-r1,c029d566c81a1f795506d61c460bdd90b33a00b7b471fa483edac6ba9d65a3b2,merkle,row_comparison_ms,0.658
size-scaling-k75-c300-n25000000-f32-k75-c300-fanout_f32_l16-merkle-r1,c029d566c81a1f795506d61c460bdd90b33a00b7b471fa483edac6ba9d65a3b2,merkle,repair_sql_building_ms,0.564
size-scaling-k75-c300-n25000000-f32-k75-c300-fanout_f32_l16-merkle-r1,c029d566c81a1f795506d61c460bdd90b33a00b7b471fa483edac6ba9d65a3b2,merkle,repair_dml_wire_ms,17.148
size-scaling-k75-c300-n25000000-f32-k75-c300-fanout_f32_l16-merkle-r1,c029d566c81a1f795506d61c460bdd90b33a00b7b471fa483edac6ba9d65a3b2,merkle,repair_commit_wire_ms,8.802
size-scaling-k75-c300-n25000000-f32-k75-c300-fanout_f32_l16-merkle-r1,c029d566c81a1f795506d61c460bdd90b33a00b7b471fa483edac6ba9d65a3b2,merkle,repair_begin_wire_ms,0.131
size-scaling-k75-c300-n25000000-f32-k75-c300-fanout_f32_l16-merkle-r1,c029d566c81a1f795506d61c460bdd90b33a00b7b471fa483edac6ba9d65a3b2,merkle,repair_transaction_block_ms,26.703
size-scaling-k75-c300-n25000000-f32-k75-c300-fanout_f32_l16-merkle-r1,c029d566c81a1f795506d61c460bdd90b33a00b7b471fa483edac6ba9d65a3b2,merkle,repair_write_ms,26.707
size-scaling-k75-c300-n25000000-f32-k75-c300-fanout_f32_l16-merkle-r1,c029d566c81a1f795506d61c460bdd90b33a00b7b471fa483edac6ba9d65a3b2,merkle,targeted_post_repair_confirmation_ms,3.626
size-scaling-k75-c300-n25000000-f32-k75-c300-fanout_f32_l16-merkle-r1,c029d566c81a1f795506d61c460bdd90b33a00b7b471fa483edac6ba9d65a3b2,merkle,recovery_observability_ms,0.001
size-scaling-k75-c300-n25000000-f32-k75-c300-fanout_f32_l16-merkle-r1,c029d566c81a1f795506d61c460bdd90b33a00b7b471fa483edac6ba9d65a3b2,merkle,recovery_orchestration_ms,1.436
size-scaling-k75-c300-n25000000-f32-k75-c300-fanout_f32_l16-merkle-r1,c029d566c81a1f795506d61c460bdd90b33a00b7b471fa483edac6ba9d65a3b2,merkle,audit_exact_table_compare_ms,88015.786
size-scaling-k75-c300-n25000000-f32-k75-c300-fanout_f32_l16-merkle-r1,c029d566c81a1f795506d61c460bdd90b33a00b7b471fa483edac6ba9d65a3b2,merkle,audit_merkle_root_hash_ms,1.334
size-scaling-k75-c300-n25000000-f32-k75-c300-fanout_f32_l16-merkle-r1,c029d566c81a1f795506d61c460bdd90b33a00b7b471fa483edac6ba9d65a3b2,merkle,audit_merkle_verify_ms,75937.480
size-scaling-k75-c300-n25000000-f32-k75-c300-fanout_f32_l16-merkle-r1,c029d566c81a1f795506d61c460bdd90b33a00b7b471fa483edac6ba9d65a3b2,merkle,audit_schema_fidelity_ms,2.223
size-scaling-k75-c300-n25000000-f32-k75-c300-fanout_f32_l16-merkle-r1,c029d566c81a1f795506d61c460bdd90b33a00b7b471fa483edac6ba9d65a3b2,merkle,merkle_total_ms,166925.407
size-scaling-k75-c300-n25000000-f32-k75-c300-fanout_f32_l16-merkle-r2,c029d566c81a1f795506d61c460bdd90b33a00b7b471fa483edac6ba9d65a3b2,merkle,tree_localisation_ms,194.205
size-scaling-k75-c300-n25000000-f32-k75-c300-fanout_f32_l16-merkle-r2,c029d566c81a1f795506d61c460bdd90b33a00b7b471fa483edac6ba9d65a3b2,merkle,candidate_row_fetch_ms,18.923
size-scaling-k75-c300-n25000000-f32-k75-c300-fanout_f32_l16-merkle-r2,c029d566c81a1f795506d61c460bdd90b33a00b7b471fa483edac6ba9d65a3b2,merkle,row_comparison_ms,0.659
size-scaling-k75-c300-n25000000-f32-k75-c300-fanout_f32_l16-merkle-r2,c029d566c81a1f795506d61c460bdd90b33a00b7b471fa483edac6ba9d65a3b2,merkle,repair_sql_building_ms,0.544
size-scaling-k75-c300-n25000000-f32-k75-c300-fanout_f32_l16-merkle-r2,c029d566c81a1f795506d61c460bdd90b33a00b7b471fa483edac6ba9d65a3b2,merkle,repair_dml_wire_ms,29.726
size-scaling-k75-c300-n25000000-f32-k75-c300-fanout_f32_l16-merkle-r2,c029d566c81a1f795506d61c460bdd90b33a00b7b471fa483edac6ba9d65a3b2,merkle,repair_commit_wire_ms,8.997
size-scaling-k75-c300-n25000000-f32-k75-c300-fanout_f32_l16-merkle-r2,c029d566c81a1f795506d61c460bdd90b33a00b7b471fa483edac6ba9d65a3b2,merkle,repair_begin_wire_ms,0.115
size-scaling-k75-c300-n25000000-f32-k75-c300-fanout_f32_l16-merkle-r2,c029d566c81a1f795506d61c460bdd90b33a00b7b471fa483edac6ba9d65a3b2,merkle,repair_transaction_block_ms,39.438
size-scaling-k75-c300-n25000000-f32-k75-c300-fanout_f32_l16-merkle-r2,c029d566c81a1f795506d61c460bdd90b33a00b7b471fa483edac6ba9d65a3b2,merkle,repair_write_ms,39.442
size-scaling-k75-c300-n25000000-f32-k75-c300-fanout_f32_l16-merkle-r2,c029d566c81a1f795506d61c460bdd90b33a00b7b471fa483edac6ba9d65a3b2,merkle,targeted_post_repair_confirmation_ms,3.638
size-scaling-k75-c300-n25000000-f32-k75-c300-fanout_f32_l16-merkle-r2,c029d566c81a1f795506d61c460bdd90b33a00b7b471fa483edac6ba9d65a3b2,merkle,recovery_observability_ms,0.001
size-scaling-k75-c300-n25000000-f32-k75-c300-fanout_f32_l16-merkle-r2,c029d566c81a1f795506d61c460bdd90b33a00b7b471fa483edac6ba9d65a3b2,merkle,recovery_orchestration_ms,1.427
size-scaling-k75-c300-n25000000-f32-k75-c300-fanout_f32_l16-merkle-r2,c029d566c81a1f795506d61c460bdd90b33a00b7b471fa483edac6ba9d65a3b2,merkle,audit_exact_table_compare_ms,88164.805
size-scaling-k75-c300-n25000000-f32-k75-c300-fanout_f32_l16-merkle-r2,c029d566c81a1f795506d61c460bdd90b33a00b7b471fa483edac6ba9d65a3b2,merkle,audit_merkle_root_hash_ms,1.361
size-scaling-k75-c300-n25000000-f32-k75-c300-fanout_f32_l16-merkle-r2,c029d566c81a1f795506d61c460bdd90b33a00b7b471fa483edac6ba9d65a3b2,merkle,audit_merkle_verify_ms,75864.800
size-scaling-k75-c300-n25000000-f32-k75-c300-fanout_f32_l16-merkle-r2,c029d566c81a1f795506d61c460bdd90b33a00b7b471fa483edac6ba9d65a3b2,merkle,audit_schema_fidelity_ms,2.037
size-scaling-k75-c300-n25000000-f32-k75-c300-fanout_f32_l16-merkle-r2,c029d566c81a1f795506d61c460bdd90b33a00b7b471fa483edac6ba9d65a3b2,merkle,merkle_total_ms,167023.587
size-scaling-k75-c300-n25000000-f32-k75-c300-fanout_f32_l16-merkle-r3,c029d566c81a1f795506d61c460bdd90b33a00b7b471fa483edac6ba9d65a3b2,merkle,tree_localisation_ms,183.632
size-scaling-k75-c300-n25000000-f32-k75-c300-fanout_f32_l16-merkle-r3,c029d566c81a1f795506d61c460bdd90b33a00b7b471fa483edac6ba9d65a3b2,merkle,candidate_row_fetch_ms,19.172
size-scaling-k75-c300-n25000000-f32-k75-c300-fanout_f32_l16-merkle-r3,c029d566c81a1f795506d61c460bdd90b33a00b7b471fa483edac6ba9d65a3b2,merkle,row_comparison_ms,0.652
size-scaling-k75-c300-n25000000-f32-k75-c300-fanout_f32_l16-merkle-r3,c029d566c81a1f795506d61c460bdd90b33a00b7b471fa483edac6ba9d65a3b2,merkle,repair_sql_building_ms,0.601
size-scaling-k75-c300-n25000000-f32-k75-c300-fanout_f32_l16-merkle-r3,c029d566c81a1f795506d61c460bdd90b33a00b7b471fa483edac6ba9d65a3b2,merkle,repair_dml_wire_ms,17.240
size-scaling-k75-c300-n25000000-f32-k75-c300-fanout_f32_l16-merkle-r3,c029d566c81a1f795506d61c460bdd90b33a00b7b471fa483edac6ba9d65a3b2,merkle,repair_commit_wire_ms,8.784
size-scaling-k75-c300-n25000000-f32-k75-c300-fanout_f32_l16-merkle-r3,c029d566c81a1f795506d61c460bdd90b33a00b7b471fa483edac6ba9d65a3b2,merkle,repair_begin_wire_ms,0.112
size-scaling-k75-c300-n25000000-f32-k75-c300-fanout_f32_l16-merkle-r3,c029d566c81a1f795506d61c460bdd90b33a00b7b471fa483edac6ba9d65a3b2,merkle,repair_transaction_block_ms,26.806
size-scaling-k75-c300-n25000000-f32-k75-c300-fanout_f32_l16-merkle-r3,c029d566c81a1f795506d61c460bdd90b33a00b7b471fa483edac6ba9d65a3b2,merkle,repair_write_ms,26.810
size-scaling-k75-c300-n25000000-f32-k75-c300-fanout_f32_l16-merkle-r3,c029d566c81a1f795506d61c460bdd90b33a00b7b471fa483edac6ba9d65a3b2,merkle,targeted_post_repair_confirmation_ms,3.590
size-scaling-k75-c300-n25000000-f32-k75-c300-fanout_f32_l16-merkle-r3,c029d566c81a1f795506d61c460bdd90b33a00b7b471fa483edac6ba9d65a3b2,merkle,recovery_observability_ms,0.001
size-scaling-k75-c300-n25000000-f32-k75-c300-fanout_f32_l16-merkle-r3,c029d566c81a1f795506d61c460bdd90b33a00b7b471fa483edac6ba9d65a3b2,merkle,recovery_orchestration_ms,1.420
size-scaling-k75-c300-n25000000-f32-k75-c300-fanout_f32_l16-merkle-r3,c029d566c81a1f795506d61c460bdd90b33a00b7b471fa483edac6ba9d65a3b2,merkle,audit_exact_table_compare_ms,88008.430
size-scaling-k75-c300-n25000000-f32-k75-c300-fanout_f32_l16-merkle-r3,c029d566c81a1f795506d61c460bdd90b33a00b7b471fa483edac6ba9d65a3b2,merkle,audit_merkle_root_hash_ms,1.327
size-scaling-k75-c300-n25000000-f32-k75-c300-fanout_f32_l16-merkle-r3,c029d566c81a1f795506d61c460bdd90b33a00b7b471fa483edac6ba9d65a3b2,merkle,audit_merkle_verify_ms,75785.760
size-scaling-k75-c300-n25000000-f32-k75-c300-fanout_f32_l16-merkle-r3,c029d566c81a1f795506d61c460bdd90b33a00b7b471fa483edac6ba9d65a3b2,merkle,audit_schema_fidelity_ms,2.182
size-scaling-k75-c300-n25000000-f32-k75-c300-fanout_f32_l16-merkle-r3,c029d566c81a1f795506d61c460bdd90b33a00b7b471fa483edac6ba9d65a3b2,merkle,merkle_total_ms,166764.803
size-scaling-k75-c300-n25000000-f32-k75-c300-fanout_f32_l16-merkle-r4,c029d566c81a1f795506d61c460bdd90b33a00b7b471fa483edac6ba9d65a3b2,merkle,tree_localisation_ms,185.263
size-scaling-k75-c300-n25000000-f32-k75-c300-fanout_f32_l16-merkle-r4,c029d566c81a1f795506d61c460bdd90b33a00b7b471fa483edac6ba9d65a3b2,merkle,candidate_row_fetch_ms,19.323
size-scaling-k75-c300-n25000000-f32-k75-c300-fanout_f32_l16-merkle-r4,c029d566c81a1f795506d61c460bdd90b33a00b7b471fa483edac6ba9d65a3b2,merkle,row_comparison_ms,0.655
size-scaling-k75-c300-n25000000-f32-k75-c300-fanout_f32_l16-merkle-r4,c029d566c81a1f795506d61c460bdd90b33a00b7b471fa483edac6ba9d65a3b2,merkle,repair_sql_building_ms,0.587
size-scaling-k75-c300-n25000000-f32-k75-c300-fanout_f32_l16-merkle-r4,c029d566c81a1f795506d61c460bdd90b33a00b7b471fa483edac6ba9d65a3b2,merkle,repair_dml_wire_ms,17.121
size-scaling-k75-c300-n25000000-f32-k75-c300-fanout_f32_l16-merkle-r4,c029d566c81a1f795506d61c460bdd90b33a00b7b471fa483edac6ba9d65a3b2,merkle,repair_commit_wire_ms,8.801
size-scaling-k75-c300-n25000000-f32-k75-c300-fanout_f32_l16-merkle-r4,c029d566c81a1f795506d61c460bdd90b33a00b7b471fa483edac6ba9d65a3b2,merkle,repair_begin_wire_ms,0.114
size-scaling-k75-c300-n25000000-f32-k75-c300-fanout_f32_l16-merkle-r4,c029d566c81a1f795506d61c460bdd90b33a00b7b471fa483edac6ba9d65a3b2,merkle,repair_transaction_block_ms,26.681
size-scaling-k75-c300-n25000000-f32-k75-c300-fanout_f32_l16-merkle-r4,c029d566c81a1f795506d61c460bdd90b33a00b7b471fa483edac6ba9d65a3b2,merkle,repair_write_ms,26.686
size-scaling-k75-c300-n25000000-f32-k75-c300-fanout_f32_l16-merkle-r4,c029d566c81a1f795506d61c460bdd90b33a00b7b471fa483edac6ba9d65a3b2,merkle,targeted_post_repair_confirmation_ms,3.586
size-scaling-k75-c300-n25000000-f32-k75-c300-fanout_f32_l16-merkle-r4,c029d566c81a1f795506d61c460bdd90b33a00b7b471fa483edac6ba9d65a3b2,merkle,recovery_observability_ms,0.001
size-scaling-k75-c300-n25000000-f32-k75-c300-fanout_f32_l16-merkle-r4,c029d566c81a1f795506d61c460bdd90b33a00b7b471fa483edac6ba9d65a3b2,merkle,recovery_orchestration_ms,1.445
size-scaling-k75-c300-n25000000-f32-k75-c300-fanout_f32_l16-merkle-r4,c029d566c81a1f795506d61c460bdd90b33a00b7b471fa483edac6ba9d65a3b2,merkle,audit_exact_table_compare_ms,88033.551
size-scaling-k75-c300-n25000000-f32-k75-c300-fanout_f32_l16-merkle-r4,c029d566c81a1f795506d61c460bdd90b33a00b7b471fa483edac6ba9d65a3b2,merkle,audit_merkle_root_hash_ms,1.390
size-scaling-k75-c300-n25000000-f32-k75-c300-fanout_f32_l16-merkle-r4,c029d566c81a1f795506d61c460bdd90b33a00b7b471fa483edac6ba9d65a3b2,merkle,audit_merkle_verify_ms,75630.922
size-scaling-k75-c300-n25000000-f32-k75-c300-fanout_f32_l16-merkle-r4,c029d566c81a1f795506d61c460bdd90b33a00b7b471fa483edac6ba9d65a3b2,merkle,audit_schema_fidelity_ms,2.198
size-scaling-k75-c300-n25000000-f32-k75-c300-fanout_f32_l16-merkle-r4,c029d566c81a1f795506d61c460bdd90b33a00b7b471fa483edac6ba9d65a3b2,merkle,merkle_total_ms,166637.390
size-scaling-k75-c300-n25000000-f32-k75-c300-fanout_f32_l16-merkle-r5,c029d566c81a1f795506d61c460bdd90b33a00b7b471fa483edac6ba9d65a3b2,merkle,tree_localisation_ms,184.587
size-scaling-k75-c300-n25000000-f32-k75-c300-fanout_f32_l16-merkle-r5,c029d566c81a1f795506d61c460bdd90b33a00b7b471fa483edac6ba9d65a3b2,merkle,candidate_row_fetch_ms,19.645
size-scaling-k75-c300-n25000000-f32-k75-c300-fanout_f32_l16-merkle-r5,c029d566c81a1f795506d61c460bdd90b33a00b7b471fa483edac6ba9d65a3b2,merkle,row_comparison_ms,0.682
size-scaling-k75-c300-n25000000-f32-k75-c300-fanout_f32_l16-merkle-r5,c029d566c81a1f795506d61c460bdd90b33a00b7b471fa483edac6ba9d65a3b2,merkle,repair_sql_building_ms,0.582
size-scaling-k75-c300-n25000000-f32-k75-c300-fanout_f32_l16-merkle-r5,c029d566c81a1f795506d61c460bdd90b33a00b7b471fa483edac6ba9d65a3b2,merkle,repair_dml_wire_ms,17.562
size-scaling-k75-c300-n25000000-f32-k75-c300-fanout_f32_l16-merkle-r5,c029d566c81a1f795506d61c460bdd90b33a00b7b471fa483edac6ba9d65a3b2,merkle,repair_commit_wire_ms,8.734
size-scaling-k75-c300-n25000000-f32-k75-c300-fanout_f32_l16-merkle-r5,c029d566c81a1f795506d61c460bdd90b33a00b7b471fa483edac6ba9d65a3b2,merkle,repair_begin_wire_ms,0.116
size-scaling-k75-c300-n25000000-f32-k75-c300-fanout_f32_l16-merkle-r5,c029d566c81a1f795506d61c460bdd90b33a00b7b471fa483edac6ba9d65a3b2,merkle,repair_transaction_block_ms,27.050
size-scaling-k75-c300-n25000000-f32-k75-c300-fanout_f32_l16-merkle-r5,c029d566c81a1f795506d61c460bdd90b33a00b7b471fa483edac6ba9d65a3b2,merkle,repair_write_ms,27.055
size-scaling-k75-c300-n25000000-f32-k75-c300-fanout_f32_l16-merkle-r5,c029d566c81a1f795506d61c460bdd90b33a00b7b471fa483edac6ba9d65a3b2,merkle,targeted_post_repair_confirmation_ms,3.553
size-scaling-k75-c300-n25000000-f32-k75-c300-fanout_f32_l16-merkle-r5,c029d566c81a1f795506d61c460bdd90b33a00b7b471fa483edac6ba9d65a3b2,merkle,recovery_observability_ms,0.001
size-scaling-k75-c300-n25000000-f32-k75-c300-fanout_f32_l16-merkle-r5,c029d566c81a1f795506d61c460bdd90b33a00b7b471fa483edac6ba9d65a3b2,merkle,recovery_orchestration_ms,1.423
size-scaling-k75-c300-n25000000-f32-k75-c300-fanout_f32_l16-merkle-r5,c029d566c81a1f795506d61c460bdd90b33a00b7b471fa483edac6ba9d65a3b2,merkle,audit_exact_table_compare_ms,88126.125
size-scaling-k75-c300-n25000000-f32-k75-c300-fanout_f32_l16-merkle-r5,c029d566c81a1f795506d61c460bdd90b33a00b7b471fa483edac6ba9d65a3b2,merkle,audit_merkle_root_hash_ms,1.252
size-scaling-k75-c300-n25000000-f32-k75-c300-fanout_f32_l16-merkle-r5,c029d566c81a1f795506d61c460bdd90b33a00b7b471fa483edac6ba9d65a3b2,merkle,audit_merkle_verify_ms,75530.950
size-scaling-k75-c300-n25000000-f32-k75-c300-fanout_f32_l16-merkle-r5,c029d566c81a1f795506d61c460bdd90b33a00b7b471fa483edac6ba9d65a3b2,merkle,audit_schema_fidelity_ms,2.165
size-scaling-k75-c300-n25000000-f32-k75-c300-fanout_f32_l16-merkle-r5,c029d566c81a1f795506d61c460bdd90b33a00b7b471fa483edac6ba9d65a3b2,merkle,merkle_total_ms,166629.676
size-scaling-k75-c300-n25000000-f32-k75-c300-fanout_f32_l16-merkle-r6,c029d566c81a1f795506d61c460bdd90b33a00b7b471fa483edac6ba9d65a3b2,merkle,tree_localisation_ms,192.368
size-scaling-k75-c300-n25000000-f32-k75-c300-fanout_f32_l16-merkle-r6,c029d566c81a1f795506d61c460bdd90b33a00b7b471fa483edac6ba9d65a3b2,merkle,candidate_row_fetch_ms,19.642
size-scaling-k75-c300-n25000000-f32-k75-c300-fanout_f32_l16-merkle-r6,c029d566c81a1f795506d61c460bdd90b33a00b7b471fa483edac6ba9d65a3b2,merkle,row_comparison_ms,0.647
size-scaling-k75-c300-n25000000-f32-k75-c300-fanout_f32_l16-merkle-r6,c029d566c81a1f795506d61c460bdd90b33a00b7b471fa483edac6ba9d65a3b2,merkle,repair_sql_building_ms,0.554
size-scaling-k75-c300-n25000000-f32-k75-c300-fanout_f32_l16-merkle-r6,c029d566c81a1f795506d61c460bdd90b33a00b7b471fa483edac6ba9d65a3b2,merkle,repair_dml_wire_ms,17.311
size-scaling-k75-c300-n25000000-f32-k75-c300-fanout_f32_l16-merkle-r6,c029d566c81a1f795506d61c460bdd90b33a00b7b471fa483edac6ba9d65a3b2,merkle,repair_commit_wire_ms,8.783
size-scaling-k75-c300-n25000000-f32-k75-c300-fanout_f32_l16-merkle-r6,c029d566c81a1f795506d61c460bdd90b33a00b7b471fa483edac6ba9d65a3b2,merkle,repair_begin_wire_ms,0.118
size-scaling-k75-c300-n25000000-f32-k75-c300-fanout_f32_l16-merkle-r6,c029d566c81a1f795506d61c460bdd90b33a00b7b471fa483edac6ba9d65a3b2,merkle,repair_transaction_block_ms,26.825
size-scaling-k75-c300-n25000000-f32-k75-c300-fanout_f32_l16-merkle-r6,c029d566c81a1f795506d61c460bdd90b33a00b7b471fa483edac6ba9d65a3b2,merkle,repair_write_ms,26.829
size-scaling-k75-c300-n25000000-f32-k75-c300-fanout_f32_l16-merkle-r6,c029d566c81a1f795506d61c460bdd90b33a00b7b471fa483edac6ba9d65a3b2,merkle,targeted_post_repair_confirmation_ms,3.582
size-scaling-k75-c300-n25000000-f32-k75-c300-fanout_f32_l16-merkle-r6,c029d566c81a1f795506d61c460bdd90b33a00b7b471fa483edac6ba9d65a3b2,merkle,recovery_observability_ms,0.001
size-scaling-k75-c300-n25000000-f32-k75-c300-fanout_f32_l16-merkle-r6,c029d566c81a1f795506d61c460bdd90b33a00b7b471fa483edac6ba9d65a3b2,merkle,recovery_orchestration_ms,1.429
size-scaling-k75-c300-n25000000-f32-k75-c300-fanout_f32_l16-merkle-r6,c029d566c81a1f795506d61c460bdd90b33a00b7b471fa483edac6ba9d65a3b2,merkle,audit_exact_table_compare_ms,88688.197
size-scaling-k75-c300-n25000000-f32-k75-c300-fanout_f32_l16-merkle-r6,c029d566c81a1f795506d61c460bdd90b33a00b7b471fa483edac6ba9d65a3b2,merkle,audit_merkle_root_hash_ms,1.343
size-scaling-k75-c300-n25000000-f32-k75-c300-fanout_f32_l16-merkle-r6,c029d566c81a1f795506d61c460bdd90b33a00b7b471fa483edac6ba9d65a3b2,merkle,audit_merkle_verify_ms,75609.533
size-scaling-k75-c300-n25000000-f32-k75-c300-fanout_f32_l16-merkle-r6,c029d566c81a1f795506d61c460bdd90b33a00b7b471fa483edac6ba9d65a3b2,merkle,audit_schema_fidelity_ms,2.044
size-scaling-k75-c300-n25000000-f32-k75-c300-fanout_f32_l16-merkle-r6,c029d566c81a1f795506d61c460bdd90b33a00b7b471fa483edac6ba9d65a3b2,merkle,merkle_total_ms,167277.860
size-scaling-k75-c300-n25000000-f32-k75-c300-fanout_f32_l16-merkle-r7,c029d566c81a1f795506d61c460bdd90b33a00b7b471fa483edac6ba9d65a3b2,merkle,tree_localisation_ms,183.688
size-scaling-k75-c300-n25000000-f32-k75-c300-fanout_f32_l16-merkle-r7,c029d566c81a1f795506d61c460bdd90b33a00b7b471fa483edac6ba9d65a3b2,merkle,candidate_row_fetch_ms,19.815
size-scaling-k75-c300-n25000000-f32-k75-c300-fanout_f32_l16-merkle-r7,c029d566c81a1f795506d61c460bdd90b33a00b7b471fa483edac6ba9d65a3b2,merkle,row_comparison_ms,0.647
size-scaling-k75-c300-n25000000-f32-k75-c300-fanout_f32_l16-merkle-r7,c029d566c81a1f795506d61c460bdd90b33a00b7b471fa483edac6ba9d65a3b2,merkle,repair_sql_building_ms,0.593
size-scaling-k75-c300-n25000000-f32-k75-c300-fanout_f32_l16-merkle-r7,c029d566c81a1f795506d61c460bdd90b33a00b7b471fa483edac6ba9d65a3b2,merkle,repair_dml_wire_ms,17.204
size-scaling-k75-c300-n25000000-f32-k75-c300-fanout_f32_l16-merkle-r7,c029d566c81a1f795506d61c460bdd90b33a00b7b471fa483edac6ba9d65a3b2,merkle,repair_commit_wire_ms,8.827
size-scaling-k75-c300-n25000000-f32-k75-c300-fanout_f32_l16-merkle-r7,c029d566c81a1f795506d61c460bdd90b33a00b7b471fa483edac6ba9d65a3b2,merkle,repair_begin_wire_ms,0.113
size-scaling-k75-c300-n25000000-f32-k75-c300-fanout_f32_l16-merkle-r7,c029d566c81a1f795506d61c460bdd90b33a00b7b471fa483edac6ba9d65a3b2,merkle,repair_transaction_block_ms,26.793
size-scaling-k75-c300-n25000000-f32-k75-c300-fanout_f32_l16-merkle-r7,c029d566c81a1f795506d61c460bdd90b33a00b7b471fa483edac6ba9d65a3b2,merkle,repair_write_ms,26.798
size-scaling-k75-c300-n25000000-f32-k75-c300-fanout_f32_l16-merkle-r7,c029d566c81a1f795506d61c460bdd90b33a00b7b471fa483edac6ba9d65a3b2,merkle,targeted_post_repair_confirmation_ms,3.582
size-scaling-k75-c300-n25000000-f32-k75-c300-fanout_f32_l16-merkle-r7,c029d566c81a1f795506d61c460bdd90b33a00b7b471fa483edac6ba9d65a3b2,merkle,recovery_observability_ms,0.001
size-scaling-k75-c300-n25000000-f32-k75-c300-fanout_f32_l16-merkle-r7,c029d566c81a1f795506d61c460bdd90b33a00b7b471fa483edac6ba9d65a3b2,merkle,recovery_orchestration_ms,1.454
size-scaling-k75-c300-n25000000-f32-k75-c300-fanout_f32_l16-merkle-r7,c029d566c81a1f795506d61c460bdd90b33a00b7b471fa483edac6ba9d65a3b2,merkle,audit_exact_table_compare_ms,88437.047
size-scaling-k75-c300-n25000000-f32-k75-c300-fanout_f32_l16-merkle-r7,c029d566c81a1f795506d61c460bdd90b33a00b7b471fa483edac6ba9d65a3b2,merkle,audit_merkle_root_hash_ms,1.256
size-scaling-k75-c300-n25000000-f32-k75-c300-fanout_f32_l16-merkle-r7,c029d566c81a1f795506d61c460bdd90b33a00b7b471fa483edac6ba9d65a3b2,merkle,audit_merkle_verify_ms,75837.981
size-scaling-k75-c300-n25000000-f32-k75-c300-fanout_f32_l16-merkle-r7,c029d566c81a1f795506d61c460bdd90b33a00b7b471fa483edac6ba9d65a3b2,merkle,audit_schema_fidelity_ms,2.190
size-scaling-k75-c300-n25000000-f32-k75-c300-fanout_f32_l16-merkle-r7,c029d566c81a1f795506d61c460bdd90b33a00b7b471fa483edac6ba9d65a3b2,merkle,merkle_total_ms,167248.245
size-scaling-k75-c300-n25000000-f32-k75-c300-fanout_f32_l16-merkle-r8,c029d566c81a1f795506d61c460bdd90b33a00b7b471fa483edac6ba9d65a3b2,merkle,tree_localisation_ms,185.502
size-scaling-k75-c300-n25000000-f32-k75-c300-fanout_f32_l16-merkle-r8,c029d566c81a1f795506d61c460bdd90b33a00b7b471fa483edac6ba9d65a3b2,merkle,candidate_row_fetch_ms,19.948
size-scaling-k75-c300-n25000000-f32-k75-c300-fanout_f32_l16-merkle-r8,c029d566c81a1f795506d61c460bdd90b33a00b7b471fa483edac6ba9d65a3b2,merkle,row_comparison_ms,0.636
size-scaling-k75-c300-n25000000-f32-k75-c300-fanout_f32_l16-merkle-r8,c029d566c81a1f795506d61c460bdd90b33a00b7b471fa483edac6ba9d65a3b2,merkle,repair_sql_building_ms,0.611
size-scaling-k75-c300-n25000000-f32-k75-c300-fanout_f32_l16-merkle-r8,c029d566c81a1f795506d61c460bdd90b33a00b7b471fa483edac6ba9d65a3b2,merkle,repair_dml_wire_ms,17.301
size-scaling-k75-c300-n25000000-f32-k75-c300-fanout_f32_l16-merkle-r8,c029d566c81a1f795506d61c460bdd90b33a00b7b471fa483edac6ba9d65a3b2,merkle,repair_commit_wire_ms,8.785
size-scaling-k75-c300-n25000000-f32-k75-c300-fanout_f32_l16-merkle-r8,c029d566c81a1f795506d61c460bdd90b33a00b7b471fa483edac6ba9d65a3b2,merkle,repair_begin_wire_ms,0.113
size-scaling-k75-c300-n25000000-f32-k75-c300-fanout_f32_l16-merkle-r8,c029d566c81a1f795506d61c460bdd90b33a00b7b471fa483edac6ba9d65a3b2,merkle,repair_transaction_block_ms,26.868
size-scaling-k75-c300-n25000000-f32-k75-c300-fanout_f32_l16-merkle-r8,c029d566c81a1f795506d61c460bdd90b33a00b7b471fa483edac6ba9d65a3b2,merkle,repair_write_ms,26.873
size-scaling-k75-c300-n25000000-f32-k75-c300-fanout_f32_l16-merkle-r8,c029d566c81a1f795506d61c460bdd90b33a00b7b471fa483edac6ba9d65a3b2,merkle,targeted_post_repair_confirmation_ms,3.577
size-scaling-k75-c300-n25000000-f32-k75-c300-fanout_f32_l16-merkle-r8,c029d566c81a1f795506d61c460bdd90b33a00b7b471fa483edac6ba9d65a3b2,merkle,recovery_observability_ms,0.001
size-scaling-k75-c300-n25000000-f32-k75-c300-fanout_f32_l16-merkle-r8,c029d566c81a1f795506d61c460bdd90b33a00b7b471fa483edac6ba9d65a3b2,merkle,recovery_orchestration_ms,1.426
size-scaling-k75-c300-n25000000-f32-k75-c300-fanout_f32_l16-merkle-r8,c029d566c81a1f795506d61c460bdd90b33a00b7b471fa483edac6ba9d65a3b2,merkle,audit_exact_table_compare_ms,90256.194
size-scaling-k75-c300-n25000000-f32-k75-c300-fanout_f32_l16-merkle-r8,c029d566c81a1f795506d61c460bdd90b33a00b7b471fa483edac6ba9d65a3b2,merkle,audit_merkle_root_hash_ms,1.261
size-scaling-k75-c300-n25000000-f32-k75-c300-fanout_f32_l16-merkle-r8,c029d566c81a1f795506d61c460bdd90b33a00b7b471fa483edac6ba9d65a3b2,merkle,audit_merkle_verify_ms,75520.287
size-scaling-k75-c300-n25000000-f32-k75-c300-fanout_f32_l16-merkle-r8,c029d566c81a1f795506d61c460bdd90b33a00b7b471fa483edac6ba9d65a3b2,merkle,audit_schema_fidelity_ms,2.187
size-scaling-k75-c300-n25000000-f32-k75-c300-fanout_f32_l16-merkle-r8,c029d566c81a1f795506d61c460bdd90b33a00b7b471fa483edac6ba9d65a3b2,merkle,merkle_total_ms,168750.045
size-scaling-k75-c300-n25000000-f32-k75-c300-fanout_f32_l16-merkle-r9,c029d566c81a1f795506d61c460bdd90b33a00b7b471fa483edac6ba9d65a3b2,merkle,tree_localisation_ms,187.409
size-scaling-k75-c300-n25000000-f32-k75-c300-fanout_f32_l16-merkle-r9,c029d566c81a1f795506d61c460bdd90b33a00b7b471fa483edac6ba9d65a3b2,merkle,candidate_row_fetch_ms,20.159
size-scaling-k75-c300-n25000000-f32-k75-c300-fanout_f32_l16-merkle-r9,c029d566c81a1f795506d61c460bdd90b33a00b7b471fa483edac6ba9d65a3b2,merkle,row_comparison_ms,0.652
size-scaling-k75-c300-n25000000-f32-k75-c300-fanout_f32_l16-merkle-r9,c029d566c81a1f795506d61c460bdd90b33a00b7b471fa483edac6ba9d65a3b2,merkle,repair_sql_building_ms,0.579
size-scaling-k75-c300-n25000000-f32-k75-c300-fanout_f32_l16-merkle-r9,c029d566c81a1f795506d61c460bdd90b33a00b7b471fa483edac6ba9d65a3b2,merkle,repair_dml_wire_ms,17.239
size-scaling-k75-c300-n25000000-f32-k75-c300-fanout_f32_l16-merkle-r9,c029d566c81a1f795506d61c460bdd90b33a00b7b471fa483edac6ba9d65a3b2,merkle,repair_commit_wire_ms,8.773
size-scaling-k75-c300-n25000000-f32-k75-c300-fanout_f32_l16-merkle-r9,c029d566c81a1f795506d61c460bdd90b33a00b7b471fa483edac6ba9d65a3b2,merkle,repair_begin_wire_ms,0.115
size-scaling-k75-c300-n25000000-f32-k75-c300-fanout_f32_l16-merkle-r9,c029d566c81a1f795506d61c460bdd90b33a00b7b471fa483edac6ba9d65a3b2,merkle,repair_transaction_block_ms,26.762
size-scaling-k75-c300-n25000000-f32-k75-c300-fanout_f32_l16-merkle-r9,c029d566c81a1f795506d61c460bdd90b33a00b7b471fa483edac6ba9d65a3b2,merkle,repair_write_ms,26.767
size-scaling-k75-c300-n25000000-f32-k75-c300-fanout_f32_l16-merkle-r9,c029d566c81a1f795506d61c460bdd90b33a00b7b471fa483edac6ba9d65a3b2,merkle,targeted_post_repair_confirmation_ms,3.565
size-scaling-k75-c300-n25000000-f32-k75-c300-fanout_f32_l16-merkle-r9,c029d566c81a1f795506d61c460bdd90b33a00b7b471fa483edac6ba9d65a3b2,merkle,recovery_observability_ms,0.001
size-scaling-k75-c300-n25000000-f32-k75-c300-fanout_f32_l16-merkle-r9,c029d566c81a1f795506d61c460bdd90b33a00b7b471fa483edac6ba9d65a3b2,merkle,recovery_orchestration_ms,1.553
size-scaling-k75-c300-n25000000-f32-k75-c300-fanout_f32_l16-merkle-r9,c029d566c81a1f795506d61c460bdd90b33a00b7b471fa483edac6ba9d65a3b2,merkle,audit_exact_table_compare_ms,88532.362
size-scaling-k75-c300-n25000000-f32-k75-c300-fanout_f32_l16-merkle-r9,c029d566c81a1f795506d61c460bdd90b33a00b7b471fa483edac6ba9d65a3b2,merkle,audit_merkle_root_hash_ms,1.339
size-scaling-k75-c300-n25000000-f32-k75-c300-fanout_f32_l16-merkle-r9,c029d566c81a1f795506d61c460bdd90b33a00b7b471fa483edac6ba9d65a3b2,merkle,audit_merkle_verify_ms,75435.272
size-scaling-k75-c300-n25000000-f32-k75-c300-fanout_f32_l16-merkle-r9,c029d566c81a1f795506d61c460bdd90b33a00b7b471fa483edac6ba9d65a3b2,merkle,audit_schema_fidelity_ms,2.211
size-scaling-k75-c300-n25000000-f32-k75-c300-fanout_f32_l16-merkle-r9,c029d566c81a1f795506d61c460bdd90b33a00b7b471fa483edac6ba9d65a3b2,merkle,merkle_total_ms,166943.399
size-scaling-k75-c300-n3000000-f32-k75-c300-fanout_f32_l16-merkle-r0,edf9f51862946fd91ef3a76c70d684cd086a854317af9033b83c0714dc35e922,merkle,tree_localisation_ms,126.206
size-scaling-k75-c300-n3000000-f32-k75-c300-fanout_f32_l16-merkle-r0,edf9f51862946fd91ef3a76c70d684cd086a854317af9033b83c0714dc35e922,merkle,candidate_row_fetch_ms,34.094
size-scaling-k75-c300-n3000000-f32-k75-c300-fanout_f32_l16-merkle-r0,edf9f51862946fd91ef3a76c70d684cd086a854317af9033b83c0714dc35e922,merkle,row_comparison_ms,1.387
size-scaling-k75-c300-n3000000-f32-k75-c300-fanout_f32_l16-merkle-r0,edf9f51862946fd91ef3a76c70d684cd086a854317af9033b83c0714dc35e922,merkle,repair_sql_building_ms,0.578
size-scaling-k75-c300-n3000000-f32-k75-c300-fanout_f32_l16-merkle-r0,edf9f51862946fd91ef3a76c70d684cd086a854317af9033b83c0714dc35e922,merkle,repair_dml_wire_ms,17.378
size-scaling-k75-c300-n3000000-f32-k75-c300-fanout_f32_l16-merkle-r0,edf9f51862946fd91ef3a76c70d684cd086a854317af9033b83c0714dc35e922,merkle,repair_commit_wire_ms,3.691
size-scaling-k75-c300-n3000000-f32-k75-c300-fanout_f32_l16-merkle-r0,edf9f51862946fd91ef3a76c70d684cd086a854317af9033b83c0714dc35e922,merkle,repair_begin_wire_ms,0.119
size-scaling-k75-c300-n3000000-f32-k75-c300-fanout_f32_l16-merkle-r0,edf9f51862946fd91ef3a76c70d684cd086a854317af9033b83c0714dc35e922,merkle,repair_transaction_block_ms,21.824
size-scaling-k75-c300-n3000000-f32-k75-c300-fanout_f32_l16-merkle-r0,edf9f51862946fd91ef3a76c70d684cd086a854317af9033b83c0714dc35e922,merkle,repair_write_ms,21.829
size-scaling-k75-c300-n3000000-f32-k75-c300-fanout_f32_l16-merkle-r0,edf9f51862946fd91ef3a76c70d684cd086a854317af9033b83c0714dc35e922,merkle,targeted_post_repair_confirmation_ms,3.554
size-scaling-k75-c300-n3000000-f32-k75-c300-fanout_f32_l16-merkle-r0,edf9f51862946fd91ef3a76c70d684cd086a854317af9033b83c0714dc35e922,merkle,recovery_observability_ms,0.001
size-scaling-k75-c300-n3000000-f32-k75-c300-fanout_f32_l16-merkle-r0,edf9f51862946fd91ef3a76c70d684cd086a854317af9033b83c0714dc35e922,merkle,recovery_orchestration_ms,1.706
size-scaling-k75-c300-n3000000-f32-k75-c300-fanout_f32_l16-merkle-r0,edf9f51862946fd91ef3a76c70d684cd086a854317af9033b83c0714dc35e922,merkle,audit_exact_table_compare_ms,11591.804
size-scaling-k75-c300-n3000000-f32-k75-c300-fanout_f32_l16-merkle-r0,edf9f51862946fd91ef3a76c70d684cd086a854317af9033b83c0714dc35e922,merkle,audit_merkle_root_hash_ms,1.286
size-scaling-k75-c300-n3000000-f32-k75-c300-fanout_f32_l16-merkle-r0,edf9f51862946fd91ef3a76c70d684cd086a854317af9033b83c0714dc35e922,merkle,audit_merkle_verify_ms,9069.630
size-scaling-k75-c300-n3000000-f32-k75-c300-fanout_f32_l16-merkle-r0,edf9f51862946fd91ef3a76c70d684cd086a854317af9033b83c0714dc35e922,merkle,audit_schema_fidelity_ms,2.328
size-scaling-k75-c300-n3000000-f32-k75-c300-fanout_f32_l16-merkle-r0,edf9f51862946fd91ef3a76c70d684cd086a854317af9033b83c0714dc35e922,merkle,merkle_total_ms,23690.062
size-scaling-k75-c300-n3000000-f32-k75-c300-fanout_f32_l16-merkle-r1,edf9f51862946fd91ef3a76c70d684cd086a854317af9033b83c0714dc35e922,merkle,tree_localisation_ms,132.147
size-scaling-k75-c300-n3000000-f32-k75-c300-fanout_f32_l16-merkle-r1,edf9f51862946fd91ef3a76c70d684cd086a854317af9033b83c0714dc35e922,merkle,candidate_row_fetch_ms,34.483
size-scaling-k75-c300-n3000000-f32-k75-c300-fanout_f32_l16-merkle-r1,edf9f51862946fd91ef3a76c70d684cd086a854317af9033b83c0714dc35e922,merkle,row_comparison_ms,1.380
size-scaling-k75-c300-n3000000-f32-k75-c300-fanout_f32_l16-merkle-r1,edf9f51862946fd91ef3a76c70d684cd086a854317af9033b83c0714dc35e922,merkle,repair_sql_building_ms,0.584
size-scaling-k75-c300-n3000000-f32-k75-c300-fanout_f32_l16-merkle-r1,edf9f51862946fd91ef3a76c70d684cd086a854317af9033b83c0714dc35e922,merkle,repair_dml_wire_ms,17.247
size-scaling-k75-c300-n3000000-f32-k75-c300-fanout_f32_l16-merkle-r1,edf9f51862946fd91ef3a76c70d684cd086a854317af9033b83c0714dc35e922,merkle,repair_commit_wire_ms,3.724
size-scaling-k75-c300-n3000000-f32-k75-c300-fanout_f32_l16-merkle-r1,edf9f51862946fd91ef3a76c70d684cd086a854317af9033b83c0714dc35e922,merkle,repair_begin_wire_ms,0.162
size-scaling-k75-c300-n3000000-f32-k75-c300-fanout_f32_l16-merkle-r1,edf9f51862946fd91ef3a76c70d684cd086a854317af9033b83c0714dc35e922,merkle,repair_transaction_block_ms,21.772
size-scaling-k75-c300-n3000000-f32-k75-c300-fanout_f32_l16-merkle-r1,edf9f51862946fd91ef3a76c70d684cd086a854317af9033b83c0714dc35e922,merkle,repair_write_ms,21.777
size-scaling-k75-c300-n3000000-f32-k75-c300-fanout_f32_l16-merkle-r1,edf9f51862946fd91ef3a76c70d684cd086a854317af9033b83c0714dc35e922,merkle,targeted_post_repair_confirmation_ms,3.507
size-scaling-k75-c300-n3000000-f32-k75-c300-fanout_f32_l16-merkle-r1,edf9f51862946fd91ef3a76c70d684cd086a854317af9033b83c0714dc35e922,merkle,recovery_observability_ms,0.001
size-scaling-k75-c300-n3000000-f32-k75-c300-fanout_f32_l16-merkle-r1,edf9f51862946fd91ef3a76c70d684cd086a854317af9033b83c0714dc35e922,merkle,recovery_orchestration_ms,1.731
size-scaling-k75-c300-n3000000-f32-k75-c300-fanout_f32_l16-merkle-r1,edf9f51862946fd91ef3a76c70d684cd086a854317af9033b83c0714dc35e922,merkle,audit_exact_table_compare_ms,11560.582
size-scaling-k75-c300-n3000000-f32-k75-c300-fanout_f32_l16-merkle-r1,edf9f51862946fd91ef3a76c70d684cd086a854317af9033b83c0714dc35e922,merkle,audit_merkle_root_hash_ms,1.238
size-scaling-k75-c300-n3000000-f32-k75-c300-fanout_f32_l16-merkle-r1,edf9f51862946fd91ef3a76c70d684cd086a854317af9033b83c0714dc35e922,merkle,audit_merkle_verify_ms,9131.094
size-scaling-k75-c300-n3000000-f32-k75-c300-fanout_f32_l16-merkle-r1,edf9f51862946fd91ef3a76c70d684cd086a854317af9033b83c0714dc35e922,merkle,audit_schema_fidelity_ms,2.178
size-scaling-k75-c300-n3000000-f32-k75-c300-fanout_f32_l16-merkle-r1,edf9f51862946fd91ef3a76c70d684cd086a854317af9033b83c0714dc35e922,merkle,merkle_total_ms,23676.762
size-scaling-k75-c300-n3000000-f32-k75-c300-fanout_f32_l16-merkle-r2,edf9f51862946fd91ef3a76c70d684cd086a854317af9033b83c0714dc35e922,merkle,tree_localisation_ms,126.792
size-scaling-k75-c300-n3000000-f32-k75-c300-fanout_f32_l16-merkle-r2,edf9f51862946fd91ef3a76c70d684cd086a854317af9033b83c0714dc35e922,merkle,candidate_row_fetch_ms,34.706
size-scaling-k75-c300-n3000000-f32-k75-c300-fanout_f32_l16-merkle-r2,edf9f51862946fd91ef3a76c70d684cd086a854317af9033b83c0714dc35e922,merkle,row_comparison_ms,1.412
size-scaling-k75-c300-n3000000-f32-k75-c300-fanout_f32_l16-merkle-r2,edf9f51862946fd91ef3a76c70d684cd086a854317af9033b83c0714dc35e922,merkle,repair_sql_building_ms,0.597
size-scaling-k75-c300-n3000000-f32-k75-c300-fanout_f32_l16-merkle-r2,edf9f51862946fd91ef3a76c70d684cd086a854317af9033b83c0714dc35e922,merkle,repair_dml_wire_ms,17.063
size-scaling-k75-c300-n3000000-f32-k75-c300-fanout_f32_l16-merkle-r2,edf9f51862946fd91ef3a76c70d684cd086a854317af9033b83c0714dc35e922,merkle,repair_commit_wire_ms,3.696
size-scaling-k75-c300-n3000000-f32-k75-c300-fanout_f32_l16-merkle-r2,edf9f51862946fd91ef3a76c70d684cd086a854317af9033b83c0714dc35e922,merkle,repair_begin_wire_ms,0.120
size-scaling-k75-c300-n3000000-f32-k75-c300-fanout_f32_l16-merkle-r2,edf9f51862946fd91ef3a76c70d684cd086a854317af9033b83c0714dc35e922,merkle,repair_transaction_block_ms,21.533
size-scaling-k75-c300-n3000000-f32-k75-c300-fanout_f32_l16-merkle-r2,edf9f51862946fd91ef3a76c70d684cd086a854317af9033b83c0714dc35e922,merkle,repair_write_ms,21.537
size-scaling-k75-c300-n3000000-f32-k75-c300-fanout_f32_l16-merkle-r2,edf9f51862946fd91ef3a76c70d684cd086a854317af9033b83c0714dc35e922,merkle,targeted_post_repair_confirmation_ms,3.551
size-scaling-k75-c300-n3000000-f32-k75-c300-fanout_f32_l16-merkle-r2,edf9f51862946fd91ef3a76c70d684cd086a854317af9033b83c0714dc35e922,merkle,recovery_observability_ms,0.001
size-scaling-k75-c300-n3000000-f32-k75-c300-fanout_f32_l16-merkle-r2,edf9f51862946fd91ef3a76c70d684cd086a854317af9033b83c0714dc35e922,merkle,recovery_orchestration_ms,1.705
size-scaling-k75-c300-n3000000-f32-k75-c300-fanout_f32_l16-merkle-r2,edf9f51862946fd91ef3a76c70d684cd086a854317af9033b83c0714dc35e922,merkle,audit_exact_table_compare_ms,11567.498
size-scaling-k75-c300-n3000000-f32-k75-c300-fanout_f32_l16-merkle-r2,edf9f51862946fd91ef3a76c70d684cd086a854317af9033b83c0714dc35e922,merkle,audit_merkle_root_hash_ms,1.290
size-scaling-k75-c300-n3000000-f32-k75-c300-fanout_f32_l16-merkle-r2,edf9f51862946fd91ef3a76c70d684cd086a854317af9033b83c0714dc35e922,merkle,audit_merkle_verify_ms,9121.611
size-scaling-k75-c300-n3000000-f32-k75-c300-fanout_f32_l16-merkle-r2,edf9f51862946fd91ef3a76c70d684cd086a854317af9033b83c0714dc35e922,merkle,audit_schema_fidelity_ms,2.180
size-scaling-k75-c300-n3000000-f32-k75-c300-fanout_f32_l16-merkle-r2,edf9f51862946fd91ef3a76c70d684cd086a854317af9033b83c0714dc35e922,merkle,merkle_total_ms,23717.248
size-scaling-k75-c300-n3000000-f32-k75-c300-fanout_f32_l16-merkle-r3,edf9f51862946fd91ef3a76c70d684cd086a854317af9033b83c0714dc35e922,merkle,tree_localisation_ms,125.582
size-scaling-k75-c300-n3000000-f32-k75-c300-fanout_f32_l16-merkle-r3,edf9f51862946fd91ef3a76c70d684cd086a854317af9033b83c0714dc35e922,merkle,candidate_row_fetch_ms,34.560
size-scaling-k75-c300-n3000000-f32-k75-c300-fanout_f32_l16-merkle-r3,edf9f51862946fd91ef3a76c70d684cd086a854317af9033b83c0714dc35e922,merkle,row_comparison_ms,1.399
size-scaling-k75-c300-n3000000-f32-k75-c300-fanout_f32_l16-merkle-r3,edf9f51862946fd91ef3a76c70d684cd086a854317af9033b83c0714dc35e922,merkle,repair_sql_building_ms,0.572
size-scaling-k75-c300-n3000000-f32-k75-c300-fanout_f32_l16-merkle-r3,edf9f51862946fd91ef3a76c70d684cd086a854317af9033b83c0714dc35e922,merkle,repair_dml_wire_ms,17.035
size-scaling-k75-c300-n3000000-f32-k75-c300-fanout_f32_l16-merkle-r3,edf9f51862946fd91ef3a76c70d684cd086a854317af9033b83c0714dc35e922,merkle,repair_commit_wire_ms,3.640
size-scaling-k75-c300-n3000000-f32-k75-c300-fanout_f32_l16-merkle-r3,edf9f51862946fd91ef3a76c70d684cd086a854317af9033b83c0714dc35e922,merkle,repair_begin_wire_ms,0.114
size-scaling-k75-c300-n3000000-f32-k75-c300-fanout_f32_l16-merkle-r3,edf9f51862946fd91ef3a76c70d684cd086a854317af9033b83c0714dc35e922,merkle,repair_transaction_block_ms,21.419
size-scaling-k75-c300-n3000000-f32-k75-c300-fanout_f32_l16-merkle-r3,edf9f51862946fd91ef3a76c70d684cd086a854317af9033b83c0714dc35e922,merkle,repair_write_ms,21.424
size-scaling-k75-c300-n3000000-f32-k75-c300-fanout_f32_l16-merkle-r3,edf9f51862946fd91ef3a76c70d684cd086a854317af9033b83c0714dc35e922,merkle,targeted_post_repair_confirmation_ms,3.522
size-scaling-k75-c300-n3000000-f32-k75-c300-fanout_f32_l16-merkle-r3,edf9f51862946fd91ef3a76c70d684cd086a854317af9033b83c0714dc35e922,merkle,recovery_observability_ms,0.001
size-scaling-k75-c300-n3000000-f32-k75-c300-fanout_f32_l16-merkle-r3,edf9f51862946fd91ef3a76c70d684cd086a854317af9033b83c0714dc35e922,merkle,recovery_orchestration_ms,1.717
size-scaling-k75-c300-n3000000-f32-k75-c300-fanout_f32_l16-merkle-r3,edf9f51862946fd91ef3a76c70d684cd086a854317af9033b83c0714dc35e922,merkle,audit_exact_table_compare_ms,11490.879
size-scaling-k75-c300-n3000000-f32-k75-c300-fanout_f32_l16-merkle-r3,edf9f51862946fd91ef3a76c70d684cd086a854317af9033b83c0714dc35e922,merkle,audit_merkle_root_hash_ms,1.224
size-scaling-k75-c300-n3000000-f32-k75-c300-fanout_f32_l16-merkle-r3,edf9f51862946fd91ef3a76c70d684cd086a854317af9033b83c0714dc35e922,merkle,audit_merkle_verify_ms,9131.507
size-scaling-k75-c300-n3000000-f32-k75-c300-fanout_f32_l16-merkle-r3,edf9f51862946fd91ef3a76c70d684cd086a854317af9033b83c0714dc35e922,merkle,audit_schema_fidelity_ms,2.018
size-scaling-k75-c300-n3000000-f32-k75-c300-fanout_f32_l16-merkle-r3,edf9f51862946fd91ef3a76c70d684cd086a854317af9033b83c0714dc35e922,merkle,merkle_total_ms,23649.166
size-scaling-k75-c300-n3000000-f32-k75-c300-fanout_f32_l16-merkle-r4,edf9f51862946fd91ef3a76c70d684cd086a854317af9033b83c0714dc35e922,merkle,tree_localisation_ms,126.198
size-scaling-k75-c300-n3000000-f32-k75-c300-fanout_f32_l16-merkle-r4,edf9f51862946fd91ef3a76c70d684cd086a854317af9033b83c0714dc35e922,merkle,candidate_row_fetch_ms,34.983
size-scaling-k75-c300-n3000000-f32-k75-c300-fanout_f32_l16-merkle-r4,edf9f51862946fd91ef3a76c70d684cd086a854317af9033b83c0714dc35e922,merkle,row_comparison_ms,1.453
size-scaling-k75-c300-n3000000-f32-k75-c300-fanout_f32_l16-merkle-r4,edf9f51862946fd91ef3a76c70d684cd086a854317af9033b83c0714dc35e922,merkle,repair_sql_building_ms,0.592
size-scaling-k75-c300-n3000000-f32-k75-c300-fanout_f32_l16-merkle-r4,edf9f51862946fd91ef3a76c70d684cd086a854317af9033b83c0714dc35e922,merkle,repair_dml_wire_ms,16.982
size-scaling-k75-c300-n3000000-f32-k75-c300-fanout_f32_l16-merkle-r4,edf9f51862946fd91ef3a76c70d684cd086a854317af9033b83c0714dc35e922,merkle,repair_commit_wire_ms,3.659
size-scaling-k75-c300-n3000000-f32-k75-c300-fanout_f32_l16-merkle-r4,edf9f51862946fd91ef3a76c70d684cd086a854317af9033b83c0714dc35e922,merkle,repair_begin_wire_ms,0.157
size-scaling-k75-c300-n3000000-f32-k75-c300-fanout_f32_l16-merkle-r4,edf9f51862946fd91ef3a76c70d684cd086a854317af9033b83c0714dc35e922,merkle,repair_transaction_block_ms,21.448
size-scaling-k75-c300-n3000000-f32-k75-c300-fanout_f32_l16-merkle-r4,edf9f51862946fd91ef3a76c70d684cd086a854317af9033b83c0714dc35e922,merkle,repair_write_ms,21.453
size-scaling-k75-c300-n3000000-f32-k75-c300-fanout_f32_l16-merkle-r4,edf9f51862946fd91ef3a76c70d684cd086a854317af9033b83c0714dc35e922,merkle,targeted_post_repair_confirmation_ms,3.564
size-scaling-k75-c300-n3000000-f32-k75-c300-fanout_f32_l16-merkle-r4,edf9f51862946fd91ef3a76c70d684cd086a854317af9033b83c0714dc35e922,merkle,recovery_observability_ms,0.001
size-scaling-k75-c300-n3000000-f32-k75-c300-fanout_f32_l16-merkle-r4,edf9f51862946fd91ef3a76c70d684cd086a854317af9033b83c0714dc35e922,merkle,recovery_orchestration_ms,1.710
size-scaling-k75-c300-n3000000-f32-k75-c300-fanout_f32_l16-merkle-r4,edf9f51862946fd91ef3a76c70d684cd086a854317af9033b83c0714dc35e922,merkle,audit_exact_table_compare_ms,11452.432
size-scaling-k75-c300-n3000000-f32-k75-c300-fanout_f32_l16-merkle-r4,edf9f51862946fd91ef3a76c70d684cd086a854317af9033b83c0714dc35e922,merkle,audit_merkle_root_hash_ms,1.263
size-scaling-k75-c300-n3000000-f32-k75-c300-fanout_f32_l16-merkle-r4,edf9f51862946fd91ef3a76c70d684cd086a854317af9033b83c0714dc35e922,merkle,audit_merkle_verify_ms,9144.310
size-scaling-k75-c300-n3000000-f32-k75-c300-fanout_f32_l16-merkle-r4,edf9f51862946fd91ef3a76c70d684cd086a854317af9033b83c0714dc35e922,merkle,audit_schema_fidelity_ms,2.187
size-scaling-k75-c300-n3000000-f32-k75-c300-fanout_f32_l16-merkle-r4,edf9f51862946fd91ef3a76c70d684cd086a854317af9033b83c0714dc35e922,merkle,merkle_total_ms,23624.902
size-scaling-k75-c300-n3000000-f32-k75-c300-fanout_f32_l16-merkle-r5,edf9f51862946fd91ef3a76c70d684cd086a854317af9033b83c0714dc35e922,merkle,tree_localisation_ms,126.019
size-scaling-k75-c300-n3000000-f32-k75-c300-fanout_f32_l16-merkle-r5,edf9f51862946fd91ef3a76c70d684cd086a854317af9033b83c0714dc35e922,merkle,candidate_row_fetch_ms,35.084
size-scaling-k75-c300-n3000000-f32-k75-c300-fanout_f32_l16-merkle-r5,edf9f51862946fd91ef3a76c70d684cd086a854317af9033b83c0714dc35e922,merkle,row_comparison_ms,1.393
size-scaling-k75-c300-n3000000-f32-k75-c300-fanout_f32_l16-merkle-r5,edf9f51862946fd91ef3a76c70d684cd086a854317af9033b83c0714dc35e922,merkle,repair_sql_building_ms,0.600
size-scaling-k75-c300-n3000000-f32-k75-c300-fanout_f32_l16-merkle-r5,edf9f51862946fd91ef3a76c70d684cd086a854317af9033b83c0714dc35e922,merkle,repair_dml_wire_ms,16.783
size-scaling-k75-c300-n3000000-f32-k75-c300-fanout_f32_l16-merkle-r5,edf9f51862946fd91ef3a76c70d684cd086a854317af9033b83c0714dc35e922,merkle,repair_commit_wire_ms,3.636
size-scaling-k75-c300-n3000000-f32-k75-c300-fanout_f32_l16-merkle-r5,edf9f51862946fd91ef3a76c70d684cd086a854317af9033b83c0714dc35e922,merkle,repair_begin_wire_ms,0.167
size-scaling-k75-c300-n3000000-f32-k75-c300-fanout_f32_l16-merkle-r5,edf9f51862946fd91ef3a76c70d684cd086a854317af9033b83c0714dc35e922,merkle,repair_transaction_block_ms,21.246
size-scaling-k75-c300-n3000000-f32-k75-c300-fanout_f32_l16-merkle-r5,edf9f51862946fd91ef3a76c70d684cd086a854317af9033b83c0714dc35e922,merkle,repair_write_ms,21.250
size-scaling-k75-c300-n3000000-f32-k75-c300-fanout_f32_l16-merkle-r5,edf9f51862946fd91ef3a76c70d684cd086a854317af9033b83c0714dc35e922,merkle,targeted_post_repair_confirmation_ms,3.498
size-scaling-k75-c300-n3000000-f32-k75-c300-fanout_f32_l16-merkle-r5,edf9f51862946fd91ef3a76c70d684cd086a854317af9033b83c0714dc35e922,merkle,recovery_observability_ms,0.001
size-scaling-k75-c300-n3000000-f32-k75-c300-fanout_f32_l16-merkle-r5,edf9f51862946fd91ef3a76c70d684cd086a854317af9033b83c0714dc35e922,merkle,recovery_orchestration_ms,1.717
size-scaling-k75-c300-n3000000-f32-k75-c300-fanout_f32_l16-merkle-r5,edf9f51862946fd91ef3a76c70d684cd086a854317af9033b83c0714dc35e922,merkle,audit_exact_table_compare_ms,11468.826
size-scaling-k75-c300-n3000000-f32-k75-c300-fanout_f32_l16-merkle-r5,edf9f51862946fd91ef3a76c70d684cd086a854317af9033b83c0714dc35e922,merkle,audit_merkle_root_hash_ms,1.163
size-scaling-k75-c300-n3000000-f32-k75-c300-fanout_f32_l16-merkle-r5,edf9f51862946fd91ef3a76c70d684cd086a854317af9033b83c0714dc35e922,merkle,audit_merkle_verify_ms,9150.082
size-scaling-k75-c300-n3000000-f32-k75-c300-fanout_f32_l16-merkle-r5,edf9f51862946fd91ef3a76c70d684cd086a854317af9033b83c0714dc35e922,merkle,audit_schema_fidelity_ms,2.195
size-scaling-k75-c300-n3000000-f32-k75-c300-fanout_f32_l16-merkle-r5,edf9f51862946fd91ef3a76c70d684cd086a854317af9033b83c0714dc35e922,merkle,merkle_total_ms,23645.174
size-scaling-k75-c300-n3000000-f32-k75-c300-fanout_f32_l16-merkle-r6,edf9f51862946fd91ef3a76c70d684cd086a854317af9033b83c0714dc35e922,merkle,tree_localisation_ms,128.918
size-scaling-k75-c300-n3000000-f32-k75-c300-fanout_f32_l16-merkle-r6,edf9f51862946fd91ef3a76c70d684cd086a854317af9033b83c0714dc35e922,merkle,candidate_row_fetch_ms,35.111
size-scaling-k75-c300-n3000000-f32-k75-c300-fanout_f32_l16-merkle-r6,edf9f51862946fd91ef3a76c70d684cd086a854317af9033b83c0714dc35e922,merkle,row_comparison_ms,1.399
size-scaling-k75-c300-n3000000-f32-k75-c300-fanout_f32_l16-merkle-r6,edf9f51862946fd91ef3a76c70d684cd086a854317af9033b83c0714dc35e922,merkle,repair_sql_building_ms,0.588
size-scaling-k75-c300-n3000000-f32-k75-c300-fanout_f32_l16-merkle-r6,edf9f51862946fd91ef3a76c70d684cd086a854317af9033b83c0714dc35e922,merkle,repair_dml_wire_ms,16.851
size-scaling-k75-c300-n3000000-f32-k75-c300-fanout_f32_l16-merkle-r6,edf9f51862946fd91ef3a76c70d684cd086a854317af9033b83c0714dc35e922,merkle,repair_commit_wire_ms,3.650
size-scaling-k75-c300-n3000000-f32-k75-c300-fanout_f32_l16-merkle-r6,edf9f51862946fd91ef3a76c70d684cd086a854317af9033b83c0714dc35e922,merkle,repair_begin_wire_ms,0.124
size-scaling-k75-c300-n3000000-f32-k75-c300-fanout_f32_l16-merkle-r6,edf9f51862946fd91ef3a76c70d684cd086a854317af9033b83c0714dc35e922,merkle,repair_transaction_block_ms,21.270
size-scaling-k75-c300-n3000000-f32-k75-c300-fanout_f32_l16-merkle-r6,edf9f51862946fd91ef3a76c70d684cd086a854317af9033b83c0714dc35e922,merkle,repair_write_ms,21.275
size-scaling-k75-c300-n3000000-f32-k75-c300-fanout_f32_l16-merkle-r6,edf9f51862946fd91ef3a76c70d684cd086a854317af9033b83c0714dc35e922,merkle,targeted_post_repair_confirmation_ms,3.534
size-scaling-k75-c300-n3000000-f32-k75-c300-fanout_f32_l16-merkle-r6,edf9f51862946fd91ef3a76c70d684cd086a854317af9033b83c0714dc35e922,merkle,recovery_observability_ms,0.001
size-scaling-k75-c300-n3000000-f32-k75-c300-fanout_f32_l16-merkle-r6,edf9f51862946fd91ef3a76c70d684cd086a854317af9033b83c0714dc35e922,merkle,recovery_orchestration_ms,1.740
size-scaling-k75-c300-n3000000-f32-k75-c300-fanout_f32_l16-merkle-r6,edf9f51862946fd91ef3a76c70d684cd086a854317af9033b83c0714dc35e922,merkle,audit_exact_table_compare_ms,11471.309
size-scaling-k75-c300-n3000000-f32-k75-c300-fanout_f32_l16-merkle-r6,edf9f51862946fd91ef3a76c70d684cd086a854317af9033b83c0714dc35e922,merkle,audit_merkle_root_hash_ms,1.256
size-scaling-k75-c300-n3000000-f32-k75-c300-fanout_f32_l16-merkle-r6,edf9f51862946fd91ef3a76c70d684cd086a854317af9033b83c0714dc35e922,merkle,audit_merkle_verify_ms,9153.593
size-scaling-k75-c300-n3000000-f32-k75-c300-fanout_f32_l16-merkle-r6,edf9f51862946fd91ef3a76c70d684cd086a854317af9033b83c0714dc35e922,merkle,audit_schema_fidelity_ms,2.199
size-scaling-k75-c300-n3000000-f32-k75-c300-fanout_f32_l16-merkle-r6,edf9f51862946fd91ef3a76c70d684cd086a854317af9033b83c0714dc35e922,merkle,merkle_total_ms,23656.675
size-scaling-k75-c300-n3000000-f32-k75-c300-fanout_f32_l16-merkle-r7,edf9f51862946fd91ef3a76c70d684cd086a854317af9033b83c0714dc35e922,merkle,tree_localisation_ms,125.343
size-scaling-k75-c300-n3000000-f32-k75-c300-fanout_f32_l16-merkle-r7,edf9f51862946fd91ef3a76c70d684cd086a854317af9033b83c0714dc35e922,merkle,candidate_row_fetch_ms,35.476
size-scaling-k75-c300-n3000000-f32-k75-c300-fanout_f32_l16-merkle-r7,edf9f51862946fd91ef3a76c70d684cd086a854317af9033b83c0714dc35e922,merkle,row_comparison_ms,1.412
size-scaling-k75-c300-n3000000-f32-k75-c300-fanout_f32_l16-merkle-r7,edf9f51862946fd91ef3a76c70d684cd086a854317af9033b83c0714dc35e922,merkle,repair_sql_building_ms,0.605
size-scaling-k75-c300-n3000000-f32-k75-c300-fanout_f32_l16-merkle-r7,edf9f51862946fd91ef3a76c70d684cd086a854317af9033b83c0714dc35e922,merkle,repair_dml_wire_ms,16.970
size-scaling-k75-c300-n3000000-f32-k75-c300-fanout_f32_l16-merkle-r7,edf9f51862946fd91ef3a76c70d684cd086a854317af9033b83c0714dc35e922,merkle,repair_commit_wire_ms,3.635
size-scaling-k75-c300-n3000000-f32-k75-c300-fanout_f32_l16-merkle-r7,edf9f51862946fd91ef3a76c70d684cd086a854317af9033b83c0714dc35e922,merkle,repair_begin_wire_ms,0.117
size-scaling-k75-c300-n3000000-f32-k75-c300-fanout_f32_l16-merkle-r7,edf9f51862946fd91ef3a76c70d684cd086a854317af9033b83c0714dc35e922,merkle,repair_transaction_block_ms,21.386
size-scaling-k75-c300-n3000000-f32-k75-c300-fanout_f32_l16-merkle-r7,edf9f51862946fd91ef3a76c70d684cd086a854317af9033b83c0714dc35e922,merkle,repair_write_ms,21.391
size-scaling-k75-c300-n3000000-f32-k75-c300-fanout_f32_l16-merkle-r7,edf9f51862946fd91ef3a76c70d684cd086a854317af9033b83c0714dc35e922,merkle,targeted_post_repair_confirmation_ms,3.504
size-scaling-k75-c300-n3000000-f32-k75-c300-fanout_f32_l16-merkle-r7,edf9f51862946fd91ef3a76c70d684cd086a854317af9033b83c0714dc35e922,merkle,recovery_observability_ms,0.001
size-scaling-k75-c300-n3000000-f32-k75-c300-fanout_f32_l16-merkle-r7,edf9f51862946fd91ef3a76c70d684cd086a854317af9033b83c0714dc35e922,merkle,recovery_orchestration_ms,1.724
size-scaling-k75-c300-n3000000-f32-k75-c300-fanout_f32_l16-merkle-r7,edf9f51862946fd91ef3a76c70d684cd086a854317af9033b83c0714dc35e922,merkle,audit_exact_table_compare_ms,11447.221
size-scaling-k75-c300-n3000000-f32-k75-c300-fanout_f32_l16-merkle-r7,edf9f51862946fd91ef3a76c70d684cd086a854317af9033b83c0714dc35e922,merkle,audit_merkle_root_hash_ms,1.229
size-scaling-k75-c300-n3000000-f32-k75-c300-fanout_f32_l16-merkle-r7,edf9f51862946fd91ef3a76c70d684cd086a854317af9033b83c0714dc35e922,merkle,audit_merkle_verify_ms,9133.177
size-scaling-k75-c300-n3000000-f32-k75-c300-fanout_f32_l16-merkle-r7,edf9f51862946fd91ef3a76c70d684cd086a854317af9033b83c0714dc35e922,merkle,audit_schema_fidelity_ms,2.076
size-scaling-k75-c300-n3000000-f32-k75-c300-fanout_f32_l16-merkle-r7,edf9f51862946fd91ef3a76c70d684cd086a854317af9033b83c0714dc35e922,merkle,merkle_total_ms,23607.884
size-scaling-k75-c300-n3000000-f32-k75-c300-fanout_f32_l16-merkle-r8,edf9f51862946fd91ef3a76c70d684cd086a854317af9033b83c0714dc35e922,merkle,tree_localisation_ms,125.602
size-scaling-k75-c300-n3000000-f32-k75-c300-fanout_f32_l16-merkle-r8,edf9f51862946fd91ef3a76c70d684cd086a854317af9033b83c0714dc35e922,merkle,candidate_row_fetch_ms,35.626
size-scaling-k75-c300-n3000000-f32-k75-c300-fanout_f32_l16-merkle-r8,edf9f51862946fd91ef3a76c70d684cd086a854317af9033b83c0714dc35e922,merkle,row_comparison_ms,1.396
size-scaling-k75-c300-n3000000-f32-k75-c300-fanout_f32_l16-merkle-r8,edf9f51862946fd91ef3a76c70d684cd086a854317af9033b83c0714dc35e922,merkle,repair_sql_building_ms,0.613
size-scaling-k75-c300-n3000000-f32-k75-c300-fanout_f32_l16-merkle-r8,edf9f51862946fd91ef3a76c70d684cd086a854317af9033b83c0714dc35e922,merkle,repair_dml_wire_ms,29.100
size-scaling-k75-c300-n3000000-f32-k75-c300-fanout_f32_l16-merkle-r8,edf9f51862946fd91ef3a76c70d684cd086a854317af9033b83c0714dc35e922,merkle,repair_commit_wire_ms,3.757
size-scaling-k75-c300-n3000000-f32-k75-c300-fanout_f32_l16-merkle-r8,edf9f51862946fd91ef3a76c70d684cd086a854317af9033b83c0714dc35e922,merkle,repair_begin_wire_ms,0.156
size-scaling-k75-c300-n3000000-f32-k75-c300-fanout_f32_l16-merkle-r8,edf9f51862946fd91ef3a76c70d684cd086a854317af9033b83c0714dc35e922,merkle,repair_transaction_block_ms,33.685
size-scaling-k75-c300-n3000000-f32-k75-c300-fanout_f32_l16-merkle-r8,edf9f51862946fd91ef3a76c70d684cd086a854317af9033b83c0714dc35e922,merkle,repair_write_ms,33.689
size-scaling-k75-c300-n3000000-f32-k75-c300-fanout_f32_l16-merkle-r8,edf9f51862946fd91ef3a76c70d684cd086a854317af9033b83c0714dc35e922,merkle,targeted_post_repair_confirmation_ms,3.516
size-scaling-k75-c300-n3000000-f32-k75-c300-fanout_f32_l16-merkle-r8,edf9f51862946fd91ef3a76c70d684cd086a854317af9033b83c0714dc35e922,merkle,recovery_observability_ms,0.001
size-scaling-k75-c300-n3000000-f32-k75-c300-fanout_f32_l16-merkle-r8,edf9f51862946fd91ef3a76c70d684cd086a854317af9033b83c0714dc35e922,merkle,recovery_orchestration_ms,1.707
size-scaling-k75-c300-n3000000-f32-k75-c300-fanout_f32_l16-merkle-r8,edf9f51862946fd91ef3a76c70d684cd086a854317af9033b83c0714dc35e922,merkle,audit_exact_table_compare_ms,11459.061
size-scaling-k75-c300-n3000000-f32-k75-c300-fanout_f32_l16-merkle-r8,edf9f51862946fd91ef3a76c70d684cd086a854317af9033b83c0714dc35e922,merkle,audit_merkle_root_hash_ms,1.242
size-scaling-k75-c300-n3000000-f32-k75-c300-fanout_f32_l16-merkle-r8,edf9f51862946fd91ef3a76c70d684cd086a854317af9033b83c0714dc35e922,merkle,audit_merkle_verify_ms,9091.820
size-scaling-k75-c300-n3000000-f32-k75-c300-fanout_f32_l16-merkle-r8,edf9f51862946fd91ef3a76c70d684cd086a854317af9033b83c0714dc35e922,merkle,audit_schema_fidelity_ms,2.057
size-scaling-k75-c300-n3000000-f32-k75-c300-fanout_f32_l16-merkle-r8,edf9f51862946fd91ef3a76c70d684cd086a854317af9033b83c0714dc35e922,merkle,merkle_total_ms,23591.040
size-scaling-k75-c300-n3000000-f32-k75-c300-fanout_f32_l16-merkle-r9,edf9f51862946fd91ef3a76c70d684cd086a854317af9033b83c0714dc35e922,merkle,tree_localisation_ms,130.551
size-scaling-k75-c300-n3000000-f32-k75-c300-fanout_f32_l16-merkle-r9,edf9f51862946fd91ef3a76c70d684cd086a854317af9033b83c0714dc35e922,merkle,candidate_row_fetch_ms,35.844
size-scaling-k75-c300-n3000000-f32-k75-c300-fanout_f32_l16-merkle-r9,edf9f51862946fd91ef3a76c70d684cd086a854317af9033b83c0714dc35e922,merkle,row_comparison_ms,1.412
size-scaling-k75-c300-n3000000-f32-k75-c300-fanout_f32_l16-merkle-r9,edf9f51862946fd91ef3a76c70d684cd086a854317af9033b83c0714dc35e922,merkle,repair_sql_building_ms,0.594
size-scaling-k75-c300-n3000000-f32-k75-c300-fanout_f32_l16-merkle-r9,edf9f51862946fd91ef3a76c70d684cd086a854317af9033b83c0714dc35e922,merkle,repair_dml_wire_ms,17.098
size-scaling-k75-c300-n3000000-f32-k75-c300-fanout_f32_l16-merkle-r9,edf9f51862946fd91ef3a76c70d684cd086a854317af9033b83c0714dc35e922,merkle,repair_commit_wire_ms,3.662
size-scaling-k75-c300-n3000000-f32-k75-c300-fanout_f32_l16-merkle-r9,edf9f51862946fd91ef3a76c70d684cd086a854317af9033b83c0714dc35e922,merkle,repair_begin_wire_ms,0.122
size-scaling-k75-c300-n3000000-f32-k75-c300-fanout_f32_l16-merkle-r9,edf9f51862946fd91ef3a76c70d684cd086a854317af9033b83c0714dc35e922,merkle,repair_transaction_block_ms,21.533
size-scaling-k75-c300-n3000000-f32-k75-c300-fanout_f32_l16-merkle-r9,edf9f51862946fd91ef3a76c70d684cd086a854317af9033b83c0714dc35e922,merkle,repair_write_ms,21.537
size-scaling-k75-c300-n3000000-f32-k75-c300-fanout_f32_l16-merkle-r9,edf9f51862946fd91ef3a76c70d684cd086a854317af9033b83c0714dc35e922,merkle,targeted_post_repair_confirmation_ms,3.543
size-scaling-k75-c300-n3000000-f32-k75-c300-fanout_f32_l16-merkle-r9,edf9f51862946fd91ef3a76c70d684cd086a854317af9033b83c0714dc35e922,merkle,recovery_observability_ms,0.001
size-scaling-k75-c300-n3000000-f32-k75-c300-fanout_f32_l16-merkle-r9,edf9f51862946fd91ef3a76c70d684cd086a854317af9033b83c0714dc35e922,merkle,recovery_orchestration_ms,1.703
size-scaling-k75-c300-n3000000-f32-k75-c300-fanout_f32_l16-merkle-r9,edf9f51862946fd91ef3a76c70d684cd086a854317af9033b83c0714dc35e922,merkle,audit_exact_table_compare_ms,11519.065
size-scaling-k75-c300-n3000000-f32-k75-c300-fanout_f32_l16-merkle-r9,edf9f51862946fd91ef3a76c70d684cd086a854317af9033b83c0714dc35e922,merkle,audit_merkle_root_hash_ms,1.289
size-scaling-k75-c300-n3000000-f32-k75-c300-fanout_f32_l16-merkle-r9,edf9f51862946fd91ef3a76c70d684cd086a854317af9033b83c0714dc35e922,merkle,audit_merkle_verify_ms,9128.578
size-scaling-k75-c300-n3000000-f32-k75-c300-fanout_f32_l16-merkle-r9,edf9f51862946fd91ef3a76c70d684cd086a854317af9033b83c0714dc35e922,merkle,audit_schema_fidelity_ms,2.182
size-scaling-k75-c300-n3000000-f32-k75-c300-fanout_f32_l16-merkle-r9,edf9f51862946fd91ef3a76c70d684cd086a854317af9033b83c0714dc35e922,merkle,merkle_total_ms,23629.870
size-scaling-k75-c300-n30000000-f32-k75-c300-fanout_f32_l16-merkle-r0,95d530a51bec45514bcf1eb0265b297344c1d86b6ecf7bcd81df8b436b6e2f61,merkle,tree_localisation_ms,173.526
size-scaling-k75-c300-n30000000-f32-k75-c300-fanout_f32_l16-merkle-r0,95d530a51bec45514bcf1eb0265b297344c1d86b6ecf7bcd81df8b436b6e2f61,merkle,candidate_row_fetch_ms,18.854
size-scaling-k75-c300-n30000000-f32-k75-c300-fanout_f32_l16-merkle-r0,95d530a51bec45514bcf1eb0265b297344c1d86b6ecf7bcd81df8b436b6e2f61,merkle,row_comparison_ms,0.659
size-scaling-k75-c300-n30000000-f32-k75-c300-fanout_f32_l16-merkle-r0,95d530a51bec45514bcf1eb0265b297344c1d86b6ecf7bcd81df8b436b6e2f61,merkle,repair_sql_building_ms,0.589
size-scaling-k75-c300-n30000000-f32-k75-c300-fanout_f32_l16-merkle-r0,95d530a51bec45514bcf1eb0265b297344c1d86b6ecf7bcd81df8b436b6e2f61,merkle,repair_dml_wire_ms,17.616
size-scaling-k75-c300-n30000000-f32-k75-c300-fanout_f32_l16-merkle-r0,95d530a51bec45514bcf1eb0265b297344c1d86b6ecf7bcd81df8b436b6e2f61,merkle,repair_commit_wire_ms,9.346
size-scaling-k75-c300-n30000000-f32-k75-c300-fanout_f32_l16-merkle-r0,95d530a51bec45514bcf1eb0265b297344c1d86b6ecf7bcd81df8b436b6e2f61,merkle,repair_begin_wire_ms,0.113
size-scaling-k75-c300-n30000000-f32-k75-c300-fanout_f32_l16-merkle-r0,95d530a51bec45514bcf1eb0265b297344c1d86b6ecf7bcd81df8b436b6e2f61,merkle,repair_transaction_block_ms,27.722
size-scaling-k75-c300-n30000000-f32-k75-c300-fanout_f32_l16-merkle-r0,95d530a51bec45514bcf1eb0265b297344c1d86b6ecf7bcd81df8b436b6e2f61,merkle,repair_write_ms,27.726
size-scaling-k75-c300-n30000000-f32-k75-c300-fanout_f32_l16-merkle-r0,95d530a51bec45514bcf1eb0265b297344c1d86b6ecf7bcd81df8b436b6e2f61,merkle,targeted_post_repair_confirmation_ms,3.633
size-scaling-k75-c300-n30000000-f32-k75-c300-fanout_f32_l16-merkle-r0,95d530a51bec45514bcf1eb0265b297344c1d86b6ecf7bcd81df8b436b6e2f61,merkle,recovery_observability_ms,0.001
size-scaling-k75-c300-n30000000-f32-k75-c300-fanout_f32_l16-merkle-r0,95d530a51bec45514bcf1eb0265b297344c1d86b6ecf7bcd81df8b436b6e2f61,merkle,recovery_orchestration_ms,1.500
size-scaling-k75-c300-n30000000-f32-k75-c300-fanout_f32_l16-merkle-r0,95d530a51bec45514bcf1eb0265b297344c1d86b6ecf7bcd81df8b436b6e2f61,merkle,audit_exact_table_compare_ms,114821.192
size-scaling-k75-c300-n30000000-f32-k75-c300-fanout_f32_l16-merkle-r0,95d530a51bec45514bcf1eb0265b297344c1d86b6ecf7bcd81df8b436b6e2f61,merkle,audit_merkle_root_hash_ms,1.371
size-scaling-k75-c300-n30000000-f32-k75-c300-fanout_f32_l16-merkle-r0,95d530a51bec45514bcf1eb0265b297344c1d86b6ecf7bcd81df8b436b6e2f61,merkle,audit_merkle_verify_ms,91117.029
size-scaling-k75-c300-n30000000-f32-k75-c300-fanout_f32_l16-merkle-r0,95d530a51bec45514bcf1eb0265b297344c1d86b6ecf7bcd81df8b436b6e2f61,merkle,audit_schema_fidelity_ms,2.207
size-scaling-k75-c300-n30000000-f32-k75-c300-fanout_f32_l16-merkle-r0,95d530a51bec45514bcf1eb0265b297344c1d86b6ecf7bcd81df8b436b6e2f61,merkle,merkle_total_ms,208959.500
size-scaling-k75-c300-n30000000-f32-k75-c300-fanout_f32_l16-merkle-r1,95d530a51bec45514bcf1eb0265b297344c1d86b6ecf7bcd81df8b436b6e2f61,merkle,tree_localisation_ms,189.631
size-scaling-k75-c300-n30000000-f32-k75-c300-fanout_f32_l16-merkle-r1,95d530a51bec45514bcf1eb0265b297344c1d86b6ecf7bcd81df8b436b6e2f61,merkle,candidate_row_fetch_ms,18.948
size-scaling-k75-c300-n30000000-f32-k75-c300-fanout_f32_l16-merkle-r1,95d530a51bec45514bcf1eb0265b297344c1d86b6ecf7bcd81df8b436b6e2f61,merkle,row_comparison_ms,0.653
size-scaling-k75-c300-n30000000-f32-k75-c300-fanout_f32_l16-merkle-r1,95d530a51bec45514bcf1eb0265b297344c1d86b6ecf7bcd81df8b436b6e2f61,merkle,repair_sql_building_ms,0.615
size-scaling-k75-c300-n30000000-f32-k75-c300-fanout_f32_l16-merkle-r1,95d530a51bec45514bcf1eb0265b297344c1d86b6ecf7bcd81df8b436b6e2f61,merkle,repair_dml_wire_ms,17.561
size-scaling-k75-c300-n30000000-f32-k75-c300-fanout_f32_l16-merkle-r1,95d530a51bec45514bcf1eb0265b297344c1d86b6ecf7bcd81df8b436b6e2f61,merkle,repair_commit_wire_ms,9.231
size-scaling-k75-c300-n30000000-f32-k75-c300-fanout_f32_l16-merkle-r1,95d530a51bec45514bcf1eb0265b297344c1d86b6ecf7bcd81df8b436b6e2f61,merkle,repair_begin_wire_ms,0.127
size-scaling-k75-c300-n30000000-f32-k75-c300-fanout_f32_l16-merkle-r1,95d530a51bec45514bcf1eb0265b297344c1d86b6ecf7bcd81df8b436b6e2f61,merkle,repair_transaction_block_ms,27.592
size-scaling-k75-c300-n30000000-f32-k75-c300-fanout_f32_l16-merkle-r1,95d530a51bec45514bcf1eb0265b297344c1d86b6ecf7bcd81df8b436b6e2f61,merkle,repair_write_ms,27.596
size-scaling-k75-c300-n30000000-f32-k75-c300-fanout_f32_l16-merkle-r1,95d530a51bec45514bcf1eb0265b297344c1d86b6ecf7bcd81df8b436b6e2f61,merkle,targeted_post_repair_confirmation_ms,3.634
size-scaling-k75-c300-n30000000-f32-k75-c300-fanout_f32_l16-merkle-r1,95d530a51bec45514bcf1eb0265b297344c1d86b6ecf7bcd81df8b436b6e2f61,merkle,recovery_observability_ms,0.001
size-scaling-k75-c300-n30000000-f32-k75-c300-fanout_f32_l16-merkle-r1,95d530a51bec45514bcf1eb0265b297344c1d86b6ecf7bcd81df8b436b6e2f61,merkle,recovery_orchestration_ms,1.461
size-scaling-k75-c300-n30000000-f32-k75-c300-fanout_f32_l16-merkle-r1,95d530a51bec45514bcf1eb0265b297344c1d86b6ecf7bcd81df8b436b6e2f61,merkle,audit_exact_table_compare_ms,105592.095
size-scaling-k75-c300-n30000000-f32-k75-c300-fanout_f32_l16-merkle-r1,95d530a51bec45514bcf1eb0265b297344c1d86b6ecf7bcd81df8b436b6e2f61,merkle,audit_merkle_root_hash_ms,1.333
size-scaling-k75-c300-n30000000-f32-k75-c300-fanout_f32_l16-merkle-r1,95d530a51bec45514bcf1eb0265b297344c1d86b6ecf7bcd81df8b436b6e2f61,merkle,audit_merkle_verify_ms,90874.553
size-scaling-k75-c300-n30000000-f32-k75-c300-fanout_f32_l16-merkle-r1,95d530a51bec45514bcf1eb0265b297344c1d86b6ecf7bcd81df8b436b6e2f61,merkle,audit_schema_fidelity_ms,2.217
size-scaling-k75-c300-n30000000-f32-k75-c300-fanout_f32_l16-merkle-r1,95d530a51bec45514bcf1eb0265b297344c1d86b6ecf7bcd81df8b436b6e2f61,merkle,merkle_total_ms,199452.489
size-scaling-k75-c300-n30000000-f32-k75-c300-fanout_f32_l16-merkle-r2,95d530a51bec45514bcf1eb0265b297344c1d86b6ecf7bcd81df8b436b6e2f61,merkle,tree_localisation_ms,172.867
size-scaling-k75-c300-n30000000-f32-k75-c300-fanout_f32_l16-merkle-r2,95d530a51bec45514bcf1eb0265b297344c1d86b6ecf7bcd81df8b436b6e2f61,merkle,candidate_row_fetch_ms,19.122
size-scaling-k75-c300-n30000000-f32-k75-c300-fanout_f32_l16-merkle-r2,95d530a51bec45514bcf1eb0265b297344c1d86b6ecf7bcd81df8b436b6e2f61,merkle,row_comparison_ms,0.673
size-scaling-k75-c300-n30000000-f32-k75-c300-fanout_f32_l16-merkle-r2,95d530a51bec45514bcf1eb0265b297344c1d86b6ecf7bcd81df8b436b6e2f61,merkle,repair_sql_building_ms,0.572
size-scaling-k75-c300-n30000000-f32-k75-c300-fanout_f32_l16-merkle-r2,95d530a51bec45514bcf1eb0265b297344c1d86b6ecf7bcd81df8b436b6e2f61,merkle,repair_dml_wire_ms,17.223
size-scaling-k75-c300-n30000000-f32-k75-c300-fanout_f32_l16-merkle-r2,95d530a51bec45514bcf1eb0265b297344c1d86b6ecf7bcd81df8b436b6e2f61,merkle,repair_commit_wire_ms,9.276
size-scaling-k75-c300-n30000000-f32-k75-c300-fanout_f32_l16-merkle-r2,95d530a51bec45514bcf1eb0265b297344c1d86b6ecf7bcd81df8b436b6e2f61,merkle,repair_begin_wire_ms,0.110
size-scaling-k75-c300-n30000000-f32-k75-c300-fanout_f32_l16-merkle-r2,95d530a51bec45514bcf1eb0265b297344c1d86b6ecf7bcd81df8b436b6e2f61,merkle,repair_transaction_block_ms,27.238
size-scaling-k75-c300-n30000000-f32-k75-c300-fanout_f32_l16-merkle-r2,95d530a51bec45514bcf1eb0265b297344c1d86b6ecf7bcd81df8b436b6e2f61,merkle,repair_write_ms,27.243
size-scaling-k75-c300-n30000000-f32-k75-c300-fanout_f32_l16-merkle-r2,95d530a51bec45514bcf1eb0265b297344c1d86b6ecf7bcd81df8b436b6e2f61,merkle,targeted_post_repair_confirmation_ms,3.663
size-scaling-k75-c300-n30000000-f32-k75-c300-fanout_f32_l16-merkle-r2,95d530a51bec45514bcf1eb0265b297344c1d86b6ecf7bcd81df8b436b6e2f61,merkle,recovery_observability_ms,0.001
size-scaling-k75-c300-n30000000-f32-k75-c300-fanout_f32_l16-merkle-r2,95d530a51bec45514bcf1eb0265b297344c1d86b6ecf7bcd81df8b436b6e2f61,merkle,recovery_orchestration_ms,1.475
size-scaling-k75-c300-n30000000-f32-k75-c300-fanout_f32_l16-merkle-r2,95d530a51bec45514bcf1eb0265b297344c1d86b6ecf7bcd81df8b436b6e2f61,merkle,audit_exact_table_compare_ms,108950.857
size-scaling-k75-c300-n30000000-f32-k75-c300-fanout_f32_l16-merkle-r2,95d530a51bec45514bcf1eb0265b297344c1d86b6ecf7bcd81df8b436b6e2f61,merkle,audit_merkle_root_hash_ms,1.341
size-scaling-k75-c300-n30000000-f32-k75-c300-fanout_f32_l16-merkle-r2,95d530a51bec45514bcf1eb0265b297344c1d86b6ecf7bcd81df8b436b6e2f61,merkle,audit_merkle_verify_ms,90838.630
size-scaling-k75-c300-n30000000-f32-k75-c300-fanout_f32_l16-merkle-r2,95d530a51bec45514bcf1eb0265b297344c1d86b6ecf7bcd81df8b436b6e2f61,merkle,audit_schema_fidelity_ms,2.185
size-scaling-k75-c300-n30000000-f32-k75-c300-fanout_f32_l16-merkle-r2,95d530a51bec45514bcf1eb0265b297344c1d86b6ecf7bcd81df8b436b6e2f61,merkle,merkle_total_ms,202808.667
size-scaling-k75-c300-n30000000-f32-k75-c300-fanout_f32_l16-merkle-r3,95d530a51bec45514bcf1eb0265b297344c1d86b6ecf7bcd81df8b436b6e2f61,merkle,tree_localisation_ms,187.165
size-scaling-k75-c300-n30000000-f32-k75-c300-fanout_f32_l16-merkle-r3,95d530a51bec45514bcf1eb0265b297344c1d86b6ecf7bcd81df8b436b6e2f61,merkle,candidate_row_fetch_ms,19.391
size-scaling-k75-c300-n30000000-f32-k75-c300-fanout_f32_l16-merkle-r3,95d530a51bec45514bcf1eb0265b297344c1d86b6ecf7bcd81df8b436b6e2f61,merkle,row_comparison_ms,0.658
size-scaling-k75-c300-n30000000-f32-k75-c300-fanout_f32_l16-merkle-r3,95d530a51bec45514bcf1eb0265b297344c1d86b6ecf7bcd81df8b436b6e2f61,merkle,repair_sql_building_ms,0.573
size-scaling-k75-c300-n30000000-f32-k75-c300-fanout_f32_l16-merkle-r3,95d530a51bec45514bcf1eb0265b297344c1d86b6ecf7bcd81df8b436b6e2f61,merkle,repair_dml_wire_ms,17.802
size-scaling-k75-c300-n30000000-f32-k75-c300-fanout_f32_l16-merkle-r3,95d530a51bec45514bcf1eb0265b297344c1d86b6ecf7bcd81df8b436b6e2f61,merkle,repair_commit_wire_ms,9.438
size-scaling-k75-c300-n30000000-f32-k75-c300-fanout_f32_l16-merkle-r3,95d530a51bec45514bcf1eb0265b297344c1d86b6ecf7bcd81df8b436b6e2f61,merkle,repair_begin_wire_ms,0.107
size-scaling-k75-c300-n30000000-f32-k75-c300-fanout_f32_l16-merkle-r3,95d530a51bec45514bcf1eb0265b297344c1d86b6ecf7bcd81df8b436b6e2f61,merkle,repair_transaction_block_ms,27.975
size-scaling-k75-c300-n30000000-f32-k75-c300-fanout_f32_l16-merkle-r3,95d530a51bec45514bcf1eb0265b297344c1d86b6ecf7bcd81df8b436b6e2f61,merkle,repair_write_ms,27.980
size-scaling-k75-c300-n30000000-f32-k75-c300-fanout_f32_l16-merkle-r3,95d530a51bec45514bcf1eb0265b297344c1d86b6ecf7bcd81df8b436b6e2f61,merkle,targeted_post_repair_confirmation_ms,3.666
size-scaling-k75-c300-n30000000-f32-k75-c300-fanout_f32_l16-merkle-r3,95d530a51bec45514bcf1eb0265b297344c1d86b6ecf7bcd81df8b436b6e2f61,merkle,recovery_observability_ms,0.001
size-scaling-k75-c300-n30000000-f32-k75-c300-fanout_f32_l16-merkle-r3,95d530a51bec45514bcf1eb0265b297344c1d86b6ecf7bcd81df8b436b6e2f61,merkle,recovery_orchestration_ms,1.504
size-scaling-k75-c300-n30000000-f32-k75-c300-fanout_f32_l16-merkle-r3,95d530a51bec45514bcf1eb0265b297344c1d86b6ecf7bcd81df8b436b6e2f61,merkle,audit_exact_table_compare_ms,105803.743
size-scaling-k75-c300-n30000000-f32-k75-c300-fanout_f32_l16-merkle-r3,95d530a51bec45514bcf1eb0265b297344c1d86b6ecf7bcd81df8b436b6e2f61,merkle,audit_merkle_root_hash_ms,1.395
size-scaling-k75-c300-n30000000-f32-k75-c300-fanout_f32_l16-merkle-r3,95d530a51bec45514bcf1eb0265b297344c1d86b6ecf7bcd81df8b436b6e2f61,merkle,audit_merkle_verify_ms,91266.290
size-scaling-k75-c300-n30000000-f32-k75-c300-fanout_f32_l16-merkle-r3,95d530a51bec45514bcf1eb0265b297344c1d86b6ecf7bcd81df8b436b6e2f61,merkle,audit_schema_fidelity_ms,2.180
size-scaling-k75-c300-n30000000-f32-k75-c300-fanout_f32_l16-merkle-r3,95d530a51bec45514bcf1eb0265b297344c1d86b6ecf7bcd81df8b436b6e2f61,merkle,merkle_total_ms,200054.101
size-scaling-k75-c300-n30000000-f32-k75-c300-fanout_f32_l16-merkle-r4,95d530a51bec45514bcf1eb0265b297344c1d86b6ecf7bcd81df8b436b6e2f61,merkle,tree_localisation_ms,188.277
size-scaling-k75-c300-n30000000-f32-k75-c300-fanout_f32_l16-merkle-r4,95d530a51bec45514bcf1eb0265b297344c1d86b6ecf7bcd81df8b436b6e2f61,merkle,candidate_row_fetch_ms,19.690
size-scaling-k75-c300-n30000000-f32-k75-c300-fanout_f32_l16-merkle-r4,95d530a51bec45514bcf1eb0265b297344c1d86b6ecf7bcd81df8b436b6e2f61,merkle,row_comparison_ms,0.647
size-scaling-k75-c300-n30000000-f32-k75-c300-fanout_f32_l16-merkle-r4,95d530a51bec45514bcf1eb0265b297344c1d86b6ecf7bcd81df8b436b6e2f61,merkle,repair_sql_building_ms,0.573
size-scaling-k75-c300-n30000000-f32-k75-c300-fanout_f32_l16-merkle-r4,95d530a51bec45514bcf1eb0265b297344c1d86b6ecf7bcd81df8b436b6e2f61,merkle,repair_dml_wire_ms,17.521
size-scaling-k75-c300-n30000000-f32-k75-c300-fanout_f32_l16-merkle-r4,95d530a51bec45514bcf1eb0265b297344c1d86b6ecf7bcd81df8b436b6e2f61,merkle,repair_commit_wire_ms,9.266
size-scaling-k75-c300-n30000000-f32-k75-c300-fanout_f32_l16-merkle-r4,95d530a51bec45514bcf1eb0265b297344c1d86b6ecf7bcd81df8b436b6e2f61,merkle,repair_begin_wire_ms,0.110
size-scaling-k75-c300-n30000000-f32-k75-c300-fanout_f32_l16-merkle-r4,95d530a51bec45514bcf1eb0265b297344c1d86b6ecf7bcd81df8b436b6e2f61,merkle,repair_transaction_block_ms,27.526
size-scaling-k75-c300-n30000000-f32-k75-c300-fanout_f32_l16-merkle-r4,95d530a51bec45514bcf1eb0265b297344c1d86b6ecf7bcd81df8b436b6e2f61,merkle,repair_write_ms,27.531
size-scaling-k75-c300-n30000000-f32-k75-c300-fanout_f32_l16-merkle-r4,95d530a51bec45514bcf1eb0265b297344c1d86b6ecf7bcd81df8b436b6e2f61,merkle,targeted_post_repair_confirmation_ms,3.618
size-scaling-k75-c300-n30000000-f32-k75-c300-fanout_f32_l16-merkle-r4,95d530a51bec45514bcf1eb0265b297344c1d86b6ecf7bcd81df8b436b6e2f61,merkle,recovery_observability_ms,0.001
size-scaling-k75-c300-n30000000-f32-k75-c300-fanout_f32_l16-merkle-r4,95d530a51bec45514bcf1eb0265b297344c1d86b6ecf7bcd81df8b436b6e2f61,merkle,recovery_orchestration_ms,1.482
size-scaling-k75-c300-n30000000-f32-k75-c300-fanout_f32_l16-merkle-r4,95d530a51bec45514bcf1eb0265b297344c1d86b6ecf7bcd81df8b436b6e2f61,merkle,audit_exact_table_compare_ms,105841.211
size-scaling-k75-c300-n30000000-f32-k75-c300-fanout_f32_l16-merkle-r4,95d530a51bec45514bcf1eb0265b297344c1d86b6ecf7bcd81df8b436b6e2f61,merkle,audit_merkle_root_hash_ms,1.340
size-scaling-k75-c300-n30000000-f32-k75-c300-fanout_f32_l16-merkle-r4,95d530a51bec45514bcf1eb0265b297344c1d86b6ecf7bcd81df8b436b6e2f61,merkle,audit_merkle_verify_ms,90987.019
size-scaling-k75-c300-n30000000-f32-k75-c300-fanout_f32_l16-merkle-r4,95d530a51bec45514bcf1eb0265b297344c1d86b6ecf7bcd81df8b436b6e2f61,merkle,audit_schema_fidelity_ms,2.218
size-scaling-k75-c300-n30000000-f32-k75-c300-fanout_f32_l16-merkle-r4,95d530a51bec45514bcf1eb0265b297344c1d86b6ecf7bcd81df8b436b6e2f61,merkle,merkle_total_ms,199813.065
size-scaling-k75-c300-n30000000-f32-k75-c300-fanout_f32_l16-merkle-r5,95d530a51bec45514bcf1eb0265b297344c1d86b6ecf7bcd81df8b436b6e2f61,merkle,tree_localisation_ms,188.940
size-scaling-k75-c300-n30000000-f32-k75-c300-fanout_f32_l16-merkle-r5,95d530a51bec45514bcf1eb0265b297344c1d86b6ecf7bcd81df8b436b6e2f61,merkle,candidate_row_fetch_ms,19.972
size-scaling-k75-c300-n30000000-f32-k75-c300-fanout_f32_l16-merkle-r5,95d530a51bec45514bcf1eb0265b297344c1d86b6ecf7bcd81df8b436b6e2f61,merkle,row_comparison_ms,0.666
size-scaling-k75-c300-n30000000-f32-k75-c300-fanout_f32_l16-merkle-r5,95d530a51bec45514bcf1eb0265b297344c1d86b6ecf7bcd81df8b436b6e2f61,merkle,repair_sql_building_ms,0.550
size-scaling-k75-c300-n30000000-f32-k75-c300-fanout_f32_l16-merkle-r5,95d530a51bec45514bcf1eb0265b297344c1d86b6ecf7bcd81df8b436b6e2f61,merkle,repair_dml_wire_ms,17.137
size-scaling-k75-c300-n30000000-f32-k75-c300-fanout_f32_l16-merkle-r5,95d530a51bec45514bcf1eb0265b297344c1d86b6ecf7bcd81df8b436b6e2f61,merkle,repair_commit_wire_ms,9.200
size-scaling-k75-c300-n30000000-f32-k75-c300-fanout_f32_l16-merkle-r5,95d530a51bec45514bcf1eb0265b297344c1d86b6ecf7bcd81df8b436b6e2f61,merkle,repair_begin_wire_ms,0.109
size-scaling-k75-c300-n30000000-f32-k75-c300-fanout_f32_l16-merkle-r5,95d530a51bec45514bcf1eb0265b297344c1d86b6ecf7bcd81df8b436b6e2f61,merkle,repair_transaction_block_ms,27.053
size-scaling-k75-c300-n30000000-f32-k75-c300-fanout_f32_l16-merkle-r5,95d530a51bec45514bcf1eb0265b297344c1d86b6ecf7bcd81df8b436b6e2f61,merkle,repair_write_ms,27.058
size-scaling-k75-c300-n30000000-f32-k75-c300-fanout_f32_l16-merkle-r5,95d530a51bec45514bcf1eb0265b297344c1d86b6ecf7bcd81df8b436b6e2f61,merkle,targeted_post_repair_confirmation_ms,3.614
size-scaling-k75-c300-n30000000-f32-k75-c300-fanout_f32_l16-merkle-r5,95d530a51bec45514bcf1eb0265b297344c1d86b6ecf7bcd81df8b436b6e2f61,merkle,recovery_observability_ms,0.001
size-scaling-k75-c300-n30000000-f32-k75-c300-fanout_f32_l16-merkle-r5,95d530a51bec45514bcf1eb0265b297344c1d86b6ecf7bcd81df8b436b6e2f61,merkle,recovery_orchestration_ms,1.518
size-scaling-k75-c300-n30000000-f32-k75-c300-fanout_f32_l16-merkle-r5,95d530a51bec45514bcf1eb0265b297344c1d86b6ecf7bcd81df8b436b6e2f61,merkle,audit_exact_table_compare_ms,105703.014
size-scaling-k75-c300-n30000000-f32-k75-c300-fanout_f32_l16-merkle-r5,95d530a51bec45514bcf1eb0265b297344c1d86b6ecf7bcd81df8b436b6e2f61,merkle,audit_merkle_root_hash_ms,1.347
size-scaling-k75-c300-n30000000-f32-k75-c300-fanout_f32_l16-merkle-r5,95d530a51bec45514bcf1eb0265b297344c1d86b6ecf7bcd81df8b436b6e2f61,merkle,audit_merkle_verify_ms,90833.481
size-scaling-k75-c300-n30000000-f32-k75-c300-fanout_f32_l16-merkle-r5,95d530a51bec45514bcf1eb0265b297344c1d86b6ecf7bcd81df8b436b6e2f61,merkle,audit_schema_fidelity_ms,2.199
size-scaling-k75-c300-n30000000-f32-k75-c300-fanout_f32_l16-merkle-r5,95d530a51bec45514bcf1eb0265b297344c1d86b6ecf7bcd81df8b436b6e2f61,merkle,merkle_total_ms,199522.606
size-scaling-k75-c300-n30000000-f32-k75-c300-fanout_f32_l16-merkle-r6,95d530a51bec45514bcf1eb0265b297344c1d86b6ecf7bcd81df8b436b6e2f61,merkle,tree_localisation_ms,195.433
size-scaling-k75-c300-n30000000-f32-k75-c300-fanout_f32_l16-merkle-r6,95d530a51bec45514bcf1eb0265b297344c1d86b6ecf7bcd81df8b436b6e2f61,merkle,candidate_row_fetch_ms,19.860
size-scaling-k75-c300-n30000000-f32-k75-c300-fanout_f32_l16-merkle-r6,95d530a51bec45514bcf1eb0265b297344c1d86b6ecf7bcd81df8b436b6e2f61,merkle,row_comparison_ms,0.694
size-scaling-k75-c300-n30000000-f32-k75-c300-fanout_f32_l16-merkle-r6,95d530a51bec45514bcf1eb0265b297344c1d86b6ecf7bcd81df8b436b6e2f61,merkle,repair_sql_building_ms,0.561
size-scaling-k75-c300-n30000000-f32-k75-c300-fanout_f32_l16-merkle-r6,95d530a51bec45514bcf1eb0265b297344c1d86b6ecf7bcd81df8b436b6e2f61,merkle,repair_dml_wire_ms,29.705
size-scaling-k75-c300-n30000000-f32-k75-c300-fanout_f32_l16-merkle-r6,95d530a51bec45514bcf1eb0265b297344c1d86b6ecf7bcd81df8b436b6e2f61,merkle,repair_commit_wire_ms,9.279
size-scaling-k75-c300-n30000000-f32-k75-c300-fanout_f32_l16-merkle-r6,95d530a51bec45514bcf1eb0265b297344c1d86b6ecf7bcd81df8b436b6e2f61,merkle,repair_begin_wire_ms,0.109
size-scaling-k75-c300-n30000000-f32-k75-c300-fanout_f32_l16-merkle-r6,95d530a51bec45514bcf1eb0265b297344c1d86b6ecf7bcd81df8b436b6e2f61,merkle,repair_transaction_block_ms,39.753
size-scaling-k75-c300-n30000000-f32-k75-c300-fanout_f32_l16-merkle-r6,95d530a51bec45514bcf1eb0265b297344c1d86b6ecf7bcd81df8b436b6e2f61,merkle,repair_write_ms,39.758
size-scaling-k75-c300-n30000000-f32-k75-c300-fanout_f32_l16-merkle-r6,95d530a51bec45514bcf1eb0265b297344c1d86b6ecf7bcd81df8b436b6e2f61,merkle,targeted_post_repair_confirmation_ms,3.631
size-scaling-k75-c300-n30000000-f32-k75-c300-fanout_f32_l16-merkle-r6,95d530a51bec45514bcf1eb0265b297344c1d86b6ecf7bcd81df8b436b6e2f61,merkle,recovery_observability_ms,0.001
size-scaling-k75-c300-n30000000-f32-k75-c300-fanout_f32_l16-merkle-r6,95d530a51bec45514bcf1eb0265b297344c1d86b6ecf7bcd81df8b436b6e2f61,merkle,recovery_orchestration_ms,1.480
size-scaling-k75-c300-n30000000-f32-k75-c300-fanout_f32_l16-merkle-r6,95d530a51bec45514bcf1eb0265b297344c1d86b6ecf7bcd81df8b436b6e2f61,merkle,audit_exact_table_compare_ms,105952.069
size-scaling-k75-c300-n30000000-f32-k75-c300-fanout_f32_l16-merkle-r6,95d530a51bec45514bcf1eb0265b297344c1d86b6ecf7bcd81df8b436b6e2f61,merkle,audit_merkle_root_hash_ms,1.343
size-scaling-k75-c300-n30000000-f32-k75-c300-fanout_f32_l16-merkle-r6,95d530a51bec45514bcf1eb0265b297344c1d86b6ecf7bcd81df8b436b6e2f61,merkle,audit_merkle_verify_ms,90917.848
size-scaling-k75-c300-n30000000-f32-k75-c300-fanout_f32_l16-merkle-r6,95d530a51bec45514bcf1eb0265b297344c1d86b6ecf7bcd81df8b436b6e2f61,merkle,audit_schema_fidelity_ms,2.181
size-scaling-k75-c300-n30000000-f32-k75-c300-fanout_f32_l16-merkle-r6,95d530a51bec45514bcf1eb0265b297344c1d86b6ecf7bcd81df8b436b6e2f61,merkle,merkle_total_ms,199875.474
size-scaling-k75-c300-n30000000-f32-k75-c300-fanout_f32_l16-merkle-r7,95d530a51bec45514bcf1eb0265b297344c1d86b6ecf7bcd81df8b436b6e2f61,merkle,tree_localisation_ms,195.497
size-scaling-k75-c300-n30000000-f32-k75-c300-fanout_f32_l16-merkle-r7,95d530a51bec45514bcf1eb0265b297344c1d86b6ecf7bcd81df8b436b6e2f61,merkle,candidate_row_fetch_ms,20.053
size-scaling-k75-c300-n30000000-f32-k75-c300-fanout_f32_l16-merkle-r7,95d530a51bec45514bcf1eb0265b297344c1d86b6ecf7bcd81df8b436b6e2f61,merkle,row_comparison_ms,0.706
size-scaling-k75-c300-n30000000-f32-k75-c300-fanout_f32_l16-merkle-r7,95d530a51bec45514bcf1eb0265b297344c1d86b6ecf7bcd81df8b436b6e2f61,merkle,repair_sql_building_ms,0.604
size-scaling-k75-c300-n30000000-f32-k75-c300-fanout_f32_l16-merkle-r7,95d530a51bec45514bcf1eb0265b297344c1d86b6ecf7bcd81df8b436b6e2f61,merkle,repair_dml_wire_ms,17.110
size-scaling-k75-c300-n30000000-f32-k75-c300-fanout_f32_l16-merkle-r7,95d530a51bec45514bcf1eb0265b297344c1d86b6ecf7bcd81df8b436b6e2f61,merkle,repair_commit_wire_ms,9.208
size-scaling-k75-c300-n30000000-f32-k75-c300-fanout_f32_l16-merkle-r7,95d530a51bec45514bcf1eb0265b297344c1d86b6ecf7bcd81df8b436b6e2f61,merkle,repair_begin_wire_ms,0.112
size-scaling-k75-c300-n30000000-f32-k75-c300-fanout_f32_l16-merkle-r7,95d530a51bec45514bcf1eb0265b297344c1d86b6ecf7bcd81df8b436b6e2f61,merkle,repair_transaction_block_ms,27.090
size-scaling-k75-c300-n30000000-f32-k75-c300-fanout_f32_l16-merkle-r7,95d530a51bec45514bcf1eb0265b297344c1d86b6ecf7bcd81df8b436b6e2f61,merkle,repair_write_ms,27.095
size-scaling-k75-c300-n30000000-f32-k75-c300-fanout_f32_l16-merkle-r7,95d530a51bec45514bcf1eb0265b297344c1d86b6ecf7bcd81df8b436b6e2f61,merkle,targeted_post_repair_confirmation_ms,3.590
size-scaling-k75-c300-n30000000-f32-k75-c300-fanout_f32_l16-merkle-r7,95d530a51bec45514bcf1eb0265b297344c1d86b6ecf7bcd81df8b436b6e2f61,merkle,recovery_observability_ms,0.001
size-scaling-k75-c300-n30000000-f32-k75-c300-fanout_f32_l16-merkle-r7,95d530a51bec45514bcf1eb0265b297344c1d86b6ecf7bcd81df8b436b6e2f61,merkle,recovery_orchestration_ms,1.478
size-scaling-k75-c300-n30000000-f32-k75-c300-fanout_f32_l16-merkle-r7,95d530a51bec45514bcf1eb0265b297344c1d86b6ecf7bcd81df8b436b6e2f61,merkle,audit_exact_table_compare_ms,107907.500
size-scaling-k75-c300-n30000000-f32-k75-c300-fanout_f32_l16-merkle-r7,95d530a51bec45514bcf1eb0265b297344c1d86b6ecf7bcd81df8b436b6e2f61,merkle,audit_merkle_root_hash_ms,1.353
size-scaling-k75-c300-n30000000-f32-k75-c300-fanout_f32_l16-merkle-r7,95d530a51bec45514bcf1eb0265b297344c1d86b6ecf7bcd81df8b436b6e2f61,merkle,audit_merkle_verify_ms,90519.949
size-scaling-k75-c300-n30000000-f32-k75-c300-fanout_f32_l16-merkle-r7,95d530a51bec45514bcf1eb0265b297344c1d86b6ecf7bcd81df8b436b6e2f61,merkle,audit_schema_fidelity_ms,2.186
size-scaling-k75-c300-n30000000-f32-k75-c300-fanout_f32_l16-merkle-r7,95d530a51bec45514bcf1eb0265b297344c1d86b6ecf7bcd81df8b436b6e2f61,merkle,merkle_total_ms,201420.037
size-scaling-k75-c300-n30000000-f32-k75-c300-fanout_f32_l16-merkle-r8,95d530a51bec45514bcf1eb0265b297344c1d86b6ecf7bcd81df8b436b6e2f61,merkle,tree_localisation_ms,185.472
size-scaling-k75-c300-n30000000-f32-k75-c300-fanout_f32_l16-merkle-r8,95d530a51bec45514bcf1eb0265b297344c1d86b6ecf7bcd81df8b436b6e2f61,merkle,candidate_row_fetch_ms,20.439
size-scaling-k75-c300-n30000000-f32-k75-c300-fanout_f32_l16-merkle-r8,95d530a51bec45514bcf1eb0265b297344c1d86b6ecf7bcd81df8b436b6e2f61,merkle,row_comparison_ms,0.664
size-scaling-k75-c300-n30000000-f32-k75-c300-fanout_f32_l16-merkle-r8,95d530a51bec45514bcf1eb0265b297344c1d86b6ecf7bcd81df8b436b6e2f61,merkle,repair_sql_building_ms,0.556
size-scaling-k75-c300-n30000000-f32-k75-c300-fanout_f32_l16-merkle-r8,95d530a51bec45514bcf1eb0265b297344c1d86b6ecf7bcd81df8b436b6e2f61,merkle,repair_dml_wire_ms,17.209
size-scaling-k75-c300-n30000000-f32-k75-c300-fanout_f32_l16-merkle-r8,95d530a51bec45514bcf1eb0265b297344c1d86b6ecf7bcd81df8b436b6e2f61,merkle,repair_commit_wire_ms,9.275
size-scaling-k75-c300-n30000000-f32-k75-c300-fanout_f32_l16-merkle-r8,95d530a51bec45514bcf1eb0265b297344c1d86b6ecf7bcd81df8b436b6e2f61,merkle,repair_begin_wire_ms,0.111
size-scaling-k75-c300-n30000000-f32-k75-c300-fanout_f32_l16-merkle-r8,95d530a51bec45514bcf1eb0265b297344c1d86b6ecf7bcd81df8b436b6e2f61,merkle,repair_transaction_block_ms,27.208
size-scaling-k75-c300-n30000000-f32-k75-c300-fanout_f32_l16-merkle-r8,95d530a51bec45514bcf1eb0265b297344c1d86b6ecf7bcd81df8b436b6e2f61,merkle,repair_write_ms,27.213
size-scaling-k75-c300-n30000000-f32-k75-c300-fanout_f32_l16-merkle-r8,95d530a51bec45514bcf1eb0265b297344c1d86b6ecf7bcd81df8b436b6e2f61,merkle,targeted_post_repair_confirmation_ms,3.605
size-scaling-k75-c300-n30000000-f32-k75-c300-fanout_f32_l16-merkle-r8,95d530a51bec45514bcf1eb0265b297344c1d86b6ecf7bcd81df8b436b6e2f61,merkle,recovery_observability_ms,0.001
size-scaling-k75-c300-n30000000-f32-k75-c300-fanout_f32_l16-merkle-r8,95d530a51bec45514bcf1eb0265b297344c1d86b6ecf7bcd81df8b436b6e2f61,merkle,recovery_orchestration_ms,1.499
size-scaling-k75-c300-n30000000-f32-k75-c300-fanout_f32_l16-merkle-r8,95d530a51bec45514bcf1eb0265b297344c1d86b6ecf7bcd81df8b436b6e2f61,merkle,audit_exact_table_compare_ms,111716.659
size-scaling-k75-c300-n30000000-f32-k75-c300-fanout_f32_l16-merkle-r8,95d530a51bec45514bcf1eb0265b297344c1d86b6ecf7bcd81df8b436b6e2f61,merkle,audit_merkle_root_hash_ms,1.923
size-scaling-k75-c300-n30000000-f32-k75-c300-fanout_f32_l16-merkle-r8,95d530a51bec45514bcf1eb0265b297344c1d86b6ecf7bcd81df8b436b6e2f61,merkle,audit_merkle_verify_ms,90729.810
size-scaling-k75-c300-n30000000-f32-k75-c300-fanout_f32_l16-merkle-r8,95d530a51bec45514bcf1eb0265b297344c1d86b6ecf7bcd81df8b436b6e2f61,merkle,audit_schema_fidelity_ms,2.174
size-scaling-k75-c300-n30000000-f32-k75-c300-fanout_f32_l16-merkle-r8,95d530a51bec45514bcf1eb0265b297344c1d86b6ecf7bcd81df8b436b6e2f61,merkle,merkle_total_ms,205430.058
size-scaling-k75-c300-n30000000-f32-k75-c300-fanout_f32_l16-merkle-r9,95d530a51bec45514bcf1eb0265b297344c1d86b6ecf7bcd81df8b436b6e2f61,merkle,tree_localisation_ms,188.499
size-scaling-k75-c300-n30000000-f32-k75-c300-fanout_f32_l16-merkle-r9,95d530a51bec45514bcf1eb0265b297344c1d86b6ecf7bcd81df8b436b6e2f61,merkle,candidate_row_fetch_ms,20.430
size-scaling-k75-c300-n30000000-f32-k75-c300-fanout_f32_l16-merkle-r9,95d530a51bec45514bcf1eb0265b297344c1d86b6ecf7bcd81df8b436b6e2f61,merkle,row_comparison_ms,0.687
size-scaling-k75-c300-n30000000-f32-k75-c300-fanout_f32_l16-merkle-r9,95d530a51bec45514bcf1eb0265b297344c1d86b6ecf7bcd81df8b436b6e2f61,merkle,repair_sql_building_ms,0.557
size-scaling-k75-c300-n30000000-f32-k75-c300-fanout_f32_l16-merkle-r9,95d530a51bec45514bcf1eb0265b297344c1d86b6ecf7bcd81df8b436b6e2f61,merkle,repair_dml_wire_ms,17.266
size-scaling-k75-c300-n30000000-f32-k75-c300-fanout_f32_l16-merkle-r9,95d530a51bec45514bcf1eb0265b297344c1d86b6ecf7bcd81df8b436b6e2f61,merkle,repair_commit_wire_ms,9.257
size-scaling-k75-c300-n30000000-f32-k75-c300-fanout_f32_l16-merkle-r9,95d530a51bec45514bcf1eb0265b297344c1d86b6ecf7bcd81df8b436b6e2f61,merkle,repair_begin_wire_ms,0.108
size-scaling-k75-c300-n30000000-f32-k75-c300-fanout_f32_l16-merkle-r9,95d530a51bec45514bcf1eb0265b297344c1d86b6ecf7bcd81df8b436b6e2f61,merkle,repair_transaction_block_ms,27.246
size-scaling-k75-c300-n30000000-f32-k75-c300-fanout_f32_l16-merkle-r9,95d530a51bec45514bcf1eb0265b297344c1d86b6ecf7bcd81df8b436b6e2f61,merkle,repair_write_ms,27.250
size-scaling-k75-c300-n30000000-f32-k75-c300-fanout_f32_l16-merkle-r9,95d530a51bec45514bcf1eb0265b297344c1d86b6ecf7bcd81df8b436b6e2f61,merkle,targeted_post_repair_confirmation_ms,3.642
size-scaling-k75-c300-n30000000-f32-k75-c300-fanout_f32_l16-merkle-r9,95d530a51bec45514bcf1eb0265b297344c1d86b6ecf7bcd81df8b436b6e2f61,merkle,recovery_observability_ms,0.001
size-scaling-k75-c300-n30000000-f32-k75-c300-fanout_f32_l16-merkle-r9,95d530a51bec45514bcf1eb0265b297344c1d86b6ecf7bcd81df8b436b6e2f61,merkle,recovery_orchestration_ms,1.484
size-scaling-k75-c300-n30000000-f32-k75-c300-fanout_f32_l16-merkle-r9,95d530a51bec45514bcf1eb0265b297344c1d86b6ecf7bcd81df8b436b6e2f61,merkle,audit_exact_table_compare_ms,105877.873
size-scaling-k75-c300-n30000000-f32-k75-c300-fanout_f32_l16-merkle-r9,95d530a51bec45514bcf1eb0265b297344c1d86b6ecf7bcd81df8b436b6e2f61,merkle,audit_merkle_root_hash_ms,1.369
size-scaling-k75-c300-n30000000-f32-k75-c300-fanout_f32_l16-merkle-r9,95d530a51bec45514bcf1eb0265b297344c1d86b6ecf7bcd81df8b436b6e2f61,merkle,audit_merkle_verify_ms,90803.906
size-scaling-k75-c300-n30000000-f32-k75-c300-fanout_f32_l16-merkle-r9,95d530a51bec45514bcf1eb0265b297344c1d86b6ecf7bcd81df8b436b6e2f61,merkle,audit_schema_fidelity_ms,2.179
size-scaling-k75-c300-n30000000-f32-k75-c300-fanout_f32_l16-merkle-r9,95d530a51bec45514bcf1eb0265b297344c1d86b6ecf7bcd81df8b436b6e2f61,merkle,merkle_total_ms,199667.636
