audit_merkle_root_hash_calls,audit_merkle_verify_calls,audit_mode,audit_user_table_seq_scan_delta,audit_validation_ms,audit_validation_positive,audit_validation_skipped,bad_leaf_count,bad_partition_count,batch_plan_actual_k_index_used,candidate_fetch_batches,candidate_fetch_sql_calls,candidate_leaf_buckets_requested,candidate_rows_fetched,candidate_rows_fetched_alias,child_hash_nodes_read,child_hash_sql_calls,cleanup_ms,confirmation_fetch_batches,confirmation_fetch_sql_calls,confirmation_leaf_buckets_requested,confirmation_rows_fetched,corrupted_tuple_count,corruption_mode,damaged_candidate_rows,end_to_end_covers_paper_and_audit,end_to_end_observed_ms,experiment,fanout,full_audit_skipped,healthy_candidate_rows,leaf_fetch_chunk_size,leaf_lookup_sql_calls,leaf_nodes_found,localisation_index_stats_available,localisation_index_stats_nonzero,localisation_merkle_node_16500_pkey_idx_blks_hit_delta,localisation_merkle_node_16500_pkey_idx_blks_read_delta,localisation_merkle_node_16500_pkey_idx_scan_delta,localisation_merkle_node_16500_pkey_idx_tup_fetch_delta,localisation_merkle_node_16500_pkey_idx_tup_read_delta,localisation_merkle_node_16500_prefix_idx_idx_blks_hit_delta,localisation_merkle_node_16500_prefix_idx_idx_blks_read_delta,localisation_merkle_node_16500_prefix_idx_idx_scan_delta,localisation_merkle_node_16500_prefix_idx_idx_tup_fetch_delta,localisation_merkle_node_16500_prefix_idx_idx_tup_read_delta,localisation_merkle_node_16500_root_idx_idx_blks_hit_delta,localisation_merkle_node_16500_root_idx_idx_blks_read_delta,localisation_merkle_node_16500_root_idx_idx_scan_delta,localisation_merkle_node_16500_root_idx_idx_tup_fetch_delta,localisation_merkle_node_16500_root_idx_idx_tup_read_delta,localisation_merkle_node_16516_pkey_idx_blks_hit_delta,localisation_merkle_node_16516_pkey_idx_blks_read_delta,localisation_merkle_node_16516_pkey_idx_scan_delta,localisation_merkle_node_16516_pkey_idx_tup_fetch_delta,localisation_merkle_node_16516_pkey_idx_tup_read_delta,localisation_merkle_node_16516_prefix_idx_idx_blks_hit_delta,localisation_merkle_node_16516_prefix_idx_idx_blks_read_delta,localisation_merkle_node_16516_prefix_idx_idx_scan_delta,localisation_merkle_node_16516_prefix_idx_idx_tup_fetch_delta,localisation_merkle_node_16516_prefix_idx_idx_tup_read_delta,localisation_merkle_node_16516_root_idx_idx_blks_hit_delta,localisation_merkle_node_16516_root_idx_idx_blks_read_delta,localisation_merkle_node_16516_root_idx_idx_scan_delta,localisation_merkle_node_16516_root_idx_idx_tup_fetch_delta,localisation_merkle_node_16516_root_idx_idx_tup_read_delta,localisation_merkle_node_16575_pkey_idx_blks_hit_delta,localisation_merkle_node_16575_pkey_idx_blks_read_delta,localisation_merkle_node_16575_pkey_idx_scan_delta,localisation_merkle_node_16575_pkey_idx_tup_fetch_delta,localisation_merkle_node_16575_pkey_idx_tup_read_delta,localisation_merkle_node_16575_prefix_idx_idx_blks_hit_delta,localisation_merkle_node_16575_prefix_idx_idx_blks_read_delta,localisation_merkle_node_16575_prefix_idx_idx_scan_delta,localisation_merkle_node_16575_prefix_idx_idx_tup_fetch_delta,localisation_merkle_node_16575_prefix_idx_idx_tup_read_delta,localisation_merkle_node_16575_root_idx_idx_blks_hit_delta,localisation_merkle_node_16575_root_idx_idx_blks_read_delta,localisation_merkle_node_16575_root_idx_idx_scan_delta,localisation_merkle_node_16575_root_idx_idx_tup_fetch_delta,localisation_merkle_node_16575_root_idx_idx_tup_read_delta,localisation_merkle_node_16591_pkey_idx_blks_hit_delta,localisation_merkle_node_16591_pkey_idx_blks_read_delta,localisation_merkle_node_16591_pkey_idx_scan_delta,localisation_merkle_node_16591_pkey_idx_tup_fetch_delta,localisation_merkle_node_16591_pkey_idx_tup_read_delta,localisation_merkle_node_16591_prefix_idx_idx_blks_hit_delta,localisation_merkle_node_16591_prefix_idx_idx_blks_read_delta,localisation_merkle_node_16591_prefix_idx_idx_scan_delta,localisation_merkle_node_16591_prefix_idx_idx_tup_fetch_delta,localisation_merkle_node_16591_prefix_idx_idx_tup_read_delta,localisation_merkle_node_16591_root_idx_idx_blks_hit_delta,localisation_merkle_node_16591_root_idx_idx_blks_read_delta,localisation_merkle_node_16591_root_idx_idx_scan_delta,localisation_merkle_node_16591_root_idx_idx_tup_fetch_delta,localisation_merkle_node_16591_root_idx_idx_tup_read_delta,localisation_merkle_node_16657_pkey_idx_blks_hit_delta,localisation_merkle_node_16657_pkey_idx_blks_read_delta,localisation_merkle_node_16657_pkey_idx_scan_delta,localisation_merkle_node_16657_pkey_idx_tup_fetch_delta,localisation_merkle_node_16657_pkey_idx_tup_read_delta,localisation_merkle_node_16657_prefix_idx_idx_blks_hit_delta,localisation_merkle_node_16657_prefix_idx_idx_blks_read_delta,localisation_merkle_node_16657_prefix_idx_idx_scan_delta,localisation_merkle_node_16657_prefix_idx_idx_tup_fetch_delta,localisation_merkle_node_16657_prefix_idx_idx_tup_read_delta,localisation_merkle_node_16657_root_idx_idx_blks_hit_delta,localisation_merkle_node_16657_root_idx_idx_blks_read_delta,localisation_merkle_node_16657_root_idx_idx_scan_delta,localisation_merkle_node_16657_root_idx_idx_tup_fetch_delta,localisation_merkle_node_16657_root_idx_idx_tup_read_delta,localisation_merkle_node_16673_pkey_idx_blks_hit_delta,localisation_merkle_node_16673_pkey_idx_blks_read_delta,localisation_merkle_node_16673_pkey_idx_scan_delta,localisation_merkle_node_16673_pkey_idx_tup_fetch_delta,localisation_merkle_node_16673_pkey_idx_tup_read_delta,localisation_merkle_node_16673_prefix_idx_idx_blks_hit_delta,localisation_merkle_node_16673_prefix_idx_idx_blks_read_delta,localisation_merkle_node_16673_prefix_idx_idx_scan_delta,localisation_merkle_node_16673_prefix_idx_idx_tup_fetch_delta,localisation_merkle_node_16673_prefix_idx_idx_tup_read_delta,localisation_merkle_node_16673_root_idx_idx_blks_hit_delta,localisation_merkle_node_16673_root_idx_idx_blks_read_delta,localisation_merkle_node_16673_root_idx_idx_scan_delta,localisation_merkle_node_16673_root_idx_idx_tup_fetch_delta,localisation_merkle_node_16673_root_idx_idx_tup_read_delta,localisation_merkle_node_16751_pkey_idx_blks_hit_delta,localisation_merkle_node_16751_pkey_idx_blks_read_delta,localisation_merkle_node_16751_pkey_idx_scan_delta,localisation_merkle_node_16751_pkey_idx_tup_fetch_delta,localisation_merkle_node_16751_pkey_idx_tup_read_delta,localisation_merkle_node_16751_prefix_idx_idx_blks_hit_delta,localisation_merkle_node_16751_prefix_idx_idx_blks_read_delta,localisation_merkle_node_16751_prefix_idx_idx_scan_delta,localisation_merkle_node_16751_prefix_idx_idx_tup_fetch_delta,localisation_merkle_node_16751_prefix_idx_idx_tup_read_delta,localisation_merkle_node_16751_root_idx_idx_blks_hit_delta,localisation_merkle_node_16751_root_idx_idx_blks_read_delta,localisation_merkle_node_16751_root_idx_idx_scan_delta,localisation_merkle_node_16751_root_idx_idx_tup_fetch_delta,localisation_merkle_node_16751_root_idx_idx_tup_read_delta,localisation_merkle_node_16767_pkey_idx_blks_hit_delta,localisation_merkle_node_16767_pkey_idx_blks_read_delta,localisation_merkle_node_16767_pkey_idx_scan_delta,localisation_merkle_node_16767_pkey_idx_tup_fetch_delta,localisation_merkle_node_16767_pkey_idx_tup_read_delta,localisation_merkle_node_16767_prefix_idx_idx_blks_hit_delta,localisation_merkle_node_16767_prefix_idx_idx_blks_read_delta,localisation_merkle_node_16767_prefix_idx_idx_scan_delta,localisation_merkle_node_16767_prefix_idx_idx_tup_fetch_delta,localisation_merkle_node_16767_prefix_idx_idx_tup_read_delta,localisation_merkle_node_16767_root_idx_idx_blks_hit_delta,localisation_merkle_node_16767_root_idx_idx_blks_read_delta,localisation_merkle_node_16767_root_idx_idx_scan_delta,localisation_merkle_node_16767_root_idx_idx_tup_fetch_delta,localisation_merkle_node_16767_root_idx_idx_tup_read_delta,localisation_merkle_node_16857_pkey_idx_blks_hit_delta,localisation_merkle_node_16857_pkey_idx_blks_read_delta,localisation_merkle_node_16857_pkey_idx_scan_delta,localisation_merkle_node_16857_pkey_idx_tup_fetch_delta,localisation_merkle_node_16857_pkey_idx_tup_read_delta,localisation_merkle_node_16857_prefix_idx_idx_blks_hit_delta,localisation_merkle_node_16857_prefix_idx_idx_blks_read_delta,localisation_merkle_node_16857_prefix_idx_idx_scan_delta,localisation_merkle_node_16857_prefix_idx_idx_tup_fetch_delta,localisation_merkle_node_16857_prefix_idx_idx_tup_read_delta,localisation_merkle_node_16857_root_idx_idx_blks_hit_delta,localisation_merkle_node_16857_root_idx_idx_blks_read_delta,localisation_merkle_node_16857_root_idx_idx_scan_delta,localisation_merkle_node_16857_root_idx_idx_tup_fetch_delta,localisation_merkle_node_16857_root_idx_idx_tup_read_delta,localisation_merkle_node_16873_pkey_idx_blks_hit_delta,localisation_merkle_node_16873_pkey_idx_blks_read_delta,localisation_merkle_node_16873_pkey_idx_scan_delta,localisation_merkle_node_16873_pkey_idx_tup_fetch_delta,localisation_merkle_node_16873_pkey_idx_tup_read_delta,localisation_merkle_node_16873_prefix_idx_idx_blks_hit_delta,localisation_merkle_node_16873_prefix_idx_idx_blks_read_delta,localisation_merkle_node_16873_prefix_idx_idx_scan_delta,localisation_merkle_node_16873_prefix_idx_idx_tup_fetch_delta,localisation_merkle_node_16873_prefix_idx_idx_tup_read_delta,localisation_merkle_node_16873_root_idx_idx_blks_hit_delta,localisation_merkle_node_16873_root_idx_idx_blks_read_delta,localisation_merkle_node_16873_root_idx_idx_scan_delta,localisation_merkle_node_16873_root_idx_idx_tup_fetch_delta,localisation_merkle_node_16873_root_idx_idx_tup_read_delta,localisation_merkle_node_16975_pkey_idx_blks_hit_delta,localisation_merkle_node_16975_pkey_idx_blks_read_delta,localisation_merkle_node_16975_pkey_idx_scan_delta,localisation_merkle_node_16975_pkey_idx_tup_fetch_delta,localisation_merkle_node_16975_pkey_idx_tup_read_delta,localisation_merkle_node_16975_prefix_idx_idx_blks_hit_delta,localisation_merkle_node_16975_prefix_idx_idx_blks_read_delta,localisation_merkle_node_16975_prefix_idx_idx_scan_delta,localisation_merkle_node_16975_prefix_idx_idx_tup_fetch_delta,localisation_merkle_node_16975_prefix_idx_idx_tup_read_delta,localisation_merkle_node_16975_root_idx_idx_blks_hit_delta,localisation_merkle_node_16975_root_idx_idx_blks_read_delta,localisation_merkle_node_16975_root_idx_idx_scan_delta,localisation_merkle_node_16975_root_idx_idx_tup_fetch_delta,localisation_merkle_node_16975_root_idx_idx_tup_read_delta,localisation_merkle_node_16991_pkey_idx_blks_hit_delta,localisation_merkle_node_16991_pkey_idx_blks_read_delta,localisation_merkle_node_16991_pkey_idx_scan_delta,localisation_merkle_node_16991_pkey_idx_tup_fetch_delta,localisation_merkle_node_16991_pkey_idx_tup_read_delta,localisation_merkle_node_16991_prefix_idx_idx_blks_hit_delta,localisation_merkle_node_16991_prefix_idx_idx_blks_read_delta,localisation_merkle_node_16991_prefix_idx_idx_scan_delta,localisation_merkle_node_16991_prefix_idx_idx_tup_fetch_delta,localisation_merkle_node_16991_prefix_idx_idx_tup_read_delta,localisation_merkle_node_16991_root_idx_idx_blks_hit_delta,localisation_merkle_node_16991_root_idx_idx_blks_read_delta,localisation_merkle_node_16991_root_idx_idx_scan_delta,localisation_merkle_node_16991_root_idx_idx_tup_fetch_delta,localisation_merkle_node_16991_root_idx_idx_tup_read_delta,localisation_merkle_node_17105_pkey_idx_blks_hit_delta,localisation_merkle_node_17105_pkey_idx_blks_read_delta,localisation_merkle_node_17105_pkey_idx_scan_delta,localisation_merkle_node_17105_pkey_idx_tup_fetch_delta,localisation_merkle_node_17105_pkey_idx_tup_read_delta,localisation_merkle_node_17105_prefix_idx_idx_blks_hit_delta,localisation_merkle_node_17105_prefix_idx_idx_blks_read_delta,localisation_merkle_node_17105_prefix_idx_idx_scan_delta,localisation_merkle_node_17105_prefix_idx_idx_tup_fetch_delta,localisation_merkle_node_17105_prefix_idx_idx_tup_read_delta,localisation_merkle_node_17105_root_idx_idx_blks_hit_delta,localisation_merkle_node_17105_root_idx_idx_blks_read_delta,localisation_merkle_node_17105_root_idx_idx_scan_delta,localisation_merkle_node_17105_root_idx_idx_tup_fetch_delta,localisation_merkle_node_17105_root_idx_idx_tup_read_delta,localisation_merkle_node_17121_pkey_idx_blks_hit_delta,localisation_merkle_node_17121_pkey_idx_blks_read_delta,localisation_merkle_node_17121_pkey_idx_scan_delta,localisation_merkle_node_17121_pkey_idx_tup_fetch_delta,localisation_merkle_node_17121_pkey_idx_tup_read_delta,localisation_merkle_node_17121_prefix_idx_idx_blks_hit_delta,localisation_merkle_node_17121_prefix_idx_idx_blks_read_delta,localisation_merkle_node_17121_prefix_idx_idx_scan_delta,localisation_merkle_node_17121_prefix_idx_idx_tup_fetch_delta,localisation_merkle_node_17121_prefix_idx_idx_tup_read_delta,localisation_merkle_node_17121_root_idx_idx_blks_hit_delta,localisation_merkle_node_17121_root_idx_idx_blks_read_delta,localisation_merkle_node_17121_root_idx_idx_scan_delta,localisation_merkle_node_17121_root_idx_idx_tup_fetch_delta,localisation_merkle_node_17121_root_idx_idx_tup_read_delta,localisation_merkle_node_17247_pkey_idx_blks_hit_delta,localisation_merkle_node_17247_pkey_idx_blks_read_delta,localisation_merkle_node_17247_pkey_idx_scan_delta,localisation_merkle_node_17247_pkey_idx_tup_fetch_delta,localisation_merkle_node_17247_pkey_idx_tup_read_delta,localisation_merkle_node_17247_prefix_idx_idx_blks_hit_delta,localisation_merkle_node_17247_prefix_idx_idx_blks_read_delta,localisation_merkle_node_17247_prefix_idx_idx_scan_delta,localisation_merkle_node_17247_prefix_idx_idx_tup_fetch_delta,localisation_merkle_node_17247_prefix_idx_idx_tup_read_delta,localisation_merkle_node_17247_root_idx_idx_blks_hit_delta,localisation_merkle_node_17247_root_idx_idx_blks_read_delta,localisation_merkle_node_17247_root_idx_idx_scan_delta,localisation_merkle_node_17247_root_idx_idx_tup_fetch_delta,localisation_merkle_node_17247_root_idx_idx_tup_read_delta,localisation_merkle_node_17263_pkey_idx_blks_hit_delta,localisation_merkle_node_17263_pkey_idx_blks_read_delta,localisation_merkle_node_17263_pkey_idx_scan_delta,localisation_merkle_node_17263_pkey_idx_tup_fetch_delta,localisation_merkle_node_17263_pkey_idx_tup_read_delta,localisation_merkle_node_17263_prefix_idx_idx_blks_hit_delta,localisation_merkle_node_17263_prefix_idx_idx_blks_read_delta,localisation_merkle_node_17263_prefix_idx_idx_scan_delta,localisation_merkle_node_17263_prefix_idx_idx_tup_fetch_delta,localisation_merkle_node_17263_prefix_idx_idx_tup_read_delta,localisation_merkle_node_17263_root_idx_idx_blks_hit_delta,localisation_merkle_node_17263_root_idx_idx_blks_read_delta,localisation_merkle_node_17263_root_idx_idx_scan_delta,localisation_merkle_node_17263_root_idx_idx_tup_fetch_delta,localisation_merkle_node_17263_root_idx_idx_tup_read_delta,localisation_merkle_node_17401_pkey_idx_blks_hit_delta,localisation_merkle_node_17401_pkey_idx_blks_read_delta,localisation_merkle_node_17401_pkey_idx_scan_delta,localisation_merkle_node_17401_pkey_idx_tup_fetch_delta,localisation_merkle_node_17401_pkey_idx_tup_read_delta,localisation_merkle_node_17401_prefix_idx_idx_blks_hit_delta,localisation_merkle_node_17401_prefix_idx_idx_blks_read_delta,localisation_merkle_node_17401_prefix_idx_idx_scan_delta,localisation_merkle_node_17401_prefix_idx_idx_tup_fetch_delta,localisation_merkle_node_17401_prefix_idx_idx_tup_read_delta,localisation_merkle_node_17401_root_idx_idx_blks_hit_delta,localisation_merkle_node_17401_root_idx_idx_blks_read_delta,localisation_merkle_node_17401_root_idx_idx_scan_delta,localisation_merkle_node_17401_root_idx_idx_tup_fetch_delta,localisation_merkle_node_17401_root_idx_idx_tup_read_delta,localisation_merkle_node_17417_pkey_idx_blks_hit_delta,localisation_merkle_node_17417_pkey_idx_blks_read_delta,localisation_merkle_node_17417_pkey_idx_scan_delta,localisation_merkle_node_17417_pkey_idx_tup_fetch_delta,localisation_merkle_node_17417_pkey_idx_tup_read_delta,localisation_merkle_node_17417_prefix_idx_idx_blks_hit_delta,localisation_merkle_node_17417_prefix_idx_idx_blks_read_delta,localisation_merkle_node_17417_prefix_idx_idx_scan_delta,localisation_merkle_node_17417_prefix_idx_idx_tup_fetch_delta,localisation_merkle_node_17417_prefix_idx_idx_tup_read_delta,localisation_merkle_node_17417_root_idx_idx_blks_hit_delta,localisation_merkle_node_17417_root_idx_idx_blks_read_delta,localisation_merkle_node_17417_root_idx_idx_scan_delta,localisation_merkle_node_17417_root_idx_idx_tup_fetch_delta,localisation_merkle_node_17417_root_idx_idx_tup_read_delta,localisation_merkle_node_17567_pkey_idx_blks_hit_delta,localisation_merkle_node_17567_pkey_idx_blks_read_delta,localisation_merkle_node_17567_pkey_idx_scan_delta,localisation_merkle_node_17567_pkey_idx_tup_fetch_delta,localisation_merkle_node_17567_pkey_idx_tup_read_delta,localisation_merkle_node_17567_prefix_idx_idx_blks_hit_delta,localisation_merkle_node_17567_prefix_idx_idx_blks_read_delta,localisation_merkle_node_17567_prefix_idx_idx_scan_delta,localisation_merkle_node_17567_prefix_idx_idx_tup_fetch_delta,localisation_merkle_node_17567_prefix_idx_idx_tup_read_delta,localisation_merkle_node_17567_root_idx_idx_blks_hit_delta,localisation_merkle_node_17567_root_idx_idx_blks_read_delta,localisation_merkle_node_17567_root_idx_idx_scan_delta,localisation_merkle_node_17567_root_idx_idx_tup_fetch_delta,localisation_merkle_node_17567_root_idx_idx_tup_read_delta,localisation_merkle_node_17583_pkey_idx_blks_hit_delta,localisation_merkle_node_17583_pkey_idx_blks_read_delta,localisation_merkle_node_17583_pkey_idx_scan_delta,localisation_merkle_node_17583_pkey_idx_tup_fetch_delta,localisation_merkle_node_17583_pkey_idx_tup_read_delta,localisation_merkle_node_17583_prefix_idx_idx_blks_hit_delta,localisation_merkle_node_17583_prefix_idx_idx_blks_read_delta,localisation_merkle_node_17583_prefix_idx_idx_scan_delta,localisation_merkle_node_17583_prefix_idx_idx_tup_fetch_delta,localisation_merkle_node_17583_prefix_idx_idx_tup_read_delta,localisation_merkle_node_17583_root_idx_idx_blks_hit_delta,localisation_merkle_node_17583_root_idx_idx_blks_read_delta,localisation_merkle_node_17583_root_idx_idx_scan_delta,localisation_merkle_node_17583_root_idx_idx_tup_fetch_delta,localisation_merkle_node_17583_root_idx_idx_tup_read_delta,localisation_merkle_node_17745_pkey_idx_blks_hit_delta,localisation_merkle_node_17745_pkey_idx_blks_read_delta,localisation_merkle_node_17745_pkey_idx_scan_delta,localisation_merkle_node_17745_pkey_idx_tup_fetch_delta,localisation_merkle_node_17745_pkey_idx_tup_read_delta,localisation_merkle_node_17745_prefix_idx_idx_blks_hit_delta,localisation_merkle_node_17745_prefix_idx_idx_blks_read_delta,localisation_merkle_node_17745_prefix_idx_idx_scan_delta,localisation_merkle_node_17745_prefix_idx_idx_tup_fetch_delta,localisation_merkle_node_17745_prefix_idx_idx_tup_read_delta,localisation_merkle_node_17745_root_idx_idx_blks_hit_delta,localisation_merkle_node_17745_root_idx_idx_blks_read_delta,localisation_merkle_node_17745_root_idx_idx_scan_delta,localisation_merkle_node_17745_root_idx_idx_tup_fetch_delta,localisation_merkle_node_17745_root_idx_idx_tup_read_delta,localisation_merkle_node_17761_pkey_idx_blks_hit_delta,localisation_merkle_node_17761_pkey_idx_blks_read_delta,localisation_merkle_node_17761_pkey_idx_scan_delta,localisation_merkle_node_17761_pkey_idx_tup_fetch_delta,localisation_merkle_node_17761_pkey_idx_tup_read_delta,localisation_merkle_node_17761_prefix_idx_idx_blks_hit_delta,localisation_merkle_node_17761_prefix_idx_idx_blks_read_delta,localisation_merkle_node_17761_prefix_idx_idx_scan_delta,localisation_merkle_node_17761_prefix_idx_idx_tup_fetch_delta,localisation_merkle_node_17761_prefix_idx_idx_tup_read_delta,localisation_merkle_node_17761_root_idx_idx_blks_hit_delta,localisation_merkle_node_17761_root_idx_idx_blks_read_delta,localisation_merkle_node_17761_root_idx_idx_scan_delta,localisation_merkle_node_17761_root_idx_idx_tup_fetch_delta,localisation_merkle_node_17761_root_idx_idx_tup_read_delta,localisation_stats_flush_wait_ms,localisation_stats_probe_ms,manifest_sha256,mean_rows_per_bad_leaf,merge_threshold,method,p95_rows_per_bad_leaf,paper_end_before_audit_start,paper_style_total_ms,paper_total_ms,partition_root_batches,partition_root_batches_ok,partition_root_hash_sql_calls,partition_root_nodes_read,partition_subtree_nodes_read,partition_subtree_sql_calls,planner_checked_leaf_count,planner_checks_passed,profile_label,profiling_mode,recovery_only_ms,recovery_user_table_seq_scan_delta,repetition,restore_repair_ms,rows_deleted,rows_inserted,rows_updated,run_id,schema_fidelity_ok,selected_bad_leaf_row_capacity,split_threshold,targeted_confirmation_root_batches,targeted_confirmation_root_nodes_read,total_candidate_rows,total_ms,total_rows_repaired,tree_nodes_visited,tuple_count,valid,warning
2,2,full,6,68631.20296764374,1,0,75,60,1,4,4,150,678,678,13248,6,0.155,0,0,0,0,300,mixed,339,1,71590.823,size-scaling-k75-c300,32,0,339,64,4,75,1,1,0,0,0,0,0,19872,0,6624,6624,6624,1,0,1,200,200,0,0,0,0,0,19872,0,6624,6624,6624,1,0,1,200,200,,,,,,,,,,,,,,,,,,,,,,,,,,,,,,,,,,,,,,,,,,,,,,,,,,,,,,,,,,,,,,,,,,,,,,,,,,,,,,,,,,,,,,,,,,,,,,,,,,,,,,,,,,,,,,,,,,,,,,,,,,,,,,,,,,,,,,,,,,,,,,,,,,,,,,,,,,,,,,,,,,,,,,,,,,,,,,,,,,,,,,,,,,,,,,,,,,,,,,,,,,,,,,,,,,,,,,,,,,,,,,,,,,,,,,,,,,,,,,,,,,,,,,,,,,,,,,,,,,,,,,,,,,,,,,,,,,,,,,,,,,,,,,,,,,,,,,,,,,,,,835.683,838.18,8b0120eec21a7c8d83cff4cc843a71516a87ebaaa3637375b282186bb7e78811,9.04,8,merkle,11.0,1,233.640,233.640,1,1,2,400,13248,6,75,1,fanout_f32_l16,off,233.640,0,0,233.640,100,100,100,size-scaling-k75-c300-n10000000-f32-k75-c300-fanout_f32_l16-merkle-r0,1,339,32,1,120,678,71590.823,300,6624,10000000,1,
2,2,full,6,66207.80693387985,1,0,75,60,1,4,4,150,678,678,13248,6,0.145,0,0,0,0,300,mixed,339,1,69174.550,size-scaling-k75-c300,32,0,339,64,4,75,1,1,0,0,0,0,0,19872,0,6624,6624,6624,1,0,1,200,200,0,0,0,0,0,19872,0,6624,6624,6624,1,0,1,200,200,,,,,,,,,,,,,,,,,,,,,,,,,,,,,,,,,,,,,,,,,,,,,,,,,,,,,,,,,,,,,,,,,,,,,,,,,,,,,,,,,,,,,,,,,,,,,,,,,,,,,,,,,,,,,,,,,,,,,,,,,,,,,,,,,,,,,,,,,,,,,,,,,,,,,,,,,,,,,,,,,,,,,,,,,,,,,,,,,,,,,,,,,,,,,,,,,,,,,,,,,,,,,,,,,,,,,,,,,,,,,,,,,,,,,,,,,,,,,,,,,,,,,,,,,,,,,,,,,,,,,,,,,,,,,,,,,,,,,,,,,,,,,,,,,,,,,,,,,,,,,835.671,838.122,8b0120eec21a7c8d83cff4cc843a71516a87ebaaa3637375b282186bb7e78811,9.04,8,merkle,11.0,1,240.280,240.280,1,1,2,400,13248,6,75,1,fanout_f32_l16,off,240.280,0,1,240.280,100,100,100,size-scaling-k75-c300-n10000000-f32-k75-c300-fanout_f32_l16-merkle-r1,1,339,32,1,120,678,69174.550,300,6624,10000000,1,
2,2,full,6,65813.25753593445,1,0,75,60,1,4,4,150,678,678,13248,6,0.143,0,0,0,0,300,mixed,339,1,68779.065,size-scaling-k75-c300,32,0,339,64,4,75,1,1,0,0,0,0,0,19872,0,6624,6624,6624,1,0,1,200,200,0,0,0,0,0,19872,0,6624,6624,6624,1,0,1,200,200,,,,,,,,,,,,,,,,,,,,,,,,,,,,,,,,,,,,,,,,,,,,,,,,,,,,,,,,,,,,,,,,,,,,,,,,,,,,,,,,,,,,,,,,,,,,,,,,,,,,,,,,,,,,,,,,,,,,,,,,,,,,,,,,,,,,,,,,,,,,,,,,,,,,,,,,,,,,,,,,,,,,,,,,,,,,,,,,,,,,,,,,,,,,,,,,,,,,,,,,,,,,,,,,,,,,,,,,,,,,,,,,,,,,,,,,,,,,,,,,,,,,,,,,,,,,,,,,,,,,,,,,,,,,,,,,,,,,,,,,,,,,,,,,,,,,,,,,,,,,,835.618,838.159,8b0120eec21a7c8d83cff4cc843a71516a87ebaaa3637375b282186bb7e78811,9.04,8,merkle,11.0,1,239.222,239.222,1,1,2,400,13248,6,75,1,fanout_f32_l16,off,239.222,0,2,239.222,100,100,100,size-scaling-k75-c300-n10000000-f32-k75-c300-fanout_f32_l16-merkle-r2,1,339,32,1,120,678,68779.065,300,6624,10000000,1,
2,2,full,6,66079.07256603241,1,0,75,60,1,4,4,150,678,678,13248,6,0.145,0,0,0,0,300,mixed,339,1,69047.624,size-scaling-k75-c300,32,0,339,64,4,75,1,1,0,0,0,0,0,19872,0,6624,6624,6624,1,0,1,200,200,0,0,0,0,0,19872,0,6624,6624,6624,1,0,1,200,200,,,,,,,,,,,,,,,,,,,,,,,,,,,,,,,,,,,,,,,,,,,,,,,,,,,,,,,,,,,,,,,,,,,,,,,,,,,,,,,,,,,,,,,,,,,,,,,,,,,,,,,,,,,,,,,,,,,,,,,,,,,,,,,,,,,,,,,,,,,,,,,,,,,,,,,,,,,,,,,,,,,,,,,,,,,,,,,,,,,,,,,,,,,,,,,,,,,,,,,,,,,,,,,,,,,,,,,,,,,,,,,,,,,,,,,,,,,,,,,,,,,,,,,,,,,,,,,,,,,,,,,,,,,,,,,,,,,,,,,,,,,,,,,,,,,,,,,,,,,,,835.62,838.205,8b0120eec21a7c8d83cff4cc843a71516a87ebaaa3637375b282186bb7e78811,9.04,8,merkle,11.0,1,242.833,242.833,1,1,2,400,13248,6,75,1,fanout_f32_l16,off,242.833,0,3,242.833,100,100,100,size-scaling-k75-c300-n10000000-f32-k75-c300-fanout_f32_l16-merkle-r3,1,339,32,1,120,678,69047.624,300,6624,10000000,1,
2,2,full,6,65682.28221702576,1,0,75,60,1,4,4,150,678,678,13248,6,0.145,0,0,0,0,300,mixed,339,1,68644.086,size-scaling-k75-c300,32,0,339,64,4,75,1,1,0,0,0,0,0,19872,0,6624,6624,6624,1,0,1,200,200,0,0,0,0,0,19872,0,6624,6624,6624,1,0,1,200,200,,,,,,,,,,,,,,,,,,,,,,,,,,,,,,,,,,,,,,,,,,,,,,,,,,,,,,,,,,,,,,,,,,,,,,,,,,,,,,,,,,,,,,,,,,,,,,,,,,,,,,,,,,,,,,,,,,,,,,,,,,,,,,,,,,,,,,,,,,,,,,,,,,,,,,,,,,,,,,,,,,,,,,,,,,,,,,,,,,,,,,,,,,,,,,,,,,,,,,,,,,,,,,,,,,,,,,,,,,,,,,,,,,,,,,,,,,,,,,,,,,,,,,,,,,,,,,,,,,,,,,,,,,,,,,,,,,,,,,,,,,,,,,,,,,,,,,,,,,,,,836.293,838.976,8b0120eec21a7c8d83cff4cc843a71516a87ebaaa3637375b282186bb7e78811,9.04,8,merkle,11.0,1,234.851,234.851,1,1,2,400,13248,6,75,1,fanout_f32_l16,off,234.851,0,4,234.851,100,100,100,size-scaling-k75-c300-n10000000-f32-k75-c300-fanout_f32_l16-merkle-r4,1,339,32,1,120,678,68644.086,300,6624,10000000,1,
2,2,full,6,65663.52534866333,1,0,75,60,1,4,4,150,678,678,13248,6,0.143,0,0,0,0,300,mixed,339,1,68673.257,size-scaling-k75-c300,32,0,339,64,4,75,1,1,0,0,0,0,0,19872,0,6624,6624,6624,1,0,1,200,200,0,0,0,0,0,19872,0,6624,6624,6624,1,0,1,200,200,,,,,,,,,,,,,,,,,,,,,,,,,,,,,,,,,,,,,,,,,,,,,,,,,,,,,,,,,,,,,,,,,,,,,,,,,,,,,,,,,,,,,,,,,,,,,,,,,,,,,,,,,,,,,,,,,,,,,,,,,,,,,,,,,,,,,,,,,,,,,,,,,,,,,,,,,,,,,,,,,,,,,,,,,,,,,,,,,,,,,,,,,,,,,,,,,,,,,,,,,,,,,,,,,,,,,,,,,,,,,,,,,,,,,,,,,,,,,,,,,,,,,,,,,,,,,,,,,,,,,,,,,,,,,,,,,,,,,,,,,,,,,,,,,,,,,,,,,,,,,886.791,889.261,8b0120eec21a7c8d83cff4cc843a71516a87ebaaa3637375b282186bb7e78811,9.04,8,merkle,11.0,1,231.587,231.587,1,1,2,400,13248,6,75,1,fanout_f32_l16,off,231.587,0,5,231.587,100,100,100,size-scaling-k75-c300-n10000000-f32-k75-c300-fanout_f32_l16-merkle-r5,1,339,32,1,120,678,68673.257,300,6624,10000000,1,
2,2,full,6,66611.55604600906,1,0,75,60,1,4,4,150,678,678,13248,6,0.141,0,0,0,0,300,mixed,339,1,69619.671,size-scaling-k75-c300,32,0,339,64,4,75,1,1,0,0,0,0,0,19872,0,6624,6624,6624,1,0,1,200,200,0,0,0,0,0,19872,0,6624,6624,6624,1,0,1,200,200,,,,,,,,,,,,,,,,,,,,,,,,,,,,,,,,,,,,,,,,,,,,,,,,,,,,,,,,,,,,,,,,,,,,,,,,,,,,,,,,,,,,,,,,,,,,,,,,,,,,,,,,,,,,,,,,,,,,,,,,,,,,,,,,,,,,,,,,,,,,,,,,,,,,,,,,,,,,,,,,,,,,,,,,,,,,,,,,,,,,,,,,,,,,,,,,,,,,,,,,,,,,,,,,,,,,,,,,,,,,,,,,,,,,,,,,,,,,,,,,,,,,,,,,,,,,,,,,,,,,,,,,,,,,,,,,,,,,,,,,,,,,,,,,,,,,,,,,,,,,,886.603,889.179,8b0120eec21a7c8d83cff4cc843a71516a87ebaaa3637375b282186bb7e78811,9.04,8,merkle,11.0,1,230.517,230.517,1,1,2,400,13248,6,75,1,fanout_f32_l16,off,230.517,0,6,230.517,100,100,100,size-scaling-k75-c300-n10000000-f32-k75-c300-fanout_f32_l16-merkle-r6,1,339,32,1,120,678,69619.671,300,6624,10000000,1,
2,2,full,6,65672.13369846344,1,0,75,60,1,4,4,150,678,678,13248,6,0.143,0,0,0,0,300,mixed,339,1,68671.372,size-scaling-k75-c300,32,0,339,64,4,75,1,1,0,0,0,0,0,19872,0,6624,6624,6624,1,0,1,200,200,0,0,0,0,0,19872,0,6624,6624,6624,1,0,1,200,200,,,,,,,,,,,,,,,,,,,,,,,,,,,,,,,,,,,,,,,,,,,,,,,,,,,,,,,,,,,,,,,,,,,,,,,,,,,,,,,,,,,,,,,,,,,,,,,,,,,,,,,,,,,,,,,,,,,,,,,,,,,,,,,,,,,,,,,,,,,,,,,,,,,,,,,,,,,,,,,,,,,,,,,,,,,,,,,,,,,,,,,,,,,,,,,,,,,,,,,,,,,,,,,,,,,,,,,,,,,,,,,,,,,,,,,,,,,,,,,,,,,,,,,,,,,,,,,,,,,,,,,,,,,,,,,,,,,,,,,,,,,,,,,,,,,,,,,,,,,,,886.487,888.939,8b0120eec21a7c8d83cff4cc843a71516a87ebaaa3637375b282186bb7e78811,9.04,8,merkle,11.0,1,222.787,222.787,1,1,2,400,13248,6,75,1,fanout_f32_l16,off,222.787,0,7,222.787,100,100,100,size-scaling-k75-c300-n10000000-f32-k75-c300-fanout_f32_l16-merkle-r7,1,339,32,1,120,678,68671.372,300,6624,10000000,1,
2,2,full,6,66029.88145923615,1,0,75,60,1,4,4,150,678,678,13248,6,0.152,0,0,0,0,300,mixed,339,1,69037.933,size-scaling-k75-c300,32,0,339,64,4,75,1,1,0,0,0,0,0,19872,0,6624,6624,6624,1,0,1,200,200,0,0,0,0,0,19872,0,6624,6624,6624,1,0,1,200,200,,,,,,,,,,,,,,,,,,,,,,,,,,,,,,,,,,,,,,,,,,,,,,,,,,,,,,,,,,,,,,,,,,,,,,,,,,,,,,,,,,,,,,,,,,,,,,,,,,,,,,,,,,,,,,,,,,,,,,,,,,,,,,,,,,,,,,,,,,,,,,,,,,,,,,,,,,,,,,,,,,,,,,,,,,,,,,,,,,,,,,,,,,,,,,,,,,,,,,,,,,,,,,,,,,,,,,,,,,,,,,,,,,,,,,,,,,,,,,,,,,,,,,,,,,,,,,,,,,,,,,,,,,,,,,,,,,,,,,,,,,,,,,,,,,,,,,,,,,,,,886.136,888.678,8b0120eec21a7c8d83cff4cc843a71516a87ebaaa3637375b282186bb7e78811,9.04,8,merkle,11.0,1,231.347,231.347,1,1,2,400,13248,6,75,1,fanout_f32_l16,off,231.347,0,8,231.347,100,100,100,size-scaling-k75-c300-n10000000-f32-k75-c300-fanout_f32_l16-merkle-r8,1,339,32,1,120,678,69037.933,300,6624,10000000,1,
2,2,full,6,66668.58123874664,1,0,75,60,1,4,4,150,678,678,13248,6,0.142,0,0,0,0,300,mixed,339,1,69637.534,size-scaling-k75-c300,32,0,339,64,4,75,1,1,0,0,0,0,0,19872,0,6624,6624,6624,1,0,1,200,200,0,0,0,0,0,19872,0,6624,6624,6624,1,0,1,200,200,,,,,,,,,,,,,,,,,,,,,,,,,,,,,,,,,,,,,,,,,,,,,,,,,,,,,,,,,,,,,,,,,,,,,,,,,,,,,,,,,,,,,,,,,,,,,,,,,,,,,,,,,,,,,,,,,,,,,,,,,,,,,,,,,,,,,,,,,,,,,,,,,,,,,,,,,,,,,,,,,,,,,,,,,,,,,,,,,,,,,,,,,,,,,,,,,,,,,,,,,,,,,,,,,,,,,,,,,,,,,,,,,,,,,,,,,,,,,,,,,,,,,,,,,,,,,,,,,,,,,,,,,,,,,,,,,,,,,,,,,,,,,,,,,,,,,,,,,,,,,835.815,838.418,8b0120eec21a7c8d83cff4cc843a71516a87ebaaa3637375b282186bb7e78811,9.04,8,merkle,11.0,1,242.301,242.301,1,1,2,400,13248,6,75,1,fanout_f32_l16,off,242.301,0,9,242.301,100,100,100,size-scaling-k75-c300-n10000000-f32-k75-c300-fanout_f32_l16-merkle-r9,1,339,32,1,120,678,69637.534,300,6624,10000000,1,
2,2,full,6,326311.8736624718,1,0,75,67,1,4,4,150,1214,1214,13888,6,0.206,0,0,0,0,300,mixed,607,1,329324.058,size-scaling-k75-c300,32,0,607,64,4,75,1,1,0,0,0,0,0,0,0,0,0,0,0,0,0,0,0,0,0,0,0,0,0,0,0,0,0,0,0,0,0,0,0,0,0,0,0,20832,0,6944,6944,6944,1,0,1,200,200,0,0,0,0,0,20832,0,6944,6944,6944,1,0,1,200,200,,,,,,,,,,,,,,,,,,,,,,,,,,,,,,,,,,,,,,,,,,,,,,,,,,,,,,,,,,,,,,,,,,,,,,,,,,,,,,,,,,,,,,,,,,,,,,,,,,,,,,,,,,,,,,,,,,,,,,,,,,,,,,,,,,,,,,,,,,,,,,,,,,,,,,,,,,,,,,,,,,,,,,,,,,,,,,,,,,,,,,,,,,,,,,,,,,,,,,,,,,,,,,,,,,,,,,,,,,,,,,,,,,,,,,,,,,,,,,,,,,,,,,,,,,,,,,,,,,,,,,,,,,,,,,,885.475,888.47,a23551d878d5e5f5baa48238ee4626b244407f5119bf0c50c8b87785f0b1449a,16.186666666666667,8,merkle,25.0,1,234.472,234.472,1,1,2,400,13888,6,75,1,fanout_f32_l16,off,234.472,0,0,234.472,100,100,100,size-scaling-k75-c300-n50000000-f32-k75-c300-fanout_f32_l16-merkle-r0,1,607,32,1,134,1214,329324.058,300,6944,50000000,1,
2,2,full,6,325304.2823815346,1,0,75,67,1,4,4,150,1214,1214,13888,6,0.144,0,0,0,0,300,mixed,607,1,328275.467,size-scaling-k75-c300,32,0,607,64,4,75,1,1,0,0,0,0,0,0,0,0,0,0,0,0,0,0,0,0,0,0,0,0,0,0,0,0,0,0,0,0,0,0,0,0,0,0,0,20832,0,6944,6944,6944,1,0,1,200,200,0,0,0,0,0,20832,0,6944,6944,6944,1,0,1,200,200,,,,,,,,,,,,,,,,,,,,,,,,,,,,,,,,,,,,,,,,,,,,,,,,,,,,,,,,,,,,,,,,,,,,,,,,,,,,,,,,,,,,,,,,,,,,,,,,,,,,,,,,,,,,,,,,,,,,,,,,,,,,,,,,,,,,,,,,,,,,,,,,,,,,,,,,,,,,,,,,,,,,,,,,,,,,,,,,,,,,,,,,,,,,,,,,,,,,,,,,,,,,,,,,,,,,,,,,,,,,,,,,,,,,,,,,,,,,,,,,,,,,,,,,,,,,,,,,,,,,,,,,,,,,,,,835.92,838.917,a23551d878d5e5f5baa48238ee4626b244407f5119bf0c50c8b87785f0b1449a,16.186666666666667,8,merkle,25.0,1,244.359,244.359,1,1,2,400,13888,6,75,1,fanout_f32_l16,off,244.359,0,1,244.359,100,100,100,size-scaling-k75-c300-n50000000-f32-k75-c300-fanout_f32_l16-merkle-r1,1,607,32,1,134,1214,328275.467,300,6944,50000000,1,
2,2,full,6,325838.30512952805,1,0,75,67,1,4,4,150,1214,1214,13888,6,0.169,0,0,0,0,300,mixed,607,1,328863.407,size-scaling-k75-c300,32,0,607,64,4,75,1,1,0,0,0,0,0,0,0,0,0,0,0,0,0,0,0,0,0,0,0,0,0,0,0,0,0,0,0,0,0,0,0,0,0,0,0,20832,0,6944,6944,6944,1,0,1,200,200,0,0,0,0,0,20832,0,6944,6944,6944,1,0,1,200,200,,,,,,,,,,,,,,,,,,,,,,,,,,,,,,,,,,,,,,,,,,,,,,,,,,,,,,,,,,,,,,,,,,,,,,,,,,,,,,,,,,,,,,,,,,,,,,,,,,,,,,,,,,,,,,,,,,,,,,,,,,,,,,,,,,,,,,,,,,,,,,,,,,,,,,,,,,,,,,,,,,,,,,,,,,,,,,,,,,,,,,,,,,,,,,,,,,,,,,,,,,,,,,,,,,,,,,,,,,,,,,,,,,,,,,,,,,,,,,,,,,,,,,,,,,,,,,,,,,,,,,,,,,,,,,,886.614,889.792,a23551d878d5e5f5baa48238ee4626b244407f5119bf0c50c8b87785f0b1449a,16.186666666666667,8,merkle,25.0,1,247.937,247.937,1,1,2,400,13888,6,75,1,fanout_f32_l16,off,247.937,0,2,247.937,100,100,100,size-scaling-k75-c300-n50000000-f32-k75-c300-fanout_f32_l16-merkle-r2,1,607,32,1,134,1214,328863.407,300,6944,50000000,1,
2,2,full,6,324502.83024930954,1,0,75,67,1,4,4,150,1214,1214,13888,6,0.146,0,0,0,0,300,mixed,607,1,327515.169,size-scaling-k75-c300,32,0,607,64,4,75,1,1,0,0,0,0,0,0,0,0,0,0,0,0,0,0,0,0,0,0,0,0,0,0,0,0,0,0,0,0,0,0,0,0,0,0,0,20832,0,6944,6944,6944,1,0,1,200,200,0,0,0,0,0,20832,0,6944,6944,6944,1,0,1,200,200,,,,,,,,,,,,,,,,,,,,,,,,,,,,,,,,,,,,,,,,,,,,,,,,,,,,,,,,,,,,,,,,,,,,,,,,,,,,,,,,,,,,,,,,,,,,,,,,,,,,,,,,,,,,,,,,,,,,,,,,,,,,,,,,,,,,,,,,,,,,,,,,,,,,,,,,,,,,,,,,,,,,,,,,,,,,,,,,,,,,,,,,,,,,,,,,,,,,,,,,,,,,,,,,,,,,,,,,,,,,,,,,,,,,,,,,,,,,,,,,,,,,,,,,,,,,,,,,,,,,,,,,,,,,,,,886.087,889.189,a23551d878d5e5f5baa48238ee4626b244407f5119bf0c50c8b87785f0b1449a,16.186666666666667,8,merkle,25.0,1,234.809,234.809,1,1,2,400,13888,6,75,1,fanout_f32_l16,off,234.809,0,3,234.809,100,100,100,size-scaling-k75-c300-n50000000-f32-k75-c300-fanout_f32_l16-merkle-r3,1,607,32,1,134,1214,327515.169,300,6944,50000000,1,
2,2,full,6,325664.0970673561,1,0,75,67,1,4,4,150,1214,1214,13888,6,0.142,0,0,0,0,300,mixed,607,1,328638.282,size-scaling-k75-c300,32,0,607,64,4,75,1,1,0,0,0,0,0,0,0,0,0,0,0,0,0,0,0,0,0,0,0,0,0,0,0,0,0,0,0,0,0,0,0,0,0,0,0,20832,0,6944,6944,6944,1,0,1,200,200,0,0,0,0,0,20832,0,6944,6944,6944,1,0,1,200,200,,,,,,,,,,,,,,,,,,,,,,,,,,,,,,,,,,,,,,,,,,,,,,,,,,,,,,,,,,,,,,,,,,,,,,,,,,,,,,,,,,,,,,,,,,,,,,,,,,,,,,,,,,,,,,,,,,,,,,,,,,,,,,,,,,,,,,,,,,,,,,,,,,,,,,,,,,,,,,,,,,,,,,,,,,,,,,,,,,,,,,,,,,,,,,,,,,,,,,,,,,,,,,,,,,,,,,,,,,,,,,,,,,,,,,,,,,,,,,,,,,,,,,,,,,,,,,,,,,,,,,,,,,,,,,,835.566,838.562,a23551d878d5e5f5baa48238ee4626b244407f5119bf0c50c8b87785f0b1449a,16.186666666666667,8,merkle,25.0,1,247.620,247.620,1,1,2,400,13888,6,75,1,fanout_f32_l16,off,247.620,0,4,247.620,100,100,100,size-scaling-k75-c300-n50000000-f32-k75-c300-fanout_f32_l16-merkle-r4,1,607,32,1,134,1214,328638.282,300,6944,50000000,1,
2,2,full,6,325374.101788044,1,0,75,67,1,4,4,150,1214,1214,13888,6,0.147,0,0,0,0,300,mixed,607,1,328385.936,size-scaling-k75-c300,32,0,607,64,4,75,1,1,0,0,0,0,0,0,0,0,0,0,0,0,0,0,0,0,0,0,0,0,0,0,0,0,0,0,0,0,0,0,0,0,0,0,0,20832,0,6944,6944,6944,1,0,1,200,200,0,0,0,0,0,20832,0,6944,6944,6944,1,0,1,200,200,,,,,,,,,,,,,,,,,,,,,,,,,,,,,,,,,,,,,,,,,,,,,,,,,,,,,,,,,,,,,,,,,,,,,,,,,,,,,,,,,,,,,,,,,,,,,,,,,,,,,,,,,,,,,,,,,,,,,,,,,,,,,,,,,,,,,,,,,,,,,,,,,,,,,,,,,,,,,,,,,,,,,,,,,,,,,,,,,,,,,,,,,,,,,,,,,,,,,,,,,,,,,,,,,,,,,,,,,,,,,,,,,,,,,,,,,,,,,,,,,,,,,,,,,,,,,,,,,,,,,,,,,,,,,,,886.762,889.724,a23551d878d5e5f5baa48238ee4626b244407f5119bf0c50c8b87785f0b1449a,16.186666666666667,8,merkle,25.0,1,233.729,233.729,1,1,2,400,13888,6,75,1,fanout_f32_l16,off,233.729,0,5,233.729,100,100,100,size-scaling-k75-c300-n50000000-f32-k75-c300-fanout_f32_l16-merkle-r5,1,607,32,1,134,1214,328385.936,300,6944,50000000,1,
2,2,full,6,325602.2745079994,1,0,75,67,1,4,4,150,1214,1214,13888,6,0.144,0,0,0,0,300,mixed,607,1,328613.866,size-scaling-k75-c300,32,0,607,64,4,75,1,1,0,0,0,0,0,0,0,0,0,0,0,0,0,0,0,0,0,0,0,0,0,0,0,0,0,0,0,0,0,0,0,0,0,0,0,20832,0,6944,6944,6944,1,0,1,200,200,0,0,0,0,0,20832,0,6944,6944,6944,1,0,1,200,200,,,,,,,,,,,,,,,,,,,,,,,,,,,,,,,,,,,,,,,,,,,,,,,,,,,,,,,,,,,,,,,,,,,,,,,,,,,,,,,,,,,,,,,,,,,,,,,,,,,,,,,,,,,,,,,,,,,,,,,,,,,,,,,,,,,,,,,,,,,,,,,,,,,,,,,,,,,,,,,,,,,,,,,,,,,,,,,,,,,,,,,,,,,,,,,,,,,,,,,,,,,,,,,,,,,,,,,,,,,,,,,,,,,,,,,,,,,,,,,,,,,,,,,,,,,,,,,,,,,,,,,,,,,,,,,886.414,889.43,a23551d878d5e5f5baa48238ee4626b244407f5119bf0c50c8b87785f0b1449a,16.186666666666667,8,merkle,25.0,1,233.765,233.765,1,1,2,400,13888,6,75,1,fanout_f32_l16,off,233.765,0,6,233.765,100,100,100,size-scaling-k75-c300-n50000000-f32-k75-c300-fanout_f32_l16-merkle-r6,1,607,32,1,134,1214,328613.866,300,6944,50000000,1,
2,2,full,6,326358.4244337082,1,0,75,67,1,4,4,150,1214,1214,13888,6,0.146,0,0,0,0,300,mixed,607,1,329371.402,size-scaling-k75-c300,32,0,607,64,4,75,1,1,0,0,0,0,0,0,0,0,0,0,0,0,0,0,0,0,0,0,0,0,0,0,0,0,0,0,0,0,0,0,0,0,0,0,0,20832,0,6944,6944,6944,1,0,1,200,200,0,0,0,0,0,20832,0,6944,6944,6944,1,0,1,200,200,,,,,,,,,,,,,,,,,,,,,,,,,,,,,,,,,,,,,,,,,,,,,,,,,,,,,,,,,,,,,,,,,,,,,,,,,,,,,,,,,,,,,,,,,,,,,,,,,,,,,,,,,,,,,,,,,,,,,,,,,,,,,,,,,,,,,,,,,,,,,,,,,,,,,,,,,,,,,,,,,,,,,,,,,,,,,,,,,,,,,,,,,,,,,,,,,,,,,,,,,,,,,,,,,,,,,,,,,,,,,,,,,,,,,,,,,,,,,,,,,,,,,,,,,,,,,,,,,,,,,,,,,,,,,,,886.922,890.027,a23551d878d5e5f5baa48238ee4626b244407f5119bf0c50c8b87785f0b1449a,16.186666666666667,8,merkle,25.0,1,233.987,233.987,1,1,2,400,13888,6,75,1,fanout_f32_l16,off,233.987,0,7,233.987,100,100,100,size-scaling-k75-c300-n50000000-f32-k75-c300-fanout_f32_l16-merkle-r7,1,607,32,1,134,1214,329371.402,300,6944,50000000,1,
2,2,full,6,326019.83720541,1,0,75,67,1,4,4,150,1214,1214,13888,6,0.167,0,0,0,0,300,mixed,607,1,328995.704,size-scaling-k75-c300,32,0,607,64,4,75,1,1,0,0,0,0,0,0,0,0,0,0,0,0,0,0,0,0,0,0,0,0,0,0,0,0,0,0,0,0,0,0,0,0,0,0,0,20832,0,6944,6944,6944,1,0,1,200,200,0,0,0,0,0,20832,0,6944,6944,6944,1,0,1,200,200,,,,,,,,,,,,,,,,,,,,,,,,,,,,,,,,,,,,,,,,,,,,,,,,,,,,,,,,,,,,,,,,,,,,,,,,,,,,,,,,,,,,,,,,,,,,,,,,,,,,,,,,,,,,,,,,,,,,,,,,,,,,,,,,,,,,,,,,,,,,,,,,,,,,,,,,,,,,,,,,,,,,,,,,,,,,,,,,,,,,,,,,,,,,,,,,,,,,,,,,,,,,,,,,,,,,,,,,,,,,,,,,,,,,,,,,,,,,,,,,,,,,,,,,,,,,,,,,,,,,,,,,,,,,,,,836.107,839.345,a23551d878d5e5f5baa48238ee4626b244407f5119bf0c50c8b87785f0b1449a,16.186666666666667,8,merkle,25.0,1,248.167,248.167,1,1,2,400,13888,6,75,1,fanout_f32_l16,off,248.167,0,8,248.167,100,100,100,size-scaling-k75-c300-n50000000-f32-k75-c300-fanout_f32_l16-merkle-r8,1,607,32,1,134,1214,328995.704,300,6944,50000000,1,
2,2,full,6,325657.9256615639,1,0,75,67,1,4,4,150,1214,1214,13888,6,0.146,0,0,0,0,300,mixed,607,1,328671.092,size-scaling-k75-c300,32,0,607,64,4,75,1,1,0,0,0,0,0,0,0,0,0,0,0,0,0,0,0,0,0,0,0,0,0,0,0,0,0,0,0,0,0,0,0,0,0,0,0,20832,0,6944,6944,6944,1,0,1,200,200,0,0,0,0,0,20832,0,6944,6944,6944,1,0,1,200,200,,,,,,,,,,,,,,,,,,,,,,,,,,,,,,,,,,,,,,,,,,,,,,,,,,,,,,,,,,,,,,,,,,,,,,,,,,,,,,,,,,,,,,,,,,,,,,,,,,,,,,,,,,,,,,,,,,,,,,,,,,,,,,,,,,,,,,,,,,,,,,,,,,,,,,,,,,,,,,,,,,,,,,,,,,,,,,,,,,,,,,,,,,,,,,,,,,,,,,,,,,,,,,,,,,,,,,,,,,,,,,,,,,,,,,,,,,,,,,,,,,,,,,,,,,,,,,,,,,,,,,,,,,,,,,,886.883,890.013,a23551d878d5e5f5baa48238ee4626b244407f5119bf0c50c8b87785f0b1449a,16.186666666666667,8,merkle,25.0,1,235.283,235.283,1,1,2,400,13888,6,75,1,fanout_f32_l16,off,235.283,0,9,235.283,100,100,100,size-scaling-k75-c300-n50000000-f32-k75-c300-fanout_f32_l16-merkle-r9,1,607,32,1,134,1214,328671.092,300,6944,50000000,1,
2,2,full,6,262755.3267612457,1,0,75,64,1,4,4,150,1032,1032,13696,6,0.155,0,0,0,0,300,mixed,516,1,265774.792,size-scaling-k75-c300,32,0,516,64,4,75,1,1,0,0,0,0,0,0,0,0,0,0,0,0,0,0,0,0,0,0,0,0,0,0,0,0,0,0,0,0,0,0,0,0,0,0,0,0,0,0,0,0,0,0,0,0,0,0,0,0,0,0,0,0,0,0,0,0,0,0,0,0,0,0,0,0,0,20544,0,6848,6848,6848,1,0,1,200,200,0,0,0,0,0,20544,0,6848,6848,6848,1,0,1,200,200,,,,,,,,,,,,,,,,,,,,,,,,,,,,,,,,,,,,,,,,,,,,,,,,,,,,,,,,,,,,,,,,,,,,,,,,,,,,,,,,,,,,,,,,,,,,,,,,,,,,,,,,,,,,,,,,,,,,,,,,,,,,,,,,,,,,,,,,,,,,,,,,,,,,,,,,,,,,,,,,,,,,,,,,,,,,,,,,,,,,,,,,,,,,,,,,,,,,,,,,,,,,,,,,,,,,,,,,,,,,,,,,,,,,,,,,,,,,,,,,,886.574,890.136,51adee0cf05d629970d0f59494a47e585db3cb9ad3c7655eeaa4e9f0a2366867,13.76,8,merkle,21.0,1,241.313,241.313,1,1,2,400,13696,6,75,1,fanout_f32_l16,off,241.313,0,0,241.313,100,100,100,size-scaling-k75-c300-n40000000-f32-k75-c300-fanout_f32_l16-merkle-r0,1,516,32,1,128,1032,265774.792,300,6848,40000000,1,
2,2,full,6,261765.91934013367,1,0,75,64,1,4,4,150,1032,1032,13696,6,0.142,0,0,0,0,300,mixed,516,1,264775.173,size-scaling-k75-c300,32,0,516,64,4,75,1,1,0,0,0,0,0,0,0,0,0,0,0,0,0,0,0,0,0,0,0,0,0,0,0,0,0,0,0,0,0,0,0,0,0,0,0,0,0,0,0,0,0,0,0,0,0,0,0,0,0,0,0,0,0,0,0,0,0,0,0,0,0,0,0,0,0,20544,0,6848,6848,6848,1,0,1,200,200,0,0,0,0,0,20544,0,6848,6848,6848,1,0,1,200,200,,,,,,,,,,,,,,,,,,,,,,,,,,,,,,,,,,,,,,,,,,,,,,,,,,,,,,,,,,,,,,,,,,,,,,,,,,,,,,,,,,,,,,,,,,,,,,,,,,,,,,,,,,,,,,,,,,,,,,,,,,,,,,,,,,,,,,,,,,,,,,,,,,,,,,,,,,,,,,,,,,,,,,,,,,,,,,,,,,,,,,,,,,,,,,,,,,,,,,,,,,,,,,,,,,,,,,,,,,,,,,,,,,,,,,,,,,,,,,,,,886.425,890.125,51adee0cf05d629970d0f59494a47e585db3cb9ad3c7655eeaa4e9f0a2366867,13.76,8,merkle,21.0,1,230.992,230.992,1,1,2,400,13696,6,75,1,fanout_f32_l16,off,230.992,0,1,230.992,100,100,100,size-scaling-k75-c300-n40000000-f32-k75-c300-fanout_f32_l16-merkle-r1,1,516,32,1,128,1032,264775.173,300,6848,40000000,1,
2,2,full,6,262252.9201607704,1,0,75,64,1,4,4,150,1032,1032,13696,6,0.146,0,0,0,0,300,mixed,516,1,265221.397,size-scaling-k75-c300,32,0,516,64,4,75,1,1,0,0,0,0,0,0,0,0,0,0,0,0,0,0,0,0,0,0,0,0,0,0,0,0,0,0,0,0,0,0,0,0,0,0,0,0,0,0,0,0,0,0,0,0,0,0,0,0,0,0,0,0,0,0,0,0,0,0,0,0,0,0,0,0,0,20544,0,6848,6848,6848,1,0,1,200,200,0,0,0,0,0,20544,0,6848,6848,6848,1,0,1,200,200,,,,,,,,,,,,,,,,,,,,,,,,,,,,,,,,,,,,,,,,,,,,,,,,,,,,,,,,,,,,,,,,,,,,,,,,,,,,,,,,,,,,,,,,,,,,,,,,,,,,,,,,,,,,,,,,,,,,,,,,,,,,,,,,,,,,,,,,,,,,,,,,,,,,,,,,,,,,,,,,,,,,,,,,,,,,,,,,,,,,,,,,,,,,,,,,,,,,,,,,,,,,,,,,,,,,,,,,,,,,,,,,,,,,,,,,,,,,,,,,,835.842,839.504,51adee0cf05d629970d0f59494a47e585db3cb9ad3c7655eeaa4e9f0a2366867,13.76,8,merkle,21.0,1,241.173,241.173,1,1,2,400,13696,6,75,1,fanout_f32_l16,off,241.173,0,2,241.173,100,100,100,size-scaling-k75-c300-n40000000-f32-k75-c300-fanout_f32_l16-merkle-r2,1,516,32,1,128,1032,265221.397,300,6848,40000000,1,
2,2,full,6,261276.2568473816,1,0,75,64,1,4,4,150,1032,1032,13696,6,0.144,0,0,0,0,300,mixed,516,1,264287.494,size-scaling-k75-c300,32,0,516,64,4,75,1,1,0,0,0,0,0,0,0,0,0,0,0,0,0,0,0,0,0,0,0,0,0,0,0,0,0,0,0,0,0,0,0,0,0,0,0,0,0,0,0,0,0,0,0,0,0,0,0,0,0,0,0,0,0,0,0,0,0,0,0,0,0,0,0,0,0,20544,0,6848,6848,6848,1,0,1,200,200,0,0,0,0,0,20544,0,6848,6848,6848,1,0,1,200,200,,,,,,,,,,,,,,,,,,,,,,,,,,,,,,,,,,,,,,,,,,,,,,,,,,,,,,,,,,,,,,,,,,,,,,,,,,,,,,,,,,,,,,,,,,,,,,,,,,,,,,,,,,,,,,,,,,,,,,,,,,,,,,,,,,,,,,,,,,,,,,,,,,,,,,,,,,,,,,,,,,,,,,,,,,,,,,,,,,,,,,,,,,,,,,,,,,,,,,,,,,,,,,,,,,,,,,,,,,,,,,,,,,,,,,,,,,,,,,,,,886.815,890.55,51adee0cf05d629970d0f59494a47e585db3cb9ad3c7655eeaa4e9f0a2366867,13.76,8,merkle,21.0,1,232.095,232.095,1,1,2,400,13696,6,75,1,fanout_f32_l16,off,232.095,0,3,232.095,100,100,100,size-scaling-k75-c300-n40000000-f32-k75-c300-fanout_f32_l16-merkle-r3,1,516,32,1,128,1032,264287.494,300,6848,40000000,1,
2,2,full,6,262753.01346969604,1,0,75,64,1,4,4,150,1032,1032,13696,6,0.142,0,0,0,0,300,mixed,516,1,265762.736,size-scaling-k75-c300,32,0,516,64,4,75,1,1,0,0,0,0,0,0,0,0,0,0,0,0,0,0,0,0,0,0,0,0,0,0,0,0,0,0,0,0,0,0,0,0,0,0,0,0,0,0,0,0,0,0,0,0,0,0,0,0,0,0,0,0,0,0,0,0,0,0,0,0,0,0,0,0,0,20544,0,6848,6848,6848,1,0,1,200,200,0,0,0,0,0,20544,0,6848,6848,6848,1,0,1,200,200,,,,,,,,,,,,,,,,,,,,,,,,,,,,,,,,,,,,,,,,,,,,,,,,,,,,,,,,,,,,,,,,,,,,,,,,,,,,,,,,,,,,,,,,,,,,,,,,,,,,,,,,,,,,,,,,,,,,,,,,,,,,,,,,,,,,,,,,,,,,,,,,,,,,,,,,,,,,,,,,,,,,,,,,,,,,,,,,,,,,,,,,,,,,,,,,,,,,,,,,,,,,,,,,,,,,,,,,,,,,,,,,,,,,,,,,,,,,,,,,,886.576,890.219,51adee0cf05d629970d0f59494a47e585db3cb9ad3c7655eeaa4e9f0a2366867,13.76,8,merkle,21.0,1,231.210,231.210,1,1,2,400,13696,6,75,1,fanout_f32_l16,off,231.210,0,4,231.210,100,100,100,size-scaling-k75-c300-n40000000-f32-k75-c300-fanout_f32_l16-merkle-r4,1,516,32,1,128,1032,265762.736,300,6848,40000000,1,
2,2,full,6,261533.90100860596,1,0,75,64,1,4,4,150,1032,1032,13696,6,0.142,0,0,0,0,300,mixed,516,1,264543.815,size-scaling-k75-c300,32,0,516,64,4,75,1,1,0,0,0,0,0,0,0,0,0,0,0,0,0,0,0,0,0,0,0,0,0,0,0,0,0,0,0,0,0,0,0,0,0,0,0,0,0,0,0,0,0,0,0,0,0,0,0,0,0,0,0,0,0,0,0,0,0,0,0,0,0,0,0,0,0,20544,0,6848,6848,6848,1,0,1,200,200,0,0,0,0,0,20544,0,6848,6848,6848,1,0,1,200,200,,,,,,,,,,,,,,,,,,,,,,,,,,,,,,,,,,,,,,,,,,,,,,,,,,,,,,,,,,,,,,,,,,,,,,,,,,,,,,,,,,,,,,,,,,,,,,,,,,,,,,,,,,,,,,,,,,,,,,,,,,,,,,,,,,,,,,,,,,,,,,,,,,,,,,,,,,,,,,,,,,,,,,,,,,,,,,,,,,,,,,,,,,,,,,,,,,,,,,,,,,,,,,,,,,,,,,,,,,,,,,,,,,,,,,,,,,,,,,,,,886.595,890.386,51adee0cf05d629970d0f59494a47e585db3cb9ad3c7655eeaa4e9f0a2366867,13.76,8,merkle,21.0,1,231.600,231.600,1,1,2,400,13696,6,75,1,fanout_f32_l16,off,231.600,0,5,231.600,100,100,100,size-scaling-k75-c300-n40000000-f32-k75-c300-fanout_f32_l16-merkle-r5,1,516,32,1,128,1032,264543.815,300,6848,40000000,1,
2,2,full,6,262032.27614355087,1,0,75,64,1,4,4,150,1032,1032,13696,6,0.145,0,0,0,0,300,mixed,516,1,265041.058,size-scaling-k75-c300,32,0,516,64,4,75,1,1,0,0,0,0,0,0,0,0,0,0,0,0,0,0,0,0,0,0,0,0,0,0,0,0,0,0,0,0,0,0,0,0,0,0,0,0,0,0,0,0,0,0,0,0,0,0,0,0,0,0,0,0,0,0,0,0,0,0,0,0,0,0,0,0,0,20544,0,6848,6848,6848,1,0,1,200,200,0,0,0,0,0,20544,0,6848,6848,6848,1,0,1,200,200,,,,,,,,,,,,,,,,,,,,,,,,,,,,,,,,,,,,,,,,,,,,,,,,,,,,,,,,,,,,,,,,,,,,,,,,,,,,,,,,,,,,,,,,,,,,,,,,,,,,,,,,,,,,,,,,,,,,,,,,,,,,,,,,,,,,,,,,,,,,,,,,,,,,,,,,,,,,,,,,,,,,,,,,,,,,,,,,,,,,,,,,,,,,,,,,,,,,,,,,,,,,,,,,,,,,,,,,,,,,,,,,,,,,,,,,,,,,,,,,,886.43,890.053,51adee0cf05d629970d0f59494a47e585db3cb9ad3c7655eeaa4e9f0a2366867,13.76,8,merkle,21.0,1,230.485,230.485,1,1,2,400,13696,6,75,1,fanout_f32_l16,off,230.485,0,6,230.485,100,100,100,size-scaling-k75-c300-n40000000-f32-k75-c300-fanout_f32_l16-merkle-r6,1,516,32,1,128,1032,265041.058,300,6848,40000000,1,
2,2,full,6,261299.74933195114,1,0,75,64,1,4,4,150,1032,1032,13696,6,0.141,0,0,0,0,300,mixed,516,1,264308.753,size-scaling-k75-c300,32,0,516,64,4,75,1,1,0,0,0,0,0,0,0,0,0,0,0,0,0,0,0,0,0,0,0,0,0,0,0,0,0,0,0,0,0,0,0,0,0,0,0,0,0,0,0,0,0,0,0,0,0,0,0,0,0,0,0,0,0,0,0,0,0,0,0,0,0,0,0,0,0,20544,0,6848,6848,6848,1,0,1,200,200,0,0,0,0,0,20544,0,6848,6848,6848,1,0,1,200,200,,,,,,,,,,,,,,,,,,,,,,,,,,,,,,,,,,,,,,,,,,,,,,,,,,,,,,,,,,,,,,,,,,,,,,,,,,,,,,,,,,,,,,,,,,,,,,,,,,,,,,,,,,,,,,,,,,,,,,,,,,,,,,,,,,,,,,,,,,,,,,,,,,,,,,,,,,,,,,,,,,,,,,,,,,,,,,,,,,,,,,,,,,,,,,,,,,,,,,,,,,,,,,,,,,,,,,,,,,,,,,,,,,,,,,,,,,,,,,,,,886.718,890.464,51adee0cf05d629970d0f59494a47e585db3cb9ad3c7655eeaa4e9f0a2366867,13.76,8,merkle,21.0,1,230.387,230.387,1,1,2,400,13696,6,75,1,fanout_f32_l16,off,230.387,0,7,230.387,100,100,100,size-scaling-k75-c300-n40000000-f32-k75-c300-fanout_f32_l16-merkle-r7,1,516,32,1,128,1032,264308.753,300,6848,40000000,1,
2,2,full,6,262058.2035241127,1,0,75,64,1,4,4,150,1032,1032,13696,6,0.146,0,0,0,0,300,mixed,516,1,265069.038,size-scaling-k75-c300,32,0,516,64,4,75,1,1,0,0,0,0,0,0,0,0,0,0,0,0,0,0,0,0,0,0,0,0,0,0,0,0,0,0,0,0,0,0,0,0,0,0,0,0,0,0,0,0,0,0,0,0,0,0,0,0,0,0,0,0,0,0,0,0,0,0,0,0,0,0,0,0,0,20544,0,6848,6848,6848,1,0,1,200,200,0,0,0,0,0,20544,0,6848,6848,6848,1,0,1,200,200,,,,,,,,,,,,,,,,,,,,,,,,,,,,,,,,,,,,,,,,,,,,,,,,,,,,,,,,,,,,,,,,,,,,,,,,,,,,,,,,,,,,,,,,,,,,,,,,,,,,,,,,,,,,,,,,,,,,,,,,,,,,,,,,,,,,,,,,,,,,,,,,,,,,,,,,,,,,,,,,,,,,,,,,,,,,,,,,,,,,,,,,,,,,,,,,,,,,,,,,,,,,,,,,,,,,,,,,,,,,,,,,,,,,,,,,,,,,,,,,,886.379,889.864,51adee0cf05d629970d0f59494a47e585db3cb9ad3c7655eeaa4e9f0a2366867,13.76,8,merkle,21.0,1,232.342,232.342,1,1,2,400,13696,6,75,1,fanout_f32_l16,off,232.342,0,8,232.342,100,100,100,size-scaling-k75-c300-n40000000-f32-k75-c300-fanout_f32_l16-merkle-r8,1,516,32,1,128,1032,265069.038,300,6848,40000000,1,
2,2,full,6,263735.1742196083,1,0,75,64,1,4,4,150,1032,1032,13696,6,0.148,0,0,0,0,300,mixed,516,1,266752.193,size-scaling-k75-c300,32,0,516,64,4,75,1,1,0,0,0,0,0,0,0,0,0,0,0,0,0,0,0,0,0,0,0,0,0,0,0,0,0,0,0,0,0,0,0,0,0,0,0,0,0,0,0,0,0,0,0,0,0,0,0,0,0,0,0,0,0,0,0,0,0,0,0,0,0,0,0,0,0,20544,0,6848,6848,6848,1,0,1,200,200,0,0,0,0,0,20544,0,6848,6848,6848,1,0,1,200,200,,,,,,,,,,,,,,,,,,,,,,,,,,,,,,,,,,,,,,,,,,,,,,,,,,,,,,,,,,,,,,,,,,,,,,,,,,,,,,,,,,,,,,,,,,,,,,,,,,,,,,,,,,,,,,,,,,,,,,,,,,,,,,,,,,,,,,,,,,,,,,,,,,,,,,,,,,,,,,,,,,,,,,,,,,,,,,,,,,,,,,,,,,,,,,,,,,,,,,,,,,,,,,,,,,,,,,,,,,,,,,,,,,,,,,,,,,,,,,,,,887.25,890.985,51adee0cf05d629970d0f59494a47e585db3cb9ad3c7655eeaa4e9f0a2366867,13.76,8,merkle,21.0,1,236.633,236.633,1,1,2,400,13696,6,75,1,fanout_f32_l16,off,236.633,0,9,236.633,100,100,100,size-scaling-k75-c300-n40000000-f32-k75-c300-fanout_f32_l16-merkle-r9,1,516,32,1,128,1032,266752.193,300,6848,40000000,1,
2,2,full,6,33574.60842037201,1,0,75,61,1,4,4,150,3442,3442,9024,6,0.149,0,0,0,0,300,mixed,1721,1,36529.413,size-scaling-k75-c300,32,0,1721,64,4,75,1,1,0,0,0,0,0,0,0,0,0,0,0,0,0,0,0,0,0,0,0,0,0,0,0,0,0,0,0,0,0,0,0,0,0,0,0,0,0,0,0,0,0,0,0,0,0,0,0,0,0,0,0,0,0,0,0,0,0,0,0,0,0,0,0,0,0,0,0,0,0,0,0,0,0,0,0,0,0,0,0,0,0,0,0,0,0,0,0,0,0,0,0,0,0,0,0,13536,0,4512,4512,4512,1,0,1,200,200,0,0,0,0,0,13536,0,4512,4512,4512,1,0,1,200,200,,,,,,,,,,,,,,,,,,,,,,,,,,,,,,,,,,,,,,,,,,,,,,,,,,,,,,,,,,,,,,,,,,,,,,,,,,,,,,,,,,,,,,,,,,,,,,,,,,,,,,,,,,,,,,,,,,,,,,,,,,,,,,,,,,,,,,,,,,,,,,,,,,,,,,,,,,,,,,,,,,,,,,,,,,,,,,,,,,,,,,,,,,,,,,,,,,,,,,,,,,,,,,,,,,,887.071,891.055,e757766a605948525a73fc45e935b5611c69954829bc4cf880e3dc38f9ff77dd,45.89333333333333,8,merkle,62.0,1,225.405,225.405,1,1,2,400,9024,6,75,1,fanout_f32_l16,off,225.405,0,0,225.405,100,100,100,size-scaling-k75-c300-n5000000-f32-k75-c300-fanout_f32_l16-merkle-r0,1,1721,32,1,122,3442,36529.413,300,4512,5000000,1,
2,2,full,6,33714.00281953812,1,0,75,61,1,4,4,150,3442,3442,9024,6,0.148,0,0,0,0,300,mixed,1721,1,36659.019,size-scaling-k75-c300,32,0,1721,64,4,75,1,1,0,0,0,0,0,0,0,0,0,0,0,0,0,0,0,0,0,0,0,0,0,0,0,0,0,0,0,0,0,0,0,0,0,0,0,0,0,0,0,0,0,0,0,0,0,0,0,0,0,0,0,0,0,0,0,0,0,0,0,0,0,0,0,0,0,0,0,0,0,0,0,0,0,0,0,0,0,0,0,0,0,0,0,0,0,0,0,0,0,0,0,0,0,0,0,13536,0,4512,4512,4512,1,0,1,200,200,0,0,0,0,0,13536,0,4512,4512,4512,1,0,1,200,200,,,,,,,,,,,,,,,,,,,,,,,,,,,,,,,,,,,,,,,,,,,,,,,,,,,,,,,,,,,,,,,,,,,,,,,,,,,,,,,,,,,,,,,,,,,,,,,,,,,,,,,,,,,,,,,,,,,,,,,,,,,,,,,,,,,,,,,,,,,,,,,,,,,,,,,,,,,,,,,,,,,,,,,,,,,,,,,,,,,,,,,,,,,,,,,,,,,,,,,,,,,,,,,,,,,887.073,891.224,e757766a605948525a73fc45e935b5611c69954829bc4cf880e3dc38f9ff77dd,45.89333333333333,8,merkle,62.0,1,215.403,215.403,1,1,2,400,9024,6,75,1,fanout_f32_l16,off,215.403,0,1,215.403,100,100,100,size-scaling-k75-c300-n5000000-f32-k75-c300-fanout_f32_l16-merkle-r1,1,1721,32,1,122,3442,36659.019,300,4512,5000000,1,
2,2,full,6,33670.08262205124,1,0,75,61,1,4,4,150,3442,3442,9024,6,0.152,0,0,0,0,300,mixed,1721,1,36618.207,size-scaling-k75-c300,32,0,1721,64,4,75,1,1,0,0,0,0,0,0,0,0,0,0,0,0,0,0,0,0,0,0,0,0,0,0,0,0,0,0,0,0,0,0,0,0,0,0,0,0,0,0,0,0,0,0,0,0,0,0,0,0,0,0,0,0,0,0,0,0,0,0,0,0,0,0,0,0,0,0,0,0,0,0,0,0,0,0,0,0,0,0,0,0,0,0,0,0,0,0,0,0,0,0,0,0,0,0,0,13536,0,4512,4512,4512,1,0,1,200,200,0,0,0,0,0,13536,0,4512,4512,4512,1,0,1,200,200,,,,,,,,,,,,,,,,,,,,,,,,,,,,,,,,,,,,,,,,,,,,,,,,,,,,,,,,,,,,,,,,,,,,,,,,,,,,,,,,,,,,,,,,,,,,,,,,,,,,,,,,,,,,,,,,,,,,,,,,,,,,,,,,,,,,,,,,,,,,,,,,,,,,,,,,,,,,,,,,,,,,,,,,,,,,,,,,,,,,,,,,,,,,,,,,,,,,,,,,,,,,,,,,,,,886.992,891.201,e757766a605948525a73fc45e935b5611c69954829bc4cf880e3dc38f9ff77dd,45.89333333333333,8,merkle,62.0,1,218.976,218.976,1,1,2,400,9024,6,75,1,fanout_f32_l16,off,218.976,0,2,218.976,100,100,100,size-scaling-k75-c300-n5000000-f32-k75-c300-fanout_f32_l16-merkle-r2,1,1721,32,1,122,3442,36618.207,300,4512,5000000,1,
2,2,full,6,33620.667783260345,1,0,75,61,1,4,4,150,3442,3442,9024,6,0.149,0,0,0,0,300,mixed,1721,1,36565.453,size-scaling-k75-c300,32,0,1721,64,4,75,1,1,0,0,0,0,0,0,0,0,0,0,0,0,0,0,0,0,0,0,0,0,0,0,0,0,0,0,0,0,0,0,0,0,0,0,0,0,0,0,0,0,0,0,0,0,0,0,0,0,0,0,0,0,0,0,0,0,0,0,0,0,0,0,0,0,0,0,0,0,0,0,0,0,0,0,0,0,0,0,0,0,0,0,0,0,0,0,0,0,0,0,0,0,0,0,0,13536,0,4512,4512,4512,1,0,1,200,200,0,0,0,0,0,13536,0,4512,4512,4512,1,0,1,200,200,,,,,,,,,,,,,,,,,,,,,,,,,,,,,,,,,,,,,,,,,,,,,,,,,,,,,,,,,,,,,,,,,,,,,,,,,,,,,,,,,,,,,,,,,,,,,,,,,,,,,,,,,,,,,,,,,,,,,,,,,,,,,,,,,,,,,,,,,,,,,,,,,,,,,,,,,,,,,,,,,,,,,,,,,,,,,,,,,,,,,,,,,,,,,,,,,,,,,,,,,,,,,,,,,,,886.871,891.053,e757766a605948525a73fc45e935b5611c69954829bc4cf880e3dc38f9ff77dd,45.89333333333333,8,merkle,62.0,1,215.806,215.806,1,1,2,400,9024,6,75,1,fanout_f32_l16,off,215.806,0,3,215.806,100,100,100,size-scaling-k75-c300-n5000000-f32-k75-c300-fanout_f32_l16-merkle-r3,1,1721,32,1,122,3442,36565.453,300,4512,5000000,1,
2,2,full,6,33549.258728027344,1,0,75,61,1,4,4,150,3442,3442,9024,6,0.200,0,0,0,0,300,mixed,1721,1,36497.658,size-scaling-k75-c300,32,0,1721,64,4,75,1,1,0,0,0,0,0,0,0,0,0,0,0,0,0,0,0,0,0,0,0,0,0,0,0,0,0,0,0,0,0,0,0,0,0,0,0,0,0,0,0,0,0,0,0,0,0,0,0,0,0,0,0,0,0,0,0,0,0,0,0,0,0,0,0,0,0,0,0,0,0,0,0,0,0,0,0,0,0,0,0,0,0,0,0,0,0,0,0,0,0,0,0,0,0,0,0,13536,0,4512,4512,4512,1,0,1,200,200,0,0,0,0,0,13536,0,4512,4512,4512,1,0,1,200,200,,,,,,,,,,,,,,,,,,,,,,,,,,,,,,,,,,,,,,,,,,,,,,,,,,,,,,,,,,,,,,,,,,,,,,,,,,,,,,,,,,,,,,,,,,,,,,,,,,,,,,,,,,,,,,,,,,,,,,,,,,,,,,,,,,,,,,,,,,,,,,,,,,,,,,,,,,,,,,,,,,,,,,,,,,,,,,,,,,,,,,,,,,,,,,,,,,,,,,,,,,,,,,,,,,,887.021,891.239,e757766a605948525a73fc45e935b5611c69954829bc4cf880e3dc38f9ff77dd,45.89333333333333,8,merkle,62.0,1,218.540,218.540,1,1,2,400,9024,6,75,1,fanout_f32_l16,off,218.540,0,4,218.540,100,100,100,size-scaling-k75-c300-n5000000-f32-k75-c300-fanout_f32_l16-merkle-r4,1,1721,32,1,122,3442,36497.658,300,4512,5000000,1,
2,2,full,6,33490.13769006729,1,0,75,61,1,4,4,150,3442,3442,9024,6,0.150,0,0,0,0,300,mixed,1721,1,36433.470,size-scaling-k75-c300,32,0,1721,64,4,75,1,1,0,0,0,0,0,0,0,0,0,0,0,0,0,0,0,0,0,0,0,0,0,0,0,0,0,0,0,0,0,0,0,0,0,0,0,0,0,0,0,0,0,0,0,0,0,0,0,0,0,0,0,0,0,0,0,0,0,0,0,0,0,0,0,0,0,0,0,0,0,0,0,0,0,0,0,0,0,0,0,0,0,0,0,0,0,0,0,0,0,0,0,0,0,0,0,13536,0,4512,4512,4512,1,0,1,200,200,0,0,0,0,0,13536,0,4512,4512,4512,1,0,1,200,200,,,,,,,,,,,,,,,,,,,,,,,,,,,,,,,,,,,,,,,,,,,,,,,,,,,,,,,,,,,,,,,,,,,,,,,,,,,,,,,,,,,,,,,,,,,,,,,,,,,,,,,,,,,,,,,,,,,,,,,,,,,,,,,,,,,,,,,,,,,,,,,,,,,,,,,,,,,,,,,,,,,,,,,,,,,,,,,,,,,,,,,,,,,,,,,,,,,,,,,,,,,,,,,,,,,886.941,890.962,e757766a605948525a73fc45e935b5611c69954829bc4cf880e3dc38f9ff77dd,45.89333333333333,8,merkle,62.0,1,214.532,214.532,1,1,2,400,9024,6,75,1,fanout_f32_l16,off,214.532,0,5,214.532,100,100,100,size-scaling-k75-c300-n5000000-f32-k75-c300-fanout_f32_l16-merkle-r5,1,1721,32,1,122,3442,36433.470,300,4512,5000000,1,
2,2,full,6,33605.08966064453,1,0,75,61,1,4,4,150,3442,3442,9024,6,0.149,0,0,0,0,300,mixed,1721,1,36551.150,size-scaling-k75-c300,32,0,1721,64,4,75,1,1,0,0,0,0,0,0,0,0,0,0,0,0,0,0,0,0,0,0,0,0,0,0,0,0,0,0,0,0,0,0,0,0,0,0,0,0,0,0,0,0,0,0,0,0,0,0,0,0,0,0,0,0,0,0,0,0,0,0,0,0,0,0,0,0,0,0,0,0,0,0,0,0,0,0,0,0,0,0,0,0,0,0,0,0,0,0,0,0,0,0,0,0,0,0,0,13536,0,4512,4512,4512,1,0,1,200,200,0,0,0,0,0,13536,0,4512,4512,4512,1,0,1,200,200,,,,,,,,,,,,,,,,,,,,,,,,,,,,,,,,,,,,,,,,,,,,,,,,,,,,,,,,,,,,,,,,,,,,,,,,,,,,,,,,,,,,,,,,,,,,,,,,,,,,,,,,,,,,,,,,,,,,,,,,,,,,,,,,,,,,,,,,,,,,,,,,,,,,,,,,,,,,,,,,,,,,,,,,,,,,,,,,,,,,,,,,,,,,,,,,,,,,,,,,,,,,,,,,,,,886.876,891.075,e757766a605948525a73fc45e935b5611c69954829bc4cf880e3dc38f9ff77dd,45.89333333333333,8,merkle,62.0,1,218.097,218.097,1,1,2,400,9024,6,75,1,fanout_f32_l16,off,218.097,0,6,218.097,100,100,100,size-scaling-k75-c300-n5000000-f32-k75-c300-fanout_f32_l16-merkle-r6,1,1721,32,1,122,3442,36551.150,300,4512,5000000,1,
2,2,full,6,33590.179376125336,1,0,75,61,1,4,4,150,3442,3442,9024,6,0.150,0,0,0,0,300,mixed,1721,1,36540.617,size-scaling-k75-c300,32,0,1721,64,4,75,1,1,0,0,0,0,0,0,0,0,0,0,0,0,0,0,0,0,0,0,0,0,0,0,0,0,0,0,0,0,0,0,0,0,0,0,0,0,0,0,0,0,0,0,0,0,0,0,0,0,0,0,0,0,0,0,0,0,0,0,0,0,0,0,0,0,0,0,0,0,0,0,0,0,0,0,0,0,0,0,0,0,0,0,0,0,0,0,0,0,0,0,0,0,0,0,0,13536,0,4512,4512,4512,1,0,1,200,200,0,0,0,0,0,13536,0,4512,4512,4512,1,0,1,200,200,,,,,,,,,,,,,,,,,,,,,,,,,,,,,,,,,,,,,,,,,,,,,,,,,,,,,,,,,,,,,,,,,,,,,,,,,,,,,,,,,,,,,,,,,,,,,,,,,,,,,,,,,,,,,,,,,,,,,,,,,,,,,,,,,,,,,,,,,,,,,,,,,,,,,,,,,,,,,,,,,,,,,,,,,,,,,,,,,,,,,,,,,,,,,,,,,,,,,,,,,,,,,,,,,,,887.189,891.416,e757766a605948525a73fc45e935b5611c69954829bc4cf880e3dc38f9ff77dd,45.89333333333333,8,merkle,62.0,1,221.358,221.358,1,1,2,400,9024,6,75,1,fanout_f32_l16,off,221.358,0,7,221.358,100,100,100,size-scaling-k75-c300-n5000000-f32-k75-c300-fanout_f32_l16-merkle-r7,1,1721,32,1,122,3442,36540.617,300,4512,5000000,1,
2,2,full,6,34026.39349603653,1,0,75,61,1,4,4,150,3442,3442,9024,6,0.147,0,0,0,0,300,mixed,1721,1,37016.835,size-scaling-k75-c300,32,0,1721,64,4,75,1,1,0,0,0,0,0,0,0,0,0,0,0,0,0,0,0,0,0,0,0,0,0,0,0,0,0,0,0,0,0,0,0,0,0,0,0,0,0,0,0,0,0,0,0,0,0,0,0,0,0,0,0,0,0,0,0,0,0,0,0,0,0,0,0,0,0,0,0,0,0,0,0,0,0,0,0,0,0,0,0,0,0,0,0,0,0,0,0,0,0,0,0,0,0,0,0,13536,0,4512,4512,4512,1,0,1,200,200,0,0,0,0,0,13536,0,4512,4512,4512,1,0,1,200,200,,,,,,,,,,,,,,,,,,,,,,,,,,,,,,,,,,,,,,,,,,,,,,,,,,,,,,,,,,,,,,,,,,,,,,,,,,,,,,,,,,,,,,,,,,,,,,,,,,,,,,,,,,,,,,,,,,,,,,,,,,,,,,,,,,,,,,,,,,,,,,,,,,,,,,,,,,,,,,,,,,,,,,,,,,,,,,,,,,,,,,,,,,,,,,,,,,,,,,,,,,,,,,,,,,,937.799,941.971,e757766a605948525a73fc45e935b5611c69954829bc4cf880e3dc38f9ff77dd,45.89333333333333,8,merkle,62.0,1,210.208,210.208,1,1,2,400,9024,6,75,1,fanout_f32_l16,off,210.208,0,8,210.208,100,100,100,size-scaling-k75-c300-n5000000-f32-k75-c300-fanout_f32_l16-merkle-r8,1,1721,32,1,122,3442,37016.835,300,4512,5000000,1,
2,2,full,6,33502.72262048721,1,0,75,61,1,4,4,150,3442,3442,9024,6,0.158,0,0,0,0,300,mixed,1721,1,36461.362,size-scaling-k75-c300,32,0,1721,64,4,75,1,1,0,0,0,0,0,0,0,0,0,0,0,0,0,0,0,0,0,0,0,0,0,0,0,0,0,0,0,0,0,0,0,0,0,0,0,0,0,0,0,0,0,0,0,0,0,0,0,0,0,0,0,0,0,0,0,0,0,0,0,0,0,0,0,0,0,0,0,0,0,0,0,0,0,0,0,0,0,0,0,0,0,0,0,0,0,0,0,0,0,0,0,0,0,0,0,13536,0,4512,4512,4512,1,0,1,200,200,0,0,0,0,0,13536,0,4512,4512,4512,1,0,1,200,200,,,,,,,,,,,,,,,,,,,,,,,,,,,,,,,,,,,,,,,,,,,,,,,,,,,,,,,,,,,,,,,,,,,,,,,,,,,,,,,,,,,,,,,,,,,,,,,,,,,,,,,,,,,,,,,,,,,,,,,,,,,,,,,,,,,,,,,,,,,,,,,,,,,,,,,,,,,,,,,,,,,,,,,,,,,,,,,,,,,,,,,,,,,,,,,,,,,,,,,,,,,,,,,,,,,886.926,891.018,e757766a605948525a73fc45e935b5611c69954829bc4cf880e3dc38f9ff77dd,45.89333333333333,8,merkle,62.0,1,230.253,230.253,1,1,2,400,9024,6,75,1,fanout_f32_l16,off,230.253,0,9,230.253,100,100,100,size-scaling-k75-c300-n5000000-f32-k75-c300-fanout_f32_l16-merkle-r9,1,1721,32,1,122,3442,36461.362,300,4512,5000000,1,
2,2,full,6,46516.38939666748,1,0,75,64,1,4,4,150,2004,2004,11840,6,0.160,0,0,0,0,300,mixed,1002,1,49551.950,size-scaling-k75-c300,32,0,1002,64,4,75,1,1,0,0,0,0,0,0,0,0,0,0,0,0,0,0,0,0,0,0,0,0,0,0,0,0,0,0,0,0,0,0,0,0,0,0,0,0,0,0,0,0,0,0,0,0,0,0,0,0,0,0,0,0,0,0,0,0,0,0,0,0,0,0,0,0,0,0,0,0,0,0,0,0,0,0,0,0,0,0,0,0,0,0,0,0,0,0,0,0,0,0,0,0,0,0,0,0,0,0,0,0,0,0,0,0,0,0,0,0,0,0,0,0,0,0,0,0,0,0,0,0,0,0,0,0,0,17760,0,5920,5920,5920,1,0,1,200,200,0,0,0,0,0,17760,0,5920,5920,5920,1,0,1,200,200,,,,,,,,,,,,,,,,,,,,,,,,,,,,,,,,,,,,,,,,,,,,,,,,,,,,,,,,,,,,,,,,,,,,,,,,,,,,,,,,,,,,,,,,,,,,,,,,,,,,,,,,,,,,,,,,,,,,,,,,,,,,,,,,,,,,,,,,,,,,,,,,,,,,,,,,,,,,,,,,,,,,,,,,,,,,,,,,,,,,,887.112,891.755,559d07a78ac9d6364a33119a4c3e30d0e57a02be6d60035e34656967d336b44b,26.72,8,merkle,63.0,1,254.807,254.807,1,1,2,400,11840,6,75,1,fanout_f32_l16,off,254.807,0,0,254.807,100,100,100,size-scaling-k75-c300-n7000000-f32-k75-c300-fanout_f32_l16-merkle-r0,1,1002,32,1,128,2004,49551.950,300,5920,7000000,1,
2,2,full,6,46613.44048213959,1,0,75,64,1,4,4,150,2004,2004,11840,6,0.142,0,0,0,0,300,mixed,1002,1,49620.650,size-scaling-k75-c300,32,0,1002,64,4,75,1,1,0,0,0,0,0,0,0,0,0,0,0,0,0,0,0,0,0,0,0,0,0,0,0,0,0,0,0,0,0,0,0,0,0,0,0,0,0,0,0,0,0,0,0,0,0,0,0,0,0,0,0,0,0,0,0,0,0,0,0,0,0,0,0,0,0,0,0,0,0,0,0,0,0,0,0,0,0,0,0,0,0,0,0,0,0,0,0,0,0,0,0,0,0,0,0,0,0,0,0,0,0,0,0,0,0,0,0,0,0,0,0,0,0,0,0,0,0,0,0,0,0,0,0,0,0,17760,0,5920,5920,5920,1,0,1,200,200,0,0,0,0,0,17760,0,5920,5920,5920,1,0,1,200,200,,,,,,,,,,,,,,,,,,,,,,,,,,,,,,,,,,,,,,,,,,,,,,,,,,,,,,,,,,,,,,,,,,,,,,,,,,,,,,,,,,,,,,,,,,,,,,,,,,,,,,,,,,,,,,,,,,,,,,,,,,,,,,,,,,,,,,,,,,,,,,,,,,,,,,,,,,,,,,,,,,,,,,,,,,,,,,,,,,,,,886.99,891.583,559d07a78ac9d6364a33119a4c3e30d0e57a02be6d60035e34656967d336b44b,26.72,8,merkle,63.0,1,226.426,226.426,1,1,2,400,11840,6,75,1,fanout_f32_l16,off,226.426,0,1,226.426,100,100,100,size-scaling-k75-c300-n7000000-f32-k75-c300-fanout_f32_l16-merkle-r1,1,1002,32,1,128,2004,49620.650,300,5920,7000000,1,
2,2,full,6,46529.59458589554,1,0,75,64,1,4,4,150,2004,2004,11840,6,0.157,0,0,0,0,300,mixed,1002,1,49536.851,size-scaling-k75-c300,32,0,1002,64,4,75,1,1,0,0,0,0,0,0,0,0,0,0,0,0,0,0,0,0,0,0,0,0,0,0,0,0,0,0,0,0,0,0,0,0,0,0,0,0,0,0,0,0,0,0,0,0,0,0,0,0,0,0,0,0,0,0,0,0,0,0,0,0,0,0,0,0,0,0,0,0,0,0,0,0,0,0,0,0,0,0,0,0,0,0,0,0,0,0,0,0,0,0,0,0,0,0,0,0,0,0,0,0,0,0,0,0,0,0,0,0,0,0,0,0,0,0,0,0,0,0,0,0,0,0,0,0,0,17760,0,5920,5920,5920,1,0,1,200,200,0,0,0,0,0,17760,0,5920,5920,5920,1,0,1,200,200,,,,,,,,,,,,,,,,,,,,,,,,,,,,,,,,,,,,,,,,,,,,,,,,,,,,,,,,,,,,,,,,,,,,,,,,,,,,,,,,,,,,,,,,,,,,,,,,,,,,,,,,,,,,,,,,,,,,,,,,,,,,,,,,,,,,,,,,,,,,,,,,,,,,,,,,,,,,,,,,,,,,,,,,,,,,,,,,,,,,,886.887,891.433,559d07a78ac9d6364a33119a4c3e30d0e57a02be6d60035e34656967d336b44b,26.72,8,merkle,63.0,1,226.857,226.857,1,1,2,400,11840,6,75,1,fanout_f32_l16,off,226.857,0,2,226.857,100,100,100,size-scaling-k75-c300-n7000000-f32-k75-c300-fanout_f32_l16-merkle-r2,1,1002,32,1,128,2004,49536.851,300,5920,7000000,1,
2,2,full,6,46446.34664058685,1,0,75,64,1,4,4,150,2004,2004,11840,6,0.146,0,0,0,0,300,mixed,1002,1,49453.459,size-scaling-k75-c300,32,0,1002,64,4,75,1,1,0,0,0,0,0,0,0,0,0,0,0,0,0,0,0,0,0,0,0,0,0,0,0,0,0,0,0,0,0,0,0,0,0,0,0,0,0,0,0,0,0,0,0,0,0,0,0,0,0,0,0,0,0,0,0,0,0,0,0,0,0,0,0,0,0,0,0,0,0,0,0,0,0,0,0,0,0,0,0,0,0,0,0,0,0,0,0,0,0,0,0,0,0,0,0,0,0,0,0,0,0,0,0,0,0,0,0,0,0,0,0,0,0,0,0,0,0,0,0,0,0,0,0,0,0,17760,0,5920,5920,5920,1,0,1,200,200,0,0,0,0,0,17760,0,5920,5920,5920,1,0,1,200,200,,,,,,,,,,,,,,,,,,,,,,,,,,,,,,,,,,,,,,,,,,,,,,,,,,,,,,,,,,,,,,,,,,,,,,,,,,,,,,,,,,,,,,,,,,,,,,,,,,,,,,,,,,,,,,,,,,,,,,,,,,,,,,,,,,,,,,,,,,,,,,,,,,,,,,,,,,,,,,,,,,,,,,,,,,,,,,,,,,,,,887.101,891.731,559d07a78ac9d6364a33119a4c3e30d0e57a02be6d60035e34656967d336b44b,26.72,8,merkle,63.0,1,226.715,226.715,1,1,2,400,11840,6,75,1,fanout_f32_l16,off,226.715,0,3,226.715,100,100,100,size-scaling-k75-c300-n7000000-f32-k75-c300-fanout_f32_l16-merkle-r3,1,1002,32,1,128,2004,49453.459,300,5920,7000000,1,
2,2,full,6,46453.4956908226,1,0,75,64,1,4,4,150,2004,2004,11840,6,0.142,0,0,0,0,300,mixed,1002,1,49461.206,size-scaling-k75-c300,32,0,1002,64,4,75,1,1,0,0,0,0,0,0,0,0,0,0,0,0,0,0,0,0,0,0,0,0,0,0,0,0,0,0,0,0,0,0,0,0,0,0,0,0,0,0,0,0,0,0,0,0,0,0,0,0,0,0,0,0,0,0,0,0,0,0,0,0,0,0,0,0,0,0,0,0,0,0,0,0,0,0,0,0,0,0,0,0,0,0,0,0,0,0,0,0,0,0,0,0,0,0,0,0,0,0,0,0,0,0,0,0,0,0,0,0,0,0,0,0,0,0,0,0,0,0,0,0,0,0,0,0,0,17760,0,5920,5920,5920,1,0,1,200,200,0,0,0,0,0,17760,0,5920,5920,5920,1,0,1,200,200,,,,,,,,,,,,,,,,,,,,,,,,,,,,,,,,,,,,,,,,,,,,,,,,,,,,,,,,,,,,,,,,,,,,,,,,,,,,,,,,,,,,,,,,,,,,,,,,,,,,,,,,,,,,,,,,,,,,,,,,,,,,,,,,,,,,,,,,,,,,,,,,,,,,,,,,,,,,,,,,,,,,,,,,,,,,,,,,,,,,,886.977,891.428,559d07a78ac9d6364a33119a4c3e30d0e57a02be6d60035e34656967d336b44b,26.72,8,merkle,63.0,1,227.781,227.781,1,1,2,400,11840,6,75,1,fanout_f32_l16,off,227.781,0,4,227.781,100,100,100,size-scaling-k75-c300-n7000000-f32-k75-c300-fanout_f32_l16-merkle-r4,1,1002,32,1,128,2004,49461.206,300,5920,7000000,1,
2,2,full,6,46524.34586620331,1,0,75,64,1,4,4,150,2004,2004,11840,6,0.158,0,0,0,0,300,mixed,1002,1,49532.121,size-scaling-k75-c300,32,0,1002,64,4,75,1,1,0,0,0,0,0,0,0,0,0,0,0,0,0,0,0,0,0,0,0,0,0,0,0,0,0,0,0,0,0,0,0,0,0,0,0,0,0,0,0,0,0,0,0,0,0,0,0,0,0,0,0,0,0,0,0,0,0,0,0,0,0,0,0,0,0,0,0,0,0,0,0,0,0,0,0,0,0,0,0,0,0,0,0,0,0,0,0,0,0,0,0,0,0,0,0,0,0,0,0,0,0,0,0,0,0,0,0,0,0,0,0,0,0,0,0,0,0,0,0,0,0,0,0,0,0,17760,0,5920,5920,5920,1,0,1,200,200,0,0,0,0,0,17760,0,5920,5920,5920,1,0,1,200,200,,,,,,,,,,,,,,,,,,,,,,,,,,,,,,,,,,,,,,,,,,,,,,,,,,,,,,,,,,,,,,,,,,,,,,,,,,,,,,,,,,,,,,,,,,,,,,,,,,,,,,,,,,,,,,,,,,,,,,,,,,,,,,,,,,,,,,,,,,,,,,,,,,,,,,,,,,,,,,,,,,,,,,,,,,,,,,,,,,,,,887.177,891.823,559d07a78ac9d6364a33119a4c3e30d0e57a02be6d60035e34656967d336b44b,26.72,8,merkle,63.0,1,226.994,226.994,1,1,2,400,11840,6,75,1,fanout_f32_l16,off,226.994,0,5,226.994,100,100,100,size-scaling-k75-c300-n7000000-f32-k75-c300-fanout_f32_l16-merkle-r5,1,1002,32,1,128,2004,49532.121,300,5920,7000000,1,
2,2,full,6,46494.16302347183,1,0,75,64,1,4,4,150,2004,2004,11840,6,0.142,0,0,0,0,300,mixed,1002,1,49503.584,size-scaling-k75-c300,32,0,1002,64,4,75,1,1,0,0,0,0,0,0,0,0,0,0,0,0,0,0,0,0,0,0,0,0,0,0,0,0,0,0,0,0,0,0,0,0,0,0,0,0,0,0,0,0,0,0,0,0,0,0,0,0,0,0,0,0,0,0,0,0,0,0,0,0,0,0,0,0,0,0,0,0,0,0,0,0,0,0,0,0,0,0,0,0,0,0,0,0,0,0,0,0,0,0,0,0,0,0,0,0,0,0,0,0,0,0,0,0,0,0,0,0,0,0,0,0,0,0,0,0,0,0,0,0,0,0,0,0,0,17760,0,5920,5920,5920,1,0,1,200,200,0,0,0,0,0,17760,0,5920,5920,5920,1,0,1,200,200,,,,,,,,,,,,,,,,,,,,,,,,,,,,,,,,,,,,,,,,,,,,,,,,,,,,,,,,,,,,,,,,,,,,,,,,,,,,,,,,,,,,,,,,,,,,,,,,,,,,,,,,,,,,,,,,,,,,,,,,,,,,,,,,,,,,,,,,,,,,,,,,,,,,,,,,,,,,,,,,,,,,,,,,,,,,,,,,,,,,,887.386,892.065,559d07a78ac9d6364a33119a4c3e30d0e57a02be6d60035e34656967d336b44b,26.72,8,merkle,63.0,1,229.140,229.140,1,1,2,400,11840,6,75,1,fanout_f32_l16,off,229.140,0,6,229.140,100,100,100,size-scaling-k75-c300-n7000000-f32-k75-c300-fanout_f32_l16-merkle-r6,1,1002,32,1,128,2004,49503.584,300,5920,7000000,1,
2,2,full,6,47239.55775356293,1,0,75,64,1,4,4,150,2004,2004,11840,6,0.142,0,0,0,0,300,mixed,1002,1,50250.434,size-scaling-k75-c300,32,0,1002,64,4,75,1,1,0,0,0,0,0,0,0,0,0,0,0,0,0,0,0,0,0,0,0,0,0,0,0,0,0,0,0,0,0,0,0,0,0,0,0,0,0,0,0,0,0,0,0,0,0,0,0,0,0,0,0,0,0,0,0,0,0,0,0,0,0,0,0,0,0,0,0,0,0,0,0,0,0,0,0,0,0,0,0,0,0,0,0,0,0,0,0,0,0,0,0,0,0,0,0,0,0,0,0,0,0,0,0,0,0,0,0,0,0,0,0,0,0,0,0,0,0,0,0,0,0,0,0,0,0,17760,0,5920,5920,5920,1,0,1,200,200,0,0,0,0,0,17760,0,5920,5920,5920,1,0,1,200,200,,,,,,,,,,,,,,,,,,,,,,,,,,,,,,,,,,,,,,,,,,,,,,,,,,,,,,,,,,,,,,,,,,,,,,,,,,,,,,,,,,,,,,,,,,,,,,,,,,,,,,,,,,,,,,,,,,,,,,,,,,,,,,,,,,,,,,,,,,,,,,,,,,,,,,,,,,,,,,,,,,,,,,,,,,,,,,,,,,,,,887.118,891.577,559d07a78ac9d6364a33119a4c3e30d0e57a02be6d60035e34656967d336b44b,26.72,8,merkle,63.0,1,230.275,230.275,1,1,2,400,11840,6,75,1,fanout_f32_l16,off,230.275,0,7,230.275,100,100,100,size-scaling-k75-c300-n7000000-f32-k75-c300-fanout_f32_l16-merkle-r7,1,1002,32,1,128,2004,50250.434,300,5920,7000000,1,
2,2,full,6,46503.86283874512,1,0,75,64,1,4,4,150,2004,2004,11840,6,0.142,0,0,0,0,300,mixed,1002,1,49520.878,size-scaling-k75-c300,32,0,1002,64,4,75,1,1,0,0,0,0,0,0,0,0,0,0,0,0,0,0,0,0,0,0,0,0,0,0,0,0,0,0,0,0,0,0,0,0,0,0,0,0,0,0,0,0,0,0,0,0,0,0,0,0,0,0,0,0,0,0,0,0,0,0,0,0,0,0,0,0,0,0,0,0,0,0,0,0,0,0,0,0,0,0,0,0,0,0,0,0,0,0,0,0,0,0,0,0,0,0,0,0,0,0,0,0,0,0,0,0,0,0,0,0,0,0,0,0,0,0,0,0,0,0,0,0,0,0,0,0,0,17760,0,5920,5920,5920,1,0,1,200,200,0,0,0,0,0,17760,0,5920,5920,5920,1,0,1,200,200,,,,,,,,,,,,,,,,,,,,,,,,,,,,,,,,,,,,,,,,,,,,,,,,,,,,,,,,,,,,,,,,,,,,,,,,,,,,,,,,,,,,,,,,,,,,,,,,,,,,,,,,,,,,,,,,,,,,,,,,,,,,,,,,,,,,,,,,,,,,,,,,,,,,,,,,,,,,,,,,,,,,,,,,,,,,,,,,,,,,,887.624,892.102,559d07a78ac9d6364a33119a4c3e30d0e57a02be6d60035e34656967d336b44b,26.72,8,merkle,63.0,1,236.239,236.239,1,1,2,400,11840,6,75,1,fanout_f32_l16,off,236.239,0,8,236.239,100,100,100,size-scaling-k75-c300-n7000000-f32-k75-c300-fanout_f32_l16-merkle-r8,1,1002,32,1,128,2004,49520.878,300,5920,7000000,1,
2,2,full,6,46570.813596725464,1,0,75,64,1,4,4,150,2004,2004,11840,6,0.157,0,0,0,0,300,mixed,1002,1,49586.001,size-scaling-k75-c300,32,0,1002,64,4,75,1,1,0,0,0,0,0,0,0,0,0,0,0,0,0,0,0,0,0,0,0,0,0,0,0,0,0,0,0,0,0,0,0,0,0,0,0,0,0,0,0,0,0,0,0,0,0,0,0,0,0,0,0,0,0,0,0,0,0,0,0,0,0,0,0,0,0,0,0,0,0,0,0,0,0,0,0,0,0,0,0,0,0,0,0,0,0,0,0,0,0,0,0,0,0,0,0,0,0,0,0,0,0,0,0,0,0,0,0,0,0,0,0,0,0,0,0,0,0,0,0,0,0,0,0,0,0,17760,0,5920,5920,5920,1,0,1,200,200,0,0,0,0,0,17760,0,5920,5920,5920,1,0,1,200,200,,,,,,,,,,,,,,,,,,,,,,,,,,,,,,,,,,,,,,,,,,,,,,,,,,,,,,,,,,,,,,,,,,,,,,,,,,,,,,,,,,,,,,,,,,,,,,,,,,,,,,,,,,,,,,,,,,,,,,,,,,,,,,,,,,,,,,,,,,,,,,,,,,,,,,,,,,,,,,,,,,,,,,,,,,,,,,,,,,,,,886.894,891.427,559d07a78ac9d6364a33119a4c3e30d0e57a02be6d60035e34656967d336b44b,26.72,8,merkle,63.0,1,234.873,234.873,1,1,2,400,11840,6,75,1,fanout_f32_l16,off,234.873,0,9,234.873,100,100,100,size-scaling-k75-c300-n7000000-f32-k75-c300-fanout_f32_l16-merkle-r9,1,1002,32,1,128,2004,49586.001,300,5920,7000000,1,
2,2,full,6,7299.3729910850525,1,0,75,55,1,4,4,150,830,830,8256,4,0.146,0,0,0,0,300,mixed,415,1,10302.889,size-scaling-k75-c300,32,0,415,64,4,75,1,1,0,0,0,0,0,0,0,0,0,0,0,0,0,0,0,0,0,0,0,0,0,0,0,0,0,0,0,0,0,0,0,0,0,0,0,0,0,0,0,0,0,0,0,0,0,0,0,0,0,0,0,0,0,0,0,0,0,0,0,0,0,0,0,0,0,0,0,0,0,0,0,0,0,0,0,0,0,0,0,0,0,0,0,0,0,0,0,0,0,0,0,0,0,0,0,0,0,0,0,0,0,0,0,0,0,0,0,0,0,0,0,0,0,0,0,0,0,0,0,0,0,0,0,0,0,0,0,0,0,0,0,0,0,0,0,0,0,0,0,0,0,0,0,0,0,0,0,0,0,0,0,0,0,0,0,12384,0,4128,4128,4128,1,0,1,200,200,0,0,0,0,0,12384,0,4128,4128,4128,1,0,1,200,200,,,,,,,,,,,,,,,,,,,,,,,,,,,,,,,,,,,,,,,,,,,,,,,,,,,,,,,,,,,,,,,,,,,,,,,,,,,,,,,,,,,,,,,,,,,,,,,,,,,,,,,,,,,,,,,,,,,,,,,,,,,,,,,,,,,,,,,,,,,,,,,,,,,,,,,938.09,943.153,a6b24a85881f999f8766e1d8076e31adcf6c64909b7efb097df9f2ae7a871d64,11.066666666666666,8,merkle,17.0,1,170.854,170.854,1,1,2,400,8256,4,75,1,fanout_f32_l16,off,170.854,0,0,170.854,100,100,100,size-scaling-k75-c300-n1000000-f32-k75-c300-fanout_f32_l16-merkle-r0,1,415,32,1,110,830,10302.889,300,4128,1000000,1,
2,2,full,6,7336.058465957642,1,0,75,55,1,4,4,150,830,830,8256,4,0.147,0,0,0,0,300,mixed,415,1,10339.676,size-scaling-k75-c300,32,0,415,64,4,75,1,1,0,0,0,0,0,0,0,0,0,0,0,0,0,0,0,0,0,0,0,0,0,0,0,0,0,0,0,0,0,0,0,0,0,0,0,0,0,0,0,0,0,0,0,0,0,0,0,0,0,0,0,0,0,0,0,0,0,0,0,0,0,0,0,0,0,0,0,0,0,0,0,0,0,0,0,0,0,0,0,0,0,0,0,0,0,0,0,0,0,0,0,0,0,0,0,0,0,0,0,0,0,0,0,0,0,0,0,0,0,0,0,0,0,0,0,0,0,0,0,0,0,0,0,0,0,0,0,0,0,0,0,0,0,0,0,0,0,0,0,0,0,0,0,0,0,0,0,0,0,0,0,0,0,0,0,12384,0,4128,4128,4128,1,0,1,200,200,0,0,0,0,0,12384,0,4128,4128,4128,1,0,1,200,200,,,,,,,,,,,,,,,,,,,,,,,,,,,,,,,,,,,,,,,,,,,,,,,,,,,,,,,,,,,,,,,,,,,,,,,,,,,,,,,,,,,,,,,,,,,,,,,,,,,,,,,,,,,,,,,,,,,,,,,,,,,,,,,,,,,,,,,,,,,,,,,,,,,,,,,937.847,943.092,a6b24a85881f999f8766e1d8076e31adcf6c64909b7efb097df9f2ae7a871d64,11.066666666666666,8,merkle,17.0,1,171.353,171.353,1,1,2,400,8256,4,75,1,fanout_f32_l16,off,171.353,0,1,171.353,100,100,100,size-scaling-k75-c300-n1000000-f32-k75-c300-fanout_f32_l16-merkle-r1,1,415,32,1,110,830,10339.676,300,4128,1000000,1,
2,2,full,6,7310.893452644348,1,0,75,55,1,4,4,150,830,830,8256,4,0.150,0,0,0,0,300,mixed,415,1,10315.158,size-scaling-k75-c300,32,0,415,64,4,75,1,1,0,0,0,0,0,0,0,0,0,0,0,0,0,0,0,0,0,0,0,0,0,0,0,0,0,0,0,0,0,0,0,0,0,0,0,0,0,0,0,0,0,0,0,0,0,0,0,0,0,0,0,0,0,0,0,0,0,0,0,0,0,0,0,0,0,0,0,0,0,0,0,0,0,0,0,0,0,0,0,0,0,0,0,0,0,0,0,0,0,0,0,0,0,0,0,0,0,0,0,0,0,0,0,0,0,0,0,0,0,0,0,0,0,0,0,0,0,0,0,0,0,0,0,0,0,0,0,0,0,0,0,0,0,0,0,0,0,0,0,0,0,0,0,0,0,0,0,0,0,0,0,0,0,0,0,12384,0,4128,4128,4128,1,0,1,200,200,0,0,0,0,0,12384,0,4128,4128,4128,1,0,1,200,200,,,,,,,,,,,,,,,,,,,,,,,,,,,,,,,,,,,,,,,,,,,,,,,,,,,,,,,,,,,,,,,,,,,,,,,,,,,,,,,,,,,,,,,,,,,,,,,,,,,,,,,,,,,,,,,,,,,,,,,,,,,,,,,,,,,,,,,,,,,,,,,,,,,,,,,938.074,943.23,a6b24a85881f999f8766e1d8076e31adcf6c64909b7efb097df9f2ae7a871d64,11.066666666666666,8,merkle,17.0,1,171.645,171.645,1,1,2,400,8256,4,75,1,fanout_f32_l16,off,171.645,0,2,171.645,100,100,100,size-scaling-k75-c300-n1000000-f32-k75-c300-fanout_f32_l16-merkle-r2,1,415,32,1,110,830,10315.158,300,4128,1000000,1,
2,2,full,6,7380.351771831512,1,0,75,55,1,4,4,150,830,830,8256,4,0.149,0,0,0,0,300,mixed,415,1,10383.657,size-scaling-k75-c300,32,0,415,64,4,75,1,1,0,0,0,0,0,0,0,0,0,0,0,0,0,0,0,0,0,0,0,0,0,0,0,0,0,0,0,0,0,0,0,0,0,0,0,0,0,0,0,0,0,0,0,0,0,0,0,0,0,0,0,0,0,0,0,0,0,0,0,0,0,0,0,0,0,0,0,0,0,0,0,0,0,0,0,0,0,0,0,0,0,0,0,0,0,0,0,0,0,0,0,0,0,0,0,0,0,0,0,0,0,0,0,0,0,0,0,0,0,0,0,0,0,0,0,0,0,0,0,0,0,0,0,0,0,0,0,0,0,0,0,0,0,0,0,0,0,0,0,0,0,0,0,0,0,0,0,0,0,0,0,0,0,0,0,12384,0,4128,4128,4128,1,0,1,200,200,0,0,0,0,0,12384,0,4128,4128,4128,1,0,1,200,200,,,,,,,,,,,,,,,,,,,,,,,,,,,,,,,,,,,,,,,,,,,,,,,,,,,,,,,,,,,,,,,,,,,,,,,,,,,,,,,,,,,,,,,,,,,,,,,,,,,,,,,,,,,,,,,,,,,,,,,,,,,,,,,,,,,,,,,,,,,,,,,,,,,,,,,937.958,943.188,a6b24a85881f999f8766e1d8076e31adcf6c64909b7efb097df9f2ae7a871d64,11.066666666666666,8,merkle,17.0,1,171.379,171.379,1,1,2,400,8256,4,75,1,fanout_f32_l16,off,171.379,0,3,171.379,100,100,100,size-scaling-k75-c300-n1000000-f32-k75-c300-fanout_f32_l16-merkle-r3,1,415,32,1,110,830,10383.657,300,4128,1000000,1,
2,2,full,6,7305.705059051514,1,0,75,55,1,4,4,150,830,830,8256,4,0.146,0,0,0,0,300,mixed,415,1,10309.111,size-scaling-k75-c300,32,0,415,64,4,75,1,1,0,0,0,0,0,0,0,0,0,0,0,0,0,0,0,0,0,0,0,0,0,0,0,0,0,0,0,0,0,0,0,0,0,0,0,0,0,0,0,0,0,0,0,0,0,0,0,0,0,0,0,0,0,0,0,0,0,0,0,0,0,0,0,0,0,0,0,0,0,0,0,0,0,0,0,0,0,0,0,0,0,0,0,0,0,0,0,0,0,0,0,0,0,0,0,0,0,0,0,0,0,0,0,0,0,0,0,0,0,0,0,0,0,0,0,0,0,0,0,0,0,0,0,0,0,0,0,0,0,0,0,0,0,0,0,0,0,0,0,0,0,0,0,0,0,0,0,0,0,0,0,0,0,0,0,12384,0,4128,4128,4128,1,0,1,200,200,0,0,0,0,0,12384,0,4128,4128,4128,1,0,1,200,200,,,,,,,,,,,,,,,,,,,,,,,,,,,,,,,,,,,,,,,,,,,,,,,,,,,,,,,,,,,,,,,,,,,,,,,,,,,,,,,,,,,,,,,,,,,,,,,,,,,,,,,,,,,,,,,,,,,,,,,,,,,,,,,,,,,,,,,,,,,,,,,,,,,,,,,937.763,942.868,a6b24a85881f999f8766e1d8076e31adcf6c64909b7efb097df9f2ae7a871d64,11.066666666666666,8,merkle,17.0,1,171.572,171.572,1,1,2,400,8256,4,75,1,fanout_f32_l16,off,171.572,0,4,171.572,100,100,100,size-scaling-k75-c300-n1000000-f32-k75-c300-fanout_f32_l16-merkle-r4,1,415,32,1,110,830,10309.111,300,4128,1000000,1,
2,2,full,6,7313.26632976532,1,0,75,55,1,4,4,150,830,830,8256,4,0.148,0,0,0,0,300,mixed,415,1,10315.658,size-scaling-k75-c300,32,0,415,64,4,75,1,1,0,0,0,0,0,0,0,0,0,0,0,0,0,0,0,0,0,0,0,0,0,0,0,0,0,0,0,0,0,0,0,0,0,0,0,0,0,0,0,0,0,0,0,0,0,0,0,0,0,0,0,0,0,0,0,0,0,0,0,0,0,0,0,0,0,0,0,0,0,0,0,0,0,0,0,0,0,0,0,0,0,0,0,0,0,0,0,0,0,0,0,0,0,0,0,0,0,0,0,0,0,0,0,0,0,0,0,0,0,0,0,0,0,0,0,0,0,0,0,0,0,0,0,0,0,0,0,0,0,0,0,0,0,0,0,0,0,0,0,0,0,0,0,0,0,0,0,0,0,0,0,0,0,0,0,12384,0,4128,4128,4128,1,0,1,200,200,0,0,0,0,0,12384,0,4128,4128,4128,1,0,1,200,200,,,,,,,,,,,,,,,,,,,,,,,,,,,,,,,,,,,,,,,,,,,,,,,,,,,,,,,,,,,,,,,,,,,,,,,,,,,,,,,,,,,,,,,,,,,,,,,,,,,,,,,,,,,,,,,,,,,,,,,,,,,,,,,,,,,,,,,,,,,,,,,,,,,,,,,938.077,943.268,a6b24a85881f999f8766e1d8076e31adcf6c64909b7efb097df9f2ae7a871d64,11.066666666666666,8,merkle,17.0,1,169.855,169.855,1,1,2,400,8256,4,75,1,fanout_f32_l16,off,169.855,0,5,169.855,100,100,100,size-scaling-k75-c300-n1000000-f32-k75-c300-fanout_f32_l16-merkle-r5,1,415,32,1,110,830,10315.658,300,4128,1000000,1,
2,2,full,6,7316.257870197296,1,0,75,55,1,4,4,150,830,830,8256,4,0.144,0,0,0,0,300,mixed,415,1,10321.824,size-scaling-k75-c300,32,0,415,64,4,75,1,1,0,0,0,0,0,0,0,0,0,0,0,0,0,0,0,0,0,0,0,0,0,0,0,0,0,0,0,0,0,0,0,0,0,0,0,0,0,0,0,0,0,0,0,0,0,0,0,0,0,0,0,0,0,0,0,0,0,0,0,0,0,0,0,0,0,0,0,0,0,0,0,0,0,0,0,0,0,0,0,0,0,0,0,0,0,0,0,0,0,0,0,0,0,0,0,0,0,0,0,0,0,0,0,0,0,0,0,0,0,0,0,0,0,0,0,0,0,0,0,0,0,0,0,0,0,0,0,0,0,0,0,0,0,0,0,0,0,0,0,0,0,0,0,0,0,0,0,0,0,0,0,0,0,0,0,12384,0,4128,4128,4128,1,0,1,200,200,0,0,0,0,0,12384,0,4128,4128,4128,1,0,1,200,200,,,,,,,,,,,,,,,,,,,,,,,,,,,,,,,,,,,,,,,,,,,,,,,,,,,,,,,,,,,,,,,,,,,,,,,,,,,,,,,,,,,,,,,,,,,,,,,,,,,,,,,,,,,,,,,,,,,,,,,,,,,,,,,,,,,,,,,,,,,,,,,,,,,,,,,938.188,943.341,a6b24a85881f999f8766e1d8076e31adcf6c64909b7efb097df9f2ae7a871d64,11.066666666666666,8,merkle,17.0,1,173.356,173.356,1,1,2,400,8256,4,75,1,fanout_f32_l16,off,173.356,0,6,173.356,100,100,100,size-scaling-k75-c300-n1000000-f32-k75-c300-fanout_f32_l16-merkle-r6,1,415,32,1,110,830,10321.824,300,4128,1000000,1,
2,2,full,6,7314.531415939331,1,0,75,55,1,4,4,150,830,830,8256,4,0.144,0,0,0,0,300,mixed,415,1,10317.241,size-scaling-k75-c300,32,0,415,64,4,75,1,1,0,0,0,0,0,0,0,0,0,0,0,0,0,0,0,0,0,0,0,0,0,0,0,0,0,0,0,0,0,0,0,0,0,0,0,0,0,0,0,0,0,0,0,0,0,0,0,0,0,0,0,0,0,0,0,0,0,0,0,0,0,0,0,0,0,0,0,0,0,0,0,0,0,0,0,0,0,0,0,0,0,0,0,0,0,0,0,0,0,0,0,0,0,0,0,0,0,0,0,0,0,0,0,0,0,0,0,0,0,0,0,0,0,0,0,0,0,0,0,0,0,0,0,0,0,0,0,0,0,0,0,0,0,0,0,0,0,0,0,0,0,0,0,0,0,0,0,0,0,0,0,0,0,0,0,12384,0,4128,4128,4128,1,0,1,200,200,0,0,0,0,0,12384,0,4128,4128,4128,1,0,1,200,200,,,,,,,,,,,,,,,,,,,,,,,,,,,,,,,,,,,,,,,,,,,,,,,,,,,,,,,,,,,,,,,,,,,,,,,,,,,,,,,,,,,,,,,,,,,,,,,,,,,,,,,,,,,,,,,,,,,,,,,,,,,,,,,,,,,,,,,,,,,,,,,,,,,,,,,937.723,942.921,a6b24a85881f999f8766e1d8076e31adcf6c64909b7efb097df9f2ae7a871d64,11.066666666666666,8,merkle,17.0,1,170.965,170.965,1,1,2,400,8256,4,75,1,fanout_f32_l16,off,170.965,0,7,170.965,100,100,100,size-scaling-k75-c300-n1000000-f32-k75-c300-fanout_f32_l16-merkle-r7,1,415,32,1,110,830,10317.241,300,4128,1000000,1,
2,2,full,6,7311.599889755249,1,0,75,55,1,4,4,150,830,830,8256,4,0.145,0,0,0,0,300,mixed,415,1,10317.773,size-scaling-k75-c300,32,0,415,64,4,75,1,1,0,0,0,0,0,0,0,0,0,0,0,0,0,0,0,0,0,0,0,0,0,0,0,0,0,0,0,0,0,0,0,0,0,0,0,0,0,0,0,0,0,0,0,0,0,0,0,0,0,0,0,0,0,0,0,0,0,0,0,0,0,0,0,0,0,0,0,0,0,0,0,0,0,0,0,0,0,0,0,0,0,0,0,0,0,0,0,0,0,0,0,0,0,0,0,0,0,0,0,0,0,0,0,0,0,0,0,0,0,0,0,0,0,0,0,0,0,0,0,0,0,0,0,0,0,0,0,0,0,0,0,0,0,0,0,0,0,0,0,0,0,0,0,0,0,0,0,0,0,0,0,0,0,0,0,12384,0,4128,4128,4128,1,0,1,200,200,0,0,0,0,0,12384,0,4128,4128,4128,1,0,1,200,200,,,,,,,,,,,,,,,,,,,,,,,,,,,,,,,,,,,,,,,,,,,,,,,,,,,,,,,,,,,,,,,,,,,,,,,,,,,,,,,,,,,,,,,,,,,,,,,,,,,,,,,,,,,,,,,,,,,,,,,,,,,,,,,,,,,,,,,,,,,,,,,,,,,,,,,937.828,942.965,a6b24a85881f999f8766e1d8076e31adcf6c64909b7efb097df9f2ae7a871d64,11.066666666666666,8,merkle,17.0,1,173.985,173.985,1,1,2,400,8256,4,75,1,fanout_f32_l16,off,173.985,0,8,173.985,100,100,100,size-scaling-k75-c300-n1000000-f32-k75-c300-fanout_f32_l16-merkle-r8,1,415,32,1,110,830,10317.773,300,4128,1000000,1,
2,2,full,6,7315.245056629181,1,0,75,55,1,4,4,150,830,830,8256,4,0.146,0,0,0,0,300,mixed,415,1,10318.498,size-scaling-k75-c300,32,0,415,64,4,75,1,1,0,0,0,0,0,0,0,0,0,0,0,0,0,0,0,0,0,0,0,0,0,0,0,0,0,0,0,0,0,0,0,0,0,0,0,0,0,0,0,0,0,0,0,0,0,0,0,0,0,0,0,0,0,0,0,0,0,0,0,0,0,0,0,0,0,0,0,0,0,0,0,0,0,0,0,0,0,0,0,0,0,0,0,0,0,0,0,0,0,0,0,0,0,0,0,0,0,0,0,0,0,0,0,0,0,0,0,0,0,0,0,0,0,0,0,0,0,0,0,0,0,0,0,0,0,0,0,0,0,0,0,0,0,0,0,0,0,0,0,0,0,0,0,0,0,0,0,0,0,0,0,0,0,0,0,12384,0,4128,4128,4128,1,0,1,200,200,0,0,0,0,0,12384,0,4128,4128,4128,1,0,1,200,200,,,,,,,,,,,,,,,,,,,,,,,,,,,,,,,,,,,,,,,,,,,,,,,,,,,,,,,,,,,,,,,,,,,,,,,,,,,,,,,,,,,,,,,,,,,,,,,,,,,,,,,,,,,,,,,,,,,,,,,,,,,,,,,,,,,,,,,,,,,,,,,,,,,,,,,937.776,942.816,a6b24a85881f999f8766e1d8076e31adcf6c64909b7efb097df9f2ae7a871d64,11.066666666666666,8,merkle,17.0,1,171.433,171.433,1,1,2,400,8256,4,75,1,fanout_f32_l16,off,171.433,0,9,171.433,100,100,100,size-scaling-k75-c300-n1000000-f32-k75-c300-fanout_f32_l16-merkle-r9,1,415,32,1,110,830,10318.498,300,4128,1000000,1,
2,2,full,6,98804.07545137405,1,0,75,63,1,4,4,150,698,698,13632,6,0.149,0,0,0,0,300,mixed,349,1,101778.789,size-scaling-k75-c300,32,0,349,64,4,75,1,1,0,0,0,0,0,0,0,0,0,0,0,0,0,0,0,0,0,0,0,0,0,0,0,0,0,0,0,0,0,0,0,0,0,0,0,0,0,0,0,0,0,0,0,0,0,0,0,0,0,0,0,0,0,0,0,0,0,0,0,0,0,0,0,0,0,0,0,0,0,0,0,0,0,0,0,0,0,0,0,0,0,0,0,0,0,0,0,0,0,0,0,0,0,0,0,0,0,0,0,0,0,0,0,0,0,0,0,0,0,0,0,0,0,0,0,0,0,0,0,0,0,0,0,0,0,0,0,0,0,0,0,0,0,0,0,0,0,0,0,0,0,0,0,0,0,0,0,0,0,0,0,0,0,0,0,0,0,0,0,0,0,0,0,0,0,0,0,0,0,0,0,0,0,0,0,0,0,0,0,0,0,0,0,0,0,20448,0,6816,6816,6816,1,0,1,200,200,0,0,0,0,0,20448,0,6816,6816,6816,1,0,1,200,200,,,,,,,,,,,,,,,,,,,,,,,,,,,,,,,,,,,,,,,,,,,,,,,,,,,,,,,,,,,,,,,,,,,,,,,,,,,,,,,,,,,,,,,,,,,,,,,,,,,,,,,,,,,,,,,,,,,,,,,,,836.427,842.115,19a379b75ad87f358ebfeb92b7b2b78aa8d56ede22057b38311c1c69e033ac20,9.306666666666667,8,merkle,13.0,1,242.688,242.688,1,1,2,400,13632,6,75,1,fanout_f32_l16,off,242.688,0,0,242.688,100,100,100,size-scaling-k75-c300-n15000000-f32-k75-c300-fanout_f32_l16-merkle-r0,1,349,32,1,126,698,101778.789,300,6816,15000000,1,
2,2,full,6,98332.44094657898,1,0,75,63,1,4,4,150,698,698,13632,6,0.147,0,0,0,0,300,mixed,349,1,101340.550,size-scaling-k75-c300,32,0,349,64,4,75,1,1,0,0,0,0,0,0,0,0,0,0,0,0,0,0,0,0,0,0,0,0,0,0,0,0,0,0,0,0,0,0,0,0,0,0,0,0,0,0,0,0,0,0,0,0,0,0,0,0,0,0,0,0,0,0,0,0,0,0,0,0,0,0,0,0,0,0,0,0,0,0,0,0,0,0,0,0,0,0,0,0,0,0,0,0,0,0,0,0,0,0,0,0,0,0,0,0,0,0,0,0,0,0,0,0,0,0,0,0,0,0,0,0,0,0,0,0,0,0,0,0,0,0,0,0,0,0,0,0,0,0,0,0,0,0,0,0,0,0,0,0,0,0,0,0,0,0,0,0,0,0,0,0,0,0,0,0,0,0,0,0,0,0,0,0,0,0,0,0,0,0,0,0,0,0,0,0,0,0,0,0,0,0,0,0,0,20448,0,6816,6816,6816,1,0,1,200,200,0,0,0,0,0,20448,0,6816,6816,6816,1,0,1,200,200,,,,,,,,,,,,,,,,,,,,,,,,,,,,,,,,,,,,,,,,,,,,,,,,,,,,,,,,,,,,,,,,,,,,,,,,,,,,,,,,,,,,,,,,,,,,,,,,,,,,,,,,,,,,,,,,,,,,,,,,,887.468,893.086,19a379b75ad87f358ebfeb92b7b2b78aa8d56ede22057b38311c1c69e033ac20,9.306666666666667,8,merkle,13.0,1,225.546,225.546,1,1,2,400,13632,6,75,1,fanout_f32_l16,off,225.546,0,1,225.546,100,100,100,size-scaling-k75-c300-n15000000-f32-k75-c300-fanout_f32_l16-merkle-r1,1,349,32,1,126,698,101340.550,300,6816,15000000,1,
2,2,full,6,98821.4804558754,1,0,75,63,1,4,4,150,698,698,13632,6,0.146,0,0,0,0,300,mixed,349,1,101794.620,size-scaling-k75-c300,32,0,349,64,4,75,1,1,0,0,0,0,0,0,0,0,0,0,0,0,0,0,0,0,0,0,0,0,0,0,0,0,0,0,0,0,0,0,0,0,0,0,0,0,0,0,0,0,0,0,0,0,0,0,0,0,0,0,0,0,0,0,0,0,0,0,0,0,0,0,0,0,0,0,0,0,0,0,0,0,0,0,0,0,0,0,0,0,0,0,0,0,0,0,0,0,0,0,0,0,0,0,0,0,0,0,0,0,0,0,0,0,0,0,0,0,0,0,0,0,0,0,0,0,0,0,0,0,0,0,0,0,0,0,0,0,0,0,0,0,0,0,0,0,0,0,0,0,0,0,0,0,0,0,0,0,0,0,0,0,0,0,0,0,0,0,0,0,0,0,0,0,0,0,0,0,0,0,0,0,0,0,0,0,0,0,0,0,0,0,0,0,0,20448,0,6816,6816,6816,1,0,1,200,200,0,0,0,0,0,20448,0,6816,6816,6816,1,0,1,200,200,,,,,,,,,,,,,,,,,,,,,,,,,,,,,,,,,,,,,,,,,,,,,,,,,,,,,,,,,,,,,,,,,,,,,,,,,,,,,,,,,,,,,,,,,,,,,,,,,,,,,,,,,,,,,,,,,,,,,,,,,835.998,841.586,19a379b75ad87f358ebfeb92b7b2b78aa8d56ede22057b38311c1c69e033ac20,9.306666666666667,8,merkle,13.0,1,242.285,242.285,1,1,2,400,13632,6,75,1,fanout_f32_l16,off,242.285,0,2,242.285,100,100,100,size-scaling-k75-c300-n15000000-f32-k75-c300-fanout_f32_l16-merkle-r2,1,349,32,1,126,698,101794.620,300,6816,15000000,1,
2,2,full,6,98889.42324542999,1,0,75,63,1,4,4,150,698,698,13632,6,0.148,0,0,0,0,300,mixed,349,1,101898.757,size-scaling-k75-c300,32,0,349,64,4,75,1,1,0,0,0,0,0,0,0,0,0,0,0,0,0,0,0,0,0,0,0,0,0,0,0,0,0,0,0,0,0,0,0,0,0,0,0,0,0,0,0,0,0,0,0,0,0,0,0,0,0,0,0,0,0,0,0,0,0,0,0,0,0,0,0,0,0,0,0,0,0,0,0,0,0,0,0,0,0,0,0,0,0,0,0,0,0,0,0,0,0,0,0,0,0,0,0,0,0,0,0,0,0,0,0,0,0,0,0,0,0,0,0,0,0,0,0,0,0,0,0,0,0,0,0,0,0,0,0,0,0,0,0,0,0,0,0,0,0,0,0,0,0,0,0,0,0,0,0,0,0,0,0,0,0,0,0,0,0,0,0,0,0,0,0,0,0,0,0,0,0,0,0,0,0,0,0,0,0,0,0,0,0,0,0,0,0,20448,0,6816,6816,6816,1,0,1,200,200,0,0,0,0,0,20448,0,6816,6816,6816,1,0,1,200,200,,,,,,,,,,,,,,,,,,,,,,,,,,,,,,,,,,,,,,,,,,,,,,,,,,,,,,,,,,,,,,,,,,,,,,,,,,,,,,,,,,,,,,,,,,,,,,,,,,,,,,,,,,,,,,,,,,,,,,,,,887.155,892.875,19a379b75ad87f358ebfeb92b7b2b78aa8d56ede22057b38311c1c69e033ac20,9.306666666666667,8,merkle,13.0,1,227.095,227.095,1,1,2,400,13632,6,75,1,fanout_f32_l16,off,227.095,0,3,227.095,100,100,100,size-scaling-k75-c300-n15000000-f32-k75-c300-fanout_f32_l16-merkle-r3,1,349,32,1,126,698,101898.757,300,6816,15000000,1,
2,2,full,6,98792.45971441269,1,0,75,63,1,4,4,150,698,698,13632,6,0.157,0,0,0,0,300,mixed,349,1,101813.254,size-scaling-k75-c300,32,0,349,64,4,75,1,1,0,0,0,0,0,0,0,0,0,0,0,0,0,0,0,0,0,0,0,0,0,0,0,0,0,0,0,0,0,0,0,0,0,0,0,0,0,0,0,0,0,0,0,0,0,0,0,0,0,0,0,0,0,0,0,0,0,0,0,0,0,0,0,0,0,0,0,0,0,0,0,0,0,0,0,0,0,0,0,0,0,0,0,0,0,0,0,0,0,0,0,0,0,0,0,0,0,0,0,0,0,0,0,0,0,0,0,0,0,0,0,0,0,0,0,0,0,0,0,0,0,0,0,0,0,0,0,0,0,0,0,0,0,0,0,0,0,0,0,0,0,0,0,0,0,0,0,0,0,0,0,0,0,0,0,0,0,0,0,0,0,0,0,0,0,0,0,0,0,0,0,0,0,0,0,0,0,0,0,0,0,0,0,0,0,20448,0,6816,6816,6816,1,0,1,200,200,0,0,0,0,0,20448,0,6816,6816,6816,1,0,1,200,200,,,,,,,,,,,,,,,,,,,,,,,,,,,,,,,,,,,,,,,,,,,,,,,,,,,,,,,,,,,,,,,,,,,,,,,,,,,,,,,,,,,,,,,,,,,,,,,,,,,,,,,,,,,,,,,,,,,,,,,,,887.01,892.389,19a379b75ad87f358ebfeb92b7b2b78aa8d56ede22057b38311c1c69e033ac20,9.306666666666667,8,merkle,13.0,1,238.308,238.308,1,1,2,400,13632,6,75,1,fanout_f32_l16,off,238.308,0,4,238.308,100,100,100,size-scaling-k75-c300-n15000000-f32-k75-c300-fanout_f32_l16-merkle-r4,1,349,32,1,126,698,101813.254,300,6816,15000000,1,
2,2,full,6,98920.6015868187,1,0,75,63,1,4,4,150,698,698,13632,6,0.144,0,0,0,0,300,mixed,349,1,101930.137,size-scaling-k75-c300,32,0,349,64,4,75,1,1,0,0,0,0,0,0,0,0,0,0,0,0,0,0,0,0,0,0,0,0,0,0,0,0,0,0,0,0,0,0,0,0,0,0,0,0,0,0,0,0,0,0,0,0,0,0,0,0,0,0,0,0,0,0,0,0,0,0,0,0,0,0,0,0,0,0,0,0,0,0,0,0,0,0,0,0,0,0,0,0,0,0,0,0,0,0,0,0,0,0,0,0,0,0,0,0,0,0,0,0,0,0,0,0,0,0,0,0,0,0,0,0,0,0,0,0,0,0,0,0,0,0,0,0,0,0,0,0,0,0,0,0,0,0,0,0,0,0,0,0,0,0,0,0,0,0,0,0,0,0,0,0,0,0,0,0,0,0,0,0,0,0,0,0,0,0,0,0,0,0,0,0,0,0,0,0,0,0,0,0,0,0,0,0,0,20448,0,6816,6816,6816,1,0,1,200,200,0,0,0,0,0,20448,0,6816,6816,6816,1,0,1,200,200,,,,,,,,,,,,,,,,,,,,,,,,,,,,,,,,,,,,,,,,,,,,,,,,,,,,,,,,,,,,,,,,,,,,,,,,,,,,,,,,,,,,,,,,,,,,,,,,,,,,,,,,,,,,,,,,,,,,,,,,,887.391,893.033,19a379b75ad87f358ebfeb92b7b2b78aa8d56ede22057b38311c1c69e033ac20,9.306666666666667,8,merkle,13.0,1,227.199,227.199,1,1,2,400,13632,6,75,1,fanout_f32_l16,off,227.199,0,5,227.199,100,100,100,size-scaling-k75-c300-n15000000-f32-k75-c300-fanout_f32_l16-merkle-r5,1,349,32,1,126,698,101930.137,300,6816,15000000,1,
2,2,full,6,100003.38555288315,1,0,75,63,1,4,4,150,698,698,13632,6,0.148,0,0,0,0,300,mixed,349,1,102980.205,size-scaling-k75-c300,32,0,349,64,4,75,1,1,0,0,0,0,0,0,0,0,0,0,0,0,0,0,0,0,0,0,0,0,0,0,0,0,0,0,0,0,0,0,0,0,0,0,0,0,0,0,0,0,0,0,0,0,0,0,0,0,0,0,0,0,0,0,0,0,0,0,0,0,0,0,0,0,0,0,0,0,0,0,0,0,0,0,0,0,0,0,0,0,0,0,0,0,0,0,0,0,0,0,0,0,0,0,0,0,0,0,0,0,0,0,0,0,0,0,0,0,0,0,0,0,0,0,0,0,0,0,0,0,0,0,0,0,0,0,0,0,0,0,0,0,0,0,0,0,0,0,0,0,0,0,0,0,0,0,0,0,0,0,0,0,0,0,0,0,0,0,0,0,0,0,0,0,0,0,0,0,0,0,0,0,0,0,0,0,0,0,0,0,0,0,0,0,0,20448,0,6816,6816,6816,1,0,1,200,200,0,0,0,0,0,20448,0,6816,6816,6816,1,0,1,200,200,,,,,,,,,,,,,,,,,,,,,,,,,,,,,,,,,,,,,,,,,,,,,,,,,,,,,,,,,,,,,,,,,,,,,,,,,,,,,,,,,,,,,,,,,,,,,,,,,,,,,,,,,,,,,,,,,,,,,,,,,836.209,841.871,19a379b75ad87f358ebfeb92b7b2b78aa8d56ede22057b38311c1c69e033ac20,9.306666666666667,8,merkle,13.0,1,245.356,245.356,1,1,2,400,13632,6,75,1,fanout_f32_l16,off,245.356,0,6,245.356,100,100,100,size-scaling-k75-c300-n15000000-f32-k75-c300-fanout_f32_l16-merkle-r6,1,349,32,1,126,698,102980.205,300,6816,15000000,1,
2,2,full,6,98726.61548423767,1,0,75,63,1,4,4,150,698,698,13632,6,0.143,0,0,0,0,300,mixed,349,1,101704.443,size-scaling-k75-c300,32,0,349,64,4,75,1,1,0,0,0,0,0,0,0,0,0,0,0,0,0,0,0,0,0,0,0,0,0,0,0,0,0,0,0,0,0,0,0,0,0,0,0,0,0,0,0,0,0,0,0,0,0,0,0,0,0,0,0,0,0,0,0,0,0,0,0,0,0,0,0,0,0,0,0,0,0,0,0,0,0,0,0,0,0,0,0,0,0,0,0,0,0,0,0,0,0,0,0,0,0,0,0,0,0,0,0,0,0,0,0,0,0,0,0,0,0,0,0,0,0,0,0,0,0,0,0,0,0,0,0,0,0,0,0,0,0,0,0,0,0,0,0,0,0,0,0,0,0,0,0,0,0,0,0,0,0,0,0,0,0,0,0,0,0,0,0,0,0,0,0,0,0,0,0,0,0,0,0,0,0,0,0,0,0,0,0,0,0,0,0,0,0,20448,0,6816,6816,6816,1,0,1,200,200,0,0,0,0,0,20448,0,6816,6816,6816,1,0,1,200,200,,,,,,,,,,,,,,,,,,,,,,,,,,,,,,,,,,,,,,,,,,,,,,,,,,,,,,,,,,,,,,,,,,,,,,,,,,,,,,,,,,,,,,,,,,,,,,,,,,,,,,,,,,,,,,,,,,,,,,,,,836.504,842.187,19a379b75ad87f358ebfeb92b7b2b78aa8d56ede22057b38311c1c69e033ac20,9.306666666666667,8,merkle,13.0,1,247.641,247.641,1,1,2,400,13632,6,75,1,fanout_f32_l16,off,247.641,0,7,247.641,100,100,100,size-scaling-k75-c300-n15000000-f32-k75-c300-fanout_f32_l16-merkle-r7,1,349,32,1,126,698,101704.443,300,6816,15000000,1,
2,2,full,6,98806.82948160172,1,0,75,63,1,4,4,150,698,698,13632,6,0.164,0,0,0,0,300,mixed,349,1,101787.367,size-scaling-k75-c300,32,0,349,64,4,75,1,1,0,0,0,0,0,0,0,0,0,0,0,0,0,0,0,0,0,0,0,0,0,0,0,0,0,0,0,0,0,0,0,0,0,0,0,0,0,0,0,0,0,0,0,0,0,0,0,0,0,0,0,0,0,0,0,0,0,0,0,0,0,0,0,0,0,0,0,0,0,0,0,0,0,0,0,0,0,0,0,0,0,0,0,0,0,0,0,0,0,0,0,0,0,0,0,0,0,0,0,0,0,0,0,0,0,0,0,0,0,0,0,0,0,0,0,0,0,0,0,0,0,0,0,0,0,0,0,0,0,0,0,0,0,0,0,0,0,0,0,0,0,0,0,0,0,0,0,0,0,0,0,0,0,0,0,0,0,0,0,0,0,0,0,0,0,0,0,0,0,0,0,0,0,0,0,0,0,0,0,0,0,0,0,0,0,20448,0,6816,6816,6816,1,0,1,200,200,0,0,0,0,0,20448,0,6816,6816,6816,1,0,1,200,200,,,,,,,,,,,,,,,,,,,,,,,,,,,,,,,,,,,,,,,,,,,,,,,,,,,,,,,,,,,,,,,,,,,,,,,,,,,,,,,,,,,,,,,,,,,,,,,,,,,,,,,,,,,,,,,,,,,,,,,,,836.216,841.748,19a379b75ad87f358ebfeb92b7b2b78aa8d56ede22057b38311c1c69e033ac20,9.306666666666667,8,merkle,13.0,1,248.861,248.861,1,1,2,400,13632,6,75,1,fanout_f32_l16,off,248.861,0,8,248.861,100,100,100,size-scaling-k75-c300-n15000000-f32-k75-c300-fanout_f32_l16-merkle-r8,1,349,32,1,126,698,101787.367,300,6816,15000000,1,
2,2,full,6,98652.88515996933,1,0,75,63,1,4,4,150,698,698,13632,6,0.152,0,0,0,0,300,mixed,349,1,101663.984,size-scaling-k75-c300,32,0,349,64,4,75,1,1,0,0,0,0,0,0,0,0,0,0,0,0,0,0,0,0,0,0,0,0,0,0,0,0,0,0,0,0,0,0,0,0,0,0,0,0,0,0,0,0,0,0,0,0,0,0,0,0,0,0,0,0,0,0,0,0,0,0,0,0,0,0,0,0,0,0,0,0,0,0,0,0,0,0,0,0,0,0,0,0,0,0,0,0,0,0,0,0,0,0,0,0,0,0,0,0,0,0,0,0,0,0,0,0,0,0,0,0,0,0,0,0,0,0,0,0,0,0,0,0,0,0,0,0,0,0,0,0,0,0,0,0,0,0,0,0,0,0,0,0,0,0,0,0,0,0,0,0,0,0,0,0,0,0,0,0,0,0,0,0,0,0,0,0,0,0,0,0,0,0,0,0,0,0,0,0,0,0,0,0,0,0,0,0,0,20448,0,6816,6816,6816,1,0,1,200,200,0,0,0,0,0,20448,0,6816,6816,6816,1,0,1,200,200,,,,,,,,,,,,,,,,,,,,,,,,,,,,,,,,,,,,,,,,,,,,,,,,,,,,,,,,,,,,,,,,,,,,,,,,,,,,,,,,,,,,,,,,,,,,,,,,,,,,,,,,,,,,,,,,,,,,,,,,,886.933,892.635,19a379b75ad87f358ebfeb92b7b2b78aa8d56ede22057b38311c1c69e033ac20,9.306666666666667,8,merkle,13.0,1,228.768,228.768,1,1,2,400,13632,6,75,1,fanout_f32_l16,off,228.768,0,9,228.768,100,100,100,size-scaling-k75-c300-n15000000-f32-k75-c300-fanout_f32_l16-merkle-r9,1,349,32,1,126,698,101663.984,300,6816,15000000,1,
2,2,full,6,131516.57577848434,1,0,75,65,1,4,4,150,732,732,13760,6,0.146,0,0,0,0,300,mixed,366,1,134482.195,size-scaling-k75-c300,32,0,366,64,4,75,1,1,0,0,0,0,0,0,0,0,0,0,0,0,0,0,0,0,0,0,0,0,0,0,0,0,0,0,0,0,0,0,0,0,0,0,0,0,0,0,0,0,0,0,0,0,0,0,0,0,0,0,0,0,0,0,0,0,0,0,0,0,0,0,0,0,0,0,0,0,0,0,0,0,0,0,0,0,0,0,0,0,0,0,0,0,0,0,0,0,0,0,0,0,0,0,0,0,0,0,0,0,0,0,0,0,0,0,0,0,0,0,0,0,0,0,0,0,0,0,0,0,0,0,0,0,0,0,0,0,0,0,0,0,0,0,0,0,0,0,0,0,0,0,0,0,0,0,0,0,0,0,0,0,0,0,0,0,0,0,0,0,0,0,0,0,0,0,0,0,0,0,0,0,0,0,0,0,0,0,0,0,0,0,0,0,0,0,0,0,0,0,0,0,0,0,0,0,0,0,0,0,0,0,0,0,0,0,0,0,0,0,0,0,0,0,0,20640,0,6880,6880,6880,1,0,1,200,200,0,0,0,0,0,20640,0,6880,6880,6880,1,0,1,200,200,,,,,,,,,,,,,,,,,,,,,,,,,,,,,,,,,,,,,,,,,,,,,,,,,,,,,,,,,,,,,,,,,,,,,,,,,,,,,,,,,,,,,,,,,,,836.752,842.958,7a1ff6bb371d77adf422199b4ee93b4be2d290649d80e7cbbde6df8681bd4ffe,9.76,8,merkle,15.0,1,232.787,232.787,1,1,2,400,13760,6,75,1,fanout_f32_l16,off,232.787,0,0,232.787,100,100,100,size-scaling-k75-c300-n20000000-f32-k75-c300-fanout_f32_l16-merkle-r0,1,366,32,1,130,732,134482.195,300,6880,20000000,1,
2,2,full,6,131274.17303943634,1,0,75,65,1,4,4,150,732,732,13760,6,0.147,0,0,0,0,300,mixed,366,1,134243.889,size-scaling-k75-c300,32,0,366,64,4,75,1,1,0,0,0,0,0,0,0,0,0,0,0,0,0,0,0,0,0,0,0,0,0,0,0,0,0,0,0,0,0,0,0,0,0,0,0,0,0,0,0,0,0,0,0,0,0,0,0,0,0,0,0,0,0,0,0,0,0,0,0,0,0,0,0,0,0,0,0,0,0,0,0,0,0,0,0,0,0,0,0,0,0,0,0,0,0,0,0,0,0,0,0,0,0,0,0,0,0,0,0,0,0,0,0,0,0,0,0,0,0,0,0,0,0,0,0,0,0,0,0,0,0,0,0,0,0,0,0,0,0,0,0,0,0,0,0,0,0,0,0,0,0,0,0,0,0,0,0,0,0,0,0,0,0,0,0,0,0,0,0,0,0,0,0,0,0,0,0,0,0,0,0,0,0,0,0,0,0,0,0,0,0,0,0,0,0,0,0,0,0,0,0,0,0,0,0,0,0,0,0,0,0,0,0,0,0,0,0,0,0,0,0,0,0,0,0,20640,0,6880,6880,6880,1,0,1,200,200,0,0,0,0,0,20640,0,6880,6880,6880,1,0,1,200,200,,,,,,,,,,,,,,,,,,,,,,,,,,,,,,,,,,,,,,,,,,,,,,,,,,,,,,,,,,,,,,,,,,,,,,,,,,,,,,,,,,,,,,,,,,,836.858,843.009,7a1ff6bb371d77adf422199b4ee93b4be2d290649d80e7cbbde6df8681bd4ffe,9.76,8,merkle,15.0,1,237.674,237.674,1,1,2,400,13760,6,75,1,fanout_f32_l16,off,237.674,0,1,237.674,100,100,100,size-scaling-k75-c300-n20000000-f32-k75-c300-fanout_f32_l16-merkle-r1,1,366,32,1,130,732,134243.889,300,6880,20000000,1,
2,2,full,6,134851.3706612587,1,0,75,65,1,4,4,150,732,732,13760,6,0.149,0,0,0,0,300,mixed,366,1,137861.819,size-scaling-k75-c300,32,0,366,64,4,75,1,1,0,0,0,0,0,0,0,0,0,0,0,0,0,0,0,0,0,0,0,0,0,0,0,0,0,0,0,0,0,0,0,0,0,0,0,0,0,0,0,0,0,0,0,0,0,0,0,0,0,0,0,0,0,0,0,0,0,0,0,0,0,0,0,0,0,0,0,0,0,0,0,0,0,0,0,0,0,0,0,0,0,0,0,0,0,0,0,0,0,0,0,0,0,0,0,0,0,0,0,0,0,0,0,0,0,0,0,0,0,0,0,0,0,0,0,0,0,0,0,0,0,0,0,0,0,0,0,0,0,0,0,0,0,0,0,0,0,0,0,0,0,0,0,0,0,0,0,0,0,0,0,0,0,0,0,0,0,0,0,0,0,0,0,0,0,0,0,0,0,0,0,0,0,0,0,0,0,0,0,0,0,0,0,0,0,0,0,0,0,0,0,0,0,0,0,0,0,0,0,0,0,0,0,0,0,0,0,0,0,0,0,0,0,0,0,20640,0,6880,6880,6880,1,0,1,200,200,0,0,0,0,0,20640,0,6880,6880,6880,1,0,1,200,200,,,,,,,,,,,,,,,,,,,,,,,,,,,,,,,,,,,,,,,,,,,,,,,,,,,,,,,,,,,,,,,,,,,,,,,,,,,,,,,,,,,,,,,,,,,886.795,892.85,7a1ff6bb371d77adf422199b4ee93b4be2d290649d80e7cbbde6df8681bd4ffe,9.76,8,merkle,15.0,1,228.549,228.549,1,1,2,400,13760,6,75,1,fanout_f32_l16,off,228.549,0,2,228.549,100,100,100,size-scaling-k75-c300-n20000000-f32-k75-c300-fanout_f32_l16-merkle-r2,1,366,32,1,130,732,137861.819,300,6880,20000000,1,
2,2,full,6,131153.35441875458,1,0,75,65,1,4,4,150,732,732,13760,6,0.144,0,0,0,0,300,mixed,366,1,134165.192,size-scaling-k75-c300,32,0,366,64,4,75,1,1,0,0,0,0,0,0,0,0,0,0,0,0,0,0,0,0,0,0,0,0,0,0,0,0,0,0,0,0,0,0,0,0,0,0,0,0,0,0,0,0,0,0,0,0,0,0,0,0,0,0,0,0,0,0,0,0,0,0,0,0,0,0,0,0,0,0,0,0,0,0,0,0,0,0,0,0,0,0,0,0,0,0,0,0,0,0,0,0,0,0,0,0,0,0,0,0,0,0,0,0,0,0,0,0,0,0,0,0,0,0,0,0,0,0,0,0,0,0,0,0,0,0,0,0,0,0,0,0,0,0,0,0,0,0,0,0,0,0,0,0,0,0,0,0,0,0,0,0,0,0,0,0,0,0,0,0,0,0,0,0,0,0,0,0,0,0,0,0,0,0,0,0,0,0,0,0,0,0,0,0,0,0,0,0,0,0,0,0,0,0,0,0,0,0,0,0,0,0,0,0,0,0,0,0,0,0,0,0,0,0,0,0,0,0,0,20640,0,6880,6880,6880,1,0,1,200,200,0,0,0,0,0,20640,0,6880,6880,6880,1,0,1,200,200,,,,,,,,,,,,,,,,,,,,,,,,,,,,,,,,,,,,,,,,,,,,,,,,,,,,,,,,,,,,,,,,,,,,,,,,,,,,,,,,,,,,,,,,,,,887.249,893.409,7a1ff6bb371d77adf422199b4ee93b4be2d290649d80e7cbbde6df8681bd4ffe,9.76,8,merkle,15.0,1,229.282,229.282,1,1,2,400,13760,6,75,1,fanout_f32_l16,off,229.282,0,3,229.282,100,100,100,size-scaling-k75-c300-n20000000-f32-k75-c300-fanout_f32_l16-merkle-r3,1,366,32,1,130,732,134165.192,300,6880,20000000,1,
2,2,full,6,130918.30702877045,1,0,75,65,1,4,4,150,732,732,13760,6,0.160,0,0,0,0,300,mixed,366,1,133930.560,size-scaling-k75-c300,32,0,366,64,4,75,1,1,0,0,0,0,0,0,0,0,0,0,0,0,0,0,0,0,0,0,0,0,0,0,0,0,0,0,0,0,0,0,0,0,0,0,0,0,0,0,0,0,0,0,0,0,0,0,0,0,0,0,0,0,0,0,0,0,0,0,0,0,0,0,0,0,0,0,0,0,0,0,0,0,0,0,0,0,0,0,0,0,0,0,0,0,0,0,0,0,0,0,0,0,0,0,0,0,0,0,0,0,0,0,0,0,0,0,0,0,0,0,0,0,0,0,0,0,0,0,0,0,0,0,0,0,0,0,0,0,0,0,0,0,0,0,0,0,0,0,0,0,0,0,0,0,0,0,0,0,0,0,0,0,0,0,0,0,0,0,0,0,0,0,0,0,0,0,0,0,0,0,0,0,0,0,0,0,0,0,0,0,0,0,0,0,0,0,0,0,0,0,0,0,0,0,0,0,0,0,0,0,0,0,0,0,0,0,0,0,0,0,0,0,0,0,0,20640,0,6880,6880,6880,1,0,1,200,200,0,0,0,0,0,20640,0,6880,6880,6880,1,0,1,200,200,,,,,,,,,,,,,,,,,,,,,,,,,,,,,,,,,,,,,,,,,,,,,,,,,,,,,,,,,,,,,,,,,,,,,,,,,,,,,,,,,,,,,,,,,,,886.969,893.045,7a1ff6bb371d77adf422199b4ee93b4be2d290649d80e7cbbde6df8681bd4ffe,9.76,8,merkle,15.0,1,229.579,229.579,1,1,2,400,13760,6,75,1,fanout_f32_l16,off,229.579,0,4,229.579,100,100,100,size-scaling-k75-c300-n20000000-f32-k75-c300-fanout_f32_l16-merkle-r4,1,366,32,1,130,732,133930.560,300,6880,20000000,1,
2,2,full,6,131259.48804855347,1,0,75,65,1,4,4,150,732,732,13760,6,0.146,0,0,0,0,300,mixed,366,1,134271.364,size-scaling-k75-c300,32,0,366,64,4,75,1,1,0,0,0,0,0,0,0,0,0,0,0,0,0,0,0,0,0,0,0,0,0,0,0,0,0,0,0,0,0,0,0,0,0,0,0,0,0,0,0,0,0,0,0,0,0,0,0,0,0,0,0,0,0,0,0,0,0,0,0,0,0,0,0,0,0,0,0,0,0,0,0,0,0,0,0,0,0,0,0,0,0,0,0,0,0,0,0,0,0,0,0,0,0,0,0,0,0,0,0,0,0,0,0,0,0,0,0,0,0,0,0,0,0,0,0,0,0,0,0,0,0,0,0,0,0,0,0,0,0,0,0,0,0,0,0,0,0,0,0,0,0,0,0,0,0,0,0,0,0,0,0,0,0,0,0,0,0,0,0,0,0,0,0,0,0,0,0,0,0,0,0,0,0,0,0,0,0,0,0,0,0,0,0,0,0,0,0,0,0,0,0,0,0,0,0,0,0,0,0,0,0,0,0,0,0,0,0,0,0,0,0,0,0,0,0,20640,0,6880,6880,6880,1,0,1,200,200,0,0,0,0,0,20640,0,6880,6880,6880,1,0,1,200,200,,,,,,,,,,,,,,,,,,,,,,,,,,,,,,,,,,,,,,,,,,,,,,,,,,,,,,,,,,,,,,,,,,,,,,,,,,,,,,,,,,,,,,,,,,,886.981,893.074,7a1ff6bb371d77adf422199b4ee93b4be2d290649d80e7cbbde6df8681bd4ffe,9.76,8,merkle,15.0,1,228.871,228.871,1,1,2,400,13760,6,75,1,fanout_f32_l16,off,228.871,0,5,228.871,100,100,100,size-scaling-k75-c300-n20000000-f32-k75-c300-fanout_f32_l16-merkle-r5,1,366,32,1,130,732,134271.364,300,6880,20000000,1,
2,2,full,6,131576.10364723206,1,0,75,65,1,4,4,150,732,732,13760,6,0.145,0,0,0,0,300,mixed,366,1,134562.048,size-scaling-k75-c300,32,0,366,64,4,75,1,1,0,0,0,0,0,0,0,0,0,0,0,0,0,0,0,0,0,0,0,0,0,0,0,0,0,0,0,0,0,0,0,0,0,0,0,0,0,0,0,0,0,0,0,0,0,0,0,0,0,0,0,0,0,0,0,0,0,0,0,0,0,0,0,0,0,0,0,0,0,0,0,0,0,0,0,0,0,0,0,0,0,0,0,0,0,0,0,0,0,0,0,0,0,0,0,0,0,0,0,0,0,0,0,0,0,0,0,0,0,0,0,0,0,0,0,0,0,0,0,0,0,0,0,0,0,0,0,0,0,0,0,0,0,0,0,0,0,0,0,0,0,0,0,0,0,0,0,0,0,0,0,0,0,0,0,0,0,0,0,0,0,0,0,0,0,0,0,0,0,0,0,0,0,0,0,0,0,0,0,0,0,0,0,0,0,0,0,0,0,0,0,0,0,0,0,0,0,0,0,0,0,0,0,0,0,0,0,0,0,0,0,0,0,0,0,20640,0,6880,6880,6880,1,0,1,200,200,0,0,0,0,0,20640,0,6880,6880,6880,1,0,1,200,200,,,,,,,,,,,,,,,,,,,,,,,,,,,,,,,,,,,,,,,,,,,,,,,,,,,,,,,,,,,,,,,,,,,,,,,,,,,,,,,,,,,,,,,,,,,836.403,842.58,7a1ff6bb371d77adf422199b4ee93b4be2d290649d80e7cbbde6df8681bd4ffe,9.76,8,merkle,15.0,1,253.223,253.223,1,1,2,400,13760,6,75,1,fanout_f32_l16,off,253.223,0,6,253.223,100,100,100,size-scaling-k75-c300-n20000000-f32-k75-c300-fanout_f32_l16-merkle-r6,1,366,32,1,130,732,134562.048,300,6880,20000000,1,
2,2,full,6,130913.93433856964,1,0,75,65,1,4,4,150,732,732,13760,6,0.167,0,0,0,0,300,mixed,366,1,133886.312,size-scaling-k75-c300,32,0,366,64,4,75,1,1,0,0,0,0,0,0,0,0,0,0,0,0,0,0,0,0,0,0,0,0,0,0,0,0,0,0,0,0,0,0,0,0,0,0,0,0,0,0,0,0,0,0,0,0,0,0,0,0,0,0,0,0,0,0,0,0,0,0,0,0,0,0,0,0,0,0,0,0,0,0,0,0,0,0,0,0,0,0,0,0,0,0,0,0,0,0,0,0,0,0,0,0,0,0,0,0,0,0,0,0,0,0,0,0,0,0,0,0,0,0,0,0,0,0,0,0,0,0,0,0,0,0,0,0,0,0,0,0,0,0,0,0,0,0,0,0,0,0,0,0,0,0,0,0,0,0,0,0,0,0,0,0,0,0,0,0,0,0,0,0,0,0,0,0,0,0,0,0,0,0,0,0,0,0,0,0,0,0,0,0,0,0,0,0,0,0,0,0,0,0,0,0,0,0,0,0,0,0,0,0,0,0,0,0,0,0,0,0,0,0,0,0,0,0,0,20640,0,6880,6880,6880,1,0,1,200,200,0,0,0,0,0,20640,0,6880,6880,6880,1,0,1,200,200,,,,,,,,,,,,,,,,,,,,,,,,,,,,,,,,,,,,,,,,,,,,,,,,,,,,,,,,,,,,,,,,,,,,,,,,,,,,,,,,,,,,,,,,,,,835.555,841.54,7a1ff6bb371d77adf422199b4ee93b4be2d290649d80e7cbbde6df8681bd4ffe,9.76,8,merkle,15.0,1,241.054,241.054,1,1,2,400,13760,6,75,1,fanout_f32_l16,off,241.054,0,7,241.054,100,100,100,size-scaling-k75-c300-n20000000-f32-k75-c300-fanout_f32_l16-merkle-r7,1,366,32,1,130,732,133886.312,300,6880,20000000,1,
2,2,full,6,131754.96000480652,1,0,75,65,1,4,4,150,732,732,13760,6,0.142,0,0,0,0,300,mixed,366,1,134733.051,size-scaling-k75-c300,32,0,366,64,4,75,1,1,0,0,0,0,0,0,0,0,0,0,0,0,0,0,0,0,0,0,0,0,0,0,0,0,0,0,0,0,0,0,0,0,0,0,0,0,0,0,0,0,0,0,0,0,0,0,0,0,0,0,0,0,0,0,0,0,0,0,0,0,0,0,0,0,0,0,0,0,0,0,0,0,0,0,0,0,0,0,0,0,0,0,0,0,0,0,0,0,0,0,0,0,0,0,0,0,0,0,0,0,0,0,0,0,0,0,0,0,0,0,0,0,0,0,0,0,0,0,0,0,0,0,0,0,0,0,0,0,0,0,0,0,0,0,0,0,0,0,0,0,0,0,0,0,0,0,0,0,0,0,0,0,0,0,0,0,0,0,0,0,0,0,0,0,0,0,0,0,0,0,0,0,0,0,0,0,0,0,0,0,0,0,0,0,0,0,0,0,0,0,0,0,0,0,0,0,0,0,0,0,0,0,0,0,0,0,0,0,0,0,0,0,0,0,0,20640,0,6880,6880,6880,1,0,1,200,200,0,0,0,0,0,20640,0,6880,6880,6880,1,0,1,200,200,,,,,,,,,,,,,,,,,,,,,,,,,,,,,,,,,,,,,,,,,,,,,,,,,,,,,,,,,,,,,,,,,,,,,,,,,,,,,,,,,,,,,,,,,,,836.479,842.613,7a1ff6bb371d77adf422199b4ee93b4be2d290649d80e7cbbde6df8681bd4ffe,9.76,8,merkle,15.0,1,245.925,245.925,1,1,2,400,13760,6,75,1,fanout_f32_l16,off,245.925,0,8,245.925,100,100,100,size-scaling-k75-c300-n20000000-f32-k75-c300-fanout_f32_l16-merkle-r8,1,366,32,1,130,732,134733.051,300,6880,20000000,1,
2,2,full,6,131179.00983285904,1,0,75,65,1,4,4,150,732,732,13760,6,0.149,0,0,0,0,300,mixed,366,1,134191.448,size-scaling-k75-c300,32,0,366,64,4,75,1,1,0,0,0,0,0,0,0,0,0,0,0,0,0,0,0,0,0,0,0,0,0,0,0,0,0,0,0,0,0,0,0,0,0,0,0,0,0,0,0,0,0,0,0,0,0,0,0,0,0,0,0,0,0,0,0,0,0,0,0,0,0,0,0,0,0,0,0,0,0,0,0,0,0,0,0,0,0,0,0,0,0,0,0,0,0,0,0,0,0,0,0,0,0,0,0,0,0,0,0,0,0,0,0,0,0,0,0,0,0,0,0,0,0,0,0,0,0,0,0,0,0,0,0,0,0,0,0,0,0,0,0,0,0,0,0,0,0,0,0,0,0,0,0,0,0,0,0,0,0,0,0,0,0,0,0,0,0,0,0,0,0,0,0,0,0,0,0,0,0,0,0,0,0,0,0,0,0,0,0,0,0,0,0,0,0,0,0,0,0,0,0,0,0,0,0,0,0,0,0,0,0,0,0,0,0,0,0,0,0,0,0,0,0,0,0,20640,0,6880,6880,6880,1,0,1,200,200,0,0,0,0,0,20640,0,6880,6880,6880,1,0,1,200,200,,,,,,,,,,,,,,,,,,,,,,,,,,,,,,,,,,,,,,,,,,,,,,,,,,,,,,,,,,,,,,,,,,,,,,,,,,,,,,,,,,,,,,,,,,,887.329,893.411,7a1ff6bb371d77adf422199b4ee93b4be2d290649d80e7cbbde6df8681bd4ffe,9.76,8,merkle,15.0,1,230.083,230.083,1,1,2,400,13760,6,75,1,fanout_f32_l16,off,230.083,0,9,230.083,100,100,100,size-scaling-k75-c300-n20000000-f32-k75-c300-fanout_f32_l16-merkle-r9,1,366,32,1,130,732,134191.448,300,6880,20000000,1,
2,2,full,6,166313.01779556274,1,0,75,59,1,4,4,150,830,830,13312,6,0.149,0,0,0,0,300,mixed,415,1,169283.366,size-scaling-k75-c300,32,0,415,64,4,75,1,1,0,0,0,0,0,0,0,0,0,0,0,0,0,0,0,0,0,0,0,0,0,0,0,0,0,0,0,0,0,0,0,0,0,0,0,0,0,0,0,0,0,0,0,0,0,0,0,0,0,0,0,0,0,0,0,0,0,0,0,0,0,0,0,0,0,0,0,0,0,0,0,0,0,0,0,0,0,0,0,0,0,0,0,0,0,0,0,0,0,0,0,0,0,0,0,0,0,0,0,0,0,0,0,0,0,0,0,0,0,0,0,0,0,0,0,0,0,0,0,0,0,0,0,0,0,0,0,0,0,0,0,0,0,0,0,0,0,0,0,0,0,0,0,0,0,0,0,0,0,0,0,0,0,0,0,0,0,0,0,0,0,0,0,0,0,0,0,0,0,0,0,0,0,0,0,0,0,0,0,0,0,0,0,0,0,0,0,0,0,0,0,0,0,0,0,0,0,0,0,0,0,0,0,0,0,0,0,0,0,0,0,0,0,0,0,0,0,0,0,0,0,0,0,0,0,0,0,0,0,0,0,0,0,0,0,0,0,0,0,0,0,0,0,0,0,19968,0,6656,6656,6656,1,0,1,200,200,0,0,0,0,0,19968,0,6656,6656,6656,1,0,1,200,200,,,,,,,,,,,,,,,,,,,,,,,,,,,,,,,,,,,,,,,,,,,,,,,,,,,,,,,,,,,,,836.619,843.245,c029d566c81a1f795506d61c460bdd90b33a00b7b471fa483edac6ba9d65a3b2,11.066666666666666,8,merkle,17.0,1,236.599,236.599,1,1,2,400,13312,6,75,1,fanout_f32_l16,off,236.599,0,0,236.599,100,100,100,size-scaling-k75-c300-n25000000-f32-k75-c300-fanout_f32_l16-merkle-r0,1,415,32,1,118,830,169283.366,300,6656,25000000,1,
2,2,full,6,163956.82260608673,1,0,75,59,1,4,4,150,830,830,13312,6,0.146,0,0,0,0,300,mixed,415,1,166925.407,size-scaling-k75-c300,32,0,415,64,4,75,1,1,0,0,0,0,0,0,0,0,0,0,0,0,0,0,0,0,0,0,0,0,0,0,0,0,0,0,0,0,0,0,0,0,0,0,0,0,0,0,0,0,0,0,0,0,0,0,0,0,0,0,0,0,0,0,0,0,0,0,0,0,0,0,0,0,0,0,0,0,0,0,0,0,0,0,0,0,0,0,0,0,0,0,0,0,0,0,0,0,0,0,0,0,0,0,0,0,0,0,0,0,0,0,0,0,0,0,0,0,0,0,0,0,0,0,0,0,0,0,0,0,0,0,0,0,0,0,0,0,0,0,0,0,0,0,0,0,0,0,0,0,0,0,0,0,0,0,0,0,0,0,0,0,0,0,0,0,0,0,0,0,0,0,0,0,0,0,0,0,0,0,0,0,0,0,0,0,0,0,0,0,0,0,0,0,0,0,0,0,0,0,0,0,0,0,0,0,0,0,0,0,0,0,0,0,0,0,0,0,0,0,0,0,0,0,0,0,0,0,0,0,0,0,0,0,0,0,0,0,0,0,0,0,0,0,0,0,0,0,0,0,0,0,0,0,0,19968,0,6656,6656,6656,1,0,1,200,200,0,0,0,0,0,19968,0,6656,6656,6656,1,0,1,200,200,,,,,,,,,,,,,,,,,,,,,,,,,,,,,,,,,,,,,,,,,,,,,,,,,,,,,,,,,,,,,836.657,843.303,c029d566c81a1f795506d61c460bdd90b33a00b7b471fa483edac6ba9d65a3b2,11.066666666666666,8,merkle,17.0,1,235.868,235.868,1,1,2,400,13312,6,75,1,fanout_f32_l16,off,235.868,0,1,235.868,100,100,100,size-scaling-k75-c300-n25000000-f32-k75-c300-fanout_f32_l16-merkle-r1,1,415,32,1,118,830,166925.407,300,6656,25000000,1,
2,2,full,6,164033.00341272354,1,0,75,59,1,4,4,150,830,830,13312,6,0.148,0,0,0,0,300,mixed,415,1,167023.587,size-scaling-k75-c300,32,0,415,64,4,75,1,1,0,0,0,0,0,0,0,0,0,0,0,0,0,0,0,0,0,0,0,0,0,0,0,0,0,0,0,0,0,0,0,0,0,0,0,0,0,0,0,0,0,0,0,0,0,0,0,0,0,0,0,0,0,0,0,0,0,0,0,0,0,0,0,0,0,0,0,0,0,0,0,0,0,0,0,0,0,0,0,0,0,0,0,0,0,0,0,0,0,0,0,0,0,0,0,0,0,0,0,0,0,0,0,0,0,0,0,0,0,0,0,0,0,0,0,0,0,0,0,0,0,0,0,0,0,0,0,0,0,0,0,0,0,0,0,0,0,0,0,0,0,0,0,0,0,0,0,0,0,0,0,0,0,0,0,0,0,0,0,0,0,0,0,0,0,0,0,0,0,0,0,0,0,0,0,0,0,0,0,0,0,0,0,0,0,0,0,0,0,0,0,0,0,0,0,0,0,0,0,0,0,0,0,0,0,0,0,0,0,0,0,0,0,0,0,0,0,0,0,0,0,0,0,0,0,0,0,0,0,0,0,0,0,0,0,0,0,0,0,0,0,0,0,0,0,19968,0,6656,6656,6656,1,0,1,200,200,0,0,0,0,0,19968,0,6656,6656,6656,1,0,1,200,200,,,,,,,,,,,,,,,,,,,,,,,,,,,,,,,,,,,,,,,,,,,,,,,,,,,,,,,,,,,,,836.034,842.573,c029d566c81a1f795506d61c460bdd90b33a00b7b471fa483edac6ba9d65a3b2,11.066666666666666,8,merkle,17.0,1,258.295,258.295,1,1,2,400,13312,6,75,1,fanout_f32_l16,off,258.295,0,2,258.295,100,100,100,size-scaling-k75-c300-n25000000-f32-k75-c300-fanout_f32_l16-merkle-r2,1,415,32,1,118,830,167023.587,300,6656,25000000,1,
2,2,full,6,163797.6990904808,1,0,75,59,1,4,4,150,830,830,13312,6,0.145,0,0,0,0,300,mixed,415,1,166764.803,size-scaling-k75-c300,32,0,415,64,4,75,1,1,0,0,0,0,0,0,0,0,0,0,0,0,0,0,0,0,0,0,0,0,0,0,0,0,0,0,0,0,0,0,0,0,0,0,0,0,0,0,0,0,0,0,0,0,0,0,0,0,0,0,0,0,0,0,0,0,0,0,0,0,0,0,0,0,0,0,0,0,0,0,0,0,0,0,0,0,0,0,0,0,0,0,0,0,0,0,0,0,0,0,0,0,0,0,0,0,0,0,0,0,0,0,0,0,0,0,0,0,0,0,0,0,0,0,0,0,0,0,0,0,0,0,0,0,0,0,0,0,0,0,0,0,0,0,0,0,0,0,0,0,0,0,0,0,0,0,0,0,0,0,0,0,0,0,0,0,0,0,0,0,0,0,0,0,0,0,0,0,0,0,0,0,0,0,0,0,0,0,0,0,0,0,0,0,0,0,0,0,0,0,0,0,0,0,0,0,0,0,0,0,0,0,0,0,0,0,0,0,0,0,0,0,0,0,0,0,0,0,0,0,0,0,0,0,0,0,0,0,0,0,0,0,0,0,0,0,0,0,0,0,0,0,0,0,0,19968,0,6656,6656,6656,1,0,1,200,200,0,0,0,0,0,19968,0,6656,6656,6656,1,0,1,200,200,,,,,,,,,,,,,,,,,,,,,,,,,,,,,,,,,,,,,,,,,,,,,,,,,,,,,,,,,,,,,836.126,842.778,c029d566c81a1f795506d61c460bdd90b33a00b7b471fa483edac6ba9d65a3b2,11.066666666666666,8,merkle,17.0,1,235.278,235.278,1,1,2,400,13312,6,75,1,fanout_f32_l16,off,235.278,0,3,235.278,100,100,100,size-scaling-k75-c300-n25000000-f32-k75-c300-fanout_f32_l16-merkle-r3,1,415,32,1,118,830,166764.803,300,6656,25000000,1,
2,2,full,6,163668.0609807968,1,0,75,59,1,4,4,150,830,830,13312,6,0.199,0,0,0,0,300,mixed,415,1,166637.390,size-scaling-k75-c300,32,0,415,64,4,75,1,1,0,0,0,0,0,0,0,0,0,0,0,0,0,0,0,0,0,0,0,0,0,0,0,0,0,0,0,0,0,0,0,0,0,0,0,0,0,0,0,0,0,0,0,0,0,0,0,0,0,0,0,0,0,0,0,0,0,0,0,0,0,0,0,0,0,0,0,0,0,0,0,0,0,0,0,0,0,0,0,0,0,0,0,0,0,0,0,0,0,0,0,0,0,0,0,0,0,0,0,0,0,0,0,0,0,0,0,0,0,0,0,0,0,0,0,0,0,0,0,0,0,0,0,0,0,0,0,0,0,0,0,0,0,0,0,0,0,0,0,0,0,0,0,0,0,0,0,0,0,0,0,0,0,0,0,0,0,0,0,0,0,0,0,0,0,0,0,0,0,0,0,0,0,0,0,0,0,0,0,0,0,0,0,0,0,0,0,0,0,0,0,0,0,0,0,0,0,0,0,0,0,0,0,0,0,0,0,0,0,0,0,0,0,0,0,0,0,0,0,0,0,0,0,0,0,0,0,0,0,0,0,0,0,0,0,0,0,0,0,0,0,0,0,0,0,19968,0,6656,6656,6656,1,0,1,200,200,0,0,0,0,0,19968,0,6656,6656,6656,1,0,1,200,200,,,,,,,,,,,,,,,,,,,,,,,,,,,,,,,,,,,,,,,,,,,,,,,,,,,,,,,,,,,,,836.407,842.906,c029d566c81a1f795506d61c460bdd90b33a00b7b471fa483edac6ba9d65a3b2,11.066666666666666,8,merkle,17.0,1,236.959,236.959,1,1,2,400,13312,6,75,1,fanout_f32_l16,off,236.959,0,4,236.959,100,100,100,size-scaling-k75-c300-n25000000-f32-k75-c300-fanout_f32_l16-merkle-r4,1,415,32,1,118,830,166637.390,300,6656,25000000,1,
2,2,full,6,163660.49265003204,1,0,75,59,1,4,4,150,830,830,13312,6,0.148,0,0,0,0,300,mixed,415,1,166629.676,size-scaling-k75-c300,32,0,415,64,4,75,1,1,0,0,0,0,0,0,0,0,0,0,0,0,0,0,0,0,0,0,0,0,0,0,0,0,0,0,0,0,0,0,0,0,0,0,0,0,0,0,0,0,0,0,0,0,0,0,0,0,0,0,0,0,0,0,0,0,0,0,0,0,0,0,0,0,0,0,0,0,0,0,0,0,0,0,0,0,0,0,0,0,0,0,0,0,0,0,0,0,0,0,0,0,0,0,0,0,0,0,0,0,0,0,0,0,0,0,0,0,0,0,0,0,0,0,0,0,0,0,0,0,0,0,0,0,0,0,0,0,0,0,0,0,0,0,0,0,0,0,0,0,0,0,0,0,0,0,0,0,0,0,0,0,0,0,0,0,0,0,0,0,0,0,0,0,0,0,0,0,0,0,0,0,0,0,0,0,0,0,0,0,0,0,0,0,0,0,0,0,0,0,0,0,0,0,0,0,0,0,0,0,0,0,0,0,0,0,0,0,0,0,0,0,0,0,0,0,0,0,0,0,0,0,0,0,0,0,0,0,0,0,0,0,0,0,0,0,0,0,0,0,0,0,0,0,0,19968,0,6656,6656,6656,1,0,1,200,200,0,0,0,0,0,19968,0,6656,6656,6656,1,0,1,200,200,,,,,,,,,,,,,,,,,,,,,,,,,,,,,,,,,,,,,,,,,,,,,,,,,,,,,,,,,,,,,836.497,843.052,c029d566c81a1f795506d61c460bdd90b33a00b7b471fa483edac6ba9d65a3b2,11.066666666666666,8,merkle,17.0,1,236.947,236.947,1,1,2,400,13312,6,75,1,fanout_f32_l16,off,236.947,0,5,236.947,100,100,100,size-scaling-k75-c300-n25000000-f32-k75-c300-fanout_f32_l16-merkle-r5,1,415,32,1,118,830,166629.676,300,6656,25000000,1,
2,2,full,6,164301.11599588394,1,0,75,59,1,4,4,150,830,830,13312,6,0.149,0,0,0,0,300,mixed,415,1,167277.860,size-scaling-k75-c300,32,0,415,64,4,75,1,1,0,0,0,0,0,0,0,0,0,0,0,0,0,0,0,0,0,0,0,0,0,0,0,0,0,0,0,0,0,0,0,0,0,0,0,0,0,0,0,0,0,0,0,0,0,0,0,0,0,0,0,0,0,0,0,0,0,0,0,0,0,0,0,0,0,0,0,0,0,0,0,0,0,0,0,0,0,0,0,0,0,0,0,0,0,0,0,0,0,0,0,0,0,0,0,0,0,0,0,0,0,0,0,0,0,0,0,0,0,0,0,0,0,0,0,0,0,0,0,0,0,0,0,0,0,0,0,0,0,0,0,0,0,0,0,0,0,0,0,0,0,0,0,0,0,0,0,0,0,0,0,0,0,0,0,0,0,0,0,0,0,0,0,0,0,0,0,0,0,0,0,0,0,0,0,0,0,0,0,0,0,0,0,0,0,0,0,0,0,0,0,0,0,0,0,0,0,0,0,0,0,0,0,0,0,0,0,0,0,0,0,0,0,0,0,0,0,0,0,0,0,0,0,0,0,0,0,0,0,0,0,0,0,0,0,0,0,0,0,0,0,0,0,0,0,19968,0,6656,6656,6656,1,0,1,200,200,0,0,0,0,0,19968,0,6656,6656,6656,1,0,1,200,200,,,,,,,,,,,,,,,,,,,,,,,,,,,,,,,,,,,,,,,,,,,,,,,,,,,,,,,,,,,,,836.155,842.704,c029d566c81a1f795506d61c460bdd90b33a00b7b471fa483edac6ba9d65a3b2,11.066666666666666,8,merkle,17.0,1,244.498,244.498,1,1,2,400,13312,6,75,1,fanout_f32_l16,off,244.498,0,6,244.498,100,100,100,size-scaling-k75-c300-n25000000-f32-k75-c300-fanout_f32_l16-merkle-r6,1,415,32,1,118,830,167277.860,300,6656,25000000,1,
2,2,full,6,164278.47496128082,1,0,75,59,1,4,4,150,830,830,13312,6,0.144,0,0,0,0,300,mixed,415,1,167248.245,size-scaling-k75-c300,32,0,415,64,4,75,1,1,0,0,0,0,0,0,0,0,0,0,0,0,0,0,0,0,0,0,0,0,0,0,0,0,0,0,0,0,0,0,0,0,0,0,0,0,0,0,0,0,0,0,0,0,0,0,0,0,0,0,0,0,0,0,0,0,0,0,0,0,0,0,0,0,0,0,0,0,0,0,0,0,0,0,0,0,0,0,0,0,0,0,0,0,0,0,0,0,0,0,0,0,0,0,0,0,0,0,0,0,0,0,0,0,0,0,0,0,0,0,0,0,0,0,0,0,0,0,0,0,0,0,0,0,0,0,0,0,0,0,0,0,0,0,0,0,0,0,0,0,0,0,0,0,0,0,0,0,0,0,0,0,0,0,0,0,0,0,0,0,0,0,0,0,0,0,0,0,0,0,0,0,0,0,0,0,0,0,0,0,0,0,0,0,0,0,0,0,0,0,0,0,0,0,0,0,0,0,0,0,0,0,0,0,0,0,0,0,0,0,0,0,0,0,0,0,0,0,0,0,0,0,0,0,0,0,0,0,0,0,0,0,0,0,0,0,0,0,0,0,0,0,0,0,0,19968,0,6656,6656,6656,1,0,1,200,200,0,0,0,0,0,19968,0,6656,6656,6656,1,0,1,200,200,,,,,,,,,,,,,,,,,,,,,,,,,,,,,,,,,,,,,,,,,,,,,,,,,,,,,,,,,,,,,836.562,843.25,c029d566c81a1f795506d61c460bdd90b33a00b7b471fa483edac6ba9d65a3b2,11.066666666666666,8,merkle,17.0,1,235.985,235.985,1,1,2,400,13312,6,75,1,fanout_f32_l16,off,235.985,0,7,235.985,100,100,100,size-scaling-k75-c300-n25000000-f32-k75-c300-fanout_f32_l16-merkle-r7,1,415,32,1,118,830,167248.245,300,6656,25000000,1,
2,2,full,6,165779.9292049408,1,0,75,59,1,4,4,150,830,830,13312,6,0.145,0,0,0,0,300,mixed,415,1,168750.045,size-scaling-k75-c300,32,0,415,64,4,75,1,1,0,0,0,0,0,0,0,0,0,0,0,0,0,0,0,0,0,0,0,0,0,0,0,0,0,0,0,0,0,0,0,0,0,0,0,0,0,0,0,0,0,0,0,0,0,0,0,0,0,0,0,0,0,0,0,0,0,0,0,0,0,0,0,0,0,0,0,0,0,0,0,0,0,0,0,0,0,0,0,0,0,0,0,0,0,0,0,0,0,0,0,0,0,0,0,0,0,0,0,0,0,0,0,0,0,0,0,0,0,0,0,0,0,0,0,0,0,0,0,0,0,0,0,0,0,0,0,0,0,0,0,0,0,0,0,0,0,0,0,0,0,0,0,0,0,0,0,0,0,0,0,0,0,0,0,0,0,0,0,0,0,0,0,0,0,0,0,0,0,0,0,0,0,0,0,0,0,0,0,0,0,0,0,0,0,0,0,0,0,0,0,0,0,0,0,0,0,0,0,0,0,0,0,0,0,0,0,0,0,0,0,0,0,0,0,0,0,0,0,0,0,0,0,0,0,0,0,0,0,0,0,0,0,0,0,0,0,0,0,0,0,0,0,0,0,19968,0,6656,6656,6656,1,0,1,200,200,0,0,0,0,0,19968,0,6656,6656,6656,1,0,1,200,200,,,,,,,,,,,,,,,,,,,,,,,,,,,,,,,,,,,,,,,,,,,,,,,,,,,,,,,,,,,,,836.205,842.691,c029d566c81a1f795506d61c460bdd90b33a00b7b471fa483edac6ba9d65a3b2,11.066666666666666,8,merkle,17.0,1,237.963,237.963,1,1,2,400,13312,6,75,1,fanout_f32_l16,off,237.963,0,8,237.963,100,100,100,size-scaling-k75-c300-n25000000-f32-k75-c300-fanout_f32_l16-merkle-r8,1,415,32,1,118,830,168750.045,300,6656,25000000,1,
2,2,full,6,163971.1846499443,1,0,75,59,1,4,4,150,830,830,13312,6,0.146,0,0,0,0,300,mixed,415,1,166943.399,size-scaling-k75-c300,32,0,415,64,4,75,1,1,0,0,0,0,0,0,0,0,0,0,0,0,0,0,0,0,0,0,0,0,0,0,0,0,0,0,0,0,0,0,0,0,0,0,0,0,0,0,0,0,0,0,0,0,0,0,0,0,0,0,0,0,0,0,0,0,0,0,0,0,0,0,0,0,0,0,0,0,0,0,0,0,0,0,0,0,0,0,0,0,0,0,0,0,0,0,0,0,0,0,0,0,0,0,0,0,0,0,0,0,0,0,0,0,0,0,0,0,0,0,0,0,0,0,0,0,0,0,0,0,0,0,0,0,0,0,0,0,0,0,0,0,0,0,0,0,0,0,0,0,0,0,0,0,0,0,0,0,0,0,0,0,0,0,0,0,0,0,0,0,0,0,0,0,0,0,0,0,0,0,0,0,0,0,0,0,0,0,0,0,0,0,0,0,0,0,0,0,0,0,0,0,0,0,0,0,0,0,0,0,0,0,0,0,0,0,0,0,0,0,0,0,0,0,0,0,0,0,0,0,0,0,0,0,0,0,0,0,0,0,0,0,0,0,0,0,0,0,0,0,0,0,0,0,0,19968,0,6656,6656,6656,1,0,1,200,200,0,0,0,0,0,19968,0,6656,6656,6656,1,0,1,200,200,,,,,,,,,,,,,,,,,,,,,,,,,,,,,,,,,,,,,,,,,,,,,,,,,,,,,,,,,,,,,836.893,843.543,c029d566c81a1f795506d61c460bdd90b33a00b7b471fa483edac6ba9d65a3b2,11.066666666666666,8,merkle,17.0,1,240.106,240.106,1,1,2,400,13312,6,75,1,fanout_f32_l16,off,240.106,0,9,240.106,100,100,100,size-scaling-k75-c300-n25000000-f32-k75-c300-fanout_f32_l16-merkle-r9,1,415,32,1,118,830,166943.399,300,6656,25000000,1,
2,2,full,6,20665.04788160324,1,0,75,63,1,4,4,150,2150,2150,8832,4,0.152,0,0,0,0,300,mixed,1075,1,23690.062,size-scaling-k75-c300,32,0,1075,64,4,75,1,1,0,0,0,0,0,0,0,0,0,0,0,0,0,0,0,0,0,0,0,0,0,0,0,0,0,0,0,0,0,0,0,0,0,0,0,0,0,0,0,0,0,0,0,0,0,0,0,0,0,0,0,0,0,0,0,0,0,0,0,0,0,0,0,0,0,0,0,0,0,0,0,0,0,0,0,0,0,0,0,0,0,0,0,0,0,0,0,0,0,0,0,0,0,0,0,0,0,0,0,0,0,0,0,0,0,0,0,0,0,0,0,0,0,0,0,0,0,0,0,0,0,0,0,0,0,0,0,0,0,0,0,0,0,0,0,0,0,0,0,0,0,0,0,0,0,0,0,0,0,0,0,0,0,0,0,0,0,0,0,0,0,0,0,0,0,0,0,0,0,0,0,0,0,0,0,0,0,0,0,0,0,0,0,0,0,0,0,0,0,0,0,0,0,0,0,0,0,0,0,0,0,0,0,0,0,0,0,0,0,0,0,0,0,0,0,0,0,0,0,0,0,0,0,0,0,0,0,0,0,0,0,0,0,0,0,0,0,0,0,0,0,0,0,0,0,0,0,0,0,0,0,0,0,0,0,0,0,0,0,0,0,0,0,0,0,0,0,0,0,0,0,0,0,0,0,13248,0,4416,4416,4416,1,0,1,200,200,0,0,0,0,0,13248,0,4416,4416,4416,1,0,1,200,200,,,,,,,,,,,,,,,,,,,,,,,,,,,,,,,938.204,945.286,edf9f51862946fd91ef3a76c70d684cd086a854317af9033b83c0714dc35e922,28.666666666666668,8,merkle,42.0,1,188.776,188.776,1,1,2,400,8832,4,75,1,fanout_f32_l16,off,188.776,0,0,188.776,100,100,100,size-scaling-k75-c300-n3000000-f32-k75-c300-fanout_f32_l16-merkle-r0,1,1075,32,1,126,2150,23690.062,300,4416,3000000,1,
2,2,full,6,20695.09210920334,1,0,75,63,1,4,4,150,2150,2150,8832,4,0.151,0,0,0,0,300,mixed,1075,1,23676.762,size-scaling-k75-c300,32,0,1075,64,4,75,1,1,0,0,0,0,0,0,0,0,0,0,0,0,0,0,0,0,0,0,0,0,0,0,0,0,0,0,0,0,0,0,0,0,0,0,0,0,0,0,0,0,0,0,0,0,0,0,0,0,0,0,0,0,0,0,0,0,0,0,0,0,0,0,0,0,0,0,0,0,0,0,0,0,0,0,0,0,0,0,0,0,0,0,0,0,0,0,0,0,0,0,0,0,0,0,0,0,0,0,0,0,0,0,0,0,0,0,0,0,0,0,0,0,0,0,0,0,0,0,0,0,0,0,0,0,0,0,0,0,0,0,0,0,0,0,0,0,0,0,0,0,0,0,0,0,0,0,0,0,0,0,0,0,0,0,0,0,0,0,0,0,0,0,0,0,0,0,0,0,0,0,0,0,0,0,0,0,0,0,0,0,0,0,0,0,0,0,0,0,0,0,0,0,0,0,0,0,0,0,0,0,0,0,0,0,0,0,0,0,0,0,0,0,0,0,0,0,0,0,0,0,0,0,0,0,0,0,0,0,0,0,0,0,0,0,0,0,0,0,0,0,0,0,0,0,0,0,0,0,0,0,0,0,0,0,0,0,0,0,0,0,0,0,0,0,0,0,0,0,0,0,0,0,0,0,0,13248,0,4416,4416,4416,1,0,1,200,200,0,0,0,0,0,13248,0,4416,4416,4416,1,0,1,200,200,,,,,,,,,,,,,,,,,,,,,,,,,,,,,,,888.329,895.85,edf9f51862946fd91ef3a76c70d684cd086a854317af9033b83c0714dc35e922,28.666666666666668,8,merkle,42.0,1,195.026,195.026,1,1,2,400,8832,4,75,1,fanout_f32_l16,off,195.026,0,1,195.026,100,100,100,size-scaling-k75-c300-n3000000-f32-k75-c300-fanout_f32_l16-merkle-r1,1,1075,32,1,126,2150,23676.762,300,4416,3000000,1,
2,2,full,6,20692.57870197296,1,0,75,63,1,4,4,150,2150,2150,8832,4,0.163,0,0,0,0,300,mixed,1075,1,23717.248,size-scaling-k75-c300,32,0,1075,64,4,75,1,1,0,0,0,0,0,0,0,0,0,0,0,0,0,0,0,0,0,0,0,0,0,0,0,0,0,0,0,0,0,0,0,0,0,0,0,0,0,0,0,0,0,0,0,0,0,0,0,0,0,0,0,0,0,0,0,0,0,0,0,0,0,0,0,0,0,0,0,0,0,0,0,0,0,0,0,0,0,0,0,0,0,0,0,0,0,0,0,0,0,0,0,0,0,0,0,0,0,0,0,0,0,0,0,0,0,0,0,0,0,0,0,0,0,0,0,0,0,0,0,0,0,0,0,0,0,0,0,0,0,0,0,0,0,0,0,0,0,0,0,0,0,0,0,0,0,0,0,0,0,0,0,0,0,0,0,0,0,0,0,0,0,0,0,0,0,0,0,0,0,0,0,0,0,0,0,0,0,0,0,0,0,0,0,0,0,0,0,0,0,0,0,0,0,0,0,0,0,0,0,0,0,0,0,0,0,0,0,0,0,0,0,0,0,0,0,0,0,0,0,0,0,0,0,0,0,0,0,0,0,0,0,0,0,0,0,0,0,0,0,0,0,0,0,0,0,0,0,0,0,0,0,0,0,0,0,0,0,0,0,0,0,0,0,0,0,0,0,0,0,0,0,0,0,0,0,13248,0,4416,4416,4416,1,0,1,200,200,0,0,0,0,0,13248,0,4416,4416,4416,1,0,1,200,200,,,,,,,,,,,,,,,,,,,,,,,,,,,,,,,938.243,945.301,edf9f51862946fd91ef3a76c70d684cd086a854317af9033b83c0714dc35e922,28.666666666666668,8,merkle,42.0,1,189.703,189.703,1,1,2,400,8832,4,75,1,fanout_f32_l16,off,189.703,0,2,189.703,100,100,100,size-scaling-k75-c300-n3000000-f32-k75-c300-fanout_f32_l16-merkle-r2,1,1075,32,1,126,2150,23717.248,300,4416,3000000,1,
2,2,full,6,20625.62815475464,1,0,75,63,1,4,4,150,2150,2150,8832,4,0.152,0,0,0,0,300,mixed,1075,1,23649.166,size-scaling-k75-c300,32,0,1075,64,4,75,1,1,0,0,0,0,0,0,0,0,0,0,0,0,0,0,0,0,0,0,0,0,0,0,0,0,0,0,0,0,0,0,0,0,0,0,0,0,0,0,0,0,0,0,0,0,0,0,0,0,0,0,0,0,0,0,0,0,0,0,0,0,0,0,0,0,0,0,0,0,0,0,0,0,0,0,0,0,0,0,0,0,0,0,0,0,0,0,0,0,0,0,0,0,0,0,0,0,0,0,0,0,0,0,0,0,0,0,0,0,0,0,0,0,0,0,0,0,0,0,0,0,0,0,0,0,0,0,0,0,0,0,0,0,0,0,0,0,0,0,0,0,0,0,0,0,0,0,0,0,0,0,0,0,0,0,0,0,0,0,0,0,0,0,0,0,0,0,0,0,0,0,0,0,0,0,0,0,0,0,0,0,0,0,0,0,0,0,0,0,0,0,0,0,0,0,0,0,0,0,0,0,0,0,0,0,0,0,0,0,0,0,0,0,0,0,0,0,0,0,0,0,0,0,0,0,0,0,0,0,0,0,0,0,0,0,0,0,0,0,0,0,0,0,0,0,0,0,0,0,0,0,0,0,0,0,0,0,0,0,0,0,0,0,0,0,0,0,0,0,0,0,0,0,0,0,0,13248,0,4416,4416,4416,1,0,1,200,200,0,0,0,0,0,13248,0,4416,4416,4416,1,0,1,200,200,,,,,,,,,,,,,,,,,,,,,,,,,,,,,,,938.49,945.676,edf9f51862946fd91ef3a76c70d684cd086a854317af9033b83c0714dc35e922,28.666666666666668,8,merkle,42.0,1,188.206,188.206,1,1,2,400,8832,4,75,1,fanout_f32_l16,off,188.206,0,3,188.206,100,100,100,size-scaling-k75-c300-n3000000-f32-k75-c300-fanout_f32_l16-merkle-r3,1,1075,32,1,126,2150,23649.166,300,4416,3000000,1,
2,2,full,6,20600.192253112793,1,0,75,63,1,4,4,150,2150,2150,8832,4,0.179,0,0,0,0,300,mixed,1075,1,23624.902,size-scaling-k75-c300,32,0,1075,64,4,75,1,1,0,0,0,0,0,0,0,0,0,0,0,0,0,0,0,0,0,0,0,0,0,0,0,0,0,0,0,0,0,0,0,0,0,0,0,0,0,0,0,0,0,0,0,0,0,0,0,0,0,0,0,0,0,0,0,0,0,0,0,0,0,0,0,0,0,0,0,0,0,0,0,0,0,0,0,0,0,0,0,0,0,0,0,0,0,0,0,0,0,0,0,0,0,0,0,0,0,0,0,0,0,0,0,0,0,0,0,0,0,0,0,0,0,0,0,0,0,0,0,0,0,0,0,0,0,0,0,0,0,0,0,0,0,0,0,0,0,0,0,0,0,0,0,0,0,0,0,0,0,0,0,0,0,0,0,0,0,0,0,0,0,0,0,0,0,0,0,0,0,0,0,0,0,0,0,0,0,0,0,0,0,0,0,0,0,0,0,0,0,0,0,0,0,0,0,0,0,0,0,0,0,0,0,0,0,0,0,0,0,0,0,0,0,0,0,0,0,0,0,0,0,0,0,0,0,0,0,0,0,0,0,0,0,0,0,0,0,0,0,0,0,0,0,0,0,0,0,0,0,0,0,0,0,0,0,0,0,0,0,0,0,0,0,0,0,0,0,0,0,0,0,0,0,0,0,13248,0,4416,4416,4416,1,0,1,200,200,0,0,0,0,0,13248,0,4416,4416,4416,1,0,1,200,200,,,,,,,,,,,,,,,,,,,,,,,,,,,,,,,938.379,945.757,edf9f51862946fd91ef3a76c70d684cd086a854317af9033b83c0714dc35e922,28.666666666666668,8,merkle,42.0,1,189.362,189.362,1,1,2,400,8832,4,75,1,fanout_f32_l16,off,189.362,0,4,189.362,100,100,100,size-scaling-k75-c300-n3000000-f32-k75-c300-fanout_f32_l16-merkle-r4,1,1075,32,1,126,2150,23624.902,300,4416,3000000,1,
2,2,full,6,20622.265984535217,1,0,75,63,1,4,4,150,2150,2150,8832,4,0.150,0,0,0,0,300,mixed,1075,1,23645.174,size-scaling-k75-c300,32,0,1075,64,4,75,1,1,0,0,0,0,0,0,0,0,0,0,0,0,0,0,0,0,0,0,0,0,0,0,0,0,0,0,0,0,0,0,0,0,0,0,0,0,0,0,0,0,0,0,0,0,0,0,0,0,0,0,0,0,0,0,0,0,0,0,0,0,0,0,0,0,0,0,0,0,0,0,0,0,0,0,0,0,0,0,0,0,0,0,0,0,0,0,0,0,0,0,0,0,0,0,0,0,0,0,0,0,0,0,0,0,0,0,0,0,0,0,0,0,0,0,0,0,0,0,0,0,0,0,0,0,0,0,0,0,0,0,0,0,0,0,0,0,0,0,0,0,0,0,0,0,0,0,0,0,0,0,0,0,0,0,0,0,0,0,0,0,0,0,0,0,0,0,0,0,0,0,0,0,0,0,0,0,0,0,0,0,0,0,0,0,0,0,0,0,0,0,0,0,0,0,0,0,0,0,0,0,0,0,0,0,0,0,0,0,0,0,0,0,0,0,0,0,0,0,0,0,0,0,0,0,0,0,0,0,0,0,0,0,0,0,0,0,0,0,0,0,0,0,0,0,0,0,0,0,0,0,0,0,0,0,0,0,0,0,0,0,0,0,0,0,0,0,0,0,0,0,0,0,0,0,0,13248,0,4416,4416,4416,1,0,1,200,200,0,0,0,0,0,13248,0,4416,4416,4416,1,0,1,200,200,,,,,,,,,,,,,,,,,,,,,,,,,,,,,,,937.928,945.027,edf9f51862946fd91ef3a76c70d684cd086a854317af9033b83c0714dc35e922,28.666666666666668,8,merkle,42.0,1,188.962,188.962,1,1,2,400,8832,4,75,1,fanout_f32_l16,off,188.962,0,5,188.962,100,100,100,size-scaling-k75-c300-n3000000-f32-k75-c300-fanout_f32_l16-merkle-r5,1,1075,32,1,126,2150,23645.174,300,4416,3000000,1,
2,2,full,6,20628.356884002686,1,0,75,63,1,4,4,150,2150,2150,8832,4,0.150,0,0,0,0,300,mixed,1075,1,23656.675,size-scaling-k75-c300,32,0,1075,64,4,75,1,1,0,0,0,0,0,0,0,0,0,0,0,0,0,0,0,0,0,0,0,0,0,0,0,0,0,0,0,0,0,0,0,0,0,0,0,0,0,0,0,0,0,0,0,0,0,0,0,0,0,0,0,0,0,0,0,0,0,0,0,0,0,0,0,0,0,0,0,0,0,0,0,0,0,0,0,0,0,0,0,0,0,0,0,0,0,0,0,0,0,0,0,0,0,0,0,0,0,0,0,0,0,0,0,0,0,0,0,0,0,0,0,0,0,0,0,0,0,0,0,0,0,0,0,0,0,0,0,0,0,0,0,0,0,0,0,0,0,0,0,0,0,0,0,0,0,0,0,0,0,0,0,0,0,0,0,0,0,0,0,0,0,0,0,0,0,0,0,0,0,0,0,0,0,0,0,0,0,0,0,0,0,0,0,0,0,0,0,0,0,0,0,0,0,0,0,0,0,0,0,0,0,0,0,0,0,0,0,0,0,0,0,0,0,0,0,0,0,0,0,0,0,0,0,0,0,0,0,0,0,0,0,0,0,0,0,0,0,0,0,0,0,0,0,0,0,0,0,0,0,0,0,0,0,0,0,0,0,0,0,0,0,0,0,0,0,0,0,0,0,0,0,0,0,0,0,13248,0,4416,4416,4416,1,0,1,200,200,0,0,0,0,0,13248,0,4416,4416,4416,1,0,1,200,200,,,,,,,,,,,,,,,,,,,,,,,,,,,,,,,938.779,946.217,edf9f51862946fd91ef3a76c70d684cd086a854317af9033b83c0714dc35e922,28.666666666666668,8,merkle,42.0,1,191.978,191.978,1,1,2,400,8832,4,75,1,fanout_f32_l16,off,191.978,0,6,191.978,100,100,100,size-scaling-k75-c300-n3000000-f32-k75-c300-fanout_f32_l16-merkle-r6,1,1075,32,1,126,2150,23656.675,300,4416,3000000,1,
2,2,full,6,20583.70320892334,1,0,75,63,1,4,4,150,2150,2150,8832,4,0.152,0,0,0,0,300,mixed,1075,1,23607.884,size-scaling-k75-c300,32,0,1075,64,4,75,1,1,0,0,0,0,0,0,0,0,0,0,0,0,0,0,0,0,0,0,0,0,0,0,0,0,0,0,0,0,0,0,0,0,0,0,0,0,0,0,0,0,0,0,0,0,0,0,0,0,0,0,0,0,0,0,0,0,0,0,0,0,0,0,0,0,0,0,0,0,0,0,0,0,0,0,0,0,0,0,0,0,0,0,0,0,0,0,0,0,0,0,0,0,0,0,0,0,0,0,0,0,0,0,0,0,0,0,0,0,0,0,0,0,0,0,0,0,0,0,0,0,0,0,0,0,0,0,0,0,0,0,0,0,0,0,0,0,0,0,0,0,0,0,0,0,0,0,0,0,0,0,0,0,0,0,0,0,0,0,0,0,0,0,0,0,0,0,0,0,0,0,0,0,0,0,0,0,0,0,0,0,0,0,0,0,0,0,0,0,0,0,0,0,0,0,0,0,0,0,0,0,0,0,0,0,0,0,0,0,0,0,0,0,0,0,0,0,0,0,0,0,0,0,0,0,0,0,0,0,0,0,0,0,0,0,0,0,0,0,0,0,0,0,0,0,0,0,0,0,0,0,0,0,0,0,0,0,0,0,0,0,0,0,0,0,0,0,0,0,0,0,0,0,0,0,0,13248,0,4416,4416,4416,1,0,1,200,200,0,0,0,0,0,13248,0,4416,4416,4416,1,0,1,200,200,,,,,,,,,,,,,,,,,,,,,,,,,,,,,,,938.098,945.263,edf9f51862946fd91ef3a76c70d684cd086a854317af9033b83c0714dc35e922,28.666666666666668,8,merkle,42.0,1,188.851,188.851,1,1,2,400,8832,4,75,1,fanout_f32_l16,off,188.851,0,7,188.851,100,100,100,size-scaling-k75-c300-n3000000-f32-k75-c300-fanout_f32_l16-merkle-r7,1,1075,32,1,126,2150,23607.884,300,4416,3000000,1,
2,2,full,6,20554.18009376526,1,0,75,63,1,4,4,150,2150,2150,8832,4,0.154,0,0,0,0,300,mixed,1075,1,23591.040,size-scaling-k75-c300,32,0,1075,64,4,75,1,1,0,0,0,0,0,0,0,0,0,0,0,0,0,0,0,0,0,0,0,0,0,0,0,0,0,0,0,0,0,0,0,0,0,0,0,0,0,0,0,0,0,0,0,0,0,0,0,0,0,0,0,0,0,0,0,0,0,0,0,0,0,0,0,0,0,0,0,0,0,0,0,0,0,0,0,0,0,0,0,0,0,0,0,0,0,0,0,0,0,0,0,0,0,0,0,0,0,0,0,0,0,0,0,0,0,0,0,0,0,0,0,0,0,0,0,0,0,0,0,0,0,0,0,0,0,0,0,0,0,0,0,0,0,0,0,0,0,0,0,0,0,0,0,0,0,0,0,0,0,0,0,0,0,0,0,0,0,0,0,0,0,0,0,0,0,0,0,0,0,0,0,0,0,0,0,0,0,0,0,0,0,0,0,0,0,0,0,0,0,0,0,0,0,0,0,0,0,0,0,0,0,0,0,0,0,0,0,0,0,0,0,0,0,0,0,0,0,0,0,0,0,0,0,0,0,0,0,0,0,0,0,0,0,0,0,0,0,0,0,0,0,0,0,0,0,0,0,0,0,0,0,0,0,0,0,0,0,0,0,0,0,0,0,0,0,0,0,0,0,0,0,0,0,0,0,13248,0,4416,4416,4416,1,0,1,200,200,0,0,0,0,0,13248,0,4416,4416,4416,1,0,1,200,200,,,,,,,,,,,,,,,,,,,,,,,,,,,,,,,938.222,945.287,edf9f51862946fd91ef3a76c70d684cd086a854317af9033b83c0714dc35e922,28.666666666666668,8,merkle,42.0,1,201.538,201.538,1,1,2,400,8832,4,75,1,fanout_f32_l16,off,201.538,0,8,201.538,100,100,100,size-scaling-k75-c300-n3000000-f32-k75-c300-fanout_f32_l16-merkle-r8,1,1075,32,1,126,2150,23591.040,300,4416,3000000,1,
2,2,full,6,20651.113418102264,1,0,75,63,1,4,4,150,2150,2150,8832,4,0.154,0,0,0,0,300,mixed,1075,1,23629.870,size-scaling-k75-c300,32,0,1075,64,4,75,1,1,0,0,0,0,0,0,0,0,0,0,0,0,0,0,0,0,0,0,0,0,0,0,0,0,0,0,0,0,0,0,0,0,0,0,0,0,0,0,0,0,0,0,0,0,0,0,0,0,0,0,0,0,0,0,0,0,0,0,0,0,0,0,0,0,0,0,0,0,0,0,0,0,0,0,0,0,0,0,0,0,0,0,0,0,0,0,0,0,0,0,0,0,0,0,0,0,0,0,0,0,0,0,0,0,0,0,0,0,0,0,0,0,0,0,0,0,0,0,0,0,0,0,0,0,0,0,0,0,0,0,0,0,0,0,0,0,0,0,0,0,0,0,0,0,0,0,0,0,0,0,0,0,0,0,0,0,0,0,0,0,0,0,0,0,0,0,0,0,0,0,0,0,0,0,0,0,0,0,0,0,0,0,0,0,0,0,0,0,0,0,0,0,0,0,0,0,0,0,0,0,0,0,0,0,0,0,0,0,0,0,0,0,0,0,0,0,0,0,0,0,0,0,0,0,0,0,0,0,0,0,0,0,0,0,0,0,0,0,0,0,0,0,0,0,0,0,0,0,0,0,0,0,0,0,0,0,0,0,0,0,0,0,0,0,0,0,0,0,0,0,0,0,0,0,0,13248,0,4416,4416,4416,1,0,1,200,200,0,0,0,0,0,13248,0,4416,4416,4416,1,0,1,200,200,,,,,,,,,,,,,,,,,,,,,,,,,,,,,,,887.433,894.442,edf9f51862946fd91ef3a76c70d684cd086a854317af9033b83c0714dc35e922,28.666666666666668,8,merkle,42.0,1,194.591,194.591,1,1,2,400,8832,4,75,1,fanout_f32_l16,off,194.591,0,9,194.591,100,100,100,size-scaling-k75-c300-n3000000-f32-k75-c300-fanout_f32_l16-merkle-r9,1,1075,32,1,126,2150,23629.870,300,4416,3000000,1,
2,2,full,6,205941.79841804504,1,0,75,61,1,4,4,150,858,858,13504,6,0.165,0,0,0,0,300,mixed,429,1,208959.500,size-scaling-k75-c300,32,0,429,64,4,75,1,1,0,0,0,0,0,0,0,0,0,0,0,0,0,0,0,0,0,0,0,0,0,0,0,0,0,0,0,0,0,0,0,0,0,0,0,0,0,0,0,0,0,0,0,0,0,0,0,0,0,0,0,0,0,0,0,0,0,0,0,0,0,0,0,0,0,0,0,0,0,0,0,0,0,0,0,0,0,0,0,0,0,0,0,0,0,0,0,0,0,0,0,0,0,0,0,0,0,0,0,0,0,0,0,0,0,0,0,0,0,0,0,0,0,0,0,0,0,0,0,0,0,0,0,0,0,0,0,0,0,0,0,0,0,0,0,0,0,0,0,0,0,0,0,0,0,0,0,0,0,0,0,0,0,0,0,0,0,0,0,0,0,0,0,0,0,0,0,0,0,0,0,0,0,0,0,0,0,0,0,0,0,0,0,0,0,0,0,0,0,0,0,0,0,0,0,0,0,0,0,0,0,0,0,0,0,0,0,0,0,0,0,0,0,0,0,0,0,0,0,0,0,0,0,0,0,0,0,0,0,0,0,0,0,0,0,0,0,0,0,0,0,0,0,0,0,0,0,0,0,0,0,0,0,0,0,0,0,0,0,0,0,0,0,0,0,0,0,0,0,0,0,0,0,0,0,0,0,0,0,0,0,0,0,0,0,0,0,0,0,0,0,0,0,0,0,0,0,0,0,0,0,0,0,0,0,20256,0,6752,6752,6752,1,0,1,200,200,0,0,0,0,0,20256,0,6752,6752,6752,1,0,1,200,200,887.633,900.993,95d530a51bec45514bcf1eb0265b297344c1d86b6ecf7bcd81df8b436b6e2f61,11.44,8,merkle,17.0,1,225.899,225.899,1,1,2,400,13504,6,75,1,fanout_f32_l16,off,225.899,0,0,225.899,100,100,100,size-scaling-k75-c300-n30000000-f32-k75-c300-fanout_f32_l16-merkle-r0,1,429,32,1,122,858,208959.500,300,6752,30000000,1,
2,2,full,6,196470.1972990036,1,0,75,61,1,4,4,150,858,858,13504,6,0.147,0,0,0,0,300,mixed,429,1,199452.489,size-scaling-k75-c300,32,0,429,64,4,75,1,1,0,0,0,0,0,0,0,0,0,0,0,0,0,0,0,0,0,0,0,0,0,0,0,0,0,0,0,0,0,0,0,0,0,0,0,0,0,0,0,0,0,0,0,0,0,0,0,0,0,0,0,0,0,0,0,0,0,0,0,0,0,0,0,0,0,0,0,0,0,0,0,0,0,0,0,0,0,0,0,0,0,0,0,0,0,0,0,0,0,0,0,0,0,0,0,0,0,0,0,0,0,0,0,0,0,0,0,0,0,0,0,0,0,0,0,0,0,0,0,0,0,0,0,0,0,0,0,0,0,0,0,0,0,0,0,0,0,0,0,0,0,0,0,0,0,0,0,0,0,0,0,0,0,0,0,0,0,0,0,0,0,0,0,0,0,0,0,0,0,0,0,0,0,0,0,0,0,0,0,0,0,0,0,0,0,0,0,0,0,0,0,0,0,0,0,0,0,0,0,0,0,0,0,0,0,0,0,0,0,0,0,0,0,0,0,0,0,0,0,0,0,0,0,0,0,0,0,0,0,0,0,0,0,0,0,0,0,0,0,0,0,0,0,0,0,0,0,0,0,0,0,0,0,0,0,0,0,0,0,0,0,0,0,0,0,0,0,0,0,0,0,0,0,0,0,0,0,0,0,0,0,0,0,0,0,0,0,0,0,0,0,0,0,0,0,0,0,0,0,0,0,0,0,0,0,20256,0,6752,6752,6752,1,0,1,200,200,0,0,0,0,0,20256,0,6752,6752,6752,1,0,1,200,200,836.592,849.72,95d530a51bec45514bcf1eb0265b297344c1d86b6ecf7bcd81df8b436b6e2f61,11.44,8,merkle,17.0,1,241.924,241.924,1,1,2,400,13504,6,75,1,fanout_f32_l16,off,241.924,0,1,241.924,100,100,100,size-scaling-k75-c300-n30000000-f32-k75-c300-fanout_f32_l16-merkle-r1,1,429,32,1,122,858,199452.489,300,6752,30000000,1,
2,2,full,6,199793.01300907135,1,0,75,61,1,4,4,150,858,858,13504,6,0.159,0,0,0,0,300,mixed,429,1,202808.667,size-scaling-k75-c300,32,0,429,64,4,75,1,1,0,0,0,0,0,0,0,0,0,0,0,0,0,0,0,0,0,0,0,0,0,0,0,0,0,0,0,0,0,0,0,0,0,0,0,0,0,0,0,0,0,0,0,0,0,0,0,0,0,0,0,0,0,0,0,0,0,0,0,0,0,0,0,0,0,0,0,0,0,0,0,0,0,0,0,0,0,0,0,0,0,0,0,0,0,0,0,0,0,0,0,0,0,0,0,0,0,0,0,0,0,0,0,0,0,0,0,0,0,0,0,0,0,0,0,0,0,0,0,0,0,0,0,0,0,0,0,0,0,0,0,0,0,0,0,0,0,0,0,0,0,0,0,0,0,0,0,0,0,0,0,0,0,0,0,0,0,0,0,0,0,0,0,0,0,0,0,0,0,0,0,0,0,0,0,0,0,0,0,0,0,0,0,0,0,0,0,0,0,0,0,0,0,0,0,0,0,0,0,0,0,0,0,0,0,0,0,0,0,0,0,0,0,0,0,0,0,0,0,0,0,0,0,0,0,0,0,0,0,0,0,0,0,0,0,0,0,0,0,0,0,0,0,0,0,0,0,0,0,0,0,0,0,0,0,0,0,0,0,0,0,0,0,0,0,0,0,0,0,0,0,0,0,0,0,0,0,0,0,0,0,0,0,0,0,0,0,0,0,0,0,0,0,0,0,0,0,0,0,0,0,0,0,0,0,20256,0,6752,6752,6752,1,0,1,200,200,0,0,0,0,0,20256,0,6752,6752,6752,1,0,1,200,200,887.075,900.255,95d530a51bec45514bcf1eb0265b297344c1d86b6ecf7bcd81df8b436b6e2f61,11.44,8,merkle,17.0,1,225.044,225.044,1,1,2,400,13504,6,75,1,fanout_f32_l16,off,225.044,0,2,225.044,100,100,100,size-scaling-k75-c300-n30000000-f32-k75-c300-fanout_f32_l16-merkle-r2,1,429,32,1,122,858,202808.667,300,6752,30000000,1,
2,2,full,6,197073.6075782776,1,0,75,61,1,4,4,150,858,858,13504,6,0.146,0,0,0,0,300,mixed,429,1,200054.101,size-scaling-k75-c300,32,0,429,64,4,75,1,1,0,0,0,0,0,0,0,0,0,0,0,0,0,0,0,0,0,0,0,0,0,0,0,0,0,0,0,0,0,0,0,0,0,0,0,0,0,0,0,0,0,0,0,0,0,0,0,0,0,0,0,0,0,0,0,0,0,0,0,0,0,0,0,0,0,0,0,0,0,0,0,0,0,0,0,0,0,0,0,0,0,0,0,0,0,0,0,0,0,0,0,0,0,0,0,0,0,0,0,0,0,0,0,0,0,0,0,0,0,0,0,0,0,0,0,0,0,0,0,0,0,0,0,0,0,0,0,0,0,0,0,0,0,0,0,0,0,0,0,0,0,0,0,0,0,0,0,0,0,0,0,0,0,0,0,0,0,0,0,0,0,0,0,0,0,0,0,0,0,0,0,0,0,0,0,0,0,0,0,0,0,0,0,0,0,0,0,0,0,0,0,0,0,0,0,0,0,0,0,0,0,0,0,0,0,0,0,0,0,0,0,0,0,0,0,0,0,0,0,0,0,0,0,0,0,0,0,0,0,0,0,0,0,0,0,0,0,0,0,0,0,0,0,0,0,0,0,0,0,0,0,0,0,0,0,0,0,0,0,0,0,0,0,0,0,0,0,0,0,0,0,0,0,0,0,0,0,0,0,0,0,0,0,0,0,0,0,0,0,0,0,0,0,0,0,0,0,0,0,0,0,0,0,0,0,20256,0,6752,6752,6752,1,0,1,200,200,0,0,0,0,0,20256,0,6752,6752,6752,1,0,1,200,200,836.516,849.812,95d530a51bec45514bcf1eb0265b297344c1d86b6ecf7bcd81df8b436b6e2f61,11.44,8,merkle,17.0,1,240.365,240.365,1,1,2,400,13504,6,75,1,fanout_f32_l16,off,240.365,0,3,240.365,100,100,100,size-scaling-k75-c300-n30000000-f32-k75-c300-fanout_f32_l16-merkle-r3,1,429,32,1,122,858,200054.101,300,6752,30000000,1,
2,2,full,6,196831.7890715599,1,0,75,61,1,4,4,150,858,858,13504,6,0.146,0,0,0,0,300,mixed,429,1,199813.065,size-scaling-k75-c300,32,0,429,64,4,75,1,1,0,0,0,0,0,0,0,0,0,0,0,0,0,0,0,0,0,0,0,0,0,0,0,0,0,0,0,0,0,0,0,0,0,0,0,0,0,0,0,0,0,0,0,0,0,0,0,0,0,0,0,0,0,0,0,0,0,0,0,0,0,0,0,0,0,0,0,0,0,0,0,0,0,0,0,0,0,0,0,0,0,0,0,0,0,0,0,0,0,0,0,0,0,0,0,0,0,0,0,0,0,0,0,0,0,0,0,0,0,0,0,0,0,0,0,0,0,0,0,0,0,0,0,0,0,0,0,0,0,0,0,0,0,0,0,0,0,0,0,0,0,0,0,0,0,0,0,0,0,0,0,0,0,0,0,0,0,0,0,0,0,0,0,0,0,0,0,0,0,0,0,0,0,0,0,0,0,0,0,0,0,0,0,0,0,0,0,0,0,0,0,0,0,0,0,0,0,0,0,0,0,0,0,0,0,0,0,0,0,0,0,0,0,0,0,0,0,0,0,0,0,0,0,0,0,0,0,0,0,0,0,0,0,0,0,0,0,0,0,0,0,0,0,0,0,0,0,0,0,0,0,0,0,0,0,0,0,0,0,0,0,0,0,0,0,0,0,0,0,0,0,0,0,0,0,0,0,0,0,0,0,0,0,0,0,0,0,0,0,0,0,0,0,0,0,0,0,0,0,0,0,0,0,0,0,20256,0,6752,6752,6752,1,0,1,200,200,0,0,0,0,0,20256,0,6752,6752,6752,1,0,1,200,200,836.47,849.639,95d530a51bec45514bcf1eb0265b297344c1d86b6ecf7bcd81df8b436b6e2f61,11.44,8,merkle,17.0,1,241.245,241.245,1,1,2,400,13504,6,75,1,fanout_f32_l16,off,241.245,0,4,241.245,100,100,100,size-scaling-k75-c300-n30000000-f32-k75-c300-fanout_f32_l16-merkle-r4,1,429,32,1,122,858,199813.065,300,6752,30000000,1,
2,2,full,6,196540.04170036316,1,0,75,61,1,4,4,150,858,858,13504,6,0.160,0,0,0,0,300,mixed,429,1,199522.606,size-scaling-k75-c300,32,0,429,64,4,75,1,1,0,0,0,0,0,0,0,0,0,0,0,0,0,0,0,0,0,0,0,0,0,0,0,0,0,0,0,0,0,0,0,0,0,0,0,0,0,0,0,0,0,0,0,0,0,0,0,0,0,0,0,0,0,0,0,0,0,0,0,0,0,0,0,0,0,0,0,0,0,0,0,0,0,0,0,0,0,0,0,0,0,0,0,0,0,0,0,0,0,0,0,0,0,0,0,0,0,0,0,0,0,0,0,0,0,0,0,0,0,0,0,0,0,0,0,0,0,0,0,0,0,0,0,0,0,0,0,0,0,0,0,0,0,0,0,0,0,0,0,0,0,0,0,0,0,0,0,0,0,0,0,0,0,0,0,0,0,0,0,0,0,0,0,0,0,0,0,0,0,0,0,0,0,0,0,0,0,0,0,0,0,0,0,0,0,0,0,0,0,0,0,0,0,0,0,0,0,0,0,0,0,0,0,0,0,0,0,0,0,0,0,0,0,0,0,0,0,0,0,0,0,0,0,0,0,0,0,0,0,0,0,0,0,0,0,0,0,0,0,0,0,0,0,0,0,0,0,0,0,0,0,0,0,0,0,0,0,0,0,0,0,0,0,0,0,0,0,0,0,0,0,0,0,0,0,0,0,0,0,0,0,0,0,0,0,0,0,0,0,0,0,0,0,0,0,0,0,0,0,0,0,0,0,0,0,20256,0,6752,6752,6752,1,0,1,200,200,0,0,0,0,0,20256,0,6752,6752,6752,1,0,1,200,200,836.902,850.11,95d530a51bec45514bcf1eb0265b297344c1d86b6ecf7bcd81df8b436b6e2f61,11.44,8,merkle,17.0,1,241.768,241.768,1,1,2,400,13504,6,75,1,fanout_f32_l16,off,241.768,0,5,241.768,100,100,100,size-scaling-k75-c300-n30000000-f32-k75-c300-fanout_f32_l16-merkle-r5,1,429,32,1,122,858,199522.606,300,6752,30000000,1,
2,2,full,6,196873.44004058838,1,0,75,61,1,4,4,150,858,858,13504,6,0.146,0,0,0,0,300,mixed,429,1,199875.474,size-scaling-k75-c300,32,0,429,64,4,75,1,1,0,0,0,0,0,0,0,0,0,0,0,0,0,0,0,0,0,0,0,0,0,0,0,0,0,0,0,0,0,0,0,0,0,0,0,0,0,0,0,0,0,0,0,0,0,0,0,0,0,0,0,0,0,0,0,0,0,0,0,0,0,0,0,0,0,0,0,0,0,0,0,0,0,0,0,0,0,0,0,0,0,0,0,0,0,0,0,0,0,0,0,0,0,0,0,0,0,0,0,0,0,0,0,0,0,0,0,0,0,0,0,0,0,0,0,0,0,0,0,0,0,0,0,0,0,0,0,0,0,0,0,0,0,0,0,0,0,0,0,0,0,0,0,0,0,0,0,0,0,0,0,0,0,0,0,0,0,0,0,0,0,0,0,0,0,0,0,0,0,0,0,0,0,0,0,0,0,0,0,0,0,0,0,0,0,0,0,0,0,0,0,0,0,0,0,0,0,0,0,0,0,0,0,0,0,0,0,0,0,0,0,0,0,0,0,0,0,0,0,0,0,0,0,0,0,0,0,0,0,0,0,0,0,0,0,0,0,0,0,0,0,0,0,0,0,0,0,0,0,0,0,0,0,0,0,0,0,0,0,0,0,0,0,0,0,0,0,0,0,0,0,0,0,0,0,0,0,0,0,0,0,0,0,0,0,0,0,0,0,0,0,0,0,0,0,0,0,0,0,0,0,0,0,0,0,20256,0,6752,6752,6752,1,0,1,200,200,0,0,0,0,0,20256,0,6752,6752,6752,1,0,1,200,200,836.825,850.012,95d530a51bec45514bcf1eb0265b297344c1d86b6ecf7bcd81df8b436b6e2f61,11.44,8,merkle,17.0,1,260.858,260.858,1,1,2,400,13504,6,75,1,fanout_f32_l16,off,260.858,0,6,260.858,100,100,100,size-scaling-k75-c300-n30000000-f32-k75-c300-fanout_f32_l16-merkle-r6,1,429,32,1,122,858,199875.474,300,6752,30000000,1,
2,2,full,6,198430.9881925583,1,0,75,61,1,4,4,150,858,858,13504,6,0.145,0,0,0,0,300,mixed,429,1,201420.037,size-scaling-k75-c300,32,0,429,64,4,75,1,1,0,0,0,0,0,0,0,0,0,0,0,0,0,0,0,0,0,0,0,0,0,0,0,0,0,0,0,0,0,0,0,0,0,0,0,0,0,0,0,0,0,0,0,0,0,0,0,0,0,0,0,0,0,0,0,0,0,0,0,0,0,0,0,0,0,0,0,0,0,0,0,0,0,0,0,0,0,0,0,0,0,0,0,0,0,0,0,0,0,0,0,0,0,0,0,0,0,0,0,0,0,0,0,0,0,0,0,0,0,0,0,0,0,0,0,0,0,0,0,0,0,0,0,0,0,0,0,0,0,0,0,0,0,0,0,0,0,0,0,0,0,0,0,0,0,0,0,0,0,0,0,0,0,0,0,0,0,0,0,0,0,0,0,0,0,0,0,0,0,0,0,0,0,0,0,0,0,0,0,0,0,0,0,0,0,0,0,0,0,0,0,0,0,0,0,0,0,0,0,0,0,0,0,0,0,0,0,0,0,0,0,0,0,0,0,0,0,0,0,0,0,0,0,0,0,0,0,0,0,0,0,0,0,0,0,0,0,0,0,0,0,0,0,0,0,0,0,0,0,0,0,0,0,0,0,0,0,0,0,0,0,0,0,0,0,0,0,0,0,0,0,0,0,0,0,0,0,0,0,0,0,0,0,0,0,0,0,0,0,0,0,0,0,0,0,0,0,0,0,0,0,0,0,0,0,20256,0,6752,6752,6752,1,0,1,200,200,0,0,0,0,0,20256,0,6752,6752,6752,1,0,1,200,200,836.717,849.788,95d530a51bec45514bcf1eb0265b297344c1d86b6ecf7bcd81df8b436b6e2f61,11.44,8,merkle,17.0,1,248.419,248.419,1,1,2,400,13504,6,75,1,fanout_f32_l16,off,248.419,0,7,248.419,100,100,100,size-scaling-k75-c300-n30000000-f32-k75-c300-fanout_f32_l16-merkle-r7,1,429,32,1,122,858,201420.037,300,6752,30000000,1,
2,2,full,6,202450.56539440155,1,0,75,61,1,4,4,150,858,858,13504,6,0.146,0,0,0,0,300,mixed,429,1,205430.058,size-scaling-k75-c300,32,0,429,64,4,75,1,1,0,0,0,0,0,0,0,0,0,0,0,0,0,0,0,0,0,0,0,0,0,0,0,0,0,0,0,0,0,0,0,0,0,0,0,0,0,0,0,0,0,0,0,0,0,0,0,0,0,0,0,0,0,0,0,0,0,0,0,0,0,0,0,0,0,0,0,0,0,0,0,0,0,0,0,0,0,0,0,0,0,0,0,0,0,0,0,0,0,0,0,0,0,0,0,0,0,0,0,0,0,0,0,0,0,0,0,0,0,0,0,0,0,0,0,0,0,0,0,0,0,0,0,0,0,0,0,0,0,0,0,0,0,0,0,0,0,0,0,0,0,0,0,0,0,0,0,0,0,0,0,0,0,0,0,0,0,0,0,0,0,0,0,0,0,0,0,0,0,0,0,0,0,0,0,0,0,0,0,0,0,0,0,0,0,0,0,0,0,0,0,0,0,0,0,0,0,0,0,0,0,0,0,0,0,0,0,0,0,0,0,0,0,0,0,0,0,0,0,0,0,0,0,0,0,0,0,0,0,0,0,0,0,0,0,0,0,0,0,0,0,0,0,0,0,0,0,0,0,0,0,0,0,0,0,0,0,0,0,0,0,0,0,0,0,0,0,0,0,0,0,0,0,0,0,0,0,0,0,0,0,0,0,0,0,0,0,0,0,0,0,0,0,0,0,0,0,0,0,0,0,0,0,0,0,20256,0,6752,6752,6752,1,0,1,200,200,0,0,0,0,0,20256,0,6752,6752,6752,1,0,1,200,200,836.95,850.091,95d530a51bec45514bcf1eb0265b297344c1d86b6ecf7bcd81df8b436b6e2f61,11.44,8,merkle,17.0,1,238.893,238.893,1,1,2,400,13504,6,75,1,fanout_f32_l16,off,238.893,0,8,238.893,100,100,100,size-scaling-k75-c300-n30000000-f32-k75-c300-fanout_f32_l16-merkle-r8,1,429,32,1,122,858,205430.058,300,6752,30000000,1,
2,2,full,6,196685.32656097412,1,0,75,61,1,4,4,150,858,858,13504,6,0.164,0,0,0,0,300,mixed,429,1,199667.636,size-scaling-k75-c300,32,0,429,64,4,75,1,1,0,0,0,0,0,0,0,0,0,0,0,0,0,0,0,0,0,0,0,0,0,0,0,0,0,0,0,0,0,0,0,0,0,0,0,0,0,0,0,0,0,0,0,0,0,0,0,0,0,0,0,0,0,0,0,0,0,0,0,0,0,0,0,0,0,0,0,0,0,0,0,0,0,0,0,0,0,0,0,0,0,0,0,0,0,0,0,0,0,0,0,0,0,0,0,0,0,0,0,0,0,0,0,0,0,0,0,0,0,0,0,0,0,0,0,0,0,0,0,0,0,0,0,0,0,0,0,0,0,0,0,0,0,0,0,0,0,0,0,0,0,0,0,0,0,0,0,0,0,0,0,0,0,0,0,0,0,0,0,0,0,0,0,0,0,0,0,0,0,0,0,0,0,0,0,0,0,0,0,0,0,0,0,0,0,0,0,0,0,0,0,0,0,0,0,0,0,0,0,0,0,0,0,0,0,0,0,0,0,0,0,0,0,0,0,0,0,0,0,0,0,0,0,0,0,0,0,0,0,0,0,0,0,0,0,0,0,0,0,0,0,0,0,0,0,0,0,0,0,0,0,0,0,0,0,0,0,0,0,0,0,0,0,0,0,0,0,0,0,0,0,0,0,0,0,0,0,0,0,0,0,0,0,0,0,0,0,0,0,0,0,0,0,0,0,0,0,0,0,0,0,0,0,0,0,20256,0,6752,6752,6752,1,0,1,200,200,0,0,0,0,0,20256,0,6752,6752,6752,1,0,1,200,200,835.892,849.206,95d530a51bec45514bcf1eb0265b297344c1d86b6ecf7bcd81df8b436b6e2f61,11.44,8,merkle,17.0,1,241.993,241.993,1,1,2,400,13504,6,75,1,fanout_f32_l16,off,241.993,0,9,241.993,100,100,100,size-scaling-k75-c300-n30000000-f32-k75-c300-fanout_f32_l16-merkle-r9,1,429,32,1,122,858,199667.636,300,6752,30000000,1,
