run_id,manifest_sha256,method,phase,ms
size-scaling-k75-c300-n10000000-f32-k75-c300-fanout_f32_l16-merkle-r0,04a28e7b724ebeee94545ba7395ff583180eaa663d02a03122f1bfec184190a3,merkle,tree_localisation_ms,184.042
size-scaling-k75-c300-n10000000-f32-k75-c300-fanout_f32_l16-merkle-r0,04a28e7b724ebeee94545ba7395ff583180eaa663d02a03122f1bfec184190a3,merkle,candidate_row_fetch_ms,16.162
size-scaling-k75-c300-n10000000-f32-k75-c300-fanout_f32_l16-merkle-r0,04a28e7b724ebeee94545ba7395ff583180eaa663d02a03122f1bfec184190a3,merkle,row_comparison_ms,0.564
size-scaling-k75-c300-n10000000-f32-k75-c300-fanout_f32_l16-merkle-r0,04a28e7b724ebeee94545ba7395ff583180eaa663d02a03122f1bfec184190a3,merkle,repair_sql_building_ms,0.545
size-scaling-k75-c300-n10000000-f32-k75-c300-fanout_f32_l16-merkle-r0,04a28e7b724ebeee94545ba7395ff583180eaa663d02a03122f1bfec184190a3,merkle,repair_dml_wire_ms,17.877
size-scaling-k75-c300-n10000000-f32-k75-c300-fanout_f32_l16-merkle-r0,04a28e7b724ebeee94545ba7395ff583180eaa663d02a03122f1bfec184190a3,merkle,repair_commit_wire_ms,9.003
size-scaling-k75-c300-n10000000-f32-k75-c300-fanout_f32_l16-merkle-r0,04a28e7b724ebeee94545ba7395ff583180eaa663d02a03122f1bfec184190a3,merkle,repair_begin_wire_ms,0.115
size-scaling-k75-c300-n10000000-f32-k75-c300-fanout_f32_l16-merkle-r0,04a28e7b724ebeee94545ba7395ff583180eaa663d02a03122f1bfec184190a3,merkle,repair_transaction_block_ms,27.595
size-scaling-k75-c300-n10000000-f32-k75-c300-fanout_f32_l16-merkle-r0,04a28e7b724ebeee94545ba7395ff583180eaa663d02a03122f1bfec184190a3,merkle,repair_write_ms,27.599
size-scaling-k75-c300-n10000000-f32-k75-c300-fanout_f32_l16-merkle-r0,04a28e7b724ebeee94545ba7395ff583180eaa663d02a03122f1bfec184190a3,merkle,targeted_post_repair_confirmation_ms,3.497
size-scaling-k75-c300-n10000000-f32-k75-c300-fanout_f32_l16-merkle-r0,04a28e7b724ebeee94545ba7395ff583180eaa663d02a03122f1bfec184190a3,merkle,recovery_observability_ms,0.001
size-scaling-k75-c300-n10000000-f32-k75-c300-fanout_f32_l16-merkle-r0,04a28e7b724ebeee94545ba7395ff583180eaa663d02a03122f1bfec184190a3,merkle,recovery_orchestration_ms,1.381
size-scaling-k75-c300-n10000000-f32-k75-c300-fanout_f32_l16-merkle-r0,04a28e7b724ebeee94545ba7395ff583180eaa663d02a03122f1bfec184190a3,merkle,audit_exact_table_compare_ms,37875.400
size-scaling-k75-c300-n10000000-f32-k75-c300-fanout_f32_l16-merkle-r0,04a28e7b724ebeee94545ba7395ff583180eaa663d02a03122f1bfec184190a3,merkle,audit_merkle_root_hash_ms,1.332
size-scaling-k75-c300-n10000000-f32-k75-c300-fanout_f32_l16-merkle-r0,04a28e7b724ebeee94545ba7395ff583180eaa663d02a03122f1bfec184190a3,merkle,audit_merkle_verify_ms,30235.864
size-scaling-k75-c300-n10000000-f32-k75-c300-fanout_f32_l16-merkle-r0,04a28e7b724ebeee94545ba7395ff583180eaa663d02a03122f1bfec184190a3,merkle,audit_schema_fidelity_ms,2.169
size-scaling-k75-c300-n10000000-f32-k75-c300-fanout_f32_l16-merkle-r0,04a28e7b724ebeee94545ba7395ff583180eaa663d02a03122f1bfec184190a3,merkle,merkle_total_ms,71074.980
size-scaling-k75-c300-n10000000-f32-k75-c300-fanout_f32_l16-merkle-r1,04a28e7b724ebeee94545ba7395ff583180eaa663d02a03122f1bfec184190a3,merkle,tree_localisation_ms,189.466
size-scaling-k75-c300-n10000000-f32-k75-c300-fanout_f32_l16-merkle-r1,04a28e7b724ebeee94545ba7395ff583180eaa663d02a03122f1bfec184190a3,merkle,candidate_row_fetch_ms,16.514
size-scaling-k75-c300-n10000000-f32-k75-c300-fanout_f32_l16-merkle-r1,04a28e7b724ebeee94545ba7395ff583180eaa663d02a03122f1bfec184190a3,merkle,row_comparison_ms,0.536
size-scaling-k75-c300-n10000000-f32-k75-c300-fanout_f32_l16-merkle-r1,04a28e7b724ebeee94545ba7395ff583180eaa663d02a03122f1bfec184190a3,merkle,repair_sql_building_ms,0.551
size-scaling-k75-c300-n10000000-f32-k75-c300-fanout_f32_l16-merkle-r1,04a28e7b724ebeee94545ba7395ff583180eaa663d02a03122f1bfec184190a3,merkle,repair_dml_wire_ms,18.020
size-scaling-k75-c300-n10000000-f32-k75-c300-fanout_f32_l16-merkle-r1,04a28e7b724ebeee94545ba7395ff583180eaa663d02a03122f1bfec184190a3,merkle,repair_commit_wire_ms,9.028
size-scaling-k75-c300-n10000000-f32-k75-c300-fanout_f32_l16-merkle-r1,04a28e7b724ebeee94545ba7395ff583180eaa663d02a03122f1bfec184190a3,merkle,repair_begin_wire_ms,0.112
size-scaling-k75-c300-n10000000-f32-k75-c300-fanout_f32_l16-merkle-r1,04a28e7b724ebeee94545ba7395ff583180eaa663d02a03122f1bfec184190a3,merkle,repair_transaction_block_ms,27.767
size-scaling-k75-c300-n10000000-f32-k75-c300-fanout_f32_l16-merkle-r1,04a28e7b724ebeee94545ba7395ff583180eaa663d02a03122f1bfec184190a3,merkle,repair_write_ms,27.772
size-scaling-k75-c300-n10000000-f32-k75-c300-fanout_f32_l16-merkle-r1,04a28e7b724ebeee94545ba7395ff583180eaa663d02a03122f1bfec184190a3,merkle,targeted_post_repair_confirmation_ms,3.513
size-scaling-k75-c300-n10000000-f32-k75-c300-fanout_f32_l16-merkle-r1,04a28e7b724ebeee94545ba7395ff583180eaa663d02a03122f1bfec184190a3,merkle,recovery_observability_ms,0.001
size-scaling-k75-c300-n10000000-f32-k75-c300-fanout_f32_l16-merkle-r1,04a28e7b724ebeee94545ba7395ff583180eaa663d02a03122f1bfec184190a3,merkle,recovery_orchestration_ms,1.442
size-scaling-k75-c300-n10000000-f32-k75-c300-fanout_f32_l16-merkle-r1,04a28e7b724ebeee94545ba7395ff583180eaa663d02a03122f1bfec184190a3,merkle,audit_exact_table_compare_ms,35465.507
size-scaling-k75-c300-n10000000-f32-k75-c300-fanout_f32_l16-merkle-r1,04a28e7b724ebeee94545ba7395ff583180eaa663d02a03122f1bfec184190a3,merkle,audit_merkle_root_hash_ms,1.288
size-scaling-k75-c300-n10000000-f32-k75-c300-fanout_f32_l16-merkle-r1,04a28e7b724ebeee94545ba7395ff583180eaa663d02a03122f1bfec184190a3,merkle,audit_merkle_verify_ms,30295.684
size-scaling-k75-c300-n10000000-f32-k75-c300-fanout_f32_l16-merkle-r1,04a28e7b724ebeee94545ba7395ff583180eaa663d02a03122f1bfec184190a3,merkle,audit_schema_fidelity_ms,2.188
size-scaling-k75-c300-n10000000-f32-k75-c300-fanout_f32_l16-merkle-r1,04a28e7b724ebeee94545ba7395ff583180eaa663d02a03122f1bfec184190a3,merkle,merkle_total_ms,68730.766
size-scaling-k75-c300-n10000000-f32-k75-c300-fanout_f32_l16-merkle-r2,04a28e7b724ebeee94545ba7395ff583180eaa663d02a03122f1bfec184190a3,merkle,tree_localisation_ms,184.963
size-scaling-k75-c300-n10000000-f32-k75-c300-fanout_f32_l16-merkle-r2,04a28e7b724ebeee94545ba7395ff583180eaa663d02a03122f1bfec184190a3,merkle,candidate_row_fetch_ms,16.905
size-scaling-k75-c300-n10000000-f32-k75-c300-fanout_f32_l16-merkle-r2,04a28e7b724ebeee94545ba7395ff583180eaa663d02a03122f1bfec184190a3,merkle,row_comparison_ms,0.547
size-scaling-k75-c300-n10000000-f32-k75-c300-fanout_f32_l16-merkle-r2,04a28e7b724ebeee94545ba7395ff583180eaa663d02a03122f1bfec184190a3,merkle,repair_sql_building_ms,0.551
size-scaling-k75-c300-n10000000-f32-k75-c300-fanout_f32_l16-merkle-r2,04a28e7b724ebeee94545ba7395ff583180eaa663d02a03122f1bfec184190a3,merkle,repair_dml_wire_ms,17.931
size-scaling-k75-c300-n10000000-f32-k75-c300-fanout_f32_l16-merkle-r2,04a28e7b724ebeee94545ba7395ff583180eaa663d02a03122f1bfec184190a3,merkle,repair_commit_wire_ms,8.992
size-scaling-k75-c300-n10000000-f32-k75-c300-fanout_f32_l16-merkle-r2,04a28e7b724ebeee94545ba7395ff583180eaa663d02a03122f1bfec184190a3,merkle,repair_begin_wire_ms,0.115
size-scaling-k75-c300-n10000000-f32-k75-c300-fanout_f32_l16-merkle-r2,04a28e7b724ebeee94545ba7395ff583180eaa663d02a03122f1bfec184190a3,merkle,repair_transaction_block_ms,27.643
size-scaling-k75-c300-n10000000-f32-k75-c300-fanout_f32_l16-merkle-r2,04a28e7b724ebeee94545ba7395ff583180eaa663d02a03122f1bfec184190a3,merkle,repair_write_ms,27.647
size-scaling-k75-c300-n10000000-f32-k75-c300-fanout_f32_l16-merkle-r2,04a28e7b724ebeee94545ba7395ff583180eaa663d02a03122f1bfec184190a3,merkle,targeted_post_repair_confirmation_ms,3.482
size-scaling-k75-c300-n10000000-f32-k75-c300-fanout_f32_l16-merkle-r2,04a28e7b724ebeee94545ba7395ff583180eaa663d02a03122f1bfec184190a3,merkle,recovery_observability_ms,0.001
size-scaling-k75-c300-n10000000-f32-k75-c300-fanout_f32_l16-merkle-r2,04a28e7b724ebeee94545ba7395ff583180eaa663d02a03122f1bfec184190a3,merkle,recovery_orchestration_ms,1.508
size-scaling-k75-c300-n10000000-f32-k75-c300-fanout_f32_l16-merkle-r2,04a28e7b724ebeee94545ba7395ff583180eaa663d02a03122f1bfec184190a3,merkle,audit_exact_table_compare_ms,35417.974
size-scaling-k75-c300-n10000000-f32-k75-c300-fanout_f32_l16-merkle-r2,04a28e7b724ebeee94545ba7395ff583180eaa663d02a03122f1bfec184190a3,merkle,audit_merkle_root_hash_ms,1.273
size-scaling-k75-c300-n10000000-f32-k75-c300-fanout_f32_l16-merkle-r2,04a28e7b724ebeee94545ba7395ff583180eaa663d02a03122f1bfec184190a3,merkle,audit_merkle_verify_ms,30473.549
size-scaling-k75-c300-n10000000-f32-k75-c300-fanout_f32_l16-merkle-r2,04a28e7b724ebeee94545ba7395ff583180eaa663d02a03122f1bfec184190a3,merkle,audit_schema_fidelity_ms,2.026
size-scaling-k75-c300-n10000000-f32-k75-c300-fanout_f32_l16-merkle-r2,04a28e7b724ebeee94545ba7395ff583180eaa663d02a03122f1bfec184190a3,merkle,merkle_total_ms,68856.855
size-scaling-k75-c300-n10000000-f32-k75-c300-fanout_f32_l16-merkle-r3,04a28e7b724ebeee94545ba7395ff583180eaa663d02a03122f1bfec184190a3,merkle,tree_localisation_ms,183.345
size-scaling-k75-c300-n10000000-f32-k75-c300-fanout_f32_l16-merkle-r3,04a28e7b724ebeee94545ba7395ff583180eaa663d02a03122f1bfec184190a3,merkle,candidate_row_fetch_ms,17.143
size-scaling-k75-c300-n10000000-f32-k75-c300-fanout_f32_l16-merkle-r3,04a28e7b724ebeee94545ba7395ff583180eaa663d02a03122f1bfec184190a3,merkle,row_comparison_ms,0.538
size-scaling-k75-c300-n10000000-f32-k75-c300-fanout_f32_l16-merkle-r3,04a28e7b724ebeee94545ba7395ff583180eaa663d02a03122f1bfec184190a3,merkle,repair_sql_building_ms,0.557
size-scaling-k75-c300-n10000000-f32-k75-c300-fanout_f32_l16-merkle-r3,04a28e7b724ebeee94545ba7395ff583180eaa663d02a03122f1bfec184190a3,merkle,repair_dml_wire_ms,17.646
size-scaling-k75-c300-n10000000-f32-k75-c300-fanout_f32_l16-merkle-r3,04a28e7b724ebeee94545ba7395ff583180eaa663d02a03122f1bfec184190a3,merkle,repair_commit_wire_ms,8.939
size-scaling-k75-c300-n10000000-f32-k75-c300-fanout_f32_l16-merkle-r3,04a28e7b724ebeee94545ba7395ff583180eaa663d02a03122f1bfec184190a3,merkle,repair_begin_wire_ms,0.111
size-scaling-k75-c300-n10000000-f32-k75-c300-fanout_f32_l16-merkle-r3,04a28e7b724ebeee94545ba7395ff583180eaa663d02a03122f1bfec184190a3,merkle,repair_transaction_block_ms,27.310
size-scaling-k75-c300-n10000000-f32-k75-c300-fanout_f32_l16-merkle-r3,04a28e7b724ebeee94545ba7395ff583180eaa663d02a03122f1bfec184190a3,merkle,repair_write_ms,27.315
size-scaling-k75-c300-n10000000-f32-k75-c300-fanout_f32_l16-merkle-r3,04a28e7b724ebeee94545ba7395ff583180eaa663d02a03122f1bfec184190a3,merkle,targeted_post_repair_confirmation_ms,3.481
size-scaling-k75-c300-n10000000-f32-k75-c300-fanout_f32_l16-merkle-r3,04a28e7b724ebeee94545ba7395ff583180eaa663d02a03122f1bfec184190a3,merkle,recovery_observability_ms,0.001
size-scaling-k75-c300-n10000000-f32-k75-c300-fanout_f32_l16-merkle-r3,04a28e7b724ebeee94545ba7395ff583180eaa663d02a03122f1bfec184190a3,merkle,recovery_orchestration_ms,1.439
size-scaling-k75-c300-n10000000-f32-k75-c300-fanout_f32_l16-merkle-r3,04a28e7b724ebeee94545ba7395ff583180eaa663d02a03122f1bfec184190a3,merkle,audit_exact_table_compare_ms,35499.497
size-scaling-k75-c300-n10000000-f32-k75-c300-fanout_f32_l16-merkle-r3,04a28e7b724ebeee94545ba7395ff583180eaa663d02a03122f1bfec184190a3,merkle,audit_merkle_root_hash_ms,1.374
size-scaling-k75-c300-n10000000-f32-k75-c300-fanout_f32_l16-merkle-r3,04a28e7b724ebeee94545ba7395ff583180eaa663d02a03122f1bfec184190a3,merkle,audit_merkle_verify_ms,30154.445
size-scaling-k75-c300-n10000000-f32-k75-c300-fanout_f32_l16-merkle-r3,04a28e7b724ebeee94545ba7395ff583180eaa663d02a03122f1bfec184190a3,merkle,audit_schema_fidelity_ms,2.178
size-scaling-k75-c300-n10000000-f32-k75-c300-fanout_f32_l16-merkle-r3,04a28e7b724ebeee94545ba7395ff583180eaa663d02a03122f1bfec184190a3,merkle,merkle_total_ms,68616.942
size-scaling-k75-c300-n10000000-f32-k75-c300-fanout_f32_l16-merkle-r4,04a28e7b724ebeee94545ba7395ff583180eaa663d02a03122f1bfec184190a3,merkle,tree_localisation_ms,182.740
size-scaling-k75-c300-n10000000-f32-k75-c300-fanout_f32_l16-merkle-r4,04a28e7b724ebeee94545ba7395ff583180eaa663d02a03122f1bfec184190a3,merkle,candidate_row_fetch_ms,16.932
size-scaling-k75-c300-n10000000-f32-k75-c300-fanout_f32_l16-merkle-r4,04a28e7b724ebeee94545ba7395ff583180eaa663d02a03122f1bfec184190a3,merkle,row_comparison_ms,0.544
size-scaling-k75-c300-n10000000-f32-k75-c300-fanout_f32_l16-merkle-r4,04a28e7b724ebeee94545ba7395ff583180eaa663d02a03122f1bfec184190a3,merkle,repair_sql_building_ms,0.547
size-scaling-k75-c300-n10000000-f32-k75-c300-fanout_f32_l16-merkle-r4,04a28e7b724ebeee94545ba7395ff583180eaa663d02a03122f1bfec184190a3,merkle,repair_dml_wire_ms,17.814
size-scaling-k75-c300-n10000000-f32-k75-c300-fanout_f32_l16-merkle-r4,04a28e7b724ebeee94545ba7395ff583180eaa663d02a03122f1bfec184190a3,merkle,repair_commit_wire_ms,8.992
size-scaling-k75-c300-n10000000-f32-k75-c300-fanout_f32_l16-merkle-r4,04a28e7b724ebeee94545ba7395ff583180eaa663d02a03122f1bfec184190a3,merkle,repair_begin_wire_ms,0.114
size-scaling-k75-c300-n10000000-f32-k75-c300-fanout_f32_l16-merkle-r4,04a28e7b724ebeee94545ba7395ff583180eaa663d02a03122f1bfec184190a3,merkle,repair_transaction_block_ms,27.523
size-scaling-k75-c300-n10000000-f32-k75-c300-fanout_f32_l16-merkle-r4,04a28e7b724ebeee94545ba7395ff583180eaa663d02a03122f1bfec184190a3,merkle,repair_write_ms,27.527
size-scaling-k75-c300-n10000000-f32-k75-c300-fanout_f32_l16-merkle-r4,04a28e7b724ebeee94545ba7395ff583180eaa663d02a03122f1bfec184190a3,merkle,targeted_post_repair_confirmation_ms,3.485
size-scaling-k75-c300-n10000000-f32-k75-c300-fanout_f32_l16-merkle-r4,04a28e7b724ebeee94545ba7395ff583180eaa663d02a03122f1bfec184190a3,merkle,recovery_observability_ms,0.001
size-scaling-k75-c300-n10000000-f32-k75-c300-fanout_f32_l16-merkle-r4,04a28e7b724ebeee94545ba7395ff583180eaa663d02a03122f1bfec184190a3,merkle,recovery_orchestration_ms,1.378
size-scaling-k75-c300-n10000000-f32-k75-c300-fanout_f32_l16-merkle-r4,04a28e7b724ebeee94545ba7395ff583180eaa663d02a03122f1bfec184190a3,merkle,audit_exact_table_compare_ms,35543.410
size-scaling-k75-c300-n10000000-f32-k75-c300-fanout_f32_l16-merkle-r4,04a28e7b724ebeee94545ba7395ff583180eaa663d02a03122f1bfec184190a3,merkle,audit_merkle_root_hash_ms,1.299
size-scaling-k75-c300-n10000000-f32-k75-c300-fanout_f32_l16-merkle-r4,04a28e7b724ebeee94545ba7395ff583180eaa663d02a03122f1bfec184190a3,merkle,audit_merkle_verify_ms,30302.749
size-scaling-k75-c300-n10000000-f32-k75-c300-fanout_f32_l16-merkle-r4,04a28e7b724ebeee94545ba7395ff583180eaa663d02a03122f1bfec184190a3,merkle,audit_schema_fidelity_ms,2.189
size-scaling-k75-c300-n10000000-f32-k75-c300-fanout_f32_l16-merkle-r4,04a28e7b724ebeee94545ba7395ff583180eaa663d02a03122f1bfec184190a3,merkle,merkle_total_ms,68809.149
size-scaling-k75-c300-n10000000-f32-k75-c300-fanout_f32_l16-merkle-r5,04a28e7b724ebeee94545ba7395ff583180eaa663d02a03122f1bfec184190a3,merkle,tree_localisation_ms,186.339
size-scaling-k75-c300-n10000000-f32-k75-c300-fanout_f32_l16-merkle-r5,04a28e7b724ebeee94545ba7395ff583180eaa663d02a03122f1bfec184190a3,merkle,candidate_row_fetch_ms,17.188
size-scaling-k75-c300-n10000000-f32-k75-c300-fanout_f32_l16-merkle-r5,04a28e7b724ebeee94545ba7395ff583180eaa663d02a03122f1bfec184190a3,merkle,row_comparison_ms,0.543
size-scaling-k75-c300-n10000000-f32-k75-c300-fanout_f32_l16-merkle-r5,04a28e7b724ebeee94545ba7395ff583180eaa663d02a03122f1bfec184190a3,merkle,repair_sql_building_ms,0.571
size-scaling-k75-c300-n10000000-f32-k75-c300-fanout_f32_l16-merkle-r5,04a28e7b724ebeee94545ba7395ff583180eaa663d02a03122f1bfec184190a3,merkle,repair_dml_wire_ms,17.018
size-scaling-k75-c300-n10000000-f32-k75-c300-fanout_f32_l16-merkle-r5,04a28e7b724ebeee94545ba7395ff583180eaa663d02a03122f1bfec184190a3,merkle,repair_commit_wire_ms,9.054
size-scaling-k75-c300-n10000000-f32-k75-c300-fanout_f32_l16-merkle-r5,04a28e7b724ebeee94545ba7395ff583180eaa663d02a03122f1bfec184190a3,merkle,repair_begin_wire_ms,0.115
size-scaling-k75-c300-n10000000-f32-k75-c300-fanout_f32_l16-merkle-r5,04a28e7b724ebeee94545ba7395ff583180eaa663d02a03122f1bfec184190a3,merkle,repair_transaction_block_ms,26.812
size-scaling-k75-c300-n10000000-f32-k75-c300-fanout_f32_l16-merkle-r5,04a28e7b724ebeee94545ba7395ff583180eaa663d02a03122f1bfec184190a3,merkle,repair_write_ms,26.817
size-scaling-k75-c300-n10000000-f32-k75-c300-fanout_f32_l16-merkle-r5,04a28e7b724ebeee94545ba7395ff583180eaa663d02a03122f1bfec184190a3,merkle,targeted_post_repair_confirmation_ms,3.482
size-scaling-k75-c300-n10000000-f32-k75-c300-fanout_f32_l16-merkle-r5,04a28e7b724ebeee94545ba7395ff583180eaa663d02a03122f1bfec184190a3,merkle,recovery_observability_ms,0.001
size-scaling-k75-c300-n10000000-f32-k75-c300-fanout_f32_l16-merkle-r5,04a28e7b724ebeee94545ba7395ff583180eaa663d02a03122f1bfec184190a3,merkle,recovery_orchestration_ms,1.498
size-scaling-k75-c300-n10000000-f32-k75-c300-fanout_f32_l16-merkle-r5,04a28e7b724ebeee94545ba7395ff583180eaa663d02a03122f1bfec184190a3,merkle,audit_exact_table_compare_ms,35695.990
size-scaling-k75-c300-n10000000-f32-k75-c300-fanout_f32_l16-merkle-r5,04a28e7b724ebeee94545ba7395ff583180eaa663d02a03122f1bfec184190a3,merkle,audit_merkle_root_hash_ms,1.369
size-scaling-k75-c300-n10000000-f32-k75-c300-fanout_f32_l16-merkle-r5,04a28e7b724ebeee94545ba7395ff583180eaa663d02a03122f1bfec184190a3,merkle,audit_merkle_verify_ms,30387.155
size-scaling-k75-c300-n10000000-f32-k75-c300-fanout_f32_l16-merkle-r5,04a28e7b724ebeee94545ba7395ff583180eaa663d02a03122f1bfec184190a3,merkle,audit_schema_fidelity_ms,2.067
size-scaling-k75-c300-n10000000-f32-k75-c300-fanout_f32_l16-merkle-r5,04a28e7b724ebeee94545ba7395ff583180eaa663d02a03122f1bfec184190a3,merkle,merkle_total_ms,69049.124
size-scaling-k75-c300-n10000000-f32-k75-c300-fanout_f32_l16-merkle-r6,04a28e7b724ebeee94545ba7395ff583180eaa663d02a03122f1bfec184190a3,merkle,tree_localisation_ms,183.492
size-scaling-k75-c300-n10000000-f32-k75-c300-fanout_f32_l16-merkle-r6,04a28e7b724ebeee94545ba7395ff583180eaa663d02a03122f1bfec184190a3,merkle,candidate_row_fetch_ms,17.274
size-scaling-k75-c300-n10000000-f32-k75-c300-fanout_f32_l16-merkle-r6,04a28e7b724ebeee94545ba7395ff583180eaa663d02a03122f1bfec184190a3,merkle,row_comparison_ms,0.535
size-scaling-k75-c300-n10000000-f32-k75-c300-fanout_f32_l16-merkle-r6,04a28e7b724ebeee94545ba7395ff583180eaa663d02a03122f1bfec184190a3,merkle,repair_sql_building_ms,0.562
size-scaling-k75-c300-n10000000-f32-k75-c300-fanout_f32_l16-merkle-r6,04a28e7b724ebeee94545ba7395ff583180eaa663d02a03122f1bfec184190a3,merkle,repair_dml_wire_ms,17.129
size-scaling-k75-c300-n10000000-f32-k75-c300-fanout_f32_l16-merkle-r6,04a28e7b724ebeee94545ba7395ff583180eaa663d02a03122f1bfec184190a3,merkle,repair_commit_wire_ms,9.014
size-scaling-k75-c300-n10000000-f32-k75-c300-fanout_f32_l16-merkle-r6,04a28e7b724ebeee94545ba7395ff583180eaa663d02a03122f1bfec184190a3,merkle,repair_begin_wire_ms,0.115
size-scaling-k75-c300-n10000000-f32-k75-c300-fanout_f32_l16-merkle-r6,04a28e7b724ebeee94545ba7395ff583180eaa663d02a03122f1bfec184190a3,merkle,repair_transaction_block_ms,26.878
size-scaling-k75-c300-n10000000-f32-k75-c300-fanout_f32_l16-merkle-r6,04a28e7b724ebeee94545ba7395ff583180eaa663d02a03122f1bfec184190a3,merkle,repair_write_ms,26.882
size-scaling-k75-c300-n10000000-f32-k75-c300-fanout_f32_l16-merkle-r6,04a28e7b724ebeee94545ba7395ff583180eaa663d02a03122f1bfec184190a3,merkle,targeted_post_repair_confirmation_ms,3.501
size-scaling-k75-c300-n10000000-f32-k75-c300-fanout_f32_l16-merkle-r6,04a28e7b724ebeee94545ba7395ff583180eaa663d02a03122f1bfec184190a3,merkle,recovery_observability_ms,0.001
size-scaling-k75-c300-n10000000-f32-k75-c300-fanout_f32_l16-merkle-r6,04a28e7b724ebeee94545ba7395ff583180eaa663d02a03122f1bfec184190a3,merkle,recovery_orchestration_ms,1.422
size-scaling-k75-c300-n10000000-f32-k75-c300-fanout_f32_l16-merkle-r6,04a28e7b724ebeee94545ba7395ff583180eaa663d02a03122f1bfec184190a3,merkle,audit_exact_table_compare_ms,35685.274
size-scaling-k75-c300-n10000000-f32-k75-c300-fanout_f32_l16-merkle-r6,04a28e7b724ebeee94545ba7395ff583180eaa663d02a03122f1bfec184190a3,merkle,audit_merkle_root_hash_ms,1.273
size-scaling-k75-c300-n10000000-f32-k75-c300-fanout_f32_l16-merkle-r6,04a28e7b724ebeee94545ba7395ff583180eaa663d02a03122f1bfec184190a3,merkle,audit_merkle_verify_ms,30308.128
size-scaling-k75-c300-n10000000-f32-k75-c300-fanout_f32_l16-merkle-r6,04a28e7b724ebeee94545ba7395ff583180eaa663d02a03122f1bfec184190a3,merkle,audit_schema_fidelity_ms,2.181
size-scaling-k75-c300-n10000000-f32-k75-c300-fanout_f32_l16-merkle-r6,04a28e7b724ebeee94545ba7395ff583180eaa663d02a03122f1bfec184190a3,merkle,merkle_total_ms,68955.636
size-scaling-k75-c300-n10000000-f32-k75-c300-fanout_f32_l16-merkle-r7,04a28e7b724ebeee94545ba7395ff583180eaa663d02a03122f1bfec184190a3,merkle,tree_localisation_ms,172.759
size-scaling-k75-c300-n10000000-f32-k75-c300-fanout_f32_l16-merkle-r7,04a28e7b724ebeee94545ba7395ff583180eaa663d02a03122f1bfec184190a3,merkle,candidate_row_fetch_ms,17.635
size-scaling-k75-c300-n10000000-f32-k75-c300-fanout_f32_l16-merkle-r7,04a28e7b724ebeee94545ba7395ff583180eaa663d02a03122f1bfec184190a3,merkle,row_comparison_ms,0.538
size-scaling-k75-c300-n10000000-f32-k75-c300-fanout_f32_l16-merkle-r7,04a28e7b724ebeee94545ba7395ff583180eaa663d02a03122f1bfec184190a3,merkle,repair_sql_building_ms,0.558
size-scaling-k75-c300-n10000000-f32-k75-c300-fanout_f32_l16-merkle-r7,04a28e7b724ebeee94545ba7395ff583180eaa663d02a03122f1bfec184190a3,merkle,repair_dml_wire_ms,17.020
size-scaling-k75-c300-n10000000-f32-k75-c300-fanout_f32_l16-merkle-r7,04a28e7b724ebeee94545ba7395ff583180eaa663d02a03122f1bfec184190a3,merkle,repair_commit_wire_ms,8.987
size-scaling-k75-c300-n10000000-f32-k75-c300-fanout_f32_l16-merkle-r7,04a28e7b724ebeee94545ba7395ff583180eaa663d02a03122f1bfec184190a3,merkle,repair_begin_wire_ms,0.119
size-scaling-k75-c300-n10000000-f32-k75-c300-fanout_f32_l16-merkle-r7,04a28e7b724ebeee94545ba7395ff583180eaa663d02a03122f1bfec184190a3,merkle,repair_transaction_block_ms,26.738
size-scaling-k75-c300-n10000000-f32-k75-c300-fanout_f32_l16-merkle-r7,04a28e7b724ebeee94545ba7395ff583180eaa663d02a03122f1bfec184190a3,merkle,repair_write_ms,26.742
size-scaling-k75-c300-n10000000-f32-k75-c300-fanout_f32_l16-merkle-r7,04a28e7b724ebeee94545ba7395ff583180eaa663d02a03122f1bfec184190a3,merkle,targeted_post_repair_confirmation_ms,3.523
size-scaling-k75-c300-n10000000-f32-k75-c300-fanout_f32_l16-merkle-r7,04a28e7b724ebeee94545ba7395ff583180eaa663d02a03122f1bfec184190a3,merkle,recovery_observability_ms,0.001
size-scaling-k75-c300-n10000000-f32-k75-c300-fanout_f32_l16-merkle-r7,04a28e7b724ebeee94545ba7395ff583180eaa663d02a03122f1bfec184190a3,merkle,recovery_orchestration_ms,1.352
size-scaling-k75-c300-n10000000-f32-k75-c300-fanout_f32_l16-merkle-r7,04a28e7b724ebeee94545ba7395ff583180eaa663d02a03122f1bfec184190a3,merkle,audit_exact_table_compare_ms,35674.871
size-scaling-k75-c300-n10000000-f32-k75-c300-fanout_f32_l16-merkle-r7,04a28e7b724ebeee94545ba7395ff583180eaa663d02a03122f1bfec184190a3,merkle,audit_merkle_root_hash_ms,1.290
size-scaling-k75-c300-n10000000-f32-k75-c300-fanout_f32_l16-merkle-r7,04a28e7b724ebeee94545ba7395ff583180eaa663d02a03122f1bfec184190a3,merkle,audit_merkle_verify_ms,30542.343
size-scaling-k75-c300-n10000000-f32-k75-c300-fanout_f32_l16-merkle-r7,04a28e7b724ebeee94545ba7395ff583180eaa663d02a03122f1bfec184190a3,merkle,audit_schema_fidelity_ms,2.175
size-scaling-k75-c300-n10000000-f32-k75-c300-fanout_f32_l16-merkle-r7,04a28e7b724ebeee94545ba7395ff583180eaa663d02a03122f1bfec184190a3,merkle,merkle_total_ms,69219.798
size-scaling-k75-c300-n10000000-f32-k75-c300-fanout_f32_l16-merkle-r8,04a28e7b724ebeee94545ba7395ff583180eaa663d02a03122f1bfec184190a3,merkle,tree_localisation_ms,193.882
size-scaling-k75-c300-n10000000-f32-k75-c300-fanout_f32_l16-merkle-r8,04a28e7b724ebeee94545ba7395ff583180eaa663d02a03122f1bfec184190a3,merkle,candidate_row_fetch_ms,17.704
size-scaling-k75-c300-n10000000-f32-k75-c300-fanout_f32_l16-merkle-r8,04a28e7b724ebeee94545ba7395ff583180eaa663d02a03122f1bfec184190a3,merkle,row_comparison_ms,0.559
size-scaling-k75-c300-n10000000-f32-k75-c300-fanout_f32_l16-merkle-r8,04a28e7b724ebeee94545ba7395ff583180eaa663d02a03122f1bfec184190a3,merkle,repair_sql_building_ms,0.546
size-scaling-k75-c300-n10000000-f32-k75-c300-fanout_f32_l16-merkle-r8,04a28e7b724ebeee94545ba7395ff583180eaa663d02a03122f1bfec184190a3,merkle,repair_dml_wire_ms,16.878
size-scaling-k75-c300-n10000000-f32-k75-c300-fanout_f32_l16-merkle-r8,04a28e7b724ebeee94545ba7395ff583180eaa663d02a03122f1bfec184190a3,merkle,repair_commit_wire_ms,8.999
size-scaling-k75-c300-n10000000-f32-k75-c300-fanout_f32_l16-merkle-r8,04a28e7b724ebeee94545ba7395ff583180eaa663d02a03122f1bfec184190a3,merkle,repair_begin_wire_ms,0.108
size-scaling-k75-c300-n10000000-f32-k75-c300-fanout_f32_l16-merkle-r8,04a28e7b724ebeee94545ba7395ff583180eaa663d02a03122f1bfec184190a3,merkle,repair_transaction_block_ms,26.585
size-scaling-k75-c300-n10000000-f32-k75-c300-fanout_f32_l16-merkle-r8,04a28e7b724ebeee94545ba7395ff583180eaa663d02a03122f1bfec184190a3,merkle,repair_write_ms,26.589
size-scaling-k75-c300-n10000000-f32-k75-c300-fanout_f32_l16-merkle-r8,04a28e7b724ebeee94545ba7395ff583180eaa663d02a03122f1bfec184190a3,merkle,targeted_post_repair_confirmation_ms,3.535
size-scaling-k75-c300-n10000000-f32-k75-c300-fanout_f32_l16-merkle-r8,04a28e7b724ebeee94545ba7395ff583180eaa663d02a03122f1bfec184190a3,merkle,recovery_observability_ms,0.001
size-scaling-k75-c300-n10000000-f32-k75-c300-fanout_f32_l16-merkle-r8,04a28e7b724ebeee94545ba7395ff583180eaa663d02a03122f1bfec184190a3,merkle,recovery_orchestration_ms,1.425
size-scaling-k75-c300-n10000000-f32-k75-c300-fanout_f32_l16-merkle-r8,04a28e7b724ebeee94545ba7395ff583180eaa663d02a03122f1bfec184190a3,merkle,audit_exact_table_compare_ms,35698.157
size-scaling-k75-c300-n10000000-f32-k75-c300-fanout_f32_l16-merkle-r8,04a28e7b724ebeee94545ba7395ff583180eaa663d02a03122f1bfec184190a3,merkle,audit_merkle_root_hash_ms,1.266
size-scaling-k75-c300-n10000000-f32-k75-c300-fanout_f32_l16-merkle-r8,04a28e7b724ebeee94545ba7395ff583180eaa663d02a03122f1bfec184190a3,merkle,audit_merkle_verify_ms,30201.276
size-scaling-k75-c300-n10000000-f32-k75-c300-fanout_f32_l16-merkle-r8,04a28e7b724ebeee94545ba7395ff583180eaa663d02a03122f1bfec184190a3,merkle,audit_schema_fidelity_ms,2.036
size-scaling-k75-c300-n10000000-f32-k75-c300-fanout_f32_l16-merkle-r8,04a28e7b724ebeee94545ba7395ff583180eaa663d02a03122f1bfec184190a3,merkle,merkle_total_ms,68872.864
size-scaling-k75-c300-n10000000-f32-k75-c300-fanout_f32_l16-merkle-r9,04a28e7b724ebeee94545ba7395ff583180eaa663d02a03122f1bfec184190a3,merkle,tree_localisation_ms,193.494
size-scaling-k75-c300-n10000000-f32-k75-c300-fanout_f32_l16-merkle-r9,04a28e7b724ebeee94545ba7395ff583180eaa663d02a03122f1bfec184190a3,merkle,candidate_row_fetch_ms,17.780
size-scaling-k75-c300-n10000000-f32-k75-c300-fanout_f32_l16-merkle-r9,04a28e7b724ebeee94545ba7395ff583180eaa663d02a03122f1bfec184190a3,merkle,row_comparison_ms,0.551
size-scaling-k75-c300-n10000000-f32-k75-c300-fanout_f32_l16-merkle-r9,04a28e7b724ebeee94545ba7395ff583180eaa663d02a03122f1bfec184190a3,merkle,repair_sql_building_ms,0.552
size-scaling-k75-c300-n10000000-f32-k75-c300-fanout_f32_l16-merkle-r9,04a28e7b724ebeee94545ba7395ff583180eaa663d02a03122f1bfec184190a3,merkle,repair_dml_wire_ms,17.121
size-scaling-k75-c300-n10000000-f32-k75-c300-fanout_f32_l16-merkle-r9,04a28e7b724ebeee94545ba7395ff583180eaa663d02a03122f1bfec184190a3,merkle,repair_commit_wire_ms,9.000
size-scaling-k75-c300-n10000000-f32-k75-c300-fanout_f32_l16-merkle-r9,04a28e7b724ebeee94545ba7395ff583180eaa663d02a03122f1bfec184190a3,merkle,repair_begin_wire_ms,0.115
size-scaling-k75-c300-n10000000-f32-k75-c300-fanout_f32_l16-merkle-r9,04a28e7b724ebeee94545ba7395ff583180eaa663d02a03122f1bfec184190a3,merkle,repair_transaction_block_ms,26.843
size-scaling-k75-c300-n10000000-f32-k75-c300-fanout_f32_l16-merkle-r9,04a28e7b724ebeee94545ba7395ff583180eaa663d02a03122f1bfec184190a3,merkle,repair_write_ms,26.848
size-scaling-k75-c300-n10000000-f32-k75-c300-fanout_f32_l16-merkle-r9,04a28e7b724ebeee94545ba7395ff583180eaa663d02a03122f1bfec184190a3,merkle,targeted_post_repair_confirmation_ms,3.461
size-scaling-k75-c300-n10000000-f32-k75-c300-fanout_f32_l16-merkle-r9,04a28e7b724ebeee94545ba7395ff583180eaa663d02a03122f1bfec184190a3,merkle,recovery_observability_ms,0.001
size-scaling-k75-c300-n10000000-f32-k75-c300-fanout_f32_l16-merkle-r9,04a28e7b724ebeee94545ba7395ff583180eaa663d02a03122f1bfec184190a3,merkle,recovery_orchestration_ms,1.389
size-scaling-k75-c300-n10000000-f32-k75-c300-fanout_f32_l16-merkle-r9,04a28e7b724ebeee94545ba7395ff583180eaa663d02a03122f1bfec184190a3,merkle,audit_exact_table_compare_ms,35649.761
size-scaling-k75-c300-n10000000-f32-k75-c300-fanout_f32_l16-merkle-r9,04a28e7b724ebeee94545ba7395ff583180eaa663d02a03122f1bfec184190a3,merkle,audit_merkle_root_hash_ms,1.264
size-scaling-k75-c300-n10000000-f32-k75-c300-fanout_f32_l16-merkle-r9,04a28e7b724ebeee94545ba7395ff583180eaa663d02a03122f1bfec184190a3,merkle,audit_merkle_verify_ms,30249.484
size-scaling-k75-c300-n10000000-f32-k75-c300-fanout_f32_l16-merkle-r9,04a28e7b724ebeee94545ba7395ff583180eaa663d02a03122f1bfec184190a3,merkle,audit_schema_fidelity_ms,2.179
size-scaling-k75-c300-n10000000-f32-k75-c300-fanout_f32_l16-merkle-r9,04a28e7b724ebeee94545ba7395ff583180eaa663d02a03122f1bfec184190a3,merkle,merkle_total_ms,68872.814
size-scaling-k75-c300-n50000000-f32-k75-c300-fanout_f32_l16-merkle-r0,355a769adea379b1c98ebdb9963b30bbf090d58d4d560f2efde564946c6f1e46,merkle,tree_localisation_ms,178.790
size-scaling-k75-c300-n50000000-f32-k75-c300-fanout_f32_l16-merkle-r0,355a769adea379b1c98ebdb9963b30bbf090d58d4d560f2efde564946c6f1e46,merkle,candidate_row_fetch_ms,23.672
size-scaling-k75-c300-n50000000-f32-k75-c300-fanout_f32_l16-merkle-r0,355a769adea379b1c98ebdb9963b30bbf090d58d4d560f2efde564946c6f1e46,merkle,row_comparison_ms,0.874
size-scaling-k75-c300-n50000000-f32-k75-c300-fanout_f32_l16-merkle-r0,355a769adea379b1c98ebdb9963b30bbf090d58d4d560f2efde564946c6f1e46,merkle,repair_sql_building_ms,0.564
size-scaling-k75-c300-n50000000-f32-k75-c300-fanout_f32_l16-merkle-r0,355a769adea379b1c98ebdb9963b30bbf090d58d4d560f2efde564946c6f1e46,merkle,repair_dml_wire_ms,18.012
size-scaling-k75-c300-n50000000-f32-k75-c300-fanout_f32_l16-merkle-r0,355a769adea379b1c98ebdb9963b30bbf090d58d4d560f2efde564946c6f1e46,merkle,repair_commit_wire_ms,7.630
size-scaling-k75-c300-n50000000-f32-k75-c300-fanout_f32_l16-merkle-r0,355a769adea379b1c98ebdb9963b30bbf090d58d4d560f2efde564946c6f1e46,merkle,repair_begin_wire_ms,0.156
size-scaling-k75-c300-n50000000-f32-k75-c300-fanout_f32_l16-merkle-r0,355a769adea379b1c98ebdb9963b30bbf090d58d4d560f2efde564946c6f1e46,merkle,repair_transaction_block_ms,26.417
size-scaling-k75-c300-n50000000-f32-k75-c300-fanout_f32_l16-merkle-r0,355a769adea379b1c98ebdb9963b30bbf090d58d4d560f2efde564946c6f1e46,merkle,repair_write_ms,26.422
size-scaling-k75-c300-n50000000-f32-k75-c300-fanout_f32_l16-merkle-r0,355a769adea379b1c98ebdb9963b30bbf090d58d4d560f2efde564946c6f1e46,merkle,targeted_post_repair_confirmation_ms,3.454
size-scaling-k75-c300-n50000000-f32-k75-c300-fanout_f32_l16-merkle-r0,355a769adea379b1c98ebdb9963b30bbf090d58d4d560f2efde564946c6f1e46,merkle,recovery_observability_ms,0.001
size-scaling-k75-c300-n50000000-f32-k75-c300-fanout_f32_l16-merkle-r0,355a769adea379b1c98ebdb9963b30bbf090d58d4d560f2efde564946c6f1e46,merkle,recovery_orchestration_ms,1.534
size-scaling-k75-c300-n50000000-f32-k75-c300-fanout_f32_l16-merkle-r0,355a769adea379b1c98ebdb9963b30bbf090d58d4d560f2efde564946c6f1e46,merkle,audit_exact_table_compare_ms,174780.086
size-scaling-k75-c300-n50000000-f32-k75-c300-fanout_f32_l16-merkle-r0,355a769adea379b1c98ebdb9963b30bbf090d58d4d560f2efde564946c6f1e46,merkle,audit_merkle_root_hash_ms,1.158
size-scaling-k75-c300-n50000000-f32-k75-c300-fanout_f32_l16-merkle-r0,355a769adea379b1c98ebdb9963b30bbf090d58d4d560f2efde564946c6f1e46,merkle,audit_merkle_verify_ms,150655.895
size-scaling-k75-c300-n50000000-f32-k75-c300-fanout_f32_l16-merkle-r0,355a769adea379b1c98ebdb9963b30bbf090d58d4d560f2efde564946c6f1e46,merkle,audit_schema_fidelity_ms,2.199
size-scaling-k75-c300-n50000000-f32-k75-c300-fanout_f32_l16-merkle-r0,355a769adea379b1c98ebdb9963b30bbf090d58d4d560f2efde564946c6f1e46,merkle,merkle_total_ms,328453.102
size-scaling-k75-c300-n50000000-f32-k75-c300-fanout_f32_l16-merkle-r1,355a769adea379b1c98ebdb9963b30bbf090d58d4d560f2efde564946c6f1e46,merkle,tree_localisation_ms,179.227
size-scaling-k75-c300-n50000000-f32-k75-c300-fanout_f32_l16-merkle-r1,355a769adea379b1c98ebdb9963b30bbf090d58d4d560f2efde564946c6f1e46,merkle,candidate_row_fetch_ms,23.547
size-scaling-k75-c300-n50000000-f32-k75-c300-fanout_f32_l16-merkle-r1,355a769adea379b1c98ebdb9963b30bbf090d58d4d560f2efde564946c6f1e46,merkle,row_comparison_ms,0.909
size-scaling-k75-c300-n50000000-f32-k75-c300-fanout_f32_l16-merkle-r1,355a769adea379b1c98ebdb9963b30bbf090d58d4d560f2efde564946c6f1e46,merkle,repair_sql_building_ms,0.587
size-scaling-k75-c300-n50000000-f32-k75-c300-fanout_f32_l16-merkle-r1,355a769adea379b1c98ebdb9963b30bbf090d58d4d560f2efde564946c6f1e46,merkle,repair_dml_wire_ms,17.307
size-scaling-k75-c300-n50000000-f32-k75-c300-fanout_f32_l16-merkle-r1,355a769adea379b1c98ebdb9963b30bbf090d58d4d560f2efde564946c6f1e46,merkle,repair_commit_wire_ms,7.578
size-scaling-k75-c300-n50000000-f32-k75-c300-fanout_f32_l16-merkle-r1,355a769adea379b1c98ebdb9963b30bbf090d58d4d560f2efde564946c6f1e46,merkle,repair_begin_wire_ms,0.124
size-scaling-k75-c300-n50000000-f32-k75-c300-fanout_f32_l16-merkle-r1,355a769adea379b1c98ebdb9963b30bbf090d58d4d560f2efde564946c6f1e46,merkle,repair_transaction_block_ms,25.655
size-scaling-k75-c300-n50000000-f32-k75-c300-fanout_f32_l16-merkle-r1,355a769adea379b1c98ebdb9963b30bbf090d58d4d560f2efde564946c6f1e46,merkle,repair_write_ms,25.660
size-scaling-k75-c300-n50000000-f32-k75-c300-fanout_f32_l16-merkle-r1,355a769adea379b1c98ebdb9963b30bbf090d58d4d560f2efde564946c6f1e46,merkle,targeted_post_repair_confirmation_ms,3.436
size-scaling-k75-c300-n50000000-f32-k75-c300-fanout_f32_l16-merkle-r1,355a769adea379b1c98ebdb9963b30bbf090d58d4d560f2efde564946c6f1e46,merkle,recovery_observability_ms,0.001
size-scaling-k75-c300-n50000000-f32-k75-c300-fanout_f32_l16-merkle-r1,355a769adea379b1c98ebdb9963b30bbf090d58d4d560f2efde564946c6f1e46,merkle,recovery_orchestration_ms,1.515
size-scaling-k75-c300-n50000000-f32-k75-c300-fanout_f32_l16-merkle-r1,355a769adea379b1c98ebdb9963b30bbf090d58d4d560f2efde564946c6f1e46,merkle,audit_exact_table_compare_ms,174888.701
size-scaling-k75-c300-n50000000-f32-k75-c300-fanout_f32_l16-merkle-r1,355a769adea379b1c98ebdb9963b30bbf090d58d4d560f2efde564946c6f1e46,merkle,audit_merkle_root_hash_ms,1.219
size-scaling-k75-c300-n50000000-f32-k75-c300-fanout_f32_l16-merkle-r1,355a769adea379b1c98ebdb9963b30bbf090d58d4d560f2efde564946c6f1e46,merkle,audit_merkle_verify_ms,150848.624
size-scaling-k75-c300-n50000000-f32-k75-c300-fanout_f32_l16-merkle-r1,355a769adea379b1c98ebdb9963b30bbf090d58d4d560f2efde564946c6f1e46,merkle,audit_schema_fidelity_ms,2.199
size-scaling-k75-c300-n50000000-f32-k75-c300-fanout_f32_l16-merkle-r1,355a769adea379b1c98ebdb9963b30bbf090d58d4d560f2efde564946c6f1e46,merkle,merkle_total_ms,328753.128
size-scaling-k75-c300-n50000000-f32-k75-c300-fanout_f32_l16-merkle-r2,355a769adea379b1c98ebdb9963b30bbf090d58d4d560f2efde564946c6f1e46,merkle,tree_localisation_ms,192.492
size-scaling-k75-c300-n50000000-f32-k75-c300-fanout_f32_l16-merkle-r2,355a769adea379b1c98ebdb9963b30bbf090d58d4d560f2efde564946c6f1e46,merkle,candidate_row_fetch_ms,23.862
size-scaling-k75-c300-n50000000-f32-k75-c300-fanout_f32_l16-merkle-r2,355a769adea379b1c98ebdb9963b30bbf090d58d4d560f2efde564946c6f1e46,merkle,row_comparison_ms,0.896
size-scaling-k75-c300-n50000000-f32-k75-c300-fanout_f32_l16-merkle-r2,355a769adea379b1c98ebdb9963b30bbf090d58d4d560f2efde564946c6f1e46,merkle,repair_sql_building_ms,0.590
size-scaling-k75-c300-n50000000-f32-k75-c300-fanout_f32_l16-merkle-r2,355a769adea379b1c98ebdb9963b30bbf090d58d4d560f2efde564946c6f1e46,merkle,repair_dml_wire_ms,28.528
size-scaling-k75-c300-n50000000-f32-k75-c300-fanout_f32_l16-merkle-r2,355a769adea379b1c98ebdb9963b30bbf090d58d4d560f2efde564946c6f1e46,merkle,repair_commit_wire_ms,7.604
size-scaling-k75-c300-n50000000-f32-k75-c300-fanout_f32_l16-merkle-r2,355a769adea379b1c98ebdb9963b30bbf090d58d4d560f2efde564946c6f1e46,merkle,repair_begin_wire_ms,0.113
size-scaling-k75-c300-n50000000-f32-k75-c300-fanout_f32_l16-merkle-r2,355a769adea379b1c98ebdb9963b30bbf090d58d4d560f2efde564946c6f1e46,merkle,repair_transaction_block_ms,36.897
size-scaling-k75-c300-n50000000-f32-k75-c300-fanout_f32_l16-merkle-r2,355a769adea379b1c98ebdb9963b30bbf090d58d4d560f2efde564946c6f1e46,merkle,repair_write_ms,36.902
size-scaling-k75-c300-n50000000-f32-k75-c300-fanout_f32_l16-merkle-r2,355a769adea379b1c98ebdb9963b30bbf090d58d4d560f2efde564946c6f1e46,merkle,targeted_post_repair_confirmation_ms,3.523
size-scaling-k75-c300-n50000000-f32-k75-c300-fanout_f32_l16-merkle-r2,355a769adea379b1c98ebdb9963b30bbf090d58d4d560f2efde564946c6f1e46,merkle,recovery_observability_ms,0.001
size-scaling-k75-c300-n50000000-f32-k75-c300-fanout_f32_l16-merkle-r2,355a769adea379b1c98ebdb9963b30bbf090d58d4d560f2efde564946c6f1e46,merkle,recovery_orchestration_ms,1.534
size-scaling-k75-c300-n50000000-f32-k75-c300-fanout_f32_l16-merkle-r2,355a769adea379b1c98ebdb9963b30bbf090d58d4d560f2efde564946c6f1e46,merkle,audit_exact_table_compare_ms,174654.784
size-scaling-k75-c300-n50000000-f32-k75-c300-fanout_f32_l16-merkle-r2,355a769adea379b1c98ebdb9963b30bbf090d58d4d560f2efde564946c6f1e46,merkle,audit_merkle_root_hash_ms,1.222
size-scaling-k75-c300-n50000000-f32-k75-c300-fanout_f32_l16-merkle-r2,355a769adea379b1c98ebdb9963b30bbf090d58d4d560f2efde564946c6f1e46,merkle,audit_merkle_verify_ms,151202.282
size-scaling-k75-c300-n50000000-f32-k75-c300-fanout_f32_l16-merkle-r2,355a769adea379b1c98ebdb9963b30bbf090d58d4d560f2efde564946c6f1e46,merkle,audit_schema_fidelity_ms,2.189
size-scaling-k75-c300-n50000000-f32-k75-c300-fanout_f32_l16-merkle-r2,355a769adea379b1c98ebdb9963b30bbf090d58d4d560f2efde564946c6f1e46,merkle,merkle_total_ms,328846.372
size-scaling-k75-c300-n50000000-f32-k75-c300-fanout_f32_l16-merkle-r3,355a769adea379b1c98ebdb9963b30bbf090d58d4d560f2efde564946c6f1e46,merkle,tree_localisation_ms,178.757
size-scaling-k75-c300-n50000000-f32-k75-c300-fanout_f32_l16-merkle-r3,355a769adea379b1c98ebdb9963b30bbf090d58d4d560f2efde564946c6f1e46,merkle,candidate_row_fetch_ms,23.777
size-scaling-k75-c300-n50000000-f32-k75-c300-fanout_f32_l16-merkle-r3,355a769adea379b1c98ebdb9963b30bbf090d58d4d560f2efde564946c6f1e46,merkle,row_comparison_ms,0.873
size-scaling-k75-c300-n50000000-f32-k75-c300-fanout_f32_l16-merkle-r3,355a769adea379b1c98ebdb9963b30bbf090d58d4d560f2efde564946c6f1e46,merkle,repair_sql_building_ms,0.559
size-scaling-k75-c300-n50000000-f32-k75-c300-fanout_f32_l16-merkle-r3,355a769adea379b1c98ebdb9963b30bbf090d58d4d560f2efde564946c6f1e46,merkle,repair_dml_wire_ms,18.192
size-scaling-k75-c300-n50000000-f32-k75-c300-fanout_f32_l16-merkle-r3,355a769adea379b1c98ebdb9963b30bbf090d58d4d560f2efde564946c6f1e46,merkle,repair_commit_wire_ms,7.618
size-scaling-k75-c300-n50000000-f32-k75-c300-fanout_f32_l16-merkle-r3,355a769adea379b1c98ebdb9963b30bbf090d58d4d560f2efde564946c6f1e46,merkle,repair_begin_wire_ms,0.116
size-scaling-k75-c300-n50000000-f32-k75-c300-fanout_f32_l16-merkle-r3,355a769adea379b1c98ebdb9963b30bbf090d58d4d560f2efde564946c6f1e46,merkle,repair_transaction_block_ms,26.539
size-scaling-k75-c300-n50000000-f32-k75-c300-fanout_f32_l16-merkle-r3,355a769adea379b1c98ebdb9963b30bbf090d58d4d560f2efde564946c6f1e46,merkle,repair_write_ms,26.544
size-scaling-k75-c300-n50000000-f32-k75-c300-fanout_f32_l16-merkle-r3,355a769adea379b1c98ebdb9963b30bbf090d58d4d560f2efde564946c6f1e46,merkle,targeted_post_repair_confirmation_ms,3.463
size-scaling-k75-c300-n50000000-f32-k75-c300-fanout_f32_l16-merkle-r3,355a769adea379b1c98ebdb9963b30bbf090d58d4d560f2efde564946c6f1e46,merkle,recovery_observability_ms,0.001
size-scaling-k75-c300-n50000000-f32-k75-c300-fanout_f32_l16-merkle-r3,355a769adea379b1c98ebdb9963b30bbf090d58d4d560f2efde564946c6f1e46,merkle,recovery_orchestration_ms,1.522
size-scaling-k75-c300-n50000000-f32-k75-c300-fanout_f32_l16-merkle-r3,355a769adea379b1c98ebdb9963b30bbf090d58d4d560f2efde564946c6f1e46,merkle,audit_exact_table_compare_ms,174363.865
size-scaling-k75-c300-n50000000-f32-k75-c300-fanout_f32_l16-merkle-r3,355a769adea379b1c98ebdb9963b30bbf090d58d4d560f2efde564946c6f1e46,merkle,audit_merkle_root_hash_ms,1.209
size-scaling-k75-c300-n50000000-f32-k75-c300-fanout_f32_l16-merkle-r3,355a769adea379b1c98ebdb9963b30bbf090d58d4d560f2efde564946c6f1e46,merkle,audit_merkle_verify_ms,150811.753
size-scaling-k75-c300-n50000000-f32-k75-c300-fanout_f32_l16-merkle-r3,355a769adea379b1c98ebdb9963b30bbf090d58d4d560f2efde564946c6f1e46,merkle,audit_schema_fidelity_ms,2.177
size-scaling-k75-c300-n50000000-f32-k75-c300-fanout_f32_l16-merkle-r3,355a769adea379b1c98ebdb9963b30bbf090d58d4d560f2efde564946c6f1e46,merkle,merkle_total_ms,328191.890
size-scaling-k75-c300-n50000000-f32-k75-c300-fanout_f32_l16-merkle-r4,355a769adea379b1c98ebdb9963b30bbf090d58d4d560f2efde564946c6f1e46,merkle,tree_localisation_ms,178.916
size-scaling-k75-c300-n50000000-f32-k75-c300-fanout_f32_l16-merkle-r4,355a769adea379b1c98ebdb9963b30bbf090d58d4d560f2efde564946c6f1e46,merkle,candidate_row_fetch_ms,24.168
size-scaling-k75-c300-n50000000-f32-k75-c300-fanout_f32_l16-merkle-r4,355a769adea379b1c98ebdb9963b30bbf090d58d4d560f2efde564946c6f1e46,merkle,row_comparison_ms,0.858
size-scaling-k75-c300-n50000000-f32-k75-c300-fanout_f32_l16-merkle-r4,355a769adea379b1c98ebdb9963b30bbf090d58d4d560f2efde564946c6f1e46,merkle,repair_sql_building_ms,0.559
size-scaling-k75-c300-n50000000-f32-k75-c300-fanout_f32_l16-merkle-r4,355a769adea379b1c98ebdb9963b30bbf090d58d4d560f2efde564946c6f1e46,merkle,repair_dml_wire_ms,17.397
size-scaling-k75-c300-n50000000-f32-k75-c300-fanout_f32_l16-merkle-r4,355a769adea379b1c98ebdb9963b30bbf090d58d4d560f2efde564946c6f1e46,merkle,repair_commit_wire_ms,7.574
size-scaling-k75-c300-n50000000-f32-k75-c300-fanout_f32_l16-merkle-r4,355a769adea379b1c98ebdb9963b30bbf090d58d4d560f2efde564946c6f1e46,merkle,repair_begin_wire_ms,0.123
size-scaling-k75-c300-n50000000-f32-k75-c300-fanout_f32_l16-merkle-r4,355a769adea379b1c98ebdb9963b30bbf090d58d4d560f2efde564946c6f1e46,merkle,repair_transaction_block_ms,25.716
size-scaling-k75-c300-n50000000-f32-k75-c300-fanout_f32_l16-merkle-r4,355a769adea379b1c98ebdb9963b30bbf090d58d4d560f2efde564946c6f1e46,merkle,repair_write_ms,25.722
size-scaling-k75-c300-n50000000-f32-k75-c300-fanout_f32_l16-merkle-r4,355a769adea379b1c98ebdb9963b30bbf090d58d4d560f2efde564946c6f1e46,merkle,targeted_post_repair_confirmation_ms,3.468
size-scaling-k75-c300-n50000000-f32-k75-c300-fanout_f32_l16-merkle-r4,355a769adea379b1c98ebdb9963b30bbf090d58d4d560f2efde564946c6f1e46,merkle,recovery_observability_ms,0.001
size-scaling-k75-c300-n50000000-f32-k75-c300-fanout_f32_l16-merkle-r4,355a769adea379b1c98ebdb9963b30bbf090d58d4d560f2efde564946c6f1e46,merkle,recovery_orchestration_ms,1.536
size-scaling-k75-c300-n50000000-f32-k75-c300-fanout_f32_l16-merkle-r4,355a769adea379b1c98ebdb9963b30bbf090d58d4d560f2efde564946c6f1e46,merkle,audit_exact_table_compare_ms,174625.790
size-scaling-k75-c300-n50000000-f32-k75-c300-fanout_f32_l16-merkle-r4,355a769adea379b1c98ebdb9963b30bbf090d58d4d560f2efde564946c6f1e46,merkle,audit_merkle_root_hash_ms,1.146
size-scaling-k75-c300-n50000000-f32-k75-c300-fanout_f32_l16-merkle-r4,355a769adea379b1c98ebdb9963b30bbf090d58d4d560f2efde564946c6f1e46,merkle,audit_merkle_verify_ms,150852.665
size-scaling-k75-c300-n50000000-f32-k75-c300-fanout_f32_l16-merkle-r4,355a769adea379b1c98ebdb9963b30bbf090d58d4d560f2efde564946c6f1e46,merkle,audit_schema_fidelity_ms,2.214
size-scaling-k75-c300-n50000000-f32-k75-c300-fanout_f32_l16-merkle-r4,355a769adea379b1c98ebdb9963b30bbf090d58d4d560f2efde564946c6f1e46,merkle,merkle_total_ms,328494.794
size-scaling-k75-c300-n50000000-f32-k75-c300-fanout_f32_l16-merkle-r5,355a769adea379b1c98ebdb9963b30bbf090d58d4d560f2efde564946c6f1e46,merkle,tree_localisation_ms,181.277
size-scaling-k75-c300-n50000000-f32-k75-c300-fanout_f32_l16-merkle-r5,355a769adea379b1c98ebdb9963b30bbf090d58d4d560f2efde564946c6f1e46,merkle,candidate_row_fetch_ms,24.178
size-scaling-k75-c300-n50000000-f32-k75-c300-fanout_f32_l16-merkle-r5,355a769adea379b1c98ebdb9963b30bbf090d58d4d560f2efde564946c6f1e46,merkle,row_comparison_ms,0.878
size-scaling-k75-c300-n50000000-f32-k75-c300-fanout_f32_l16-merkle-r5,355a769adea379b1c98ebdb9963b30bbf090d58d4d560f2efde564946c6f1e46,merkle,repair_sql_building_ms,0.551
size-scaling-k75-c300-n50000000-f32-k75-c300-fanout_f32_l16-merkle-r5,355a769adea379b1c98ebdb9963b30bbf090d58d4d560f2efde564946c6f1e46,merkle,repair_dml_wire_ms,17.209
size-scaling-k75-c300-n50000000-f32-k75-c300-fanout_f32_l16-merkle-r5,355a769adea379b1c98ebdb9963b30bbf090d58d4d560f2efde564946c6f1e46,merkle,repair_commit_wire_ms,7.572
size-scaling-k75-c300-n50000000-f32-k75-c300-fanout_f32_l16-merkle-r5,355a769adea379b1c98ebdb9963b30bbf090d58d4d560f2efde564946c6f1e46,merkle,repair_begin_wire_ms,0.119
size-scaling-k75-c300-n50000000-f32-k75-c300-fanout_f32_l16-merkle-r5,355a769adea379b1c98ebdb9963b30bbf090d58d4d560f2efde564946c6f1e46,merkle,repair_transaction_block_ms,25.510
size-scaling-k75-c300-n50000000-f32-k75-c300-fanout_f32_l16-merkle-r5,355a769adea379b1c98ebdb9963b30bbf090d58d4d560f2efde564946c6f1e46,merkle,repair_write_ms,25.515
size-scaling-k75-c300-n50000000-f32-k75-c300-fanout_f32_l16-merkle-r5,355a769adea379b1c98ebdb9963b30bbf090d58d4d560f2efde564946c6f1e46,merkle,targeted_post_repair_confirmation_ms,3.473
size-scaling-k75-c300-n50000000-f32-k75-c300-fanout_f32_l16-merkle-r5,355a769adea379b1c98ebdb9963b30bbf090d58d4d560f2efde564946c6f1e46,merkle,recovery_observability_ms,0.001
size-scaling-k75-c300-n50000000-f32-k75-c300-fanout_f32_l16-merkle-r5,355a769adea379b1c98ebdb9963b30bbf090d58d4d560f2efde564946c6f1e46,merkle,recovery_orchestration_ms,1.522
size-scaling-k75-c300-n50000000-f32-k75-c300-fanout_f32_l16-merkle-r5,355a769adea379b1c98ebdb9963b30bbf090d58d4d560f2efde564946c6f1e46,merkle,audit_exact_table_compare_ms,174224.736
size-scaling-k75-c300-n50000000-f32-k75-c300-fanout_f32_l16-merkle-r5,355a769adea379b1c98ebdb9963b30bbf090d58d4d560f2efde564946c6f1e46,merkle,audit_merkle_root_hash_ms,1.208
size-scaling-k75-c300-n50000000-f32-k75-c300-fanout_f32_l16-merkle-r5,355a769adea379b1c98ebdb9963b30bbf090d58d4d560f2efde564946c6f1e46,merkle,audit_merkle_verify_ms,151084.680
size-scaling-k75-c300-n50000000-f32-k75-c300-fanout_f32_l16-merkle-r5,355a769adea379b1c98ebdb9963b30bbf090d58d4d560f2efde564946c6f1e46,merkle,audit_schema_fidelity_ms,2.176
size-scaling-k75-c300-n50000000-f32-k75-c300-fanout_f32_l16-merkle-r5,355a769adea379b1c98ebdb9963b30bbf090d58d4d560f2efde564946c6f1e46,merkle,merkle_total_ms,328328.025
size-scaling-k75-c300-n50000000-f32-k75-c300-fanout_f32_l16-merkle-r6,355a769adea379b1c98ebdb9963b30bbf090d58d4d560f2efde564946c6f1e46,merkle,tree_localisation_ms,179.457
size-scaling-k75-c300-n50000000-f32-k75-c300-fanout_f32_l16-merkle-r6,355a769adea379b1c98ebdb9963b30bbf090d58d4d560f2efde564946c6f1e46,merkle,candidate_row_fetch_ms,24.376
size-scaling-k75-c300-n50000000-f32-k75-c300-fanout_f32_l16-merkle-r6,355a769adea379b1c98ebdb9963b30bbf090d58d4d560f2efde564946c6f1e46,merkle,row_comparison_ms,0.868
size-scaling-k75-c300-n50000000-f32-k75-c300-fanout_f32_l16-merkle-r6,355a769adea379b1c98ebdb9963b30bbf090d58d4d560f2efde564946c6f1e46,merkle,repair_sql_building_ms,0.577
size-scaling-k75-c300-n50000000-f32-k75-c300-fanout_f32_l16-merkle-r6,355a769adea379b1c98ebdb9963b30bbf090d58d4d560f2efde564946c6f1e46,merkle,repair_dml_wire_ms,17.304
size-scaling-k75-c300-n50000000-f32-k75-c300-fanout_f32_l16-merkle-r6,355a769adea379b1c98ebdb9963b30bbf090d58d4d560f2efde564946c6f1e46,merkle,repair_commit_wire_ms,7.532
size-scaling-k75-c300-n50000000-f32-k75-c300-fanout_f32_l16-merkle-r6,355a769adea379b1c98ebdb9963b30bbf090d58d4d560f2efde564946c6f1e46,merkle,repair_begin_wire_ms,0.116
size-scaling-k75-c300-n50000000-f32-k75-c300-fanout_f32_l16-merkle-r6,355a769adea379b1c98ebdb9963b30bbf090d58d4d560f2efde564946c6f1e46,merkle,repair_transaction_block_ms,25.586
size-scaling-k75-c300-n50000000-f32-k75-c300-fanout_f32_l16-merkle-r6,355a769adea379b1c98ebdb9963b30bbf090d58d4d560f2efde564946c6f1e46,merkle,repair_write_ms,25.592
size-scaling-k75-c300-n50000000-f32-k75-c300-fanout_f32_l16-merkle-r6,355a769adea379b1c98ebdb9963b30bbf090d58d4d560f2efde564946c6f1e46,merkle,targeted_post_repair_confirmation_ms,3.500
size-scaling-k75-c300-n50000000-f32-k75-c300-fanout_f32_l16-merkle-r6,355a769adea379b1c98ebdb9963b30bbf090d58d4d560f2efde564946c6f1e46,merkle,recovery_observability_ms,0.001
size-scaling-k75-c300-n50000000-f32-k75-c300-fanout_f32_l16-merkle-r6,355a769adea379b1c98ebdb9963b30bbf090d58d4d560f2efde564946c6f1e46,merkle,recovery_orchestration_ms,1.539
size-scaling-k75-c300-n50000000-f32-k75-c300-fanout_f32_l16-merkle-r6,355a769adea379b1c98ebdb9963b30bbf090d58d4d560f2efde564946c6f1e46,merkle,audit_exact_table_compare_ms,176218.919
size-scaling-k75-c300-n50000000-f32-k75-c300-fanout_f32_l16-merkle-r6,355a769adea379b1c98ebdb9963b30bbf090d58d4d560f2efde564946c6f1e46,merkle,audit_merkle_root_hash_ms,1.195
size-scaling-k75-c300-n50000000-f32-k75-c300-fanout_f32_l16-merkle-r6,355a769adea379b1c98ebdb9963b30bbf090d58d4d560f2efde564946c6f1e46,merkle,audit_merkle_verify_ms,150839.046
size-scaling-k75-c300-n50000000-f32-k75-c300-fanout_f32_l16-merkle-r6,355a769adea379b1c98ebdb9963b30bbf090d58d4d560f2efde564946c6f1e46,merkle,audit_schema_fidelity_ms,2.204
size-scaling-k75-c300-n50000000-f32-k75-c300-fanout_f32_l16-merkle-r6,355a769adea379b1c98ebdb9963b30bbf090d58d4d560f2efde564946c6f1e46,merkle,merkle_total_ms,330074.821
size-scaling-k75-c300-n50000000-f32-k75-c300-fanout_f32_l16-merkle-r7,355a769adea379b1c98ebdb9963b30bbf090d58d4d560f2efde564946c6f1e46,merkle,tree_localisation_ms,178.004
size-scaling-k75-c300-n50000000-f32-k75-c300-fanout_f32_l16-merkle-r7,355a769adea379b1c98ebdb9963b30bbf090d58d4d560f2efde564946c6f1e46,merkle,candidate_row_fetch_ms,24.488
size-scaling-k75-c300-n50000000-f32-k75-c300-fanout_f32_l16-merkle-r7,355a769adea379b1c98ebdb9963b30bbf090d58d4d560f2efde564946c6f1e46,merkle,row_comparison_ms,0.857
size-scaling-k75-c300-n50000000-f32-k75-c300-fanout_f32_l16-merkle-r7,355a769adea379b1c98ebdb9963b30bbf090d58d4d560f2efde564946c6f1e46,merkle,repair_sql_building_ms,0.581
size-scaling-k75-c300-n50000000-f32-k75-c300-fanout_f32_l16-merkle-r7,355a769adea379b1c98ebdb9963b30bbf090d58d4d560f2efde564946c6f1e46,merkle,repair_dml_wire_ms,17.286
size-scaling-k75-c300-n50000000-f32-k75-c300-fanout_f32_l16-merkle-r7,355a769adea379b1c98ebdb9963b30bbf090d58d4d560f2efde564946c6f1e46,merkle,repair_commit_wire_ms,7.585
size-scaling-k75-c300-n50000000-f32-k75-c300-fanout_f32_l16-merkle-r7,355a769adea379b1c98ebdb9963b30bbf090d58d4d560f2efde564946c6f1e46,merkle,repair_begin_wire_ms,0.119
size-scaling-k75-c300-n50000000-f32-k75-c300-fanout_f32_l16-merkle-r7,355a769adea379b1c98ebdb9963b30bbf090d58d4d560f2efde564946c6f1e46,merkle,repair_transaction_block_ms,25.629
size-scaling-k75-c300-n50000000-f32-k75-c300-fanout_f32_l16-merkle-r7,355a769adea379b1c98ebdb9963b30bbf090d58d4d560f2efde564946c6f1e46,merkle,repair_write_ms,25.633
size-scaling-k75-c300-n50000000-f32-k75-c300-fanout_f32_l16-merkle-r7,355a769adea379b1c98ebdb9963b30bbf090d58d4d560f2efde564946c6f1e46,merkle,targeted_post_repair_confirmation_ms,3.471
size-scaling-k75-c300-n50000000-f32-k75-c300-fanout_f32_l16-merkle-r7,355a769adea379b1c98ebdb9963b30bbf090d58d4d560f2efde564946c6f1e46,merkle,recovery_observability_ms,0.001
size-scaling-k75-c300-n50000000-f32-k75-c300-fanout_f32_l16-merkle-r7,355a769adea379b1c98ebdb9963b30bbf090d58d4d560f2efde564946c6f1e46,merkle,recovery_orchestration_ms,1.509
size-scaling-k75-c300-n50000000-f32-k75-c300-fanout_f32_l16-merkle-r7,355a769adea379b1c98ebdb9963b30bbf090d58d4d560f2efde564946c6f1e46,merkle,audit_exact_table_compare_ms,174308.914
size-scaling-k75-c300-n50000000-f32-k75-c300-fanout_f32_l16-merkle-r7,355a769adea379b1c98ebdb9963b30bbf090d58d4d560f2efde564946c6f1e46,merkle,audit_merkle_root_hash_ms,1.209
size-scaling-k75-c300-n50000000-f32-k75-c300-fanout_f32_l16-merkle-r7,355a769adea379b1c98ebdb9963b30bbf090d58d4d560f2efde564946c6f1e46,merkle,audit_merkle_verify_ms,150773.027
size-scaling-k75-c300-n50000000-f32-k75-c300-fanout_f32_l16-merkle-r7,355a769adea379b1c98ebdb9963b30bbf090d58d4d560f2efde564946c6f1e46,merkle,audit_schema_fidelity_ms,2.171
size-scaling-k75-c300-n50000000-f32-k75-c300-fanout_f32_l16-merkle-r7,355a769adea379b1c98ebdb9963b30bbf090d58d4d560f2efde564946c6f1e46,merkle,merkle_total_ms,328097.157
size-scaling-k75-c300-n50000000-f32-k75-c300-fanout_f32_l16-merkle-r8,355a769adea379b1c98ebdb9963b30bbf090d58d4d560f2efde564946c6f1e46,merkle,tree_localisation_ms,177.172
size-scaling-k75-c300-n50000000-f32-k75-c300-fanout_f32_l16-merkle-r8,355a769adea379b1c98ebdb9963b30bbf090d58d4d560f2efde564946c6f1e46,merkle,candidate_row_fetch_ms,24.804
size-scaling-k75-c300-n50000000-f32-k75-c300-fanout_f32_l16-merkle-r8,355a769adea379b1c98ebdb9963b30bbf090d58d4d560f2efde564946c6f1e46,merkle,row_comparison_ms,0.848
size-scaling-k75-c300-n50000000-f32-k75-c300-fanout_f32_l16-merkle-r8,355a769adea379b1c98ebdb9963b30bbf090d58d4d560f2efde564946c6f1e46,merkle,repair_sql_building_ms,0.583
size-scaling-k75-c300-n50000000-f32-k75-c300-fanout_f32_l16-merkle-r8,355a769adea379b1c98ebdb9963b30bbf090d58d4d560f2efde564946c6f1e46,merkle,repair_dml_wire_ms,17.631
size-scaling-k75-c300-n50000000-f32-k75-c300-fanout_f32_l16-merkle-r8,355a769adea379b1c98ebdb9963b30bbf090d58d4d560f2efde564946c6f1e46,merkle,repair_commit_wire_ms,7.410
size-scaling-k75-c300-n50000000-f32-k75-c300-fanout_f32_l16-merkle-r8,355a769adea379b1c98ebdb9963b30bbf090d58d4d560f2efde564946c6f1e46,merkle,repair_begin_wire_ms,0.119
size-scaling-k75-c300-n50000000-f32-k75-c300-fanout_f32_l16-merkle-r8,355a769adea379b1c98ebdb9963b30bbf090d58d4d560f2efde564946c6f1e46,merkle,repair_transaction_block_ms,25.799
size-scaling-k75-c300-n50000000-f32-k75-c300-fanout_f32_l16-merkle-r8,355a769adea379b1c98ebdb9963b30bbf090d58d4d560f2efde564946c6f1e46,merkle,repair_write_ms,25.803
size-scaling-k75-c300-n50000000-f32-k75-c300-fanout_f32_l16-merkle-r8,355a769adea379b1c98ebdb9963b30bbf090d58d4d560f2efde564946c6f1e46,merkle,targeted_post_repair_confirmation_ms,3.408
size-scaling-k75-c300-n50000000-f32-k75-c300-fanout_f32_l16-merkle-r8,355a769adea379b1c98ebdb9963b30bbf090d58d4d560f2efde564946c6f1e46,merkle,recovery_observability_ms,0.001
size-scaling-k75-c300-n50000000-f32-k75-c300-fanout_f32_l16-merkle-r8,355a769adea379b1c98ebdb9963b30bbf090d58d4d560f2efde564946c6f1e46,merkle,recovery_orchestration_ms,1.491
size-scaling-k75-c300-n50000000-f32-k75-c300-fanout_f32_l16-merkle-r8,355a769adea379b1c98ebdb9963b30bbf090d58d4d560f2efde564946c6f1e46,merkle,audit_exact_table_compare_ms,174475.375
size-scaling-k75-c300-n50000000-f32-k75-c300-fanout_f32_l16-merkle-r8,355a769adea379b1c98ebdb9963b30bbf090d58d4d560f2efde564946c6f1e46,merkle,audit_merkle_root_hash_ms,1.237
size-scaling-k75-c300-n50000000-f32-k75-c300-fanout_f32_l16-merkle-r8,355a769adea379b1c98ebdb9963b30bbf090d58d4d560f2efde564946c6f1e46,merkle,audit_merkle_verify_ms,150947.721
size-scaling-k75-c300-n50000000-f32-k75-c300-fanout_f32_l16-merkle-r8,355a769adea379b1c98ebdb9963b30bbf090d58d4d560f2efde564946c6f1e46,merkle,audit_schema_fidelity_ms,2.169
size-scaling-k75-c300-n50000000-f32-k75-c300-fanout_f32_l16-merkle-r8,355a769adea379b1c98ebdb9963b30bbf090d58d4d560f2efde564946c6f1e46,merkle,merkle_total_ms,328435.377
size-scaling-k75-c300-n50000000-f32-k75-c300-fanout_f32_l16-merkle-r9,355a769adea379b1c98ebdb9963b30bbf090d58d4d560f2efde564946c6f1e46,merkle,tree_localisation_ms,179.878
size-scaling-k75-c300-n50000000-f32-k75-c300-fanout_f32_l16-merkle-r9,355a769adea379b1c98ebdb9963b30bbf090d58d4d560f2efde564946c6f1e46,merkle,candidate_row_fetch_ms,25.232
size-scaling-k75-c300-n50000000-f32-k75-c300-fanout_f32_l16-merkle-r9,355a769adea379b1c98ebdb9963b30bbf090d58d4d560f2efde564946c6f1e46,merkle,row_comparison_ms,0.913
size-scaling-k75-c300-n50000000-f32-k75-c300-fanout_f32_l16-merkle-r9,355a769adea379b1c98ebdb9963b30bbf090d58d4d560f2efde564946c6f1e46,merkle,repair_sql_building_ms,0.581
size-scaling-k75-c300-n50000000-f32-k75-c300-fanout_f32_l16-merkle-r9,355a769adea379b1c98ebdb9963b30bbf090d58d4d560f2efde564946c6f1e46,merkle,repair_dml_wire_ms,17.359
size-scaling-k75-c300-n50000000-f32-k75-c300-fanout_f32_l16-merkle-r9,355a769adea379b1c98ebdb9963b30bbf090d58d4d560f2efde564946c6f1e46,merkle,repair_commit_wire_ms,7.627
size-scaling-k75-c300-n50000000-f32-k75-c300-fanout_f32_l16-merkle-r9,355a769adea379b1c98ebdb9963b30bbf090d58d4d560f2efde564946c6f1e46,merkle,repair_begin_wire_ms,0.124
size-scaling-k75-c300-n50000000-f32-k75-c300-fanout_f32_l16-merkle-r9,355a769adea379b1c98ebdb9963b30bbf090d58d4d560f2efde564946c6f1e46,merkle,repair_transaction_block_ms,25.766
size-scaling-k75-c300-n50000000-f32-k75-c300-fanout_f32_l16-merkle-r9,355a769adea379b1c98ebdb9963b30bbf090d58d4d560f2efde564946c6f1e46,merkle,repair_write_ms,25.771
size-scaling-k75-c300-n50000000-f32-k75-c300-fanout_f32_l16-merkle-r9,355a769adea379b1c98ebdb9963b30bbf090d58d4d560f2efde564946c6f1e46,merkle,targeted_post_repair_confirmation_ms,3.433
size-scaling-k75-c300-n50000000-f32-k75-c300-fanout_f32_l16-merkle-r9,355a769adea379b1c98ebdb9963b30bbf090d58d4d560f2efde564946c6f1e46,merkle,recovery_observability_ms,0.001
size-scaling-k75-c300-n50000000-f32-k75-c300-fanout_f32_l16-merkle-r9,355a769adea379b1c98ebdb9963b30bbf090d58d4d560f2efde564946c6f1e46,merkle,recovery_orchestration_ms,1.509
size-scaling-k75-c300-n50000000-f32-k75-c300-fanout_f32_l16-merkle-r9,355a769adea379b1c98ebdb9963b30bbf090d58d4d560f2efde564946c6f1e46,merkle,audit_exact_table_compare_ms,174590.897
size-scaling-k75-c300-n50000000-f32-k75-c300-fanout_f32_l16-merkle-r9,355a769adea379b1c98ebdb9963b30bbf090d58d4d560f2efde564946c6f1e46,merkle,audit_merkle_root_hash_ms,1.218
size-scaling-k75-c300-n50000000-f32-k75-c300-fanout_f32_l16-merkle-r9,355a769adea379b1c98ebdb9963b30bbf090d58d4d560f2efde564946c6f1e46,merkle,audit_merkle_verify_ms,150918.947
size-scaling-k75-c300-n50000000-f32-k75-c300-fanout_f32_l16-merkle-r9,355a769adea379b1c98ebdb9963b30bbf090d58d4d560f2efde564946c6f1e46,merkle,audit_schema_fidelity_ms,2.170
size-scaling-k75-c300-n50000000-f32-k75-c300-fanout_f32_l16-merkle-r9,355a769adea379b1c98ebdb9963b30bbf090d58d4d560f2efde564946c6f1e46,merkle,merkle_total_ms,328527.291
size-scaling-k75-c300-n40000000-f32-k75-c300-fanout_f32_l16-merkle-r0,35a02cfa6639aeb2f9f4aca468a45c2befa0dfe957486a2ba7018a019c306c3f,merkle,tree_localisation_ms,189.907
size-scaling-k75-c300-n40000000-f32-k75-c300-fanout_f32_l16-merkle-r0,35a02cfa6639aeb2f9f4aca468a45c2befa0dfe957486a2ba7018a019c306c3f,merkle,candidate_row_fetch_ms,21.315
size-scaling-k75-c300-n40000000-f32-k75-c300-fanout_f32_l16-merkle-r0,35a02cfa6639aeb2f9f4aca468a45c2befa0dfe957486a2ba7018a019c306c3f,merkle,row_comparison_ms,0.751
size-scaling-k75-c300-n40000000-f32-k75-c300-fanout_f32_l16-merkle-r0,35a02cfa6639aeb2f9f4aca468a45c2befa0dfe957486a2ba7018a019c306c3f,merkle,repair_sql_building_ms,0.590
size-scaling-k75-c300-n40000000-f32-k75-c300-fanout_f32_l16-merkle-r0,35a02cfa6639aeb2f9f4aca468a45c2befa0dfe957486a2ba7018a019c306c3f,merkle,repair_dml_wire_ms,28.360
size-scaling-k75-c300-n40000000-f32-k75-c300-fanout_f32_l16-merkle-r0,35a02cfa6639aeb2f9f4aca468a45c2befa0dfe957486a2ba7018a019c306c3f,merkle,repair_commit_wire_ms,8.387
size-scaling-k75-c300-n40000000-f32-k75-c300-fanout_f32_l16-merkle-r0,35a02cfa6639aeb2f9f4aca468a45c2befa0dfe957486a2ba7018a019c306c3f,merkle,repair_begin_wire_ms,0.173
size-scaling-k75-c300-n40000000-f32-k75-c300-fanout_f32_l16-merkle-r0,35a02cfa6639aeb2f9f4aca468a45c2befa0dfe957486a2ba7018a019c306c3f,merkle,repair_transaction_block_ms,37.568
size-scaling-k75-c300-n40000000-f32-k75-c300-fanout_f32_l16-merkle-r0,35a02cfa6639aeb2f9f4aca468a45c2befa0dfe957486a2ba7018a019c306c3f,merkle,repair_write_ms,37.572
size-scaling-k75-c300-n40000000-f32-k75-c300-fanout_f32_l16-merkle-r0,35a02cfa6639aeb2f9f4aca468a45c2befa0dfe957486a2ba7018a019c306c3f,merkle,targeted_post_repair_confirmation_ms,3.621
size-scaling-k75-c300-n40000000-f32-k75-c300-fanout_f32_l16-merkle-r0,35a02cfa6639aeb2f9f4aca468a45c2befa0dfe957486a2ba7018a019c306c3f,merkle,recovery_observability_ms,0.001
size-scaling-k75-c300-n40000000-f32-k75-c300-fanout_f32_l16-merkle-r0,35a02cfa6639aeb2f9f4aca468a45c2befa0dfe957486a2ba7018a019c306c3f,merkle,recovery_orchestration_ms,1.470
size-scaling-k75-c300-n40000000-f32-k75-c300-fanout_f32_l16-merkle-r0,35a02cfa6639aeb2f9f4aca468a45c2befa0dfe957486a2ba7018a019c306c3f,merkle,audit_exact_table_compare_ms,140618.555
size-scaling-k75-c300-n40000000-f32-k75-c300-fanout_f32_l16-merkle-r0,35a02cfa6639aeb2f9f4aca468a45c2befa0dfe957486a2ba7018a019c306c3f,merkle,audit_merkle_root_hash_ms,1.306
size-scaling-k75-c300-n40000000-f32-k75-c300-fanout_f32_l16-merkle-r0,35a02cfa6639aeb2f9f4aca468a45c2befa0dfe957486a2ba7018a019c306c3f,merkle,audit_merkle_verify_ms,120679.315
size-scaling-k75-c300-n40000000-f32-k75-c300-fanout_f32_l16-merkle-r0,35a02cfa6639aeb2f9f4aca468a45c2befa0dfe957486a2ba7018a019c306c3f,merkle,audit_schema_fidelity_ms,2.162
size-scaling-k75-c300-n40000000-f32-k75-c300-fanout_f32_l16-merkle-r0,35a02cfa6639aeb2f9f4aca468a45c2befa0dfe957486a2ba7018a019c306c3f,merkle,merkle_total_ms,264284.530
size-scaling-k75-c300-n40000000-f32-k75-c300-fanout_f32_l16-merkle-r1,35a02cfa6639aeb2f9f4aca468a45c2befa0dfe957486a2ba7018a019c306c3f,merkle,tree_localisation_ms,199.958
size-scaling-k75-c300-n40000000-f32-k75-c300-fanout_f32_l16-merkle-r1,35a02cfa6639aeb2f9f4aca468a45c2befa0dfe957486a2ba7018a019c306c3f,merkle,candidate_row_fetch_ms,21.617
size-scaling-k75-c300-n40000000-f32-k75-c300-fanout_f32_l16-merkle-r1,35a02cfa6639aeb2f9f4aca468a45c2befa0dfe957486a2ba7018a019c306c3f,merkle,row_comparison_ms,0.787
size-scaling-k75-c300-n40000000-f32-k75-c300-fanout_f32_l16-merkle-r1,35a02cfa6639aeb2f9f4aca468a45c2befa0dfe957486a2ba7018a019c306c3f,merkle,repair_sql_building_ms,0.581
size-scaling-k75-c300-n40000000-f32-k75-c300-fanout_f32_l16-merkle-r1,35a02cfa6639aeb2f9f4aca468a45c2befa0dfe957486a2ba7018a019c306c3f,merkle,repair_dml_wire_ms,17.376
size-scaling-k75-c300-n40000000-f32-k75-c300-fanout_f32_l16-merkle-r1,35a02cfa6639aeb2f9f4aca468a45c2befa0dfe957486a2ba7018a019c306c3f,merkle,repair_commit_wire_ms,8.292
size-scaling-k75-c300-n40000000-f32-k75-c300-fanout_f32_l16-merkle-r1,35a02cfa6639aeb2f9f4aca468a45c2befa0dfe957486a2ba7018a019c306c3f,merkle,repair_begin_wire_ms,0.116
size-scaling-k75-c300-n40000000-f32-k75-c300-fanout_f32_l16-merkle-r1,35a02cfa6639aeb2f9f4aca468a45c2befa0dfe957486a2ba7018a019c306c3f,merkle,repair_transaction_block_ms,26.422
size-scaling-k75-c300-n40000000-f32-k75-c300-fanout_f32_l16-merkle-r1,35a02cfa6639aeb2f9f4aca468a45c2befa0dfe957486a2ba7018a019c306c3f,merkle,repair_write_ms,26.426
size-scaling-k75-c300-n40000000-f32-k75-c300-fanout_f32_l16-merkle-r1,35a02cfa6639aeb2f9f4aca468a45c2befa0dfe957486a2ba7018a019c306c3f,merkle,targeted_post_repair_confirmation_ms,3.577
size-scaling-k75-c300-n40000000-f32-k75-c300-fanout_f32_l16-merkle-r1,35a02cfa6639aeb2f9f4aca468a45c2befa0dfe957486a2ba7018a019c306c3f,merkle,recovery_observability_ms,0.001
size-scaling-k75-c300-n40000000-f32-k75-c300-fanout_f32_l16-merkle-r1,35a02cfa6639aeb2f9f4aca468a45c2befa0dfe957486a2ba7018a019c306c3f,merkle,recovery_orchestration_ms,1.485
size-scaling-k75-c300-n40000000-f32-k75-c300-fanout_f32_l16-merkle-r1,35a02cfa6639aeb2f9f4aca468a45c2befa0dfe957486a2ba7018a019c306c3f,merkle,audit_exact_table_compare_ms,139561.275
size-scaling-k75-c300-n40000000-f32-k75-c300-fanout_f32_l16-merkle-r1,35a02cfa6639aeb2f9f4aca468a45c2befa0dfe957486a2ba7018a019c306c3f,merkle,audit_merkle_root_hash_ms,1.348
size-scaling-k75-c300-n40000000-f32-k75-c300-fanout_f32_l16-merkle-r1,35a02cfa6639aeb2f9f4aca468a45c2befa0dfe957486a2ba7018a019c306c3f,merkle,audit_merkle_verify_ms,120696.015
size-scaling-k75-c300-n40000000-f32-k75-c300-fanout_f32_l16-merkle-r1,35a02cfa6639aeb2f9f4aca468a45c2befa0dfe957486a2ba7018a019c306c3f,merkle,audit_schema_fidelity_ms,2.191
size-scaling-k75-c300-n40000000-f32-k75-c300-fanout_f32_l16-merkle-r1,35a02cfa6639aeb2f9f4aca468a45c2befa0dfe957486a2ba7018a019c306c3f,merkle,merkle_total_ms,263242.770
size-scaling-k75-c300-n40000000-f32-k75-c300-fanout_f32_l16-merkle-r2,35a02cfa6639aeb2f9f4aca468a45c2befa0dfe957486a2ba7018a019c306c3f,merkle,tree_localisation_ms,189.003
size-scaling-k75-c300-n40000000-f32-k75-c300-fanout_f32_l16-merkle-r2,35a02cfa6639aeb2f9f4aca468a45c2befa0dfe957486a2ba7018a019c306c3f,merkle,candidate_row_fetch_ms,21.416
size-scaling-k75-c300-n40000000-f32-k75-c300-fanout_f32_l16-merkle-r2,35a02cfa6639aeb2f9f4aca468a45c2befa0dfe957486a2ba7018a019c306c3f,merkle,row_comparison_ms,0.783
size-scaling-k75-c300-n40000000-f32-k75-c300-fanout_f32_l16-merkle-r2,35a02cfa6639aeb2f9f4aca468a45c2befa0dfe957486a2ba7018a019c306c3f,merkle,repair_sql_building_ms,0.569
size-scaling-k75-c300-n40000000-f32-k75-c300-fanout_f32_l16-merkle-r2,35a02cfa6639aeb2f9f4aca468a45c2befa0dfe957486a2ba7018a019c306c3f,merkle,repair_dml_wire_ms,17.308
size-scaling-k75-c300-n40000000-f32-k75-c300-fanout_f32_l16-merkle-r2,35a02cfa6639aeb2f9f4aca468a45c2befa0dfe957486a2ba7018a019c306c3f,merkle,repair_commit_wire_ms,8.313
size-scaling-k75-c300-n40000000-f32-k75-c300-fanout_f32_l16-merkle-r2,35a02cfa6639aeb2f9f4aca468a45c2befa0dfe957486a2ba7018a019c306c3f,merkle,repair_begin_wire_ms,0.115
size-scaling-k75-c300-n40000000-f32-k75-c300-fanout_f32_l16-merkle-r2,35a02cfa6639aeb2f9f4aca468a45c2befa0dfe957486a2ba7018a019c306c3f,merkle,repair_transaction_block_ms,26.362
size-scaling-k75-c300-n40000000-f32-k75-c300-fanout_f32_l16-merkle-r2,35a02cfa6639aeb2f9f4aca468a45c2befa0dfe957486a2ba7018a019c306c3f,merkle,repair_write_ms,26.366
size-scaling-k75-c300-n40000000-f32-k75-c300-fanout_f32_l16-merkle-r2,35a02cfa6639aeb2f9f4aca468a45c2befa0dfe957486a2ba7018a019c306c3f,merkle,targeted_post_repair_confirmation_ms,3.584
size-scaling-k75-c300-n40000000-f32-k75-c300-fanout_f32_l16-merkle-r2,35a02cfa6639aeb2f9f4aca468a45c2befa0dfe957486a2ba7018a019c306c3f,merkle,recovery_observability_ms,0.001
size-scaling-k75-c300-n40000000-f32-k75-c300-fanout_f32_l16-merkle-r2,35a02cfa6639aeb2f9f4aca468a45c2befa0dfe957486a2ba7018a019c306c3f,merkle,recovery_orchestration_ms,1.472
size-scaling-k75-c300-n40000000-f32-k75-c300-fanout_f32_l16-merkle-r2,35a02cfa6639aeb2f9f4aca468a45c2befa0dfe957486a2ba7018a019c306c3f,merkle,audit_exact_table_compare_ms,139914.217
size-scaling-k75-c300-n40000000-f32-k75-c300-fanout_f32_l16-merkle-r2,35a02cfa6639aeb2f9f4aca468a45c2befa0dfe957486a2ba7018a019c306c3f,merkle,audit_merkle_root_hash_ms,1.334
size-scaling-k75-c300-n40000000-f32-k75-c300-fanout_f32_l16-merkle-r2,35a02cfa6639aeb2f9f4aca468a45c2befa0dfe957486a2ba7018a019c306c3f,merkle,audit_merkle_verify_ms,120973.544
size-scaling-k75-c300-n40000000-f32-k75-c300-fanout_f32_l16-merkle-r2,35a02cfa6639aeb2f9f4aca468a45c2befa0dfe957486a2ba7018a019c306c3f,merkle,audit_schema_fidelity_ms,2.080
size-scaling-k75-c300-n40000000-f32-k75-c300-fanout_f32_l16-merkle-r2,35a02cfa6639aeb2f9f4aca468a45c2befa0dfe957486a2ba7018a019c306c3f,merkle,merkle_total_ms,263860.276
size-scaling-k75-c300-n40000000-f32-k75-c300-fanout_f32_l16-merkle-r3,35a02cfa6639aeb2f9f4aca468a45c2befa0dfe957486a2ba7018a019c306c3f,merkle,tree_localisation_ms,178.021
size-scaling-k75-c300-n40000000-f32-k75-c300-fanout_f32_l16-merkle-r3,35a02cfa6639aeb2f9f4aca468a45c2befa0dfe957486a2ba7018a019c306c3f,merkle,candidate_row_fetch_ms,21.660
size-scaling-k75-c300-n40000000-f32-k75-c300-fanout_f32_l16-merkle-r3,35a02cfa6639aeb2f9f4aca468a45c2befa0dfe957486a2ba7018a019c306c3f,merkle,row_comparison_ms,0.754
size-scaling-k75-c300-n40000000-f32-k75-c300-fanout_f32_l16-merkle-r3,35a02cfa6639aeb2f9f4aca468a45c2befa0dfe957486a2ba7018a019c306c3f,merkle,repair_sql_building_ms,0.567
size-scaling-k75-c300-n40000000-f32-k75-c300-fanout_f32_l16-merkle-r3,35a02cfa6639aeb2f9f4aca468a45c2befa0dfe957486a2ba7018a019c306c3f,merkle,repair_dml_wire_ms,17.513
size-scaling-k75-c300-n40000000-f32-k75-c300-fanout_f32_l16-merkle-r3,35a02cfa6639aeb2f9f4aca468a45c2befa0dfe957486a2ba7018a019c306c3f,merkle,repair_commit_wire_ms,8.290
size-scaling-k75-c300-n40000000-f32-k75-c300-fanout_f32_l16-merkle-r3,35a02cfa6639aeb2f9f4aca468a45c2befa0dfe957486a2ba7018a019c306c3f,merkle,repair_begin_wire_ms,0.114
size-scaling-k75-c300-n40000000-f32-k75-c300-fanout_f32_l16-merkle-r3,35a02cfa6639aeb2f9f4aca468a45c2befa0dfe957486a2ba7018a019c306c3f,merkle,repair_transaction_block_ms,26.541
size-scaling-k75-c300-n40000000-f32-k75-c300-fanout_f32_l16-merkle-r3,35a02cfa6639aeb2f9f4aca468a45c2befa0dfe957486a2ba7018a019c306c3f,merkle,repair_write_ms,26.547
size-scaling-k75-c300-n40000000-f32-k75-c300-fanout_f32_l16-merkle-r3,35a02cfa6639aeb2f9f4aca468a45c2befa0dfe957486a2ba7018a019c306c3f,merkle,targeted_post_repair_confirmation_ms,3.569
size-scaling-k75-c300-n40000000-f32-k75-c300-fanout_f32_l16-merkle-r3,35a02cfa6639aeb2f9f4aca468a45c2befa0dfe957486a2ba7018a019c306c3f,merkle,recovery_observability_ms,0.001
size-scaling-k75-c300-n40000000-f32-k75-c300-fanout_f32_l16-merkle-r3,35a02cfa6639aeb2f9f4aca468a45c2befa0dfe957486a2ba7018a019c306c3f,merkle,recovery_orchestration_ms,1.541
size-scaling-k75-c300-n40000000-f32-k75-c300-fanout_f32_l16-merkle-r3,35a02cfa6639aeb2f9f4aca468a45c2befa0dfe957486a2ba7018a019c306c3f,merkle,audit_exact_table_compare_ms,142663.686
size-scaling-k75-c300-n40000000-f32-k75-c300-fanout_f32_l16-merkle-r3,35a02cfa6639aeb2f9f4aca468a45c2befa0dfe957486a2ba7018a019c306c3f,merkle,audit_merkle_root_hash_ms,1.269
size-scaling-k75-c300-n40000000-f32-k75-c300-fanout_f32_l16-merkle-r3,35a02cfa6639aeb2f9f4aca468a45c2befa0dfe957486a2ba7018a019c306c3f,merkle,audit_merkle_verify_ms,121129.964
size-scaling-k75-c300-n40000000-f32-k75-c300-fanout_f32_l16-merkle-r3,35a02cfa6639aeb2f9f4aca468a45c2befa0dfe957486a2ba7018a019c306c3f,merkle,audit_schema_fidelity_ms,2.192
size-scaling-k75-c300-n40000000-f32-k75-c300-fanout_f32_l16-merkle-r3,35a02cfa6639aeb2f9f4aca468a45c2befa0dfe957486a2ba7018a019c306c3f,merkle,merkle_total_ms,266807.466
size-scaling-k75-c300-n40000000-f32-k75-c300-fanout_f32_l16-merkle-r4,35a02cfa6639aeb2f9f4aca468a45c2befa0dfe957486a2ba7018a019c306c3f,merkle,tree_localisation_ms,177.716
size-scaling-k75-c300-n40000000-f32-k75-c300-fanout_f32_l16-merkle-r4,35a02cfa6639aeb2f9f4aca468a45c2befa0dfe957486a2ba7018a019c306c3f,merkle,candidate_row_fetch_ms,22.143
size-scaling-k75-c300-n40000000-f32-k75-c300-fanout_f32_l16-merkle-r4,35a02cfa6639aeb2f9f4aca468a45c2befa0dfe957486a2ba7018a019c306c3f,merkle,row_comparison_ms,0.761
size-scaling-k75-c300-n40000000-f32-k75-c300-fanout_f32_l16-merkle-r4,35a02cfa6639aeb2f9f4aca468a45c2befa0dfe957486a2ba7018a019c306c3f,merkle,repair_sql_building_ms,0.573
size-scaling-k75-c300-n40000000-f32-k75-c300-fanout_f32_l16-merkle-r4,35a02cfa6639aeb2f9f4aca468a45c2befa0dfe957486a2ba7018a019c306c3f,merkle,repair_dml_wire_ms,17.337
size-scaling-k75-c300-n40000000-f32-k75-c300-fanout_f32_l16-merkle-r4,35a02cfa6639aeb2f9f4aca468a45c2befa0dfe957486a2ba7018a019c306c3f,merkle,repair_commit_wire_ms,8.336
size-scaling-k75-c300-n40000000-f32-k75-c300-fanout_f32_l16-merkle-r4,35a02cfa6639aeb2f9f4aca468a45c2befa0dfe957486a2ba7018a019c306c3f,merkle,repair_begin_wire_ms,0.115
size-scaling-k75-c300-n40000000-f32-k75-c300-fanout_f32_l16-merkle-r4,35a02cfa6639aeb2f9f4aca468a45c2befa0dfe957486a2ba7018a019c306c3f,merkle,repair_transaction_block_ms,26.432
size-scaling-k75-c300-n40000000-f32-k75-c300-fanout_f32_l16-merkle-r4,35a02cfa6639aeb2f9f4aca468a45c2befa0dfe957486a2ba7018a019c306c3f,merkle,repair_write_ms,26.437
size-scaling-k75-c300-n40000000-f32-k75-c300-fanout_f32_l16-merkle-r4,35a02cfa6639aeb2f9f4aca468a45c2befa0dfe957486a2ba7018a019c306c3f,merkle,targeted_post_repair_confirmation_ms,3.549
size-scaling-k75-c300-n40000000-f32-k75-c300-fanout_f32_l16-merkle-r4,35a02cfa6639aeb2f9f4aca468a45c2befa0dfe957486a2ba7018a019c306c3f,merkle,recovery_observability_ms,0.001
size-scaling-k75-c300-n40000000-f32-k75-c300-fanout_f32_l16-merkle-r4,35a02cfa6639aeb2f9f4aca468a45c2befa0dfe957486a2ba7018a019c306c3f,merkle,recovery_orchestration_ms,1.486
size-scaling-k75-c300-n40000000-f32-k75-c300-fanout_f32_l16-merkle-r4,35a02cfa6639aeb2f9f4aca468a45c2befa0dfe957486a2ba7018a019c306c3f,merkle,audit_exact_table_compare_ms,140109.782
size-scaling-k75-c300-n40000000-f32-k75-c300-fanout_f32_l16-merkle-r4,35a02cfa6639aeb2f9f4aca468a45c2befa0dfe957486a2ba7018a019c306c3f,merkle,audit_merkle_root_hash_ms,1.344
size-scaling-k75-c300-n40000000-f32-k75-c300-fanout_f32_l16-merkle-r4,35a02cfa6639aeb2f9f4aca468a45c2befa0dfe957486a2ba7018a019c306c3f,merkle,audit_merkle_verify_ms,121127.450
size-scaling-k75-c300-n40000000-f32-k75-c300-fanout_f32_l16-merkle-r4,35a02cfa6639aeb2f9f4aca468a45c2befa0dfe957486a2ba7018a019c306c3f,merkle,audit_schema_fidelity_ms,2.164
size-scaling-k75-c300-n40000000-f32-k75-c300-fanout_f32_l16-merkle-r4,35a02cfa6639aeb2f9f4aca468a45c2befa0dfe957486a2ba7018a019c306c3f,merkle,merkle_total_ms,264251.679
size-scaling-k75-c300-n40000000-f32-k75-c300-fanout_f32_l16-merkle-r5,35a02cfa6639aeb2f9f4aca468a45c2befa0dfe957486a2ba7018a019c306c3f,merkle,tree_localisation_ms,177.221
size-scaling-k75-c300-n40000000-f32-k75-c300-fanout_f32_l16-merkle-r5,35a02cfa6639aeb2f9f4aca468a45c2befa0dfe957486a2ba7018a019c306c3f,merkle,candidate_row_fetch_ms,22.359
size-scaling-k75-c300-n40000000-f32-k75-c300-fanout_f32_l16-merkle-r5,35a02cfa6639aeb2f9f4aca468a45c2befa0dfe957486a2ba7018a019c306c3f,merkle,row_comparison_ms,0.770
size-scaling-k75-c300-n40000000-f32-k75-c300-fanout_f32_l16-merkle-r5,35a02cfa6639aeb2f9f4aca468a45c2befa0dfe957486a2ba7018a019c306c3f,merkle,repair_sql_building_ms,0.571
size-scaling-k75-c300-n40000000-f32-k75-c300-fanout_f32_l16-merkle-r5,35a02cfa6639aeb2f9f4aca468a45c2befa0dfe957486a2ba7018a019c306c3f,merkle,repair_dml_wire_ms,17.516
size-scaling-k75-c300-n40000000-f32-k75-c300-fanout_f32_l16-merkle-r5,35a02cfa6639aeb2f9f4aca468a45c2befa0dfe957486a2ba7018a019c306c3f,merkle,repair_commit_wire_ms,8.328
size-scaling-k75-c300-n40000000-f32-k75-c300-fanout_f32_l16-merkle-r5,35a02cfa6639aeb2f9f4aca468a45c2befa0dfe957486a2ba7018a019c306c3f,merkle,repair_begin_wire_ms,0.157
size-scaling-k75-c300-n40000000-f32-k75-c300-fanout_f32_l16-merkle-r5,35a02cfa6639aeb2f9f4aca468a45c2befa0dfe957486a2ba7018a019c306c3f,merkle,repair_transaction_block_ms,26.632
size-scaling-k75-c300-n40000000-f32-k75-c300-fanout_f32_l16-merkle-r5,35a02cfa6639aeb2f9f4aca468a45c2befa0dfe957486a2ba7018a019c306c3f,merkle,repair_write_ms,26.637
size-scaling-k75-c300-n40000000-f32-k75-c300-fanout_f32_l16-merkle-r5,35a02cfa6639aeb2f9f4aca468a45c2befa0dfe957486a2ba7018a019c306c3f,merkle,targeted_post_repair_confirmation_ms,3.573
size-scaling-k75-c300-n40000000-f32-k75-c300-fanout_f32_l16-merkle-r5,35a02cfa6639aeb2f9f4aca468a45c2befa0dfe957486a2ba7018a019c306c3f,merkle,recovery_observability_ms,0.001
size-scaling-k75-c300-n40000000-f32-k75-c300-fanout_f32_l16-merkle-r5,35a02cfa6639aeb2f9f4aca468a45c2befa0dfe957486a2ba7018a019c306c3f,merkle,recovery_orchestration_ms,1.498
size-scaling-k75-c300-n40000000-f32-k75-c300-fanout_f32_l16-merkle-r5,35a02cfa6639aeb2f9f4aca468a45c2befa0dfe957486a2ba7018a019c306c3f,merkle,audit_exact_table_compare_ms,139844.783
size-scaling-k75-c300-n40000000-f32-k75-c300-fanout_f32_l16-merkle-r5,35a02cfa6639aeb2f9f4aca468a45c2befa0dfe957486a2ba7018a019c306c3f,merkle,audit_merkle_root_hash_ms,1.345
size-scaling-k75-c300-n40000000-f32-k75-c300-fanout_f32_l16-merkle-r5,35a02cfa6639aeb2f9f4aca468a45c2befa0dfe957486a2ba7018a019c306c3f,merkle,audit_merkle_verify_ms,120986.522
size-scaling-k75-c300-n40000000-f32-k75-c300-fanout_f32_l16-merkle-r5,35a02cfa6639aeb2f9f4aca468a45c2befa0dfe957486a2ba7018a019c306c3f,merkle,audit_schema_fidelity_ms,2.183
size-scaling-k75-c300-n40000000-f32-k75-c300-fanout_f32_l16-merkle-r5,35a02cfa6639aeb2f9f4aca468a45c2befa0dfe957486a2ba7018a019c306c3f,merkle,merkle_total_ms,263845.357
size-scaling-k75-c300-n40000000-f32-k75-c300-fanout_f32_l16-merkle-r6,35a02cfa6639aeb2f9f4aca468a45c2befa0dfe957486a2ba7018a019c306c3f,merkle,tree_localisation_ms,188.618
size-scaling-k75-c300-n40000000-f32-k75-c300-fanout_f32_l16-merkle-r6,35a02cfa6639aeb2f9f4aca468a45c2befa0dfe957486a2ba7018a019c306c3f,merkle,candidate_row_fetch_ms,22.566
size-scaling-k75-c300-n40000000-f32-k75-c300-fanout_f32_l16-merkle-r6,35a02cfa6639aeb2f9f4aca468a45c2befa0dfe957486a2ba7018a019c306c3f,merkle,row_comparison_ms,0.754
size-scaling-k75-c300-n40000000-f32-k75-c300-fanout_f32_l16-merkle-r6,35a02cfa6639aeb2f9f4aca468a45c2befa0dfe957486a2ba7018a019c306c3f,merkle,repair_sql_building_ms,0.565
size-scaling-k75-c300-n40000000-f32-k75-c300-fanout_f32_l16-merkle-r6,35a02cfa6639aeb2f9f4aca468a45c2befa0dfe957486a2ba7018a019c306c3f,merkle,repair_dml_wire_ms,17.455
size-scaling-k75-c300-n40000000-f32-k75-c300-fanout_f32_l16-merkle-r6,35a02cfa6639aeb2f9f4aca468a45c2befa0dfe957486a2ba7018a019c306c3f,merkle,repair_commit_wire_ms,8.313
size-scaling-k75-c300-n40000000-f32-k75-c300-fanout_f32_l16-merkle-r6,35a02cfa6639aeb2f9f4aca468a45c2befa0dfe957486a2ba7018a019c306c3f,merkle,repair_begin_wire_ms,0.114
size-scaling-k75-c300-n40000000-f32-k75-c300-fanout_f32_l16-merkle-r6,35a02cfa6639aeb2f9f4aca468a45c2befa0dfe957486a2ba7018a019c306c3f,merkle,repair_transaction_block_ms,26.516
size-scaling-k75-c300-n40000000-f32-k75-c300-fanout_f32_l16-merkle-r6,35a02cfa6639aeb2f9f4aca468a45c2befa0dfe957486a2ba7018a019c306c3f,merkle,repair_write_ms,26.520
size-scaling-k75-c300-n40000000-f32-k75-c300-fanout_f32_l16-merkle-r6,35a02cfa6639aeb2f9f4aca468a45c2befa0dfe957486a2ba7018a019c306c3f,merkle,targeted_post_repair_confirmation_ms,3.582
size-scaling-k75-c300-n40000000-f32-k75-c300-fanout_f32_l16-merkle-r6,35a02cfa6639aeb2f9f4aca468a45c2befa0dfe957486a2ba7018a019c306c3f,merkle,recovery_observability_ms,0.001
size-scaling-k75-c300-n40000000-f32-k75-c300-fanout_f32_l16-merkle-r6,35a02cfa6639aeb2f9f4aca468a45c2befa0dfe957486a2ba7018a019c306c3f,merkle,recovery_orchestration_ms,1.499
size-scaling-k75-c300-n40000000-f32-k75-c300-fanout_f32_l16-merkle-r6,35a02cfa6639aeb2f9f4aca468a45c2befa0dfe957486a2ba7018a019c306c3f,merkle,audit_exact_table_compare_ms,140023.669
size-scaling-k75-c300-n40000000-f32-k75-c300-fanout_f32_l16-merkle-r6,35a02cfa6639aeb2f9f4aca468a45c2befa0dfe957486a2ba7018a019c306c3f,merkle,audit_merkle_root_hash_ms,1.351
size-scaling-k75-c300-n40000000-f32-k75-c300-fanout_f32_l16-merkle-r6,35a02cfa6639aeb2f9f4aca468a45c2befa0dfe957486a2ba7018a019c306c3f,merkle,audit_merkle_verify_ms,120548.596
size-scaling-k75-c300-n40000000-f32-k75-c300-fanout_f32_l16-merkle-r6,35a02cfa6639aeb2f9f4aca468a45c2befa0dfe957486a2ba7018a019c306c3f,merkle,audit_schema_fidelity_ms,2.188
size-scaling-k75-c300-n40000000-f32-k75-c300-fanout_f32_l16-merkle-r6,35a02cfa6639aeb2f9f4aca468a45c2befa0dfe957486a2ba7018a019c306c3f,merkle,merkle_total_ms,263547.040
size-scaling-k75-c300-n40000000-f32-k75-c300-fanout_f32_l16-merkle-r7,35a02cfa6639aeb2f9f4aca468a45c2befa0dfe957486a2ba7018a019c306c3f,merkle,tree_localisation_ms,178.400
size-scaling-k75-c300-n40000000-f32-k75-c300-fanout_f32_l16-merkle-r7,35a02cfa6639aeb2f9f4aca468a45c2befa0dfe957486a2ba7018a019c306c3f,merkle,candidate_row_fetch_ms,22.453
size-scaling-k75-c300-n40000000-f32-k75-c300-fanout_f32_l16-merkle-r7,35a02cfa6639aeb2f9f4aca468a45c2befa0dfe957486a2ba7018a019c306c3f,merkle,row_comparison_ms,0.765
size-scaling-k75-c300-n40000000-f32-k75-c300-fanout_f32_l16-merkle-r7,35a02cfa6639aeb2f9f4aca468a45c2befa0dfe957486a2ba7018a019c306c3f,merkle,repair_sql_building_ms,0.576
size-scaling-k75-c300-n40000000-f32-k75-c300-fanout_f32_l16-merkle-r7,35a02cfa6639aeb2f9f4aca468a45c2befa0dfe957486a2ba7018a019c306c3f,merkle,repair_dml_wire_ms,17.568
size-scaling-k75-c300-n40000000-f32-k75-c300-fanout_f32_l16-merkle-r7,35a02cfa6639aeb2f9f4aca468a45c2befa0dfe957486a2ba7018a019c306c3f,merkle,repair_commit_wire_ms,8.333
size-scaling-k75-c300-n40000000-f32-k75-c300-fanout_f32_l16-merkle-r7,35a02cfa6639aeb2f9f4aca468a45c2befa0dfe957486a2ba7018a019c306c3f,merkle,repair_begin_wire_ms,0.118
size-scaling-k75-c300-n40000000-f32-k75-c300-fanout_f32_l16-merkle-r7,35a02cfa6639aeb2f9f4aca468a45c2befa0dfe957486a2ba7018a019c306c3f,merkle,repair_transaction_block_ms,26.652
size-scaling-k75-c300-n40000000-f32-k75-c300-fanout_f32_l16-merkle-r7,35a02cfa6639aeb2f9f4aca468a45c2befa0dfe957486a2ba7018a019c306c3f,merkle,repair_write_ms,26.656
size-scaling-k75-c300-n40000000-f32-k75-c300-fanout_f32_l16-merkle-r7,35a02cfa6639aeb2f9f4aca468a45c2befa0dfe957486a2ba7018a019c306c3f,merkle,targeted_post_repair_confirmation_ms,3.583
size-scaling-k75-c300-n40000000-f32-k75-c300-fanout_f32_l16-merkle-r7,35a02cfa6639aeb2f9f4aca468a45c2befa0dfe957486a2ba7018a019c306c3f,merkle,recovery_observability_ms,0.001
size-scaling-k75-c300-n40000000-f32-k75-c300-fanout_f32_l16-merkle-r7,35a02cfa6639aeb2f9f4aca468a45c2befa0dfe957486a2ba7018a019c306c3f,merkle,recovery_orchestration_ms,1.464
size-scaling-k75-c300-n40000000-f32-k75-c300-fanout_f32_l16-merkle-r7,35a02cfa6639aeb2f9f4aca468a45c2befa0dfe957486a2ba7018a019c306c3f,merkle,audit_exact_table_compare_ms,143144.047
size-scaling-k75-c300-n40000000-f32-k75-c300-fanout_f32_l16-merkle-r7,35a02cfa6639aeb2f9f4aca468a45c2befa0dfe957486a2ba7018a019c306c3f,merkle,audit_merkle_root_hash_ms,1.401
size-scaling-k75-c300-n40000000-f32-k75-c300-fanout_f32_l16-merkle-r7,35a02cfa6639aeb2f9f4aca468a45c2befa0dfe957486a2ba7018a019c306c3f,merkle,audit_merkle_verify_ms,120936.845
size-scaling-k75-c300-n40000000-f32-k75-c300-fanout_f32_l16-merkle-r7,35a02cfa6639aeb2f9f4aca468a45c2befa0dfe957486a2ba7018a019c306c3f,merkle,audit_schema_fidelity_ms,2.185
size-scaling-k75-c300-n40000000-f32-k75-c300-fanout_f32_l16-merkle-r7,35a02cfa6639aeb2f9f4aca468a45c2befa0dfe957486a2ba7018a019c306c3f,merkle,merkle_total_ms,267096.563
size-scaling-k75-c300-n40000000-f32-k75-c300-fanout_f32_l16-merkle-r8,35a02cfa6639aeb2f9f4aca468a45c2befa0dfe957486a2ba7018a019c306c3f,merkle,tree_localisation_ms,189.575
size-scaling-k75-c300-n40000000-f32-k75-c300-fanout_f32_l16-merkle-r8,35a02cfa6639aeb2f9f4aca468a45c2befa0dfe957486a2ba7018a019c306c3f,merkle,candidate_row_fetch_ms,22.490
size-scaling-k75-c300-n40000000-f32-k75-c300-fanout_f32_l16-merkle-r8,35a02cfa6639aeb2f9f4aca468a45c2befa0dfe957486a2ba7018a019c306c3f,merkle,row_comparison_ms,0.750
size-scaling-k75-c300-n40000000-f32-k75-c300-fanout_f32_l16-merkle-r8,35a02cfa6639aeb2f9f4aca468a45c2befa0dfe957486a2ba7018a019c306c3f,merkle,repair_sql_building_ms,0.563
size-scaling-k75-c300-n40000000-f32-k75-c300-fanout_f32_l16-merkle-r8,35a02cfa6639aeb2f9f4aca468a45c2befa0dfe957486a2ba7018a019c306c3f,merkle,repair_dml_wire_ms,17.472
size-scaling-k75-c300-n40000000-f32-k75-c300-fanout_f32_l16-merkle-r8,35a02cfa6639aeb2f9f4aca468a45c2befa0dfe957486a2ba7018a019c306c3f,merkle,repair_commit_wire_ms,8.378
size-scaling-k75-c300-n40000000-f32-k75-c300-fanout_f32_l16-merkle-r8,35a02cfa6639aeb2f9f4aca468a45c2befa0dfe957486a2ba7018a019c306c3f,merkle,repair_begin_wire_ms,0.114
size-scaling-k75-c300-n40000000-f32-k75-c300-fanout_f32_l16-merkle-r8,35a02cfa6639aeb2f9f4aca468a45c2befa0dfe957486a2ba7018a019c306c3f,merkle,repair_transaction_block_ms,26.584
size-scaling-k75-c300-n40000000-f32-k75-c300-fanout_f32_l16-merkle-r8,35a02cfa6639aeb2f9f4aca468a45c2befa0dfe957486a2ba7018a019c306c3f,merkle,repair_write_ms,26.588
size-scaling-k75-c300-n40000000-f32-k75-c300-fanout_f32_l16-merkle-r8,35a02cfa6639aeb2f9f4aca468a45c2befa0dfe957486a2ba7018a019c306c3f,merkle,targeted_post_repair_confirmation_ms,3.602
size-scaling-k75-c300-n40000000-f32-k75-c300-fanout_f32_l16-merkle-r8,35a02cfa6639aeb2f9f4aca468a45c2befa0dfe957486a2ba7018a019c306c3f,merkle,recovery_observability_ms,0.001
size-scaling-k75-c300-n40000000-f32-k75-c300-fanout_f32_l16-merkle-r8,35a02cfa6639aeb2f9f4aca468a45c2befa0dfe957486a2ba7018a019c306c3f,merkle,recovery_orchestration_ms,1.504
size-scaling-k75-c300-n40000000-f32-k75-c300-fanout_f32_l16-merkle-r8,35a02cfa6639aeb2f9f4aca468a45c2befa0dfe957486a2ba7018a019c306c3f,merkle,audit_exact_table_compare_ms,144187.383
size-scaling-k75-c300-n40000000-f32-k75-c300-fanout_f32_l16-merkle-r8,35a02cfa6639aeb2f9f4aca468a45c2befa0dfe957486a2ba7018a019c306c3f,merkle,audit_merkle_root_hash_ms,1.286
size-scaling-k75-c300-n40000000-f32-k75-c300-fanout_f32_l16-merkle-r8,35a02cfa6639aeb2f9f4aca468a45c2befa0dfe957486a2ba7018a019c306c3f,merkle,audit_merkle_verify_ms,120804.040
size-scaling-k75-c300-n40000000-f32-k75-c300-fanout_f32_l16-merkle-r8,35a02cfa6639aeb2f9f4aca468a45c2befa0dfe957486a2ba7018a019c306c3f,merkle,audit_schema_fidelity_ms,2.176
size-scaling-k75-c300-n40000000-f32-k75-c300-fanout_f32_l16-merkle-r8,35a02cfa6639aeb2f9f4aca468a45c2befa0dfe957486a2ba7018a019c306c3f,merkle,merkle_total_ms,267966.376
size-scaling-k75-c300-n40000000-f32-k75-c300-fanout_f32_l16-merkle-r9,35a02cfa6639aeb2f9f4aca468a45c2befa0dfe957486a2ba7018a019c306c3f,merkle,tree_localisation_ms,182.109
size-scaling-k75-c300-n40000000-f32-k75-c300-fanout_f32_l16-merkle-r9,35a02cfa6639aeb2f9f4aca468a45c2befa0dfe957486a2ba7018a019c306c3f,merkle,candidate_row_fetch_ms,22.818
size-scaling-k75-c300-n40000000-f32-k75-c300-fanout_f32_l16-merkle-r9,35a02cfa6639aeb2f9f4aca468a45c2befa0dfe957486a2ba7018a019c306c3f,merkle,row_comparison_ms,0.764
size-scaling-k75-c300-n40000000-f32-k75-c300-fanout_f32_l16-merkle-r9,35a02cfa6639aeb2f9f4aca468a45c2befa0dfe957486a2ba7018a019c306c3f,merkle,repair_sql_building_ms,0.581
size-scaling-k75-c300-n40000000-f32-k75-c300-fanout_f32_l16-merkle-r9,35a02cfa6639aeb2f9f4aca468a45c2befa0dfe957486a2ba7018a019c306c3f,merkle,repair_dml_wire_ms,17.638
size-scaling-k75-c300-n40000000-f32-k75-c300-fanout_f32_l16-merkle-r9,35a02cfa6639aeb2f9f4aca468a45c2befa0dfe957486a2ba7018a019c306c3f,merkle,repair_commit_wire_ms,8.353
size-scaling-k75-c300-n40000000-f32-k75-c300-fanout_f32_l16-merkle-r9,35a02cfa6639aeb2f9f4aca468a45c2befa0dfe957486a2ba7018a019c306c3f,merkle,repair_begin_wire_ms,0.134
size-scaling-k75-c300-n40000000-f32-k75-c300-fanout_f32_l16-merkle-r9,35a02cfa6639aeb2f9f4aca468a45c2befa0dfe957486a2ba7018a019c306c3f,merkle,repair_transaction_block_ms,26.761
size-scaling-k75-c300-n40000000-f32-k75-c300-fanout_f32_l16-merkle-r9,35a02cfa6639aeb2f9f4aca468a45c2befa0dfe957486a2ba7018a019c306c3f,merkle,repair_write_ms,26.766
size-scaling-k75-c300-n40000000-f32-k75-c300-fanout_f32_l16-merkle-r9,35a02cfa6639aeb2f9f4aca468a45c2befa0dfe957486a2ba7018a019c306c3f,merkle,targeted_post_repair_confirmation_ms,3.580
size-scaling-k75-c300-n40000000-f32-k75-c300-fanout_f32_l16-merkle-r9,35a02cfa6639aeb2f9f4aca468a45c2befa0dfe957486a2ba7018a019c306c3f,merkle,recovery_observability_ms,0.001
size-scaling-k75-c300-n40000000-f32-k75-c300-fanout_f32_l16-merkle-r9,35a02cfa6639aeb2f9f4aca468a45c2befa0dfe957486a2ba7018a019c306c3f,merkle,recovery_orchestration_ms,1.461
size-scaling-k75-c300-n40000000-f32-k75-c300-fanout_f32_l16-merkle-r9,35a02cfa6639aeb2f9f4aca468a45c2befa0dfe957486a2ba7018a019c306c3f,merkle,audit_exact_table_compare_ms,139937.160
size-scaling-k75-c300-n40000000-f32-k75-c300-fanout_f32_l16-merkle-r9,35a02cfa6639aeb2f9f4aca468a45c2befa0dfe957486a2ba7018a019c306c3f,merkle,audit_merkle_root_hash_ms,1.268
size-scaling-k75-c300-n40000000-f32-k75-c300-fanout_f32_l16-merkle-r9,35a02cfa6639aeb2f9f4aca468a45c2befa0dfe957486a2ba7018a019c306c3f,merkle,audit_merkle_verify_ms,121320.266
size-scaling-k75-c300-n40000000-f32-k75-c300-fanout_f32_l16-merkle-r9,35a02cfa6639aeb2f9f4aca468a45c2befa0dfe957486a2ba7018a019c306c3f,merkle,audit_schema_fidelity_ms,2.169
size-scaling-k75-c300-n40000000-f32-k75-c300-fanout_f32_l16-merkle-r9,35a02cfa6639aeb2f9f4aca468a45c2befa0dfe957486a2ba7018a019c306c3f,merkle,merkle_total_ms,264276.689
size-scaling-k75-c300-n5000000-f32-k75-c300-fanout_f32_l16-merkle-r0,d1b608e71b97319b0d452b0e131d9222b8f6a7ebea30b4cfe36711882ce9dd39,merkle,tree_localisation_ms,144.086
size-scaling-k75-c300-n5000000-f32-k75-c300-fanout_f32_l16-merkle-r0,d1b608e71b97319b0d452b0e131d9222b8f6a7ebea30b4cfe36711882ce9dd39,merkle,candidate_row_fetch_ms,49.944
size-scaling-k75-c300-n5000000-f32-k75-c300-fanout_f32_l16-merkle-r0,d1b608e71b97319b0d452b0e131d9222b8f6a7ebea30b4cfe36711882ce9dd39,merkle,row_comparison_ms,2.211
size-scaling-k75-c300-n5000000-f32-k75-c300-fanout_f32_l16-merkle-r0,d1b608e71b97319b0d452b0e131d9222b8f6a7ebea30b4cfe36711882ce9dd39,merkle,repair_sql_building_ms,0.599
size-scaling-k75-c300-n5000000-f32-k75-c300-fanout_f32_l16-merkle-r0,d1b608e71b97319b0d452b0e131d9222b8f6a7ebea30b4cfe36711882ce9dd39,merkle,repair_dml_wire_ms,17.595
size-scaling-k75-c300-n5000000-f32-k75-c300-fanout_f32_l16-merkle-r0,d1b608e71b97319b0d452b0e131d9222b8f6a7ebea30b4cfe36711882ce9dd39,merkle,repair_commit_wire_ms,4.066
size-scaling-k75-c300-n5000000-f32-k75-c300-fanout_f32_l16-merkle-r0,d1b608e71b97319b0d452b0e131d9222b8f6a7ebea30b4cfe36711882ce9dd39,merkle,repair_begin_wire_ms,0.157
size-scaling-k75-c300-n5000000-f32-k75-c300-fanout_f32_l16-merkle-r0,d1b608e71b97319b0d452b0e131d9222b8f6a7ebea30b4cfe36711882ce9dd39,merkle,repair_transaction_block_ms,22.475
size-scaling-k75-c300-n5000000-f32-k75-c300-fanout_f32_l16-merkle-r0,d1b608e71b97319b0d452b0e131d9222b8f6a7ebea30b4cfe36711882ce9dd39,merkle,repair_write_ms,22.480
size-scaling-k75-c300-n5000000-f32-k75-c300-fanout_f32_l16-merkle-r0,d1b608e71b97319b0d452b0e131d9222b8f6a7ebea30b4cfe36711882ce9dd39,merkle,targeted_post_repair_confirmation_ms,3.508
size-scaling-k75-c300-n5000000-f32-k75-c300-fanout_f32_l16-merkle-r0,d1b608e71b97319b0d452b0e131d9222b8f6a7ebea30b4cfe36711882ce9dd39,merkle,recovery_observability_ms,0.001
size-scaling-k75-c300-n5000000-f32-k75-c300-fanout_f32_l16-merkle-r0,d1b608e71b97319b0d452b0e131d9222b8f6a7ebea30b4cfe36711882ce9dd39,merkle,recovery_orchestration_ms,1.942
size-scaling-k75-c300-n5000000-f32-k75-c300-fanout_f32_l16-merkle-r0,d1b608e71b97319b0d452b0e131d9222b8f6a7ebea30b4cfe36711882ce9dd39,merkle,audit_exact_table_compare_ms,18320.221
size-scaling-k75-c300-n5000000-f32-k75-c300-fanout_f32_l16-merkle-r0,d1b608e71b97319b0d452b0e131d9222b8f6a7ebea30b4cfe36711882ce9dd39,merkle,audit_merkle_root_hash_ms,1.269
size-scaling-k75-c300-n5000000-f32-k75-c300-fanout_f32_l16-merkle-r0,d1b608e71b97319b0d452b0e131d9222b8f6a7ebea30b4cfe36711882ce9dd39,merkle,audit_merkle_verify_ms,15213.149
size-scaling-k75-c300-n5000000-f32-k75-c300-fanout_f32_l16-merkle-r0,d1b608e71b97319b0d452b0e131d9222b8f6a7ebea30b4cfe36711882ce9dd39,merkle,audit_schema_fidelity_ms,2.108
size-scaling-k75-c300-n5000000-f32-k75-c300-fanout_f32_l16-merkle-r0,d1b608e71b97319b0d452b0e131d9222b8f6a7ebea30b4cfe36711882ce9dd39,merkle,merkle_total_ms,36489.741
size-scaling-k75-c300-n5000000-f32-k75-c300-fanout_f32_l16-merkle-r1,d1b608e71b97319b0d452b0e131d9222b8f6a7ebea30b4cfe36711882ce9dd39,merkle,tree_localisation_ms,132.863
size-scaling-k75-c300-n5000000-f32-k75-c300-fanout_f32_l16-merkle-r1,d1b608e71b97319b0d452b0e131d9222b8f6a7ebea30b4cfe36711882ce9dd39,merkle,candidate_row_fetch_ms,50.451
size-scaling-k75-c300-n5000000-f32-k75-c300-fanout_f32_l16-merkle-r1,d1b608e71b97319b0d452b0e131d9222b8f6a7ebea30b4cfe36711882ce9dd39,merkle,row_comparison_ms,2.253
size-scaling-k75-c300-n5000000-f32-k75-c300-fanout_f32_l16-merkle-r1,d1b608e71b97319b0d452b0e131d9222b8f6a7ebea30b4cfe36711882ce9dd39,merkle,repair_sql_building_ms,0.605
size-scaling-k75-c300-n5000000-f32-k75-c300-fanout_f32_l16-merkle-r1,d1b608e71b97319b0d452b0e131d9222b8f6a7ebea30b4cfe36711882ce9dd39,merkle,repair_dml_wire_ms,17.762
size-scaling-k75-c300-n5000000-f32-k75-c300-fanout_f32_l16-merkle-r1,d1b608e71b97319b0d452b0e131d9222b8f6a7ebea30b4cfe36711882ce9dd39,merkle,repair_commit_wire_ms,4.081
size-scaling-k75-c300-n5000000-f32-k75-c300-fanout_f32_l16-merkle-r1,d1b608e71b97319b0d452b0e131d9222b8f6a7ebea30b4cfe36711882ce9dd39,merkle,repair_begin_wire_ms,0.163
size-scaling-k75-c300-n5000000-f32-k75-c300-fanout_f32_l16-merkle-r1,d1b608e71b97319b0d452b0e131d9222b8f6a7ebea30b4cfe36711882ce9dd39,merkle,repair_transaction_block_ms,22.670
size-scaling-k75-c300-n5000000-f32-k75-c300-fanout_f32_l16-merkle-r1,d1b608e71b97319b0d452b0e131d9222b8f6a7ebea30b4cfe36711882ce9dd39,merkle,repair_write_ms,22.675
size-scaling-k75-c300-n5000000-f32-k75-c300-fanout_f32_l16-merkle-r1,d1b608e71b97319b0d452b0e131d9222b8f6a7ebea30b4cfe36711882ce9dd39,merkle,targeted_post_repair_confirmation_ms,3.535
size-scaling-k75-c300-n5000000-f32-k75-c300-fanout_f32_l16-merkle-r1,d1b608e71b97319b0d452b0e131d9222b8f6a7ebea30b4cfe36711882ce9dd39,merkle,recovery_observability_ms,0.001
size-scaling-k75-c300-n5000000-f32-k75-c300-fanout_f32_l16-merkle-r1,d1b608e71b97319b0d452b0e131d9222b8f6a7ebea30b4cfe36711882ce9dd39,merkle,recovery_orchestration_ms,1.985
size-scaling-k75-c300-n5000000-f32-k75-c300-fanout_f32_l16-merkle-r1,d1b608e71b97319b0d452b0e131d9222b8f6a7ebea30b4cfe36711882ce9dd39,merkle,audit_exact_table_compare_ms,18347.833
size-scaling-k75-c300-n5000000-f32-k75-c300-fanout_f32_l16-merkle-r1,d1b608e71b97319b0d452b0e131d9222b8f6a7ebea30b4cfe36711882ce9dd39,merkle,audit_merkle_root_hash_ms,1.285
size-scaling-k75-c300-n5000000-f32-k75-c300-fanout_f32_l16-merkle-r1,d1b608e71b97319b0d452b0e131d9222b8f6a7ebea30b4cfe36711882ce9dd39,merkle,audit_merkle_verify_ms,15157.301
size-scaling-k75-c300-n5000000-f32-k75-c300-fanout_f32_l16-merkle-r1,d1b608e71b97319b0d452b0e131d9222b8f6a7ebea30b4cfe36711882ce9dd39,merkle,audit_schema_fidelity_ms,2.184
size-scaling-k75-c300-n5000000-f32-k75-c300-fanout_f32_l16-merkle-r1,d1b608e71b97319b0d452b0e131d9222b8f6a7ebea30b4cfe36711882ce9dd39,merkle,merkle_total_ms,36450.792
size-scaling-k75-c300-n5000000-f32-k75-c300-fanout_f32_l16-merkle-r2,d1b608e71b97319b0d452b0e131d9222b8f6a7ebea30b4cfe36711882ce9dd39,merkle,tree_localisation_ms,135.971
size-scaling-k75-c300-n5000000-f32-k75-c300-fanout_f32_l16-merkle-r2,d1b608e71b97319b0d452b0e131d9222b8f6a7ebea30b4cfe36711882ce9dd39,merkle,candidate_row_fetch_ms,50.806
size-scaling-k75-c300-n5000000-f32-k75-c300-fanout_f32_l16-merkle-r2,d1b608e71b97319b0d452b0e131d9222b8f6a7ebea30b4cfe36711882ce9dd39,merkle,row_comparison_ms,2.263
size-scaling-k75-c300-n5000000-f32-k75-c300-fanout_f32_l16-merkle-r2,d1b608e71b97319b0d452b0e131d9222b8f6a7ebea30b4cfe36711882ce9dd39,merkle,repair_sql_building_ms,0.599
size-scaling-k75-c300-n5000000-f32-k75-c300-fanout_f32_l16-merkle-r2,d1b608e71b97319b0d452b0e131d9222b8f6a7ebea30b4cfe36711882ce9dd39,merkle,repair_dml_wire_ms,17.937
size-scaling-k75-c300-n5000000-f32-k75-c300-fanout_f32_l16-merkle-r2,d1b608e71b97319b0d452b0e131d9222b8f6a7ebea30b4cfe36711882ce9dd39,merkle,repair_commit_wire_ms,4.085
size-scaling-k75-c300-n5000000-f32-k75-c300-fanout_f32_l16-merkle-r2,d1b608e71b97319b0d452b0e131d9222b8f6a7ebea30b4cfe36711882ce9dd39,merkle,repair_begin_wire_ms,0.165
size-scaling-k75-c300-n5000000-f32-k75-c300-fanout_f32_l16-merkle-r2,d1b608e71b97319b0d452b0e131d9222b8f6a7ebea30b4cfe36711882ce9dd39,merkle,repair_transaction_block_ms,22.855
size-scaling-k75-c300-n5000000-f32-k75-c300-fanout_f32_l16-merkle-r2,d1b608e71b97319b0d452b0e131d9222b8f6a7ebea30b4cfe36711882ce9dd39,merkle,repair_write_ms,22.860
size-scaling-k75-c300-n5000000-f32-k75-c300-fanout_f32_l16-merkle-r2,d1b608e71b97319b0d452b0e131d9222b8f6a7ebea30b4cfe36711882ce9dd39,merkle,targeted_post_repair_confirmation_ms,3.501
size-scaling-k75-c300-n5000000-f32-k75-c300-fanout_f32_l16-merkle-r2,d1b608e71b97319b0d452b0e131d9222b8f6a7ebea30b4cfe36711882ce9dd39,merkle,recovery_observability_ms,0.001
size-scaling-k75-c300-n5000000-f32-k75-c300-fanout_f32_l16-merkle-r2,d1b608e71b97319b0d452b0e131d9222b8f6a7ebea30b4cfe36711882ce9dd39,merkle,recovery_orchestration_ms,1.945
size-scaling-k75-c300-n5000000-f32-k75-c300-fanout_f32_l16-merkle-r2,d1b608e71b97319b0d452b0e131d9222b8f6a7ebea30b4cfe36711882ce9dd39,merkle,audit_exact_table_compare_ms,18329.324
size-scaling-k75-c300-n5000000-f32-k75-c300-fanout_f32_l16-merkle-r2,d1b608e71b97319b0d452b0e131d9222b8f6a7ebea30b4cfe36711882ce9dd39,merkle,audit_merkle_root_hash_ms,1.236
size-scaling-k75-c300-n5000000-f32-k75-c300-fanout_f32_l16-merkle-r2,d1b608e71b97319b0d452b0e131d9222b8f6a7ebea30b4cfe36711882ce9dd39,merkle,audit_merkle_verify_ms,15208.310
size-scaling-k75-c300-n5000000-f32-k75-c300-fanout_f32_l16-merkle-r2,d1b608e71b97319b0d452b0e131d9222b8f6a7ebea30b4cfe36711882ce9dd39,merkle,audit_schema_fidelity_ms,2.185
size-scaling-k75-c300-n5000000-f32-k75-c300-fanout_f32_l16-merkle-r2,d1b608e71b97319b0d452b0e131d9222b8f6a7ebea30b4cfe36711882ce9dd39,merkle,merkle_total_ms,36487.173
size-scaling-k75-c300-n5000000-f32-k75-c300-fanout_f32_l16-merkle-r3,d1b608e71b97319b0d452b0e131d9222b8f6a7ebea30b4cfe36711882ce9dd39,merkle,tree_localisation_ms,136.849
size-scaling-k75-c300-n5000000-f32-k75-c300-fanout_f32_l16-merkle-r3,d1b608e71b97319b0d452b0e131d9222b8f6a7ebea30b4cfe36711882ce9dd39,merkle,candidate_row_fetch_ms,50.702
size-scaling-k75-c300-n5000000-f32-k75-c300-fanout_f32_l16-merkle-r3,d1b608e71b97319b0d452b0e131d9222b8f6a7ebea30b4cfe36711882ce9dd39,merkle,row_comparison_ms,2.246
size-scaling-k75-c300-n5000000-f32-k75-c300-fanout_f32_l16-merkle-r3,d1b608e71b97319b0d452b0e131d9222b8f6a7ebea30b4cfe36711882ce9dd39,merkle,repair_sql_building_ms,0.619
size-scaling-k75-c300-n5000000-f32-k75-c300-fanout_f32_l16-merkle-r3,d1b608e71b97319b0d452b0e131d9222b8f6a7ebea30b4cfe36711882ce9dd39,merkle,repair_dml_wire_ms,18.114
size-scaling-k75-c300-n5000000-f32-k75-c300-fanout_f32_l16-merkle-r3,d1b608e71b97319b0d452b0e131d9222b8f6a7ebea30b4cfe36711882ce9dd39,merkle,repair_commit_wire_ms,4.089
size-scaling-k75-c300-n5000000-f32-k75-c300-fanout_f32_l16-merkle-r3,d1b608e71b97319b0d452b0e131d9222b8f6a7ebea30b4cfe36711882ce9dd39,merkle,repair_begin_wire_ms,0.157
size-scaling-k75-c300-n5000000-f32-k75-c300-fanout_f32_l16-merkle-r3,d1b608e71b97319b0d452b0e131d9222b8f6a7ebea30b4cfe36711882ce9dd39,merkle,repair_transaction_block_ms,23.039
size-scaling-k75-c300-n5000000-f32-k75-c300-fanout_f32_l16-merkle-r3,d1b608e71b97319b0d452b0e131d9222b8f6a7ebea30b4cfe36711882ce9dd39,merkle,repair_write_ms,23.043
size-scaling-k75-c300-n5000000-f32-k75-c300-fanout_f32_l16-merkle-r3,d1b608e71b97319b0d452b0e131d9222b8f6a7ebea30b4cfe36711882ce9dd39,merkle,targeted_post_repair_confirmation_ms,3.518
size-scaling-k75-c300-n5000000-f32-k75-c300-fanout_f32_l16-merkle-r3,d1b608e71b97319b0d452b0e131d9222b8f6a7ebea30b4cfe36711882ce9dd39,merkle,recovery_observability_ms,0.001
size-scaling-k75-c300-n5000000-f32-k75-c300-fanout_f32_l16-merkle-r3,d1b608e71b97319b0d452b0e131d9222b8f6a7ebea30b4cfe36711882ce9dd39,merkle,recovery_orchestration_ms,2.004
size-scaling-k75-c300-n5000000-f32-k75-c300-fanout_f32_l16-merkle-r3,d1b608e71b97319b0d452b0e131d9222b8f6a7ebea30b4cfe36711882ce9dd39,merkle,audit_exact_table_compare_ms,18306.857
size-scaling-k75-c300-n5000000-f32-k75-c300-fanout_f32_l16-merkle-r3,d1b608e71b97319b0d452b0e131d9222b8f6a7ebea30b4cfe36711882ce9dd39,merkle,audit_merkle_root_hash_ms,1.246
size-scaling-k75-c300-n5000000-f32-k75-c300-fanout_f32_l16-merkle-r3,d1b608e71b97319b0d452b0e131d9222b8f6a7ebea30b4cfe36711882ce9dd39,merkle,audit_merkle_verify_ms,15178.425
size-scaling-k75-c300-n5000000-f32-k75-c300-fanout_f32_l16-merkle-r3,d1b608e71b97319b0d452b0e131d9222b8f6a7ebea30b4cfe36711882ce9dd39,merkle,audit_schema_fidelity_ms,2.014
size-scaling-k75-c300-n5000000-f32-k75-c300-fanout_f32_l16-merkle-r3,d1b608e71b97319b0d452b0e131d9222b8f6a7ebea30b4cfe36711882ce9dd39,merkle,merkle_total_ms,36435.758
size-scaling-k75-c300-n5000000-f32-k75-c300-fanout_f32_l16-merkle-r4,d1b608e71b97319b0d452b0e131d9222b8f6a7ebea30b4cfe36711882ce9dd39,merkle,tree_localisation_ms,127.935
size-scaling-k75-c300-n5000000-f32-k75-c300-fanout_f32_l16-merkle-r4,d1b608e71b97319b0d452b0e131d9222b8f6a7ebea30b4cfe36711882ce9dd39,merkle,candidate_row_fetch_ms,50.410
size-scaling-k75-c300-n5000000-f32-k75-c300-fanout_f32_l16-merkle-r4,d1b608e71b97319b0d452b0e131d9222b8f6a7ebea30b4cfe36711882ce9dd39,merkle,row_comparison_ms,2.295
size-scaling-k75-c300-n5000000-f32-k75-c300-fanout_f32_l16-merkle-r4,d1b608e71b97319b0d452b0e131d9222b8f6a7ebea30b4cfe36711882ce9dd39,merkle,repair_sql_building_ms,0.593
size-scaling-k75-c300-n5000000-f32-k75-c300-fanout_f32_l16-merkle-r4,d1b608e71b97319b0d452b0e131d9222b8f6a7ebea30b4cfe36711882ce9dd39,merkle,repair_dml_wire_ms,17.982
size-scaling-k75-c300-n5000000-f32-k75-c300-fanout_f32_l16-merkle-r4,d1b608e71b97319b0d452b0e131d9222b8f6a7ebea30b4cfe36711882ce9dd39,merkle,repair_commit_wire_ms,4.036
size-scaling-k75-c300-n5000000-f32-k75-c300-fanout_f32_l16-merkle-r4,d1b608e71b97319b0d452b0e131d9222b8f6a7ebea30b4cfe36711882ce9dd39,merkle,repair_begin_wire_ms,0.175
size-scaling-k75-c300-n5000000-f32-k75-c300-fanout_f32_l16-merkle-r4,d1b608e71b97319b0d452b0e131d9222b8f6a7ebea30b4cfe36711882ce9dd39,merkle,repair_transaction_block_ms,22.848
size-scaling-k75-c300-n5000000-f32-k75-c300-fanout_f32_l16-merkle-r4,d1b608e71b97319b0d452b0e131d9222b8f6a7ebea30b4cfe36711882ce9dd39,merkle,repair_write_ms,22.853
size-scaling-k75-c300-n5000000-f32-k75-c300-fanout_f32_l16-merkle-r4,d1b608e71b97319b0d452b0e131d9222b8f6a7ebea30b4cfe36711882ce9dd39,merkle,targeted_post_repair_confirmation_ms,3.520
size-scaling-k75-c300-n5000000-f32-k75-c300-fanout_f32_l16-merkle-r4,d1b608e71b97319b0d452b0e131d9222b8f6a7ebea30b4cfe36711882ce9dd39,merkle,recovery_observability_ms,0.001
size-scaling-k75-c300-n5000000-f32-k75-c300-fanout_f32_l16-merkle-r4,d1b608e71b97319b0d452b0e131d9222b8f6a7ebea30b4cfe36711882ce9dd39,merkle,recovery_orchestration_ms,1.947
size-scaling-k75-c300-n5000000-f32-k75-c300-fanout_f32_l16-merkle-r4,d1b608e71b97319b0d452b0e131d9222b8f6a7ebea30b4cfe36711882ce9dd39,merkle,audit_exact_table_compare_ms,18325.929
size-scaling-k75-c300-n5000000-f32-k75-c300-fanout_f32_l16-merkle-r4,d1b608e71b97319b0d452b0e131d9222b8f6a7ebea30b4cfe36711882ce9dd39,merkle,audit_merkle_root_hash_ms,1.221
size-scaling-k75-c300-n5000000-f32-k75-c300-fanout_f32_l16-merkle-r4,d1b608e71b97319b0d452b0e131d9222b8f6a7ebea30b4cfe36711882ce9dd39,merkle,audit_merkle_verify_ms,15251.759
size-scaling-k75-c300-n5000000-f32-k75-c300-fanout_f32_l16-merkle-r4,d1b608e71b97319b0d452b0e131d9222b8f6a7ebea30b4cfe36711882ce9dd39,merkle,audit_schema_fidelity_ms,2.008
size-scaling-k75-c300-n5000000-f32-k75-c300-fanout_f32_l16-merkle-r4,d1b608e71b97319b0d452b0e131d9222b8f6a7ebea30b4cfe36711882ce9dd39,merkle,merkle_total_ms,36568.131
size-scaling-k75-c300-n5000000-f32-k75-c300-fanout_f32_l16-merkle-r5,d1b608e71b97319b0d452b0e131d9222b8f6a7ebea30b4cfe36711882ce9dd39,merkle,tree_localisation_ms,133.482
size-scaling-k75-c300-n5000000-f32-k75-c300-fanout_f32_l16-merkle-r5,d1b608e71b97319b0d452b0e131d9222b8f6a7ebea30b4cfe36711882ce9dd39,merkle,candidate_row_fetch_ms,50.787
size-scaling-k75-c300-n5000000-f32-k75-c300-fanout_f32_l16-merkle-r5,d1b608e71b97319b0d452b0e131d9222b8f6a7ebea30b4cfe36711882ce9dd39,merkle,row_comparison_ms,2.231
size-scaling-k75-c300-n5000000-f32-k75-c300-fanout_f32_l16-merkle-r5,d1b608e71b97319b0d452b0e131d9222b8f6a7ebea30b4cfe36711882ce9dd39,merkle,repair_sql_building_ms,0.608
size-scaling-k75-c300-n5000000-f32-k75-c300-fanout_f32_l16-merkle-r5,d1b608e71b97319b0d452b0e131d9222b8f6a7ebea30b4cfe36711882ce9dd39,merkle,repair_dml_wire_ms,17.529
size-scaling-k75-c300-n5000000-f32-k75-c300-fanout_f32_l16-merkle-r5,d1b608e71b97319b0d452b0e131d9222b8f6a7ebea30b4cfe36711882ce9dd39,merkle,repair_commit_wire_ms,4.136
size-scaling-k75-c300-n5000000-f32-k75-c300-fanout_f32_l16-merkle-r5,d1b608e71b97319b0d452b0e131d9222b8f6a7ebea30b4cfe36711882ce9dd39,merkle,repair_begin_wire_ms,0.158
size-scaling-k75-c300-n5000000-f32-k75-c300-fanout_f32_l16-merkle-r5,d1b608e71b97319b0d452b0e131d9222b8f6a7ebea30b4cfe36711882ce9dd39,merkle,repair_transaction_block_ms,22.493
size-scaling-k75-c300-n5000000-f32-k75-c300-fanout_f32_l16-merkle-r5,d1b608e71b97319b0d452b0e131d9222b8f6a7ebea30b4cfe36711882ce9dd39,merkle,repair_write_ms,22.498
size-scaling-k75-c300-n5000000-f32-k75-c300-fanout_f32_l16-merkle-r5,d1b608e71b97319b0d452b0e131d9222b8f6a7ebea30b4cfe36711882ce9dd39,merkle,targeted_post_repair_confirmation_ms,3.525
size-scaling-k75-c300-n5000000-f32-k75-c300-fanout_f32_l16-merkle-r5,d1b608e71b97319b0d452b0e131d9222b8f6a7ebea30b4cfe36711882ce9dd39,merkle,recovery_observability_ms,0.001
size-scaling-k75-c300-n5000000-f32-k75-c300-fanout_f32_l16-merkle-r5,d1b608e71b97319b0d452b0e131d9222b8f6a7ebea30b4cfe36711882ce9dd39,merkle,recovery_orchestration_ms,1.947
size-scaling-k75-c300-n5000000-f32-k75-c300-fanout_f32_l16-merkle-r5,d1b608e71b97319b0d452b0e131d9222b8f6a7ebea30b4cfe36711882ce9dd39,merkle,audit_exact_table_compare_ms,18331.609
size-scaling-k75-c300-n5000000-f32-k75-c300-fanout_f32_l16-merkle-r5,d1b608e71b97319b0d452b0e131d9222b8f6a7ebea30b4cfe36711882ce9dd39,merkle,audit_merkle_root_hash_ms,1.253
size-scaling-k75-c300-n5000000-f32-k75-c300-fanout_f32_l16-merkle-r5,d1b608e71b97319b0d452b0e131d9222b8f6a7ebea30b4cfe36711882ce9dd39,merkle,audit_merkle_verify_ms,15187.043
size-scaling-k75-c300-n5000000-f32-k75-c300-fanout_f32_l16-merkle-r5,d1b608e71b97319b0d452b0e131d9222b8f6a7ebea30b4cfe36711882ce9dd39,merkle,audit_schema_fidelity_ms,2.169
size-scaling-k75-c300-n5000000-f32-k75-c300-fanout_f32_l16-merkle-r5,d1b608e71b97319b0d452b0e131d9222b8f6a7ebea30b4cfe36711882ce9dd39,merkle,merkle_total_ms,36465.379
size-scaling-k75-c300-n5000000-f32-k75-c300-fanout_f32_l16-merkle-r6,d1b608e71b97319b0d452b0e131d9222b8f6a7ebea30b4cfe36711882ce9dd39,merkle,tree_localisation_ms,128.024
size-scaling-k75-c300-n5000000-f32-k75-c300-fanout_f32_l16-merkle-r6,d1b608e71b97319b0d452b0e131d9222b8f6a7ebea30b4cfe36711882ce9dd39,merkle,candidate_row_fetch_ms,51.431
size-scaling-k75-c300-n5000000-f32-k75-c300-fanout_f32_l16-merkle-r6,d1b608e71b97319b0d452b0e131d9222b8f6a7ebea30b4cfe36711882ce9dd39,merkle,row_comparison_ms,2.216
size-scaling-k75-c300-n5000000-f32-k75-c300-fanout_f32_l16-merkle-r6,d1b608e71b97319b0d452b0e131d9222b8f6a7ebea30b4cfe36711882ce9dd39,merkle,repair_sql_building_ms,0.598
size-scaling-k75-c300-n5000000-f32-k75-c300-fanout_f32_l16-merkle-r6,d1b608e71b97319b0d452b0e131d9222b8f6a7ebea30b4cfe36711882ce9dd39,merkle,repair_dml_wire_ms,17.442
size-scaling-k75-c300-n5000000-f32-k75-c300-fanout_f32_l16-merkle-r6,d1b608e71b97319b0d452b0e131d9222b8f6a7ebea30b4cfe36711882ce9dd39,merkle,repair_commit_wire_ms,4.128
size-scaling-k75-c300-n5000000-f32-k75-c300-fanout_f32_l16-merkle-r6,d1b608e71b97319b0d452b0e131d9222b8f6a7ebea30b4cfe36711882ce9dd39,merkle,repair_begin_wire_ms,0.165
size-scaling-k75-c300-n5000000-f32-k75-c300-fanout_f32_l16-merkle-r6,d1b608e71b97319b0d452b0e131d9222b8f6a7ebea30b4cfe36711882ce9dd39,merkle,repair_transaction_block_ms,22.397
size-scaling-k75-c300-n5000000-f32-k75-c300-fanout_f32_l16-merkle-r6,d1b608e71b97319b0d452b0e131d9222b8f6a7ebea30b4cfe36711882ce9dd39,merkle,repair_write_ms,22.402
size-scaling-k75-c300-n5000000-f32-k75-c300-fanout_f32_l16-merkle-r6,d1b608e71b97319b0d452b0e131d9222b8f6a7ebea30b4cfe36711882ce9dd39,merkle,targeted_post_repair_confirmation_ms,3.518
size-scaling-k75-c300-n5000000-f32-k75-c300-fanout_f32_l16-merkle-r6,d1b608e71b97319b0d452b0e131d9222b8f6a7ebea30b4cfe36711882ce9dd39,merkle,recovery_observability_ms,0.001
size-scaling-k75-c300-n5000000-f32-k75-c300-fanout_f32_l16-merkle-r6,d1b608e71b97319b0d452b0e131d9222b8f6a7ebea30b4cfe36711882ce9dd39,merkle,recovery_orchestration_ms,1.960
size-scaling-k75-c300-n5000000-f32-k75-c300-fanout_f32_l16-merkle-r6,d1b608e71b97319b0d452b0e131d9222b8f6a7ebea30b4cfe36711882ce9dd39,merkle,audit_exact_table_compare_ms,18339.780
size-scaling-k75-c300-n5000000-f32-k75-c300-fanout_f32_l16-merkle-r6,d1b608e71b97319b0d452b0e131d9222b8f6a7ebea30b4cfe36711882ce9dd39,merkle,audit_merkle_root_hash_ms,1.254
size-scaling-k75-c300-n5000000-f32-k75-c300-fanout_f32_l16-merkle-r6,d1b608e71b97319b0d452b0e131d9222b8f6a7ebea30b4cfe36711882ce9dd39,merkle,audit_merkle_verify_ms,15242.404
size-scaling-k75-c300-n5000000-f32-k75-c300-fanout_f32_l16-merkle-r6,d1b608e71b97319b0d452b0e131d9222b8f6a7ebea30b4cfe36711882ce9dd39,merkle,audit_schema_fidelity_ms,2.165
size-scaling-k75-c300-n5000000-f32-k75-c300-fanout_f32_l16-merkle-r6,d1b608e71b97319b0d452b0e131d9222b8f6a7ebea30b4cfe36711882ce9dd39,merkle,merkle_total_ms,36574.754
size-scaling-k75-c300-n5000000-f32-k75-c300-fanout_f32_l16-merkle-r7,d1b608e71b97319b0d452b0e131d9222b8f6a7ebea30b4cfe36711882ce9dd39,merkle,tree_localisation_ms,135.107
size-scaling-k75-c300-n5000000-f32-k75-c300-fanout_f32_l16-merkle-r7,d1b608e71b97319b0d452b0e131d9222b8f6a7ebea30b4cfe36711882ce9dd39,merkle,candidate_row_fetch_ms,51.248
size-scaling-k75-c300-n5000000-f32-k75-c300-fanout_f32_l16-merkle-r7,d1b608e71b97319b0d452b0e131d9222b8f6a7ebea30b4cfe36711882ce9dd39,merkle,row_comparison_ms,2.252
size-scaling-k75-c300-n5000000-f32-k75-c300-fanout_f32_l16-merkle-r7,d1b608e71b97319b0d452b0e131d9222b8f6a7ebea30b4cfe36711882ce9dd39,merkle,repair_sql_building_ms,0.585
size-scaling-k75-c300-n5000000-f32-k75-c300-fanout_f32_l16-merkle-r7,d1b608e71b97319b0d452b0e131d9222b8f6a7ebea30b4cfe36711882ce9dd39,merkle,repair_dml_wire_ms,17.520
size-scaling-k75-c300-n5000000-f32-k75-c300-fanout_f32_l16-merkle-r7,d1b608e71b97319b0d452b0e131d9222b8f6a7ebea30b4cfe36711882ce9dd39,merkle,repair_commit_wire_ms,4.057
size-scaling-k75-c300-n5000000-f32-k75-c300-fanout_f32_l16-merkle-r7,d1b608e71b97319b0d452b0e131d9222b8f6a7ebea30b4cfe36711882ce9dd39,merkle,repair_begin_wire_ms,0.157
size-scaling-k75-c300-n5000000-f32-k75-c300-fanout_f32_l16-merkle-r7,d1b608e71b97319b0d452b0e131d9222b8f6a7ebea30b4cfe36711882ce9dd39,merkle,repair_transaction_block_ms,22.388
size-scaling-k75-c300-n5000000-f32-k75-c300-fanout_f32_l16-merkle-r7,d1b608e71b97319b0d452b0e131d9222b8f6a7ebea30b4cfe36711882ce9dd39,merkle,repair_write_ms,22.393
size-scaling-k75-c300-n5000000-f32-k75-c300-fanout_f32_l16-merkle-r7,d1b608e71b97319b0d452b0e131d9222b8f6a7ebea30b4cfe36711882ce9dd39,merkle,targeted_post_repair_confirmation_ms,3.441
size-scaling-k75-c300-n5000000-f32-k75-c300-fanout_f32_l16-merkle-r7,d1b608e71b97319b0d452b0e131d9222b8f6a7ebea30b4cfe36711882ce9dd39,merkle,recovery_observability_ms,0.001
size-scaling-k75-c300-n5000000-f32-k75-c300-fanout_f32_l16-merkle-r7,d1b608e71b97319b0d452b0e131d9222b8f6a7ebea30b4cfe36711882ce9dd39,merkle,recovery_orchestration_ms,1.915
size-scaling-k75-c300-n5000000-f32-k75-c300-fanout_f32_l16-merkle-r7,d1b608e71b97319b0d452b0e131d9222b8f6a7ebea30b4cfe36711882ce9dd39,merkle,audit_exact_table_compare_ms,18278.520
size-scaling-k75-c300-n5000000-f32-k75-c300-fanout_f32_l16-merkle-r7,d1b608e71b97319b0d452b0e131d9222b8f6a7ebea30b4cfe36711882ce9dd39,merkle,audit_merkle_root_hash_ms,1.283
size-scaling-k75-c300-n5000000-f32-k75-c300-fanout_f32_l16-merkle-r7,d1b608e71b97319b0d452b0e131d9222b8f6a7ebea30b4cfe36711882ce9dd39,merkle,audit_merkle_verify_ms,15108.830
size-scaling-k75-c300-n5000000-f32-k75-c300-fanout_f32_l16-merkle-r7,d1b608e71b97319b0d452b0e131d9222b8f6a7ebea30b4cfe36711882ce9dd39,merkle,audit_schema_fidelity_ms,2.176
size-scaling-k75-c300-n5000000-f32-k75-c300-fanout_f32_l16-merkle-r7,d1b608e71b97319b0d452b0e131d9222b8f6a7ebea30b4cfe36711882ce9dd39,merkle,merkle_total_ms,36336.482
size-scaling-k75-c300-n5000000-f32-k75-c300-fanout_f32_l16-merkle-r8,d1b608e71b97319b0d452b0e131d9222b8f6a7ebea30b4cfe36711882ce9dd39,merkle,tree_localisation_ms,132.524
size-scaling-k75-c300-n5000000-f32-k75-c300-fanout_f32_l16-merkle-r8,d1b608e71b97319b0d452b0e131d9222b8f6a7ebea30b4cfe36711882ce9dd39,merkle,candidate_row_fetch_ms,51.562
size-scaling-k75-c300-n5000000-f32-k75-c300-fanout_f32_l16-merkle-r8,d1b608e71b97319b0d452b0e131d9222b8f6a7ebea30b4cfe36711882ce9dd39,merkle,row_comparison_ms,2.212
size-scaling-k75-c300-n5000000-f32-k75-c300-fanout_f32_l16-merkle-r8,d1b608e71b97319b0d452b0e131d9222b8f6a7ebea30b4cfe36711882ce9dd39,merkle,repair_sql_building_ms,0.602
size-scaling-k75-c300-n5000000-f32-k75-c300-fanout_f32_l16-merkle-r8,d1b608e71b97319b0d452b0e131d9222b8f6a7ebea30b4cfe36711882ce9dd39,merkle,repair_dml_wire_ms,17.632
size-scaling-k75-c300-n5000000-f32-k75-c300-fanout_f32_l16-merkle-r8,d1b608e71b97319b0d452b0e131d9222b8f6a7ebea30b4cfe36711882ce9dd39,merkle,repair_commit_wire_ms,4.119
size-scaling-k75-c300-n5000000-f32-k75-c300-fanout_f32_l16-merkle-r8,d1b608e71b97319b0d452b0e131d9222b8f6a7ebea30b4cfe36711882ce9dd39,merkle,repair_begin_wire_ms,0.161
size-scaling-k75-c300-n5000000-f32-k75-c300-fanout_f32_l16-merkle-r8,d1b608e71b97319b0d452b0e131d9222b8f6a7ebea30b4cfe36711882ce9dd39,merkle,repair_transaction_block_ms,22.582
size-scaling-k75-c300-n5000000-f32-k75-c300-fanout_f32_l16-merkle-r8,d1b608e71b97319b0d452b0e131d9222b8f6a7ebea30b4cfe36711882ce9dd39,merkle,repair_write_ms,22.586
size-scaling-k75-c300-n5000000-f32-k75-c300-fanout_f32_l16-merkle-r8,d1b608e71b97319b0d452b0e131d9222b8f6a7ebea30b4cfe36711882ce9dd39,merkle,targeted_post_repair_confirmation_ms,3.508
size-scaling-k75-c300-n5000000-f32-k75-c300-fanout_f32_l16-merkle-r8,d1b608e71b97319b0d452b0e131d9222b8f6a7ebea30b4cfe36711882ce9dd39,merkle,recovery_observability_ms,0.001
size-scaling-k75-c300-n5000000-f32-k75-c300-fanout_f32_l16-merkle-r8,d1b608e71b97319b0d452b0e131d9222b8f6a7ebea30b4cfe36711882ce9dd39,merkle,recovery_orchestration_ms,1.972
size-scaling-k75-c300-n5000000-f32-k75-c300-fanout_f32_l16-merkle-r8,d1b608e71b97319b0d452b0e131d9222b8f6a7ebea30b4cfe36711882ce9dd39,merkle,audit_exact_table_compare_ms,18324.382
size-scaling-k75-c300-n5000000-f32-k75-c300-fanout_f32_l16-merkle-r8,d1b608e71b97319b0d452b0e131d9222b8f6a7ebea30b4cfe36711882ce9dd39,merkle,audit_merkle_root_hash_ms,1.237
size-scaling-k75-c300-n5000000-f32-k75-c300-fanout_f32_l16-merkle-r8,d1b608e71b97319b0d452b0e131d9222b8f6a7ebea30b4cfe36711882ce9dd39,merkle,audit_merkle_verify_ms,15201.269
size-scaling-k75-c300-n5000000-f32-k75-c300-fanout_f32_l16-merkle-r8,d1b608e71b97319b0d452b0e131d9222b8f6a7ebea30b4cfe36711882ce9dd39,merkle,audit_schema_fidelity_ms,2.184
size-scaling-k75-c300-n5000000-f32-k75-c300-fanout_f32_l16-merkle-r8,d1b608e71b97319b0d452b0e131d9222b8f6a7ebea30b4cfe36711882ce9dd39,merkle,merkle_total_ms,36472.315
size-scaling-k75-c300-n5000000-f32-k75-c300-fanout_f32_l16-merkle-r9,d1b608e71b97319b0d452b0e131d9222b8f6a7ebea30b4cfe36711882ce9dd39,merkle,tree_localisation_ms,135.933
size-scaling-k75-c300-n5000000-f32-k75-c300-fanout_f32_l16-merkle-r9,d1b608e71b97319b0d452b0e131d9222b8f6a7ebea30b4cfe36711882ce9dd39,merkle,candidate_row_fetch_ms,51.807
size-scaling-k75-c300-n5000000-f32-k75-c300-fanout_f32_l16-merkle-r9,d1b608e71b97319b0d452b0e131d9222b8f6a7ebea30b4cfe36711882ce9dd39,merkle,row_comparison_ms,2.240
size-scaling-k75-c300-n5000000-f32-k75-c300-fanout_f32_l16-merkle-r9,d1b608e71b97319b0d452b0e131d9222b8f6a7ebea30b4cfe36711882ce9dd39,merkle,repair_sql_building_ms,0.635
size-scaling-k75-c300-n5000000-f32-k75-c300-fanout_f32_l16-merkle-r9,d1b608e71b97319b0d452b0e131d9222b8f6a7ebea30b4cfe36711882ce9dd39,merkle,repair_dml_wire_ms,28.714
size-scaling-k75-c300-n5000000-f32-k75-c300-fanout_f32_l16-merkle-r9,d1b608e71b97319b0d452b0e131d9222b8f6a7ebea30b4cfe36711882ce9dd39,merkle,repair_commit_wire_ms,4.177
size-scaling-k75-c300-n5000000-f32-k75-c300-fanout_f32_l16-merkle-r9,d1b608e71b97319b0d452b0e131d9222b8f6a7ebea30b4cfe36711882ce9dd39,merkle,repair_begin_wire_ms,0.176
size-scaling-k75-c300-n5000000-f32-k75-c300-fanout_f32_l16-merkle-r9,d1b608e71b97319b0d452b0e131d9222b8f6a7ebea30b4cfe36711882ce9dd39,merkle,repair_transaction_block_ms,33.762
size-scaling-k75-c300-n5000000-f32-k75-c300-fanout_f32_l16-merkle-r9,d1b608e71b97319b0d452b0e131d9222b8f6a7ebea30b4cfe36711882ce9dd39,merkle,repair_write_ms,33.767
size-scaling-k75-c300-n5000000-f32-k75-c300-fanout_f32_l16-merkle-r9,d1b608e71b97319b0d452b0e131d9222b8f6a7ebea30b4cfe36711882ce9dd39,merkle,targeted_post_repair_confirmation_ms,3.568
size-scaling-k75-c300-n5000000-f32-k75-c300-fanout_f32_l16-merkle-r9,d1b608e71b97319b0d452b0e131d9222b8f6a7ebea30b4cfe36711882ce9dd39,merkle,recovery_observability_ms,0.001
size-scaling-k75-c300-n5000000-f32-k75-c300-fanout_f32_l16-merkle-r9,d1b608e71b97319b0d452b0e131d9222b8f6a7ebea30b4cfe36711882ce9dd39,merkle,recovery_orchestration_ms,1.918
size-scaling-k75-c300-n5000000-f32-k75-c300-fanout_f32_l16-merkle-r9,d1b608e71b97319b0d452b0e131d9222b8f6a7ebea30b4cfe36711882ce9dd39,merkle,audit_exact_table_compare_ms,18350.402
size-scaling-k75-c300-n5000000-f32-k75-c300-fanout_f32_l16-merkle-r9,d1b608e71b97319b0d452b0e131d9222b8f6a7ebea30b4cfe36711882ce9dd39,merkle,audit_merkle_root_hash_ms,1.242
size-scaling-k75-c300-n5000000-f32-k75-c300-fanout_f32_l16-merkle-r9,d1b608e71b97319b0d452b0e131d9222b8f6a7ebea30b4cfe36711882ce9dd39,merkle,audit_merkle_verify_ms,15208.835
size-scaling-k75-c300-n5000000-f32-k75-c300-fanout_f32_l16-merkle-r9,d1b608e71b97319b0d452b0e131d9222b8f6a7ebea30b4cfe36711882ce9dd39,merkle,audit_schema_fidelity_ms,2.170
size-scaling-k75-c300-n5000000-f32-k75-c300-fanout_f32_l16-merkle-r9,d1b608e71b97319b0d452b0e131d9222b8f6a7ebea30b4cfe36711882ce9dd39,merkle,merkle_total_ms,36520.885
size-scaling-k75-c300-n7000000-f32-k75-c300-fanout_f32_l16-merkle-r0,79d5cd8b93f97e2feff3a255058876ca4087cfbafcee6a55de42e8e37d57ccc5,merkle,tree_localisation_ms,169.158
size-scaling-k75-c300-n7000000-f32-k75-c300-fanout_f32_l16-merkle-r0,79d5cd8b93f97e2feff3a255058876ca4087cfbafcee6a55de42e8e37d57ccc5,merkle,candidate_row_fetch_ms,32.809
size-scaling-k75-c300-n7000000-f32-k75-c300-fanout_f32_l16-merkle-r0,79d5cd8b93f97e2feff3a255058876ca4087cfbafcee6a55de42e8e37d57ccc5,merkle,row_comparison_ms,1.351
size-scaling-k75-c300-n7000000-f32-k75-c300-fanout_f32_l16-merkle-r0,79d5cd8b93f97e2feff3a255058876ca4087cfbafcee6a55de42e8e37d57ccc5,merkle,repair_sql_building_ms,0.553
size-scaling-k75-c300-n7000000-f32-k75-c300-fanout_f32_l16-merkle-r0,79d5cd8b93f97e2feff3a255058876ca4087cfbafcee6a55de42e8e37d57ccc5,merkle,repair_dml_wire_ms,29.051
size-scaling-k75-c300-n7000000-f32-k75-c300-fanout_f32_l16-merkle-r0,79d5cd8b93f97e2feff3a255058876ca4087cfbafcee6a55de42e8e37d57ccc5,merkle,repair_commit_wire_ms,7.986
size-scaling-k75-c300-n7000000-f32-k75-c300-fanout_f32_l16-merkle-r0,79d5cd8b93f97e2feff3a255058876ca4087cfbafcee6a55de42e8e37d57ccc5,merkle,repair_begin_wire_ms,0.115
size-scaling-k75-c300-n7000000-f32-k75-c300-fanout_f32_l16-merkle-r0,79d5cd8b93f97e2feff3a255058876ca4087cfbafcee6a55de42e8e37d57ccc5,merkle,repair_transaction_block_ms,37.761
size-scaling-k75-c300-n7000000-f32-k75-c300-fanout_f32_l16-merkle-r0,79d5cd8b93f97e2feff3a255058876ca4087cfbafcee6a55de42e8e37d57ccc5,merkle,repair_write_ms,37.765
size-scaling-k75-c300-n7000000-f32-k75-c300-fanout_f32_l16-merkle-r0,79d5cd8b93f97e2feff3a255058876ca4087cfbafcee6a55de42e8e37d57ccc5,merkle,targeted_post_repair_confirmation_ms,3.592
size-scaling-k75-c300-n7000000-f32-k75-c300-fanout_f32_l16-merkle-r0,79d5cd8b93f97e2feff3a255058876ca4087cfbafcee6a55de42e8e37d57ccc5,merkle,recovery_observability_ms,0.001
size-scaling-k75-c300-n7000000-f32-k75-c300-fanout_f32_l16-merkle-r0,79d5cd8b93f97e2feff3a255058876ca4087cfbafcee6a55de42e8e37d57ccc5,merkle,recovery_orchestration_ms,1.682
size-scaling-k75-c300-n7000000-f32-k75-c300-fanout_f32_l16-merkle-r0,79d5cd8b93f97e2feff3a255058876ca4087cfbafcee6a55de42e8e37d57ccc5,merkle,audit_exact_table_compare_ms,25268.355
size-scaling-k75-c300-n7000000-f32-k75-c300-fanout_f32_l16-merkle-r0,79d5cd8b93f97e2feff3a255058876ca4087cfbafcee6a55de42e8e37d57ccc5,merkle,audit_merkle_root_hash_ms,1.289
size-scaling-k75-c300-n7000000-f32-k75-c300-fanout_f32_l16-merkle-r0,79d5cd8b93f97e2feff3a255058876ca4087cfbafcee6a55de42e8e37d57ccc5,merkle,audit_merkle_verify_ms,21165.555
size-scaling-k75-c300-n7000000-f32-k75-c300-fanout_f32_l16-merkle-r0,79d5cd8b93f97e2feff3a255058876ca4087cfbafcee6a55de42e8e37d57ccc5,merkle,audit_schema_fidelity_ms,2.217
size-scaling-k75-c300-n7000000-f32-k75-c300-fanout_f32_l16-merkle-r0,79d5cd8b93f97e2feff3a255058876ca4087cfbafcee6a55de42e8e37d57ccc5,merkle,merkle_total_ms,49465.534
size-scaling-k75-c300-n7000000-f32-k75-c300-fanout_f32_l16-merkle-r1,79d5cd8b93f97e2feff3a255058876ca4087cfbafcee6a55de42e8e37d57ccc5,merkle,tree_localisation_ms,160.620
size-scaling-k75-c300-n7000000-f32-k75-c300-fanout_f32_l16-merkle-r1,79d5cd8b93f97e2feff3a255058876ca4087cfbafcee6a55de42e8e37d57ccc5,merkle,candidate_row_fetch_ms,33.126
size-scaling-k75-c300-n7000000-f32-k75-c300-fanout_f32_l16-merkle-r1,79d5cd8b93f97e2feff3a255058876ca4087cfbafcee6a55de42e8e37d57ccc5,merkle,row_comparison_ms,1.344
size-scaling-k75-c300-n7000000-f32-k75-c300-fanout_f32_l16-merkle-r1,79d5cd8b93f97e2feff3a255058876ca4087cfbafcee6a55de42e8e37d57ccc5,merkle,repair_sql_building_ms,0.592
size-scaling-k75-c300-n7000000-f32-k75-c300-fanout_f32_l16-merkle-r1,79d5cd8b93f97e2feff3a255058876ca4087cfbafcee6a55de42e8e37d57ccc5,merkle,repair_dml_wire_ms,17.456
size-scaling-k75-c300-n7000000-f32-k75-c300-fanout_f32_l16-merkle-r1,79d5cd8b93f97e2feff3a255058876ca4087cfbafcee6a55de42e8e37d57ccc5,merkle,repair_commit_wire_ms,7.919
size-scaling-k75-c300-n7000000-f32-k75-c300-fanout_f32_l16-merkle-r1,79d5cd8b93f97e2feff3a255058876ca4087cfbafcee6a55de42e8e37d57ccc5,merkle,repair_begin_wire_ms,0.153
size-scaling-k75-c300-n7000000-f32-k75-c300-fanout_f32_l16-merkle-r1,79d5cd8b93f97e2feff3a255058876ca4087cfbafcee6a55de42e8e37d57ccc5,merkle,repair_transaction_block_ms,26.176
size-scaling-k75-c300-n7000000-f32-k75-c300-fanout_f32_l16-merkle-r1,79d5cd8b93f97e2feff3a255058876ca4087cfbafcee6a55de42e8e37d57ccc5,merkle,repair_write_ms,26.180
size-scaling-k75-c300-n7000000-f32-k75-c300-fanout_f32_l16-merkle-r1,79d5cd8b93f97e2feff3a255058876ca4087cfbafcee6a55de42e8e37d57ccc5,merkle,targeted_post_repair_confirmation_ms,3.600
size-scaling-k75-c300-n7000000-f32-k75-c300-fanout_f32_l16-merkle-r1,79d5cd8b93f97e2feff3a255058876ca4087cfbafcee6a55de42e8e37d57ccc5,merkle,recovery_observability_ms,0.001
size-scaling-k75-c300-n7000000-f32-k75-c300-fanout_f32_l16-merkle-r1,79d5cd8b93f97e2feff3a255058876ca4087cfbafcee6a55de42e8e37d57ccc5,merkle,recovery_orchestration_ms,1.661
size-scaling-k75-c300-n7000000-f32-k75-c300-fanout_f32_l16-merkle-r1,79d5cd8b93f97e2feff3a255058876ca4087cfbafcee6a55de42e8e37d57ccc5,merkle,audit_exact_table_compare_ms,25275.634
size-scaling-k75-c300-n7000000-f32-k75-c300-fanout_f32_l16-merkle-r1,79d5cd8b93f97e2feff3a255058876ca4087cfbafcee6a55de42e8e37d57ccc5,merkle,audit_merkle_root_hash_ms,1.291
size-scaling-k75-c300-n7000000-f32-k75-c300-fanout_f32_l16-merkle-r1,79d5cd8b93f97e2feff3a255058876ca4087cfbafcee6a55de42e8e37d57ccc5,merkle,audit_merkle_verify_ms,21243.692
size-scaling-k75-c300-n7000000-f32-k75-c300-fanout_f32_l16-merkle-r1,79d5cd8b93f97e2feff3a255058876ca4087cfbafcee6a55de42e8e37d57ccc5,merkle,audit_schema_fidelity_ms,2.160
size-scaling-k75-c300-n7000000-f32-k75-c300-fanout_f32_l16-merkle-r1,79d5cd8b93f97e2feff3a255058876ca4087cfbafcee6a55de42e8e37d57ccc5,merkle,merkle_total_ms,49529.006
size-scaling-k75-c300-n7000000-f32-k75-c300-fanout_f32_l16-merkle-r2,79d5cd8b93f97e2feff3a255058876ca4087cfbafcee6a55de42e8e37d57ccc5,merkle,tree_localisation_ms,159.548
size-scaling-k75-c300-n7000000-f32-k75-c300-fanout_f32_l16-merkle-r2,79d5cd8b93f97e2feff3a255058876ca4087cfbafcee6a55de42e8e37d57ccc5,merkle,candidate_row_fetch_ms,33.027
size-scaling-k75-c300-n7000000-f32-k75-c300-fanout_f32_l16-merkle-r2,79d5cd8b93f97e2feff3a255058876ca4087cfbafcee6a55de42e8e37d57ccc5,merkle,row_comparison_ms,1.342
size-scaling-k75-c300-n7000000-f32-k75-c300-fanout_f32_l16-merkle-r2,79d5cd8b93f97e2feff3a255058876ca4087cfbafcee6a55de42e8e37d57ccc5,merkle,repair_sql_building_ms,0.559
size-scaling-k75-c300-n7000000-f32-k75-c300-fanout_f32_l16-merkle-r2,79d5cd8b93f97e2feff3a255058876ca4087cfbafcee6a55de42e8e37d57ccc5,merkle,repair_dml_wire_ms,17.594
size-scaling-k75-c300-n7000000-f32-k75-c300-fanout_f32_l16-merkle-r2,79d5cd8b93f97e2feff3a255058876ca4087cfbafcee6a55de42e8e37d57ccc5,merkle,repair_commit_wire_ms,7.943
size-scaling-k75-c300-n7000000-f32-k75-c300-fanout_f32_l16-merkle-r2,79d5cd8b93f97e2feff3a255058876ca4087cfbafcee6a55de42e8e37d57ccc5,merkle,repair_begin_wire_ms,0.167
size-scaling-k75-c300-n7000000-f32-k75-c300-fanout_f32_l16-merkle-r2,79d5cd8b93f97e2feff3a255058876ca4087cfbafcee6a55de42e8e37d57ccc5,merkle,repair_transaction_block_ms,26.323
size-scaling-k75-c300-n7000000-f32-k75-c300-fanout_f32_l16-merkle-r2,79d5cd8b93f97e2feff3a255058876ca4087cfbafcee6a55de42e8e37d57ccc5,merkle,repair_write_ms,26.329
size-scaling-k75-c300-n7000000-f32-k75-c300-fanout_f32_l16-merkle-r2,79d5cd8b93f97e2feff3a255058876ca4087cfbafcee6a55de42e8e37d57ccc5,merkle,targeted_post_repair_confirmation_ms,3.578
size-scaling-k75-c300-n7000000-f32-k75-c300-fanout_f32_l16-merkle-r2,79d5cd8b93f97e2feff3a255058876ca4087cfbafcee6a55de42e8e37d57ccc5,merkle,recovery_observability_ms,0.001
size-scaling-k75-c300-n7000000-f32-k75-c300-fanout_f32_l16-merkle-r2,79d5cd8b93f97e2feff3a255058876ca4087cfbafcee6a55de42e8e37d57ccc5,merkle,recovery_orchestration_ms,1.673
size-scaling-k75-c300-n7000000-f32-k75-c300-fanout_f32_l16-merkle-r2,79d5cd8b93f97e2feff3a255058876ca4087cfbafcee6a55de42e8e37d57ccc5,merkle,audit_exact_table_compare_ms,25190.343
size-scaling-k75-c300-n7000000-f32-k75-c300-fanout_f32_l16-merkle-r2,79d5cd8b93f97e2feff3a255058876ca4087cfbafcee6a55de42e8e37d57ccc5,merkle,audit_merkle_root_hash_ms,1.304
size-scaling-k75-c300-n7000000-f32-k75-c300-fanout_f32_l16-merkle-r2,79d5cd8b93f97e2feff3a255058876ca4087cfbafcee6a55de42e8e37d57ccc5,merkle,audit_merkle_verify_ms,21448.609
size-scaling-k75-c300-n7000000-f32-k75-c300-fanout_f32_l16-merkle-r2,79d5cd8b93f97e2feff3a255058876ca4087cfbafcee6a55de42e8e37d57ccc5,merkle,audit_schema_fidelity_ms,2.191
size-scaling-k75-c300-n7000000-f32-k75-c300-fanout_f32_l16-merkle-r2,79d5cd8b93f97e2feff3a255058876ca4087cfbafcee6a55de42e8e37d57ccc5,merkle,merkle_total_ms,49648.528
size-scaling-k75-c300-n7000000-f32-k75-c300-fanout_f32_l16-merkle-r3,79d5cd8b93f97e2feff3a255058876ca4087cfbafcee6a55de42e8e37d57ccc5,merkle,tree_localisation_ms,159.548
size-scaling-k75-c300-n7000000-f32-k75-c300-fanout_f32_l16-merkle-r3,79d5cd8b93f97e2feff3a255058876ca4087cfbafcee6a55de42e8e37d57ccc5,merkle,candidate_row_fetch_ms,33.480
size-scaling-k75-c300-n7000000-f32-k75-c300-fanout_f32_l16-merkle-r3,79d5cd8b93f97e2feff3a255058876ca4087cfbafcee6a55de42e8e37d57ccc5,merkle,row_comparison_ms,1.350
size-scaling-k75-c300-n7000000-f32-k75-c300-fanout_f32_l16-merkle-r3,79d5cd8b93f97e2feff3a255058876ca4087cfbafcee6a55de42e8e37d57ccc5,merkle,repair_sql_building_ms,0.573
size-scaling-k75-c300-n7000000-f32-k75-c300-fanout_f32_l16-merkle-r3,79d5cd8b93f97e2feff3a255058876ca4087cfbafcee6a55de42e8e37d57ccc5,merkle,repair_dml_wire_ms,17.372
size-scaling-k75-c300-n7000000-f32-k75-c300-fanout_f32_l16-merkle-r3,79d5cd8b93f97e2feff3a255058876ca4087cfbafcee6a55de42e8e37d57ccc5,merkle,repair_commit_wire_ms,7.910
size-scaling-k75-c300-n7000000-f32-k75-c300-fanout_f32_l16-merkle-r3,79d5cd8b93f97e2feff3a255058876ca4087cfbafcee6a55de42e8e37d57ccc5,merkle,repair_begin_wire_ms,0.158
size-scaling-k75-c300-n7000000-f32-k75-c300-fanout_f32_l16-merkle-r3,79d5cd8b93f97e2feff3a255058876ca4087cfbafcee6a55de42e8e37d57ccc5,merkle,repair_transaction_block_ms,26.072
size-scaling-k75-c300-n7000000-f32-k75-c300-fanout_f32_l16-merkle-r3,79d5cd8b93f97e2feff3a255058876ca4087cfbafcee6a55de42e8e37d57ccc5,merkle,repair_write_ms,26.078
size-scaling-k75-c300-n7000000-f32-k75-c300-fanout_f32_l16-merkle-r3,79d5cd8b93f97e2feff3a255058876ca4087cfbafcee6a55de42e8e37d57ccc5,merkle,targeted_post_repair_confirmation_ms,3.562
size-scaling-k75-c300-n7000000-f32-k75-c300-fanout_f32_l16-merkle-r3,79d5cd8b93f97e2feff3a255058876ca4087cfbafcee6a55de42e8e37d57ccc5,merkle,recovery_observability_ms,0.001
size-scaling-k75-c300-n7000000-f32-k75-c300-fanout_f32_l16-merkle-r3,79d5cd8b93f97e2feff3a255058876ca4087cfbafcee6a55de42e8e37d57ccc5,merkle,recovery_orchestration_ms,1.667
size-scaling-k75-c300-n7000000-f32-k75-c300-fanout_f32_l16-merkle-r3,79d5cd8b93f97e2feff3a255058876ca4087cfbafcee6a55de42e8e37d57ccc5,merkle,audit_exact_table_compare_ms,25227.344
size-scaling-k75-c300-n7000000-f32-k75-c300-fanout_f32_l16-merkle-r3,79d5cd8b93f97e2feff3a255058876ca4087cfbafcee6a55de42e8e37d57ccc5,merkle,audit_merkle_root_hash_ms,1.292
size-scaling-k75-c300-n7000000-f32-k75-c300-fanout_f32_l16-merkle-r3,79d5cd8b93f97e2feff3a255058876ca4087cfbafcee6a55de42e8e37d57ccc5,merkle,audit_merkle_verify_ms,21426.560
size-scaling-k75-c300-n7000000-f32-k75-c300-fanout_f32_l16-merkle-r3,79d5cd8b93f97e2feff3a255058876ca4087cfbafcee6a55de42e8e37d57ccc5,merkle,audit_schema_fidelity_ms,2.031
size-scaling-k75-c300-n7000000-f32-k75-c300-fanout_f32_l16-merkle-r3,79d5cd8b93f97e2feff3a255058876ca4087cfbafcee6a55de42e8e37d57ccc5,merkle,merkle_total_ms,49663.700
size-scaling-k75-c300-n7000000-f32-k75-c300-fanout_f32_l16-merkle-r4,79d5cd8b93f97e2feff3a255058876ca4087cfbafcee6a55de42e8e37d57ccc5,merkle,tree_localisation_ms,173.133
size-scaling-k75-c300-n7000000-f32-k75-c300-fanout_f32_l16-merkle-r4,79d5cd8b93f97e2feff3a255058876ca4087cfbafcee6a55de42e8e37d57ccc5,merkle,candidate_row_fetch_ms,33.547
size-scaling-k75-c300-n7000000-f32-k75-c300-fanout_f32_l16-merkle-r4,79d5cd8b93f97e2feff3a255058876ca4087cfbafcee6a55de42e8e37d57ccc5,merkle,row_comparison_ms,1.341
size-scaling-k75-c300-n7000000-f32-k75-c300-fanout_f32_l16-merkle-r4,79d5cd8b93f97e2feff3a255058876ca4087cfbafcee6a55de42e8e37d57ccc5,merkle,repair_sql_building_ms,0.583
size-scaling-k75-c300-n7000000-f32-k75-c300-fanout_f32_l16-merkle-r4,79d5cd8b93f97e2feff3a255058876ca4087cfbafcee6a55de42e8e37d57ccc5,merkle,repair_dml_wire_ms,17.231
size-scaling-k75-c300-n7000000-f32-k75-c300-fanout_f32_l16-merkle-r4,79d5cd8b93f97e2feff3a255058876ca4087cfbafcee6a55de42e8e37d57ccc5,merkle,repair_commit_wire_ms,7.936
size-scaling-k75-c300-n7000000-f32-k75-c300-fanout_f32_l16-merkle-r4,79d5cd8b93f97e2feff3a255058876ca4087cfbafcee6a55de42e8e37d57ccc5,merkle,repair_begin_wire_ms,0.171
size-scaling-k75-c300-n7000000-f32-k75-c300-fanout_f32_l16-merkle-r4,79d5cd8b93f97e2feff3a255058876ca4087cfbafcee6a55de42e8e37d57ccc5,merkle,repair_transaction_block_ms,25.979
size-scaling-k75-c300-n7000000-f32-k75-c300-fanout_f32_l16-merkle-r4,79d5cd8b93f97e2feff3a255058876ca4087cfbafcee6a55de42e8e37d57ccc5,merkle,repair_write_ms,25.984
size-scaling-k75-c300-n7000000-f32-k75-c300-fanout_f32_l16-merkle-r4,79d5cd8b93f97e2feff3a255058876ca4087cfbafcee6a55de42e8e37d57ccc5,merkle,targeted_post_repair_confirmation_ms,3.543
size-scaling-k75-c300-n7000000-f32-k75-c300-fanout_f32_l16-merkle-r4,79d5cd8b93f97e2feff3a255058876ca4087cfbafcee6a55de42e8e37d57ccc5,merkle,recovery_observability_ms,0.001
size-scaling-k75-c300-n7000000-f32-k75-c300-fanout_f32_l16-merkle-r4,79d5cd8b93f97e2feff3a255058876ca4087cfbafcee6a55de42e8e37d57ccc5,merkle,recovery_orchestration_ms,1.656
size-scaling-k75-c300-n7000000-f32-k75-c300-fanout_f32_l16-merkle-r4,79d5cd8b93f97e2feff3a255058876ca4087cfbafcee6a55de42e8e37d57ccc5,merkle,audit_exact_table_compare_ms,25269.290
size-scaling-k75-c300-n7000000-f32-k75-c300-fanout_f32_l16-merkle-r4,79d5cd8b93f97e2feff3a255058876ca4087cfbafcee6a55de42e8e37d57ccc5,merkle,audit_merkle_root_hash_ms,1.299
size-scaling-k75-c300-n7000000-f32-k75-c300-fanout_f32_l16-merkle-r4,79d5cd8b93f97e2feff3a255058876ca4087cfbafcee6a55de42e8e37d57ccc5,merkle,audit_merkle_verify_ms,21258.972
size-scaling-k75-c300-n7000000-f32-k75-c300-fanout_f32_l16-merkle-r4,79d5cd8b93f97e2feff3a255058876ca4087cfbafcee6a55de42e8e37d57ccc5,merkle,audit_schema_fidelity_ms,2.206
size-scaling-k75-c300-n7000000-f32-k75-c300-fanout_f32_l16-merkle-r4,79d5cd8b93f97e2feff3a255058876ca4087cfbafcee6a55de42e8e37d57ccc5,merkle,merkle_total_ms,49550.902
size-scaling-k75-c300-n7000000-f32-k75-c300-fanout_f32_l16-merkle-r5,79d5cd8b93f97e2feff3a255058876ca4087cfbafcee6a55de42e8e37d57ccc5,merkle,tree_localisation_ms,167.197
size-scaling-k75-c300-n7000000-f32-k75-c300-fanout_f32_l16-merkle-r5,79d5cd8b93f97e2feff3a255058876ca4087cfbafcee6a55de42e8e37d57ccc5,merkle,candidate_row_fetch_ms,33.836
size-scaling-k75-c300-n7000000-f32-k75-c300-fanout_f32_l16-merkle-r5,79d5cd8b93f97e2feff3a255058876ca4087cfbafcee6a55de42e8e37d57ccc5,merkle,row_comparison_ms,1.368
size-scaling-k75-c300-n7000000-f32-k75-c300-fanout_f32_l16-merkle-r5,79d5cd8b93f97e2feff3a255058876ca4087cfbafcee6a55de42e8e37d57ccc5,merkle,repair_sql_building_ms,0.583
size-scaling-k75-c300-n7000000-f32-k75-c300-fanout_f32_l16-merkle-r5,79d5cd8b93f97e2feff3a255058876ca4087cfbafcee6a55de42e8e37d57ccc5,merkle,repair_dml_wire_ms,17.138
size-scaling-k75-c300-n7000000-f32-k75-c300-fanout_f32_l16-merkle-r5,79d5cd8b93f97e2feff3a255058876ca4087cfbafcee6a55de42e8e37d57ccc5,merkle,repair_commit_wire_ms,7.894
size-scaling-k75-c300-n7000000-f32-k75-c300-fanout_f32_l16-merkle-r5,79d5cd8b93f97e2feff3a255058876ca4087cfbafcee6a55de42e8e37d57ccc5,merkle,repair_begin_wire_ms,0.122
size-scaling-k75-c300-n7000000-f32-k75-c300-fanout_f32_l16-merkle-r5,79d5cd8b93f97e2feff3a255058876ca4087cfbafcee6a55de42e8e37d57ccc5,merkle,repair_transaction_block_ms,25.795
size-scaling-k75-c300-n7000000-f32-k75-c300-fanout_f32_l16-merkle-r5,79d5cd8b93f97e2feff3a255058876ca4087cfbafcee6a55de42e8e37d57ccc5,merkle,repair_write_ms,25.799
size-scaling-k75-c300-n7000000-f32-k75-c300-fanout_f32_l16-merkle-r5,79d5cd8b93f97e2feff3a255058876ca4087cfbafcee6a55de42e8e37d57ccc5,merkle,targeted_post_repair_confirmation_ms,3.611
size-scaling-k75-c300-n7000000-f32-k75-c300-fanout_f32_l16-merkle-r5,79d5cd8b93f97e2feff3a255058876ca4087cfbafcee6a55de42e8e37d57ccc5,merkle,recovery_observability_ms,0.001
size-scaling-k75-c300-n7000000-f32-k75-c300-fanout_f32_l16-merkle-r5,79d5cd8b93f97e2feff3a255058876ca4087cfbafcee6a55de42e8e37d57ccc5,merkle,recovery_orchestration_ms,1.714
size-scaling-k75-c300-n7000000-f32-k75-c300-fanout_f32_l16-merkle-r5,79d5cd8b93f97e2feff3a255058876ca4087cfbafcee6a55de42e8e37d57ccc5,merkle,audit_exact_table_compare_ms,25537.272
size-scaling-k75-c300-n7000000-f32-k75-c300-fanout_f32_l16-merkle-r5,79d5cd8b93f97e2feff3a255058876ca4087cfbafcee6a55de42e8e37d57ccc5,merkle,audit_merkle_root_hash_ms,1.317
size-scaling-k75-c300-n7000000-f32-k75-c300-fanout_f32_l16-merkle-r5,79d5cd8b93f97e2feff3a255058876ca4087cfbafcee6a55de42e8e37d57ccc5,merkle,audit_merkle_verify_ms,21212.357
size-scaling-k75-c300-n7000000-f32-k75-c300-fanout_f32_l16-merkle-r5,79d5cd8b93f97e2feff3a255058876ca4087cfbafcee6a55de42e8e37d57ccc5,merkle,audit_schema_fidelity_ms,2.212
size-scaling-k75-c300-n7000000-f32-k75-c300-fanout_f32_l16-merkle-r5,79d5cd8b93f97e2feff3a255058876ca4087cfbafcee6a55de42e8e37d57ccc5,merkle,merkle_total_ms,49766.281
size-scaling-k75-c300-n7000000-f32-k75-c300-fanout_f32_l16-merkle-r6,79d5cd8b93f97e2feff3a255058876ca4087cfbafcee6a55de42e8e37d57ccc5,merkle,tree_localisation_ms,160.476
size-scaling-k75-c300-n7000000-f32-k75-c300-fanout_f32_l16-merkle-r6,79d5cd8b93f97e2feff3a255058876ca4087cfbafcee6a55de42e8e37d57ccc5,merkle,candidate_row_fetch_ms,33.806
size-scaling-k75-c300-n7000000-f32-k75-c300-fanout_f32_l16-merkle-r6,79d5cd8b93f97e2feff3a255058876ca4087cfbafcee6a55de42e8e37d57ccc5,merkle,row_comparison_ms,1.360
size-scaling-k75-c300-n7000000-f32-k75-c300-fanout_f32_l16-merkle-r6,79d5cd8b93f97e2feff3a255058876ca4087cfbafcee6a55de42e8e37d57ccc5,merkle,repair_sql_building_ms,0.584
size-scaling-k75-c300-n7000000-f32-k75-c300-fanout_f32_l16-merkle-r6,79d5cd8b93f97e2feff3a255058876ca4087cfbafcee6a55de42e8e37d57ccc5,merkle,repair_dml_wire_ms,17.012
size-scaling-k75-c300-n7000000-f32-k75-c300-fanout_f32_l16-merkle-r6,79d5cd8b93f97e2feff3a255058876ca4087cfbafcee6a55de42e8e37d57ccc5,merkle,repair_commit_wire_ms,7.902
size-scaling-k75-c300-n7000000-f32-k75-c300-fanout_f32_l16-merkle-r6,79d5cd8b93f97e2feff3a255058876ca4087cfbafcee6a55de42e8e37d57ccc5,merkle,repair_begin_wire_ms,0.153
size-scaling-k75-c300-n7000000-f32-k75-c300-fanout_f32_l16-merkle-r6,79d5cd8b93f97e2feff3a255058876ca4087cfbafcee6a55de42e8e37d57ccc5,merkle,repair_transaction_block_ms,25.709
size-scaling-k75-c300-n7000000-f32-k75-c300-fanout_f32_l16-merkle-r6,79d5cd8b93f97e2feff3a255058876ca4087cfbafcee6a55de42e8e37d57ccc5,merkle,repair_write_ms,25.714
size-scaling-k75-c300-n7000000-f32-k75-c300-fanout_f32_l16-merkle-r6,79d5cd8b93f97e2feff3a255058876ca4087cfbafcee6a55de42e8e37d57ccc5,merkle,targeted_post_repair_confirmation_ms,3.558
size-scaling-k75-c300-n7000000-f32-k75-c300-fanout_f32_l16-merkle-r6,79d5cd8b93f97e2feff3a255058876ca4087cfbafcee6a55de42e8e37d57ccc5,merkle,recovery_observability_ms,0.001
size-scaling-k75-c300-n7000000-f32-k75-c300-fanout_f32_l16-merkle-r6,79d5cd8b93f97e2feff3a255058876ca4087cfbafcee6a55de42e8e37d57ccc5,merkle,recovery_orchestration_ms,1.689
size-scaling-k75-c300-n7000000-f32-k75-c300-fanout_f32_l16-merkle-r6,79d5cd8b93f97e2feff3a255058876ca4087cfbafcee6a55de42e8e37d57ccc5,merkle,audit_exact_table_compare_ms,25333.094
size-scaling-k75-c300-n7000000-f32-k75-c300-fanout_f32_l16-merkle-r6,79d5cd8b93f97e2feff3a255058876ca4087cfbafcee6a55de42e8e37d57ccc5,merkle,audit_merkle_root_hash_ms,1.313
size-scaling-k75-c300-n7000000-f32-k75-c300-fanout_f32_l16-merkle-r6,79d5cd8b93f97e2feff3a255058876ca4087cfbafcee6a55de42e8e37d57ccc5,merkle,audit_merkle_verify_ms,21183.423
size-scaling-k75-c300-n7000000-f32-k75-c300-fanout_f32_l16-merkle-r6,79d5cd8b93f97e2feff3a255058876ca4087cfbafcee6a55de42e8e37d57ccc5,merkle,audit_schema_fidelity_ms,2.192
size-scaling-k75-c300-n7000000-f32-k75-c300-fanout_f32_l16-merkle-r6,79d5cd8b93f97e2feff3a255058876ca4087cfbafcee6a55de42e8e37d57ccc5,merkle,merkle_total_ms,49526.408
size-scaling-k75-c300-n7000000-f32-k75-c300-fanout_f32_l16-merkle-r7,79d5cd8b93f97e2feff3a255058876ca4087cfbafcee6a55de42e8e37d57ccc5,merkle,tree_localisation_ms,173.677
size-scaling-k75-c300-n7000000-f32-k75-c300-fanout_f32_l16-merkle-r7,79d5cd8b93f97e2feff3a255058876ca4087cfbafcee6a55de42e8e37d57ccc5,merkle,candidate_row_fetch_ms,34.124
size-scaling-k75-c300-n7000000-f32-k75-c300-fanout_f32_l16-merkle-r7,79d5cd8b93f97e2feff3a255058876ca4087cfbafcee6a55de42e8e37d57ccc5,merkle,row_comparison_ms,1.343
size-scaling-k75-c300-n7000000-f32-k75-c300-fanout_f32_l16-merkle-r7,79d5cd8b93f97e2feff3a255058876ca4087cfbafcee6a55de42e8e37d57ccc5,merkle,repair_sql_building_ms,0.596
size-scaling-k75-c300-n7000000-f32-k75-c300-fanout_f32_l16-merkle-r7,79d5cd8b93f97e2feff3a255058876ca4087cfbafcee6a55de42e8e37d57ccc5,merkle,repair_dml_wire_ms,17.031
size-scaling-k75-c300-n7000000-f32-k75-c300-fanout_f32_l16-merkle-r7,79d5cd8b93f97e2feff3a255058876ca4087cfbafcee6a55de42e8e37d57ccc5,merkle,repair_commit_wire_ms,7.904
size-scaling-k75-c300-n7000000-f32-k75-c300-fanout_f32_l16-merkle-r7,79d5cd8b93f97e2feff3a255058876ca4087cfbafcee6a55de42e8e37d57ccc5,merkle,repair_begin_wire_ms,0.165
size-scaling-k75-c300-n7000000-f32-k75-c300-fanout_f32_l16-merkle-r7,79d5cd8b93f97e2feff3a255058876ca4087cfbafcee6a55de42e8e37d57ccc5,merkle,repair_transaction_block_ms,25.754
size-scaling-k75-c300-n7000000-f32-k75-c300-fanout_f32_l16-merkle-r7,79d5cd8b93f97e2feff3a255058876ca4087cfbafcee6a55de42e8e37d57ccc5,merkle,repair_write_ms,25.759
size-scaling-k75-c300-n7000000-f32-k75-c300-fanout_f32_l16-merkle-r7,79d5cd8b93f97e2feff3a255058876ca4087cfbafcee6a55de42e8e37d57ccc5,merkle,targeted_post_repair_confirmation_ms,3.555
size-scaling-k75-c300-n7000000-f32-k75-c300-fanout_f32_l16-merkle-r7,79d5cd8b93f97e2feff3a255058876ca4087cfbafcee6a55de42e8e37d57ccc5,merkle,recovery_observability_ms,0.001
size-scaling-k75-c300-n7000000-f32-k75-c300-fanout_f32_l16-merkle-r7,79d5cd8b93f97e2feff3a255058876ca4087cfbafcee6a55de42e8e37d57ccc5,merkle,recovery_orchestration_ms,1.674
size-scaling-k75-c300-n7000000-f32-k75-c300-fanout_f32_l16-merkle-r7,79d5cd8b93f97e2feff3a255058876ca4087cfbafcee6a55de42e8e37d57ccc5,merkle,audit_exact_table_compare_ms,25526.277
size-scaling-k75-c300-n7000000-f32-k75-c300-fanout_f32_l16-merkle-r7,79d5cd8b93f97e2feff3a255058876ca4087cfbafcee6a55de42e8e37d57ccc5,merkle,audit_merkle_root_hash_ms,1.408
size-scaling-k75-c300-n7000000-f32-k75-c300-fanout_f32_l16-merkle-r7,79d5cd8b93f97e2feff3a255058876ca4087cfbafcee6a55de42e8e37d57ccc5,merkle,audit_merkle_verify_ms,21225.068
size-scaling-k75-c300-n7000000-f32-k75-c300-fanout_f32_l16-merkle-r7,79d5cd8b93f97e2feff3a255058876ca4087cfbafcee6a55de42e8e37d57ccc5,merkle,audit_schema_fidelity_ms,2.172
size-scaling-k75-c300-n7000000-f32-k75-c300-fanout_f32_l16-merkle-r7,79d5cd8b93f97e2feff3a255058876ca4087cfbafcee6a55de42e8e37d57ccc5,merkle,merkle_total_ms,49775.523
size-scaling-k75-c300-n7000000-f32-k75-c300-fanout_f32_l16-merkle-r8,79d5cd8b93f97e2feff3a255058876ca4087cfbafcee6a55de42e8e37d57ccc5,merkle,tree_localisation_ms,178.804
size-scaling-k75-c300-n7000000-f32-k75-c300-fanout_f32_l16-merkle-r8,79d5cd8b93f97e2feff3a255058876ca4087cfbafcee6a55de42e8e37d57ccc5,merkle,candidate_row_fetch_ms,34.383
size-scaling-k75-c300-n7000000-f32-k75-c300-fanout_f32_l16-merkle-r8,79d5cd8b93f97e2feff3a255058876ca4087cfbafcee6a55de42e8e37d57ccc5,merkle,row_comparison_ms,1.359
size-scaling-k75-c300-n7000000-f32-k75-c300-fanout_f32_l16-merkle-r8,79d5cd8b93f97e2feff3a255058876ca4087cfbafcee6a55de42e8e37d57ccc5,merkle,repair_sql_building_ms,0.590
size-scaling-k75-c300-n7000000-f32-k75-c300-fanout_f32_l16-merkle-r8,79d5cd8b93f97e2feff3a255058876ca4087cfbafcee6a55de42e8e37d57ccc5,merkle,repair_dml_wire_ms,16.861
size-scaling-k75-c300-n7000000-f32-k75-c300-fanout_f32_l16-merkle-r8,79d5cd8b93f97e2feff3a255058876ca4087cfbafcee6a55de42e8e37d57ccc5,merkle,repair_commit_wire_ms,7.921
size-scaling-k75-c300-n7000000-f32-k75-c300-fanout_f32_l16-merkle-r8,79d5cd8b93f97e2feff3a255058876ca4087cfbafcee6a55de42e8e37d57ccc5,merkle,repair_begin_wire_ms,0.121
size-scaling-k75-c300-n7000000-f32-k75-c300-fanout_f32_l16-merkle-r8,79d5cd8b93f97e2feff3a255058876ca4087cfbafcee6a55de42e8e37d57ccc5,merkle,repair_transaction_block_ms,25.549
size-scaling-k75-c300-n7000000-f32-k75-c300-fanout_f32_l16-merkle-r8,79d5cd8b93f97e2feff3a255058876ca4087cfbafcee6a55de42e8e37d57ccc5,merkle,repair_write_ms,25.553
size-scaling-k75-c300-n7000000-f32-k75-c300-fanout_f32_l16-merkle-r8,79d5cd8b93f97e2feff3a255058876ca4087cfbafcee6a55de42e8e37d57ccc5,merkle,targeted_post_repair_confirmation_ms,3.547
size-scaling-k75-c300-n7000000-f32-k75-c300-fanout_f32_l16-merkle-r8,79d5cd8b93f97e2feff3a255058876ca4087cfbafcee6a55de42e8e37d57ccc5,merkle,recovery_observability_ms,0.001
size-scaling-k75-c300-n7000000-f32-k75-c300-fanout_f32_l16-merkle-r8,79d5cd8b93f97e2feff3a255058876ca4087cfbafcee6a55de42e8e37d57ccc5,merkle,recovery_orchestration_ms,1.644
size-scaling-k75-c300-n7000000-f32-k75-c300-fanout_f32_l16-merkle-r8,79d5cd8b93f97e2feff3a255058876ca4087cfbafcee6a55de42e8e37d57ccc5,merkle,audit_exact_table_compare_ms,25240.884
size-scaling-k75-c300-n7000000-f32-k75-c300-fanout_f32_l16-merkle-r8,79d5cd8b93f97e2feff3a255058876ca4087cfbafcee6a55de42e8e37d57ccc5,merkle,audit_merkle_root_hash_ms,1.297
size-scaling-k75-c300-n7000000-f32-k75-c300-fanout_f32_l16-merkle-r8,79d5cd8b93f97e2feff3a255058876ca4087cfbafcee6a55de42e8e37d57ccc5,merkle,audit_merkle_verify_ms,21188.260
size-scaling-k75-c300-n7000000-f32-k75-c300-fanout_f32_l16-merkle-r8,79d5cd8b93f97e2feff3a255058876ca4087cfbafcee6a55de42e8e37d57ccc5,merkle,audit_schema_fidelity_ms,2.198
size-scaling-k75-c300-n7000000-f32-k75-c300-fanout_f32_l16-merkle-r8,79d5cd8b93f97e2feff3a255058876ca4087cfbafcee6a55de42e8e37d57ccc5,merkle,merkle_total_ms,49458.461
size-scaling-k75-c300-n7000000-f32-k75-c300-fanout_f32_l16-merkle-r9,79d5cd8b93f97e2feff3a255058876ca4087cfbafcee6a55de42e8e37d57ccc5,merkle,tree_localisation_ms,160.576
size-scaling-k75-c300-n7000000-f32-k75-c300-fanout_f32_l16-merkle-r9,79d5cd8b93f97e2feff3a255058876ca4087cfbafcee6a55de42e8e37d57ccc5,merkle,candidate_row_fetch_ms,34.587
size-scaling-k75-c300-n7000000-f32-k75-c300-fanout_f32_l16-merkle-r9,79d5cd8b93f97e2feff3a255058876ca4087cfbafcee6a55de42e8e37d57ccc5,merkle,row_comparison_ms,1.369
size-scaling-k75-c300-n7000000-f32-k75-c300-fanout_f32_l16-merkle-r9,79d5cd8b93f97e2feff3a255058876ca4087cfbafcee6a55de42e8e37d57ccc5,merkle,repair_sql_building_ms,0.570
size-scaling-k75-c300-n7000000-f32-k75-c300-fanout_f32_l16-merkle-r9,79d5cd8b93f97e2feff3a255058876ca4087cfbafcee6a55de42e8e37d57ccc5,merkle,repair_dml_wire_ms,17.265
size-scaling-k75-c300-n7000000-f32-k75-c300-fanout_f32_l16-merkle-r9,79d5cd8b93f97e2feff3a255058876ca4087cfbafcee6a55de42e8e37d57ccc5,merkle,repair_commit_wire_ms,7.880
size-scaling-k75-c300-n7000000-f32-k75-c300-fanout_f32_l16-merkle-r9,79d5cd8b93f97e2feff3a255058876ca4087cfbafcee6a55de42e8e37d57ccc5,merkle,repair_begin_wire_ms,0.161
size-scaling-k75-c300-n7000000-f32-k75-c300-fanout_f32_l16-merkle-r9,79d5cd8b93f97e2feff3a255058876ca4087cfbafcee6a55de42e8e37d57ccc5,merkle,repair_transaction_block_ms,25.935
size-scaling-k75-c300-n7000000-f32-k75-c300-fanout_f32_l16-merkle-r9,79d5cd8b93f97e2feff3a255058876ca4087cfbafcee6a55de42e8e37d57ccc5,merkle,repair_write_ms,25.940
size-scaling-k75-c300-n7000000-f32-k75-c300-fanout_f32_l16-merkle-r9,79d5cd8b93f97e2feff3a255058876ca4087cfbafcee6a55de42e8e37d57ccc5,merkle,targeted_post_repair_confirmation_ms,3.526
size-scaling-k75-c300-n7000000-f32-k75-c300-fanout_f32_l16-merkle-r9,79d5cd8b93f97e2feff3a255058876ca4087cfbafcee6a55de42e8e37d57ccc5,merkle,recovery_observability_ms,0.001
size-scaling-k75-c300-n7000000-f32-k75-c300-fanout_f32_l16-merkle-r9,79d5cd8b93f97e2feff3a255058876ca4087cfbafcee6a55de42e8e37d57ccc5,merkle,recovery_orchestration_ms,1.668
size-scaling-k75-c300-n7000000-f32-k75-c300-fanout_f32_l16-merkle-r9,79d5cd8b93f97e2feff3a255058876ca4087cfbafcee6a55de42e8e37d57ccc5,merkle,audit_exact_table_compare_ms,25586.571
size-scaling-k75-c300-n7000000-f32-k75-c300-fanout_f32_l16-merkle-r9,79d5cd8b93f97e2feff3a255058876ca4087cfbafcee6a55de42e8e37d57ccc5,merkle,audit_merkle_root_hash_ms,1.285
size-scaling-k75-c300-n7000000-f32-k75-c300-fanout_f32_l16-merkle-r9,79d5cd8b93f97e2feff3a255058876ca4087cfbafcee6a55de42e8e37d57ccc5,merkle,audit_merkle_verify_ms,21311.560
size-scaling-k75-c300-n7000000-f32-k75-c300-fanout_f32_l16-merkle-r9,79d5cd8b93f97e2feff3a255058876ca4087cfbafcee6a55de42e8e37d57ccc5,merkle,audit_schema_fidelity_ms,2.095
size-scaling-k75-c300-n7000000-f32-k75-c300-fanout_f32_l16-merkle-r9,79d5cd8b93f97e2feff3a255058876ca4087cfbafcee6a55de42e8e37d57ccc5,merkle,merkle_total_ms,49909.228
size-scaling-k75-c300-n1000000-f32-k75-c300-fanout_f32_l16-merkle-r0,c5fc952a36af75b4db405eca4f8916c3f048f1b32bf7b4384ad00a7c39388ea3,merkle,tree_localisation_ms,122.011
size-scaling-k75-c300-n1000000-f32-k75-c300-fanout_f32_l16-merkle-r0,c5fc952a36af75b4db405eca4f8916c3f048f1b32bf7b4384ad00a7c39388ea3,merkle,candidate_row_fetch_ms,18.072
size-scaling-k75-c300-n1000000-f32-k75-c300-fanout_f32_l16-merkle-r0,c5fc952a36af75b4db405eca4f8916c3f048f1b32bf7b4384ad00a7c39388ea3,merkle,row_comparison_ms,0.652
size-scaling-k75-c300-n1000000-f32-k75-c300-fanout_f32_l16-merkle-r0,c5fc952a36af75b4db405eca4f8916c3f048f1b32bf7b4384ad00a7c39388ea3,merkle,repair_sql_building_ms,0.567
size-scaling-k75-c300-n1000000-f32-k75-c300-fanout_f32_l16-merkle-r0,c5fc952a36af75b4db405eca4f8916c3f048f1b32bf7b4384ad00a7c39388ea3,merkle,repair_dml_wire_ms,17.533
size-scaling-k75-c300-n1000000-f32-k75-c300-fanout_f32_l16-merkle-r0,c5fc952a36af75b4db405eca4f8916c3f048f1b32bf7b4384ad00a7c39388ea3,merkle,repair_commit_wire_ms,7.385
size-scaling-k75-c300-n1000000-f32-k75-c300-fanout_f32_l16-merkle-r0,c5fc952a36af75b4db405eca4f8916c3f048f1b32bf7b4384ad00a7c39388ea3,merkle,repair_begin_wire_ms,0.118
size-scaling-k75-c300-n1000000-f32-k75-c300-fanout_f32_l16-merkle-r0,c5fc952a36af75b4db405eca4f8916c3f048f1b32bf7b4384ad00a7c39388ea3,merkle,repair_transaction_block_ms,25.677
size-scaling-k75-c300-n1000000-f32-k75-c300-fanout_f32_l16-merkle-r0,c5fc952a36af75b4db405eca4f8916c3f048f1b32bf7b4384ad00a7c39388ea3,merkle,repair_write_ms,25.682
size-scaling-k75-c300-n1000000-f32-k75-c300-fanout_f32_l16-merkle-r0,c5fc952a36af75b4db405eca4f8916c3f048f1b32bf7b4384ad00a7c39388ea3,merkle,targeted_post_repair_confirmation_ms,3.450
size-scaling-k75-c300-n1000000-f32-k75-c300-fanout_f32_l16-merkle-r0,c5fc952a36af75b4db405eca4f8916c3f048f1b32bf7b4384ad00a7c39388ea3,merkle,recovery_observability_ms,0.001
size-scaling-k75-c300-n1000000-f32-k75-c300-fanout_f32_l16-merkle-r0,c5fc952a36af75b4db405eca4f8916c3f048f1b32bf7b4384ad00a7c39388ea3,merkle,recovery_orchestration_ms,1.465
size-scaling-k75-c300-n1000000-f32-k75-c300-fanout_f32_l16-merkle-r0,c5fc952a36af75b4db405eca4f8916c3f048f1b32bf7b4384ad00a7c39388ea3,merkle,audit_exact_table_compare_ms,4259.254
size-scaling-k75-c300-n1000000-f32-k75-c300-fanout_f32_l16-merkle-r0,c5fc952a36af75b4db405eca4f8916c3f048f1b32bf7b4384ad00a7c39388ea3,merkle,audit_merkle_root_hash_ms,1.283
size-scaling-k75-c300-n1000000-f32-k75-c300-fanout_f32_l16-merkle-r0,c5fc952a36af75b4db405eca4f8916c3f048f1b32bf7b4384ad00a7c39388ea3,merkle,audit_merkle_verify_ms,3068.752
size-scaling-k75-c300-n1000000-f32-k75-c300-fanout_f32_l16-merkle-r0,c5fc952a36af75b4db405eca4f8916c3f048f1b32bf7b4384ad00a7c39388ea3,merkle,audit_schema_fidelity_ms,2.057
size-scaling-k75-c300-n1000000-f32-k75-c300-fanout_f32_l16-merkle-r0,c5fc952a36af75b4db405eca4f8916c3f048f1b32bf7b4384ad00a7c39388ea3,merkle,merkle_total_ms,10334.739
size-scaling-k75-c300-n1000000-f32-k75-c300-fanout_f32_l16-merkle-r1,c5fc952a36af75b4db405eca4f8916c3f048f1b32bf7b4384ad00a7c39388ea3,merkle,tree_localisation_ms,121.797
size-scaling-k75-c300-n1000000-f32-k75-c300-fanout_f32_l16-merkle-r1,c5fc952a36af75b4db405eca4f8916c3f048f1b32bf7b4384ad00a7c39388ea3,merkle,candidate_row_fetch_ms,18.161
size-scaling-k75-c300-n1000000-f32-k75-c300-fanout_f32_l16-merkle-r1,c5fc952a36af75b4db405eca4f8916c3f048f1b32bf7b4384ad00a7c39388ea3,merkle,row_comparison_ms,0.631
size-scaling-k75-c300-n1000000-f32-k75-c300-fanout_f32_l16-merkle-r1,c5fc952a36af75b4db405eca4f8916c3f048f1b32bf7b4384ad00a7c39388ea3,merkle,repair_sql_building_ms,0.569
size-scaling-k75-c300-n1000000-f32-k75-c300-fanout_f32_l16-merkle-r1,c5fc952a36af75b4db405eca4f8916c3f048f1b32bf7b4384ad00a7c39388ea3,merkle,repair_dml_wire_ms,17.389
size-scaling-k75-c300-n1000000-f32-k75-c300-fanout_f32_l16-merkle-r1,c5fc952a36af75b4db405eca4f8916c3f048f1b32bf7b4384ad00a7c39388ea3,merkle,repair_commit_wire_ms,7.299
size-scaling-k75-c300-n1000000-f32-k75-c300-fanout_f32_l16-merkle-r1,c5fc952a36af75b4db405eca4f8916c3f048f1b32bf7b4384ad00a7c39388ea3,merkle,repair_begin_wire_ms,0.113
size-scaling-k75-c300-n1000000-f32-k75-c300-fanout_f32_l16-merkle-r1,c5fc952a36af75b4db405eca4f8916c3f048f1b32bf7b4384ad00a7c39388ea3,merkle,repair_transaction_block_ms,25.427
size-scaling-k75-c300-n1000000-f32-k75-c300-fanout_f32_l16-merkle-r1,c5fc952a36af75b4db405eca4f8916c3f048f1b32bf7b4384ad00a7c39388ea3,merkle,repair_write_ms,25.432
size-scaling-k75-c300-n1000000-f32-k75-c300-fanout_f32_l16-merkle-r1,c5fc952a36af75b4db405eca4f8916c3f048f1b32bf7b4384ad00a7c39388ea3,merkle,targeted_post_repair_confirmation_ms,3.457
size-scaling-k75-c300-n1000000-f32-k75-c300-fanout_f32_l16-merkle-r1,c5fc952a36af75b4db405eca4f8916c3f048f1b32bf7b4384ad00a7c39388ea3,merkle,recovery_observability_ms,0.001
size-scaling-k75-c300-n1000000-f32-k75-c300-fanout_f32_l16-merkle-r1,c5fc952a36af75b4db405eca4f8916c3f048f1b32bf7b4384ad00a7c39388ea3,merkle,recovery_orchestration_ms,1.475
size-scaling-k75-c300-n1000000-f32-k75-c300-fanout_f32_l16-merkle-r1,c5fc952a36af75b4db405eca4f8916c3f048f1b32bf7b4384ad00a7c39388ea3,merkle,audit_exact_table_compare_ms,4269.189
size-scaling-k75-c300-n1000000-f32-k75-c300-fanout_f32_l16-merkle-r1,c5fc952a36af75b4db405eca4f8916c3f048f1b32bf7b4384ad00a7c39388ea3,merkle,audit_merkle_root_hash_ms,1.215
size-scaling-k75-c300-n1000000-f32-k75-c300-fanout_f32_l16-merkle-r1,c5fc952a36af75b4db405eca4f8916c3f048f1b32bf7b4384ad00a7c39388ea3,merkle,audit_merkle_verify_ms,3062.266
size-scaling-k75-c300-n1000000-f32-k75-c300-fanout_f32_l16-merkle-r1,c5fc952a36af75b4db405eca4f8916c3f048f1b32bf7b4384ad00a7c39388ea3,merkle,audit_schema_fidelity_ms,2.178
size-scaling-k75-c300-n1000000-f32-k75-c300-fanout_f32_l16-merkle-r1,c5fc952a36af75b4db405eca4f8916c3f048f1b32bf7b4384ad00a7c39388ea3,merkle,merkle_total_ms,10337.553
size-scaling-k75-c300-n1000000-f32-k75-c300-fanout_f32_l16-merkle-r2,c5fc952a36af75b4db405eca4f8916c3f048f1b32bf7b4384ad00a7c39388ea3,merkle,tree_localisation_ms,123.973
size-scaling-k75-c300-n1000000-f32-k75-c300-fanout_f32_l16-merkle-r2,c5fc952a36af75b4db405eca4f8916c3f048f1b32bf7b4384ad00a7c39388ea3,merkle,candidate_row_fetch_ms,18.257
size-scaling-k75-c300-n1000000-f32-k75-c300-fanout_f32_l16-merkle-r2,c5fc952a36af75b4db405eca4f8916c3f048f1b32bf7b4384ad00a7c39388ea3,merkle,row_comparison_ms,0.637
size-scaling-k75-c300-n1000000-f32-k75-c300-fanout_f32_l16-merkle-r2,c5fc952a36af75b4db405eca4f8916c3f048f1b32bf7b4384ad00a7c39388ea3,merkle,repair_sql_building_ms,0.584
size-scaling-k75-c300-n1000000-f32-k75-c300-fanout_f32_l16-merkle-r2,c5fc952a36af75b4db405eca4f8916c3f048f1b32bf7b4384ad00a7c39388ea3,merkle,repair_dml_wire_ms,17.205
size-scaling-k75-c300-n1000000-f32-k75-c300-fanout_f32_l16-merkle-r2,c5fc952a36af75b4db405eca4f8916c3f048f1b32bf7b4384ad00a7c39388ea3,merkle,repair_commit_wire_ms,7.290
size-scaling-k75-c300-n1000000-f32-k75-c300-fanout_f32_l16-merkle-r2,c5fc952a36af75b4db405eca4f8916c3f048f1b32bf7b4384ad00a7c39388ea3,merkle,repair_begin_wire_ms,0.112
size-scaling-k75-c300-n1000000-f32-k75-c300-fanout_f32_l16-merkle-r2,c5fc952a36af75b4db405eca4f8916c3f048f1b32bf7b4384ad00a7c39388ea3,merkle,repair_transaction_block_ms,25.249
size-scaling-k75-c300-n1000000-f32-k75-c300-fanout_f32_l16-merkle-r2,c5fc952a36af75b4db405eca4f8916c3f048f1b32bf7b4384ad00a7c39388ea3,merkle,repair_write_ms,25.253
size-scaling-k75-c300-n1000000-f32-k75-c300-fanout_f32_l16-merkle-r2,c5fc952a36af75b4db405eca4f8916c3f048f1b32bf7b4384ad00a7c39388ea3,merkle,targeted_post_repair_confirmation_ms,3.506
size-scaling-k75-c300-n1000000-f32-k75-c300-fanout_f32_l16-merkle-r2,c5fc952a36af75b4db405eca4f8916c3f048f1b32bf7b4384ad00a7c39388ea3,merkle,recovery_observability_ms,0.001
size-scaling-k75-c300-n1000000-f32-k75-c300-fanout_f32_l16-merkle-r2,c5fc952a36af75b4db405eca4f8916c3f048f1b32bf7b4384ad00a7c39388ea3,merkle,recovery_orchestration_ms,1.446
size-scaling-k75-c300-n1000000-f32-k75-c300-fanout_f32_l16-merkle-r2,c5fc952a36af75b4db405eca4f8916c3f048f1b32bf7b4384ad00a7c39388ea3,merkle,audit_exact_table_compare_ms,4262.983
size-scaling-k75-c300-n1000000-f32-k75-c300-fanout_f32_l16-merkle-r2,c5fc952a36af75b4db405eca4f8916c3f048f1b32bf7b4384ad00a7c39388ea3,merkle,audit_merkle_root_hash_ms,1.255
size-scaling-k75-c300-n1000000-f32-k75-c300-fanout_f32_l16-merkle-r2,c5fc952a36af75b4db405eca4f8916c3f048f1b32bf7b4384ad00a7c39388ea3,merkle,audit_merkle_verify_ms,3055.247
size-scaling-k75-c300-n1000000-f32-k75-c300-fanout_f32_l16-merkle-r2,c5fc952a36af75b4db405eca4f8916c3f048f1b32bf7b4384ad00a7c39388ea3,merkle,audit_schema_fidelity_ms,2.180
size-scaling-k75-c300-n1000000-f32-k75-c300-fanout_f32_l16-merkle-r2,c5fc952a36af75b4db405eca4f8916c3f048f1b32bf7b4384ad00a7c39388ea3,merkle,merkle_total_ms,10327.574
size-scaling-k75-c300-n1000000-f32-k75-c300-fanout_f32_l16-merkle-r3,c5fc952a36af75b4db405eca4f8916c3f048f1b32bf7b4384ad00a7c39388ea3,merkle,tree_localisation_ms,122.413
size-scaling-k75-c300-n1000000-f32-k75-c300-fanout_f32_l16-merkle-r3,c5fc952a36af75b4db405eca4f8916c3f048f1b32bf7b4384ad00a7c39388ea3,merkle,candidate_row_fetch_ms,18.672
size-scaling-k75-c300-n1000000-f32-k75-c300-fanout_f32_l16-merkle-r3,c5fc952a36af75b4db405eca4f8916c3f048f1b32bf7b4384ad00a7c39388ea3,merkle,row_comparison_ms,0.659
size-scaling-k75-c300-n1000000-f32-k75-c300-fanout_f32_l16-merkle-r3,c5fc952a36af75b4db405eca4f8916c3f048f1b32bf7b4384ad00a7c39388ea3,merkle,repair_sql_building_ms,0.554
size-scaling-k75-c300-n1000000-f32-k75-c300-fanout_f32_l16-merkle-r3,c5fc952a36af75b4db405eca4f8916c3f048f1b32bf7b4384ad00a7c39388ea3,merkle,repair_dml_wire_ms,17.217
size-scaling-k75-c300-n1000000-f32-k75-c300-fanout_f32_l16-merkle-r3,c5fc952a36af75b4db405eca4f8916c3f048f1b32bf7b4384ad00a7c39388ea3,merkle,repair_commit_wire_ms,7.406
size-scaling-k75-c300-n1000000-f32-k75-c300-fanout_f32_l16-merkle-r3,c5fc952a36af75b4db405eca4f8916c3f048f1b32bf7b4384ad00a7c39388ea3,merkle,repair_begin_wire_ms,0.122
size-scaling-k75-c300-n1000000-f32-k75-c300-fanout_f32_l16-merkle-r3,c5fc952a36af75b4db405eca4f8916c3f048f1b32bf7b4384ad00a7c39388ea3,merkle,repair_transaction_block_ms,25.355
size-scaling-k75-c300-n1000000-f32-k75-c300-fanout_f32_l16-merkle-r3,c5fc952a36af75b4db405eca4f8916c3f048f1b32bf7b4384ad00a7c39388ea3,merkle,repair_write_ms,25.359
size-scaling-k75-c300-n1000000-f32-k75-c300-fanout_f32_l16-merkle-r3,c5fc952a36af75b4db405eca4f8916c3f048f1b32bf7b4384ad00a7c39388ea3,merkle,targeted_post_repair_confirmation_ms,3.450
size-scaling-k75-c300-n1000000-f32-k75-c300-fanout_f32_l16-merkle-r3,c5fc952a36af75b4db405eca4f8916c3f048f1b32bf7b4384ad00a7c39388ea3,merkle,recovery_observability_ms,0.001
size-scaling-k75-c300-n1000000-f32-k75-c300-fanout_f32_l16-merkle-r3,c5fc952a36af75b4db405eca4f8916c3f048f1b32bf7b4384ad00a7c39388ea3,merkle,recovery_orchestration_ms,1.434
size-scaling-k75-c300-n1000000-f32-k75-c300-fanout_f32_l16-merkle-r3,c5fc952a36af75b4db405eca4f8916c3f048f1b32bf7b4384ad00a7c39388ea3,merkle,audit_exact_table_compare_ms,4257.441
size-scaling-k75-c300-n1000000-f32-k75-c300-fanout_f32_l16-merkle-r3,c5fc952a36af75b4db405eca4f8916c3f048f1b32bf7b4384ad00a7c39388ea3,merkle,audit_merkle_root_hash_ms,1.230
size-scaling-k75-c300-n1000000-f32-k75-c300-fanout_f32_l16-merkle-r3,c5fc952a36af75b4db405eca4f8916c3f048f1b32bf7b4384ad00a7c39388ea3,merkle,audit_merkle_verify_ms,3071.840
size-scaling-k75-c300-n1000000-f32-k75-c300-fanout_f32_l16-merkle-r3,c5fc952a36af75b4db405eca4f8916c3f048f1b32bf7b4384ad00a7c39388ea3,merkle,audit_schema_fidelity_ms,2.175
size-scaling-k75-c300-n1000000-f32-k75-c300-fanout_f32_l16-merkle-r3,c5fc952a36af75b4db405eca4f8916c3f048f1b32bf7b4384ad00a7c39388ea3,merkle,merkle_total_ms,10337.475
size-scaling-k75-c300-n1000000-f32-k75-c300-fanout_f32_l16-merkle-r4,c5fc952a36af75b4db405eca4f8916c3f048f1b32bf7b4384ad00a7c39388ea3,merkle,tree_localisation_ms,121.782
size-scaling-k75-c300-n1000000-f32-k75-c300-fanout_f32_l16-merkle-r4,c5fc952a36af75b4db405eca4f8916c3f048f1b32bf7b4384ad00a7c39388ea3,merkle,candidate_row_fetch_ms,18.566
size-scaling-k75-c300-n1000000-f32-k75-c300-fanout_f32_l16-merkle-r4,c5fc952a36af75b4db405eca4f8916c3f048f1b32bf7b4384ad00a7c39388ea3,merkle,row_comparison_ms,0.637
size-scaling-k75-c300-n1000000-f32-k75-c300-fanout_f32_l16-merkle-r4,c5fc952a36af75b4db405eca4f8916c3f048f1b32bf7b4384ad00a7c39388ea3,merkle,repair_sql_building_ms,0.566
size-scaling-k75-c300-n1000000-f32-k75-c300-fanout_f32_l16-merkle-r4,c5fc952a36af75b4db405eca4f8916c3f048f1b32bf7b4384ad00a7c39388ea3,merkle,repair_dml_wire_ms,17.030
size-scaling-k75-c300-n1000000-f32-k75-c300-fanout_f32_l16-merkle-r4,c5fc952a36af75b4db405eca4f8916c3f048f1b32bf7b4384ad00a7c39388ea3,merkle,repair_commit_wire_ms,7.314
size-scaling-k75-c300-n1000000-f32-k75-c300-fanout_f32_l16-merkle-r4,c5fc952a36af75b4db405eca4f8916c3f048f1b32bf7b4384ad00a7c39388ea3,merkle,repair_begin_wire_ms,0.112
size-scaling-k75-c300-n1000000-f32-k75-c300-fanout_f32_l16-merkle-r4,c5fc952a36af75b4db405eca4f8916c3f048f1b32bf7b4384ad00a7c39388ea3,merkle,repair_transaction_block_ms,25.079
size-scaling-k75-c300-n1000000-f32-k75-c300-fanout_f32_l16-merkle-r4,c5fc952a36af75b4db405eca4f8916c3f048f1b32bf7b4384ad00a7c39388ea3,merkle,repair_write_ms,25.083
size-scaling-k75-c300-n1000000-f32-k75-c300-fanout_f32_l16-merkle-r4,c5fc952a36af75b4db405eca4f8916c3f048f1b32bf7b4384ad00a7c39388ea3,merkle,targeted_post_repair_confirmation_ms,3.476
size-scaling-k75-c300-n1000000-f32-k75-c300-fanout_f32_l16-merkle-r4,c5fc952a36af75b4db405eca4f8916c3f048f1b32bf7b4384ad00a7c39388ea3,merkle,recovery_observability_ms,0.001
size-scaling-k75-c300-n1000000-f32-k75-c300-fanout_f32_l16-merkle-r4,c5fc952a36af75b4db405eca4f8916c3f048f1b32bf7b4384ad00a7c39388ea3,merkle,recovery_orchestration_ms,1.482
size-scaling-k75-c300-n1000000-f32-k75-c300-fanout_f32_l16-merkle-r4,c5fc952a36af75b4db405eca4f8916c3f048f1b32bf7b4384ad00a7c39388ea3,merkle,audit_exact_table_compare_ms,4254.364
size-scaling-k75-c300-n1000000-f32-k75-c300-fanout_f32_l16-merkle-r4,c5fc952a36af75b4db405eca4f8916c3f048f1b32bf7b4384ad00a7c39388ea3,merkle,audit_merkle_root_hash_ms,1.231
size-scaling-k75-c300-n1000000-f32-k75-c300-fanout_f32_l16-merkle-r4,c5fc952a36af75b4db405eca4f8916c3f048f1b32bf7b4384ad00a7c39388ea3,merkle,audit_merkle_verify_ms,3079.395
size-scaling-k75-c300-n1000000-f32-k75-c300-fanout_f32_l16-merkle-r4,c5fc952a36af75b4db405eca4f8916c3f048f1b32bf7b4384ad00a7c39388ea3,merkle,audit_schema_fidelity_ms,2.266
size-scaling-k75-c300-n1000000-f32-k75-c300-fanout_f32_l16-merkle-r4,c5fc952a36af75b4db405eca4f8916c3f048f1b32bf7b4384ad00a7c39388ea3,merkle,merkle_total_ms,10341.923
size-scaling-k75-c300-n1000000-f32-k75-c300-fanout_f32_l16-merkle-r5,c5fc952a36af75b4db405eca4f8916c3f048f1b32bf7b4384ad00a7c39388ea3,merkle,tree_localisation_ms,121.643
size-scaling-k75-c300-n1000000-f32-k75-c300-fanout_f32_l16-merkle-r5,c5fc952a36af75b4db405eca4f8916c3f048f1b32bf7b4384ad00a7c39388ea3,merkle,candidate_row_fetch_ms,18.901
size-scaling-k75-c300-n1000000-f32-k75-c300-fanout_f32_l16-merkle-r5,c5fc952a36af75b4db405eca4f8916c3f048f1b32bf7b4384ad00a7c39388ea3,merkle,row_comparison_ms,0.646
size-scaling-k75-c300-n1000000-f32-k75-c300-fanout_f32_l16-merkle-r5,c5fc952a36af75b4db405eca4f8916c3f048f1b32bf7b4384ad00a7c39388ea3,merkle,repair_sql_building_ms,0.578
size-scaling-k75-c300-n1000000-f32-k75-c300-fanout_f32_l16-merkle-r5,c5fc952a36af75b4db405eca4f8916c3f048f1b32bf7b4384ad00a7c39388ea3,merkle,repair_dml_wire_ms,16.515
size-scaling-k75-c300-n1000000-f32-k75-c300-fanout_f32_l16-merkle-r5,c5fc952a36af75b4db405eca4f8916c3f048f1b32bf7b4384ad00a7c39388ea3,merkle,repair_commit_wire_ms,7.326
size-scaling-k75-c300-n1000000-f32-k75-c300-fanout_f32_l16-merkle-r5,c5fc952a36af75b4db405eca4f8916c3f048f1b32bf7b4384ad00a7c39388ea3,merkle,repair_begin_wire_ms,0.114
size-scaling-k75-c300-n1000000-f32-k75-c300-fanout_f32_l16-merkle-r5,c5fc952a36af75b4db405eca4f8916c3f048f1b32bf7b4384ad00a7c39388ea3,merkle,repair_transaction_block_ms,24.594
size-scaling-k75-c300-n1000000-f32-k75-c300-fanout_f32_l16-merkle-r5,c5fc952a36af75b4db405eca4f8916c3f048f1b32bf7b4384ad00a7c39388ea3,merkle,repair_write_ms,24.600
size-scaling-k75-c300-n1000000-f32-k75-c300-fanout_f32_l16-merkle-r5,c5fc952a36af75b4db405eca4f8916c3f048f1b32bf7b4384ad00a7c39388ea3,merkle,targeted_post_repair_confirmation_ms,3.439
size-scaling-k75-c300-n1000000-f32-k75-c300-fanout_f32_l16-merkle-r5,c5fc952a36af75b4db405eca4f8916c3f048f1b32bf7b4384ad00a7c39388ea3,merkle,recovery_observability_ms,0.001
size-scaling-k75-c300-n1000000-f32-k75-c300-fanout_f32_l16-merkle-r5,c5fc952a36af75b4db405eca4f8916c3f048f1b32bf7b4384ad00a7c39388ea3,merkle,recovery_orchestration_ms,1.451
size-scaling-k75-c300-n1000000-f32-k75-c300-fanout_f32_l16-merkle-r5,c5fc952a36af75b4db405eca4f8916c3f048f1b32bf7b4384ad00a7c39388ea3,merkle,audit_exact_table_compare_ms,4258.653
size-scaling-k75-c300-n1000000-f32-k75-c300-fanout_f32_l16-merkle-r5,c5fc952a36af75b4db405eca4f8916c3f048f1b32bf7b4384ad00a7c39388ea3,merkle,audit_merkle_root_hash_ms,1.231
size-scaling-k75-c300-n1000000-f32-k75-c300-fanout_f32_l16-merkle-r5,c5fc952a36af75b4db405eca4f8916c3f048f1b32bf7b4384ad00a7c39388ea3,merkle,audit_merkle_verify_ms,3090.646
size-scaling-k75-c300-n1000000-f32-k75-c300-fanout_f32_l16-merkle-r5,c5fc952a36af75b4db405eca4f8916c3f048f1b32bf7b4384ad00a7c39388ea3,merkle,audit_schema_fidelity_ms,2.220
size-scaling-k75-c300-n1000000-f32-k75-c300-fanout_f32_l16-merkle-r5,c5fc952a36af75b4db405eca4f8916c3f048f1b32bf7b4384ad00a7c39388ea3,merkle,merkle_total_ms,10356.176
size-scaling-k75-c300-n1000000-f32-k75-c300-fanout_f32_l16-merkle-r6,c5fc952a36af75b4db405eca4f8916c3f048f1b32bf7b4384ad00a7c39388ea3,merkle,tree_localisation_ms,121.608
size-scaling-k75-c300-n1000000-f32-k75-c300-fanout_f32_l16-merkle-r6,c5fc952a36af75b4db405eca4f8916c3f048f1b32bf7b4384ad00a7c39388ea3,merkle,candidate_row_fetch_ms,19.407
size-scaling-k75-c300-n1000000-f32-k75-c300-fanout_f32_l16-merkle-r6,c5fc952a36af75b4db405eca4f8916c3f048f1b32bf7b4384ad00a7c39388ea3,merkle,row_comparison_ms,0.656
size-scaling-k75-c300-n1000000-f32-k75-c300-fanout_f32_l16-merkle-r6,c5fc952a36af75b4db405eca4f8916c3f048f1b32bf7b4384ad00a7c39388ea3,merkle,repair_sql_building_ms,0.586
size-scaling-k75-c300-n1000000-f32-k75-c300-fanout_f32_l16-merkle-r6,c5fc952a36af75b4db405eca4f8916c3f048f1b32bf7b4384ad00a7c39388ea3,merkle,repair_dml_wire_ms,27.982
size-scaling-k75-c300-n1000000-f32-k75-c300-fanout_f32_l16-merkle-r6,c5fc952a36af75b4db405eca4f8916c3f048f1b32bf7b4384ad00a7c39388ea3,merkle,repair_commit_wire_ms,7.339
size-scaling-k75-c300-n1000000-f32-k75-c300-fanout_f32_l16-merkle-r6,c5fc952a36af75b4db405eca4f8916c3f048f1b32bf7b4384ad00a7c39388ea3,merkle,repair_begin_wire_ms,0.151
size-scaling-k75-c300-n1000000-f32-k75-c300-fanout_f32_l16-merkle-r6,c5fc952a36af75b4db405eca4f8916c3f048f1b32bf7b4384ad00a7c39388ea3,merkle,repair_transaction_block_ms,36.114
size-scaling-k75-c300-n1000000-f32-k75-c300-fanout_f32_l16-merkle-r6,c5fc952a36af75b4db405eca4f8916c3f048f1b32bf7b4384ad00a7c39388ea3,merkle,repair_write_ms,36.119
size-scaling-k75-c300-n1000000-f32-k75-c300-fanout_f32_l16-merkle-r6,c5fc952a36af75b4db405eca4f8916c3f048f1b32bf7b4384ad00a7c39388ea3,merkle,targeted_post_repair_confirmation_ms,3.493
size-scaling-k75-c300-n1000000-f32-k75-c300-fanout_f32_l16-merkle-r6,c5fc952a36af75b4db405eca4f8916c3f048f1b32bf7b4384ad00a7c39388ea3,merkle,recovery_observability_ms,0.001
size-scaling-k75-c300-n1000000-f32-k75-c300-fanout_f32_l16-merkle-r6,c5fc952a36af75b4db405eca4f8916c3f048f1b32bf7b4384ad00a7c39388ea3,merkle,recovery_orchestration_ms,1.450
size-scaling-k75-c300-n1000000-f32-k75-c300-fanout_f32_l16-merkle-r6,c5fc952a36af75b4db405eca4f8916c3f048f1b32bf7b4384ad00a7c39388ea3,merkle,audit_exact_table_compare_ms,4252.410
size-scaling-k75-c300-n1000000-f32-k75-c300-fanout_f32_l16-merkle-r6,c5fc952a36af75b4db405eca4f8916c3f048f1b32bf7b4384ad00a7c39388ea3,merkle,audit_merkle_root_hash_ms,1.232
size-scaling-k75-c300-n1000000-f32-k75-c300-fanout_f32_l16-merkle-r6,c5fc952a36af75b4db405eca4f8916c3f048f1b32bf7b4384ad00a7c39388ea3,merkle,audit_merkle_verify_ms,3062.480
size-scaling-k75-c300-n1000000-f32-k75-c300-fanout_f32_l16-merkle-r6,c5fc952a36af75b4db405eca4f8916c3f048f1b32bf7b4384ad00a7c39388ea3,merkle,audit_schema_fidelity_ms,2.102
size-scaling-k75-c300-n1000000-f32-k75-c300-fanout_f32_l16-merkle-r6,c5fc952a36af75b4db405eca4f8916c3f048f1b32bf7b4384ad00a7c39388ea3,merkle,merkle_total_ms,10333.496
size-scaling-k75-c300-n1000000-f32-k75-c300-fanout_f32_l16-merkle-r7,c5fc952a36af75b4db405eca4f8916c3f048f1b32bf7b4384ad00a7c39388ea3,merkle,tree_localisation_ms,122.807
size-scaling-k75-c300-n1000000-f32-k75-c300-fanout_f32_l16-merkle-r7,c5fc952a36af75b4db405eca4f8916c3f048f1b32bf7b4384ad00a7c39388ea3,merkle,candidate_row_fetch_ms,19.029
size-scaling-k75-c300-n1000000-f32-k75-c300-fanout_f32_l16-merkle-r7,c5fc952a36af75b4db405eca4f8916c3f048f1b32bf7b4384ad00a7c39388ea3,merkle,row_comparison_ms,0.632
size-scaling-k75-c300-n1000000-f32-k75-c300-fanout_f32_l16-merkle-r7,c5fc952a36af75b4db405eca4f8916c3f048f1b32bf7b4384ad00a7c39388ea3,merkle,repair_sql_building_ms,0.578
size-scaling-k75-c300-n1000000-f32-k75-c300-fanout_f32_l16-merkle-r7,c5fc952a36af75b4db405eca4f8916c3f048f1b32bf7b4384ad00a7c39388ea3,merkle,repair_dml_wire_ms,16.433
size-scaling-k75-c300-n1000000-f32-k75-c300-fanout_f32_l16-merkle-r7,c5fc952a36af75b4db405eca4f8916c3f048f1b32bf7b4384ad00a7c39388ea3,merkle,repair_commit_wire_ms,7.341
size-scaling-k75-c300-n1000000-f32-k75-c300-fanout_f32_l16-merkle-r7,c5fc952a36af75b4db405eca4f8916c3f048f1b32bf7b4384ad00a7c39388ea3,merkle,repair_begin_wire_ms,0.114
size-scaling-k75-c300-n1000000-f32-k75-c300-fanout_f32_l16-merkle-r7,c5fc952a36af75b4db405eca4f8916c3f048f1b32bf7b4384ad00a7c39388ea3,merkle,repair_transaction_block_ms,24.522
size-scaling-k75-c300-n1000000-f32-k75-c300-fanout_f32_l16-merkle-r7,c5fc952a36af75b4db405eca4f8916c3f048f1b32bf7b4384ad00a7c39388ea3,merkle,repair_write_ms,24.527
size-scaling-k75-c300-n1000000-f32-k75-c300-fanout_f32_l16-merkle-r7,c5fc952a36af75b4db405eca4f8916c3f048f1b32bf7b4384ad00a7c39388ea3,merkle,targeted_post_repair_confirmation_ms,3.450
size-scaling-k75-c300-n1000000-f32-k75-c300-fanout_f32_l16-merkle-r7,c5fc952a36af75b4db405eca4f8916c3f048f1b32bf7b4384ad00a7c39388ea3,merkle,recovery_observability_ms,0.001
size-scaling-k75-c300-n1000000-f32-k75-c300-fanout_f32_l16-merkle-r7,c5fc952a36af75b4db405eca4f8916c3f048f1b32bf7b4384ad00a7c39388ea3,merkle,recovery_orchestration_ms,1.481
size-scaling-k75-c300-n1000000-f32-k75-c300-fanout_f32_l16-merkle-r7,c5fc952a36af75b4db405eca4f8916c3f048f1b32bf7b4384ad00a7c39388ea3,merkle,audit_exact_table_compare_ms,4250.136
size-scaling-k75-c300-n1000000-f32-k75-c300-fanout_f32_l16-merkle-r7,c5fc952a36af75b4db405eca4f8916c3f048f1b32bf7b4384ad00a7c39388ea3,merkle,audit_merkle_root_hash_ms,1.227
size-scaling-k75-c300-n1000000-f32-k75-c300-fanout_f32_l16-merkle-r7,c5fc952a36af75b4db405eca4f8916c3f048f1b32bf7b4384ad00a7c39388ea3,merkle,audit_merkle_verify_ms,3054.671
size-scaling-k75-c300-n1000000-f32-k75-c300-fanout_f32_l16-merkle-r7,c5fc952a36af75b4db405eca4f8916c3f048f1b32bf7b4384ad00a7c39388ea3,merkle,audit_schema_fidelity_ms,2.199
size-scaling-k75-c300-n1000000-f32-k75-c300-fanout_f32_l16-merkle-r7,c5fc952a36af75b4db405eca4f8916c3f048f1b32bf7b4384ad00a7c39388ea3,merkle,merkle_total_ms,10311.501
size-scaling-k75-c300-n1000000-f32-k75-c300-fanout_f32_l16-merkle-r8,c5fc952a36af75b4db405eca4f8916c3f048f1b32bf7b4384ad00a7c39388ea3,merkle,tree_localisation_ms,123.692
size-scaling-k75-c300-n1000000-f32-k75-c300-fanout_f32_l16-merkle-r8,c5fc952a36af75b4db405eca4f8916c3f048f1b32bf7b4384ad00a7c39388ea3,merkle,candidate_row_fetch_ms,19.376
size-scaling-k75-c300-n1000000-f32-k75-c300-fanout_f32_l16-merkle-r8,c5fc952a36af75b4db405eca4f8916c3f048f1b32bf7b4384ad00a7c39388ea3,merkle,row_comparison_ms,0.639
size-scaling-k75-c300-n1000000-f32-k75-c300-fanout_f32_l16-merkle-r8,c5fc952a36af75b4db405eca4f8916c3f048f1b32bf7b4384ad00a7c39388ea3,merkle,repair_sql_building_ms,0.546
size-scaling-k75-c300-n1000000-f32-k75-c300-fanout_f32_l16-merkle-r8,c5fc952a36af75b4db405eca4f8916c3f048f1b32bf7b4384ad00a7c39388ea3,merkle,repair_dml_wire_ms,16.311
size-scaling-k75-c300-n1000000-f32-k75-c300-fanout_f32_l16-merkle-r8,c5fc952a36af75b4db405eca4f8916c3f048f1b32bf7b4384ad00a7c39388ea3,merkle,repair_commit_wire_ms,7.359
size-scaling-k75-c300-n1000000-f32-k75-c300-fanout_f32_l16-merkle-r8,c5fc952a36af75b4db405eca4f8916c3f048f1b32bf7b4384ad00a7c39388ea3,merkle,repair_begin_wire_ms,0.110
size-scaling-k75-c300-n1000000-f32-k75-c300-fanout_f32_l16-merkle-r8,c5fc952a36af75b4db405eca4f8916c3f048f1b32bf7b4384ad00a7c39388ea3,merkle,repair_transaction_block_ms,24.384
size-scaling-k75-c300-n1000000-f32-k75-c300-fanout_f32_l16-merkle-r8,c5fc952a36af75b4db405eca4f8916c3f048f1b32bf7b4384ad00a7c39388ea3,merkle,repair_write_ms,24.389
size-scaling-k75-c300-n1000000-f32-k75-c300-fanout_f32_l16-merkle-r8,c5fc952a36af75b4db405eca4f8916c3f048f1b32bf7b4384ad00a7c39388ea3,merkle,targeted_post_repair_confirmation_ms,3.461
size-scaling-k75-c300-n1000000-f32-k75-c300-fanout_f32_l16-merkle-r8,c5fc952a36af75b4db405eca4f8916c3f048f1b32bf7b4384ad00a7c39388ea3,merkle,recovery_observability_ms,0.001
size-scaling-k75-c300-n1000000-f32-k75-c300-fanout_f32_l16-merkle-r8,c5fc952a36af75b4db405eca4f8916c3f048f1b32bf7b4384ad00a7c39388ea3,merkle,recovery_orchestration_ms,1.439
size-scaling-k75-c300-n1000000-f32-k75-c300-fanout_f32_l16-merkle-r8,c5fc952a36af75b4db405eca4f8916c3f048f1b32bf7b4384ad00a7c39388ea3,merkle,audit_exact_table_compare_ms,4270.119
size-scaling-k75-c300-n1000000-f32-k75-c300-fanout_f32_l16-merkle-r8,c5fc952a36af75b4db405eca4f8916c3f048f1b32bf7b4384ad00a7c39388ea3,merkle,audit_merkle_root_hash_ms,1.224
size-scaling-k75-c300-n1000000-f32-k75-c300-fanout_f32_l16-merkle-r8,c5fc952a36af75b4db405eca4f8916c3f048f1b32bf7b4384ad00a7c39388ea3,merkle,audit_merkle_verify_ms,3070.770
size-scaling-k75-c300-n1000000-f32-k75-c300-fanout_f32_l16-merkle-r8,c5fc952a36af75b4db405eca4f8916c3f048f1b32bf7b4384ad00a7c39388ea3,merkle,audit_schema_fidelity_ms,2.237
size-scaling-k75-c300-n1000000-f32-k75-c300-fanout_f32_l16-merkle-r8,c5fc952a36af75b4db405eca4f8916c3f048f1b32bf7b4384ad00a7c39388ea3,merkle,merkle_total_ms,10349.688
size-scaling-k75-c300-n1000000-f32-k75-c300-fanout_f32_l16-merkle-r9,c5fc952a36af75b4db405eca4f8916c3f048f1b32bf7b4384ad00a7c39388ea3,merkle,tree_localisation_ms,121.772
size-scaling-k75-c300-n1000000-f32-k75-c300-fanout_f32_l16-merkle-r9,c5fc952a36af75b4db405eca4f8916c3f048f1b32bf7b4384ad00a7c39388ea3,merkle,candidate_row_fetch_ms,19.556
size-scaling-k75-c300-n1000000-f32-k75-c300-fanout_f32_l16-merkle-r9,c5fc952a36af75b4db405eca4f8916c3f048f1b32bf7b4384ad00a7c39388ea3,merkle,row_comparison_ms,0.666
size-scaling-k75-c300-n1000000-f32-k75-c300-fanout_f32_l16-merkle-r9,c5fc952a36af75b4db405eca4f8916c3f048f1b32bf7b4384ad00a7c39388ea3,merkle,repair_sql_building_ms,0.578
size-scaling-k75-c300-n1000000-f32-k75-c300-fanout_f32_l16-merkle-r9,c5fc952a36af75b4db405eca4f8916c3f048f1b32bf7b4384ad00a7c39388ea3,merkle,repair_dml_wire_ms,16.760
size-scaling-k75-c300-n1000000-f32-k75-c300-fanout_f32_l16-merkle-r9,c5fc952a36af75b4db405eca4f8916c3f048f1b32bf7b4384ad00a7c39388ea3,merkle,repair_commit_wire_ms,7.365
size-scaling-k75-c300-n1000000-f32-k75-c300-fanout_f32_l16-merkle-r9,c5fc952a36af75b4db405eca4f8916c3f048f1b32bf7b4384ad00a7c39388ea3,merkle,repair_begin_wire_ms,0.116
size-scaling-k75-c300-n1000000-f32-k75-c300-fanout_f32_l16-merkle-r9,c5fc952a36af75b4db405eca4f8916c3f048f1b32bf7b4384ad00a7c39388ea3,merkle,repair_transaction_block_ms,24.875
size-scaling-k75-c300-n1000000-f32-k75-c300-fanout_f32_l16-merkle-r9,c5fc952a36af75b4db405eca4f8916c3f048f1b32bf7b4384ad00a7c39388ea3,merkle,repair_write_ms,24.879
size-scaling-k75-c300-n1000000-f32-k75-c300-fanout_f32_l16-merkle-r9,c5fc952a36af75b4db405eca4f8916c3f048f1b32bf7b4384ad00a7c39388ea3,merkle,targeted_post_repair_confirmation_ms,3.474
size-scaling-k75-c300-n1000000-f32-k75-c300-fanout_f32_l16-merkle-r9,c5fc952a36af75b4db405eca4f8916c3f048f1b32bf7b4384ad00a7c39388ea3,merkle,recovery_observability_ms,0.001
size-scaling-k75-c300-n1000000-f32-k75-c300-fanout_f32_l16-merkle-r9,c5fc952a36af75b4db405eca4f8916c3f048f1b32bf7b4384ad00a7c39388ea3,merkle,recovery_orchestration_ms,1.437
size-scaling-k75-c300-n1000000-f32-k75-c300-fanout_f32_l16-merkle-r9,c5fc952a36af75b4db405eca4f8916c3f048f1b32bf7b4384ad00a7c39388ea3,merkle,audit_exact_table_compare_ms,4286.404
size-scaling-k75-c300-n1000000-f32-k75-c300-fanout_f32_l16-merkle-r9,c5fc952a36af75b4db405eca4f8916c3f048f1b32bf7b4384ad00a7c39388ea3,merkle,audit_merkle_root_hash_ms,1.236
size-scaling-k75-c300-n1000000-f32-k75-c300-fanout_f32_l16-merkle-r9,c5fc952a36af75b4db405eca4f8916c3f048f1b32bf7b4384ad00a7c39388ea3,merkle,audit_merkle_verify_ms,3075.328
size-scaling-k75-c300-n1000000-f32-k75-c300-fanout_f32_l16-merkle-r9,c5fc952a36af75b4db405eca4f8916c3f048f1b32bf7b4384ad00a7c39388ea3,merkle,audit_schema_fidelity_ms,2.200
size-scaling-k75-c300-n1000000-f32-k75-c300-fanout_f32_l16-merkle-r9,c5fc952a36af75b4db405eca4f8916c3f048f1b32bf7b4384ad00a7c39388ea3,merkle,merkle_total_ms,10369.214
size-scaling-k75-c300-n15000000-f32-k75-c300-fanout_f32_l16-merkle-r0,b73980b6919c7da6c00955d59393f98b568d951736739d4b009ea674691e0ad4,merkle,tree_localisation_ms,175.339
size-scaling-k75-c300-n15000000-f32-k75-c300-fanout_f32_l16-merkle-r0,b73980b6919c7da6c00955d59393f98b568d951736739d4b009ea674691e0ad4,merkle,candidate_row_fetch_ms,16.733
size-scaling-k75-c300-n15000000-f32-k75-c300-fanout_f32_l16-merkle-r0,b73980b6919c7da6c00955d59393f98b568d951736739d4b009ea674691e0ad4,merkle,row_comparison_ms,0.558
size-scaling-k75-c300-n15000000-f32-k75-c300-fanout_f32_l16-merkle-r0,b73980b6919c7da6c00955d59393f98b568d951736739d4b009ea674691e0ad4,merkle,repair_sql_building_ms,0.561
size-scaling-k75-c300-n15000000-f32-k75-c300-fanout_f32_l16-merkle-r0,b73980b6919c7da6c00955d59393f98b568d951736739d4b009ea674691e0ad4,merkle,repair_dml_wire_ms,17.870
size-scaling-k75-c300-n15000000-f32-k75-c300-fanout_f32_l16-merkle-r0,b73980b6919c7da6c00955d59393f98b568d951736739d4b009ea674691e0ad4,merkle,repair_commit_wire_ms,9.280
size-scaling-k75-c300-n15000000-f32-k75-c300-fanout_f32_l16-merkle-r0,b73980b6919c7da6c00955d59393f98b568d951736739d4b009ea674691e0ad4,merkle,repair_begin_wire_ms,0.125
size-scaling-k75-c300-n15000000-f32-k75-c300-fanout_f32_l16-merkle-r0,b73980b6919c7da6c00955d59393f98b568d951736739d4b009ea674691e0ad4,merkle,repair_transaction_block_ms,27.893
size-scaling-k75-c300-n15000000-f32-k75-c300-fanout_f32_l16-merkle-r0,b73980b6919c7da6c00955d59393f98b568d951736739d4b009ea674691e0ad4,merkle,repair_write_ms,27.897
size-scaling-k75-c300-n15000000-f32-k75-c300-fanout_f32_l16-merkle-r0,b73980b6919c7da6c00955d59393f98b568d951736739d4b009ea674691e0ad4,merkle,targeted_post_repair_confirmation_ms,3.591
size-scaling-k75-c300-n15000000-f32-k75-c300-fanout_f32_l16-merkle-r0,b73980b6919c7da6c00955d59393f98b568d951736739d4b009ea674691e0ad4,merkle,recovery_observability_ms,0.001
size-scaling-k75-c300-n15000000-f32-k75-c300-fanout_f32_l16-merkle-r0,b73980b6919c7da6c00955d59393f98b568d951736739d4b009ea674691e0ad4,merkle,recovery_orchestration_ms,1.401
size-scaling-k75-c300-n15000000-f32-k75-c300-fanout_f32_l16-merkle-r0,b73980b6919c7da6c00955d59393f98b568d951736739d4b009ea674691e0ad4,merkle,audit_exact_table_compare_ms,53236.942
size-scaling-k75-c300-n15000000-f32-k75-c300-fanout_f32_l16-merkle-r0,b73980b6919c7da6c00955d59393f98b568d951736739d4b009ea674691e0ad4,merkle,audit_merkle_root_hash_ms,1.365
size-scaling-k75-c300-n15000000-f32-k75-c300-fanout_f32_l16-merkle-r0,b73980b6919c7da6c00955d59393f98b568d951736739d4b009ea674691e0ad4,merkle,audit_merkle_verify_ms,45291.433
size-scaling-k75-c300-n15000000-f32-k75-c300-fanout_f32_l16-merkle-r0,b73980b6919c7da6c00955d59393f98b568d951736739d4b009ea674691e0ad4,merkle,audit_schema_fidelity_ms,2.198
size-scaling-k75-c300-n15000000-f32-k75-c300-fanout_f32_l16-merkle-r0,b73980b6919c7da6c00955d59393f98b568d951736739d4b009ea674691e0ad4,merkle,merkle_total_ms,101539.012
size-scaling-k75-c300-n15000000-f32-k75-c300-fanout_f32_l16-merkle-r1,b73980b6919c7da6c00955d59393f98b568d951736739d4b009ea674691e0ad4,merkle,tree_localisation_ms,176.789
size-scaling-k75-c300-n15000000-f32-k75-c300-fanout_f32_l16-merkle-r1,b73980b6919c7da6c00955d59393f98b568d951736739d4b009ea674691e0ad4,merkle,candidate_row_fetch_ms,17.002
size-scaling-k75-c300-n15000000-f32-k75-c300-fanout_f32_l16-merkle-r1,b73980b6919c7da6c00955d59393f98b568d951736739d4b009ea674691e0ad4,merkle,row_comparison_ms,0.569
size-scaling-k75-c300-n15000000-f32-k75-c300-fanout_f32_l16-merkle-r1,b73980b6919c7da6c00955d59393f98b568d951736739d4b009ea674691e0ad4,merkle,repair_sql_building_ms,0.568
size-scaling-k75-c300-n15000000-f32-k75-c300-fanout_f32_l16-merkle-r1,b73980b6919c7da6c00955d59393f98b568d951736739d4b009ea674691e0ad4,merkle,repair_dml_wire_ms,17.419
size-scaling-k75-c300-n15000000-f32-k75-c300-fanout_f32_l16-merkle-r1,b73980b6919c7da6c00955d59393f98b568d951736739d4b009ea674691e0ad4,merkle,repair_commit_wire_ms,9.413
size-scaling-k75-c300-n15000000-f32-k75-c300-fanout_f32_l16-merkle-r1,b73980b6919c7da6c00955d59393f98b568d951736739d4b009ea674691e0ad4,merkle,repair_begin_wire_ms,0.112
size-scaling-k75-c300-n15000000-f32-k75-c300-fanout_f32_l16-merkle-r1,b73980b6919c7da6c00955d59393f98b568d951736739d4b009ea674691e0ad4,merkle,repair_transaction_block_ms,27.568
size-scaling-k75-c300-n15000000-f32-k75-c300-fanout_f32_l16-merkle-r1,b73980b6919c7da6c00955d59393f98b568d951736739d4b009ea674691e0ad4,merkle,repair_write_ms,27.572
size-scaling-k75-c300-n15000000-f32-k75-c300-fanout_f32_l16-merkle-r1,b73980b6919c7da6c00955d59393f98b568d951736739d4b009ea674691e0ad4,merkle,targeted_post_repair_confirmation_ms,3.577
size-scaling-k75-c300-n15000000-f32-k75-c300-fanout_f32_l16-merkle-r1,b73980b6919c7da6c00955d59393f98b568d951736739d4b009ea674691e0ad4,merkle,recovery_observability_ms,0.001
size-scaling-k75-c300-n15000000-f32-k75-c300-fanout_f32_l16-merkle-r1,b73980b6919c7da6c00955d59393f98b568d951736739d4b009ea674691e0ad4,merkle,recovery_orchestration_ms,1.432
size-scaling-k75-c300-n15000000-f32-k75-c300-fanout_f32_l16-merkle-r1,b73980b6919c7da6c00955d59393f98b568d951736739d4b009ea674691e0ad4,merkle,audit_exact_table_compare_ms,54028.191
size-scaling-k75-c300-n15000000-f32-k75-c300-fanout_f32_l16-merkle-r1,b73980b6919c7da6c00955d59393f98b568d951736739d4b009ea674691e0ad4,merkle,audit_merkle_root_hash_ms,1.337
size-scaling-k75-c300-n15000000-f32-k75-c300-fanout_f32_l16-merkle-r1,b73980b6919c7da6c00955d59393f98b568d951736739d4b009ea674691e0ad4,merkle,audit_merkle_verify_ms,45528.301
size-scaling-k75-c300-n15000000-f32-k75-c300-fanout_f32_l16-merkle-r1,b73980b6919c7da6c00955d59393f98b568d951736739d4b009ea674691e0ad4,merkle,audit_schema_fidelity_ms,2.222
size-scaling-k75-c300-n15000000-f32-k75-c300-fanout_f32_l16-merkle-r1,b73980b6919c7da6c00955d59393f98b568d951736739d4b009ea674691e0ad4,merkle,merkle_total_ms,102571.408
size-scaling-k75-c300-n15000000-f32-k75-c300-fanout_f32_l16-merkle-r2,b73980b6919c7da6c00955d59393f98b568d951736739d4b009ea674691e0ad4,merkle,tree_localisation_ms,175.449
size-scaling-k75-c300-n15000000-f32-k75-c300-fanout_f32_l16-merkle-r2,b73980b6919c7da6c00955d59393f98b568d951736739d4b009ea674691e0ad4,merkle,candidate_row_fetch_ms,17.191
size-scaling-k75-c300-n15000000-f32-k75-c300-fanout_f32_l16-merkle-r2,b73980b6919c7da6c00955d59393f98b568d951736739d4b009ea674691e0ad4,merkle,row_comparison_ms,0.567
size-scaling-k75-c300-n15000000-f32-k75-c300-fanout_f32_l16-merkle-r2,b73980b6919c7da6c00955d59393f98b568d951736739d4b009ea674691e0ad4,merkle,repair_sql_building_ms,0.560
size-scaling-k75-c300-n15000000-f32-k75-c300-fanout_f32_l16-merkle-r2,b73980b6919c7da6c00955d59393f98b568d951736739d4b009ea674691e0ad4,merkle,repair_dml_wire_ms,17.826
size-scaling-k75-c300-n15000000-f32-k75-c300-fanout_f32_l16-merkle-r2,b73980b6919c7da6c00955d59393f98b568d951736739d4b009ea674691e0ad4,merkle,repair_commit_wire_ms,9.370
size-scaling-k75-c300-n15000000-f32-k75-c300-fanout_f32_l16-merkle-r2,b73980b6919c7da6c00955d59393f98b568d951736739d4b009ea674691e0ad4,merkle,repair_begin_wire_ms,0.114
size-scaling-k75-c300-n15000000-f32-k75-c300-fanout_f32_l16-merkle-r2,b73980b6919c7da6c00955d59393f98b568d951736739d4b009ea674691e0ad4,merkle,repair_transaction_block_ms,27.927
size-scaling-k75-c300-n15000000-f32-k75-c300-fanout_f32_l16-merkle-r2,b73980b6919c7da6c00955d59393f98b568d951736739d4b009ea674691e0ad4,merkle,repair_write_ms,27.931
size-scaling-k75-c300-n15000000-f32-k75-c300-fanout_f32_l16-merkle-r2,b73980b6919c7da6c00955d59393f98b568d951736739d4b009ea674691e0ad4,merkle,targeted_post_repair_confirmation_ms,3.588
size-scaling-k75-c300-n15000000-f32-k75-c300-fanout_f32_l16-merkle-r2,b73980b6919c7da6c00955d59393f98b568d951736739d4b009ea674691e0ad4,merkle,recovery_observability_ms,0.001
size-scaling-k75-c300-n15000000-f32-k75-c300-fanout_f32_l16-merkle-r2,b73980b6919c7da6c00955d59393f98b568d951736739d4b009ea674691e0ad4,merkle,recovery_orchestration_ms,1.439
size-scaling-k75-c300-n15000000-f32-k75-c300-fanout_f32_l16-merkle-r2,b73980b6919c7da6c00955d59393f98b568d951736739d4b009ea674691e0ad4,merkle,audit_exact_table_compare_ms,53642.271
size-scaling-k75-c300-n15000000-f32-k75-c300-fanout_f32_l16-merkle-r2,b73980b6919c7da6c00955d59393f98b568d951736739d4b009ea674691e0ad4,merkle,audit_merkle_root_hash_ms,1.250
size-scaling-k75-c300-n15000000-f32-k75-c300-fanout_f32_l16-merkle-r2,b73980b6919c7da6c00955d59393f98b568d951736739d4b009ea674691e0ad4,merkle,audit_merkle_verify_ms,45552.454
size-scaling-k75-c300-n15000000-f32-k75-c300-fanout_f32_l16-merkle-r2,b73980b6919c7da6c00955d59393f98b568d951736739d4b009ea674691e0ad4,merkle,audit_schema_fidelity_ms,2.196
size-scaling-k75-c300-n15000000-f32-k75-c300-fanout_f32_l16-merkle-r2,b73980b6919c7da6c00955d59393f98b568d951736739d4b009ea674691e0ad4,merkle,merkle_total_ms,102207.241
size-scaling-k75-c300-n15000000-f32-k75-c300-fanout_f32_l16-merkle-r3,b73980b6919c7da6c00955d59393f98b568d951736739d4b009ea674691e0ad4,merkle,tree_localisation_ms,188.011
size-scaling-k75-c300-n15000000-f32-k75-c300-fanout_f32_l16-merkle-r3,b73980b6919c7da6c00955d59393f98b568d951736739d4b009ea674691e0ad4,merkle,candidate_row_fetch_ms,17.270
size-scaling-k75-c300-n15000000-f32-k75-c300-fanout_f32_l16-merkle-r3,b73980b6919c7da6c00955d59393f98b568d951736739d4b009ea674691e0ad4,merkle,row_comparison_ms,0.572
size-scaling-k75-c300-n15000000-f32-k75-c300-fanout_f32_l16-merkle-r3,b73980b6919c7da6c00955d59393f98b568d951736739d4b009ea674691e0ad4,merkle,repair_sql_building_ms,0.571
size-scaling-k75-c300-n15000000-f32-k75-c300-fanout_f32_l16-merkle-r3,b73980b6919c7da6c00955d59393f98b568d951736739d4b009ea674691e0ad4,merkle,repair_dml_wire_ms,17.619
size-scaling-k75-c300-n15000000-f32-k75-c300-fanout_f32_l16-merkle-r3,b73980b6919c7da6c00955d59393f98b568d951736739d4b009ea674691e0ad4,merkle,repair_commit_wire_ms,9.328
size-scaling-k75-c300-n15000000-f32-k75-c300-fanout_f32_l16-merkle-r3,b73980b6919c7da6c00955d59393f98b568d951736739d4b009ea674691e0ad4,merkle,repair_begin_wire_ms,0.114
size-scaling-k75-c300-n15000000-f32-k75-c300-fanout_f32_l16-merkle-r3,b73980b6919c7da6c00955d59393f98b568d951736739d4b009ea674691e0ad4,merkle,repair_transaction_block_ms,27.689
size-scaling-k75-c300-n15000000-f32-k75-c300-fanout_f32_l16-merkle-r3,b73980b6919c7da6c00955d59393f98b568d951736739d4b009ea674691e0ad4,merkle,repair_write_ms,27.694
size-scaling-k75-c300-n15000000-f32-k75-c300-fanout_f32_l16-merkle-r3,b73980b6919c7da6c00955d59393f98b568d951736739d4b009ea674691e0ad4,merkle,targeted_post_repair_confirmation_ms,3.598
size-scaling-k75-c300-n15000000-f32-k75-c300-fanout_f32_l16-merkle-r3,b73980b6919c7da6c00955d59393f98b568d951736739d4b009ea674691e0ad4,merkle,recovery_observability_ms,0.001
size-scaling-k75-c300-n15000000-f32-k75-c300-fanout_f32_l16-merkle-r3,b73980b6919c7da6c00955d59393f98b568d951736739d4b009ea674691e0ad4,merkle,recovery_orchestration_ms,1.446
size-scaling-k75-c300-n15000000-f32-k75-c300-fanout_f32_l16-merkle-r3,b73980b6919c7da6c00955d59393f98b568d951736739d4b009ea674691e0ad4,merkle,audit_exact_table_compare_ms,53418.506
size-scaling-k75-c300-n15000000-f32-k75-c300-fanout_f32_l16-merkle-r3,b73980b6919c7da6c00955d59393f98b568d951736739d4b009ea674691e0ad4,merkle,audit_merkle_root_hash_ms,1.363
size-scaling-k75-c300-n15000000-f32-k75-c300-fanout_f32_l16-merkle-r3,b73980b6919c7da6c00955d59393f98b568d951736739d4b009ea674691e0ad4,merkle,audit_merkle_verify_ms,45564.226
size-scaling-k75-c300-n15000000-f32-k75-c300-fanout_f32_l16-merkle-r3,b73980b6919c7da6c00955d59393f98b568d951736739d4b009ea674691e0ad4,merkle,audit_schema_fidelity_ms,2.209
size-scaling-k75-c300-n15000000-f32-k75-c300-fanout_f32_l16-merkle-r3,b73980b6919c7da6c00955d59393f98b568d951736739d4b009ea674691e0ad4,merkle,merkle_total_ms,101956.403
size-scaling-k75-c300-n15000000-f32-k75-c300-fanout_f32_l16-merkle-r4,b73980b6919c7da6c00955d59393f98b568d951736739d4b009ea674691e0ad4,merkle,tree_localisation_ms,177.104
size-scaling-k75-c300-n15000000-f32-k75-c300-fanout_f32_l16-merkle-r4,b73980b6919c7da6c00955d59393f98b568d951736739d4b009ea674691e0ad4,merkle,candidate_row_fetch_ms,17.562
size-scaling-k75-c300-n15000000-f32-k75-c300-fanout_f32_l16-merkle-r4,b73980b6919c7da6c00955d59393f98b568d951736739d4b009ea674691e0ad4,merkle,row_comparison_ms,0.573
size-scaling-k75-c300-n15000000-f32-k75-c300-fanout_f32_l16-merkle-r4,b73980b6919c7da6c00955d59393f98b568d951736739d4b009ea674691e0ad4,merkle,repair_sql_building_ms,0.567
size-scaling-k75-c300-n15000000-f32-k75-c300-fanout_f32_l16-merkle-r4,b73980b6919c7da6c00955d59393f98b568d951736739d4b009ea674691e0ad4,merkle,repair_dml_wire_ms,17.742
size-scaling-k75-c300-n15000000-f32-k75-c300-fanout_f32_l16-merkle-r4,b73980b6919c7da6c00955d59393f98b568d951736739d4b009ea674691e0ad4,merkle,repair_commit_wire_ms,9.312
size-scaling-k75-c300-n15000000-f32-k75-c300-fanout_f32_l16-merkle-r4,b73980b6919c7da6c00955d59393f98b568d951736739d4b009ea674691e0ad4,merkle,repair_begin_wire_ms,0.129
size-scaling-k75-c300-n15000000-f32-k75-c300-fanout_f32_l16-merkle-r4,b73980b6919c7da6c00955d59393f98b568d951736739d4b009ea674691e0ad4,merkle,repair_transaction_block_ms,27.805
size-scaling-k75-c300-n15000000-f32-k75-c300-fanout_f32_l16-merkle-r4,b73980b6919c7da6c00955d59393f98b568d951736739d4b009ea674691e0ad4,merkle,repair_write_ms,27.810
size-scaling-k75-c300-n15000000-f32-k75-c300-fanout_f32_l16-merkle-r4,b73980b6919c7da6c00955d59393f98b568d951736739d4b009ea674691e0ad4,merkle,targeted_post_repair_confirmation_ms,3.597
size-scaling-k75-c300-n15000000-f32-k75-c300-fanout_f32_l16-merkle-r4,b73980b6919c7da6c00955d59393f98b568d951736739d4b009ea674691e0ad4,merkle,recovery_observability_ms,0.001
size-scaling-k75-c300-n15000000-f32-k75-c300-fanout_f32_l16-merkle-r4,b73980b6919c7da6c00955d59393f98b568d951736739d4b009ea674691e0ad4,merkle,recovery_orchestration_ms,1.415
size-scaling-k75-c300-n15000000-f32-k75-c300-fanout_f32_l16-merkle-r4,b73980b6919c7da6c00955d59393f98b568d951736739d4b009ea674691e0ad4,merkle,audit_exact_table_compare_ms,53486.134
size-scaling-k75-c300-n15000000-f32-k75-c300-fanout_f32_l16-merkle-r4,b73980b6919c7da6c00955d59393f98b568d951736739d4b009ea674691e0ad4,merkle,audit_merkle_root_hash_ms,1.384
size-scaling-k75-c300-n15000000-f32-k75-c300-fanout_f32_l16-merkle-r4,b73980b6919c7da6c00955d59393f98b568d951736739d4b009ea674691e0ad4,merkle,audit_merkle_verify_ms,45380.217
size-scaling-k75-c300-n15000000-f32-k75-c300-fanout_f32_l16-merkle-r4,b73980b6919c7da6c00955d59393f98b568d951736739d4b009ea674691e0ad4,merkle,audit_schema_fidelity_ms,2.196
size-scaling-k75-c300-n15000000-f32-k75-c300-fanout_f32_l16-merkle-r4,b73980b6919c7da6c00955d59393f98b568d951736739d4b009ea674691e0ad4,merkle,merkle_total_ms,101880.076
size-scaling-k75-c300-n15000000-f32-k75-c300-fanout_f32_l16-merkle-r5,b73980b6919c7da6c00955d59393f98b568d951736739d4b009ea674691e0ad4,merkle,tree_localisation_ms,188.349
size-scaling-k75-c300-n15000000-f32-k75-c300-fanout_f32_l16-merkle-r5,b73980b6919c7da6c00955d59393f98b568d951736739d4b009ea674691e0ad4,merkle,candidate_row_fetch_ms,17.589
size-scaling-k75-c300-n15000000-f32-k75-c300-fanout_f32_l16-merkle-r5,b73980b6919c7da6c00955d59393f98b568d951736739d4b009ea674691e0ad4,merkle,row_comparison_ms,0.556
size-scaling-k75-c300-n15000000-f32-k75-c300-fanout_f32_l16-merkle-r5,b73980b6919c7da6c00955d59393f98b568d951736739d4b009ea674691e0ad4,merkle,repair_sql_building_ms,0.557
size-scaling-k75-c300-n15000000-f32-k75-c300-fanout_f32_l16-merkle-r5,b73980b6919c7da6c00955d59393f98b568d951736739d4b009ea674691e0ad4,merkle,repair_dml_wire_ms,17.028
size-scaling-k75-c300-n15000000-f32-k75-c300-fanout_f32_l16-merkle-r5,b73980b6919c7da6c00955d59393f98b568d951736739d4b009ea674691e0ad4,merkle,repair_commit_wire_ms,9.327
size-scaling-k75-c300-n15000000-f32-k75-c300-fanout_f32_l16-merkle-r5,b73980b6919c7da6c00955d59393f98b568d951736739d4b009ea674691e0ad4,merkle,repair_begin_wire_ms,0.111
size-scaling-k75-c300-n15000000-f32-k75-c300-fanout_f32_l16-merkle-r5,b73980b6919c7da6c00955d59393f98b568d951736739d4b009ea674691e0ad4,merkle,repair_transaction_block_ms,27.077
size-scaling-k75-c300-n15000000-f32-k75-c300-fanout_f32_l16-merkle-r5,b73980b6919c7da6c00955d59393f98b568d951736739d4b009ea674691e0ad4,merkle,repair_write_ms,27.081
size-scaling-k75-c300-n15000000-f32-k75-c300-fanout_f32_l16-merkle-r5,b73980b6919c7da6c00955d59393f98b568d951736739d4b009ea674691e0ad4,merkle,targeted_post_repair_confirmation_ms,3.571
size-scaling-k75-c300-n15000000-f32-k75-c300-fanout_f32_l16-merkle-r5,b73980b6919c7da6c00955d59393f98b568d951736739d4b009ea674691e0ad4,merkle,recovery_observability_ms,0.001
size-scaling-k75-c300-n15000000-f32-k75-c300-fanout_f32_l16-merkle-r5,b73980b6919c7da6c00955d59393f98b568d951736739d4b009ea674691e0ad4,merkle,recovery_orchestration_ms,1.425
size-scaling-k75-c300-n15000000-f32-k75-c300-fanout_f32_l16-merkle-r5,b73980b6919c7da6c00955d59393f98b568d951736739d4b009ea674691e0ad4,merkle,audit_exact_table_compare_ms,53169.966
size-scaling-k75-c300-n15000000-f32-k75-c300-fanout_f32_l16-merkle-r5,b73980b6919c7da6c00955d59393f98b568d951736739d4b009ea674691e0ad4,merkle,audit_merkle_root_hash_ms,1.344
size-scaling-k75-c300-n15000000-f32-k75-c300-fanout_f32_l16-merkle-r5,b73980b6919c7da6c00955d59393f98b568d951736739d4b009ea674691e0ad4,merkle,audit_merkle_verify_ms,45430.349
size-scaling-k75-c300-n15000000-f32-k75-c300-fanout_f32_l16-merkle-r5,b73980b6919c7da6c00955d59393f98b568d951736739d4b009ea674691e0ad4,merkle,audit_schema_fidelity_ms,2.210
size-scaling-k75-c300-n15000000-f32-k75-c300-fanout_f32_l16-merkle-r5,b73980b6919c7da6c00955d59393f98b568d951736739d4b009ea674691e0ad4,merkle,merkle_total_ms,101573.636
size-scaling-k75-c300-n15000000-f32-k75-c300-fanout_f32_l16-merkle-r6,b73980b6919c7da6c00955d59393f98b568d951736739d4b009ea674691e0ad4,merkle,tree_localisation_ms,181.489
size-scaling-k75-c300-n15000000-f32-k75-c300-fanout_f32_l16-merkle-r6,b73980b6919c7da6c00955d59393f98b568d951736739d4b009ea674691e0ad4,merkle,candidate_row_fetch_ms,17.817
size-scaling-k75-c300-n15000000-f32-k75-c300-fanout_f32_l16-merkle-r6,b73980b6919c7da6c00955d59393f98b568d951736739d4b009ea674691e0ad4,merkle,row_comparison_ms,0.575
size-scaling-k75-c300-n15000000-f32-k75-c300-fanout_f32_l16-merkle-r6,b73980b6919c7da6c00955d59393f98b568d951736739d4b009ea674691e0ad4,merkle,repair_sql_building_ms,0.571
size-scaling-k75-c300-n15000000-f32-k75-c300-fanout_f32_l16-merkle-r6,b73980b6919c7da6c00955d59393f98b568d951736739d4b009ea674691e0ad4,merkle,repair_dml_wire_ms,17.263
size-scaling-k75-c300-n15000000-f32-k75-c300-fanout_f32_l16-merkle-r6,b73980b6919c7da6c00955d59393f98b568d951736739d4b009ea674691e0ad4,merkle,repair_commit_wire_ms,9.406
size-scaling-k75-c300-n15000000-f32-k75-c300-fanout_f32_l16-merkle-r6,b73980b6919c7da6c00955d59393f98b568d951736739d4b009ea674691e0ad4,merkle,repair_begin_wire_ms,0.112
size-scaling-k75-c300-n15000000-f32-k75-c300-fanout_f32_l16-merkle-r6,b73980b6919c7da6c00955d59393f98b568d951736739d4b009ea674691e0ad4,merkle,repair_transaction_block_ms,27.407
size-scaling-k75-c300-n15000000-f32-k75-c300-fanout_f32_l16-merkle-r6,b73980b6919c7da6c00955d59393f98b568d951736739d4b009ea674691e0ad4,merkle,repair_write_ms,27.411
size-scaling-k75-c300-n15000000-f32-k75-c300-fanout_f32_l16-merkle-r6,b73980b6919c7da6c00955d59393f98b568d951736739d4b009ea674691e0ad4,merkle,targeted_post_repair_confirmation_ms,3.536
size-scaling-k75-c300-n15000000-f32-k75-c300-fanout_f32_l16-merkle-r6,b73980b6919c7da6c00955d59393f98b568d951736739d4b009ea674691e0ad4,merkle,recovery_observability_ms,0.001
size-scaling-k75-c300-n15000000-f32-k75-c300-fanout_f32_l16-merkle-r6,b73980b6919c7da6c00955d59393f98b568d951736739d4b009ea674691e0ad4,merkle,recovery_orchestration_ms,1.414
size-scaling-k75-c300-n15000000-f32-k75-c300-fanout_f32_l16-merkle-r6,b73980b6919c7da6c00955d59393f98b568d951736739d4b009ea674691e0ad4,merkle,audit_exact_table_compare_ms,53682.523
size-scaling-k75-c300-n15000000-f32-k75-c300-fanout_f32_l16-merkle-r6,b73980b6919c7da6c00955d59393f98b568d951736739d4b009ea674691e0ad4,merkle,audit_merkle_root_hash_ms,1.328
size-scaling-k75-c300-n15000000-f32-k75-c300-fanout_f32_l16-merkle-r6,b73980b6919c7da6c00955d59393f98b568d951736739d4b009ea674691e0ad4,merkle,audit_merkle_verify_ms,45669.412
size-scaling-k75-c300-n15000000-f32-k75-c300-fanout_f32_l16-merkle-r6,b73980b6919c7da6c00955d59393f98b568d951736739d4b009ea674691e0ad4,merkle,audit_schema_fidelity_ms,2.115
size-scaling-k75-c300-n15000000-f32-k75-c300-fanout_f32_l16-merkle-r6,b73980b6919c7da6c00955d59393f98b568d951736739d4b009ea674691e0ad4,merkle,merkle_total_ms,102318.391
size-scaling-k75-c300-n15000000-f32-k75-c300-fanout_f32_l16-merkle-r7,b73980b6919c7da6c00955d59393f98b568d951736739d4b009ea674691e0ad4,merkle,tree_localisation_ms,176.337
size-scaling-k75-c300-n15000000-f32-k75-c300-fanout_f32_l16-merkle-r7,b73980b6919c7da6c00955d59393f98b568d951736739d4b009ea674691e0ad4,merkle,candidate_row_fetch_ms,17.932
size-scaling-k75-c300-n15000000-f32-k75-c300-fanout_f32_l16-merkle-r7,b73980b6919c7da6c00955d59393f98b568d951736739d4b009ea674691e0ad4,merkle,row_comparison_ms,0.580
size-scaling-k75-c300-n15000000-f32-k75-c300-fanout_f32_l16-merkle-r7,b73980b6919c7da6c00955d59393f98b568d951736739d4b009ea674691e0ad4,merkle,repair_sql_building_ms,0.567
size-scaling-k75-c300-n15000000-f32-k75-c300-fanout_f32_l16-merkle-r7,b73980b6919c7da6c00955d59393f98b568d951736739d4b009ea674691e0ad4,merkle,repair_dml_wire_ms,17.034
size-scaling-k75-c300-n15000000-f32-k75-c300-fanout_f32_l16-merkle-r7,b73980b6919c7da6c00955d59393f98b568d951736739d4b009ea674691e0ad4,merkle,repair_commit_wire_ms,9.323
size-scaling-k75-c300-n15000000-f32-k75-c300-fanout_f32_l16-merkle-r7,b73980b6919c7da6c00955d59393f98b568d951736739d4b009ea674691e0ad4,merkle,repair_begin_wire_ms,0.111
size-scaling-k75-c300-n15000000-f32-k75-c300-fanout_f32_l16-merkle-r7,b73980b6919c7da6c00955d59393f98b568d951736739d4b009ea674691e0ad4,merkle,repair_transaction_block_ms,27.089
size-scaling-k75-c300-n15000000-f32-k75-c300-fanout_f32_l16-merkle-r7,b73980b6919c7da6c00955d59393f98b568d951736739d4b009ea674691e0ad4,merkle,repair_write_ms,27.093
size-scaling-k75-c300-n15000000-f32-k75-c300-fanout_f32_l16-merkle-r7,b73980b6919c7da6c00955d59393f98b568d951736739d4b009ea674691e0ad4,merkle,targeted_post_repair_confirmation_ms,3.631
size-scaling-k75-c300-n15000000-f32-k75-c300-fanout_f32_l16-merkle-r7,b73980b6919c7da6c00955d59393f98b568d951736739d4b009ea674691e0ad4,merkle,recovery_observability_ms,0.001
size-scaling-k75-c300-n15000000-f32-k75-c300-fanout_f32_l16-merkle-r7,b73980b6919c7da6c00955d59393f98b568d951736739d4b009ea674691e0ad4,merkle,recovery_orchestration_ms,1.403
size-scaling-k75-c300-n15000000-f32-k75-c300-fanout_f32_l16-merkle-r7,b73980b6919c7da6c00955d59393f98b568d951736739d4b009ea674691e0ad4,merkle,audit_exact_table_compare_ms,53330.658
size-scaling-k75-c300-n15000000-f32-k75-c300-fanout_f32_l16-merkle-r7,b73980b6919c7da6c00955d59393f98b568d951736739d4b009ea674691e0ad4,merkle,audit_merkle_root_hash_ms,1.254
size-scaling-k75-c300-n15000000-f32-k75-c300-fanout_f32_l16-merkle-r7,b73980b6919c7da6c00955d59393f98b568d951736739d4b009ea674691e0ad4,merkle,audit_merkle_verify_ms,45506.853
size-scaling-k75-c300-n15000000-f32-k75-c300-fanout_f32_l16-merkle-r7,b73980b6919c7da6c00955d59393f98b568d951736739d4b009ea674691e0ad4,merkle,audit_schema_fidelity_ms,2.198
size-scaling-k75-c300-n15000000-f32-k75-c300-fanout_f32_l16-merkle-r7,b73980b6919c7da6c00955d59393f98b568d951736739d4b009ea674691e0ad4,merkle,merkle_total_ms,101850.347
size-scaling-k75-c300-n15000000-f32-k75-c300-fanout_f32_l16-merkle-r8,b73980b6919c7da6c00955d59393f98b568d951736739d4b009ea674691e0ad4,merkle,tree_localisation_ms,176.039
size-scaling-k75-c300-n15000000-f32-k75-c300-fanout_f32_l16-merkle-r8,b73980b6919c7da6c00955d59393f98b568d951736739d4b009ea674691e0ad4,merkle,candidate_row_fetch_ms,18.194
size-scaling-k75-c300-n15000000-f32-k75-c300-fanout_f32_l16-merkle-r8,b73980b6919c7da6c00955d59393f98b568d951736739d4b009ea674691e0ad4,merkle,row_comparison_ms,0.581
size-scaling-k75-c300-n15000000-f32-k75-c300-fanout_f32_l16-merkle-r8,b73980b6919c7da6c00955d59393f98b568d951736739d4b009ea674691e0ad4,merkle,repair_sql_building_ms,0.565
size-scaling-k75-c300-n15000000-f32-k75-c300-fanout_f32_l16-merkle-r8,b73980b6919c7da6c00955d59393f98b568d951736739d4b009ea674691e0ad4,merkle,repair_dml_wire_ms,17.248
size-scaling-k75-c300-n15000000-f32-k75-c300-fanout_f32_l16-merkle-r8,b73980b6919c7da6c00955d59393f98b568d951736739d4b009ea674691e0ad4,merkle,repair_commit_wire_ms,9.335
size-scaling-k75-c300-n15000000-f32-k75-c300-fanout_f32_l16-merkle-r8,b73980b6919c7da6c00955d59393f98b568d951736739d4b009ea674691e0ad4,merkle,repair_begin_wire_ms,0.119
size-scaling-k75-c300-n15000000-f32-k75-c300-fanout_f32_l16-merkle-r8,b73980b6919c7da6c00955d59393f98b568d951736739d4b009ea674691e0ad4,merkle,repair_transaction_block_ms,27.322
size-scaling-k75-c300-n15000000-f32-k75-c300-fanout_f32_l16-merkle-r8,b73980b6919c7da6c00955d59393f98b568d951736739d4b009ea674691e0ad4,merkle,repair_write_ms,27.326
size-scaling-k75-c300-n15000000-f32-k75-c300-fanout_f32_l16-merkle-r8,b73980b6919c7da6c00955d59393f98b568d951736739d4b009ea674691e0ad4,merkle,targeted_post_repair_confirmation_ms,3.569
size-scaling-k75-c300-n15000000-f32-k75-c300-fanout_f32_l16-merkle-r8,b73980b6919c7da6c00955d59393f98b568d951736739d4b009ea674691e0ad4,merkle,recovery_observability_ms,0.001
size-scaling-k75-c300-n15000000-f32-k75-c300-fanout_f32_l16-merkle-r8,b73980b6919c7da6c00955d59393f98b568d951736739d4b009ea674691e0ad4,merkle,recovery_orchestration_ms,1.415
size-scaling-k75-c300-n15000000-f32-k75-c300-fanout_f32_l16-merkle-r8,b73980b6919c7da6c00955d59393f98b568d951736739d4b009ea674691e0ad4,merkle,audit_exact_table_compare_ms,53449.487
size-scaling-k75-c300-n15000000-f32-k75-c300-fanout_f32_l16-merkle-r8,b73980b6919c7da6c00955d59393f98b568d951736739d4b009ea674691e0ad4,merkle,audit_merkle_root_hash_ms,1.329
size-scaling-k75-c300-n15000000-f32-k75-c300-fanout_f32_l16-merkle-r8,b73980b6919c7da6c00955d59393f98b568d951736739d4b009ea674691e0ad4,merkle,audit_merkle_verify_ms,45403.014
size-scaling-k75-c300-n15000000-f32-k75-c300-fanout_f32_l16-merkle-r8,b73980b6919c7da6c00955d59393f98b568d951736739d4b009ea674691e0ad4,merkle,audit_schema_fidelity_ms,2.207
size-scaling-k75-c300-n15000000-f32-k75-c300-fanout_f32_l16-merkle-r8,b73980b6919c7da6c00955d59393f98b568d951736739d4b009ea674691e0ad4,merkle,merkle_total_ms,101864.830
size-scaling-k75-c300-n15000000-f32-k75-c300-fanout_f32_l16-merkle-r9,b73980b6919c7da6c00955d59393f98b568d951736739d4b009ea674691e0ad4,merkle,tree_localisation_ms,191.840
size-scaling-k75-c300-n15000000-f32-k75-c300-fanout_f32_l16-merkle-r9,b73980b6919c7da6c00955d59393f98b568d951736739d4b009ea674691e0ad4,merkle,candidate_row_fetch_ms,18.385
size-scaling-k75-c300-n15000000-f32-k75-c300-fanout_f32_l16-merkle-r9,b73980b6919c7da6c00955d59393f98b568d951736739d4b009ea674691e0ad4,merkle,row_comparison_ms,0.568
size-scaling-k75-c300-n15000000-f32-k75-c300-fanout_f32_l16-merkle-r9,b73980b6919c7da6c00955d59393f98b568d951736739d4b009ea674691e0ad4,merkle,repair_sql_building_ms,0.570
size-scaling-k75-c300-n15000000-f32-k75-c300-fanout_f32_l16-merkle-r9,b73980b6919c7da6c00955d59393f98b568d951736739d4b009ea674691e0ad4,merkle,repair_dml_wire_ms,17.162
size-scaling-k75-c300-n15000000-f32-k75-c300-fanout_f32_l16-merkle-r9,b73980b6919c7da6c00955d59393f98b568d951736739d4b009ea674691e0ad4,merkle,repair_commit_wire_ms,9.448
size-scaling-k75-c300-n15000000-f32-k75-c300-fanout_f32_l16-merkle-r9,b73980b6919c7da6c00955d59393f98b568d951736739d4b009ea674691e0ad4,merkle,repair_begin_wire_ms,0.113
size-scaling-k75-c300-n15000000-f32-k75-c300-fanout_f32_l16-merkle-r9,b73980b6919c7da6c00955d59393f98b568d951736739d4b009ea674691e0ad4,merkle,repair_transaction_block_ms,27.351
size-scaling-k75-c300-n15000000-f32-k75-c300-fanout_f32_l16-merkle-r9,b73980b6919c7da6c00955d59393f98b568d951736739d4b009ea674691e0ad4,merkle,repair_write_ms,27.355
size-scaling-k75-c300-n15000000-f32-k75-c300-fanout_f32_l16-merkle-r9,b73980b6919c7da6c00955d59393f98b568d951736739d4b009ea674691e0ad4,merkle,targeted_post_repair_confirmation_ms,3.565
size-scaling-k75-c300-n15000000-f32-k75-c300-fanout_f32_l16-merkle-r9,b73980b6919c7da6c00955d59393f98b568d951736739d4b009ea674691e0ad4,merkle,recovery_observability_ms,0.001
size-scaling-k75-c300-n15000000-f32-k75-c300-fanout_f32_l16-merkle-r9,b73980b6919c7da6c00955d59393f98b568d951736739d4b009ea674691e0ad4,merkle,recovery_orchestration_ms,1.442
size-scaling-k75-c300-n15000000-f32-k75-c300-fanout_f32_l16-merkle-r9,b73980b6919c7da6c00955d59393f98b568d951736739d4b009ea674691e0ad4,merkle,audit_exact_table_compare_ms,53298.303
size-scaling-k75-c300-n15000000-f32-k75-c300-fanout_f32_l16-merkle-r9,b73980b6919c7da6c00955d59393f98b568d951736739d4b009ea674691e0ad4,merkle,audit_merkle_root_hash_ms,1.370
size-scaling-k75-c300-n15000000-f32-k75-c300-fanout_f32_l16-merkle-r9,b73980b6919c7da6c00955d59393f98b568d951736739d4b009ea674691e0ad4,merkle,audit_merkle_verify_ms,45626.538
size-scaling-k75-c300-n15000000-f32-k75-c300-fanout_f32_l16-merkle-r9,b73980b6919c7da6c00955d59393f98b568d951736739d4b009ea674691e0ad4,merkle,audit_schema_fidelity_ms,2.208
size-scaling-k75-c300-n15000000-f32-k75-c300-fanout_f32_l16-merkle-r9,b73980b6919c7da6c00955d59393f98b568d951736739d4b009ea674691e0ad4,merkle,merkle_total_ms,101902.893
size-scaling-k75-c300-n20000000-f32-k75-c300-fanout_f32_l16-merkle-r0,ac8f16c48646f00fa8b52ac0aea5d2eee2817067fd06555ced8b5aaa855477f9,merkle,tree_localisation_ms,177.111
size-scaling-k75-c300-n20000000-f32-k75-c300-fanout_f32_l16-merkle-r0,ac8f16c48646f00fa8b52ac0aea5d2eee2817067fd06555ced8b5aaa855477f9,merkle,candidate_row_fetch_ms,17.264
size-scaling-k75-c300-n20000000-f32-k75-c300-fanout_f32_l16-merkle-r0,ac8f16c48646f00fa8b52ac0aea5d2eee2817067fd06555ced8b5aaa855477f9,merkle,row_comparison_ms,0.604
size-scaling-k75-c300-n20000000-f32-k75-c300-fanout_f32_l16-merkle-r0,ac8f16c48646f00fa8b52ac0aea5d2eee2817067fd06555ced8b5aaa855477f9,merkle,repair_sql_building_ms,0.556
size-scaling-k75-c300-n20000000-f32-k75-c300-fanout_f32_l16-merkle-r0,ac8f16c48646f00fa8b52ac0aea5d2eee2817067fd06555ced8b5aaa855477f9,merkle,repair_dml_wire_ms,17.572
size-scaling-k75-c300-n20000000-f32-k75-c300-fanout_f32_l16-merkle-r0,ac8f16c48646f00fa8b52ac0aea5d2eee2817067fd06555ced8b5aaa855477f9,merkle,repair_commit_wire_ms,9.384
size-scaling-k75-c300-n20000000-f32-k75-c300-fanout_f32_l16-merkle-r0,ac8f16c48646f00fa8b52ac0aea5d2eee2817067fd06555ced8b5aaa855477f9,merkle,repair_begin_wire_ms,0.108
size-scaling-k75-c300-n20000000-f32-k75-c300-fanout_f32_l16-merkle-r0,ac8f16c48646f00fa8b52ac0aea5d2eee2817067fd06555ced8b5aaa855477f9,merkle,repair_transaction_block_ms,27.689
size-scaling-k75-c300-n20000000-f32-k75-c300-fanout_f32_l16-merkle-r0,ac8f16c48646f00fa8b52ac0aea5d2eee2817067fd06555ced8b5aaa855477f9,merkle,repair_write_ms,27.693
size-scaling-k75-c300-n20000000-f32-k75-c300-fanout_f32_l16-merkle-r0,ac8f16c48646f00fa8b52ac0aea5d2eee2817067fd06555ced8b5aaa855477f9,merkle,targeted_post_repair_confirmation_ms,3.590
size-scaling-k75-c300-n20000000-f32-k75-c300-fanout_f32_l16-merkle-r0,ac8f16c48646f00fa8b52ac0aea5d2eee2817067fd06555ced8b5aaa855477f9,merkle,recovery_observability_ms,0.001
size-scaling-k75-c300-n20000000-f32-k75-c300-fanout_f32_l16-merkle-r0,ac8f16c48646f00fa8b52ac0aea5d2eee2817067fd06555ced8b5aaa855477f9,merkle,recovery_orchestration_ms,1.414
size-scaling-k75-c300-n20000000-f32-k75-c300-fanout_f32_l16-merkle-r0,ac8f16c48646f00fa8b52ac0aea5d2eee2817067fd06555ced8b5aaa855477f9,merkle,audit_exact_table_compare_ms,70817.569
size-scaling-k75-c300-n20000000-f32-k75-c300-fanout_f32_l16-merkle-r0,ac8f16c48646f00fa8b52ac0aea5d2eee2817067fd06555ced8b5aaa855477f9,merkle,audit_merkle_root_hash_ms,1.301
size-scaling-k75-c300-n20000000-f32-k75-c300-fanout_f32_l16-merkle-r0,ac8f16c48646f00fa8b52ac0aea5d2eee2817067fd06555ced8b5aaa855477f9,merkle,audit_merkle_verify_ms,60591.052
size-scaling-k75-c300-n20000000-f32-k75-c300-fanout_f32_l16-merkle-r0,ac8f16c48646f00fa8b52ac0aea5d2eee2817067fd06555ced8b5aaa855477f9,merkle,audit_schema_fidelity_ms,2.204
size-scaling-k75-c300-n20000000-f32-k75-c300-fanout_f32_l16-merkle-r0,ac8f16c48646f00fa8b52ac0aea5d2eee2817067fd06555ced8b5aaa855477f9,merkle,merkle_total_ms,134424.038
size-scaling-k75-c300-n20000000-f32-k75-c300-fanout_f32_l16-merkle-r1,ac8f16c48646f00fa8b52ac0aea5d2eee2817067fd06555ced8b5aaa855477f9,merkle,tree_localisation_ms,196.142
size-scaling-k75-c300-n20000000-f32-k75-c300-fanout_f32_l16-merkle-r1,ac8f16c48646f00fa8b52ac0aea5d2eee2817067fd06555ced8b5aaa855477f9,merkle,candidate_row_fetch_ms,17.649
size-scaling-k75-c300-n20000000-f32-k75-c300-fanout_f32_l16-merkle-r1,ac8f16c48646f00fa8b52ac0aea5d2eee2817067fd06555ced8b5aaa855477f9,merkle,row_comparison_ms,0.596
size-scaling-k75-c300-n20000000-f32-k75-c300-fanout_f32_l16-merkle-r1,ac8f16c48646f00fa8b52ac0aea5d2eee2817067fd06555ced8b5aaa855477f9,merkle,repair_sql_building_ms,0.566
size-scaling-k75-c300-n20000000-f32-k75-c300-fanout_f32_l16-merkle-r1,ac8f16c48646f00fa8b52ac0aea5d2eee2817067fd06555ced8b5aaa855477f9,merkle,repair_dml_wire_ms,17.253
size-scaling-k75-c300-n20000000-f32-k75-c300-fanout_f32_l16-merkle-r1,ac8f16c48646f00fa8b52ac0aea5d2eee2817067fd06555ced8b5aaa855477f9,merkle,repair_commit_wire_ms,9.472
size-scaling-k75-c300-n20000000-f32-k75-c300-fanout_f32_l16-merkle-r1,ac8f16c48646f00fa8b52ac0aea5d2eee2817067fd06555ced8b5aaa855477f9,merkle,repair_begin_wire_ms,0.112
size-scaling-k75-c300-n20000000-f32-k75-c300-fanout_f32_l16-merkle-r1,ac8f16c48646f00fa8b52ac0aea5d2eee2817067fd06555ced8b5aaa855477f9,merkle,repair_transaction_block_ms,27.458
size-scaling-k75-c300-n20000000-f32-k75-c300-fanout_f32_l16-merkle-r1,ac8f16c48646f00fa8b52ac0aea5d2eee2817067fd06555ced8b5aaa855477f9,merkle,repair_write_ms,27.463
size-scaling-k75-c300-n20000000-f32-k75-c300-fanout_f32_l16-merkle-r1,ac8f16c48646f00fa8b52ac0aea5d2eee2817067fd06555ced8b5aaa855477f9,merkle,targeted_post_repair_confirmation_ms,3.594
size-scaling-k75-c300-n20000000-f32-k75-c300-fanout_f32_l16-merkle-r1,ac8f16c48646f00fa8b52ac0aea5d2eee2817067fd06555ced8b5aaa855477f9,merkle,recovery_observability_ms,0.001
size-scaling-k75-c300-n20000000-f32-k75-c300-fanout_f32_l16-merkle-r1,ac8f16c48646f00fa8b52ac0aea5d2eee2817067fd06555ced8b5aaa855477f9,merkle,recovery_orchestration_ms,1.433
size-scaling-k75-c300-n20000000-f32-k75-c300-fanout_f32_l16-merkle-r1,ac8f16c48646f00fa8b52ac0aea5d2eee2817067fd06555ced8b5aaa855477f9,merkle,audit_exact_table_compare_ms,70862.918
size-scaling-k75-c300-n20000000-f32-k75-c300-fanout_f32_l16-merkle-r1,ac8f16c48646f00fa8b52ac0aea5d2eee2817067fd06555ced8b5aaa855477f9,merkle,audit_merkle_root_hash_ms,1.324
size-scaling-k75-c300-n20000000-f32-k75-c300-fanout_f32_l16-merkle-r1,ac8f16c48646f00fa8b52ac0aea5d2eee2817067fd06555ced8b5aaa855477f9,merkle,audit_merkle_verify_ms,60630.084
size-scaling-k75-c300-n20000000-f32-k75-c300-fanout_f32_l16-merkle-r1,ac8f16c48646f00fa8b52ac0aea5d2eee2817067fd06555ced8b5aaa855477f9,merkle,audit_schema_fidelity_ms,2.061
size-scaling-k75-c300-n20000000-f32-k75-c300-fanout_f32_l16-merkle-r1,ac8f16c48646f00fa8b52ac0aea5d2eee2817067fd06555ced8b5aaa855477f9,merkle,merkle_total_ms,134474.457
size-scaling-k75-c300-n20000000-f32-k75-c300-fanout_f32_l16-merkle-r2,ac8f16c48646f00fa8b52ac0aea5d2eee2817067fd06555ced8b5aaa855477f9,merkle,tree_localisation_ms,179.109
size-scaling-k75-c300-n20000000-f32-k75-c300-fanout_f32_l16-merkle-r2,ac8f16c48646f00fa8b52ac0aea5d2eee2817067fd06555ced8b5aaa855477f9,merkle,candidate_row_fetch_ms,17.543
size-scaling-k75-c300-n20000000-f32-k75-c300-fanout_f32_l16-merkle-r2,ac8f16c48646f00fa8b52ac0aea5d2eee2817067fd06555ced8b5aaa855477f9,merkle,row_comparison_ms,0.580
size-scaling-k75-c300-n20000000-f32-k75-c300-fanout_f32_l16-merkle-r2,ac8f16c48646f00fa8b52ac0aea5d2eee2817067fd06555ced8b5aaa855477f9,merkle,repair_sql_building_ms,0.557
size-scaling-k75-c300-n20000000-f32-k75-c300-fanout_f32_l16-merkle-r2,ac8f16c48646f00fa8b52ac0aea5d2eee2817067fd06555ced8b5aaa855477f9,merkle,repair_dml_wire_ms,17.208
size-scaling-k75-c300-n20000000-f32-k75-c300-fanout_f32_l16-merkle-r2,ac8f16c48646f00fa8b52ac0aea5d2eee2817067fd06555ced8b5aaa855477f9,merkle,repair_commit_wire_ms,9.280
size-scaling-k75-c300-n20000000-f32-k75-c300-fanout_f32_l16-merkle-r2,ac8f16c48646f00fa8b52ac0aea5d2eee2817067fd06555ced8b5aaa855477f9,merkle,repair_begin_wire_ms,0.112
size-scaling-k75-c300-n20000000-f32-k75-c300-fanout_f32_l16-merkle-r2,ac8f16c48646f00fa8b52ac0aea5d2eee2817067fd06555ced8b5aaa855477f9,merkle,repair_transaction_block_ms,27.215
size-scaling-k75-c300-n20000000-f32-k75-c300-fanout_f32_l16-merkle-r2,ac8f16c48646f00fa8b52ac0aea5d2eee2817067fd06555ced8b5aaa855477f9,merkle,repair_write_ms,27.220
size-scaling-k75-c300-n20000000-f32-k75-c300-fanout_f32_l16-merkle-r2,ac8f16c48646f00fa8b52ac0aea5d2eee2817067fd06555ced8b5aaa855477f9,merkle,targeted_post_repair_confirmation_ms,3.586
size-scaling-k75-c300-n20000000-f32-k75-c300-fanout_f32_l16-merkle-r2,ac8f16c48646f00fa8b52ac0aea5d2eee2817067fd06555ced8b5aaa855477f9,merkle,recovery_observability_ms,0.001
size-scaling-k75-c300-n20000000-f32-k75-c300-fanout_f32_l16-merkle-r2,ac8f16c48646f00fa8b52ac0aea5d2eee2817067fd06555ced8b5aaa855477f9,merkle,recovery_orchestration_ms,1.488
size-scaling-k75-c300-n20000000-f32-k75-c300-fanout_f32_l16-merkle-r2,ac8f16c48646f00fa8b52ac0aea5d2eee2817067fd06555ced8b5aaa855477f9,merkle,audit_exact_table_compare_ms,71099.632
size-scaling-k75-c300-n20000000-f32-k75-c300-fanout_f32_l16-merkle-r2,ac8f16c48646f00fa8b52ac0aea5d2eee2817067fd06555ced8b5aaa855477f9,merkle,audit_merkle_root_hash_ms,1.258
size-scaling-k75-c300-n20000000-f32-k75-c300-fanout_f32_l16-merkle-r2,ac8f16c48646f00fa8b52ac0aea5d2eee2817067fd06555ced8b5aaa855477f9,merkle,audit_merkle_verify_ms,60683.530
size-scaling-k75-c300-n20000000-f32-k75-c300-fanout_f32_l16-merkle-r2,ac8f16c48646f00fa8b52ac0aea5d2eee2817067fd06555ced8b5aaa855477f9,merkle,audit_schema_fidelity_ms,2.195
size-scaling-k75-c300-n20000000-f32-k75-c300-fanout_f32_l16-merkle-r2,ac8f16c48646f00fa8b52ac0aea5d2eee2817067fd06555ced8b5aaa855477f9,merkle,merkle_total_ms,134798.491
size-scaling-k75-c300-n20000000-f32-k75-c300-fanout_f32_l16-merkle-r3,ac8f16c48646f00fa8b52ac0aea5d2eee2817067fd06555ced8b5aaa855477f9,merkle,tree_localisation_ms,177.395
size-scaling-k75-c300-n20000000-f32-k75-c300-fanout_f32_l16-merkle-r3,ac8f16c48646f00fa8b52ac0aea5d2eee2817067fd06555ced8b5aaa855477f9,merkle,candidate_row_fetch_ms,17.629
size-scaling-k75-c300-n20000000-f32-k75-c300-fanout_f32_l16-merkle-r3,ac8f16c48646f00fa8b52ac0aea5d2eee2817067fd06555ced8b5aaa855477f9,merkle,row_comparison_ms,0.593
size-scaling-k75-c300-n20000000-f32-k75-c300-fanout_f32_l16-merkle-r3,ac8f16c48646f00fa8b52ac0aea5d2eee2817067fd06555ced8b5aaa855477f9,merkle,repair_sql_building_ms,0.593
size-scaling-k75-c300-n20000000-f32-k75-c300-fanout_f32_l16-merkle-r3,ac8f16c48646f00fa8b52ac0aea5d2eee2817067fd06555ced8b5aaa855477f9,merkle,repair_dml_wire_ms,17.759
size-scaling-k75-c300-n20000000-f32-k75-c300-fanout_f32_l16-merkle-r3,ac8f16c48646f00fa8b52ac0aea5d2eee2817067fd06555ced8b5aaa855477f9,merkle,repair_commit_wire_ms,9.402
size-scaling-k75-c300-n20000000-f32-k75-c300-fanout_f32_l16-merkle-r3,ac8f16c48646f00fa8b52ac0aea5d2eee2817067fd06555ced8b5aaa855477f9,merkle,repair_begin_wire_ms,0.112
size-scaling-k75-c300-n20000000-f32-k75-c300-fanout_f32_l16-merkle-r3,ac8f16c48646f00fa8b52ac0aea5d2eee2817067fd06555ced8b5aaa855477f9,merkle,repair_transaction_block_ms,27.922
size-scaling-k75-c300-n20000000-f32-k75-c300-fanout_f32_l16-merkle-r3,ac8f16c48646f00fa8b52ac0aea5d2eee2817067fd06555ced8b5aaa855477f9,merkle,repair_write_ms,27.927
size-scaling-k75-c300-n20000000-f32-k75-c300-fanout_f32_l16-merkle-r3,ac8f16c48646f00fa8b52ac0aea5d2eee2817067fd06555ced8b5aaa855477f9,merkle,targeted_post_repair_confirmation_ms,3.614
size-scaling-k75-c300-n20000000-f32-k75-c300-fanout_f32_l16-merkle-r3,ac8f16c48646f00fa8b52ac0aea5d2eee2817067fd06555ced8b5aaa855477f9,merkle,recovery_observability_ms,0.001
size-scaling-k75-c300-n20000000-f32-k75-c300-fanout_f32_l16-merkle-r3,ac8f16c48646f00fa8b52ac0aea5d2eee2817067fd06555ced8b5aaa855477f9,merkle,recovery_orchestration_ms,1.401
size-scaling-k75-c300-n20000000-f32-k75-c300-fanout_f32_l16-merkle-r3,ac8f16c48646f00fa8b52ac0aea5d2eee2817067fd06555ced8b5aaa855477f9,merkle,audit_exact_table_compare_ms,70885.540
size-scaling-k75-c300-n20000000-f32-k75-c300-fanout_f32_l16-merkle-r3,ac8f16c48646f00fa8b52ac0aea5d2eee2817067fd06555ced8b5aaa855477f9,merkle,audit_merkle_root_hash_ms,1.334
size-scaling-k75-c300-n20000000-f32-k75-c300-fanout_f32_l16-merkle-r3,ac8f16c48646f00fa8b52ac0aea5d2eee2817067fd06555ced8b5aaa855477f9,merkle,audit_merkle_verify_ms,60628.616
size-scaling-k75-c300-n20000000-f32-k75-c300-fanout_f32_l16-merkle-r3,ac8f16c48646f00fa8b52ac0aea5d2eee2817067fd06555ced8b5aaa855477f9,merkle,audit_schema_fidelity_ms,2.214
size-scaling-k75-c300-n20000000-f32-k75-c300-fanout_f32_l16-merkle-r3,ac8f16c48646f00fa8b52ac0aea5d2eee2817067fd06555ced8b5aaa855477f9,merkle,merkle_total_ms,134528.053
size-scaling-k75-c300-n20000000-f32-k75-c300-fanout_f32_l16-merkle-r4,ac8f16c48646f00fa8b52ac0aea5d2eee2817067fd06555ced8b5aaa855477f9,merkle,tree_localisation_ms,191.789
size-scaling-k75-c300-n20000000-f32-k75-c300-fanout_f32_l16-merkle-r4,ac8f16c48646f00fa8b52ac0aea5d2eee2817067fd06555ced8b5aaa855477f9,merkle,candidate_row_fetch_ms,17.931
size-scaling-k75-c300-n20000000-f32-k75-c300-fanout_f32_l16-merkle-r4,ac8f16c48646f00fa8b52ac0aea5d2eee2817067fd06555ced8b5aaa855477f9,merkle,row_comparison_ms,0.592
size-scaling-k75-c300-n20000000-f32-k75-c300-fanout_f32_l16-merkle-r4,ac8f16c48646f00fa8b52ac0aea5d2eee2817067fd06555ced8b5aaa855477f9,merkle,repair_sql_building_ms,0.565
size-scaling-k75-c300-n20000000-f32-k75-c300-fanout_f32_l16-merkle-r4,ac8f16c48646f00fa8b52ac0aea5d2eee2817067fd06555ced8b5aaa855477f9,merkle,repair_dml_wire_ms,17.214
size-scaling-k75-c300-n20000000-f32-k75-c300-fanout_f32_l16-merkle-r4,ac8f16c48646f00fa8b52ac0aea5d2eee2817067fd06555ced8b5aaa855477f9,merkle,repair_commit_wire_ms,9.339
size-scaling-k75-c300-n20000000-f32-k75-c300-fanout_f32_l16-merkle-r4,ac8f16c48646f00fa8b52ac0aea5d2eee2817067fd06555ced8b5aaa855477f9,merkle,repair_begin_wire_ms,0.116
size-scaling-k75-c300-n20000000-f32-k75-c300-fanout_f32_l16-merkle-r4,ac8f16c48646f00fa8b52ac0aea5d2eee2817067fd06555ced8b5aaa855477f9,merkle,repair_transaction_block_ms,27.290
size-scaling-k75-c300-n20000000-f32-k75-c300-fanout_f32_l16-merkle-r4,ac8f16c48646f00fa8b52ac0aea5d2eee2817067fd06555ced8b5aaa855477f9,merkle,repair_write_ms,27.295
size-scaling-k75-c300-n20000000-f32-k75-c300-fanout_f32_l16-merkle-r4,ac8f16c48646f00fa8b52ac0aea5d2eee2817067fd06555ced8b5aaa855477f9,merkle,targeted_post_repair_confirmation_ms,3.617
size-scaling-k75-c300-n20000000-f32-k75-c300-fanout_f32_l16-merkle-r4,ac8f16c48646f00fa8b52ac0aea5d2eee2817067fd06555ced8b5aaa855477f9,merkle,recovery_observability_ms,0.001
size-scaling-k75-c300-n20000000-f32-k75-c300-fanout_f32_l16-merkle-r4,ac8f16c48646f00fa8b52ac0aea5d2eee2817067fd06555ced8b5aaa855477f9,merkle,recovery_orchestration_ms,1.442
size-scaling-k75-c300-n20000000-f32-k75-c300-fanout_f32_l16-merkle-r4,ac8f16c48646f00fa8b52ac0aea5d2eee2817067fd06555ced8b5aaa855477f9,merkle,audit_exact_table_compare_ms,70710.008
size-scaling-k75-c300-n20000000-f32-k75-c300-fanout_f32_l16-merkle-r4,ac8f16c48646f00fa8b52ac0aea5d2eee2817067fd06555ced8b5aaa855477f9,merkle,audit_merkle_root_hash_ms,1.342
size-scaling-k75-c300-n20000000-f32-k75-c300-fanout_f32_l16-merkle-r4,ac8f16c48646f00fa8b52ac0aea5d2eee2817067fd06555ced8b5aaa855477f9,merkle,audit_merkle_verify_ms,60680.279
size-scaling-k75-c300-n20000000-f32-k75-c300-fanout_f32_l16-merkle-r4,ac8f16c48646f00fa8b52ac0aea5d2eee2817067fd06555ced8b5aaa855477f9,merkle,audit_schema_fidelity_ms,2.188
size-scaling-k75-c300-n20000000-f32-k75-c300-fanout_f32_l16-merkle-r4,ac8f16c48646f00fa8b52ac0aea5d2eee2817067fd06555ced8b5aaa855477f9,merkle,merkle_total_ms,134368.271
size-scaling-k75-c300-n20000000-f32-k75-c300-fanout_f32_l16-merkle-r5,ac8f16c48646f00fa8b52ac0aea5d2eee2817067fd06555ced8b5aaa855477f9,merkle,tree_localisation_ms,178.366
size-scaling-k75-c300-n20000000-f32-k75-c300-fanout_f32_l16-merkle-r5,ac8f16c48646f00fa8b52ac0aea5d2eee2817067fd06555ced8b5aaa855477f9,merkle,candidate_row_fetch_ms,18.164
size-scaling-k75-c300-n20000000-f32-k75-c300-fanout_f32_l16-merkle-r5,ac8f16c48646f00fa8b52ac0aea5d2eee2817067fd06555ced8b5aaa855477f9,merkle,row_comparison_ms,0.614
size-scaling-k75-c300-n20000000-f32-k75-c300-fanout_f32_l16-merkle-r5,ac8f16c48646f00fa8b52ac0aea5d2eee2817067fd06555ced8b5aaa855477f9,merkle,repair_sql_building_ms,0.559
size-scaling-k75-c300-n20000000-f32-k75-c300-fanout_f32_l16-merkle-r5,ac8f16c48646f00fa8b52ac0aea5d2eee2817067fd06555ced8b5aaa855477f9,merkle,repair_dml_wire_ms,17.709
size-scaling-k75-c300-n20000000-f32-k75-c300-fanout_f32_l16-merkle-r5,ac8f16c48646f00fa8b52ac0aea5d2eee2817067fd06555ced8b5aaa855477f9,merkle,repair_commit_wire_ms,9.361
size-scaling-k75-c300-n20000000-f32-k75-c300-fanout_f32_l16-merkle-r5,ac8f16c48646f00fa8b52ac0aea5d2eee2817067fd06555ced8b5aaa855477f9,merkle,repair_begin_wire_ms,0.115
size-scaling-k75-c300-n20000000-f32-k75-c300-fanout_f32_l16-merkle-r5,ac8f16c48646f00fa8b52ac0aea5d2eee2817067fd06555ced8b5aaa855477f9,merkle,repair_transaction_block_ms,27.803
size-scaling-k75-c300-n20000000-f32-k75-c300-fanout_f32_l16-merkle-r5,ac8f16c48646f00fa8b52ac0aea5d2eee2817067fd06555ced8b5aaa855477f9,merkle,repair_write_ms,27.807
size-scaling-k75-c300-n20000000-f32-k75-c300-fanout_f32_l16-merkle-r5,ac8f16c48646f00fa8b52ac0aea5d2eee2817067fd06555ced8b5aaa855477f9,merkle,targeted_post_repair_confirmation_ms,3.593
size-scaling-k75-c300-n20000000-f32-k75-c300-fanout_f32_l16-merkle-r5,ac8f16c48646f00fa8b52ac0aea5d2eee2817067fd06555ced8b5aaa855477f9,merkle,recovery_observability_ms,0.001
size-scaling-k75-c300-n20000000-f32-k75-c300-fanout_f32_l16-merkle-r5,ac8f16c48646f00fa8b52ac0aea5d2eee2817067fd06555ced8b5aaa855477f9,merkle,recovery_orchestration_ms,1.427
size-scaling-k75-c300-n20000000-f32-k75-c300-fanout_f32_l16-merkle-r5,ac8f16c48646f00fa8b52ac0aea5d2eee2817067fd06555ced8b5aaa855477f9,merkle,audit_exact_table_compare_ms,71496.111
size-scaling-k75-c300-n20000000-f32-k75-c300-fanout_f32_l16-merkle-r5,ac8f16c48646f00fa8b52ac0aea5d2eee2817067fd06555ced8b5aaa855477f9,merkle,audit_merkle_root_hash_ms,1.311
size-scaling-k75-c300-n20000000-f32-k75-c300-fanout_f32_l16-merkle-r5,ac8f16c48646f00fa8b52ac0aea5d2eee2817067fd06555ced8b5aaa855477f9,merkle,audit_merkle_verify_ms,60830.004
size-scaling-k75-c300-n20000000-f32-k75-c300-fanout_f32_l16-merkle-r5,ac8f16c48646f00fa8b52ac0aea5d2eee2817067fd06555ced8b5aaa855477f9,merkle,audit_schema_fidelity_ms,2.198
size-scaling-k75-c300-n20000000-f32-k75-c300-fanout_f32_l16-merkle-r5,ac8f16c48646f00fa8b52ac0aea5d2eee2817067fd06555ced8b5aaa855477f9,merkle,merkle_total_ms,135565.996
size-scaling-k75-c300-n20000000-f32-k75-c300-fanout_f32_l16-merkle-r6,ac8f16c48646f00fa8b52ac0aea5d2eee2817067fd06555ced8b5aaa855477f9,merkle,tree_localisation_ms,181.823
size-scaling-k75-c300-n20000000-f32-k75-c300-fanout_f32_l16-merkle-r6,ac8f16c48646f00fa8b52ac0aea5d2eee2817067fd06555ced8b5aaa855477f9,merkle,candidate_row_fetch_ms,18.241
size-scaling-k75-c300-n20000000-f32-k75-c300-fanout_f32_l16-merkle-r6,ac8f16c48646f00fa8b52ac0aea5d2eee2817067fd06555ced8b5aaa855477f9,merkle,row_comparison_ms,0.618
size-scaling-k75-c300-n20000000-f32-k75-c300-fanout_f32_l16-merkle-r6,ac8f16c48646f00fa8b52ac0aea5d2eee2817067fd06555ced8b5aaa855477f9,merkle,repair_sql_building_ms,0.552
size-scaling-k75-c300-n20000000-f32-k75-c300-fanout_f32_l16-merkle-r6,ac8f16c48646f00fa8b52ac0aea5d2eee2817067fd06555ced8b5aaa855477f9,merkle,repair_dml_wire_ms,17.173
size-scaling-k75-c300-n20000000-f32-k75-c300-fanout_f32_l16-merkle-r6,ac8f16c48646f00fa8b52ac0aea5d2eee2817067fd06555ced8b5aaa855477f9,merkle,repair_commit_wire_ms,9.369
size-scaling-k75-c300-n20000000-f32-k75-c300-fanout_f32_l16-merkle-r6,ac8f16c48646f00fa8b52ac0aea5d2eee2817067fd06555ced8b5aaa855477f9,merkle,repair_begin_wire_ms,0.113
size-scaling-k75-c300-n20000000-f32-k75-c300-fanout_f32_l16-merkle-r6,ac8f16c48646f00fa8b52ac0aea5d2eee2817067fd06555ced8b5aaa855477f9,merkle,repair_transaction_block_ms,27.262
size-scaling-k75-c300-n20000000-f32-k75-c300-fanout_f32_l16-merkle-r6,ac8f16c48646f00fa8b52ac0aea5d2eee2817067fd06555ced8b5aaa855477f9,merkle,repair_write_ms,27.267
size-scaling-k75-c300-n20000000-f32-k75-c300-fanout_f32_l16-merkle-r6,ac8f16c48646f00fa8b52ac0aea5d2eee2817067fd06555ced8b5aaa855477f9,merkle,targeted_post_repair_confirmation_ms,3.583
size-scaling-k75-c300-n20000000-f32-k75-c300-fanout_f32_l16-merkle-r6,ac8f16c48646f00fa8b52ac0aea5d2eee2817067fd06555ced8b5aaa855477f9,merkle,recovery_observability_ms,0.001
size-scaling-k75-c300-n20000000-f32-k75-c300-fanout_f32_l16-merkle-r6,ac8f16c48646f00fa8b52ac0aea5d2eee2817067fd06555ced8b5aaa855477f9,merkle,recovery_orchestration_ms,1.455
size-scaling-k75-c300-n20000000-f32-k75-c300-fanout_f32_l16-merkle-r6,ac8f16c48646f00fa8b52ac0aea5d2eee2817067fd06555ced8b5aaa855477f9,merkle,audit_exact_table_compare_ms,70734.479
size-scaling-k75-c300-n20000000-f32-k75-c300-fanout_f32_l16-merkle-r6,ac8f16c48646f00fa8b52ac0aea5d2eee2817067fd06555ced8b5aaa855477f9,merkle,audit_merkle_root_hash_ms,1.328
size-scaling-k75-c300-n20000000-f32-k75-c300-fanout_f32_l16-merkle-r6,ac8f16c48646f00fa8b52ac0aea5d2eee2817067fd06555ced8b5aaa855477f9,merkle,audit_merkle_verify_ms,60768.102
size-scaling-k75-c300-n20000000-f32-k75-c300-fanout_f32_l16-merkle-r6,ac8f16c48646f00fa8b52ac0aea5d2eee2817067fd06555ced8b5aaa855477f9,merkle,audit_schema_fidelity_ms,2.236
size-scaling-k75-c300-n20000000-f32-k75-c300-fanout_f32_l16-merkle-r6,ac8f16c48646f00fa8b52ac0aea5d2eee2817067fd06555ced8b5aaa855477f9,merkle,merkle_total_ms,134471.161
size-scaling-k75-c300-n20000000-f32-k75-c300-fanout_f32_l16-merkle-r7,ac8f16c48646f00fa8b52ac0aea5d2eee2817067fd06555ced8b5aaa855477f9,merkle,tree_localisation_ms,180.419
size-scaling-k75-c300-n20000000-f32-k75-c300-fanout_f32_l16-merkle-r7,ac8f16c48646f00fa8b52ac0aea5d2eee2817067fd06555ced8b5aaa855477f9,merkle,candidate_row_fetch_ms,18.413
size-scaling-k75-c300-n20000000-f32-k75-c300-fanout_f32_l16-merkle-r7,ac8f16c48646f00fa8b52ac0aea5d2eee2817067fd06555ced8b5aaa855477f9,merkle,row_comparison_ms,0.592
size-scaling-k75-c300-n20000000-f32-k75-c300-fanout_f32_l16-merkle-r7,ac8f16c48646f00fa8b52ac0aea5d2eee2817067fd06555ced8b5aaa855477f9,merkle,repair_sql_building_ms,0.553
size-scaling-k75-c300-n20000000-f32-k75-c300-fanout_f32_l16-merkle-r7,ac8f16c48646f00fa8b52ac0aea5d2eee2817067fd06555ced8b5aaa855477f9,merkle,repair_dml_wire_ms,17.187
size-scaling-k75-c300-n20000000-f32-k75-c300-fanout_f32_l16-merkle-r7,ac8f16c48646f00fa8b52ac0aea5d2eee2817067fd06555ced8b5aaa855477f9,merkle,repair_commit_wire_ms,9.388
size-scaling-k75-c300-n20000000-f32-k75-c300-fanout_f32_l16-merkle-r7,ac8f16c48646f00fa8b52ac0aea5d2eee2817067fd06555ced8b5aaa855477f9,merkle,repair_begin_wire_ms,0.116
size-scaling-k75-c300-n20000000-f32-k75-c300-fanout_f32_l16-merkle-r7,ac8f16c48646f00fa8b52ac0aea5d2eee2817067fd06555ced8b5aaa855477f9,merkle,repair_transaction_block_ms,27.302
size-scaling-k75-c300-n20000000-f32-k75-c300-fanout_f32_l16-merkle-r7,ac8f16c48646f00fa8b52ac0aea5d2eee2817067fd06555ced8b5aaa855477f9,merkle,repair_write_ms,27.306
size-scaling-k75-c300-n20000000-f32-k75-c300-fanout_f32_l16-merkle-r7,ac8f16c48646f00fa8b52ac0aea5d2eee2817067fd06555ced8b5aaa855477f9,merkle,targeted_post_repair_confirmation_ms,3.596
size-scaling-k75-c300-n20000000-f32-k75-c300-fanout_f32_l16-merkle-r7,ac8f16c48646f00fa8b52ac0aea5d2eee2817067fd06555ced8b5aaa855477f9,merkle,recovery_observability_ms,0.002
size-scaling-k75-c300-n20000000-f32-k75-c300-fanout_f32_l16-merkle-r7,ac8f16c48646f00fa8b52ac0aea5d2eee2817067fd06555ced8b5aaa855477f9,merkle,recovery_orchestration_ms,1.399
size-scaling-k75-c300-n20000000-f32-k75-c300-fanout_f32_l16-merkle-r7,ac8f16c48646f00fa8b52ac0aea5d2eee2817067fd06555ced8b5aaa855477f9,merkle,audit_exact_table_compare_ms,70897.575
size-scaling-k75-c300-n20000000-f32-k75-c300-fanout_f32_l16-merkle-r7,ac8f16c48646f00fa8b52ac0aea5d2eee2817067fd06555ced8b5aaa855477f9,merkle,audit_merkle_root_hash_ms,1.249
size-scaling-k75-c300-n20000000-f32-k75-c300-fanout_f32_l16-merkle-r7,ac8f16c48646f00fa8b52ac0aea5d2eee2817067fd06555ced8b5aaa855477f9,merkle,audit_merkle_verify_ms,60714.977
size-scaling-k75-c300-n20000000-f32-k75-c300-fanout_f32_l16-merkle-r7,ac8f16c48646f00fa8b52ac0aea5d2eee2817067fd06555ced8b5aaa855477f9,merkle,audit_schema_fidelity_ms,2.246
size-scaling-k75-c300-n20000000-f32-k75-c300-fanout_f32_l16-merkle-r7,ac8f16c48646f00fa8b52ac0aea5d2eee2817067fd06555ced8b5aaa855477f9,merkle,merkle_total_ms,134630.509
size-scaling-k75-c300-n20000000-f32-k75-c300-fanout_f32_l16-merkle-r8,ac8f16c48646f00fa8b52ac0aea5d2eee2817067fd06555ced8b5aaa855477f9,merkle,tree_localisation_ms,197.505
size-scaling-k75-c300-n20000000-f32-k75-c300-fanout_f32_l16-merkle-r8,ac8f16c48646f00fa8b52ac0aea5d2eee2817067fd06555ced8b5aaa855477f9,merkle,candidate_row_fetch_ms,18.659
size-scaling-k75-c300-n20000000-f32-k75-c300-fanout_f32_l16-merkle-r8,ac8f16c48646f00fa8b52ac0aea5d2eee2817067fd06555ced8b5aaa855477f9,merkle,row_comparison_ms,0.589
size-scaling-k75-c300-n20000000-f32-k75-c300-fanout_f32_l16-merkle-r8,ac8f16c48646f00fa8b52ac0aea5d2eee2817067fd06555ced8b5aaa855477f9,merkle,repair_sql_building_ms,0.540
size-scaling-k75-c300-n20000000-f32-k75-c300-fanout_f32_l16-merkle-r8,ac8f16c48646f00fa8b52ac0aea5d2eee2817067fd06555ced8b5aaa855477f9,merkle,repair_dml_wire_ms,16.888
size-scaling-k75-c300-n20000000-f32-k75-c300-fanout_f32_l16-merkle-r8,ac8f16c48646f00fa8b52ac0aea5d2eee2817067fd06555ced8b5aaa855477f9,merkle,repair_commit_wire_ms,9.310
size-scaling-k75-c300-n20000000-f32-k75-c300-fanout_f32_l16-merkle-r8,ac8f16c48646f00fa8b52ac0aea5d2eee2817067fd06555ced8b5aaa855477f9,merkle,repair_begin_wire_ms,0.113
size-scaling-k75-c300-n20000000-f32-k75-c300-fanout_f32_l16-merkle-r8,ac8f16c48646f00fa8b52ac0aea5d2eee2817067fd06555ced8b5aaa855477f9,merkle,repair_transaction_block_ms,26.907
size-scaling-k75-c300-n20000000-f32-k75-c300-fanout_f32_l16-merkle-r8,ac8f16c48646f00fa8b52ac0aea5d2eee2817067fd06555ced8b5aaa855477f9,merkle,repair_write_ms,26.911
size-scaling-k75-c300-n20000000-f32-k75-c300-fanout_f32_l16-merkle-r8,ac8f16c48646f00fa8b52ac0aea5d2eee2817067fd06555ced8b5aaa855477f9,merkle,targeted_post_repair_confirmation_ms,3.565
size-scaling-k75-c300-n20000000-f32-k75-c300-fanout_f32_l16-merkle-r8,ac8f16c48646f00fa8b52ac0aea5d2eee2817067fd06555ced8b5aaa855477f9,merkle,recovery_observability_ms,0.001
size-scaling-k75-c300-n20000000-f32-k75-c300-fanout_f32_l16-merkle-r8,ac8f16c48646f00fa8b52ac0aea5d2eee2817067fd06555ced8b5aaa855477f9,merkle,recovery_orchestration_ms,1.417
size-scaling-k75-c300-n20000000-f32-k75-c300-fanout_f32_l16-merkle-r8,ac8f16c48646f00fa8b52ac0aea5d2eee2817067fd06555ced8b5aaa855477f9,merkle,audit_exact_table_compare_ms,70822.339
size-scaling-k75-c300-n20000000-f32-k75-c300-fanout_f32_l16-merkle-r8,ac8f16c48646f00fa8b52ac0aea5d2eee2817067fd06555ced8b5aaa855477f9,merkle,audit_merkle_root_hash_ms,1.333
size-scaling-k75-c300-n20000000-f32-k75-c300-fanout_f32_l16-merkle-r8,ac8f16c48646f00fa8b52ac0aea5d2eee2817067fd06555ced8b5aaa855477f9,merkle,audit_merkle_verify_ms,60460.908
size-scaling-k75-c300-n20000000-f32-k75-c300-fanout_f32_l16-merkle-r8,ac8f16c48646f00fa8b52ac0aea5d2eee2817067fd06555ced8b5aaa855477f9,merkle,audit_schema_fidelity_ms,2.207
size-scaling-k75-c300-n20000000-f32-k75-c300-fanout_f32_l16-merkle-r8,ac8f16c48646f00fa8b52ac0aea5d2eee2817067fd06555ced8b5aaa855477f9,merkle,merkle_total_ms,134267.345
size-scaling-k75-c300-n20000000-f32-k75-c300-fanout_f32_l16-merkle-r9,ac8f16c48646f00fa8b52ac0aea5d2eee2817067fd06555ced8b5aaa855477f9,merkle,tree_localisation_ms,178.597
size-scaling-k75-c300-n20000000-f32-k75-c300-fanout_f32_l16-merkle-r9,ac8f16c48646f00fa8b52ac0aea5d2eee2817067fd06555ced8b5aaa855477f9,merkle,candidate_row_fetch_ms,18.738
size-scaling-k75-c300-n20000000-f32-k75-c300-fanout_f32_l16-merkle-r9,ac8f16c48646f00fa8b52ac0aea5d2eee2817067fd06555ced8b5aaa855477f9,merkle,row_comparison_ms,0.589
size-scaling-k75-c300-n20000000-f32-k75-c300-fanout_f32_l16-merkle-r9,ac8f16c48646f00fa8b52ac0aea5d2eee2817067fd06555ced8b5aaa855477f9,merkle,repair_sql_building_ms,0.564
size-scaling-k75-c300-n20000000-f32-k75-c300-fanout_f32_l16-merkle-r9,ac8f16c48646f00fa8b52ac0aea5d2eee2817067fd06555ced8b5aaa855477f9,merkle,repair_dml_wire_ms,17.104
size-scaling-k75-c300-n20000000-f32-k75-c300-fanout_f32_l16-merkle-r9,ac8f16c48646f00fa8b52ac0aea5d2eee2817067fd06555ced8b5aaa855477f9,merkle,repair_commit_wire_ms,9.449
size-scaling-k75-c300-n20000000-f32-k75-c300-fanout_f32_l16-merkle-r9,ac8f16c48646f00fa8b52ac0aea5d2eee2817067fd06555ced8b5aaa855477f9,merkle,repair_begin_wire_ms,0.112
size-scaling-k75-c300-n20000000-f32-k75-c300-fanout_f32_l16-merkle-r9,ac8f16c48646f00fa8b52ac0aea5d2eee2817067fd06555ced8b5aaa855477f9,merkle,repair_transaction_block_ms,27.287
size-scaling-k75-c300-n20000000-f32-k75-c300-fanout_f32_l16-merkle-r9,ac8f16c48646f00fa8b52ac0aea5d2eee2817067fd06555ced8b5aaa855477f9,merkle,repair_write_ms,27.292
size-scaling-k75-c300-n20000000-f32-k75-c300-fanout_f32_l16-merkle-r9,ac8f16c48646f00fa8b52ac0aea5d2eee2817067fd06555ced8b5aaa855477f9,merkle,targeted_post_repair_confirmation_ms,3.566
size-scaling-k75-c300-n20000000-f32-k75-c300-fanout_f32_l16-merkle-r9,ac8f16c48646f00fa8b52ac0aea5d2eee2817067fd06555ced8b5aaa855477f9,merkle,recovery_observability_ms,0.001
size-scaling-k75-c300-n20000000-f32-k75-c300-fanout_f32_l16-merkle-r9,ac8f16c48646f00fa8b52ac0aea5d2eee2817067fd06555ced8b5aaa855477f9,merkle,recovery_orchestration_ms,1.424
size-scaling-k75-c300-n20000000-f32-k75-c300-fanout_f32_l16-merkle-r9,ac8f16c48646f00fa8b52ac0aea5d2eee2817067fd06555ced8b5aaa855477f9,merkle,audit_exact_table_compare_ms,70794.765
size-scaling-k75-c300-n20000000-f32-k75-c300-fanout_f32_l16-merkle-r9,ac8f16c48646f00fa8b52ac0aea5d2eee2817067fd06555ced8b5aaa855477f9,merkle,audit_merkle_root_hash_ms,1.326
size-scaling-k75-c300-n20000000-f32-k75-c300-fanout_f32_l16-merkle-r9,ac8f16c48646f00fa8b52ac0aea5d2eee2817067fd06555ced8b5aaa855477f9,merkle,audit_merkle_verify_ms,60596.136
size-scaling-k75-c300-n20000000-f32-k75-c300-fanout_f32_l16-merkle-r9,ac8f16c48646f00fa8b52ac0aea5d2eee2817067fd06555ced8b5aaa855477f9,merkle,audit_schema_fidelity_ms,2.228
size-scaling-k75-c300-n20000000-f32-k75-c300-fanout_f32_l16-merkle-r9,ac8f16c48646f00fa8b52ac0aea5d2eee2817067fd06555ced8b5aaa855477f9,merkle,merkle_total_ms,134407.134
size-scaling-k75-c300-n25000000-f32-k75-c300-fanout_f32_l16-merkle-r0,3476773aa92b19ee220006985374c425b19c25231b10c7497faeabc82459c429,merkle,tree_localisation_ms,191.778
size-scaling-k75-c300-n25000000-f32-k75-c300-fanout_f32_l16-merkle-r0,3476773aa92b19ee220006985374c425b19c25231b10c7497faeabc82459c429,merkle,candidate_row_fetch_ms,18.620
size-scaling-k75-c300-n25000000-f32-k75-c300-fanout_f32_l16-merkle-r0,3476773aa92b19ee220006985374c425b19c25231b10c7497faeabc82459c429,merkle,row_comparison_ms,0.657
size-scaling-k75-c300-n25000000-f32-k75-c300-fanout_f32_l16-merkle-r0,3476773aa92b19ee220006985374c425b19c25231b10c7497faeabc82459c429,merkle,repair_sql_building_ms,0.567
size-scaling-k75-c300-n25000000-f32-k75-c300-fanout_f32_l16-merkle-r0,3476773aa92b19ee220006985374c425b19c25231b10c7497faeabc82459c429,merkle,repair_dml_wire_ms,17.310
size-scaling-k75-c300-n25000000-f32-k75-c300-fanout_f32_l16-merkle-r0,3476773aa92b19ee220006985374c425b19c25231b10c7497faeabc82459c429,merkle,repair_commit_wire_ms,8.816
size-scaling-k75-c300-n25000000-f32-k75-c300-fanout_f32_l16-merkle-r0,3476773aa92b19ee220006985374c425b19c25231b10c7497faeabc82459c429,merkle,repair_begin_wire_ms,0.111
size-scaling-k75-c300-n25000000-f32-k75-c300-fanout_f32_l16-merkle-r0,3476773aa92b19ee220006985374c425b19c25231b10c7497faeabc82459c429,merkle,repair_transaction_block_ms,26.872
size-scaling-k75-c300-n25000000-f32-k75-c300-fanout_f32_l16-merkle-r0,3476773aa92b19ee220006985374c425b19c25231b10c7497faeabc82459c429,merkle,repair_write_ms,26.877
size-scaling-k75-c300-n25000000-f32-k75-c300-fanout_f32_l16-merkle-r0,3476773aa92b19ee220006985374c425b19c25231b10c7497faeabc82459c429,merkle,targeted_post_repair_confirmation_ms,3.549
size-scaling-k75-c300-n25000000-f32-k75-c300-fanout_f32_l16-merkle-r0,3476773aa92b19ee220006985374c425b19c25231b10c7497faeabc82459c429,merkle,recovery_observability_ms,0.001
size-scaling-k75-c300-n25000000-f32-k75-c300-fanout_f32_l16-merkle-r0,3476773aa92b19ee220006985374c425b19c25231b10c7497faeabc82459c429,merkle,recovery_orchestration_ms,1.479
size-scaling-k75-c300-n25000000-f32-k75-c300-fanout_f32_l16-merkle-r0,3476773aa92b19ee220006985374c425b19c25231b10c7497faeabc82459c429,merkle,audit_exact_table_compare_ms,88309.855
size-scaling-k75-c300-n25000000-f32-k75-c300-fanout_f32_l16-merkle-r0,3476773aa92b19ee220006985374c425b19c25231b10c7497faeabc82459c429,merkle,audit_merkle_root_hash_ms,1.352
size-scaling-k75-c300-n25000000-f32-k75-c300-fanout_f32_l16-merkle-r0,3476773aa92b19ee220006985374c425b19c25231b10c7497faeabc82459c429,merkle,audit_merkle_verify_ms,75752.548
size-scaling-k75-c300-n25000000-f32-k75-c300-fanout_f32_l16-merkle-r0,3476773aa92b19ee220006985374c425b19c25231b10c7497faeabc82459c429,merkle,audit_schema_fidelity_ms,2.206
size-scaling-k75-c300-n25000000-f32-k75-c300-fanout_f32_l16-merkle-r0,3476773aa92b19ee220006985374c425b19c25231b10c7497faeabc82459c429,merkle,merkle_total_ms,167041.480
size-scaling-k75-c300-n25000000-f32-k75-c300-fanout_f32_l16-merkle-r1,3476773aa92b19ee220006985374c425b19c25231b10c7497faeabc82459c429,merkle,tree_localisation_ms,185.584
size-scaling-k75-c300-n25000000-f32-k75-c300-fanout_f32_l16-merkle-r1,3476773aa92b19ee220006985374c425b19c25231b10c7497faeabc82459c429,merkle,candidate_row_fetch_ms,18.999
size-scaling-k75-c300-n25000000-f32-k75-c300-fanout_f32_l16-merkle-r1,3476773aa92b19ee220006985374c425b19c25231b10c7497faeabc82459c429,merkle,row_comparison_ms,0.660
size-scaling-k75-c300-n25000000-f32-k75-c300-fanout_f32_l16-merkle-r1,3476773aa92b19ee220006985374c425b19c25231b10c7497faeabc82459c429,merkle,repair_sql_building_ms,0.567
size-scaling-k75-c300-n25000000-f32-k75-c300-fanout_f32_l16-merkle-r1,3476773aa92b19ee220006985374c425b19c25231b10c7497faeabc82459c429,merkle,repair_dml_wire_ms,17.449
size-scaling-k75-c300-n25000000-f32-k75-c300-fanout_f32_l16-merkle-r1,3476773aa92b19ee220006985374c425b19c25231b10c7497faeabc82459c429,merkle,repair_commit_wire_ms,8.943
size-scaling-k75-c300-n25000000-f32-k75-c300-fanout_f32_l16-merkle-r1,3476773aa92b19ee220006985374c425b19c25231b10c7497faeabc82459c429,merkle,repair_begin_wire_ms,0.117
size-scaling-k75-c300-n25000000-f32-k75-c300-fanout_f32_l16-merkle-r1,3476773aa92b19ee220006985374c425b19c25231b10c7497faeabc82459c429,merkle,repair_transaction_block_ms,27.135
size-scaling-k75-c300-n25000000-f32-k75-c300-fanout_f32_l16-merkle-r1,3476773aa92b19ee220006985374c425b19c25231b10c7497faeabc82459c429,merkle,repair_write_ms,27.141
size-scaling-k75-c300-n25000000-f32-k75-c300-fanout_f32_l16-merkle-r1,3476773aa92b19ee220006985374c425b19c25231b10c7497faeabc82459c429,merkle,targeted_post_repair_confirmation_ms,3.584
size-scaling-k75-c300-n25000000-f32-k75-c300-fanout_f32_l16-merkle-r1,3476773aa92b19ee220006985374c425b19c25231b10c7497faeabc82459c429,merkle,recovery_observability_ms,0.001
size-scaling-k75-c300-n25000000-f32-k75-c300-fanout_f32_l16-merkle-r1,3476773aa92b19ee220006985374c425b19c25231b10c7497faeabc82459c429,merkle,recovery_orchestration_ms,1.433
size-scaling-k75-c300-n25000000-f32-k75-c300-fanout_f32_l16-merkle-r1,3476773aa92b19ee220006985374c425b19c25231b10c7497faeabc82459c429,merkle,audit_exact_table_compare_ms,88458.121
size-scaling-k75-c300-n25000000-f32-k75-c300-fanout_f32_l16-merkle-r1,3476773aa92b19ee220006985374c425b19c25231b10c7497faeabc82459c429,merkle,audit_merkle_root_hash_ms,1.341
size-scaling-k75-c300-n25000000-f32-k75-c300-fanout_f32_l16-merkle-r1,3476773aa92b19ee220006985374c425b19c25231b10c7497faeabc82459c429,merkle,audit_merkle_verify_ms,75661.353
size-scaling-k75-c300-n25000000-f32-k75-c300-fanout_f32_l16-merkle-r1,3476773aa92b19ee220006985374c425b19c25231b10c7497faeabc82459c429,merkle,audit_schema_fidelity_ms,2.099
size-scaling-k75-c300-n25000000-f32-k75-c300-fanout_f32_l16-merkle-r1,3476773aa92b19ee220006985374c425b19c25231b10c7497faeabc82459c429,merkle,merkle_total_ms,167092.513
size-scaling-k75-c300-n25000000-f32-k75-c300-fanout_f32_l16-merkle-r2,3476773aa92b19ee220006985374c425b19c25231b10c7497faeabc82459c429,merkle,tree_localisation_ms,185.849
size-scaling-k75-c300-n25000000-f32-k75-c300-fanout_f32_l16-merkle-r2,3476773aa92b19ee220006985374c425b19c25231b10c7497faeabc82459c429,merkle,candidate_row_fetch_ms,19.125
size-scaling-k75-c300-n25000000-f32-k75-c300-fanout_f32_l16-merkle-r2,3476773aa92b19ee220006985374c425b19c25231b10c7497faeabc82459c429,merkle,row_comparison_ms,0.684
size-scaling-k75-c300-n25000000-f32-k75-c300-fanout_f32_l16-merkle-r2,3476773aa92b19ee220006985374c425b19c25231b10c7497faeabc82459c429,merkle,repair_sql_building_ms,0.547
size-scaling-k75-c300-n25000000-f32-k75-c300-fanout_f32_l16-merkle-r2,3476773aa92b19ee220006985374c425b19c25231b10c7497faeabc82459c429,merkle,repair_dml_wire_ms,17.374
size-scaling-k75-c300-n25000000-f32-k75-c300-fanout_f32_l16-merkle-r2,3476773aa92b19ee220006985374c425b19c25231b10c7497faeabc82459c429,merkle,repair_commit_wire_ms,8.880
size-scaling-k75-c300-n25000000-f32-k75-c300-fanout_f32_l16-merkle-r2,3476773aa92b19ee220006985374c425b19c25231b10c7497faeabc82459c429,merkle,repair_begin_wire_ms,0.117
size-scaling-k75-c300-n25000000-f32-k75-c300-fanout_f32_l16-merkle-r2,3476773aa92b19ee220006985374c425b19c25231b10c7497faeabc82459c429,merkle,repair_transaction_block_ms,26.974
size-scaling-k75-c300-n25000000-f32-k75-c300-fanout_f32_l16-merkle-r2,3476773aa92b19ee220006985374c425b19c25231b10c7497faeabc82459c429,merkle,repair_write_ms,26.978
size-scaling-k75-c300-n25000000-f32-k75-c300-fanout_f32_l16-merkle-r2,3476773aa92b19ee220006985374c425b19c25231b10c7497faeabc82459c429,merkle,targeted_post_repair_confirmation_ms,3.584
size-scaling-k75-c300-n25000000-f32-k75-c300-fanout_f32_l16-merkle-r2,3476773aa92b19ee220006985374c425b19c25231b10c7497faeabc82459c429,merkle,recovery_observability_ms,0.001
size-scaling-k75-c300-n25000000-f32-k75-c300-fanout_f32_l16-merkle-r2,3476773aa92b19ee220006985374c425b19c25231b10c7497faeabc82459c429,merkle,recovery_orchestration_ms,1.424
size-scaling-k75-c300-n25000000-f32-k75-c300-fanout_f32_l16-merkle-r2,3476773aa92b19ee220006985374c425b19c25231b10c7497faeabc82459c429,merkle,audit_exact_table_compare_ms,88474.680
size-scaling-k75-c300-n25000000-f32-k75-c300-fanout_f32_l16-merkle-r2,3476773aa92b19ee220006985374c425b19c25231b10c7497faeabc82459c429,merkle,audit_merkle_root_hash_ms,1.368
size-scaling-k75-c300-n25000000-f32-k75-c300-fanout_f32_l16-merkle-r2,3476773aa92b19ee220006985374c425b19c25231b10c7497faeabc82459c429,merkle,audit_merkle_verify_ms,75773.810
size-scaling-k75-c300-n25000000-f32-k75-c300-fanout_f32_l16-merkle-r2,3476773aa92b19ee220006985374c425b19c25231b10c7497faeabc82459c429,merkle,audit_schema_fidelity_ms,2.082
size-scaling-k75-c300-n25000000-f32-k75-c300-fanout_f32_l16-merkle-r2,3476773aa92b19ee220006985374c425b19c25231b10c7497faeabc82459c429,merkle,merkle_total_ms,167222.187
size-scaling-k75-c300-n25000000-f32-k75-c300-fanout_f32_l16-merkle-r3,3476773aa92b19ee220006985374c425b19c25231b10c7497faeabc82459c429,merkle,tree_localisation_ms,185.029
size-scaling-k75-c300-n25000000-f32-k75-c300-fanout_f32_l16-merkle-r3,3476773aa92b19ee220006985374c425b19c25231b10c7497faeabc82459c429,merkle,candidate_row_fetch_ms,19.084
size-scaling-k75-c300-n25000000-f32-k75-c300-fanout_f32_l16-merkle-r3,3476773aa92b19ee220006985374c425b19c25231b10c7497faeabc82459c429,merkle,row_comparison_ms,0.647
size-scaling-k75-c300-n25000000-f32-k75-c300-fanout_f32_l16-merkle-r3,3476773aa92b19ee220006985374c425b19c25231b10c7497faeabc82459c429,merkle,repair_sql_building_ms,0.579
size-scaling-k75-c300-n25000000-f32-k75-c300-fanout_f32_l16-merkle-r3,3476773aa92b19ee220006985374c425b19c25231b10c7497faeabc82459c429,merkle,repair_dml_wire_ms,17.291
size-scaling-k75-c300-n25000000-f32-k75-c300-fanout_f32_l16-merkle-r3,3476773aa92b19ee220006985374c425b19c25231b10c7497faeabc82459c429,merkle,repair_commit_wire_ms,8.862
size-scaling-k75-c300-n25000000-f32-k75-c300-fanout_f32_l16-merkle-r3,3476773aa92b19ee220006985374c425b19c25231b10c7497faeabc82459c429,merkle,repair_begin_wire_ms,0.114
size-scaling-k75-c300-n25000000-f32-k75-c300-fanout_f32_l16-merkle-r3,3476773aa92b19ee220006985374c425b19c25231b10c7497faeabc82459c429,merkle,repair_transaction_block_ms,26.903
size-scaling-k75-c300-n25000000-f32-k75-c300-fanout_f32_l16-merkle-r3,3476773aa92b19ee220006985374c425b19c25231b10c7497faeabc82459c429,merkle,repair_write_ms,26.908
size-scaling-k75-c300-n25000000-f32-k75-c300-fanout_f32_l16-merkle-r3,3476773aa92b19ee220006985374c425b19c25231b10c7497faeabc82459c429,merkle,targeted_post_repair_confirmation_ms,3.545
size-scaling-k75-c300-n25000000-f32-k75-c300-fanout_f32_l16-merkle-r3,3476773aa92b19ee220006985374c425b19c25231b10c7497faeabc82459c429,merkle,recovery_observability_ms,0.001
size-scaling-k75-c300-n25000000-f32-k75-c300-fanout_f32_l16-merkle-r3,3476773aa92b19ee220006985374c425b19c25231b10c7497faeabc82459c429,merkle,recovery_orchestration_ms,1.445
size-scaling-k75-c300-n25000000-f32-k75-c300-fanout_f32_l16-merkle-r3,3476773aa92b19ee220006985374c425b19c25231b10c7497faeabc82459c429,merkle,audit_exact_table_compare_ms,88438.595
size-scaling-k75-c300-n25000000-f32-k75-c300-fanout_f32_l16-merkle-r3,3476773aa92b19ee220006985374c425b19c25231b10c7497faeabc82459c429,merkle,audit_merkle_root_hash_ms,1.346
size-scaling-k75-c300-n25000000-f32-k75-c300-fanout_f32_l16-merkle-r3,3476773aa92b19ee220006985374c425b19c25231b10c7497faeabc82459c429,merkle,audit_merkle_verify_ms,75735.359
size-scaling-k75-c300-n25000000-f32-k75-c300-fanout_f32_l16-merkle-r3,3476773aa92b19ee220006985374c425b19c25231b10c7497faeabc82459c429,merkle,audit_schema_fidelity_ms,2.197
size-scaling-k75-c300-n25000000-f32-k75-c300-fanout_f32_l16-merkle-r3,3476773aa92b19ee220006985374c425b19c25231b10c7497faeabc82459c429,merkle,merkle_total_ms,167146.621
size-scaling-k75-c300-n25000000-f32-k75-c300-fanout_f32_l16-merkle-r4,3476773aa92b19ee220006985374c425b19c25231b10c7497faeabc82459c429,merkle,tree_localisation_ms,189.627
size-scaling-k75-c300-n25000000-f32-k75-c300-fanout_f32_l16-merkle-r4,3476773aa92b19ee220006985374c425b19c25231b10c7497faeabc82459c429,merkle,candidate_row_fetch_ms,19.306
size-scaling-k75-c300-n25000000-f32-k75-c300-fanout_f32_l16-merkle-r4,3476773aa92b19ee220006985374c425b19c25231b10c7497faeabc82459c429,merkle,row_comparison_ms,0.648
size-scaling-k75-c300-n25000000-f32-k75-c300-fanout_f32_l16-merkle-r4,3476773aa92b19ee220006985374c425b19c25231b10c7497faeabc82459c429,merkle,repair_sql_building_ms,0.554
size-scaling-k75-c300-n25000000-f32-k75-c300-fanout_f32_l16-merkle-r4,3476773aa92b19ee220006985374c425b19c25231b10c7497faeabc82459c429,merkle,repair_dml_wire_ms,17.488
size-scaling-k75-c300-n25000000-f32-k75-c300-fanout_f32_l16-merkle-r4,3476773aa92b19ee220006985374c425b19c25231b10c7497faeabc82459c429,merkle,repair_commit_wire_ms,8.850
size-scaling-k75-c300-n25000000-f32-k75-c300-fanout_f32_l16-merkle-r4,3476773aa92b19ee220006985374c425b19c25231b10c7497faeabc82459c429,merkle,repair_begin_wire_ms,0.115
size-scaling-k75-c300-n25000000-f32-k75-c300-fanout_f32_l16-merkle-r4,3476773aa92b19ee220006985374c425b19c25231b10c7497faeabc82459c429,merkle,repair_transaction_block_ms,27.064
size-scaling-k75-c300-n25000000-f32-k75-c300-fanout_f32_l16-merkle-r4,3476773aa92b19ee220006985374c425b19c25231b10c7497faeabc82459c429,merkle,repair_write_ms,27.069
size-scaling-k75-c300-n25000000-f32-k75-c300-fanout_f32_l16-merkle-r4,3476773aa92b19ee220006985374c425b19c25231b10c7497faeabc82459c429,merkle,targeted_post_repair_confirmation_ms,3.561
size-scaling-k75-c300-n25000000-f32-k75-c300-fanout_f32_l16-merkle-r4,3476773aa92b19ee220006985374c425b19c25231b10c7497faeabc82459c429,merkle,recovery_observability_ms,0.001
size-scaling-k75-c300-n25000000-f32-k75-c300-fanout_f32_l16-merkle-r4,3476773aa92b19ee220006985374c425b19c25231b10c7497faeabc82459c429,merkle,recovery_orchestration_ms,1.469
size-scaling-k75-c300-n25000000-f32-k75-c300-fanout_f32_l16-merkle-r4,3476773aa92b19ee220006985374c425b19c25231b10c7497faeabc82459c429,merkle,audit_exact_table_compare_ms,88500.953
size-scaling-k75-c300-n25000000-f32-k75-c300-fanout_f32_l16-merkle-r4,3476773aa92b19ee220006985374c425b19c25231b10c7497faeabc82459c429,merkle,audit_merkle_root_hash_ms,1.345
size-scaling-k75-c300-n25000000-f32-k75-c300-fanout_f32_l16-merkle-r4,3476773aa92b19ee220006985374c425b19c25231b10c7497faeabc82459c429,merkle,audit_merkle_verify_ms,76108.833
size-scaling-k75-c300-n25000000-f32-k75-c300-fanout_f32_l16-merkle-r4,3476773aa92b19ee220006985374c425b19c25231b10c7497faeabc82459c429,merkle,audit_schema_fidelity_ms,2.074
size-scaling-k75-c300-n25000000-f32-k75-c300-fanout_f32_l16-merkle-r4,3476773aa92b19ee220006985374c425b19c25231b10c7497faeabc82459c429,merkle,merkle_total_ms,167587.553
size-scaling-k75-c300-n25000000-f32-k75-c300-fanout_f32_l16-merkle-r5,3476773aa92b19ee220006985374c425b19c25231b10c7497faeabc82459c429,merkle,tree_localisation_ms,176.393
size-scaling-k75-c300-n25000000-f32-k75-c300-fanout_f32_l16-merkle-r5,3476773aa92b19ee220006985374c425b19c25231b10c7497faeabc82459c429,merkle,candidate_row_fetch_ms,19.587
size-scaling-k75-c300-n25000000-f32-k75-c300-fanout_f32_l16-merkle-r5,3476773aa92b19ee220006985374c425b19c25231b10c7497faeabc82459c429,merkle,row_comparison_ms,0.669
size-scaling-k75-c300-n25000000-f32-k75-c300-fanout_f32_l16-merkle-r5,3476773aa92b19ee220006985374c425b19c25231b10c7497faeabc82459c429,merkle,repair_sql_building_ms,0.576
size-scaling-k75-c300-n25000000-f32-k75-c300-fanout_f32_l16-merkle-r5,3476773aa92b19ee220006985374c425b19c25231b10c7497faeabc82459c429,merkle,repair_dml_wire_ms,17.205
size-scaling-k75-c300-n25000000-f32-k75-c300-fanout_f32_l16-merkle-r5,3476773aa92b19ee220006985374c425b19c25231b10c7497faeabc82459c429,merkle,repair_commit_wire_ms,8.875
size-scaling-k75-c300-n25000000-f32-k75-c300-fanout_f32_l16-merkle-r5,3476773aa92b19ee220006985374c425b19c25231b10c7497faeabc82459c429,merkle,repair_begin_wire_ms,0.115
size-scaling-k75-c300-n25000000-f32-k75-c300-fanout_f32_l16-merkle-r5,3476773aa92b19ee220006985374c425b19c25231b10c7497faeabc82459c429,merkle,repair_transaction_block_ms,26.831
size-scaling-k75-c300-n25000000-f32-k75-c300-fanout_f32_l16-merkle-r5,3476773aa92b19ee220006985374c425b19c25231b10c7497faeabc82459c429,merkle,repair_write_ms,26.837
size-scaling-k75-c300-n25000000-f32-k75-c300-fanout_f32_l16-merkle-r5,3476773aa92b19ee220006985374c425b19c25231b10c7497faeabc82459c429,merkle,targeted_post_repair_confirmation_ms,3.552
size-scaling-k75-c300-n25000000-f32-k75-c300-fanout_f32_l16-merkle-r5,3476773aa92b19ee220006985374c425b19c25231b10c7497faeabc82459c429,merkle,recovery_observability_ms,0.001
size-scaling-k75-c300-n25000000-f32-k75-c300-fanout_f32_l16-merkle-r5,3476773aa92b19ee220006985374c425b19c25231b10c7497faeabc82459c429,merkle,recovery_orchestration_ms,1.463
size-scaling-k75-c300-n25000000-f32-k75-c300-fanout_f32_l16-merkle-r5,3476773aa92b19ee220006985374c425b19c25231b10c7497faeabc82459c429,merkle,audit_exact_table_compare_ms,88882.913
size-scaling-k75-c300-n25000000-f32-k75-c300-fanout_f32_l16-merkle-r5,3476773aa92b19ee220006985374c425b19c25231b10c7497faeabc82459c429,merkle,audit_merkle_root_hash_ms,1.339
size-scaling-k75-c300-n25000000-f32-k75-c300-fanout_f32_l16-merkle-r5,3476773aa92b19ee220006985374c425b19c25231b10c7497faeabc82459c429,merkle,audit_merkle_verify_ms,75731.193
size-scaling-k75-c300-n25000000-f32-k75-c300-fanout_f32_l16-merkle-r5,3476773aa92b19ee220006985374c425b19c25231b10c7497faeabc82459c429,merkle,audit_schema_fidelity_ms,2.202
size-scaling-k75-c300-n25000000-f32-k75-c300-fanout_f32_l16-merkle-r5,3476773aa92b19ee220006985374c425b19c25231b10c7497faeabc82459c429,merkle,merkle_total_ms,167628.662
size-scaling-k75-c300-n25000000-f32-k75-c300-fanout_f32_l16-merkle-r6,3476773aa92b19ee220006985374c425b19c25231b10c7497faeabc82459c429,merkle,tree_localisation_ms,185.928
size-scaling-k75-c300-n25000000-f32-k75-c300-fanout_f32_l16-merkle-r6,3476773aa92b19ee220006985374c425b19c25231b10c7497faeabc82459c429,merkle,candidate_row_fetch_ms,19.621
size-scaling-k75-c300-n25000000-f32-k75-c300-fanout_f32_l16-merkle-r6,3476773aa92b19ee220006985374c425b19c25231b10c7497faeabc82459c429,merkle,row_comparison_ms,0.664
size-scaling-k75-c300-n25000000-f32-k75-c300-fanout_f32_l16-merkle-r6,3476773aa92b19ee220006985374c425b19c25231b10c7497faeabc82459c429,merkle,repair_sql_building_ms,0.568
size-scaling-k75-c300-n25000000-f32-k75-c300-fanout_f32_l16-merkle-r6,3476773aa92b19ee220006985374c425b19c25231b10c7497faeabc82459c429,merkle,repair_dml_wire_ms,17.480
size-scaling-k75-c300-n25000000-f32-k75-c300-fanout_f32_l16-merkle-r6,3476773aa92b19ee220006985374c425b19c25231b10c7497faeabc82459c429,merkle,repair_commit_wire_ms,8.816
size-scaling-k75-c300-n25000000-f32-k75-c300-fanout_f32_l16-merkle-r6,3476773aa92b19ee220006985374c425b19c25231b10c7497faeabc82459c429,merkle,repair_begin_wire_ms,0.114
size-scaling-k75-c300-n25000000-f32-k75-c300-fanout_f32_l16-merkle-r6,3476773aa92b19ee220006985374c425b19c25231b10c7497faeabc82459c429,merkle,repair_transaction_block_ms,27.034
size-scaling-k75-c300-n25000000-f32-k75-c300-fanout_f32_l16-merkle-r6,3476773aa92b19ee220006985374c425b19c25231b10c7497faeabc82459c429,merkle,repair_write_ms,27.039
size-scaling-k75-c300-n25000000-f32-k75-c300-fanout_f32_l16-merkle-r6,3476773aa92b19ee220006985374c425b19c25231b10c7497faeabc82459c429,merkle,targeted_post_repair_confirmation_ms,3.573
size-scaling-k75-c300-n25000000-f32-k75-c300-fanout_f32_l16-merkle-r6,3476773aa92b19ee220006985374c425b19c25231b10c7497faeabc82459c429,merkle,recovery_observability_ms,0.001
size-scaling-k75-c300-n25000000-f32-k75-c300-fanout_f32_l16-merkle-r6,3476773aa92b19ee220006985374c425b19c25231b10c7497faeabc82459c429,merkle,recovery_orchestration_ms,1.514
size-scaling-k75-c300-n25000000-f32-k75-c300-fanout_f32_l16-merkle-r6,3476773aa92b19ee220006985374c425b19c25231b10c7497faeabc82459c429,merkle,audit_exact_table_compare_ms,88892.302
size-scaling-k75-c300-n25000000-f32-k75-c300-fanout_f32_l16-merkle-r6,3476773aa92b19ee220006985374c425b19c25231b10c7497faeabc82459c429,merkle,audit_merkle_root_hash_ms,1.331
size-scaling-k75-c300-n25000000-f32-k75-c300-fanout_f32_l16-merkle-r6,3476773aa92b19ee220006985374c425b19c25231b10c7497faeabc82459c429,merkle,audit_merkle_verify_ms,75890.760
size-scaling-k75-c300-n25000000-f32-k75-c300-fanout_f32_l16-merkle-r6,3476773aa92b19ee220006985374c425b19c25231b10c7497faeabc82459c429,merkle,audit_schema_fidelity_ms,2.182
size-scaling-k75-c300-n25000000-f32-k75-c300-fanout_f32_l16-merkle-r6,3476773aa92b19ee220006985374c425b19c25231b10c7497faeabc82459c429,merkle,merkle_total_ms,167757.041
size-scaling-k75-c300-n25000000-f32-k75-c300-fanout_f32_l16-merkle-r7,3476773aa92b19ee220006985374c425b19c25231b10c7497faeabc82459c429,merkle,tree_localisation_ms,187.218
size-scaling-k75-c300-n25000000-f32-k75-c300-fanout_f32_l16-merkle-r7,3476773aa92b19ee220006985374c425b19c25231b10c7497faeabc82459c429,merkle,candidate_row_fetch_ms,20.155
size-scaling-k75-c300-n25000000-f32-k75-c300-fanout_f32_l16-merkle-r7,3476773aa92b19ee220006985374c425b19c25231b10c7497faeabc82459c429,merkle,row_comparison_ms,0.669
size-scaling-k75-c300-n25000000-f32-k75-c300-fanout_f32_l16-merkle-r7,3476773aa92b19ee220006985374c425b19c25231b10c7497faeabc82459c429,merkle,repair_sql_building_ms,0.561
size-scaling-k75-c300-n25000000-f32-k75-c300-fanout_f32_l16-merkle-r7,3476773aa92b19ee220006985374c425b19c25231b10c7497faeabc82459c429,merkle,repair_dml_wire_ms,17.280
size-scaling-k75-c300-n25000000-f32-k75-c300-fanout_f32_l16-merkle-r7,3476773aa92b19ee220006985374c425b19c25231b10c7497faeabc82459c429,merkle,repair_commit_wire_ms,8.821
size-scaling-k75-c300-n25000000-f32-k75-c300-fanout_f32_l16-merkle-r7,3476773aa92b19ee220006985374c425b19c25231b10c7497faeabc82459c429,merkle,repair_begin_wire_ms,0.119
size-scaling-k75-c300-n25000000-f32-k75-c300-fanout_f32_l16-merkle-r7,3476773aa92b19ee220006985374c425b19c25231b10c7497faeabc82459c429,merkle,repair_transaction_block_ms,26.837
size-scaling-k75-c300-n25000000-f32-k75-c300-fanout_f32_l16-merkle-r7,3476773aa92b19ee220006985374c425b19c25231b10c7497faeabc82459c429,merkle,repair_write_ms,26.842
size-scaling-k75-c300-n25000000-f32-k75-c300-fanout_f32_l16-merkle-r7,3476773aa92b19ee220006985374c425b19c25231b10c7497faeabc82459c429,merkle,targeted_post_repair_confirmation_ms,3.581
size-scaling-k75-c300-n25000000-f32-k75-c300-fanout_f32_l16-merkle-r7,3476773aa92b19ee220006985374c425b19c25231b10c7497faeabc82459c429,merkle,recovery_observability_ms,0.001
size-scaling-k75-c300-n25000000-f32-k75-c300-fanout_f32_l16-merkle-r7,3476773aa92b19ee220006985374c425b19c25231b10c7497faeabc82459c429,merkle,recovery_orchestration_ms,1.421
size-scaling-k75-c300-n25000000-f32-k75-c300-fanout_f32_l16-merkle-r7,3476773aa92b19ee220006985374c425b19c25231b10c7497faeabc82459c429,merkle,audit_exact_table_compare_ms,95228.964
size-scaling-k75-c300-n25000000-f32-k75-c300-fanout_f32_l16-merkle-r7,3476773aa92b19ee220006985374c425b19c25231b10c7497faeabc82459c429,merkle,audit_merkle_root_hash_ms,1.326
size-scaling-k75-c300-n25000000-f32-k75-c300-fanout_f32_l16-merkle-r7,3476773aa92b19ee220006985374c425b19c25231b10c7497faeabc82459c429,merkle,audit_merkle_verify_ms,76123.833
size-scaling-k75-c300-n25000000-f32-k75-c300-fanout_f32_l16-merkle-r7,3476773aa92b19ee220006985374c425b19c25231b10c7497faeabc82459c429,merkle,audit_schema_fidelity_ms,2.217
size-scaling-k75-c300-n25000000-f32-k75-c300-fanout_f32_l16-merkle-r7,3476773aa92b19ee220006985374c425b19c25231b10c7497faeabc82459c429,merkle,merkle_total_ms,174330.198
size-scaling-k75-c300-n25000000-f32-k75-c300-fanout_f32_l16-merkle-r8,3476773aa92b19ee220006985374c425b19c25231b10c7497faeabc82459c429,merkle,tree_localisation_ms,196.979
size-scaling-k75-c300-n25000000-f32-k75-c300-fanout_f32_l16-merkle-r8,3476773aa92b19ee220006985374c425b19c25231b10c7497faeabc82459c429,merkle,candidate_row_fetch_ms,21.685
size-scaling-k75-c300-n25000000-f32-k75-c300-fanout_f32_l16-merkle-r8,3476773aa92b19ee220006985374c425b19c25231b10c7497faeabc82459c429,merkle,row_comparison_ms,0.710
size-scaling-k75-c300-n25000000-f32-k75-c300-fanout_f32_l16-merkle-r8,3476773aa92b19ee220006985374c425b19c25231b10c7497faeabc82459c429,merkle,repair_sql_building_ms,0.591
size-scaling-k75-c300-n25000000-f32-k75-c300-fanout_f32_l16-merkle-r8,3476773aa92b19ee220006985374c425b19c25231b10c7497faeabc82459c429,merkle,repair_dml_wire_ms,18.970
size-scaling-k75-c300-n25000000-f32-k75-c300-fanout_f32_l16-merkle-r8,3476773aa92b19ee220006985374c425b19c25231b10c7497faeabc82459c429,merkle,repair_commit_wire_ms,9.571
size-scaling-k75-c300-n25000000-f32-k75-c300-fanout_f32_l16-merkle-r8,3476773aa92b19ee220006985374c425b19c25231b10c7497faeabc82459c429,merkle,repair_begin_wire_ms,0.117
size-scaling-k75-c300-n25000000-f32-k75-c300-fanout_f32_l16-merkle-r8,3476773aa92b19ee220006985374c425b19c25231b10c7497faeabc82459c429,merkle,repair_transaction_block_ms,29.323
size-scaling-k75-c300-n25000000-f32-k75-c300-fanout_f32_l16-merkle-r8,3476773aa92b19ee220006985374c425b19c25231b10c7497faeabc82459c429,merkle,repair_write_ms,29.328
size-scaling-k75-c300-n25000000-f32-k75-c300-fanout_f32_l16-merkle-r8,3476773aa92b19ee220006985374c425b19c25231b10c7497faeabc82459c429,merkle,targeted_post_repair_confirmation_ms,3.864
size-scaling-k75-c300-n25000000-f32-k75-c300-fanout_f32_l16-merkle-r8,3476773aa92b19ee220006985374c425b19c25231b10c7497faeabc82459c429,merkle,recovery_observability_ms,0.001
size-scaling-k75-c300-n25000000-f32-k75-c300-fanout_f32_l16-merkle-r8,3476773aa92b19ee220006985374c425b19c25231b10c7497faeabc82459c429,merkle,recovery_orchestration_ms,1.586
size-scaling-k75-c300-n25000000-f32-k75-c300-fanout_f32_l16-merkle-r8,3476773aa92b19ee220006985374c425b19c25231b10c7497faeabc82459c429,merkle,audit_exact_table_compare_ms,88946.399
size-scaling-k75-c300-n25000000-f32-k75-c300-fanout_f32_l16-merkle-r8,3476773aa92b19ee220006985374c425b19c25231b10c7497faeabc82459c429,merkle,audit_merkle_root_hash_ms,1.333
size-scaling-k75-c300-n25000000-f32-k75-c300-fanout_f32_l16-merkle-r8,3476773aa92b19ee220006985374c425b19c25231b10c7497faeabc82459c429,merkle,audit_merkle_verify_ms,75878.112
size-scaling-k75-c300-n25000000-f32-k75-c300-fanout_f32_l16-merkle-r8,3476773aa92b19ee220006985374c425b19c25231b10c7497faeabc82459c429,merkle,audit_schema_fidelity_ms,2.200
size-scaling-k75-c300-n25000000-f32-k75-c300-fanout_f32_l16-merkle-r8,3476773aa92b19ee220006985374c425b19c25231b10c7497faeabc82459c429,merkle,merkle_total_ms,167816.697
size-scaling-k75-c300-n25000000-f32-k75-c300-fanout_f32_l16-merkle-r9,3476773aa92b19ee220006985374c425b19c25231b10c7497faeabc82459c429,merkle,tree_localisation_ms,186.672
size-scaling-k75-c300-n25000000-f32-k75-c300-fanout_f32_l16-merkle-r9,3476773aa92b19ee220006985374c425b19c25231b10c7497faeabc82459c429,merkle,candidate_row_fetch_ms,20.538
size-scaling-k75-c300-n25000000-f32-k75-c300-fanout_f32_l16-merkle-r9,3476773aa92b19ee220006985374c425b19c25231b10c7497faeabc82459c429,merkle,row_comparison_ms,0.670
size-scaling-k75-c300-n25000000-f32-k75-c300-fanout_f32_l16-merkle-r9,3476773aa92b19ee220006985374c425b19c25231b10c7497faeabc82459c429,merkle,repair_sql_building_ms,0.568
size-scaling-k75-c300-n25000000-f32-k75-c300-fanout_f32_l16-merkle-r9,3476773aa92b19ee220006985374c425b19c25231b10c7497faeabc82459c429,merkle,repair_dml_wire_ms,17.563
size-scaling-k75-c300-n25000000-f32-k75-c300-fanout_f32_l16-merkle-r9,3476773aa92b19ee220006985374c425b19c25231b10c7497faeabc82459c429,merkle,repair_commit_wire_ms,8.880
size-scaling-k75-c300-n25000000-f32-k75-c300-fanout_f32_l16-merkle-r9,3476773aa92b19ee220006985374c425b19c25231b10c7497faeabc82459c429,merkle,repair_begin_wire_ms,0.119
size-scaling-k75-c300-n25000000-f32-k75-c300-fanout_f32_l16-merkle-r9,3476773aa92b19ee220006985374c425b19c25231b10c7497faeabc82459c429,merkle,repair_transaction_block_ms,27.187
size-scaling-k75-c300-n25000000-f32-k75-c300-fanout_f32_l16-merkle-r9,3476773aa92b19ee220006985374c425b19c25231b10c7497faeabc82459c429,merkle,repair_write_ms,27.191
size-scaling-k75-c300-n25000000-f32-k75-c300-fanout_f32_l16-merkle-r9,3476773aa92b19ee220006985374c425b19c25231b10c7497faeabc82459c429,merkle,targeted_post_repair_confirmation_ms,3.627
size-scaling-k75-c300-n25000000-f32-k75-c300-fanout_f32_l16-merkle-r9,3476773aa92b19ee220006985374c425b19c25231b10c7497faeabc82459c429,merkle,recovery_observability_ms,0.001
size-scaling-k75-c300-n25000000-f32-k75-c300-fanout_f32_l16-merkle-r9,3476773aa92b19ee220006985374c425b19c25231b10c7497faeabc82459c429,merkle,recovery_orchestration_ms,1.424
size-scaling-k75-c300-n25000000-f32-k75-c300-fanout_f32_l16-merkle-r9,3476773aa92b19ee220006985374c425b19c25231b10c7497faeabc82459c429,merkle,audit_exact_table_compare_ms,88858.516
size-scaling-k75-c300-n25000000-f32-k75-c300-fanout_f32_l16-merkle-r9,3476773aa92b19ee220006985374c425b19c25231b10c7497faeabc82459c429,merkle,audit_merkle_root_hash_ms,1.330
size-scaling-k75-c300-n25000000-f32-k75-c300-fanout_f32_l16-merkle-r9,3476773aa92b19ee220006985374c425b19c25231b10c7497faeabc82459c429,merkle,audit_merkle_verify_ms,75534.251
size-scaling-k75-c300-n25000000-f32-k75-c300-fanout_f32_l16-merkle-r9,3476773aa92b19ee220006985374c425b19c25231b10c7497faeabc82459c429,merkle,audit_schema_fidelity_ms,2.204
size-scaling-k75-c300-n25000000-f32-k75-c300-fanout_f32_l16-merkle-r9,3476773aa92b19ee220006985374c425b19c25231b10c7497faeabc82459c429,merkle,merkle_total_ms,167369.388
size-scaling-k75-c300-n3000000-f32-k75-c300-fanout_f32_l16-merkle-r0,e25df9d23ec749f8e034933c04658a0ffc3334821f9bc3945ce6e7c42294ade3,merkle,tree_localisation_ms,133.114
size-scaling-k75-c300-n3000000-f32-k75-c300-fanout_f32_l16-merkle-r0,e25df9d23ec749f8e034933c04658a0ffc3334821f9bc3945ce6e7c42294ade3,merkle,candidate_row_fetch_ms,34.223
size-scaling-k75-c300-n3000000-f32-k75-c300-fanout_f32_l16-merkle-r0,e25df9d23ec749f8e034933c04658a0ffc3334821f9bc3945ce6e7c42294ade3,merkle,row_comparison_ms,1.378
size-scaling-k75-c300-n3000000-f32-k75-c300-fanout_f32_l16-merkle-r0,e25df9d23ec749f8e034933c04658a0ffc3334821f9bc3945ce6e7c42294ade3,merkle,repair_sql_building_ms,0.607
size-scaling-k75-c300-n3000000-f32-k75-c300-fanout_f32_l16-merkle-r0,e25df9d23ec749f8e034933c04658a0ffc3334821f9bc3945ce6e7c42294ade3,merkle,repair_dml_wire_ms,17.387
size-scaling-k75-c300-n3000000-f32-k75-c300-fanout_f32_l16-merkle-r0,e25df9d23ec749f8e034933c04658a0ffc3334821f9bc3945ce6e7c42294ade3,merkle,repair_commit_wire_ms,3.648
size-scaling-k75-c300-n3000000-f32-k75-c300-fanout_f32_l16-merkle-r0,e25df9d23ec749f8e034933c04658a0ffc3334821f9bc3945ce6e7c42294ade3,merkle,repair_begin_wire_ms,0.155
size-scaling-k75-c300-n3000000-f32-k75-c300-fanout_f32_l16-merkle-r0,e25df9d23ec749f8e034933c04658a0ffc3334821f9bc3945ce6e7c42294ade3,merkle,repair_transaction_block_ms,21.853
size-scaling-k75-c300-n3000000-f32-k75-c300-fanout_f32_l16-merkle-r0,e25df9d23ec749f8e034933c04658a0ffc3334821f9bc3945ce6e7c42294ade3,merkle,repair_write_ms,21.858
size-scaling-k75-c300-n3000000-f32-k75-c300-fanout_f32_l16-merkle-r0,e25df9d23ec749f8e034933c04658a0ffc3334821f9bc3945ce6e7c42294ade3,merkle,targeted_post_repair_confirmation_ms,3.516
size-scaling-k75-c300-n3000000-f32-k75-c300-fanout_f32_l16-merkle-r0,e25df9d23ec749f8e034933c04658a0ffc3334821f9bc3945ce6e7c42294ade3,merkle,recovery_observability_ms,0.001
size-scaling-k75-c300-n3000000-f32-k75-c300-fanout_f32_l16-merkle-r0,e25df9d23ec749f8e034933c04658a0ffc3334821f9bc3945ce6e7c42294ade3,merkle,recovery_orchestration_ms,1.718
size-scaling-k75-c300-n3000000-f32-k75-c300-fanout_f32_l16-merkle-r0,e25df9d23ec749f8e034933c04658a0ffc3334821f9bc3945ce6e7c42294ade3,merkle,audit_exact_table_compare_ms,11470.905
size-scaling-k75-c300-n3000000-f32-k75-c300-fanout_f32_l16-merkle-r0,e25df9d23ec749f8e034933c04658a0ffc3334821f9bc3945ce6e7c42294ade3,merkle,audit_merkle_root_hash_ms,1.276
size-scaling-k75-c300-n3000000-f32-k75-c300-fanout_f32_l16-merkle-r0,e25df9d23ec749f8e034933c04658a0ffc3334821f9bc3945ce6e7c42294ade3,merkle,audit_merkle_verify_ms,9144.839
size-scaling-k75-c300-n3000000-f32-k75-c300-fanout_f32_l16-merkle-r0,e25df9d23ec749f8e034933c04658a0ffc3334821f9bc3945ce6e7c42294ade3,merkle,audit_schema_fidelity_ms,2.208
size-scaling-k75-c300-n3000000-f32-k75-c300-fanout_f32_l16-merkle-r0,e25df9d23ec749f8e034933c04658a0ffc3334821f9bc3945ce6e7c42294ade3,merkle,merkle_total_ms,23600.444
size-scaling-k75-c300-n3000000-f32-k75-c300-fanout_f32_l16-merkle-r1,e25df9d23ec749f8e034933c04658a0ffc3334821f9bc3945ce6e7c42294ade3,merkle,tree_localisation_ms,126.292
size-scaling-k75-c300-n3000000-f32-k75-c300-fanout_f32_l16-merkle-r1,e25df9d23ec749f8e034933c04658a0ffc3334821f9bc3945ce6e7c42294ade3,merkle,candidate_row_fetch_ms,34.734
size-scaling-k75-c300-n3000000-f32-k75-c300-fanout_f32_l16-merkle-r1,e25df9d23ec749f8e034933c04658a0ffc3334821f9bc3945ce6e7c42294ade3,merkle,row_comparison_ms,1.417
size-scaling-k75-c300-n3000000-f32-k75-c300-fanout_f32_l16-merkle-r1,e25df9d23ec749f8e034933c04658a0ffc3334821f9bc3945ce6e7c42294ade3,merkle,repair_sql_building_ms,0.602
size-scaling-k75-c300-n3000000-f32-k75-c300-fanout_f32_l16-merkle-r1,e25df9d23ec749f8e034933c04658a0ffc3334821f9bc3945ce6e7c42294ade3,merkle,repair_dml_wire_ms,17.337
size-scaling-k75-c300-n3000000-f32-k75-c300-fanout_f32_l16-merkle-r1,e25df9d23ec749f8e034933c04658a0ffc3334821f9bc3945ce6e7c42294ade3,merkle,repair_commit_wire_ms,3.763
size-scaling-k75-c300-n3000000-f32-k75-c300-fanout_f32_l16-merkle-r1,e25df9d23ec749f8e034933c04658a0ffc3334821f9bc3945ce6e7c42294ade3,merkle,repair_begin_wire_ms,0.168
size-scaling-k75-c300-n3000000-f32-k75-c300-fanout_f32_l16-merkle-r1,e25df9d23ec749f8e034933c04658a0ffc3334821f9bc3945ce6e7c42294ade3,merkle,repair_transaction_block_ms,21.931
size-scaling-k75-c300-n3000000-f32-k75-c300-fanout_f32_l16-merkle-r1,e25df9d23ec749f8e034933c04658a0ffc3334821f9bc3945ce6e7c42294ade3,merkle,repair_write_ms,21.936
size-scaling-k75-c300-n3000000-f32-k75-c300-fanout_f32_l16-merkle-r1,e25df9d23ec749f8e034933c04658a0ffc3334821f9bc3945ce6e7c42294ade3,merkle,targeted_post_repair_confirmation_ms,3.523
size-scaling-k75-c300-n3000000-f32-k75-c300-fanout_f32_l16-merkle-r1,e25df9d23ec749f8e034933c04658a0ffc3334821f9bc3945ce6e7c42294ade3,merkle,recovery_observability_ms,0.001
size-scaling-k75-c300-n3000000-f32-k75-c300-fanout_f32_l16-merkle-r1,e25df9d23ec749f8e034933c04658a0ffc3334821f9bc3945ce6e7c42294ade3,merkle,recovery_orchestration_ms,1.702
size-scaling-k75-c300-n3000000-f32-k75-c300-fanout_f32_l16-merkle-r1,e25df9d23ec749f8e034933c04658a0ffc3334821f9bc3945ce6e7c42294ade3,merkle,audit_exact_table_compare_ms,11529.144
size-scaling-k75-c300-n3000000-f32-k75-c300-fanout_f32_l16-merkle-r1,e25df9d23ec749f8e034933c04658a0ffc3334821f9bc3945ce6e7c42294ade3,merkle,audit_merkle_root_hash_ms,1.242
size-scaling-k75-c300-n3000000-f32-k75-c300-fanout_f32_l16-merkle-r1,e25df9d23ec749f8e034933c04658a0ffc3334821f9bc3945ce6e7c42294ade3,merkle,audit_merkle_verify_ms,9127.976
size-scaling-k75-c300-n3000000-f32-k75-c300-fanout_f32_l16-merkle-r1,e25df9d23ec749f8e034933c04658a0ffc3334821f9bc3945ce6e7c42294ade3,merkle,audit_schema_fidelity_ms,2.201
size-scaling-k75-c300-n3000000-f32-k75-c300-fanout_f32_l16-merkle-r1,e25df9d23ec749f8e034933c04658a0ffc3334821f9bc3945ce6e7c42294ade3,merkle,merkle_total_ms,23686.951
size-scaling-k75-c300-n3000000-f32-k75-c300-fanout_f32_l16-merkle-r2,e25df9d23ec749f8e034933c04658a0ffc3334821f9bc3945ce6e7c42294ade3,merkle,tree_localisation_ms,129.095
size-scaling-k75-c300-n3000000-f32-k75-c300-fanout_f32_l16-merkle-r2,e25df9d23ec749f8e034933c04658a0ffc3334821f9bc3945ce6e7c42294ade3,merkle,candidate_row_fetch_ms,34.522
size-scaling-k75-c300-n3000000-f32-k75-c300-fanout_f32_l16-merkle-r2,e25df9d23ec749f8e034933c04658a0ffc3334821f9bc3945ce6e7c42294ade3,merkle,row_comparison_ms,1.423
size-scaling-k75-c300-n3000000-f32-k75-c300-fanout_f32_l16-merkle-r2,e25df9d23ec749f8e034933c04658a0ffc3334821f9bc3945ce6e7c42294ade3,merkle,repair_sql_building_ms,0.597
size-scaling-k75-c300-n3000000-f32-k75-c300-fanout_f32_l16-merkle-r2,e25df9d23ec749f8e034933c04658a0ffc3334821f9bc3945ce6e7c42294ade3,merkle,repair_dml_wire_ms,17.487
size-scaling-k75-c300-n3000000-f32-k75-c300-fanout_f32_l16-merkle-r2,e25df9d23ec749f8e034933c04658a0ffc3334821f9bc3945ce6e7c42294ade3,merkle,repair_commit_wire_ms,3.700
size-scaling-k75-c300-n3000000-f32-k75-c300-fanout_f32_l16-merkle-r2,e25df9d23ec749f8e034933c04658a0ffc3334821f9bc3945ce6e7c42294ade3,merkle,repair_begin_wire_ms,0.119
size-scaling-k75-c300-n3000000-f32-k75-c300-fanout_f32_l16-merkle-r2,e25df9d23ec749f8e034933c04658a0ffc3334821f9bc3945ce6e7c42294ade3,merkle,repair_transaction_block_ms,21.961
size-scaling-k75-c300-n3000000-f32-k75-c300-fanout_f32_l16-merkle-r2,e25df9d23ec749f8e034933c04658a0ffc3334821f9bc3945ce6e7c42294ade3,merkle,repair_write_ms,21.965
size-scaling-k75-c300-n3000000-f32-k75-c300-fanout_f32_l16-merkle-r2,e25df9d23ec749f8e034933c04658a0ffc3334821f9bc3945ce6e7c42294ade3,merkle,targeted_post_repair_confirmation_ms,3.487
size-scaling-k75-c300-n3000000-f32-k75-c300-fanout_f32_l16-merkle-r2,e25df9d23ec749f8e034933c04658a0ffc3334821f9bc3945ce6e7c42294ade3,merkle,recovery_observability_ms,0.001
size-scaling-k75-c300-n3000000-f32-k75-c300-fanout_f32_l16-merkle-r2,e25df9d23ec749f8e034933c04658a0ffc3334821f9bc3945ce6e7c42294ade3,merkle,recovery_orchestration_ms,1.684
size-scaling-k75-c300-n3000000-f32-k75-c300-fanout_f32_l16-merkle-r2,e25df9d23ec749f8e034933c04658a0ffc3334821f9bc3945ce6e7c42294ade3,merkle,audit_exact_table_compare_ms,11493.783
size-scaling-k75-c300-n3000000-f32-k75-c300-fanout_f32_l16-merkle-r2,e25df9d23ec749f8e034933c04658a0ffc3334821f9bc3945ce6e7c42294ade3,merkle,audit_merkle_root_hash_ms,1.277
size-scaling-k75-c300-n3000000-f32-k75-c300-fanout_f32_l16-merkle-r2,e25df9d23ec749f8e034933c04658a0ffc3334821f9bc3945ce6e7c42294ade3,merkle,audit_merkle_verify_ms,9125.986
size-scaling-k75-c300-n3000000-f32-k75-c300-fanout_f32_l16-merkle-r2,e25df9d23ec749f8e034933c04658a0ffc3334821f9bc3945ce6e7c42294ade3,merkle,audit_schema_fidelity_ms,2.210
size-scaling-k75-c300-n3000000-f32-k75-c300-fanout_f32_l16-merkle-r2,e25df9d23ec749f8e034933c04658a0ffc3334821f9bc3945ce6e7c42294ade3,merkle,merkle_total_ms,23650.620
size-scaling-k75-c300-n3000000-f32-k75-c300-fanout_f32_l16-merkle-r3,e25df9d23ec749f8e034933c04658a0ffc3334821f9bc3945ce6e7c42294ade3,merkle,tree_localisation_ms,132.799
size-scaling-k75-c300-n3000000-f32-k75-c300-fanout_f32_l16-merkle-r3,e25df9d23ec749f8e034933c04658a0ffc3334821f9bc3945ce6e7c42294ade3,merkle,candidate_row_fetch_ms,34.715
size-scaling-k75-c300-n3000000-f32-k75-c300-fanout_f32_l16-merkle-r3,e25df9d23ec749f8e034933c04658a0ffc3334821f9bc3945ce6e7c42294ade3,merkle,row_comparison_ms,1.416
size-scaling-k75-c300-n3000000-f32-k75-c300-fanout_f32_l16-merkle-r3,e25df9d23ec749f8e034933c04658a0ffc3334821f9bc3945ce6e7c42294ade3,merkle,repair_sql_building_ms,0.585
size-scaling-k75-c300-n3000000-f32-k75-c300-fanout_f32_l16-merkle-r3,e25df9d23ec749f8e034933c04658a0ffc3334821f9bc3945ce6e7c42294ade3,merkle,repair_dml_wire_ms,17.376
size-scaling-k75-c300-n3000000-f32-k75-c300-fanout_f32_l16-merkle-r3,e25df9d23ec749f8e034933c04658a0ffc3334821f9bc3945ce6e7c42294ade3,merkle,repair_commit_wire_ms,3.631
size-scaling-k75-c300-n3000000-f32-k75-c300-fanout_f32_l16-merkle-r3,e25df9d23ec749f8e034933c04658a0ffc3334821f9bc3945ce6e7c42294ade3,merkle,repair_begin_wire_ms,0.157
size-scaling-k75-c300-n3000000-f32-k75-c300-fanout_f32_l16-merkle-r3,e25df9d23ec749f8e034933c04658a0ffc3334821f9bc3945ce6e7c42294ade3,merkle,repair_transaction_block_ms,21.806
size-scaling-k75-c300-n3000000-f32-k75-c300-fanout_f32_l16-merkle-r3,e25df9d23ec749f8e034933c04658a0ffc3334821f9bc3945ce6e7c42294ade3,merkle,repair_write_ms,21.811
size-scaling-k75-c300-n3000000-f32-k75-c300-fanout_f32_l16-merkle-r3,e25df9d23ec749f8e034933c04658a0ffc3334821f9bc3945ce6e7c42294ade3,merkle,targeted_post_repair_confirmation_ms,3.464
size-scaling-k75-c300-n3000000-f32-k75-c300-fanout_f32_l16-merkle-r3,e25df9d23ec749f8e034933c04658a0ffc3334821f9bc3945ce6e7c42294ade3,merkle,recovery_observability_ms,0.001
size-scaling-k75-c300-n3000000-f32-k75-c300-fanout_f32_l16-merkle-r3,e25df9d23ec749f8e034933c04658a0ffc3334821f9bc3945ce6e7c42294ade3,merkle,recovery_orchestration_ms,1.711
size-scaling-k75-c300-n3000000-f32-k75-c300-fanout_f32_l16-merkle-r3,e25df9d23ec749f8e034933c04658a0ffc3334821f9bc3945ce6e7c42294ade3,merkle,audit_exact_table_compare_ms,11466.109
size-scaling-k75-c300-n3000000-f32-k75-c300-fanout_f32_l16-merkle-r3,e25df9d23ec749f8e034933c04658a0ffc3334821f9bc3945ce6e7c42294ade3,merkle,audit_merkle_root_hash_ms,1.238
size-scaling-k75-c300-n3000000-f32-k75-c300-fanout_f32_l16-merkle-r3,e25df9d23ec749f8e034933c04658a0ffc3334821f9bc3945ce6e7c42294ade3,merkle,audit_merkle_verify_ms,9173.528
size-scaling-k75-c300-n3000000-f32-k75-c300-fanout_f32_l16-merkle-r3,e25df9d23ec749f8e034933c04658a0ffc3334821f9bc3945ce6e7c42294ade3,merkle,audit_schema_fidelity_ms,2.214
size-scaling-k75-c300-n3000000-f32-k75-c300-fanout_f32_l16-merkle-r3,e25df9d23ec749f8e034933c04658a0ffc3334821f9bc3945ce6e7c42294ade3,merkle,merkle_total_ms,23624.575
size-scaling-k75-c300-n3000000-f32-k75-c300-fanout_f32_l16-merkle-r4,e25df9d23ec749f8e034933c04658a0ffc3334821f9bc3945ce6e7c42294ade3,merkle,tree_localisation_ms,126.002
size-scaling-k75-c300-n3000000-f32-k75-c300-fanout_f32_l16-merkle-r4,e25df9d23ec749f8e034933c04658a0ffc3334821f9bc3945ce6e7c42294ade3,merkle,candidate_row_fetch_ms,35.074
size-scaling-k75-c300-n3000000-f32-k75-c300-fanout_f32_l16-merkle-r4,e25df9d23ec749f8e034933c04658a0ffc3334821f9bc3945ce6e7c42294ade3,merkle,row_comparison_ms,1.446
size-scaling-k75-c300-n3000000-f32-k75-c300-fanout_f32_l16-merkle-r4,e25df9d23ec749f8e034933c04658a0ffc3334821f9bc3945ce6e7c42294ade3,merkle,repair_sql_building_ms,0.583
size-scaling-k75-c300-n3000000-f32-k75-c300-fanout_f32_l16-merkle-r4,e25df9d23ec749f8e034933c04658a0ffc3334821f9bc3945ce6e7c42294ade3,merkle,repair_dml_wire_ms,17.104
size-scaling-k75-c300-n3000000-f32-k75-c300-fanout_f32_l16-merkle-r4,e25df9d23ec749f8e034933c04658a0ffc3334821f9bc3945ce6e7c42294ade3,merkle,repair_commit_wire_ms,3.700
size-scaling-k75-c300-n3000000-f32-k75-c300-fanout_f32_l16-merkle-r4,e25df9d23ec749f8e034933c04658a0ffc3334821f9bc3945ce6e7c42294ade3,merkle,repair_begin_wire_ms,0.161
size-scaling-k75-c300-n3000000-f32-k75-c300-fanout_f32_l16-merkle-r4,e25df9d23ec749f8e034933c04658a0ffc3334821f9bc3945ce6e7c42294ade3,merkle,repair_transaction_block_ms,21.607
size-scaling-k75-c300-n3000000-f32-k75-c300-fanout_f32_l16-merkle-r4,e25df9d23ec749f8e034933c04658a0ffc3334821f9bc3945ce6e7c42294ade3,merkle,repair_write_ms,21.611
size-scaling-k75-c300-n3000000-f32-k75-c300-fanout_f32_l16-merkle-r4,e25df9d23ec749f8e034933c04658a0ffc3334821f9bc3945ce6e7c42294ade3,merkle,targeted_post_repair_confirmation_ms,3.510
size-scaling-k75-c300-n3000000-f32-k75-c300-fanout_f32_l16-merkle-r4,e25df9d23ec749f8e034933c04658a0ffc3334821f9bc3945ce6e7c42294ade3,merkle,recovery_observability_ms,0.001
size-scaling-k75-c300-n3000000-f32-k75-c300-fanout_f32_l16-merkle-r4,e25df9d23ec749f8e034933c04658a0ffc3334821f9bc3945ce6e7c42294ade3,merkle,recovery_orchestration_ms,1.744
size-scaling-k75-c300-n3000000-f32-k75-c300-fanout_f32_l16-merkle-r4,e25df9d23ec749f8e034933c04658a0ffc3334821f9bc3945ce6e7c42294ade3,merkle,audit_exact_table_compare_ms,11470.242
size-scaling-k75-c300-n3000000-f32-k75-c300-fanout_f32_l16-merkle-r4,e25df9d23ec749f8e034933c04658a0ffc3334821f9bc3945ce6e7c42294ade3,merkle,audit_merkle_root_hash_ms,1.230
size-scaling-k75-c300-n3000000-f32-k75-c300-fanout_f32_l16-merkle-r4,e25df9d23ec749f8e034933c04658a0ffc3334821f9bc3945ce6e7c42294ade3,merkle,audit_merkle_verify_ms,9171.852
size-scaling-k75-c300-n3000000-f32-k75-c300-fanout_f32_l16-merkle-r4,e25df9d23ec749f8e034933c04658a0ffc3334821f9bc3945ce6e7c42294ade3,merkle,audit_schema_fidelity_ms,2.174
size-scaling-k75-c300-n3000000-f32-k75-c300-fanout_f32_l16-merkle-r4,e25df9d23ec749f8e034933c04658a0ffc3334821f9bc3945ce6e7c42294ade3,merkle,merkle_total_ms,23670.024
size-scaling-k75-c300-n3000000-f32-k75-c300-fanout_f32_l16-merkle-r5,e25df9d23ec749f8e034933c04658a0ffc3334821f9bc3945ce6e7c42294ade3,merkle,tree_localisation_ms,126.701
size-scaling-k75-c300-n3000000-f32-k75-c300-fanout_f32_l16-merkle-r5,e25df9d23ec749f8e034933c04658a0ffc3334821f9bc3945ce6e7c42294ade3,merkle,candidate_row_fetch_ms,35.233
size-scaling-k75-c300-n3000000-f32-k75-c300-fanout_f32_l16-merkle-r5,e25df9d23ec749f8e034933c04658a0ffc3334821f9bc3945ce6e7c42294ade3,merkle,row_comparison_ms,1.417
size-scaling-k75-c300-n3000000-f32-k75-c300-fanout_f32_l16-merkle-r5,e25df9d23ec749f8e034933c04658a0ffc3334821f9bc3945ce6e7c42294ade3,merkle,repair_sql_building_ms,0.613
size-scaling-k75-c300-n3000000-f32-k75-c300-fanout_f32_l16-merkle-r5,e25df9d23ec749f8e034933c04658a0ffc3334821f9bc3945ce6e7c42294ade3,merkle,repair_dml_wire_ms,29.305
size-scaling-k75-c300-n3000000-f32-k75-c300-fanout_f32_l16-merkle-r5,e25df9d23ec749f8e034933c04658a0ffc3334821f9bc3945ce6e7c42294ade3,merkle,repair_commit_wire_ms,3.706
size-scaling-k75-c300-n3000000-f32-k75-c300-fanout_f32_l16-merkle-r5,e25df9d23ec749f8e034933c04658a0ffc3334821f9bc3945ce6e7c42294ade3,merkle,repair_begin_wire_ms,0.155
size-scaling-k75-c300-n3000000-f32-k75-c300-fanout_f32_l16-merkle-r5,e25df9d23ec749f8e034933c04658a0ffc3334821f9bc3945ce6e7c42294ade3,merkle,repair_transaction_block_ms,33.836
size-scaling-k75-c300-n3000000-f32-k75-c300-fanout_f32_l16-merkle-r5,e25df9d23ec749f8e034933c04658a0ffc3334821f9bc3945ce6e7c42294ade3,merkle,repair_write_ms,33.841
size-scaling-k75-c300-n3000000-f32-k75-c300-fanout_f32_l16-merkle-r5,e25df9d23ec749f8e034933c04658a0ffc3334821f9bc3945ce6e7c42294ade3,merkle,targeted_post_repair_confirmation_ms,3.510
size-scaling-k75-c300-n3000000-f32-k75-c300-fanout_f32_l16-merkle-r5,e25df9d23ec749f8e034933c04658a0ffc3334821f9bc3945ce6e7c42294ade3,merkle,recovery_observability_ms,0.001
size-scaling-k75-c300-n3000000-f32-k75-c300-fanout_f32_l16-merkle-r5,e25df9d23ec749f8e034933c04658a0ffc3334821f9bc3945ce6e7c42294ade3,merkle,recovery_orchestration_ms,1.741
size-scaling-k75-c300-n3000000-f32-k75-c300-fanout_f32_l16-merkle-r5,e25df9d23ec749f8e034933c04658a0ffc3334821f9bc3945ce6e7c42294ade3,merkle,audit_exact_table_compare_ms,11498.001
size-scaling-k75-c300-n3000000-f32-k75-c300-fanout_f32_l16-merkle-r5,e25df9d23ec749f8e034933c04658a0ffc3334821f9bc3945ce6e7c42294ade3,merkle,audit_merkle_root_hash_ms,1.230
size-scaling-k75-c300-n3000000-f32-k75-c300-fanout_f32_l16-merkle-r5,e25df9d23ec749f8e034933c04658a0ffc3334821f9bc3945ce6e7c42294ade3,merkle,audit_merkle_verify_ms,9146.753
size-scaling-k75-c300-n3000000-f32-k75-c300-fanout_f32_l16-merkle-r5,e25df9d23ec749f8e034933c04658a0ffc3334821f9bc3945ce6e7c42294ade3,merkle,audit_schema_fidelity_ms,2.567
size-scaling-k75-c300-n3000000-f32-k75-c300-fanout_f32_l16-merkle-r5,e25df9d23ec749f8e034933c04658a0ffc3334821f9bc3945ce6e7c42294ade3,merkle,merkle_total_ms,23686.757
size-scaling-k75-c300-n3000000-f32-k75-c300-fanout_f32_l16-merkle-r6,e25df9d23ec749f8e034933c04658a0ffc3334821f9bc3945ce6e7c42294ade3,merkle,tree_localisation_ms,125.354
size-scaling-k75-c300-n3000000-f32-k75-c300-fanout_f32_l16-merkle-r6,e25df9d23ec749f8e034933c04658a0ffc3334821f9bc3945ce6e7c42294ade3,merkle,candidate_row_fetch_ms,35.355
size-scaling-k75-c300-n3000000-f32-k75-c300-fanout_f32_l16-merkle-r6,e25df9d23ec749f8e034933c04658a0ffc3334821f9bc3945ce6e7c42294ade3,merkle,row_comparison_ms,1.424
size-scaling-k75-c300-n3000000-f32-k75-c300-fanout_f32_l16-merkle-r6,e25df9d23ec749f8e034933c04658a0ffc3334821f9bc3945ce6e7c42294ade3,merkle,repair_sql_building_ms,0.623
size-scaling-k75-c300-n3000000-f32-k75-c300-fanout_f32_l16-merkle-r6,e25df9d23ec749f8e034933c04658a0ffc3334821f9bc3945ce6e7c42294ade3,merkle,repair_dml_wire_ms,17.003
size-scaling-k75-c300-n3000000-f32-k75-c300-fanout_f32_l16-merkle-r6,e25df9d23ec749f8e034933c04658a0ffc3334821f9bc3945ce6e7c42294ade3,merkle,repair_commit_wire_ms,3.655
size-scaling-k75-c300-n3000000-f32-k75-c300-fanout_f32_l16-merkle-r6,e25df9d23ec749f8e034933c04658a0ffc3334821f9bc3945ce6e7c42294ade3,merkle,repair_begin_wire_ms,0.162
size-scaling-k75-c300-n3000000-f32-k75-c300-fanout_f32_l16-merkle-r6,e25df9d23ec749f8e034933c04658a0ffc3334821f9bc3945ce6e7c42294ade3,merkle,repair_transaction_block_ms,21.501
size-scaling-k75-c300-n3000000-f32-k75-c300-fanout_f32_l16-merkle-r6,e25df9d23ec749f8e034933c04658a0ffc3334821f9bc3945ce6e7c42294ade3,merkle,repair_write_ms,21.505
size-scaling-k75-c300-n3000000-f32-k75-c300-fanout_f32_l16-merkle-r6,e25df9d23ec749f8e034933c04658a0ffc3334821f9bc3945ce6e7c42294ade3,merkle,targeted_post_repair_confirmation_ms,3.470
size-scaling-k75-c300-n3000000-f32-k75-c300-fanout_f32_l16-merkle-r6,e25df9d23ec749f8e034933c04658a0ffc3334821f9bc3945ce6e7c42294ade3,merkle,recovery_observability_ms,0.001
size-scaling-k75-c300-n3000000-f32-k75-c300-fanout_f32_l16-merkle-r6,e25df9d23ec749f8e034933c04658a0ffc3334821f9bc3945ce6e7c42294ade3,merkle,recovery_orchestration_ms,1.727
size-scaling-k75-c300-n3000000-f32-k75-c300-fanout_f32_l16-merkle-r6,e25df9d23ec749f8e034933c04658a0ffc3334821f9bc3945ce6e7c42294ade3,merkle,audit_exact_table_compare_ms,11465.710
size-scaling-k75-c300-n3000000-f32-k75-c300-fanout_f32_l16-merkle-r6,e25df9d23ec749f8e034933c04658a0ffc3334821f9bc3945ce6e7c42294ade3,merkle,audit_merkle_root_hash_ms,1.277
size-scaling-k75-c300-n3000000-f32-k75-c300-fanout_f32_l16-merkle-r6,e25df9d23ec749f8e034933c04658a0ffc3334821f9bc3945ce6e7c42294ade3,merkle,audit_merkle_verify_ms,9134.093
size-scaling-k75-c300-n3000000-f32-k75-c300-fanout_f32_l16-merkle-r6,e25df9d23ec749f8e034933c04658a0ffc3334821f9bc3945ce6e7c42294ade3,merkle,audit_schema_fidelity_ms,2.051
size-scaling-k75-c300-n3000000-f32-k75-c300-fanout_f32_l16-merkle-r6,e25df9d23ec749f8e034933c04658a0ffc3334821f9bc3945ce6e7c42294ade3,merkle,merkle_total_ms,23627.402
size-scaling-k75-c300-n3000000-f32-k75-c300-fanout_f32_l16-merkle-r7,e25df9d23ec749f8e034933c04658a0ffc3334821f9bc3945ce6e7c42294ade3,merkle,tree_localisation_ms,131.049
size-scaling-k75-c300-n3000000-f32-k75-c300-fanout_f32_l16-merkle-r7,e25df9d23ec749f8e034933c04658a0ffc3334821f9bc3945ce6e7c42294ade3,merkle,candidate_row_fetch_ms,35.616
size-scaling-k75-c300-n3000000-f32-k75-c300-fanout_f32_l16-merkle-r7,e25df9d23ec749f8e034933c04658a0ffc3334821f9bc3945ce6e7c42294ade3,merkle,row_comparison_ms,1.479
size-scaling-k75-c300-n3000000-f32-k75-c300-fanout_f32_l16-merkle-r7,e25df9d23ec749f8e034933c04658a0ffc3334821f9bc3945ce6e7c42294ade3,merkle,repair_sql_building_ms,0.610
size-scaling-k75-c300-n3000000-f32-k75-c300-fanout_f32_l16-merkle-r7,e25df9d23ec749f8e034933c04658a0ffc3334821f9bc3945ce6e7c42294ade3,merkle,repair_dml_wire_ms,17.140
size-scaling-k75-c300-n3000000-f32-k75-c300-fanout_f32_l16-merkle-r7,e25df9d23ec749f8e034933c04658a0ffc3334821f9bc3945ce6e7c42294ade3,merkle,repair_commit_wire_ms,3.748
size-scaling-k75-c300-n3000000-f32-k75-c300-fanout_f32_l16-merkle-r7,e25df9d23ec749f8e034933c04658a0ffc3334821f9bc3945ce6e7c42294ade3,merkle,repair_begin_wire_ms,0.163
size-scaling-k75-c300-n3000000-f32-k75-c300-fanout_f32_l16-merkle-r7,e25df9d23ec749f8e034933c04658a0ffc3334821f9bc3945ce6e7c42294ade3,merkle,repair_transaction_block_ms,21.718
size-scaling-k75-c300-n3000000-f32-k75-c300-fanout_f32_l16-merkle-r7,e25df9d23ec749f8e034933c04658a0ffc3334821f9bc3945ce6e7c42294ade3,merkle,repair_write_ms,21.723
size-scaling-k75-c300-n3000000-f32-k75-c300-fanout_f32_l16-merkle-r7,e25df9d23ec749f8e034933c04658a0ffc3334821f9bc3945ce6e7c42294ade3,merkle,targeted_post_repair_confirmation_ms,3.519
size-scaling-k75-c300-n3000000-f32-k75-c300-fanout_f32_l16-merkle-r7,e25df9d23ec749f8e034933c04658a0ffc3334821f9bc3945ce6e7c42294ade3,merkle,recovery_observability_ms,0.001
size-scaling-k75-c300-n3000000-f32-k75-c300-fanout_f32_l16-merkle-r7,e25df9d23ec749f8e034933c04658a0ffc3334821f9bc3945ce6e7c42294ade3,merkle,recovery_orchestration_ms,1.691
size-scaling-k75-c300-n3000000-f32-k75-c300-fanout_f32_l16-merkle-r7,e25df9d23ec749f8e034933c04658a0ffc3334821f9bc3945ce6e7c42294ade3,merkle,audit_exact_table_compare_ms,11535.001
size-scaling-k75-c300-n3000000-f32-k75-c300-fanout_f32_l16-merkle-r7,e25df9d23ec749f8e034933c04658a0ffc3334821f9bc3945ce6e7c42294ade3,merkle,audit_merkle_root_hash_ms,1.273
size-scaling-k75-c300-n3000000-f32-k75-c300-fanout_f32_l16-merkle-r7,e25df9d23ec749f8e034933c04658a0ffc3334821f9bc3945ce6e7c42294ade3,merkle,audit_merkle_verify_ms,9124.370
size-scaling-k75-c300-n3000000-f32-k75-c300-fanout_f32_l16-merkle-r7,e25df9d23ec749f8e034933c04658a0ffc3334821f9bc3945ce6e7c42294ade3,merkle,audit_schema_fidelity_ms,2.231
size-scaling-k75-c300-n3000000-f32-k75-c300-fanout_f32_l16-merkle-r7,e25df9d23ec749f8e034933c04658a0ffc3334821f9bc3945ce6e7c42294ade3,merkle,merkle_total_ms,23642.926
size-scaling-k75-c300-n3000000-f32-k75-c300-fanout_f32_l16-merkle-r8,e25df9d23ec749f8e034933c04658a0ffc3334821f9bc3945ce6e7c42294ade3,merkle,tree_localisation_ms,125.677
size-scaling-k75-c300-n3000000-f32-k75-c300-fanout_f32_l16-merkle-r8,e25df9d23ec749f8e034933c04658a0ffc3334821f9bc3945ce6e7c42294ade3,merkle,candidate_row_fetch_ms,35.457
size-scaling-k75-c300-n3000000-f32-k75-c300-fanout_f32_l16-merkle-r8,e25df9d23ec749f8e034933c04658a0ffc3334821f9bc3945ce6e7c42294ade3,merkle,row_comparison_ms,1.425
size-scaling-k75-c300-n3000000-f32-k75-c300-fanout_f32_l16-merkle-r8,e25df9d23ec749f8e034933c04658a0ffc3334821f9bc3945ce6e7c42294ade3,merkle,repair_sql_building_ms,0.583
size-scaling-k75-c300-n3000000-f32-k75-c300-fanout_f32_l16-merkle-r8,e25df9d23ec749f8e034933c04658a0ffc3334821f9bc3945ce6e7c42294ade3,merkle,repair_dml_wire_ms,17.214
size-scaling-k75-c300-n3000000-f32-k75-c300-fanout_f32_l16-merkle-r8,e25df9d23ec749f8e034933c04658a0ffc3334821f9bc3945ce6e7c42294ade3,merkle,repair_commit_wire_ms,3.682
size-scaling-k75-c300-n3000000-f32-k75-c300-fanout_f32_l16-merkle-r8,e25df9d23ec749f8e034933c04658a0ffc3334821f9bc3945ce6e7c42294ade3,merkle,repair_begin_wire_ms,0.119
size-scaling-k75-c300-n3000000-f32-k75-c300-fanout_f32_l16-merkle-r8,e25df9d23ec749f8e034933c04658a0ffc3334821f9bc3945ce6e7c42294ade3,merkle,repair_transaction_block_ms,21.656
size-scaling-k75-c300-n3000000-f32-k75-c300-fanout_f32_l16-merkle-r8,e25df9d23ec749f8e034933c04658a0ffc3334821f9bc3945ce6e7c42294ade3,merkle,repair_write_ms,21.661
size-scaling-k75-c300-n3000000-f32-k75-c300-fanout_f32_l16-merkle-r8,e25df9d23ec749f8e034933c04658a0ffc3334821f9bc3945ce6e7c42294ade3,merkle,targeted_post_repair_confirmation_ms,3.451
size-scaling-k75-c300-n3000000-f32-k75-c300-fanout_f32_l16-merkle-r8,e25df9d23ec749f8e034933c04658a0ffc3334821f9bc3945ce6e7c42294ade3,merkle,recovery_observability_ms,0.001
size-scaling-k75-c300-n3000000-f32-k75-c300-fanout_f32_l16-merkle-r8,e25df9d23ec749f8e034933c04658a0ffc3334821f9bc3945ce6e7c42294ade3,merkle,recovery_orchestration_ms,1.715
size-scaling-k75-c300-n3000000-f32-k75-c300-fanout_f32_l16-merkle-r8,e25df9d23ec749f8e034933c04658a0ffc3334821f9bc3945ce6e7c42294ade3,merkle,audit_exact_table_compare_ms,11479.252
size-scaling-k75-c300-n3000000-f32-k75-c300-fanout_f32_l16-merkle-r8,e25df9d23ec749f8e034933c04658a0ffc3334821f9bc3945ce6e7c42294ade3,merkle,audit_merkle_root_hash_ms,1.148
size-scaling-k75-c300-n3000000-f32-k75-c300-fanout_f32_l16-merkle-r8,e25df9d23ec749f8e034933c04658a0ffc3334821f9bc3945ce6e7c42294ade3,merkle,audit_merkle_verify_ms,9129.570
size-scaling-k75-c300-n3000000-f32-k75-c300-fanout_f32_l16-merkle-r8,e25df9d23ec749f8e034933c04658a0ffc3334821f9bc3945ce6e7c42294ade3,merkle,audit_schema_fidelity_ms,2.184
size-scaling-k75-c300-n3000000-f32-k75-c300-fanout_f32_l16-merkle-r8,e25df9d23ec749f8e034933c04658a0ffc3334821f9bc3945ce6e7c42294ade3,merkle,merkle_total_ms,23637.634
size-scaling-k75-c300-n3000000-f32-k75-c300-fanout_f32_l16-merkle-r9,e25df9d23ec749f8e034933c04658a0ffc3334821f9bc3945ce6e7c42294ade3,merkle,tree_localisation_ms,127.681
size-scaling-k75-c300-n3000000-f32-k75-c300-fanout_f32_l16-merkle-r9,e25df9d23ec749f8e034933c04658a0ffc3334821f9bc3945ce6e7c42294ade3,merkle,candidate_row_fetch_ms,35.935
size-scaling-k75-c300-n3000000-f32-k75-c300-fanout_f32_l16-merkle-r9,e25df9d23ec749f8e034933c04658a0ffc3334821f9bc3945ce6e7c42294ade3,merkle,row_comparison_ms,1.400
size-scaling-k75-c300-n3000000-f32-k75-c300-fanout_f32_l16-merkle-r9,e25df9d23ec749f8e034933c04658a0ffc3334821f9bc3945ce6e7c42294ade3,merkle,repair_sql_building_ms,0.574
size-scaling-k75-c300-n3000000-f32-k75-c300-fanout_f32_l16-merkle-r9,e25df9d23ec749f8e034933c04658a0ffc3334821f9bc3945ce6e7c42294ade3,merkle,repair_dml_wire_ms,16.788
size-scaling-k75-c300-n3000000-f32-k75-c300-fanout_f32_l16-merkle-r9,e25df9d23ec749f8e034933c04658a0ffc3334821f9bc3945ce6e7c42294ade3,merkle,repair_commit_wire_ms,3.688
size-scaling-k75-c300-n3000000-f32-k75-c300-fanout_f32_l16-merkle-r9,e25df9d23ec749f8e034933c04658a0ffc3334821f9bc3945ce6e7c42294ade3,merkle,repair_begin_wire_ms,0.158
size-scaling-k75-c300-n3000000-f32-k75-c300-fanout_f32_l16-merkle-r9,e25df9d23ec749f8e034933c04658a0ffc3334821f9bc3945ce6e7c42294ade3,merkle,repair_transaction_block_ms,21.265
size-scaling-k75-c300-n3000000-f32-k75-c300-fanout_f32_l16-merkle-r9,e25df9d23ec749f8e034933c04658a0ffc3334821f9bc3945ce6e7c42294ade3,merkle,repair_write_ms,21.269
size-scaling-k75-c300-n3000000-f32-k75-c300-fanout_f32_l16-merkle-r9,e25df9d23ec749f8e034933c04658a0ffc3334821f9bc3945ce6e7c42294ade3,merkle,targeted_post_repair_confirmation_ms,3.479
size-scaling-k75-c300-n3000000-f32-k75-c300-fanout_f32_l16-merkle-r9,e25df9d23ec749f8e034933c04658a0ffc3334821f9bc3945ce6e7c42294ade3,merkle,recovery_observability_ms,0.001
size-scaling-k75-c300-n3000000-f32-k75-c300-fanout_f32_l16-merkle-r9,e25df9d23ec749f8e034933c04658a0ffc3334821f9bc3945ce6e7c42294ade3,merkle,recovery_orchestration_ms,1.747
size-scaling-k75-c300-n3000000-f32-k75-c300-fanout_f32_l16-merkle-r9,e25df9d23ec749f8e034933c04658a0ffc3334821f9bc3945ce6e7c42294ade3,merkle,audit_exact_table_compare_ms,11469.495
size-scaling-k75-c300-n3000000-f32-k75-c300-fanout_f32_l16-merkle-r9,e25df9d23ec749f8e034933c04658a0ffc3334821f9bc3945ce6e7c42294ade3,merkle,audit_merkle_root_hash_ms,1.223
size-scaling-k75-c300-n3000000-f32-k75-c300-fanout_f32_l16-merkle-r9,e25df9d23ec749f8e034933c04658a0ffc3334821f9bc3945ce6e7c42294ade3,merkle,audit_merkle_verify_ms,9162.100
size-scaling-k75-c300-n3000000-f32-k75-c300-fanout_f32_l16-merkle-r9,e25df9d23ec749f8e034933c04658a0ffc3334821f9bc3945ce6e7c42294ade3,merkle,audit_schema_fidelity_ms,2.185
size-scaling-k75-c300-n3000000-f32-k75-c300-fanout_f32_l16-merkle-r9,e25df9d23ec749f8e034933c04658a0ffc3334821f9bc3945ce6e7c42294ade3,merkle,merkle_total_ms,23661.610
size-scaling-k75-c300-n30000000-f32-k75-c300-fanout_f32_l16-merkle-r0,42d3d7b6a43793da2ea4c66c85c79436f0703abc03c676eba734b74386588bf0,merkle,tree_localisation_ms,174.183
size-scaling-k75-c300-n30000000-f32-k75-c300-fanout_f32_l16-merkle-r0,42d3d7b6a43793da2ea4c66c85c79436f0703abc03c676eba734b74386588bf0,merkle,candidate_row_fetch_ms,18.985
size-scaling-k75-c300-n30000000-f32-k75-c300-fanout_f32_l16-merkle-r0,42d3d7b6a43793da2ea4c66c85c79436f0703abc03c676eba734b74386588bf0,merkle,row_comparison_ms,0.670
size-scaling-k75-c300-n30000000-f32-k75-c300-fanout_f32_l16-merkle-r0,42d3d7b6a43793da2ea4c66c85c79436f0703abc03c676eba734b74386588bf0,merkle,repair_sql_building_ms,0.560
size-scaling-k75-c300-n30000000-f32-k75-c300-fanout_f32_l16-merkle-r0,42d3d7b6a43793da2ea4c66c85c79436f0703abc03c676eba734b74386588bf0,merkle,repair_dml_wire_ms,17.471
size-scaling-k75-c300-n30000000-f32-k75-c300-fanout_f32_l16-merkle-r0,42d3d7b6a43793da2ea4c66c85c79436f0703abc03c676eba734b74386588bf0,merkle,repair_commit_wire_ms,9.294
size-scaling-k75-c300-n30000000-f32-k75-c300-fanout_f32_l16-merkle-r0,42d3d7b6a43793da2ea4c66c85c79436f0703abc03c676eba734b74386588bf0,merkle,repair_begin_wire_ms,0.115
size-scaling-k75-c300-n30000000-f32-k75-c300-fanout_f32_l16-merkle-r0,42d3d7b6a43793da2ea4c66c85c79436f0703abc03c676eba734b74386588bf0,merkle,repair_transaction_block_ms,27.499
size-scaling-k75-c300-n30000000-f32-k75-c300-fanout_f32_l16-merkle-r0,42d3d7b6a43793da2ea4c66c85c79436f0703abc03c676eba734b74386588bf0,merkle,repair_write_ms,27.504
size-scaling-k75-c300-n30000000-f32-k75-c300-fanout_f32_l16-merkle-r0,42d3d7b6a43793da2ea4c66c85c79436f0703abc03c676eba734b74386588bf0,merkle,targeted_post_repair_confirmation_ms,3.697
size-scaling-k75-c300-n30000000-f32-k75-c300-fanout_f32_l16-merkle-r0,42d3d7b6a43793da2ea4c66c85c79436f0703abc03c676eba734b74386588bf0,merkle,recovery_observability_ms,0.001
size-scaling-k75-c300-n30000000-f32-k75-c300-fanout_f32_l16-merkle-r0,42d3d7b6a43793da2ea4c66c85c79436f0703abc03c676eba734b74386588bf0,merkle,recovery_orchestration_ms,1.498
size-scaling-k75-c300-n30000000-f32-k75-c300-fanout_f32_l16-merkle-r0,42d3d7b6a43793da2ea4c66c85c79436f0703abc03c676eba734b74386588bf0,merkle,audit_exact_table_compare_ms,112150.206
size-scaling-k75-c300-n30000000-f32-k75-c300-fanout_f32_l16-merkle-r0,42d3d7b6a43793da2ea4c66c85c79436f0703abc03c676eba734b74386588bf0,merkle,audit_merkle_root_hash_ms,1.445
size-scaling-k75-c300-n30000000-f32-k75-c300-fanout_f32_l16-merkle-r0,42d3d7b6a43793da2ea4c66c85c79436f0703abc03c676eba734b74386588bf0,merkle,audit_merkle_verify_ms,91217.997
size-scaling-k75-c300-n30000000-f32-k75-c300-fanout_f32_l16-merkle-r0,42d3d7b6a43793da2ea4c66c85c79436f0703abc03c676eba734b74386588bf0,merkle,audit_schema_fidelity_ms,2.192
size-scaling-k75-c300-n30000000-f32-k75-c300-fanout_f32_l16-merkle-r0,42d3d7b6a43793da2ea4c66c85c79436f0703abc03c676eba734b74386588bf0,merkle,merkle_total_ms,206390.661
size-scaling-k75-c300-n30000000-f32-k75-c300-fanout_f32_l16-merkle-r1,42d3d7b6a43793da2ea4c66c85c79436f0703abc03c676eba734b74386588bf0,merkle,tree_localisation_ms,199.177
size-scaling-k75-c300-n30000000-f32-k75-c300-fanout_f32_l16-merkle-r1,42d3d7b6a43793da2ea4c66c85c79436f0703abc03c676eba734b74386588bf0,merkle,candidate_row_fetch_ms,19.247
size-scaling-k75-c300-n30000000-f32-k75-c300-fanout_f32_l16-merkle-r1,42d3d7b6a43793da2ea4c66c85c79436f0703abc03c676eba734b74386588bf0,merkle,row_comparison_ms,0.671
size-scaling-k75-c300-n30000000-f32-k75-c300-fanout_f32_l16-merkle-r1,42d3d7b6a43793da2ea4c66c85c79436f0703abc03c676eba734b74386588bf0,merkle,repair_sql_building_ms,0.558
size-scaling-k75-c300-n30000000-f32-k75-c300-fanout_f32_l16-merkle-r1,42d3d7b6a43793da2ea4c66c85c79436f0703abc03c676eba734b74386588bf0,merkle,repair_dml_wire_ms,17.142
size-scaling-k75-c300-n30000000-f32-k75-c300-fanout_f32_l16-merkle-r1,42d3d7b6a43793da2ea4c66c85c79436f0703abc03c676eba734b74386588bf0,merkle,repair_commit_wire_ms,9.240
size-scaling-k75-c300-n30000000-f32-k75-c300-fanout_f32_l16-merkle-r1,42d3d7b6a43793da2ea4c66c85c79436f0703abc03c676eba734b74386588bf0,merkle,repair_begin_wire_ms,0.111
size-scaling-k75-c300-n30000000-f32-k75-c300-fanout_f32_l16-merkle-r1,42d3d7b6a43793da2ea4c66c85c79436f0703abc03c676eba734b74386588bf0,merkle,repair_transaction_block_ms,27.109
size-scaling-k75-c300-n30000000-f32-k75-c300-fanout_f32_l16-merkle-r1,42d3d7b6a43793da2ea4c66c85c79436f0703abc03c676eba734b74386588bf0,merkle,repair_write_ms,27.113
size-scaling-k75-c300-n30000000-f32-k75-c300-fanout_f32_l16-merkle-r1,42d3d7b6a43793da2ea4c66c85c79436f0703abc03c676eba734b74386588bf0,merkle,targeted_post_repair_confirmation_ms,3.587
size-scaling-k75-c300-n30000000-f32-k75-c300-fanout_f32_l16-merkle-r1,42d3d7b6a43793da2ea4c66c85c79436f0703abc03c676eba734b74386588bf0,merkle,recovery_observability_ms,0.001
size-scaling-k75-c300-n30000000-f32-k75-c300-fanout_f32_l16-merkle-r1,42d3d7b6a43793da2ea4c66c85c79436f0703abc03c676eba734b74386588bf0,merkle,recovery_orchestration_ms,1.542
size-scaling-k75-c300-n30000000-f32-k75-c300-fanout_f32_l16-merkle-r1,42d3d7b6a43793da2ea4c66c85c79436f0703abc03c676eba734b74386588bf0,merkle,audit_exact_table_compare_ms,118008.527
size-scaling-k75-c300-n30000000-f32-k75-c300-fanout_f32_l16-merkle-r1,42d3d7b6a43793da2ea4c66c85c79436f0703abc03c676eba734b74386588bf0,merkle,audit_merkle_root_hash_ms,1.406
size-scaling-k75-c300-n30000000-f32-k75-c300-fanout_f32_l16-merkle-r1,42d3d7b6a43793da2ea4c66c85c79436f0703abc03c676eba734b74386588bf0,merkle,audit_merkle_verify_ms,91112.638
size-scaling-k75-c300-n30000000-f32-k75-c300-fanout_f32_l16-merkle-r1,42d3d7b6a43793da2ea4c66c85c79436f0703abc03c676eba734b74386588bf0,merkle,audit_schema_fidelity_ms,2.217
size-scaling-k75-c300-n30000000-f32-k75-c300-fanout_f32_l16-merkle-r1,42d3d7b6a43793da2ea4c66c85c79436f0703abc03c676eba734b74386588bf0,merkle,merkle_total_ms,212116.733
size-scaling-k75-c300-n30000000-f32-k75-c300-fanout_f32_l16-merkle-r2,42d3d7b6a43793da2ea4c66c85c79436f0703abc03c676eba734b74386588bf0,merkle,tree_localisation_ms,196.473
size-scaling-k75-c300-n30000000-f32-k75-c300-fanout_f32_l16-merkle-r2,42d3d7b6a43793da2ea4c66c85c79436f0703abc03c676eba734b74386588bf0,merkle,candidate_row_fetch_ms,19.399
size-scaling-k75-c300-n30000000-f32-k75-c300-fanout_f32_l16-merkle-r2,42d3d7b6a43793da2ea4c66c85c79436f0703abc03c676eba734b74386588bf0,merkle,row_comparison_ms,0.668
size-scaling-k75-c300-n30000000-f32-k75-c300-fanout_f32_l16-merkle-r2,42d3d7b6a43793da2ea4c66c85c79436f0703abc03c676eba734b74386588bf0,merkle,repair_sql_building_ms,0.592
size-scaling-k75-c300-n30000000-f32-k75-c300-fanout_f32_l16-merkle-r2,42d3d7b6a43793da2ea4c66c85c79436f0703abc03c676eba734b74386588bf0,merkle,repair_dml_wire_ms,30.141
size-scaling-k75-c300-n30000000-f32-k75-c300-fanout_f32_l16-merkle-r2,42d3d7b6a43793da2ea4c66c85c79436f0703abc03c676eba734b74386588bf0,merkle,repair_commit_wire_ms,9.277
size-scaling-k75-c300-n30000000-f32-k75-c300-fanout_f32_l16-merkle-r2,42d3d7b6a43793da2ea4c66c85c79436f0703abc03c676eba734b74386588bf0,merkle,repair_begin_wire_ms,0.110
size-scaling-k75-c300-n30000000-f32-k75-c300-fanout_f32_l16-merkle-r2,42d3d7b6a43793da2ea4c66c85c79436f0703abc03c676eba734b74386588bf0,merkle,repair_transaction_block_ms,40.178
size-scaling-k75-c300-n30000000-f32-k75-c300-fanout_f32_l16-merkle-r2,42d3d7b6a43793da2ea4c66c85c79436f0703abc03c676eba734b74386588bf0,merkle,repair_write_ms,40.183
size-scaling-k75-c300-n30000000-f32-k75-c300-fanout_f32_l16-merkle-r2,42d3d7b6a43793da2ea4c66c85c79436f0703abc03c676eba734b74386588bf0,merkle,targeted_post_repair_confirmation_ms,3.570
size-scaling-k75-c300-n30000000-f32-k75-c300-fanout_f32_l16-merkle-r2,42d3d7b6a43793da2ea4c66c85c79436f0703abc03c676eba734b74386588bf0,merkle,recovery_observability_ms,0.001
size-scaling-k75-c300-n30000000-f32-k75-c300-fanout_f32_l16-merkle-r2,42d3d7b6a43793da2ea4c66c85c79436f0703abc03c676eba734b74386588bf0,merkle,recovery_orchestration_ms,1.463
size-scaling-k75-c300-n30000000-f32-k75-c300-fanout_f32_l16-merkle-r2,42d3d7b6a43793da2ea4c66c85c79436f0703abc03c676eba734b74386588bf0,merkle,audit_exact_table_compare_ms,106512.482
size-scaling-k75-c300-n30000000-f32-k75-c300-fanout_f32_l16-merkle-r2,42d3d7b6a43793da2ea4c66c85c79436f0703abc03c676eba734b74386588bf0,merkle,audit_merkle_root_hash_ms,1.299
size-scaling-k75-c300-n30000000-f32-k75-c300-fanout_f32_l16-merkle-r2,42d3d7b6a43793da2ea4c66c85c79436f0703abc03c676eba734b74386588bf0,merkle,audit_merkle_verify_ms,90875.510
size-scaling-k75-c300-n30000000-f32-k75-c300-fanout_f32_l16-merkle-r2,42d3d7b6a43793da2ea4c66c85c79436f0703abc03c676eba734b74386588bf0,merkle,audit_schema_fidelity_ms,2.217
size-scaling-k75-c300-n30000000-f32-k75-c300-fanout_f32_l16-merkle-r2,42d3d7b6a43793da2ea4c66c85c79436f0703abc03c676eba734b74386588bf0,merkle,merkle_total_ms,200393.101
size-scaling-k75-c300-n30000000-f32-k75-c300-fanout_f32_l16-merkle-r3,42d3d7b6a43793da2ea4c66c85c79436f0703abc03c676eba734b74386588bf0,merkle,tree_localisation_ms,177.238
size-scaling-k75-c300-n30000000-f32-k75-c300-fanout_f32_l16-merkle-r3,42d3d7b6a43793da2ea4c66c85c79436f0703abc03c676eba734b74386588bf0,merkle,candidate_row_fetch_ms,19.742
size-scaling-k75-c300-n30000000-f32-k75-c300-fanout_f32_l16-merkle-r3,42d3d7b6a43793da2ea4c66c85c79436f0703abc03c676eba734b74386588bf0,merkle,row_comparison_ms,0.682
size-scaling-k75-c300-n30000000-f32-k75-c300-fanout_f32_l16-merkle-r3,42d3d7b6a43793da2ea4c66c85c79436f0703abc03c676eba734b74386588bf0,merkle,repair_sql_building_ms,0.570
size-scaling-k75-c300-n30000000-f32-k75-c300-fanout_f32_l16-merkle-r3,42d3d7b6a43793da2ea4c66c85c79436f0703abc03c676eba734b74386588bf0,merkle,repair_dml_wire_ms,17.820
size-scaling-k75-c300-n30000000-f32-k75-c300-fanout_f32_l16-merkle-r3,42d3d7b6a43793da2ea4c66c85c79436f0703abc03c676eba734b74386588bf0,merkle,repair_commit_wire_ms,9.311
size-scaling-k75-c300-n30000000-f32-k75-c300-fanout_f32_l16-merkle-r3,42d3d7b6a43793da2ea4c66c85c79436f0703abc03c676eba734b74386588bf0,merkle,repair_begin_wire_ms,0.111
size-scaling-k75-c300-n30000000-f32-k75-c300-fanout_f32_l16-merkle-r3,42d3d7b6a43793da2ea4c66c85c79436f0703abc03c676eba734b74386588bf0,merkle,repair_transaction_block_ms,27.868
size-scaling-k75-c300-n30000000-f32-k75-c300-fanout_f32_l16-merkle-r3,42d3d7b6a43793da2ea4c66c85c79436f0703abc03c676eba734b74386588bf0,merkle,repair_write_ms,27.872
size-scaling-k75-c300-n30000000-f32-k75-c300-fanout_f32_l16-merkle-r3,42d3d7b6a43793da2ea4c66c85c79436f0703abc03c676eba734b74386588bf0,merkle,targeted_post_repair_confirmation_ms,3.764
size-scaling-k75-c300-n30000000-f32-k75-c300-fanout_f32_l16-merkle-r3,42d3d7b6a43793da2ea4c66c85c79436f0703abc03c676eba734b74386588bf0,merkle,recovery_observability_ms,0.001
size-scaling-k75-c300-n30000000-f32-k75-c300-fanout_f32_l16-merkle-r3,42d3d7b6a43793da2ea4c66c85c79436f0703abc03c676eba734b74386588bf0,merkle,recovery_orchestration_ms,1.519
size-scaling-k75-c300-n30000000-f32-k75-c300-fanout_f32_l16-merkle-r3,42d3d7b6a43793da2ea4c66c85c79436f0703abc03c676eba734b74386588bf0,merkle,audit_exact_table_compare_ms,106220.433
size-scaling-k75-c300-n30000000-f32-k75-c300-fanout_f32_l16-merkle-r3,42d3d7b6a43793da2ea4c66c85c79436f0703abc03c676eba734b74386588bf0,merkle,audit_merkle_root_hash_ms,1.352
size-scaling-k75-c300-n30000000-f32-k75-c300-fanout_f32_l16-merkle-r3,42d3d7b6a43793da2ea4c66c85c79436f0703abc03c676eba734b74386588bf0,merkle,audit_merkle_verify_ms,90769.954
size-scaling-k75-c300-n30000000-f32-k75-c300-fanout_f32_l16-merkle-r3,42d3d7b6a43793da2ea4c66c85c79436f0703abc03c676eba734b74386588bf0,merkle,audit_schema_fidelity_ms,2.206
size-scaling-k75-c300-n30000000-f32-k75-c300-fanout_f32_l16-merkle-r3,42d3d7b6a43793da2ea4c66c85c79436f0703abc03c676eba734b74386588bf0,merkle,merkle_total_ms,200015.438
size-scaling-k75-c300-n30000000-f32-k75-c300-fanout_f32_l16-merkle-r4,42d3d7b6a43793da2ea4c66c85c79436f0703abc03c676eba734b74386588bf0,merkle,tree_localisation_ms,174.764
size-scaling-k75-c300-n30000000-f32-k75-c300-fanout_f32_l16-merkle-r4,42d3d7b6a43793da2ea4c66c85c79436f0703abc03c676eba734b74386588bf0,merkle,candidate_row_fetch_ms,19.782
size-scaling-k75-c300-n30000000-f32-k75-c300-fanout_f32_l16-merkle-r4,42d3d7b6a43793da2ea4c66c85c79436f0703abc03c676eba734b74386588bf0,merkle,row_comparison_ms,0.674
size-scaling-k75-c300-n30000000-f32-k75-c300-fanout_f32_l16-merkle-r4,42d3d7b6a43793da2ea4c66c85c79436f0703abc03c676eba734b74386588bf0,merkle,repair_sql_building_ms,0.589
size-scaling-k75-c300-n30000000-f32-k75-c300-fanout_f32_l16-merkle-r4,42d3d7b6a43793da2ea4c66c85c79436f0703abc03c676eba734b74386588bf0,merkle,repair_dml_wire_ms,17.216
size-scaling-k75-c300-n30000000-f32-k75-c300-fanout_f32_l16-merkle-r4,42d3d7b6a43793da2ea4c66c85c79436f0703abc03c676eba734b74386588bf0,merkle,repair_commit_wire_ms,9.291
size-scaling-k75-c300-n30000000-f32-k75-c300-fanout_f32_l16-merkle-r4,42d3d7b6a43793da2ea4c66c85c79436f0703abc03c676eba734b74386588bf0,merkle,repair_begin_wire_ms,0.111
size-scaling-k75-c300-n30000000-f32-k75-c300-fanout_f32_l16-merkle-r4,42d3d7b6a43793da2ea4c66c85c79436f0703abc03c676eba734b74386588bf0,merkle,repair_transaction_block_ms,27.262
size-scaling-k75-c300-n30000000-f32-k75-c300-fanout_f32_l16-merkle-r4,42d3d7b6a43793da2ea4c66c85c79436f0703abc03c676eba734b74386588bf0,merkle,repair_write_ms,27.266
size-scaling-k75-c300-n30000000-f32-k75-c300-fanout_f32_l16-merkle-r4,42d3d7b6a43793da2ea4c66c85c79436f0703abc03c676eba734b74386588bf0,merkle,targeted_post_repair_confirmation_ms,3.601
size-scaling-k75-c300-n30000000-f32-k75-c300-fanout_f32_l16-merkle-r4,42d3d7b6a43793da2ea4c66c85c79436f0703abc03c676eba734b74386588bf0,merkle,recovery_observability_ms,0.001
size-scaling-k75-c300-n30000000-f32-k75-c300-fanout_f32_l16-merkle-r4,42d3d7b6a43793da2ea4c66c85c79436f0703abc03c676eba734b74386588bf0,merkle,recovery_orchestration_ms,1.506
size-scaling-k75-c300-n30000000-f32-k75-c300-fanout_f32_l16-merkle-r4,42d3d7b6a43793da2ea4c66c85c79436f0703abc03c676eba734b74386588bf0,merkle,audit_exact_table_compare_ms,106580.127
size-scaling-k75-c300-n30000000-f32-k75-c300-fanout_f32_l16-merkle-r4,42d3d7b6a43793da2ea4c66c85c79436f0703abc03c676eba734b74386588bf0,merkle,audit_merkle_root_hash_ms,1.359
size-scaling-k75-c300-n30000000-f32-k75-c300-fanout_f32_l16-merkle-r4,42d3d7b6a43793da2ea4c66c85c79436f0703abc03c676eba734b74386588bf0,merkle,audit_merkle_verify_ms,90909.121
size-scaling-k75-c300-n30000000-f32-k75-c300-fanout_f32_l16-merkle-r4,42d3d7b6a43793da2ea4c66c85c79436f0703abc03c676eba734b74386588bf0,merkle,audit_schema_fidelity_ms,2.104
size-scaling-k75-c300-n30000000-f32-k75-c300-fanout_f32_l16-merkle-r4,42d3d7b6a43793da2ea4c66c85c79436f0703abc03c676eba734b74386588bf0,merkle,merkle_total_ms,200511.459
size-scaling-k75-c300-n30000000-f32-k75-c300-fanout_f32_l16-merkle-r5,42d3d7b6a43793da2ea4c66c85c79436f0703abc03c676eba734b74386588bf0,merkle,tree_localisation_ms,185.624
size-scaling-k75-c300-n30000000-f32-k75-c300-fanout_f32_l16-merkle-r5,42d3d7b6a43793da2ea4c66c85c79436f0703abc03c676eba734b74386588bf0,merkle,candidate_row_fetch_ms,19.960
size-scaling-k75-c300-n30000000-f32-k75-c300-fanout_f32_l16-merkle-r5,42d3d7b6a43793da2ea4c66c85c79436f0703abc03c676eba734b74386588bf0,merkle,row_comparison_ms,0.664
size-scaling-k75-c300-n30000000-f32-k75-c300-fanout_f32_l16-merkle-r5,42d3d7b6a43793da2ea4c66c85c79436f0703abc03c676eba734b74386588bf0,merkle,repair_sql_building_ms,0.548
size-scaling-k75-c300-n30000000-f32-k75-c300-fanout_f32_l16-merkle-r5,42d3d7b6a43793da2ea4c66c85c79436f0703abc03c676eba734b74386588bf0,merkle,repair_dml_wire_ms,17.496
size-scaling-k75-c300-n30000000-f32-k75-c300-fanout_f32_l16-merkle-r5,42d3d7b6a43793da2ea4c66c85c79436f0703abc03c676eba734b74386588bf0,merkle,repair_commit_wire_ms,9.252
size-scaling-k75-c300-n30000000-f32-k75-c300-fanout_f32_l16-merkle-r5,42d3d7b6a43793da2ea4c66c85c79436f0703abc03c676eba734b74386588bf0,merkle,repair_begin_wire_ms,0.112
size-scaling-k75-c300-n30000000-f32-k75-c300-fanout_f32_l16-merkle-r5,42d3d7b6a43793da2ea4c66c85c79436f0703abc03c676eba734b74386588bf0,merkle,repair_transaction_block_ms,27.465
size-scaling-k75-c300-n30000000-f32-k75-c300-fanout_f32_l16-merkle-r5,42d3d7b6a43793da2ea4c66c85c79436f0703abc03c676eba734b74386588bf0,merkle,repair_write_ms,27.469
size-scaling-k75-c300-n30000000-f32-k75-c300-fanout_f32_l16-merkle-r5,42d3d7b6a43793da2ea4c66c85c79436f0703abc03c676eba734b74386588bf0,merkle,targeted_post_repair_confirmation_ms,3.571
size-scaling-k75-c300-n30000000-f32-k75-c300-fanout_f32_l16-merkle-r5,42d3d7b6a43793da2ea4c66c85c79436f0703abc03c676eba734b74386588bf0,merkle,recovery_observability_ms,0.001
size-scaling-k75-c300-n30000000-f32-k75-c300-fanout_f32_l16-merkle-r5,42d3d7b6a43793da2ea4c66c85c79436f0703abc03c676eba734b74386588bf0,merkle,recovery_orchestration_ms,1.500
size-scaling-k75-c300-n30000000-f32-k75-c300-fanout_f32_l16-merkle-r5,42d3d7b6a43793da2ea4c66c85c79436f0703abc03c676eba734b74386588bf0,merkle,audit_exact_table_compare_ms,106089.314
size-scaling-k75-c300-n30000000-f32-k75-c300-fanout_f32_l16-merkle-r5,42d3d7b6a43793da2ea4c66c85c79436f0703abc03c676eba734b74386588bf0,merkle,audit_merkle_root_hash_ms,1.350
size-scaling-k75-c300-n30000000-f32-k75-c300-fanout_f32_l16-merkle-r5,42d3d7b6a43793da2ea4c66c85c79436f0703abc03c676eba734b74386588bf0,merkle,audit_merkle_verify_ms,90944.136
size-scaling-k75-c300-n30000000-f32-k75-c300-fanout_f32_l16-merkle-r5,42d3d7b6a43793da2ea4c66c85c79436f0703abc03c676eba734b74386588bf0,merkle,audit_schema_fidelity_ms,2.191
size-scaling-k75-c300-n30000000-f32-k75-c300-fanout_f32_l16-merkle-r5,42d3d7b6a43793da2ea4c66c85c79436f0703abc03c676eba734b74386588bf0,merkle,merkle_total_ms,200016.232
size-scaling-k75-c300-n30000000-f32-k75-c300-fanout_f32_l16-merkle-r6,42d3d7b6a43793da2ea4c66c85c79436f0703abc03c676eba734b74386588bf0,merkle,tree_localisation_ms,174.615
size-scaling-k75-c300-n30000000-f32-k75-c300-fanout_f32_l16-merkle-r6,42d3d7b6a43793da2ea4c66c85c79436f0703abc03c676eba734b74386588bf0,merkle,candidate_row_fetch_ms,20.127
size-scaling-k75-c300-n30000000-f32-k75-c300-fanout_f32_l16-merkle-r6,42d3d7b6a43793da2ea4c66c85c79436f0703abc03c676eba734b74386588bf0,merkle,row_comparison_ms,0.657
size-scaling-k75-c300-n30000000-f32-k75-c300-fanout_f32_l16-merkle-r6,42d3d7b6a43793da2ea4c66c85c79436f0703abc03c676eba734b74386588bf0,merkle,repair_sql_building_ms,0.562
size-scaling-k75-c300-n30000000-f32-k75-c300-fanout_f32_l16-merkle-r6,42d3d7b6a43793da2ea4c66c85c79436f0703abc03c676eba734b74386588bf0,merkle,repair_dml_wire_ms,17.083
size-scaling-k75-c300-n30000000-f32-k75-c300-fanout_f32_l16-merkle-r6,42d3d7b6a43793da2ea4c66c85c79436f0703abc03c676eba734b74386588bf0,merkle,repair_commit_wire_ms,9.245
size-scaling-k75-c300-n30000000-f32-k75-c300-fanout_f32_l16-merkle-r6,42d3d7b6a43793da2ea4c66c85c79436f0703abc03c676eba734b74386588bf0,merkle,repair_begin_wire_ms,0.113
size-scaling-k75-c300-n30000000-f32-k75-c300-fanout_f32_l16-merkle-r6,42d3d7b6a43793da2ea4c66c85c79436f0703abc03c676eba734b74386588bf0,merkle,repair_transaction_block_ms,27.060
size-scaling-k75-c300-n30000000-f32-k75-c300-fanout_f32_l16-merkle-r6,42d3d7b6a43793da2ea4c66c85c79436f0703abc03c676eba734b74386588bf0,merkle,repair_write_ms,27.064
size-scaling-k75-c300-n30000000-f32-k75-c300-fanout_f32_l16-merkle-r6,42d3d7b6a43793da2ea4c66c85c79436f0703abc03c676eba734b74386588bf0,merkle,targeted_post_repair_confirmation_ms,3.588
size-scaling-k75-c300-n30000000-f32-k75-c300-fanout_f32_l16-merkle-r6,42d3d7b6a43793da2ea4c66c85c79436f0703abc03c676eba734b74386588bf0,merkle,recovery_observability_ms,0.001
size-scaling-k75-c300-n30000000-f32-k75-c300-fanout_f32_l16-merkle-r6,42d3d7b6a43793da2ea4c66c85c79436f0703abc03c676eba734b74386588bf0,merkle,recovery_orchestration_ms,1.500
size-scaling-k75-c300-n30000000-f32-k75-c300-fanout_f32_l16-merkle-r6,42d3d7b6a43793da2ea4c66c85c79436f0703abc03c676eba734b74386588bf0,merkle,audit_exact_table_compare_ms,106469.592
size-scaling-k75-c300-n30000000-f32-k75-c300-fanout_f32_l16-merkle-r6,42d3d7b6a43793da2ea4c66c85c79436f0703abc03c676eba734b74386588bf0,merkle,audit_merkle_root_hash_ms,1.362
size-scaling-k75-c300-n30000000-f32-k75-c300-fanout_f32_l16-merkle-r6,42d3d7b6a43793da2ea4c66c85c79436f0703abc03c676eba734b74386588bf0,merkle,audit_merkle_verify_ms,91194.052
size-scaling-k75-c300-n30000000-f32-k75-c300-fanout_f32_l16-merkle-r6,42d3d7b6a43793da2ea4c66c85c79436f0703abc03c676eba734b74386588bf0,merkle,audit_schema_fidelity_ms,2.061
size-scaling-k75-c300-n30000000-f32-k75-c300-fanout_f32_l16-merkle-r6,42d3d7b6a43793da2ea4c66c85c79436f0703abc03c676eba734b74386588bf0,merkle,merkle_total_ms,200684.547
size-scaling-k75-c300-n30000000-f32-k75-c300-fanout_f32_l16-merkle-r7,42d3d7b6a43793da2ea4c66c85c79436f0703abc03c676eba734b74386588bf0,merkle,tree_localisation_ms,174.416
size-scaling-k75-c300-n30000000-f32-k75-c300-fanout_f32_l16-merkle-r7,42d3d7b6a43793da2ea4c66c85c79436f0703abc03c676eba734b74386588bf0,merkle,candidate_row_fetch_ms,20.326
size-scaling-k75-c300-n30000000-f32-k75-c300-fanout_f32_l16-merkle-r7,42d3d7b6a43793da2ea4c66c85c79436f0703abc03c676eba734b74386588bf0,merkle,row_comparison_ms,0.662
size-scaling-k75-c300-n30000000-f32-k75-c300-fanout_f32_l16-merkle-r7,42d3d7b6a43793da2ea4c66c85c79436f0703abc03c676eba734b74386588bf0,merkle,repair_sql_building_ms,0.569
size-scaling-k75-c300-n30000000-f32-k75-c300-fanout_f32_l16-merkle-r7,42d3d7b6a43793da2ea4c66c85c79436f0703abc03c676eba734b74386588bf0,merkle,repair_dml_wire_ms,17.159
size-scaling-k75-c300-n30000000-f32-k75-c300-fanout_f32_l16-merkle-r7,42d3d7b6a43793da2ea4c66c85c79436f0703abc03c676eba734b74386588bf0,merkle,repair_commit_wire_ms,9.275
size-scaling-k75-c300-n30000000-f32-k75-c300-fanout_f32_l16-merkle-r7,42d3d7b6a43793da2ea4c66c85c79436f0703abc03c676eba734b74386588bf0,merkle,repair_begin_wire_ms,0.113
size-scaling-k75-c300-n30000000-f32-k75-c300-fanout_f32_l16-merkle-r7,42d3d7b6a43793da2ea4c66c85c79436f0703abc03c676eba734b74386588bf0,merkle,repair_transaction_block_ms,27.175
size-scaling-k75-c300-n30000000-f32-k75-c300-fanout_f32_l16-merkle-r7,42d3d7b6a43793da2ea4c66c85c79436f0703abc03c676eba734b74386588bf0,merkle,repair_write_ms,27.179
size-scaling-k75-c300-n30000000-f32-k75-c300-fanout_f32_l16-merkle-r7,42d3d7b6a43793da2ea4c66c85c79436f0703abc03c676eba734b74386588bf0,merkle,targeted_post_repair_confirmation_ms,3.603
size-scaling-k75-c300-n30000000-f32-k75-c300-fanout_f32_l16-merkle-r7,42d3d7b6a43793da2ea4c66c85c79436f0703abc03c676eba734b74386588bf0,merkle,recovery_observability_ms,0.001
size-scaling-k75-c300-n30000000-f32-k75-c300-fanout_f32_l16-merkle-r7,42d3d7b6a43793da2ea4c66c85c79436f0703abc03c676eba734b74386588bf0,merkle,recovery_orchestration_ms,1.497
size-scaling-k75-c300-n30000000-f32-k75-c300-fanout_f32_l16-merkle-r7,42d3d7b6a43793da2ea4c66c85c79436f0703abc03c676eba734b74386588bf0,merkle,audit_exact_table_compare_ms,106319.840
size-scaling-k75-c300-n30000000-f32-k75-c300-fanout_f32_l16-merkle-r7,42d3d7b6a43793da2ea4c66c85c79436f0703abc03c676eba734b74386588bf0,merkle,audit_merkle_root_hash_ms,1.343
size-scaling-k75-c300-n30000000-f32-k75-c300-fanout_f32_l16-merkle-r7,42d3d7b6a43793da2ea4c66c85c79436f0703abc03c676eba734b74386588bf0,merkle,audit_merkle_verify_ms,90820.890
size-scaling-k75-c300-n30000000-f32-k75-c300-fanout_f32_l16-merkle-r7,42d3d7b6a43793da2ea4c66c85c79436f0703abc03c676eba734b74386588bf0,merkle,audit_schema_fidelity_ms,2.221
size-scaling-k75-c300-n30000000-f32-k75-c300-fanout_f32_l16-merkle-r7,42d3d7b6a43793da2ea4c66c85c79436f0703abc03c676eba734b74386588bf0,merkle,merkle_total_ms,200163.178
size-scaling-k75-c300-n30000000-f32-k75-c300-fanout_f32_l16-merkle-r8,42d3d7b6a43793da2ea4c66c85c79436f0703abc03c676eba734b74386588bf0,merkle,tree_localisation_ms,193.412
size-scaling-k75-c300-n30000000-f32-k75-c300-fanout_f32_l16-merkle-r8,42d3d7b6a43793da2ea4c66c85c79436f0703abc03c676eba734b74386588bf0,merkle,candidate_row_fetch_ms,20.534
size-scaling-k75-c300-n30000000-f32-k75-c300-fanout_f32_l16-merkle-r8,42d3d7b6a43793da2ea4c66c85c79436f0703abc03c676eba734b74386588bf0,merkle,row_comparison_ms,0.671
size-scaling-k75-c300-n30000000-f32-k75-c300-fanout_f32_l16-merkle-r8,42d3d7b6a43793da2ea4c66c85c79436f0703abc03c676eba734b74386588bf0,merkle,repair_sql_building_ms,0.545
size-scaling-k75-c300-n30000000-f32-k75-c300-fanout_f32_l16-merkle-r8,42d3d7b6a43793da2ea4c66c85c79436f0703abc03c676eba734b74386588bf0,merkle,repair_dml_wire_ms,17.496
size-scaling-k75-c300-n30000000-f32-k75-c300-fanout_f32_l16-merkle-r8,42d3d7b6a43793da2ea4c66c85c79436f0703abc03c676eba734b74386588bf0,merkle,repair_commit_wire_ms,9.211
size-scaling-k75-c300-n30000000-f32-k75-c300-fanout_f32_l16-merkle-r8,42d3d7b6a43793da2ea4c66c85c79436f0703abc03c676eba734b74386588bf0,merkle,repair_begin_wire_ms,0.108
size-scaling-k75-c300-n30000000-f32-k75-c300-fanout_f32_l16-merkle-r8,42d3d7b6a43793da2ea4c66c85c79436f0703abc03c676eba734b74386588bf0,merkle,repair_transaction_block_ms,27.431
size-scaling-k75-c300-n30000000-f32-k75-c300-fanout_f32_l16-merkle-r8,42d3d7b6a43793da2ea4c66c85c79436f0703abc03c676eba734b74386588bf0,merkle,repair_write_ms,27.435
size-scaling-k75-c300-n30000000-f32-k75-c300-fanout_f32_l16-merkle-r8,42d3d7b6a43793da2ea4c66c85c79436f0703abc03c676eba734b74386588bf0,merkle,targeted_post_repair_confirmation_ms,3.592
size-scaling-k75-c300-n30000000-f32-k75-c300-fanout_f32_l16-merkle-r8,42d3d7b6a43793da2ea4c66c85c79436f0703abc03c676eba734b74386588bf0,merkle,recovery_observability_ms,0.001
size-scaling-k75-c300-n30000000-f32-k75-c300-fanout_f32_l16-merkle-r8,42d3d7b6a43793da2ea4c66c85c79436f0703abc03c676eba734b74386588bf0,merkle,recovery_orchestration_ms,1.494
size-scaling-k75-c300-n30000000-f32-k75-c300-fanout_f32_l16-merkle-r8,42d3d7b6a43793da2ea4c66c85c79436f0703abc03c676eba734b74386588bf0,merkle,audit_exact_table_compare_ms,106582.787
size-scaling-k75-c300-n30000000-f32-k75-c300-fanout_f32_l16-merkle-r8,42d3d7b6a43793da2ea4c66c85c79436f0703abc03c676eba734b74386588bf0,merkle,audit_merkle_root_hash_ms,1.355
size-scaling-k75-c300-n30000000-f32-k75-c300-fanout_f32_l16-merkle-r8,42d3d7b6a43793da2ea4c66c85c79436f0703abc03c676eba734b74386588bf0,merkle,audit_merkle_verify_ms,90961.997
size-scaling-k75-c300-n30000000-f32-k75-c300-fanout_f32_l16-merkle-r8,42d3d7b6a43793da2ea4c66c85c79436f0703abc03c676eba734b74386588bf0,merkle,audit_schema_fidelity_ms,2.188
size-scaling-k75-c300-n30000000-f32-k75-c300-fanout_f32_l16-merkle-r8,42d3d7b6a43793da2ea4c66c85c79436f0703abc03c676eba734b74386588bf0,merkle,merkle_total_ms,200536.309
size-scaling-k75-c300-n30000000-f32-k75-c300-fanout_f32_l16-merkle-r9,42d3d7b6a43793da2ea4c66c85c79436f0703abc03c676eba734b74386588bf0,merkle,tree_localisation_ms,186.388
size-scaling-k75-c300-n30000000-f32-k75-c300-fanout_f32_l16-merkle-r9,42d3d7b6a43793da2ea4c66c85c79436f0703abc03c676eba734b74386588bf0,merkle,candidate_row_fetch_ms,20.753
size-scaling-k75-c300-n30000000-f32-k75-c300-fanout_f32_l16-merkle-r9,42d3d7b6a43793da2ea4c66c85c79436f0703abc03c676eba734b74386588bf0,merkle,row_comparison_ms,0.670
size-scaling-k75-c300-n30000000-f32-k75-c300-fanout_f32_l16-merkle-r9,42d3d7b6a43793da2ea4c66c85c79436f0703abc03c676eba734b74386588bf0,merkle,repair_sql_building_ms,0.572
size-scaling-k75-c300-n30000000-f32-k75-c300-fanout_f32_l16-merkle-r9,42d3d7b6a43793da2ea4c66c85c79436f0703abc03c676eba734b74386588bf0,merkle,repair_dml_wire_ms,17.429
size-scaling-k75-c300-n30000000-f32-k75-c300-fanout_f32_l16-merkle-r9,42d3d7b6a43793da2ea4c66c85c79436f0703abc03c676eba734b74386588bf0,merkle,repair_commit_wire_ms,9.308
size-scaling-k75-c300-n30000000-f32-k75-c300-fanout_f32_l16-merkle-r9,42d3d7b6a43793da2ea4c66c85c79436f0703abc03c676eba734b74386588bf0,merkle,repair_begin_wire_ms,0.112
size-scaling-k75-c300-n30000000-f32-k75-c300-fanout_f32_l16-merkle-r9,42d3d7b6a43793da2ea4c66c85c79436f0703abc03c676eba734b74386588bf0,merkle,repair_transaction_block_ms,27.479
size-scaling-k75-c300-n30000000-f32-k75-c300-fanout_f32_l16-merkle-r9,42d3d7b6a43793da2ea4c66c85c79436f0703abc03c676eba734b74386588bf0,merkle,repair_write_ms,27.484
size-scaling-k75-c300-n30000000-f32-k75-c300-fanout_f32_l16-merkle-r9,42d3d7b6a43793da2ea4c66c85c79436f0703abc03c676eba734b74386588bf0,merkle,targeted_post_repair_confirmation_ms,3.580
size-scaling-k75-c300-n30000000-f32-k75-c300-fanout_f32_l16-merkle-r9,42d3d7b6a43793da2ea4c66c85c79436f0703abc03c676eba734b74386588bf0,merkle,recovery_observability_ms,0.001
size-scaling-k75-c300-n30000000-f32-k75-c300-fanout_f32_l16-merkle-r9,42d3d7b6a43793da2ea4c66c85c79436f0703abc03c676eba734b74386588bf0,merkle,recovery_orchestration_ms,1.488
size-scaling-k75-c300-n30000000-f32-k75-c300-fanout_f32_l16-merkle-r9,42d3d7b6a43793da2ea4c66c85c79436f0703abc03c676eba734b74386588bf0,merkle,audit_exact_table_compare_ms,109289.825
size-scaling-k75-c300-n30000000-f32-k75-c300-fanout_f32_l16-merkle-r9,42d3d7b6a43793da2ea4c66c85c79436f0703abc03c676eba734b74386588bf0,merkle,audit_merkle_root_hash_ms,1.399
size-scaling-k75-c300-n30000000-f32-k75-c300-fanout_f32_l16-merkle-r9,42d3d7b6a43793da2ea4c66c85c79436f0703abc03c676eba734b74386588bf0,merkle,audit_merkle_verify_ms,90977.426
size-scaling-k75-c300-n30000000-f32-k75-c300-fanout_f32_l16-merkle-r9,42d3d7b6a43793da2ea4c66c85c79436f0703abc03c676eba734b74386588bf0,merkle,audit_schema_fidelity_ms,2.195
size-scaling-k75-c300-n30000000-f32-k75-c300-fanout_f32_l16-merkle-r9,42d3d7b6a43793da2ea4c66c85c79436f0703abc03c676eba734b74386588bf0,merkle,merkle_total_ms,203251.424
