audit_merkle_root_hash_calls,audit_merkle_verify_calls,audit_mode,audit_user_table_seq_scan_delta,audit_validation_ms,audit_validation_positive,audit_validation_skipped,bad_leaf_count,bad_partition_count,batch_plan_actual_k_index_used,candidate_fetch_batches,candidate_fetch_sql_calls,candidate_leaf_buckets_requested,candidate_rows_fetched,candidate_rows_fetched_alias,child_hash_nodes_read,child_hash_sql_calls,cleanup_ms,confirmation_fetch_batches,confirmation_fetch_sql_calls,confirmation_leaf_buckets_requested,confirmation_rows_fetched,corrupted_tuple_count,corruption_mode,damaged_candidate_rows,end_to_end_covers_paper_and_audit,end_to_end_observed_ms,experiment,fanout,full_audit_skipped,healthy_candidate_rows,leaf_fetch_chunk_size,leaf_lookup_sql_calls,leaf_nodes_found,localisation_index_stats_available,localisation_index_stats_nonzero,localisation_merkle_node_16500_pkey_idx_blks_hit_delta,localisation_merkle_node_16500_pkey_idx_blks_read_delta,localisation_merkle_node_16500_pkey_idx_scan_delta,localisation_merkle_node_16500_pkey_idx_tup_fetch_delta,localisation_merkle_node_16500_pkey_idx_tup_read_delta,localisation_merkle_node_16500_prefix_idx_idx_blks_hit_delta,localisation_merkle_node_16500_prefix_idx_idx_blks_read_delta,localisation_merkle_node_16500_prefix_idx_idx_scan_delta,localisation_merkle_node_16500_prefix_idx_idx_tup_fetch_delta,localisation_merkle_node_16500_prefix_idx_idx_tup_read_delta,localisation_merkle_node_16500_root_idx_idx_blks_hit_delta,localisation_merkle_node_16500_root_idx_idx_blks_read_delta,localisation_merkle_node_16500_root_idx_idx_scan_delta,localisation_merkle_node_16500_root_idx_idx_tup_fetch_delta,localisation_merkle_node_16500_root_idx_idx_tup_read_delta,localisation_merkle_node_16516_pkey_idx_blks_hit_delta,localisation_merkle_node_16516_pkey_idx_blks_read_delta,localisation_merkle_node_16516_pkey_idx_scan_delta,localisation_merkle_node_16516_pkey_idx_tup_fetch_delta,localisation_merkle_node_16516_pkey_idx_tup_read_delta,localisation_merkle_node_16516_prefix_idx_idx_blks_hit_delta,localisation_merkle_node_16516_prefix_idx_idx_blks_read_delta,localisation_merkle_node_16516_prefix_idx_idx_scan_delta,localisation_merkle_node_16516_prefix_idx_idx_tup_fetch_delta,localisation_merkle_node_16516_prefix_idx_idx_tup_read_delta,localisation_merkle_node_16516_root_idx_idx_blks_hit_delta,localisation_merkle_node_16516_root_idx_idx_blks_read_delta,localisation_merkle_node_16516_root_idx_idx_scan_delta,localisation_merkle_node_16516_root_idx_idx_tup_fetch_delta,localisation_merkle_node_16516_root_idx_idx_tup_read_delta,localisation_merkle_node_16575_pkey_idx_blks_hit_delta,localisation_merkle_node_16575_pkey_idx_blks_read_delta,localisation_merkle_node_16575_pkey_idx_scan_delta,localisation_merkle_node_16575_pkey_idx_tup_fetch_delta,localisation_merkle_node_16575_pkey_idx_tup_read_delta,localisation_merkle_node_16575_prefix_idx_idx_blks_hit_delta,localisation_merkle_node_16575_prefix_idx_idx_blks_read_delta,localisation_merkle_node_16575_prefix_idx_idx_scan_delta,localisation_merkle_node_16575_prefix_idx_idx_tup_fetch_delta,localisation_merkle_node_16575_prefix_idx_idx_tup_read_delta,localisation_merkle_node_16575_root_idx_idx_blks_hit_delta,localisation_merkle_node_16575_root_idx_idx_blks_read_delta,localisation_merkle_node_16575_root_idx_idx_scan_delta,localisation_merkle_node_16575_root_idx_idx_tup_fetch_delta,localisation_merkle_node_16575_root_idx_idx_tup_read_delta,localisation_merkle_node_16591_pkey_idx_blks_hit_delta,localisation_merkle_node_16591_pkey_idx_blks_read_delta,localisation_merkle_node_16591_pkey_idx_scan_delta,localisation_merkle_node_16591_pkey_idx_tup_fetch_delta,localisation_merkle_node_16591_pkey_idx_tup_read_delta,localisation_merkle_node_16591_prefix_idx_idx_blks_hit_delta,localisation_merkle_node_16591_prefix_idx_idx_blks_read_delta,localisation_merkle_node_16591_prefix_idx_idx_scan_delta,localisation_merkle_node_16591_prefix_idx_idx_tup_fetch_delta,localisation_merkle_node_16591_prefix_idx_idx_tup_read_delta,localisation_merkle_node_16591_root_idx_idx_blks_hit_delta,localisation_merkle_node_16591_root_idx_idx_blks_read_delta,localisation_merkle_node_16591_root_idx_idx_scan_delta,localisation_merkle_node_16591_root_idx_idx_tup_fetch_delta,localisation_merkle_node_16591_root_idx_idx_tup_read_delta,localisation_merkle_node_16657_pkey_idx_blks_hit_delta,localisation_merkle_node_16657_pkey_idx_blks_read_delta,localisation_merkle_node_16657_pkey_idx_scan_delta,localisation_merkle_node_16657_pkey_idx_tup_fetch_delta,localisation_merkle_node_16657_pkey_idx_tup_read_delta,localisation_merkle_node_16657_prefix_idx_idx_blks_hit_delta,localisation_merkle_node_16657_prefix_idx_idx_blks_read_delta,localisation_merkle_node_16657_prefix_idx_idx_scan_delta,localisation_merkle_node_16657_prefix_idx_idx_tup_fetch_delta,localisation_merkle_node_16657_prefix_idx_idx_tup_read_delta,localisation_merkle_node_16657_root_idx_idx_blks_hit_delta,localisation_merkle_node_16657_root_idx_idx_blks_read_delta,localisation_merkle_node_16657_root_idx_idx_scan_delta,localisation_merkle_node_16657_root_idx_idx_tup_fetch_delta,localisation_merkle_node_16657_root_idx_idx_tup_read_delta,localisation_merkle_node_16673_pkey_idx_blks_hit_delta,localisation_merkle_node_16673_pkey_idx_blks_read_delta,localisation_merkle_node_16673_pkey_idx_scan_delta,localisation_merkle_node_16673_pkey_idx_tup_fetch_delta,localisation_merkle_node_16673_pkey_idx_tup_read_delta,localisation_merkle_node_16673_prefix_idx_idx_blks_hit_delta,localisation_merkle_node_16673_prefix_idx_idx_blks_read_delta,localisation_merkle_node_16673_prefix_idx_idx_scan_delta,localisation_merkle_node_16673_prefix_idx_idx_tup_fetch_delta,localisation_merkle_node_16673_prefix_idx_idx_tup_read_delta,localisation_merkle_node_16673_root_idx_idx_blks_hit_delta,localisation_merkle_node_16673_root_idx_idx_blks_read_delta,localisation_merkle_node_16673_root_idx_idx_scan_delta,localisation_merkle_node_16673_root_idx_idx_tup_fetch_delta,localisation_merkle_node_16673_root_idx_idx_tup_read_delta,localisation_merkle_node_16751_pkey_idx_blks_hit_delta,localisation_merkle_node_16751_pkey_idx_blks_read_delta,localisation_merkle_node_16751_pkey_idx_scan_delta,localisation_merkle_node_16751_pkey_idx_tup_fetch_delta,localisation_merkle_node_16751_pkey_idx_tup_read_delta,localisation_merkle_node_16751_prefix_idx_idx_blks_hit_delta,localisation_merkle_node_16751_prefix_idx_idx_blks_read_delta,localisation_merkle_node_16751_prefix_idx_idx_scan_delta,localisation_merkle_node_16751_prefix_idx_idx_tup_fetch_delta,localisation_merkle_node_16751_prefix_idx_idx_tup_read_delta,localisation_merkle_node_16751_root_idx_idx_blks_hit_delta,localisation_merkle_node_16751_root_idx_idx_blks_read_delta,localisation_merkle_node_16751_root_idx_idx_scan_delta,localisation_merkle_node_16751_root_idx_idx_tup_fetch_delta,localisation_merkle_node_16751_root_idx_idx_tup_read_delta,localisation_merkle_node_16767_pkey_idx_blks_hit_delta,localisation_merkle_node_16767_pkey_idx_blks_read_delta,localisation_merkle_node_16767_pkey_idx_scan_delta,localisation_merkle_node_16767_pkey_idx_tup_fetch_delta,localisation_merkle_node_16767_pkey_idx_tup_read_delta,localisation_merkle_node_16767_prefix_idx_idx_blks_hit_delta,localisation_merkle_node_16767_prefix_idx_idx_blks_read_delta,localisation_merkle_node_16767_prefix_idx_idx_scan_delta,localisation_merkle_node_16767_prefix_idx_idx_tup_fetch_delta,localisation_merkle_node_16767_prefix_idx_idx_tup_read_delta,localisation_merkle_node_16767_root_idx_idx_blks_hit_delta,localisation_merkle_node_16767_root_idx_idx_blks_read_delta,localisation_merkle_node_16767_root_idx_idx_scan_delta,localisation_merkle_node_16767_root_idx_idx_tup_fetch_delta,localisation_merkle_node_16767_root_idx_idx_tup_read_delta,localisation_merkle_node_16857_pkey_idx_blks_hit_delta,localisation_merkle_node_16857_pkey_idx_blks_read_delta,localisation_merkle_node_16857_pkey_idx_scan_delta,localisation_merkle_node_16857_pkey_idx_tup_fetch_delta,localisation_merkle_node_16857_pkey_idx_tup_read_delta,localisation_merkle_node_16857_prefix_idx_idx_blks_hit_delta,localisation_merkle_node_16857_prefix_idx_idx_blks_read_delta,localisation_merkle_node_16857_prefix_idx_idx_scan_delta,localisation_merkle_node_16857_prefix_idx_idx_tup_fetch_delta,localisation_merkle_node_16857_prefix_idx_idx_tup_read_delta,localisation_merkle_node_16857_root_idx_idx_blks_hit_delta,localisation_merkle_node_16857_root_idx_idx_blks_read_delta,localisation_merkle_node_16857_root_idx_idx_scan_delta,localisation_merkle_node_16857_root_idx_idx_tup_fetch_delta,localisation_merkle_node_16857_root_idx_idx_tup_read_delta,localisation_merkle_node_16873_pkey_idx_blks_hit_delta,localisation_merkle_node_16873_pkey_idx_blks_read_delta,localisation_merkle_node_16873_pkey_idx_scan_delta,localisation_merkle_node_16873_pkey_idx_tup_fetch_delta,localisation_merkle_node_16873_pkey_idx_tup_read_delta,localisation_merkle_node_16873_prefix_idx_idx_blks_hit_delta,localisation_merkle_node_16873_prefix_idx_idx_blks_read_delta,localisation_merkle_node_16873_prefix_idx_idx_scan_delta,localisation_merkle_node_16873_prefix_idx_idx_tup_fetch_delta,localisation_merkle_node_16873_prefix_idx_idx_tup_read_delta,localisation_merkle_node_16873_root_idx_idx_blks_hit_delta,localisation_merkle_node_16873_root_idx_idx_blks_read_delta,localisation_merkle_node_16873_root_idx_idx_scan_delta,localisation_merkle_node_16873_root_idx_idx_tup_fetch_delta,localisation_merkle_node_16873_root_idx_idx_tup_read_delta,localisation_merkle_node_16975_pkey_idx_blks_hit_delta,localisation_merkle_node_16975_pkey_idx_blks_read_delta,localisation_merkle_node_16975_pkey_idx_scan_delta,localisation_merkle_node_16975_pkey_idx_tup_fetch_delta,localisation_merkle_node_16975_pkey_idx_tup_read_delta,localisation_merkle_node_16975_prefix_idx_idx_blks_hit_delta,localisation_merkle_node_16975_prefix_idx_idx_blks_read_delta,localisation_merkle_node_16975_prefix_idx_idx_scan_delta,localisation_merkle_node_16975_prefix_idx_idx_tup_fetch_delta,localisation_merkle_node_16975_prefix_idx_idx_tup_read_delta,localisation_merkle_node_16975_root_idx_idx_blks_hit_delta,localisation_merkle_node_16975_root_idx_idx_blks_read_delta,localisation_merkle_node_16975_root_idx_idx_scan_delta,localisation_merkle_node_16975_root_idx_idx_tup_fetch_delta,localisation_merkle_node_16975_root_idx_idx_tup_read_delta,localisation_merkle_node_16991_pkey_idx_blks_hit_delta,localisation_merkle_node_16991_pkey_idx_blks_read_delta,localisation_merkle_node_16991_pkey_idx_scan_delta,localisation_merkle_node_16991_pkey_idx_tup_fetch_delta,localisation_merkle_node_16991_pkey_idx_tup_read_delta,localisation_merkle_node_16991_prefix_idx_idx_blks_hit_delta,localisation_merkle_node_16991_prefix_idx_idx_blks_read_delta,localisation_merkle_node_16991_prefix_idx_idx_scan_delta,localisation_merkle_node_16991_prefix_idx_idx_tup_fetch_delta,localisation_merkle_node_16991_prefix_idx_idx_tup_read_delta,localisation_merkle_node_16991_root_idx_idx_blks_hit_delta,localisation_merkle_node_16991_root_idx_idx_blks_read_delta,localisation_merkle_node_16991_root_idx_idx_scan_delta,localisation_merkle_node_16991_root_idx_idx_tup_fetch_delta,localisation_merkle_node_16991_root_idx_idx_tup_read_delta,localisation_merkle_node_17105_pkey_idx_blks_hit_delta,localisation_merkle_node_17105_pkey_idx_blks_read_delta,localisation_merkle_node_17105_pkey_idx_scan_delta,localisation_merkle_node_17105_pkey_idx_tup_fetch_delta,localisation_merkle_node_17105_pkey_idx_tup_read_delta,localisation_merkle_node_17105_prefix_idx_idx_blks_hit_delta,localisation_merkle_node_17105_prefix_idx_idx_blks_read_delta,localisation_merkle_node_17105_prefix_idx_idx_scan_delta,localisation_merkle_node_17105_prefix_idx_idx_tup_fetch_delta,localisation_merkle_node_17105_prefix_idx_idx_tup_read_delta,localisation_merkle_node_17105_root_idx_idx_blks_hit_delta,localisation_merkle_node_17105_root_idx_idx_blks_read_delta,localisation_merkle_node_17105_root_idx_idx_scan_delta,localisation_merkle_node_17105_root_idx_idx_tup_fetch_delta,localisation_merkle_node_17105_root_idx_idx_tup_read_delta,localisation_merkle_node_17121_pkey_idx_blks_hit_delta,localisation_merkle_node_17121_pkey_idx_blks_read_delta,localisation_merkle_node_17121_pkey_idx_scan_delta,localisation_merkle_node_17121_pkey_idx_tup_fetch_delta,localisation_merkle_node_17121_pkey_idx_tup_read_delta,localisation_merkle_node_17121_prefix_idx_idx_blks_hit_delta,localisation_merkle_node_17121_prefix_idx_idx_blks_read_delta,localisation_merkle_node_17121_prefix_idx_idx_scan_delta,localisation_merkle_node_17121_prefix_idx_idx_tup_fetch_delta,localisation_merkle_node_17121_prefix_idx_idx_tup_read_delta,localisation_merkle_node_17121_root_idx_idx_blks_hit_delta,localisation_merkle_node_17121_root_idx_idx_blks_read_delta,localisation_merkle_node_17121_root_idx_idx_scan_delta,localisation_merkle_node_17121_root_idx_idx_tup_fetch_delta,localisation_merkle_node_17121_root_idx_idx_tup_read_delta,localisation_merkle_node_17247_pkey_idx_blks_hit_delta,localisation_merkle_node_17247_pkey_idx_blks_read_delta,localisation_merkle_node_17247_pkey_idx_scan_delta,localisation_merkle_node_17247_pkey_idx_tup_fetch_delta,localisation_merkle_node_17247_pkey_idx_tup_read_delta,localisation_merkle_node_17247_prefix_idx_idx_blks_hit_delta,localisation_merkle_node_17247_prefix_idx_idx_blks_read_delta,localisation_merkle_node_17247_prefix_idx_idx_scan_delta,localisation_merkle_node_17247_prefix_idx_idx_tup_fetch_delta,localisation_merkle_node_17247_prefix_idx_idx_tup_read_delta,localisation_merkle_node_17247_root_idx_idx_blks_hit_delta,localisation_merkle_node_17247_root_idx_idx_blks_read_delta,localisation_merkle_node_17247_root_idx_idx_scan_delta,localisation_merkle_node_17247_root_idx_idx_tup_fetch_delta,localisation_merkle_node_17247_root_idx_idx_tup_read_delta,localisation_merkle_node_17263_pkey_idx_blks_hit_delta,localisation_merkle_node_17263_pkey_idx_blks_read_delta,localisation_merkle_node_17263_pkey_idx_scan_delta,localisation_merkle_node_17263_pkey_idx_tup_fetch_delta,localisation_merkle_node_17263_pkey_idx_tup_read_delta,localisation_merkle_node_17263_prefix_idx_idx_blks_hit_delta,localisation_merkle_node_17263_prefix_idx_idx_blks_read_delta,localisation_merkle_node_17263_prefix_idx_idx_scan_delta,localisation_merkle_node_17263_prefix_idx_idx_tup_fetch_delta,localisation_merkle_node_17263_prefix_idx_idx_tup_read_delta,localisation_merkle_node_17263_root_idx_idx_blks_hit_delta,localisation_merkle_node_17263_root_idx_idx_blks_read_delta,localisation_merkle_node_17263_root_idx_idx_scan_delta,localisation_merkle_node_17263_root_idx_idx_tup_fetch_delta,localisation_merkle_node_17263_root_idx_idx_tup_read_delta,localisation_merkle_node_17401_pkey_idx_blks_hit_delta,localisation_merkle_node_17401_pkey_idx_blks_read_delta,localisation_merkle_node_17401_pkey_idx_scan_delta,localisation_merkle_node_17401_pkey_idx_tup_fetch_delta,localisation_merkle_node_17401_pkey_idx_tup_read_delta,localisation_merkle_node_17401_prefix_idx_idx_blks_hit_delta,localisation_merkle_node_17401_prefix_idx_idx_blks_read_delta,localisation_merkle_node_17401_prefix_idx_idx_scan_delta,localisation_merkle_node_17401_prefix_idx_idx_tup_fetch_delta,localisation_merkle_node_17401_prefix_idx_idx_tup_read_delta,localisation_merkle_node_17401_root_idx_idx_blks_hit_delta,localisation_merkle_node_17401_root_idx_idx_blks_read_delta,localisation_merkle_node_17401_root_idx_idx_scan_delta,localisation_merkle_node_17401_root_idx_idx_tup_fetch_delta,localisation_merkle_node_17401_root_idx_idx_tup_read_delta,localisation_merkle_node_17417_pkey_idx_blks_hit_delta,localisation_merkle_node_17417_pkey_idx_blks_read_delta,localisation_merkle_node_17417_pkey_idx_scan_delta,localisation_merkle_node_17417_pkey_idx_tup_fetch_delta,localisation_merkle_node_17417_pkey_idx_tup_read_delta,localisation_merkle_node_17417_prefix_idx_idx_blks_hit_delta,localisation_merkle_node_17417_prefix_idx_idx_blks_read_delta,localisation_merkle_node_17417_prefix_idx_idx_scan_delta,localisation_merkle_node_17417_prefix_idx_idx_tup_fetch_delta,localisation_merkle_node_17417_prefix_idx_idx_tup_read_delta,localisation_merkle_node_17417_root_idx_idx_blks_hit_delta,localisation_merkle_node_17417_root_idx_idx_blks_read_delta,localisation_merkle_node_17417_root_idx_idx_scan_delta,localisation_merkle_node_17417_root_idx_idx_tup_fetch_delta,localisation_merkle_node_17417_root_idx_idx_tup_read_delta,localisation_merkle_node_17567_pkey_idx_blks_hit_delta,localisation_merkle_node_17567_pkey_idx_blks_read_delta,localisation_merkle_node_17567_pkey_idx_scan_delta,localisation_merkle_node_17567_pkey_idx_tup_fetch_delta,localisation_merkle_node_17567_pkey_idx_tup_read_delta,localisation_merkle_node_17567_prefix_idx_idx_blks_hit_delta,localisation_merkle_node_17567_prefix_idx_idx_blks_read_delta,localisation_merkle_node_17567_prefix_idx_idx_scan_delta,localisation_merkle_node_17567_prefix_idx_idx_tup_fetch_delta,localisation_merkle_node_17567_prefix_idx_idx_tup_read_delta,localisation_merkle_node_17567_root_idx_idx_blks_hit_delta,localisation_merkle_node_17567_root_idx_idx_blks_read_delta,localisation_merkle_node_17567_root_idx_idx_scan_delta,localisation_merkle_node_17567_root_idx_idx_tup_fetch_delta,localisation_merkle_node_17567_root_idx_idx_tup_read_delta,localisation_merkle_node_17583_pkey_idx_blks_hit_delta,localisation_merkle_node_17583_pkey_idx_blks_read_delta,localisation_merkle_node_17583_pkey_idx_scan_delta,localisation_merkle_node_17583_pkey_idx_tup_fetch_delta,localisation_merkle_node_17583_pkey_idx_tup_read_delta,localisation_merkle_node_17583_prefix_idx_idx_blks_hit_delta,localisation_merkle_node_17583_prefix_idx_idx_blks_read_delta,localisation_merkle_node_17583_prefix_idx_idx_scan_delta,localisation_merkle_node_17583_prefix_idx_idx_tup_fetch_delta,localisation_merkle_node_17583_prefix_idx_idx_tup_read_delta,localisation_merkle_node_17583_root_idx_idx_blks_hit_delta,localisation_merkle_node_17583_root_idx_idx_blks_read_delta,localisation_merkle_node_17583_root_idx_idx_scan_delta,localisation_merkle_node_17583_root_idx_idx_tup_fetch_delta,localisation_merkle_node_17583_root_idx_idx_tup_read_delta,localisation_merkle_node_17745_pkey_idx_blks_hit_delta,localisation_merkle_node_17745_pkey_idx_blks_read_delta,localisation_merkle_node_17745_pkey_idx_scan_delta,localisation_merkle_node_17745_pkey_idx_tup_fetch_delta,localisation_merkle_node_17745_pkey_idx_tup_read_delta,localisation_merkle_node_17745_prefix_idx_idx_blks_hit_delta,localisation_merkle_node_17745_prefix_idx_idx_blks_read_delta,localisation_merkle_node_17745_prefix_idx_idx_scan_delta,localisation_merkle_node_17745_prefix_idx_idx_tup_fetch_delta,localisation_merkle_node_17745_prefix_idx_idx_tup_read_delta,localisation_merkle_node_17745_root_idx_idx_blks_hit_delta,localisation_merkle_node_17745_root_idx_idx_blks_read_delta,localisation_merkle_node_17745_root_idx_idx_scan_delta,localisation_merkle_node_17745_root_idx_idx_tup_fetch_delta,localisation_merkle_node_17745_root_idx_idx_tup_read_delta,localisation_merkle_node_17761_pkey_idx_blks_hit_delta,localisation_merkle_node_17761_pkey_idx_blks_read_delta,localisation_merkle_node_17761_pkey_idx_scan_delta,localisation_merkle_node_17761_pkey_idx_tup_fetch_delta,localisation_merkle_node_17761_pkey_idx_tup_read_delta,localisation_merkle_node_17761_prefix_idx_idx_blks_hit_delta,localisation_merkle_node_17761_prefix_idx_idx_blks_read_delta,localisation_merkle_node_17761_prefix_idx_idx_scan_delta,localisation_merkle_node_17761_prefix_idx_idx_tup_fetch_delta,localisation_merkle_node_17761_prefix_idx_idx_tup_read_delta,localisation_merkle_node_17761_root_idx_idx_blks_hit_delta,localisation_merkle_node_17761_root_idx_idx_blks_read_delta,localisation_merkle_node_17761_root_idx_idx_scan_delta,localisation_merkle_node_17761_root_idx_idx_tup_fetch_delta,localisation_merkle_node_17761_root_idx_idx_tup_read_delta,localisation_stats_flush_wait_ms,localisation_stats_probe_ms,manifest_sha256,mean_rows_per_bad_leaf,merge_threshold,method,p95_rows_per_bad_leaf,paper_end_before_audit_start,paper_style_total_ms,paper_total_ms,partition_root_batches,partition_root_batches_ok,partition_root_hash_sql_calls,partition_root_nodes_read,partition_subtree_nodes_read,partition_subtree_sql_calls,planner_checked_leaf_count,planner_checks_passed,profile_label,profiling_mode,recovery_only_ms,recovery_user_table_seq_scan_delta,repetition,restore_repair_ms,rows_deleted,rows_inserted,rows_updated,run_id,schema_fidelity_ok,selected_bad_leaf_row_capacity,split_threshold,targeted_confirmation_root_batches,targeted_confirmation_root_nodes_read,total_candidate_rows,total_ms,total_rows_repaired,tree_nodes_visited,tuple_count,valid,warning
2,2,full,6,68114.7656507492,1,0,75,60,1,4,4,150,678,678,13248,6,0.162,0,0,0,0,300,mixed,339,1,71074.980,size-scaling-k75-c300,32,0,339,64,4,75,1,1,0,0,0,0,0,19872,0,6624,6624,6624,1,0,1,200,200,0,0,0,0,0,19872,0,6624,6624,6624,1,0,1,200,200,,,,,,,,,,,,,,,,,,,,,,,,,,,,,,,,,,,,,,,,,,,,,,,,,,,,,,,,,,,,,,,,,,,,,,,,,,,,,,,,,,,,,,,,,,,,,,,,,,,,,,,,,,,,,,,,,,,,,,,,,,,,,,,,,,,,,,,,,,,,,,,,,,,,,,,,,,,,,,,,,,,,,,,,,,,,,,,,,,,,,,,,,,,,,,,,,,,,,,,,,,,,,,,,,,,,,,,,,,,,,,,,,,,,,,,,,,,,,,,,,,,,,,,,,,,,,,,,,,,,,,,,,,,,,,,,,,,,,,,,,,,,,,,,,,,,,,,,,,,,,835.414,837.976,04a28e7b724ebeee94545ba7395ff583180eaa663d02a03122f1bfec184190a3,9.04,8,merkle,11.0,1,233.246,233.246,1,1,2,400,13248,6,75,1,fanout_f32_l16,off,233.246,0,0,233.246,100,100,100,size-scaling-k75-c300-n10000000-f32-k75-c300-fanout_f32_l16-merkle-r0,1,339,32,1,120,678,71074.980,300,6624,10000000,1,
2,2,full,6,65764.66695165634,1,0,75,60,1,4,4,150,678,678,13248,6,0.145,0,0,0,0,300,mixed,339,1,68730.766,size-scaling-k75-c300,32,0,339,64,4,75,1,1,0,0,0,0,0,19872,0,6624,6624,6624,1,0,1,200,200,0,0,0,0,0,19872,0,6624,6624,6624,1,0,1,200,200,,,,,,,,,,,,,,,,,,,,,,,,,,,,,,,,,,,,,,,,,,,,,,,,,,,,,,,,,,,,,,,,,,,,,,,,,,,,,,,,,,,,,,,,,,,,,,,,,,,,,,,,,,,,,,,,,,,,,,,,,,,,,,,,,,,,,,,,,,,,,,,,,,,,,,,,,,,,,,,,,,,,,,,,,,,,,,,,,,,,,,,,,,,,,,,,,,,,,,,,,,,,,,,,,,,,,,,,,,,,,,,,,,,,,,,,,,,,,,,,,,,,,,,,,,,,,,,,,,,,,,,,,,,,,,,,,,,,,,,,,,,,,,,,,,,,,,,,,,,,,835.651,838.2,04a28e7b724ebeee94545ba7395ff583180eaa663d02a03122f1bfec184190a3,9.04,8,merkle,11.0,1,239.244,239.244,1,1,2,400,13248,6,75,1,fanout_f32_l16,off,239.244,0,1,239.244,100,100,100,size-scaling-k75-c300-n10000000-f32-k75-c300-fanout_f32_l16-merkle-r1,1,339,32,1,120,678,68730.766,300,6624,10000000,1,
2,2,full,6,65894.82297086716,1,0,75,60,1,4,4,150,678,678,13248,6,0.147,0,0,0,0,300,mixed,339,1,68856.855,size-scaling-k75-c300,32,0,339,64,4,75,1,1,0,0,0,0,0,19872,0,6624,6624,6624,1,0,1,200,200,0,0,0,0,0,19872,0,6624,6624,6624,1,0,1,200,200,,,,,,,,,,,,,,,,,,,,,,,,,,,,,,,,,,,,,,,,,,,,,,,,,,,,,,,,,,,,,,,,,,,,,,,,,,,,,,,,,,,,,,,,,,,,,,,,,,,,,,,,,,,,,,,,,,,,,,,,,,,,,,,,,,,,,,,,,,,,,,,,,,,,,,,,,,,,,,,,,,,,,,,,,,,,,,,,,,,,,,,,,,,,,,,,,,,,,,,,,,,,,,,,,,,,,,,,,,,,,,,,,,,,,,,,,,,,,,,,,,,,,,,,,,,,,,,,,,,,,,,,,,,,,,,,,,,,,,,,,,,,,,,,,,,,,,,,,,,,,836.31,838.657,04a28e7b724ebeee94545ba7395ff583180eaa663d02a03122f1bfec184190a3,9.04,8,merkle,11.0,1,235.054,235.054,1,1,2,400,13248,6,75,1,fanout_f32_l16,off,235.054,0,2,235.054,100,100,100,size-scaling-k75-c300-n10000000-f32-k75-c300-fanout_f32_l16-merkle-r2,1,339,32,1,120,678,68856.855,300,6624,10000000,1,
2,2,full,6,65657.49403333664,1,0,75,60,1,4,4,150,678,678,13248,6,0.144,0,0,0,0,300,mixed,339,1,68616.942,size-scaling-k75-c300,32,0,339,64,4,75,1,1,0,0,0,0,0,19872,0,6624,6624,6624,1,0,1,200,200,0,0,0,0,0,19872,0,6624,6624,6624,1,0,1,200,200,,,,,,,,,,,,,,,,,,,,,,,,,,,,,,,,,,,,,,,,,,,,,,,,,,,,,,,,,,,,,,,,,,,,,,,,,,,,,,,,,,,,,,,,,,,,,,,,,,,,,,,,,,,,,,,,,,,,,,,,,,,,,,,,,,,,,,,,,,,,,,,,,,,,,,,,,,,,,,,,,,,,,,,,,,,,,,,,,,,,,,,,,,,,,,,,,,,,,,,,,,,,,,,,,,,,,,,,,,,,,,,,,,,,,,,,,,,,,,,,,,,,,,,,,,,,,,,,,,,,,,,,,,,,,,,,,,,,,,,,,,,,,,,,,,,,,,,,,,,,,835.719,838.137,04a28e7b724ebeee94545ba7395ff583180eaa663d02a03122f1bfec184190a3,9.04,8,merkle,11.0,1,233.262,233.262,1,1,2,400,13248,6,75,1,fanout_f32_l16,off,233.262,0,3,233.262,100,100,100,size-scaling-k75-c300-n10000000-f32-k75-c300-fanout_f32_l16-merkle-r3,1,339,32,1,120,678,68616.942,300,6624,10000000,1,
2,2,full,6,65849.6472826004,1,0,75,60,1,4,4,150,678,678,13248,6,0.139,0,0,0,0,300,mixed,339,1,68809.149,size-scaling-k75-c300,32,0,339,64,4,75,1,1,0,0,0,0,0,19872,0,6624,6624,6624,1,0,1,200,200,0,0,0,0,0,19872,0,6624,6624,6624,1,0,1,200,200,,,,,,,,,,,,,,,,,,,,,,,,,,,,,,,,,,,,,,,,,,,,,,,,,,,,,,,,,,,,,,,,,,,,,,,,,,,,,,,,,,,,,,,,,,,,,,,,,,,,,,,,,,,,,,,,,,,,,,,,,,,,,,,,,,,,,,,,,,,,,,,,,,,,,,,,,,,,,,,,,,,,,,,,,,,,,,,,,,,,,,,,,,,,,,,,,,,,,,,,,,,,,,,,,,,,,,,,,,,,,,,,,,,,,,,,,,,,,,,,,,,,,,,,,,,,,,,,,,,,,,,,,,,,,,,,,,,,,,,,,,,,,,,,,,,,,,,,,,,,,836.05,838.583,04a28e7b724ebeee94545ba7395ff583180eaa663d02a03122f1bfec184190a3,9.04,8,merkle,11.0,1,232.607,232.607,1,1,2,400,13248,6,75,1,fanout_f32_l16,off,232.607,0,4,232.607,100,100,100,size-scaling-k75-c300-n10000000-f32-k75-c300-fanout_f32_l16-merkle-r4,1,339,32,1,120,678,68809.149,300,6624,10000000,1,
2,2,full,6,66086.58157205582,1,0,75,60,1,4,4,150,678,678,13248,6,0.145,0,0,0,0,300,mixed,339,1,69049.124,size-scaling-k75-c300,32,0,339,64,4,75,1,1,0,0,0,0,0,19872,0,6624,6624,6624,1,0,1,200,200,0,0,0,0,0,19872,0,6624,6624,6624,1,0,1,200,200,,,,,,,,,,,,,,,,,,,,,,,,,,,,,,,,,,,,,,,,,,,,,,,,,,,,,,,,,,,,,,,,,,,,,,,,,,,,,,,,,,,,,,,,,,,,,,,,,,,,,,,,,,,,,,,,,,,,,,,,,,,,,,,,,,,,,,,,,,,,,,,,,,,,,,,,,,,,,,,,,,,,,,,,,,,,,,,,,,,,,,,,,,,,,,,,,,,,,,,,,,,,,,,,,,,,,,,,,,,,,,,,,,,,,,,,,,,,,,,,,,,,,,,,,,,,,,,,,,,,,,,,,,,,,,,,,,,,,,,,,,,,,,,,,,,,,,,,,,,,,835.479,838.058,04a28e7b724ebeee94545ba7395ff583180eaa663d02a03122f1bfec184190a3,9.04,8,merkle,11.0,1,235.866,235.866,1,1,2,400,13248,6,75,1,fanout_f32_l16,off,235.866,0,5,235.866,100,100,100,size-scaling-k75-c300-n10000000-f32-k75-c300-fanout_f32_l16-merkle-r5,1,339,32,1,120,678,69049.124,300,6624,10000000,1,
2,2,full,6,65996.85636281967,1,0,75,60,1,4,4,150,678,678,13248,6,0.144,0,0,0,0,300,mixed,339,1,68955.636,size-scaling-k75-c300,32,0,339,64,4,75,1,1,0,0,0,0,0,19872,0,6624,6624,6624,1,0,1,200,200,0,0,0,0,0,19872,0,6624,6624,6624,1,0,1,200,200,,,,,,,,,,,,,,,,,,,,,,,,,,,,,,,,,,,,,,,,,,,,,,,,,,,,,,,,,,,,,,,,,,,,,,,,,,,,,,,,,,,,,,,,,,,,,,,,,,,,,,,,,,,,,,,,,,,,,,,,,,,,,,,,,,,,,,,,,,,,,,,,,,,,,,,,,,,,,,,,,,,,,,,,,,,,,,,,,,,,,,,,,,,,,,,,,,,,,,,,,,,,,,,,,,,,,,,,,,,,,,,,,,,,,,,,,,,,,,,,,,,,,,,,,,,,,,,,,,,,,,,,,,,,,,,,,,,,,,,,,,,,,,,,,,,,,,,,,,,,,835.348,837.815,04a28e7b724ebeee94545ba7395ff583180eaa663d02a03122f1bfec184190a3,9.04,8,merkle,11.0,1,233.107,233.107,1,1,2,400,13248,6,75,1,fanout_f32_l16,off,233.107,0,6,233.107,100,100,100,size-scaling-k75-c300-n10000000-f32-k75-c300-fanout_f32_l16-merkle-r6,1,339,32,1,120,678,68955.636,300,6624,10000000,1,
2,2,full,6,66220.67948389053,1,0,75,60,1,4,4,150,678,678,13248,6,0.144,0,0,0,0,300,mixed,339,1,69219.798,size-scaling-k75-c300,32,0,339,64,4,75,1,1,0,0,0,0,0,19872,0,6624,6624,6624,1,0,1,200,200,0,0,0,0,0,19872,0,6624,6624,6624,1,0,1,200,200,,,,,,,,,,,,,,,,,,,,,,,,,,,,,,,,,,,,,,,,,,,,,,,,,,,,,,,,,,,,,,,,,,,,,,,,,,,,,,,,,,,,,,,,,,,,,,,,,,,,,,,,,,,,,,,,,,,,,,,,,,,,,,,,,,,,,,,,,,,,,,,,,,,,,,,,,,,,,,,,,,,,,,,,,,,,,,,,,,,,,,,,,,,,,,,,,,,,,,,,,,,,,,,,,,,,,,,,,,,,,,,,,,,,,,,,,,,,,,,,,,,,,,,,,,,,,,,,,,,,,,,,,,,,,,,,,,,,,,,,,,,,,,,,,,,,,,,,,,,,,886.109,888.83,04a28e7b724ebeee94545ba7395ff583180eaa663d02a03122f1bfec184190a3,9.04,8,merkle,11.0,1,222.550,222.550,1,1,2,400,13248,6,75,1,fanout_f32_l16,off,222.550,0,7,222.550,100,100,100,size-scaling-k75-c300-n10000000-f32-k75-c300-fanout_f32_l16-merkle-r7,1,339,32,1,120,678,69219.798,300,6624,10000000,1,
2,2,full,6,65902.7348189354,1,0,75,60,1,4,4,150,678,678,13248,6,0.143,0,0,0,0,300,mixed,339,1,68872.864,size-scaling-k75-c300,32,0,339,64,4,75,1,1,0,0,0,0,0,19872,0,6624,6624,6624,1,0,1,200,200,0,0,0,0,0,19872,0,6624,6624,6624,1,0,1,200,200,,,,,,,,,,,,,,,,,,,,,,,,,,,,,,,,,,,,,,,,,,,,,,,,,,,,,,,,,,,,,,,,,,,,,,,,,,,,,,,,,,,,,,,,,,,,,,,,,,,,,,,,,,,,,,,,,,,,,,,,,,,,,,,,,,,,,,,,,,,,,,,,,,,,,,,,,,,,,,,,,,,,,,,,,,,,,,,,,,,,,,,,,,,,,,,,,,,,,,,,,,,,,,,,,,,,,,,,,,,,,,,,,,,,,,,,,,,,,,,,,,,,,,,,,,,,,,,,,,,,,,,,,,,,,,,,,,,,,,,,,,,,,,,,,,,,,,,,,,,,,835.982,838.451,04a28e7b724ebeee94545ba7395ff583180eaa663d02a03122f1bfec184190a3,9.04,8,merkle,11.0,1,243.696,243.696,1,1,2,400,13248,6,75,1,fanout_f32_l16,off,243.696,0,8,243.696,100,100,100,size-scaling-k75-c300-n10000000-f32-k75-c300-fanout_f32_l16-merkle-r8,1,339,32,1,120,678,68872.864,300,6624,10000000,1,
2,2,full,6,65902.68735408783,1,0,75,60,1,4,4,150,678,678,13248,6,0.141,0,0,0,0,300,mixed,339,1,68872.814,size-scaling-k75-c300,32,0,339,64,4,75,1,1,0,0,0,0,0,19872,0,6624,6624,6624,1,0,1,200,200,0,0,0,0,0,19872,0,6624,6624,6624,1,0,1,200,200,,,,,,,,,,,,,,,,,,,,,,,,,,,,,,,,,,,,,,,,,,,,,,,,,,,,,,,,,,,,,,,,,,,,,,,,,,,,,,,,,,,,,,,,,,,,,,,,,,,,,,,,,,,,,,,,,,,,,,,,,,,,,,,,,,,,,,,,,,,,,,,,,,,,,,,,,,,,,,,,,,,,,,,,,,,,,,,,,,,,,,,,,,,,,,,,,,,,,,,,,,,,,,,,,,,,,,,,,,,,,,,,,,,,,,,,,,,,,,,,,,,,,,,,,,,,,,,,,,,,,,,,,,,,,,,,,,,,,,,,,,,,,,,,,,,,,,,,,,,,,836.177,838.695,04a28e7b724ebeee94545ba7395ff583180eaa663d02a03122f1bfec184190a3,9.04,8,merkle,11.0,1,243.524,243.524,1,1,2,400,13248,6,75,1,fanout_f32_l16,off,243.524,0,9,243.524,100,100,100,size-scaling-k75-c300-n10000000-f32-k75-c300-fanout_f32_l16-merkle-r9,1,339,32,1,120,678,68872.814,300,6624,10000000,1,
2,2,full,6,325439.33930158615,1,0,75,67,1,4,4,150,1214,1214,13888,6,0.147,0,0,0,0,300,mixed,607,1,328453.102,size-scaling-k75-c300,32,0,607,64,4,75,1,1,0,0,0,0,0,0,0,0,0,0,0,0,0,0,0,0,0,0,0,0,0,0,0,0,0,0,0,0,0,0,0,0,0,0,0,20832,0,6944,6944,6944,1,0,1,200,200,0,0,0,0,0,20832,0,6944,6944,6944,1,0,1,200,200,,,,,,,,,,,,,,,,,,,,,,,,,,,,,,,,,,,,,,,,,,,,,,,,,,,,,,,,,,,,,,,,,,,,,,,,,,,,,,,,,,,,,,,,,,,,,,,,,,,,,,,,,,,,,,,,,,,,,,,,,,,,,,,,,,,,,,,,,,,,,,,,,,,,,,,,,,,,,,,,,,,,,,,,,,,,,,,,,,,,,,,,,,,,,,,,,,,,,,,,,,,,,,,,,,,,,,,,,,,,,,,,,,,,,,,,,,,,,,,,,,,,,,,,,,,,,,,,,,,,,,,,,,,,,,,886.639,889.769,355a769adea379b1c98ebdb9963b30bbf090d58d4d560f2efde564946c6f1e46,16.186666666666667,8,merkle,25.0,1,234.746,234.746,1,1,2,400,13888,6,75,1,fanout_f32_l16,off,234.746,0,0,234.746,100,100,100,size-scaling-k75-c300-n50000000-f32-k75-c300-fanout_f32_l16-merkle-r0,1,607,32,1,134,1214,328453.102,300,6944,50000000,1,
2,2,full,6,325740.7433037758,1,0,75,67,1,4,4,150,1214,1214,13888,6,0.146,0,0,0,0,300,mixed,607,1,328753.128,size-scaling-k75-c300,32,0,607,64,4,75,1,1,0,0,0,0,0,0,0,0,0,0,0,0,0,0,0,0,0,0,0,0,0,0,0,0,0,0,0,0,0,0,0,0,0,0,0,20832,0,6944,6944,6944,1,0,1,200,200,0,0,0,0,0,20832,0,6944,6944,6944,1,0,1,200,200,,,,,,,,,,,,,,,,,,,,,,,,,,,,,,,,,,,,,,,,,,,,,,,,,,,,,,,,,,,,,,,,,,,,,,,,,,,,,,,,,,,,,,,,,,,,,,,,,,,,,,,,,,,,,,,,,,,,,,,,,,,,,,,,,,,,,,,,,,,,,,,,,,,,,,,,,,,,,,,,,,,,,,,,,,,,,,,,,,,,,,,,,,,,,,,,,,,,,,,,,,,,,,,,,,,,,,,,,,,,,,,,,,,,,,,,,,,,,,,,,,,,,,,,,,,,,,,,,,,,,,,,,,,,,,,886.673,889.774,355a769adea379b1c98ebdb9963b30bbf090d58d4d560f2efde564946c6f1e46,16.186666666666667,8,merkle,25.0,1,234.295,234.295,1,1,2,400,13888,6,75,1,fanout_f32_l16,off,234.295,0,1,234.295,100,100,100,size-scaling-k75-c300-n50000000-f32-k75-c300-fanout_f32_l16-merkle-r1,1,607,32,1,134,1214,328753.128,300,6944,50000000,1,
2,2,full,6,325860.47655153275,1,0,75,67,1,4,4,150,1214,1214,13888,6,0.146,0,0,0,0,300,mixed,607,1,328846.372,size-scaling-k75-c300,32,0,607,64,4,75,1,1,0,0,0,0,0,0,0,0,0,0,0,0,0,0,0,0,0,0,0,0,0,0,0,0,0,0,0,0,0,0,0,0,0,0,0,20832,0,6944,6944,6944,1,0,1,200,200,0,0,0,0,0,20832,0,6944,6944,6944,1,0,1,200,200,,,,,,,,,,,,,,,,,,,,,,,,,,,,,,,,,,,,,,,,,,,,,,,,,,,,,,,,,,,,,,,,,,,,,,,,,,,,,,,,,,,,,,,,,,,,,,,,,,,,,,,,,,,,,,,,,,,,,,,,,,,,,,,,,,,,,,,,,,,,,,,,,,,,,,,,,,,,,,,,,,,,,,,,,,,,,,,,,,,,,,,,,,,,,,,,,,,,,,,,,,,,,,,,,,,,,,,,,,,,,,,,,,,,,,,,,,,,,,,,,,,,,,,,,,,,,,,,,,,,,,,,,,,,,,,836.105,839.326,355a769adea379b1c98ebdb9963b30bbf090d58d4d560f2efde564946c6f1e46,16.186666666666667,8,merkle,25.0,1,259.211,259.211,1,1,2,400,13888,6,75,1,fanout_f32_l16,off,259.211,0,2,259.211,100,100,100,size-scaling-k75-c300-n50000000-f32-k75-c300-fanout_f32_l16-merkle-r2,1,607,32,1,134,1214,328846.372,300,6944,50000000,1,
2,2,full,6,325179.00406742096,1,0,75,67,1,4,4,150,1214,1214,13888,6,0.142,0,0,0,0,300,mixed,607,1,328191.890,size-scaling-k75-c300,32,0,607,64,4,75,1,1,0,0,0,0,0,0,0,0,0,0,0,0,0,0,0,0,0,0,0,0,0,0,0,0,0,0,0,0,0,0,0,0,0,0,0,20832,0,6944,6944,6944,1,0,1,200,200,0,0,0,0,0,20832,0,6944,6944,6944,1,0,1,200,200,,,,,,,,,,,,,,,,,,,,,,,,,,,,,,,,,,,,,,,,,,,,,,,,,,,,,,,,,,,,,,,,,,,,,,,,,,,,,,,,,,,,,,,,,,,,,,,,,,,,,,,,,,,,,,,,,,,,,,,,,,,,,,,,,,,,,,,,,,,,,,,,,,,,,,,,,,,,,,,,,,,,,,,,,,,,,,,,,,,,,,,,,,,,,,,,,,,,,,,,,,,,,,,,,,,,,,,,,,,,,,,,,,,,,,,,,,,,,,,,,,,,,,,,,,,,,,,,,,,,,,,,,,,,,,,886.403,889.632,355a769adea379b1c98ebdb9963b30bbf090d58d4d560f2efde564946c6f1e46,16.186666666666667,8,merkle,25.0,1,234.938,234.938,1,1,2,400,13888,6,75,1,fanout_f32_l16,off,234.938,0,3,234.938,100,100,100,size-scaling-k75-c300-n50000000-f32-k75-c300-fanout_f32_l16-merkle-r3,1,607,32,1,134,1214,328191.890,300,6944,50000000,1,
2,2,full,6,325481.81528806686,1,0,75,67,1,4,4,150,1214,1214,13888,6,0.143,0,0,0,0,300,mixed,607,1,328494.794,size-scaling-k75-c300,32,0,607,64,4,75,1,1,0,0,0,0,0,0,0,0,0,0,0,0,0,0,0,0,0,0,0,0,0,0,0,0,0,0,0,0,0,0,0,0,0,0,0,20832,0,6944,6944,6944,1,0,1,200,200,0,0,0,0,0,20832,0,6944,6944,6944,1,0,1,200,200,,,,,,,,,,,,,,,,,,,,,,,,,,,,,,,,,,,,,,,,,,,,,,,,,,,,,,,,,,,,,,,,,,,,,,,,,,,,,,,,,,,,,,,,,,,,,,,,,,,,,,,,,,,,,,,,,,,,,,,,,,,,,,,,,,,,,,,,,,,,,,,,,,,,,,,,,,,,,,,,,,,,,,,,,,,,,,,,,,,,,,,,,,,,,,,,,,,,,,,,,,,,,,,,,,,,,,,,,,,,,,,,,,,,,,,,,,,,,,,,,,,,,,,,,,,,,,,,,,,,,,,,,,,,,,,886.858,889.949,355a769adea379b1c98ebdb9963b30bbf090d58d4d560f2efde564946c6f1e46,16.186666666666667,8,merkle,25.0,1,234.670,234.670,1,1,2,400,13888,6,75,1,fanout_f32_l16,off,234.670,0,4,234.670,100,100,100,size-scaling-k75-c300-n50000000-f32-k75-c300-fanout_f32_l16-merkle-r4,1,607,32,1,134,1214,328494.794,300,6944,50000000,1,
2,2,full,6,325312.7987937927,1,0,75,67,1,4,4,150,1214,1214,13888,6,0.145,0,0,0,0,300,mixed,607,1,328328.025,size-scaling-k75-c300,32,0,607,64,4,75,1,1,0,0,0,0,0,0,0,0,0,0,0,0,0,0,0,0,0,0,0,0,0,0,0,0,0,0,0,0,0,0,0,0,0,0,0,20832,0,6944,6944,6944,1,0,1,200,200,0,0,0,0,0,20832,0,6944,6944,6944,1,0,1,200,200,,,,,,,,,,,,,,,,,,,,,,,,,,,,,,,,,,,,,,,,,,,,,,,,,,,,,,,,,,,,,,,,,,,,,,,,,,,,,,,,,,,,,,,,,,,,,,,,,,,,,,,,,,,,,,,,,,,,,,,,,,,,,,,,,,,,,,,,,,,,,,,,,,,,,,,,,,,,,,,,,,,,,,,,,,,,,,,,,,,,,,,,,,,,,,,,,,,,,,,,,,,,,,,,,,,,,,,,,,,,,,,,,,,,,,,,,,,,,,,,,,,,,,,,,,,,,,,,,,,,,,,,,,,,,,,886.775,889.78,355a769adea379b1c98ebdb9963b30bbf090d58d4d560f2efde564946c6f1e46,16.186666666666667,8,merkle,25.0,1,236.844,236.844,1,1,2,400,13888,6,75,1,fanout_f32_l16,off,236.844,0,5,236.844,100,100,100,size-scaling-k75-c300-n50000000-f32-k75-c300-fanout_f32_l16-merkle-r5,1,607,32,1,134,1214,328328.025,300,6944,50000000,1,
2,2,full,6,327061.36342048645,1,0,75,67,1,4,4,150,1214,1214,13888,6,0.155,0,0,0,0,300,mixed,607,1,330074.821,size-scaling-k75-c300,32,0,607,64,4,75,1,1,0,0,0,0,0,0,0,0,0,0,0,0,0,0,0,0,0,0,0,0,0,0,0,0,0,0,0,0,0,0,0,0,0,0,0,20832,0,6944,6944,6944,1,0,1,200,200,0,0,0,0,0,20832,0,6944,6944,6944,1,0,1,200,200,,,,,,,,,,,,,,,,,,,,,,,,,,,,,,,,,,,,,,,,,,,,,,,,,,,,,,,,,,,,,,,,,,,,,,,,,,,,,,,,,,,,,,,,,,,,,,,,,,,,,,,,,,,,,,,,,,,,,,,,,,,,,,,,,,,,,,,,,,,,,,,,,,,,,,,,,,,,,,,,,,,,,,,,,,,,,,,,,,,,,,,,,,,,,,,,,,,,,,,,,,,,,,,,,,,,,,,,,,,,,,,,,,,,,,,,,,,,,,,,,,,,,,,,,,,,,,,,,,,,,,,,,,,,,,,886.52,889.598,355a769adea379b1c98ebdb9963b30bbf090d58d4d560f2efde564946c6f1e46,16.186666666666667,8,merkle,25.0,1,235.333,235.333,1,1,2,400,13888,6,75,1,fanout_f32_l16,off,235.333,0,6,235.333,100,100,100,size-scaling-k75-c300-n50000000-f32-k75-c300-fanout_f32_l16-merkle-r6,1,607,32,1,134,1214,330074.821,300,6944,50000000,1,
2,2,full,6,325085.3201909065,1,0,75,67,1,4,4,150,1214,1214,13888,6,0.140,0,0,0,0,300,mixed,607,1,328097.157,size-scaling-k75-c300,32,0,607,64,4,75,1,1,0,0,0,0,0,0,0,0,0,0,0,0,0,0,0,0,0,0,0,0,0,0,0,0,0,0,0,0,0,0,0,0,0,0,0,20832,0,6944,6944,6944,1,0,1,200,200,0,0,0,0,0,20832,0,6944,6944,6944,1,0,1,200,200,,,,,,,,,,,,,,,,,,,,,,,,,,,,,,,,,,,,,,,,,,,,,,,,,,,,,,,,,,,,,,,,,,,,,,,,,,,,,,,,,,,,,,,,,,,,,,,,,,,,,,,,,,,,,,,,,,,,,,,,,,,,,,,,,,,,,,,,,,,,,,,,,,,,,,,,,,,,,,,,,,,,,,,,,,,,,,,,,,,,,,,,,,,,,,,,,,,,,,,,,,,,,,,,,,,,,,,,,,,,,,,,,,,,,,,,,,,,,,,,,,,,,,,,,,,,,,,,,,,,,,,,,,,,,,,886.946,890.142,355a769adea379b1c98ebdb9963b30bbf090d58d4d560f2efde564946c6f1e46,16.186666666666667,8,merkle,25.0,1,233.963,233.963,1,1,2,400,13888,6,75,1,fanout_f32_l16,off,233.963,0,7,233.963,100,100,100,size-scaling-k75-c300-n50000000-f32-k75-c300-fanout_f32_l16-merkle-r7,1,607,32,1,134,1214,328097.157,300,6944,50000000,1,
2,2,full,6,325426.502035141,1,0,75,67,1,4,4,150,1214,1214,13888,6,0.144,0,0,0,0,300,mixed,607,1,328435.377,size-scaling-k75-c300,32,0,607,64,4,75,1,1,0,0,0,0,0,0,0,0,0,0,0,0,0,0,0,0,0,0,0,0,0,0,0,0,0,0,0,0,0,0,0,0,0,0,0,20832,0,6944,6944,6944,1,0,1,200,200,0,0,0,0,0,20832,0,6944,6944,6944,1,0,1,200,200,,,,,,,,,,,,,,,,,,,,,,,,,,,,,,,,,,,,,,,,,,,,,,,,,,,,,,,,,,,,,,,,,,,,,,,,,,,,,,,,,,,,,,,,,,,,,,,,,,,,,,,,,,,,,,,,,,,,,,,,,,,,,,,,,,,,,,,,,,,,,,,,,,,,,,,,,,,,,,,,,,,,,,,,,,,,,,,,,,,,,,,,,,,,,,,,,,,,,,,,,,,,,,,,,,,,,,,,,,,,,,,,,,,,,,,,,,,,,,,,,,,,,,,,,,,,,,,,,,,,,,,,,,,,,,,884.909,887.697,355a769adea379b1c98ebdb9963b30bbf090d58d4d560f2efde564946c6f1e46,16.186666666666667,8,merkle,25.0,1,233.527,233.527,1,1,2,400,13888,6,75,1,fanout_f32_l16,off,233.527,0,8,233.527,100,100,100,size-scaling-k75-c300-n50000000-f32-k75-c300-fanout_f32_l16-merkle-r8,1,607,32,1,134,1214,328435.377,300,6944,50000000,1,
2,2,full,6,325513.23113012314,1,0,75,67,1,4,4,150,1214,1214,13888,6,0.145,0,0,0,0,300,mixed,607,1,328527.291,size-scaling-k75-c300,32,0,607,64,4,75,1,1,0,0,0,0,0,0,0,0,0,0,0,0,0,0,0,0,0,0,0,0,0,0,0,0,0,0,0,0,0,0,0,0,0,0,0,20832,0,6944,6944,6944,1,0,1,200,200,0,0,0,0,0,20832,0,6944,6944,6944,1,0,1,200,200,,,,,,,,,,,,,,,,,,,,,,,,,,,,,,,,,,,,,,,,,,,,,,,,,,,,,,,,,,,,,,,,,,,,,,,,,,,,,,,,,,,,,,,,,,,,,,,,,,,,,,,,,,,,,,,,,,,,,,,,,,,,,,,,,,,,,,,,,,,,,,,,,,,,,,,,,,,,,,,,,,,,,,,,,,,,,,,,,,,,,,,,,,,,,,,,,,,,,,,,,,,,,,,,,,,,,,,,,,,,,,,,,,,,,,,,,,,,,,,,,,,,,,,,,,,,,,,,,,,,,,,,,,,,,,,886.491,889.693,355a769adea379b1c98ebdb9963b30bbf090d58d4d560f2efde564946c6f1e46,16.186666666666667,8,merkle,25.0,1,236.738,236.738,1,1,2,400,13888,6,75,1,fanout_f32_l16,off,236.738,0,9,236.738,100,100,100,size-scaling-k75-c300-n50000000-f32-k75-c300-fanout_f32_l16-merkle-r9,1,607,32,1,134,1214,328527.291,300,6944,50000000,1,
2,2,full,6,261301.33726739883,1,0,75,64,1,4,4,150,1032,1032,13696,6,0.147,0,0,0,0,300,mixed,516,1,264284.530,size-scaling-k75-c300,32,0,516,64,4,75,1,1,0,0,0,0,0,0,0,0,0,0,0,0,0,0,0,0,0,0,0,0,0,0,0,0,0,0,0,0,0,0,0,0,0,0,0,0,0,0,0,0,0,0,0,0,0,0,0,0,0,0,0,0,0,0,0,0,0,0,0,0,0,0,0,0,0,20544,0,6848,6848,6848,1,0,1,200,200,0,0,0,0,0,20544,0,6848,6848,6848,1,0,1,200,200,,,,,,,,,,,,,,,,,,,,,,,,,,,,,,,,,,,,,,,,,,,,,,,,,,,,,,,,,,,,,,,,,,,,,,,,,,,,,,,,,,,,,,,,,,,,,,,,,,,,,,,,,,,,,,,,,,,,,,,,,,,,,,,,,,,,,,,,,,,,,,,,,,,,,,,,,,,,,,,,,,,,,,,,,,,,,,,,,,,,,,,,,,,,,,,,,,,,,,,,,,,,,,,,,,,,,,,,,,,,,,,,,,,,,,,,,,,,,,,,,835.643,839.355,35a02cfa6639aeb2f9f4aca468a45c2befa0dfe957486a2ba7018a019c306c3f,13.76,8,merkle,21.0,1,254.638,254.638,1,1,2,400,13696,6,75,1,fanout_f32_l16,off,254.638,0,0,254.638,100,100,100,size-scaling-k75-c300-n40000000-f32-k75-c300-fanout_f32_l16-merkle-r0,1,516,32,1,128,1032,264284.530,300,6848,40000000,1,
2,2,full,6,260260.8286266327,1,0,75,64,1,4,4,150,1032,1032,13696,6,0.144,0,0,0,0,300,mixed,516,1,263242.770,size-scaling-k75-c300,32,0,516,64,4,75,1,1,0,0,0,0,0,0,0,0,0,0,0,0,0,0,0,0,0,0,0,0,0,0,0,0,0,0,0,0,0,0,0,0,0,0,0,0,0,0,0,0,0,0,0,0,0,0,0,0,0,0,0,0,0,0,0,0,0,0,0,0,0,0,0,0,0,20544,0,6848,6848,6848,1,0,1,200,200,0,0,0,0,0,20544,0,6848,6848,6848,1,0,1,200,200,,,,,,,,,,,,,,,,,,,,,,,,,,,,,,,,,,,,,,,,,,,,,,,,,,,,,,,,,,,,,,,,,,,,,,,,,,,,,,,,,,,,,,,,,,,,,,,,,,,,,,,,,,,,,,,,,,,,,,,,,,,,,,,,,,,,,,,,,,,,,,,,,,,,,,,,,,,,,,,,,,,,,,,,,,,,,,,,,,,,,,,,,,,,,,,,,,,,,,,,,,,,,,,,,,,,,,,,,,,,,,,,,,,,,,,,,,,,,,,,,836.04,839.775,35a02cfa6639aeb2f9f4aca468a45c2befa0dfe957486a2ba7018a019c306c3f,13.76,8,merkle,21.0,1,253.852,253.852,1,1,2,400,13696,6,75,1,fanout_f32_l16,off,253.852,0,1,253.852,100,100,100,size-scaling-k75-c300-n40000000-f32-k75-c300-fanout_f32_l16-merkle-r1,1,516,32,1,128,1032,263242.770,300,6848,40000000,1,
2,2,full,6,260891.17556238174,1,0,75,64,1,4,4,150,1032,1032,13696,6,0.168,0,0,0,0,300,mixed,516,1,263860.276,size-scaling-k75-c300,32,0,516,64,4,75,1,1,0,0,0,0,0,0,0,0,0,0,0,0,0,0,0,0,0,0,0,0,0,0,0,0,0,0,0,0,0,0,0,0,0,0,0,0,0,0,0,0,0,0,0,0,0,0,0,0,0,0,0,0,0,0,0,0,0,0,0,0,0,0,0,0,0,20544,0,6848,6848,6848,1,0,1,200,200,0,0,0,0,0,20544,0,6848,6848,6848,1,0,1,200,200,,,,,,,,,,,,,,,,,,,,,,,,,,,,,,,,,,,,,,,,,,,,,,,,,,,,,,,,,,,,,,,,,,,,,,,,,,,,,,,,,,,,,,,,,,,,,,,,,,,,,,,,,,,,,,,,,,,,,,,,,,,,,,,,,,,,,,,,,,,,,,,,,,,,,,,,,,,,,,,,,,,,,,,,,,,,,,,,,,,,,,,,,,,,,,,,,,,,,,,,,,,,,,,,,,,,,,,,,,,,,,,,,,,,,,,,,,,,,,,,,835.696,839.478,35a02cfa6639aeb2f9f4aca468a45c2befa0dfe957486a2ba7018a019c306c3f,13.76,8,merkle,21.0,1,242.625,242.625,1,1,2,400,13696,6,75,1,fanout_f32_l16,off,242.625,0,2,242.625,100,100,100,size-scaling-k75-c300-n40000000-f32-k75-c300-fanout_f32_l16-merkle-r2,1,516,32,1,128,1032,263860.276,300,6848,40000000,1,
2,2,full,6,263797.1110472679,1,0,75,64,1,4,4,150,1032,1032,13696,6,0.146,0,0,0,0,300,mixed,516,1,266807.466,size-scaling-k75-c300,32,0,516,64,4,75,1,1,0,0,0,0,0,0,0,0,0,0,0,0,0,0,0,0,0,0,0,0,0,0,0,0,0,0,0,0,0,0,0,0,0,0,0,0,0,0,0,0,0,0,0,0,0,0,0,0,0,0,0,0,0,0,0,0,0,0,0,0,0,0,0,0,0,20544,0,6848,6848,6848,1,0,1,200,200,0,0,0,0,0,20544,0,6848,6848,6848,1,0,1,200,200,,,,,,,,,,,,,,,,,,,,,,,,,,,,,,,,,,,,,,,,,,,,,,,,,,,,,,,,,,,,,,,,,,,,,,,,,,,,,,,,,,,,,,,,,,,,,,,,,,,,,,,,,,,,,,,,,,,,,,,,,,,,,,,,,,,,,,,,,,,,,,,,,,,,,,,,,,,,,,,,,,,,,,,,,,,,,,,,,,,,,,,,,,,,,,,,,,,,,,,,,,,,,,,,,,,,,,,,,,,,,,,,,,,,,,,,,,,,,,,,,886.738,890.367,35a02cfa6639aeb2f9f4aca468a45c2befa0dfe957486a2ba7018a019c306c3f,13.76,8,merkle,21.0,1,232.092,232.092,1,1,2,400,13696,6,75,1,fanout_f32_l16,off,232.092,0,3,232.092,100,100,100,size-scaling-k75-c300-n40000000-f32-k75-c300-fanout_f32_l16-merkle-r3,1,516,32,1,128,1032,266807.466,300,6848,40000000,1,
2,2,full,6,261240.7395658493,1,0,75,64,1,4,4,150,1032,1032,13696,6,0.145,0,0,0,0,300,mixed,516,1,264251.679,size-scaling-k75-c300,32,0,516,64,4,75,1,1,0,0,0,0,0,0,0,0,0,0,0,0,0,0,0,0,0,0,0,0,0,0,0,0,0,0,0,0,0,0,0,0,0,0,0,0,0,0,0,0,0,0,0,0,0,0,0,0,0,0,0,0,0,0,0,0,0,0,0,0,0,0,0,0,0,20544,0,6848,6848,6848,1,0,1,200,200,0,0,0,0,0,20544,0,6848,6848,6848,1,0,1,200,200,,,,,,,,,,,,,,,,,,,,,,,,,,,,,,,,,,,,,,,,,,,,,,,,,,,,,,,,,,,,,,,,,,,,,,,,,,,,,,,,,,,,,,,,,,,,,,,,,,,,,,,,,,,,,,,,,,,,,,,,,,,,,,,,,,,,,,,,,,,,,,,,,,,,,,,,,,,,,,,,,,,,,,,,,,,,,,,,,,,,,,,,,,,,,,,,,,,,,,,,,,,,,,,,,,,,,,,,,,,,,,,,,,,,,,,,,,,,,,,,,886.625,890.33,35a02cfa6639aeb2f9f4aca468a45c2befa0dfe957486a2ba7018a019c306c3f,13.76,8,merkle,21.0,1,232.093,232.093,1,1,2,400,13696,6,75,1,fanout_f32_l16,off,232.093,0,4,232.093,100,100,100,size-scaling-k75-c300-n40000000-f32-k75-c300-fanout_f32_l16-merkle-r4,1,516,32,1,128,1032,264251.679,300,6848,40000000,1,
2,2,full,6,260834.8326396942,1,0,75,64,1,4,4,150,1032,1032,13696,6,0.146,0,0,0,0,300,mixed,516,1,263845.357,size-scaling-k75-c300,32,0,516,64,4,75,1,1,0,0,0,0,0,0,0,0,0,0,0,0,0,0,0,0,0,0,0,0,0,0,0,0,0,0,0,0,0,0,0,0,0,0,0,0,0,0,0,0,0,0,0,0,0,0,0,0,0,0,0,0,0,0,0,0,0,0,0,0,0,0,0,0,0,20544,0,6848,6848,6848,1,0,1,200,200,0,0,0,0,0,20544,0,6848,6848,6848,1,0,1,200,200,,,,,,,,,,,,,,,,,,,,,,,,,,,,,,,,,,,,,,,,,,,,,,,,,,,,,,,,,,,,,,,,,,,,,,,,,,,,,,,,,,,,,,,,,,,,,,,,,,,,,,,,,,,,,,,,,,,,,,,,,,,,,,,,,,,,,,,,,,,,,,,,,,,,,,,,,,,,,,,,,,,,,,,,,,,,,,,,,,,,,,,,,,,,,,,,,,,,,,,,,,,,,,,,,,,,,,,,,,,,,,,,,,,,,,,,,,,,,,,,,886.464,890.273,35a02cfa6639aeb2f9f4aca468a45c2befa0dfe957486a2ba7018a019c306c3f,13.76,8,merkle,21.0,1,232.059,232.059,1,1,2,400,13696,6,75,1,fanout_f32_l16,off,232.059,0,5,232.059,100,100,100,size-scaling-k75-c300-n40000000-f32-k75-c300-fanout_f32_l16-merkle-r5,1,516,32,1,128,1032,263845.357,300,6848,40000000,1,
2,2,full,6,260575.80324411392,1,0,75,64,1,4,4,150,1032,1032,13696,6,0.143,0,0,0,0,300,mixed,516,1,263547.040,size-scaling-k75-c300,32,0,516,64,4,75,1,1,0,0,0,0,0,0,0,0,0,0,0,0,0,0,0,0,0,0,0,0,0,0,0,0,0,0,0,0,0,0,0,0,0,0,0,0,0,0,0,0,0,0,0,0,0,0,0,0,0,0,0,0,0,0,0,0,0,0,0,0,0,0,0,0,0,20544,0,6848,6848,6848,1,0,1,200,200,0,0,0,0,0,20544,0,6848,6848,6848,1,0,1,200,200,,,,,,,,,,,,,,,,,,,,,,,,,,,,,,,,,,,,,,,,,,,,,,,,,,,,,,,,,,,,,,,,,,,,,,,,,,,,,,,,,,,,,,,,,,,,,,,,,,,,,,,,,,,,,,,,,,,,,,,,,,,,,,,,,,,,,,,,,,,,,,,,,,,,,,,,,,,,,,,,,,,,,,,,,,,,,,,,,,,,,,,,,,,,,,,,,,,,,,,,,,,,,,,,,,,,,,,,,,,,,,,,,,,,,,,,,,,,,,,,,835.749,839.329,35a02cfa6639aeb2f9f4aca468a45c2befa0dfe957486a2ba7018a019c306c3f,13.76,8,merkle,21.0,1,243.541,243.541,1,1,2,400,13696,6,75,1,fanout_f32_l16,off,243.541,0,6,243.541,100,100,100,size-scaling-k75-c300-n40000000-f32-k75-c300-fanout_f32_l16-merkle-r6,1,516,32,1,128,1032,263547.040,300,6848,40000000,1,
2,2,full,6,264084.4772615433,1,0,75,64,1,4,4,150,1032,1032,13696,6,0.146,0,0,0,0,300,mixed,516,1,267096.563,size-scaling-k75-c300,32,0,516,64,4,75,1,1,0,0,0,0,0,0,0,0,0,0,0,0,0,0,0,0,0,0,0,0,0,0,0,0,0,0,0,0,0,0,0,0,0,0,0,0,0,0,0,0,0,0,0,0,0,0,0,0,0,0,0,0,0,0,0,0,0,0,0,0,0,0,0,0,0,20544,0,6848,6848,6848,1,0,1,200,200,0,0,0,0,0,20544,0,6848,6848,6848,1,0,1,200,200,,,,,,,,,,,,,,,,,,,,,,,,,,,,,,,,,,,,,,,,,,,,,,,,,,,,,,,,,,,,,,,,,,,,,,,,,,,,,,,,,,,,,,,,,,,,,,,,,,,,,,,,,,,,,,,,,,,,,,,,,,,,,,,,,,,,,,,,,,,,,,,,,,,,,,,,,,,,,,,,,,,,,,,,,,,,,,,,,,,,,,,,,,,,,,,,,,,,,,,,,,,,,,,,,,,,,,,,,,,,,,,,,,,,,,,,,,,,,,,,,886.488,890.065,35a02cfa6639aeb2f9f4aca468a45c2befa0dfe957486a2ba7018a019c306c3f,13.76,8,merkle,21.0,1,233.323,233.323,1,1,2,400,13696,6,75,1,fanout_f32_l16,off,233.323,0,7,233.323,100,100,100,size-scaling-k75-c300-n40000000-f32-k75-c300-fanout_f32_l16-merkle-r7,1,516,32,1,128,1032,267096.563,300,6848,40000000,1,
2,2,full,6,264994.8857040405,1,0,75,64,1,4,4,150,1032,1032,13696,6,0.145,0,0,0,0,300,mixed,516,1,267966.376,size-scaling-k75-c300,32,0,516,64,4,75,1,1,0,0,0,0,0,0,0,0,0,0,0,0,0,0,0,0,0,0,0,0,0,0,0,0,0,0,0,0,0,0,0,0,0,0,0,0,0,0,0,0,0,0,0,0,0,0,0,0,0,0,0,0,0,0,0,0,0,0,0,0,0,0,0,0,0,20544,0,6848,6848,6848,1,0,1,200,200,0,0,0,0,0,20544,0,6848,6848,6848,1,0,1,200,200,,,,,,,,,,,,,,,,,,,,,,,,,,,,,,,,,,,,,,,,,,,,,,,,,,,,,,,,,,,,,,,,,,,,,,,,,,,,,,,,,,,,,,,,,,,,,,,,,,,,,,,,,,,,,,,,,,,,,,,,,,,,,,,,,,,,,,,,,,,,,,,,,,,,,,,,,,,,,,,,,,,,,,,,,,,,,,,,,,,,,,,,,,,,,,,,,,,,,,,,,,,,,,,,,,,,,,,,,,,,,,,,,,,,,,,,,,,,,,,,,835.63,839.237,35a02cfa6639aeb2f9f4aca468a45c2befa0dfe957486a2ba7018a019c306c3f,13.76,8,merkle,21.0,1,244.511,244.511,1,1,2,400,13696,6,75,1,fanout_f32_l16,off,244.511,0,8,244.511,100,100,100,size-scaling-k75-c300-n40000000-f32-k75-c300-fanout_f32_l16-merkle-r8,1,516,32,1,128,1032,267966.376,300,6848,40000000,1,
2,2,full,6,261260.8623828888,1,0,75,64,1,4,4,150,1032,1032,13696,6,0.144,0,0,0,0,300,mixed,516,1,264276.689,size-scaling-k75-c300,32,0,516,64,4,75,1,1,0,0,0,0,0,0,0,0,0,0,0,0,0,0,0,0,0,0,0,0,0,0,0,0,0,0,0,0,0,0,0,0,0,0,0,0,0,0,0,0,0,0,0,0,0,0,0,0,0,0,0,0,0,0,0,0,0,0,0,0,0,0,0,0,0,20544,0,6848,6848,6848,1,0,1,200,200,0,0,0,0,0,20544,0,6848,6848,6848,1,0,1,200,200,,,,,,,,,,,,,,,,,,,,,,,,,,,,,,,,,,,,,,,,,,,,,,,,,,,,,,,,,,,,,,,,,,,,,,,,,,,,,,,,,,,,,,,,,,,,,,,,,,,,,,,,,,,,,,,,,,,,,,,,,,,,,,,,,,,,,,,,,,,,,,,,,,,,,,,,,,,,,,,,,,,,,,,,,,,,,,,,,,,,,,,,,,,,,,,,,,,,,,,,,,,,,,,,,,,,,,,,,,,,,,,,,,,,,,,,,,,,,,,,,886.626,890.377,35a02cfa6639aeb2f9f4aca468a45c2befa0dfe957486a2ba7018a019c306c3f,13.76,8,merkle,21.0,1,237.499,237.499,1,1,2,400,13696,6,75,1,fanout_f32_l16,off,237.499,0,9,237.499,100,100,100,size-scaling-k75-c300-n40000000-f32-k75-c300-fanout_f32_l16-merkle-r9,1,516,32,1,128,1032,264276.689,300,6848,40000000,1,
2,2,full,6,33536.74670314789,1,0,75,61,1,4,4,150,3442,3442,9024,6,0.152,0,0,0,0,300,mixed,1721,1,36489.741,size-scaling-k75-c300,32,0,1721,64,4,75,1,1,0,0,0,0,0,0,0,0,0,0,0,0,0,0,0,0,0,0,0,0,0,0,0,0,0,0,0,0,0,0,0,0,0,0,0,0,0,0,0,0,0,0,0,0,0,0,0,0,0,0,0,0,0,0,0,0,0,0,0,0,0,0,0,0,0,0,0,0,0,0,0,0,0,0,0,0,0,0,0,0,0,0,0,0,0,0,0,0,0,0,0,0,0,0,0,13536,0,4512,4512,4512,1,0,1,200,200,0,0,0,0,0,13536,0,4512,4512,4512,1,0,1,200,200,,,,,,,,,,,,,,,,,,,,,,,,,,,,,,,,,,,,,,,,,,,,,,,,,,,,,,,,,,,,,,,,,,,,,,,,,,,,,,,,,,,,,,,,,,,,,,,,,,,,,,,,,,,,,,,,,,,,,,,,,,,,,,,,,,,,,,,,,,,,,,,,,,,,,,,,,,,,,,,,,,,,,,,,,,,,,,,,,,,,,,,,,,,,,,,,,,,,,,,,,,,,,,,,,,,886.336,890.4,d1b608e71b97319b0d452b0e131d9222b8f6a7ebea30b4cfe36711882ce9dd39,45.89333333333333,8,merkle,62.0,1,224.174,224.174,1,1,2,400,9024,6,75,1,fanout_f32_l16,off,224.174,0,0,224.174,100,100,100,size-scaling-k75-c300-n5000000-f32-k75-c300-fanout_f32_l16-merkle-r0,1,1721,32,1,122,3442,36489.741,300,4512,5000000,1,
2,2,full,6,33508.60264873505,1,0,75,61,1,4,4,150,3442,3442,9024,6,0.148,0,0,0,0,300,mixed,1721,1,36450.792,size-scaling-k75-c300,32,0,1721,64,4,75,1,1,0,0,0,0,0,0,0,0,0,0,0,0,0,0,0,0,0,0,0,0,0,0,0,0,0,0,0,0,0,0,0,0,0,0,0,0,0,0,0,0,0,0,0,0,0,0,0,0,0,0,0,0,0,0,0,0,0,0,0,0,0,0,0,0,0,0,0,0,0,0,0,0,0,0,0,0,0,0,0,0,0,0,0,0,0,0,0,0,0,0,0,0,0,0,0,13536,0,4512,4512,4512,1,0,1,200,200,0,0,0,0,0,13536,0,4512,4512,4512,1,0,1,200,200,,,,,,,,,,,,,,,,,,,,,,,,,,,,,,,,,,,,,,,,,,,,,,,,,,,,,,,,,,,,,,,,,,,,,,,,,,,,,,,,,,,,,,,,,,,,,,,,,,,,,,,,,,,,,,,,,,,,,,,,,,,,,,,,,,,,,,,,,,,,,,,,,,,,,,,,,,,,,,,,,,,,,,,,,,,,,,,,,,,,,,,,,,,,,,,,,,,,,,,,,,,,,,,,,,,886.979,891.221,d1b608e71b97319b0d452b0e131d9222b8f6a7ebea30b4cfe36711882ce9dd39,45.89333333333333,8,merkle,62.0,1,213.763,213.763,1,1,2,400,9024,6,75,1,fanout_f32_l16,off,213.763,0,1,213.763,100,100,100,size-scaling-k75-c300-n5000000-f32-k75-c300-fanout_f32_l16-merkle-r1,1,1721,32,1,122,3442,36450.792,300,4512,5000000,1,
2,2,full,6,33541.054711818695,1,0,75,61,1,4,4,150,3442,3442,9024,6,0.151,0,0,0,0,300,mixed,1721,1,36487.173,size-scaling-k75-c300,32,0,1721,64,4,75,1,1,0,0,0,0,0,0,0,0,0,0,0,0,0,0,0,0,0,0,0,0,0,0,0,0,0,0,0,0,0,0,0,0,0,0,0,0,0,0,0,0,0,0,0,0,0,0,0,0,0,0,0,0,0,0,0,0,0,0,0,0,0,0,0,0,0,0,0,0,0,0,0,0,0,0,0,0,0,0,0,0,0,0,0,0,0,0,0,0,0,0,0,0,0,0,0,13536,0,4512,4512,4512,1,0,1,200,200,0,0,0,0,0,13536,0,4512,4512,4512,1,0,1,200,200,,,,,,,,,,,,,,,,,,,,,,,,,,,,,,,,,,,,,,,,,,,,,,,,,,,,,,,,,,,,,,,,,,,,,,,,,,,,,,,,,,,,,,,,,,,,,,,,,,,,,,,,,,,,,,,,,,,,,,,,,,,,,,,,,,,,,,,,,,,,,,,,,,,,,,,,,,,,,,,,,,,,,,,,,,,,,,,,,,,,,,,,,,,,,,,,,,,,,,,,,,,,,,,,,,,887.023,891.262,d1b608e71b97319b0d452b0e131d9222b8f6a7ebea30b4cfe36711882ce9dd39,45.89333333333333,8,merkle,62.0,1,217.347,217.347,1,1,2,400,9024,6,75,1,fanout_f32_l16,off,217.347,0,2,217.347,100,100,100,size-scaling-k75-c300-n5000000-f32-k75-c300-fanout_f32_l16-merkle-r2,1,1721,32,1,122,3442,36487.173,300,4512,5000000,1,
2,2,full,6,33488.541784763336,1,0,75,61,1,4,4,150,3442,3442,9024,6,0.150,0,0,0,0,300,mixed,1721,1,36435.758,size-scaling-k75-c300,32,0,1721,64,4,75,1,1,0,0,0,0,0,0,0,0,0,0,0,0,0,0,0,0,0,0,0,0,0,0,0,0,0,0,0,0,0,0,0,0,0,0,0,0,0,0,0,0,0,0,0,0,0,0,0,0,0,0,0,0,0,0,0,0,0,0,0,0,0,0,0,0,0,0,0,0,0,0,0,0,0,0,0,0,0,0,0,0,0,0,0,0,0,0,0,0,0,0,0,0,0,0,0,13536,0,4512,4512,4512,1,0,1,200,200,0,0,0,0,0,13536,0,4512,4512,4512,1,0,1,200,200,,,,,,,,,,,,,,,,,,,,,,,,,,,,,,,,,,,,,,,,,,,,,,,,,,,,,,,,,,,,,,,,,,,,,,,,,,,,,,,,,,,,,,,,,,,,,,,,,,,,,,,,,,,,,,,,,,,,,,,,,,,,,,,,,,,,,,,,,,,,,,,,,,,,,,,,,,,,,,,,,,,,,,,,,,,,,,,,,,,,,,,,,,,,,,,,,,,,,,,,,,,,,,,,,,,886.806,890.988,d1b608e71b97319b0d452b0e131d9222b8f6a7ebea30b4cfe36711882ce9dd39,45.89333333333333,8,merkle,62.0,1,218.364,218.364,1,1,2,400,9024,6,75,1,fanout_f32_l16,off,218.364,0,3,218.364,100,100,100,size-scaling-k75-c300-n5000000-f32-k75-c300-fanout_f32_l16-merkle-r3,1,1721,32,1,122,3442,36435.758,300,4512,5000000,1,
2,2,full,6,33580.916540145874,1,0,75,61,1,4,4,150,3442,3442,9024,6,0.149,0,0,0,0,300,mixed,1721,1,36568.131,size-scaling-k75-c300,32,0,1721,64,4,75,1,1,0,0,0,0,0,0,0,0,0,0,0,0,0,0,0,0,0,0,0,0,0,0,0,0,0,0,0,0,0,0,0,0,0,0,0,0,0,0,0,0,0,0,0,0,0,0,0,0,0,0,0,0,0,0,0,0,0,0,0,0,0,0,0,0,0,0,0,0,0,0,0,0,0,0,0,0,0,0,0,0,0,0,0,0,0,0,0,0,0,0,0,0,0,0,0,13536,0,4512,4512,4512,1,0,1,200,200,0,0,0,0,0,13536,0,4512,4512,4512,1,0,1,200,200,,,,,,,,,,,,,,,,,,,,,,,,,,,,,,,,,,,,,,,,,,,,,,,,,,,,,,,,,,,,,,,,,,,,,,,,,,,,,,,,,,,,,,,,,,,,,,,,,,,,,,,,,,,,,,,,,,,,,,,,,,,,,,,,,,,,,,,,,,,,,,,,,,,,,,,,,,,,,,,,,,,,,,,,,,,,,,,,,,,,,,,,,,,,,,,,,,,,,,,,,,,,,,,,,,,937.182,941.288,d1b608e71b97319b0d452b0e131d9222b8f6a7ebea30b4cfe36711882ce9dd39,45.89333333333333,8,merkle,62.0,1,208.960,208.960,1,1,2,400,9024,6,75,1,fanout_f32_l16,off,208.960,0,4,208.960,100,100,100,size-scaling-k75-c300-n5000000-f32-k75-c300-fanout_f32_l16-merkle-r4,1,1721,32,1,122,3442,36568.131,300,4512,5000000,1,
2,2,full,6,33522.07430076599,1,0,75,61,1,4,4,150,3442,3442,9024,6,0.147,0,0,0,0,300,mixed,1721,1,36465.379,size-scaling-k75-c300,32,0,1721,64,4,75,1,1,0,0,0,0,0,0,0,0,0,0,0,0,0,0,0,0,0,0,0,0,0,0,0,0,0,0,0,0,0,0,0,0,0,0,0,0,0,0,0,0,0,0,0,0,0,0,0,0,0,0,0,0,0,0,0,0,0,0,0,0,0,0,0,0,0,0,0,0,0,0,0,0,0,0,0,0,0,0,0,0,0,0,0,0,0,0,0,0,0,0,0,0,0,0,0,13536,0,4512,4512,4512,1,0,1,200,200,0,0,0,0,0,13536,0,4512,4512,4512,1,0,1,200,200,,,,,,,,,,,,,,,,,,,,,,,,,,,,,,,,,,,,,,,,,,,,,,,,,,,,,,,,,,,,,,,,,,,,,,,,,,,,,,,,,,,,,,,,,,,,,,,,,,,,,,,,,,,,,,,,,,,,,,,,,,,,,,,,,,,,,,,,,,,,,,,,,,,,,,,,,,,,,,,,,,,,,,,,,,,,,,,,,,,,,,,,,,,,,,,,,,,,,,,,,,,,,,,,,,,886.986,891.159,d1b608e71b97319b0d452b0e131d9222b8f6a7ebea30b4cfe36711882ce9dd39,45.89333333333333,8,merkle,62.0,1,214.471,214.471,1,1,2,400,9024,6,75,1,fanout_f32_l16,off,214.471,0,5,214.471,100,100,100,size-scaling-k75-c300-n5000000-f32-k75-c300-fanout_f32_l16-merkle-r5,1,1721,32,1,122,3442,36465.379,300,4512,5000000,1,
2,2,full,6,33585.60384750366,1,0,75,61,1,4,4,150,3442,3442,9024,6,0.147,0,0,0,0,300,mixed,1721,1,36574.754,size-scaling-k75-c300,32,0,1721,64,4,75,1,1,0,0,0,0,0,0,0,0,0,0,0,0,0,0,0,0,0,0,0,0,0,0,0,0,0,0,0,0,0,0,0,0,0,0,0,0,0,0,0,0,0,0,0,0,0,0,0,0,0,0,0,0,0,0,0,0,0,0,0,0,0,0,0,0,0,0,0,0,0,0,0,0,0,0,0,0,0,0,0,0,0,0,0,0,0,0,0,0,0,0,0,0,0,0,0,13536,0,4512,4512,4512,1,0,1,200,200,0,0,0,0,0,13536,0,4512,4512,4512,1,0,1,200,200,,,,,,,,,,,,,,,,,,,,,,,,,,,,,,,,,,,,,,,,,,,,,,,,,,,,,,,,,,,,,,,,,,,,,,,,,,,,,,,,,,,,,,,,,,,,,,,,,,,,,,,,,,,,,,,,,,,,,,,,,,,,,,,,,,,,,,,,,,,,,,,,,,,,,,,,,,,,,,,,,,,,,,,,,,,,,,,,,,,,,,,,,,,,,,,,,,,,,,,,,,,,,,,,,,,937.411,941.588,d1b608e71b97319b0d452b0e131d9222b8f6a7ebea30b4cfe36711882ce9dd39,45.89333333333333,8,merkle,62.0,1,209.551,209.551,1,1,2,400,9024,6,75,1,fanout_f32_l16,off,209.551,0,6,209.551,100,100,100,size-scaling-k75-c300-n5000000-f32-k75-c300-fanout_f32_l16-merkle-r6,1,1721,32,1,122,3442,36574.754,300,4512,5000000,1,
2,2,full,6,33390.80779790878,1,0,75,61,1,4,4,150,3442,3442,9024,6,0.148,0,0,0,0,300,mixed,1721,1,36336.482,size-scaling-k75-c300,32,0,1721,64,4,75,1,1,0,0,0,0,0,0,0,0,0,0,0,0,0,0,0,0,0,0,0,0,0,0,0,0,0,0,0,0,0,0,0,0,0,0,0,0,0,0,0,0,0,0,0,0,0,0,0,0,0,0,0,0,0,0,0,0,0,0,0,0,0,0,0,0,0,0,0,0,0,0,0,0,0,0,0,0,0,0,0,0,0,0,0,0,0,0,0,0,0,0,0,0,0,0,0,13536,0,4512,4512,4512,1,0,1,200,200,0,0,0,0,0,13536,0,4512,4512,4512,1,0,1,200,200,,,,,,,,,,,,,,,,,,,,,,,,,,,,,,,,,,,,,,,,,,,,,,,,,,,,,,,,,,,,,,,,,,,,,,,,,,,,,,,,,,,,,,,,,,,,,,,,,,,,,,,,,,,,,,,,,,,,,,,,,,,,,,,,,,,,,,,,,,,,,,,,,,,,,,,,,,,,,,,,,,,,,,,,,,,,,,,,,,,,,,,,,,,,,,,,,,,,,,,,,,,,,,,,,,,887.43,891.513,d1b608e71b97319b0d452b0e131d9222b8f6a7ebea30b4cfe36711882ce9dd39,45.89333333333333,8,merkle,62.0,1,216.356,216.356,1,1,2,400,9024,6,75,1,fanout_f32_l16,off,216.356,0,7,216.356,100,100,100,size-scaling-k75-c300-n5000000-f32-k75-c300-fanout_f32_l16-merkle-r7,1,1721,32,1,122,3442,36336.482,300,4512,5000000,1,
2,2,full,6,33529.07250785828,1,0,75,61,1,4,4,150,3442,3442,9024,6,0.144,0,0,0,0,300,mixed,1721,1,36472.315,size-scaling-k75-c300,32,0,1721,64,4,75,1,1,0,0,0,0,0,0,0,0,0,0,0,0,0,0,0,0,0,0,0,0,0,0,0,0,0,0,0,0,0,0,0,0,0,0,0,0,0,0,0,0,0,0,0,0,0,0,0,0,0,0,0,0,0,0,0,0,0,0,0,0,0,0,0,0,0,0,0,0,0,0,0,0,0,0,0,0,0,0,0,0,0,0,0,0,0,0,0,0,0,0,0,0,0,0,0,13536,0,4512,4512,4512,1,0,1,200,200,0,0,0,0,0,13536,0,4512,4512,4512,1,0,1,200,200,,,,,,,,,,,,,,,,,,,,,,,,,,,,,,,,,,,,,,,,,,,,,,,,,,,,,,,,,,,,,,,,,,,,,,,,,,,,,,,,,,,,,,,,,,,,,,,,,,,,,,,,,,,,,,,,,,,,,,,,,,,,,,,,,,,,,,,,,,,,,,,,,,,,,,,,,,,,,,,,,,,,,,,,,,,,,,,,,,,,,,,,,,,,,,,,,,,,,,,,,,,,,,,,,,,887.241,891.243,d1b608e71b97319b0d452b0e131d9222b8f6a7ebea30b4cfe36711882ce9dd39,45.89333333333333,8,merkle,62.0,1,214.365,214.365,1,1,2,400,9024,6,75,1,fanout_f32_l16,off,214.365,0,8,214.365,100,100,100,size-scaling-k75-c300-n5000000-f32-k75-c300-fanout_f32_l16-merkle-r8,1,1721,32,1,122,3442,36472.315,300,4512,5000000,1,
2,2,full,6,33562.64826154709,1,0,75,61,1,4,4,150,3442,3442,9024,6,0.151,0,0,0,0,300,mixed,1721,1,36520.885,size-scaling-k75-c300,32,0,1721,64,4,75,1,1,0,0,0,0,0,0,0,0,0,0,0,0,0,0,0,0,0,0,0,0,0,0,0,0,0,0,0,0,0,0,0,0,0,0,0,0,0,0,0,0,0,0,0,0,0,0,0,0,0,0,0,0,0,0,0,0,0,0,0,0,0,0,0,0,0,0,0,0,0,0,0,0,0,0,0,0,0,0,0,0,0,0,0,0,0,0,0,0,0,0,0,0,0,0,0,13536,0,4512,4512,4512,1,0,1,200,200,0,0,0,0,0,13536,0,4512,4512,4512,1,0,1,200,200,,,,,,,,,,,,,,,,,,,,,,,,,,,,,,,,,,,,,,,,,,,,,,,,,,,,,,,,,,,,,,,,,,,,,,,,,,,,,,,,,,,,,,,,,,,,,,,,,,,,,,,,,,,,,,,,,,,,,,,,,,,,,,,,,,,,,,,,,,,,,,,,,,,,,,,,,,,,,,,,,,,,,,,,,,,,,,,,,,,,,,,,,,,,,,,,,,,,,,,,,,,,,,,,,,,886.853,891.11,d1b608e71b97319b0d452b0e131d9222b8f6a7ebea30b4cfe36711882ce9dd39,45.89333333333333,8,merkle,62.0,1,229.235,229.235,1,1,2,400,9024,6,75,1,fanout_f32_l16,off,229.235,0,9,229.235,100,100,100,size-scaling-k75-c300-n5000000-f32-k75-c300-fanout_f32_l16-merkle-r9,1,1721,32,1,122,3442,36520.885,300,4512,5000000,1,
2,2,full,6,46437.41617155075,1,0,75,64,1,4,4,150,2004,2004,11840,6,0.162,0,0,0,0,300,mixed,1002,1,49465.534,size-scaling-k75-c300,32,0,1002,64,4,75,1,1,0,0,0,0,0,0,0,0,0,0,0,0,0,0,0,0,0,0,0,0,0,0,0,0,0,0,0,0,0,0,0,0,0,0,0,0,0,0,0,0,0,0,0,0,0,0,0,0,0,0,0,0,0,0,0,0,0,0,0,0,0,0,0,0,0,0,0,0,0,0,0,0,0,0,0,0,0,0,0,0,0,0,0,0,0,0,0,0,0,0,0,0,0,0,0,0,0,0,0,0,0,0,0,0,0,0,0,0,0,0,0,0,0,0,0,0,0,0,0,0,0,0,0,0,0,17760,0,5920,5920,5920,1,0,1,200,200,0,0,0,0,0,17760,0,5920,5920,5920,1,0,1,200,200,,,,,,,,,,,,,,,,,,,,,,,,,,,,,,,,,,,,,,,,,,,,,,,,,,,,,,,,,,,,,,,,,,,,,,,,,,,,,,,,,,,,,,,,,,,,,,,,,,,,,,,,,,,,,,,,,,,,,,,,,,,,,,,,,,,,,,,,,,,,,,,,,,,,,,,,,,,,,,,,,,,,,,,,,,,,,,,,,,,,,887.416,892.082,79d5cd8b93f97e2feff3a255058876ca4087cfbafcee6a55de42e8e37d57ccc5,26.72,8,merkle,63.0,1,246.360,246.360,1,1,2,400,11840,6,75,1,fanout_f32_l16,off,246.360,0,0,246.360,100,100,100,size-scaling-k75-c300-n7000000-f32-k75-c300-fanout_f32_l16-merkle-r0,1,1002,32,1,128,2004,49465.534,300,5920,7000000,1,
2,2,full,6,46522.77747344971,1,0,75,64,1,4,4,150,2004,2004,11840,6,0.141,0,0,0,0,300,mixed,1002,1,49529.006,size-scaling-k75-c300,32,0,1002,64,4,75,1,1,0,0,0,0,0,0,0,0,0,0,0,0,0,0,0,0,0,0,0,0,0,0,0,0,0,0,0,0,0,0,0,0,0,0,0,0,0,0,0,0,0,0,0,0,0,0,0,0,0,0,0,0,0,0,0,0,0,0,0,0,0,0,0,0,0,0,0,0,0,0,0,0,0,0,0,0,0,0,0,0,0,0,0,0,0,0,0,0,0,0,0,0,0,0,0,0,0,0,0,0,0,0,0,0,0,0,0,0,0,0,0,0,0,0,0,0,0,0,0,0,0,0,0,0,0,17760,0,5920,5920,5920,1,0,1,200,200,0,0,0,0,0,17760,0,5920,5920,5920,1,0,1,200,200,,,,,,,,,,,,,,,,,,,,,,,,,,,,,,,,,,,,,,,,,,,,,,,,,,,,,,,,,,,,,,,,,,,,,,,,,,,,,,,,,,,,,,,,,,,,,,,,,,,,,,,,,,,,,,,,,,,,,,,,,,,,,,,,,,,,,,,,,,,,,,,,,,,,,,,,,,,,,,,,,,,,,,,,,,,,,,,,,,,,,887.137,891.546,79d5cd8b93f97e2feff3a255058876ca4087cfbafcee6a55de42e8e37d57ccc5,26.72,8,merkle,63.0,1,226.532,226.532,1,1,2,400,11840,6,75,1,fanout_f32_l16,off,226.532,0,1,226.532,100,100,100,size-scaling-k75-c300-n7000000-f32-k75-c300-fanout_f32_l16-merkle-r1,1,1002,32,1,128,2004,49529.006,300,5920,7000000,1,
2,2,full,6,46642.44753789902,1,0,75,64,1,4,4,150,2004,2004,11840,6,0.141,0,0,0,0,300,mixed,1002,1,49648.528,size-scaling-k75-c300,32,0,1002,64,4,75,1,1,0,0,0,0,0,0,0,0,0,0,0,0,0,0,0,0,0,0,0,0,0,0,0,0,0,0,0,0,0,0,0,0,0,0,0,0,0,0,0,0,0,0,0,0,0,0,0,0,0,0,0,0,0,0,0,0,0,0,0,0,0,0,0,0,0,0,0,0,0,0,0,0,0,0,0,0,0,0,0,0,0,0,0,0,0,0,0,0,0,0,0,0,0,0,0,0,0,0,0,0,0,0,0,0,0,0,0,0,0,0,0,0,0,0,0,0,0,0,0,0,0,0,0,0,0,17760,0,5920,5920,5920,1,0,1,200,200,0,0,0,0,0,17760,0,5920,5920,5920,1,0,1,200,200,,,,,,,,,,,,,,,,,,,,,,,,,,,,,,,,,,,,,,,,,,,,,,,,,,,,,,,,,,,,,,,,,,,,,,,,,,,,,,,,,,,,,,,,,,,,,,,,,,,,,,,,,,,,,,,,,,,,,,,,,,,,,,,,,,,,,,,,,,,,,,,,,,,,,,,,,,,,,,,,,,,,,,,,,,,,,,,,,,,,,887.007,891.597,79d5cd8b93f97e2feff3a255058876ca4087cfbafcee6a55de42e8e37d57ccc5,26.72,8,merkle,63.0,1,225.498,225.498,1,1,2,400,11840,6,75,1,fanout_f32_l16,off,225.498,0,2,225.498,100,100,100,size-scaling-k75-c300-n7000000-f32-k75-c300-fanout_f32_l16-merkle-r2,1,1002,32,1,128,2004,49648.528,300,5920,7000000,1,
2,2,full,6,46657.22731304169,1,0,75,64,1,4,4,150,2004,2004,11840,6,0.141,0,0,0,0,300,mixed,1002,1,49663.700,size-scaling-k75-c300,32,0,1002,64,4,75,1,1,0,0,0,0,0,0,0,0,0,0,0,0,0,0,0,0,0,0,0,0,0,0,0,0,0,0,0,0,0,0,0,0,0,0,0,0,0,0,0,0,0,0,0,0,0,0,0,0,0,0,0,0,0,0,0,0,0,0,0,0,0,0,0,0,0,0,0,0,0,0,0,0,0,0,0,0,0,0,0,0,0,0,0,0,0,0,0,0,0,0,0,0,0,0,0,0,0,0,0,0,0,0,0,0,0,0,0,0,0,0,0,0,0,0,0,0,0,0,0,0,0,0,0,0,0,17760,0,5920,5920,5920,1,0,1,200,200,0,0,0,0,0,17760,0,5920,5920,5920,1,0,1,200,200,,,,,,,,,,,,,,,,,,,,,,,,,,,,,,,,,,,,,,,,,,,,,,,,,,,,,,,,,,,,,,,,,,,,,,,,,,,,,,,,,,,,,,,,,,,,,,,,,,,,,,,,,,,,,,,,,,,,,,,,,,,,,,,,,,,,,,,,,,,,,,,,,,,,,,,,,,,,,,,,,,,,,,,,,,,,,,,,,,,,,886.911,891.523,79d5cd8b93f97e2feff3a255058876ca4087cfbafcee6a55de42e8e37d57ccc5,26.72,8,merkle,63.0,1,225.686,225.686,1,1,2,400,11840,6,75,1,fanout_f32_l16,off,225.686,0,3,225.686,100,100,100,size-scaling-k75-c300-n7000000-f32-k75-c300-fanout_f32_l16-merkle-r3,1,1002,32,1,128,2004,49663.700,300,5920,7000000,1,
2,2,full,6,46531.76696681976,1,0,75,64,1,4,4,150,2004,2004,11840,6,0.144,0,0,0,0,300,mixed,1002,1,49550.902,size-scaling-k75-c300,32,0,1002,64,4,75,1,1,0,0,0,0,0,0,0,0,0,0,0,0,0,0,0,0,0,0,0,0,0,0,0,0,0,0,0,0,0,0,0,0,0,0,0,0,0,0,0,0,0,0,0,0,0,0,0,0,0,0,0,0,0,0,0,0,0,0,0,0,0,0,0,0,0,0,0,0,0,0,0,0,0,0,0,0,0,0,0,0,0,0,0,0,0,0,0,0,0,0,0,0,0,0,0,0,0,0,0,0,0,0,0,0,0,0,0,0,0,0,0,0,0,0,0,0,0,0,0,0,0,0,0,0,0,17760,0,5920,5920,5920,1,0,1,200,200,0,0,0,0,0,17760,0,5920,5920,5920,1,0,1,200,200,,,,,,,,,,,,,,,,,,,,,,,,,,,,,,,,,,,,,,,,,,,,,,,,,,,,,,,,,,,,,,,,,,,,,,,,,,,,,,,,,,,,,,,,,,,,,,,,,,,,,,,,,,,,,,,,,,,,,,,,,,,,,,,,,,,,,,,,,,,,,,,,,,,,,,,,,,,,,,,,,,,,,,,,,,,,,,,,,,,,,887.118,891.828,79d5cd8b93f97e2feff3a255058876ca4087cfbafcee6a55de42e8e37d57ccc5,26.72,8,merkle,63.0,1,239.204,239.204,1,1,2,400,11840,6,75,1,fanout_f32_l16,off,239.204,0,4,239.204,100,100,100,size-scaling-k75-c300-n7000000-f32-k75-c300-fanout_f32_l16-merkle-r4,1,1002,32,1,128,2004,49550.902,300,5920,7000000,1,
2,2,full,6,46753.15845680237,1,0,75,64,1,4,4,150,2004,2004,11840,6,0.147,0,0,0,0,300,mixed,1002,1,49766.281,size-scaling-k75-c300,32,0,1002,64,4,75,1,1,0,0,0,0,0,0,0,0,0,0,0,0,0,0,0,0,0,0,0,0,0,0,0,0,0,0,0,0,0,0,0,0,0,0,0,0,0,0,0,0,0,0,0,0,0,0,0,0,0,0,0,0,0,0,0,0,0,0,0,0,0,0,0,0,0,0,0,0,0,0,0,0,0,0,0,0,0,0,0,0,0,0,0,0,0,0,0,0,0,0,0,0,0,0,0,0,0,0,0,0,0,0,0,0,0,0,0,0,0,0,0,0,0,0,0,0,0,0,0,0,0,0,0,0,0,17760,0,5920,5920,5920,1,0,1,200,200,0,0,0,0,0,17760,0,5920,5920,5920,1,0,1,200,200,,,,,,,,,,,,,,,,,,,,,,,,,,,,,,,,,,,,,,,,,,,,,,,,,,,,,,,,,,,,,,,,,,,,,,,,,,,,,,,,,,,,,,,,,,,,,,,,,,,,,,,,,,,,,,,,,,,,,,,,,,,,,,,,,,,,,,,,,,,,,,,,,,,,,,,,,,,,,,,,,,,,,,,,,,,,,,,,,,,,,886.582,890.959,79d5cd8b93f97e2feff3a255058876ca4087cfbafcee6a55de42e8e37d57ccc5,26.72,8,merkle,63.0,1,233.526,233.526,1,1,2,400,11840,6,75,1,fanout_f32_l16,off,233.526,0,5,233.526,100,100,100,size-scaling-k75-c300-n7000000-f32-k75-c300-fanout_f32_l16-merkle-r5,1,1002,32,1,128,2004,49766.281,300,5920,7000000,1,
2,2,full,6,46520.02160072327,1,0,75,64,1,4,4,150,2004,2004,11840,6,0.197,0,0,0,0,300,mixed,1002,1,49526.408,size-scaling-k75-c300,32,0,1002,64,4,75,1,1,0,0,0,0,0,0,0,0,0,0,0,0,0,0,0,0,0,0,0,0,0,0,0,0,0,0,0,0,0,0,0,0,0,0,0,0,0,0,0,0,0,0,0,0,0,0,0,0,0,0,0,0,0,0,0,0,0,0,0,0,0,0,0,0,0,0,0,0,0,0,0,0,0,0,0,0,0,0,0,0,0,0,0,0,0,0,0,0,0,0,0,0,0,0,0,0,0,0,0,0,0,0,0,0,0,0,0,0,0,0,0,0,0,0,0,0,0,0,0,0,0,0,0,0,0,17760,0,5920,5920,5920,1,0,1,200,200,0,0,0,0,0,17760,0,5920,5920,5920,1,0,1,200,200,,,,,,,,,,,,,,,,,,,,,,,,,,,,,,,,,,,,,,,,,,,,,,,,,,,,,,,,,,,,,,,,,,,,,,,,,,,,,,,,,,,,,,,,,,,,,,,,,,,,,,,,,,,,,,,,,,,,,,,,,,,,,,,,,,,,,,,,,,,,,,,,,,,,,,,,,,,,,,,,,,,,,,,,,,,,,,,,,,,,,886.999,891.487,79d5cd8b93f97e2feff3a255058876ca4087cfbafcee6a55de42e8e37d57ccc5,26.72,8,merkle,63.0,1,226.605,226.605,1,1,2,400,11840,6,75,1,fanout_f32_l16,off,226.605,0,6,226.605,100,100,100,size-scaling-k75-c300-n7000000-f32-k75-c300-fanout_f32_l16-merkle-r6,1,1002,32,1,128,2004,49526.408,300,5920,7000000,1,
2,2,full,6,46754.92425918579,1,0,75,64,1,4,4,150,2004,2004,11840,6,0.144,0,0,0,0,300,mixed,1002,1,49775.523,size-scaling-k75-c300,32,0,1002,64,4,75,1,1,0,0,0,0,0,0,0,0,0,0,0,0,0,0,0,0,0,0,0,0,0,0,0,0,0,0,0,0,0,0,0,0,0,0,0,0,0,0,0,0,0,0,0,0,0,0,0,0,0,0,0,0,0,0,0,0,0,0,0,0,0,0,0,0,0,0,0,0,0,0,0,0,0,0,0,0,0,0,0,0,0,0,0,0,0,0,0,0,0,0,0,0,0,0,0,0,0,0,0,0,0,0,0,0,0,0,0,0,0,0,0,0,0,0,0,0,0,0,0,0,0,0,0,0,0,17760,0,5920,5920,5920,1,0,1,200,200,0,0,0,0,0,17760,0,5920,5920,5920,1,0,1,200,200,,,,,,,,,,,,,,,,,,,,,,,,,,,,,,,,,,,,,,,,,,,,,,,,,,,,,,,,,,,,,,,,,,,,,,,,,,,,,,,,,,,,,,,,,,,,,,,,,,,,,,,,,,,,,,,,,,,,,,,,,,,,,,,,,,,,,,,,,,,,,,,,,,,,,,,,,,,,,,,,,,,,,,,,,,,,,,,,,,,,,887.071,891.721,79d5cd8b93f97e2feff3a255058876ca4087cfbafcee6a55de42e8e37d57ccc5,26.72,8,merkle,63.0,1,240.134,240.134,1,1,2,400,11840,6,75,1,fanout_f32_l16,off,240.134,0,7,240.134,100,100,100,size-scaling-k75-c300-n7000000-f32-k75-c300-fanout_f32_l16-merkle-r7,1,1002,32,1,128,2004,49775.523,300,5920,7000000,1,
2,2,full,6,46432.639211177826,1,0,75,64,1,4,4,150,2004,2004,11840,6,0.142,0,0,0,0,300,mixed,1002,1,49458.461,size-scaling-k75-c300,32,0,1002,64,4,75,1,1,0,0,0,0,0,0,0,0,0,0,0,0,0,0,0,0,0,0,0,0,0,0,0,0,0,0,0,0,0,0,0,0,0,0,0,0,0,0,0,0,0,0,0,0,0,0,0,0,0,0,0,0,0,0,0,0,0,0,0,0,0,0,0,0,0,0,0,0,0,0,0,0,0,0,0,0,0,0,0,0,0,0,0,0,0,0,0,0,0,0,0,0,0,0,0,0,0,0,0,0,0,0,0,0,0,0,0,0,0,0,0,0,0,0,0,0,0,0,0,0,0,0,0,0,0,17760,0,5920,5920,5920,1,0,1,200,200,0,0,0,0,0,17760,0,5920,5920,5920,1,0,1,200,200,,,,,,,,,,,,,,,,,,,,,,,,,,,,,,,,,,,,,,,,,,,,,,,,,,,,,,,,,,,,,,,,,,,,,,,,,,,,,,,,,,,,,,,,,,,,,,,,,,,,,,,,,,,,,,,,,,,,,,,,,,,,,,,,,,,,,,,,,,,,,,,,,,,,,,,,,,,,,,,,,,,,,,,,,,,,,,,,,,,,,887.235,891.941,79d5cd8b93f97e2feff3a255058876ca4087cfbafcee6a55de42e8e37d57ccc5,26.72,8,merkle,63.0,1,245.290,245.290,1,1,2,400,11840,6,75,1,fanout_f32_l16,off,245.290,0,8,245.290,100,100,100,size-scaling-k75-c300-n7000000-f32-k75-c300-fanout_f32_l16-merkle-r8,1,1002,32,1,128,2004,49458.461,300,5920,7000000,1,
2,2,full,6,46901.51129245758,1,0,75,64,1,4,4,150,2004,2004,11840,6,0.145,0,0,0,0,300,mixed,1002,1,49909.228,size-scaling-k75-c300,32,0,1002,64,4,75,1,1,0,0,0,0,0,0,0,0,0,0,0,0,0,0,0,0,0,0,0,0,0,0,0,0,0,0,0,0,0,0,0,0,0,0,0,0,0,0,0,0,0,0,0,0,0,0,0,0,0,0,0,0,0,0,0,0,0,0,0,0,0,0,0,0,0,0,0,0,0,0,0,0,0,0,0,0,0,0,0,0,0,0,0,0,0,0,0,0,0,0,0,0,0,0,0,0,0,0,0,0,0,0,0,0,0,0,0,0,0,0,0,0,0,0,0,0,0,0,0,0,0,0,0,0,0,17760,0,5920,5920,5920,1,0,1,200,200,0,0,0,0,0,17760,0,5920,5920,5920,1,0,1,200,200,,,,,,,,,,,,,,,,,,,,,,,,,,,,,,,,,,,,,,,,,,,,,,,,,,,,,,,,,,,,,,,,,,,,,,,,,,,,,,,,,,,,,,,,,,,,,,,,,,,,,,,,,,,,,,,,,,,,,,,,,,,,,,,,,,,,,,,,,,,,,,,,,,,,,,,,,,,,,,,,,,,,,,,,,,,,,,,,,,,,,886.832,891.409,79d5cd8b93f97e2feff3a255058876ca4087cfbafcee6a55de42e8e37d57ccc5,26.72,8,merkle,63.0,1,227.668,227.668,1,1,2,400,11840,6,75,1,fanout_f32_l16,off,227.668,0,9,227.668,100,100,100,size-scaling-k75-c300-n7000000-f32-k75-c300-fanout_f32_l16-merkle-r9,1,1002,32,1,128,2004,49909.228,300,5920,7000000,1,
2,2,full,6,7331.345908164978,1,0,75,55,1,4,4,150,830,830,8256,4,0.149,0,0,0,0,300,mixed,415,1,10334.739,size-scaling-k75-c300,32,0,415,64,4,75,1,1,0,0,0,0,0,0,0,0,0,0,0,0,0,0,0,0,0,0,0,0,0,0,0,0,0,0,0,0,0,0,0,0,0,0,0,0,0,0,0,0,0,0,0,0,0,0,0,0,0,0,0,0,0,0,0,0,0,0,0,0,0,0,0,0,0,0,0,0,0,0,0,0,0,0,0,0,0,0,0,0,0,0,0,0,0,0,0,0,0,0,0,0,0,0,0,0,0,0,0,0,0,0,0,0,0,0,0,0,0,0,0,0,0,0,0,0,0,0,0,0,0,0,0,0,0,0,0,0,0,0,0,0,0,0,0,0,0,0,0,0,0,0,0,0,0,0,0,0,0,0,0,0,0,0,0,12384,0,4128,4128,4128,1,0,1,200,200,0,0,0,0,0,12384,0,4128,4128,4128,1,0,1,200,200,,,,,,,,,,,,,,,,,,,,,,,,,,,,,,,,,,,,,,,,,,,,,,,,,,,,,,,,,,,,,,,,,,,,,,,,,,,,,,,,,,,,,,,,,,,,,,,,,,,,,,,,,,,,,,,,,,,,,,,,,,,,,,,,,,,,,,,,,,,,,,,,,,,,,,,938.598,943.81,c5fc952a36af75b4db405eca4f8916c3f048f1b32bf7b4384ad00a7c39388ea3,11.066666666666666,8,merkle,17.0,1,171.332,171.332,1,1,2,400,8256,4,75,1,fanout_f32_l16,off,171.332,0,0,171.332,100,100,100,size-scaling-k75-c300-n1000000-f32-k75-c300-fanout_f32_l16-merkle-r0,1,415,32,1,110,830,10334.739,300,4128,1000000,1,
2,2,full,6,7334.847945690155,1,0,75,55,1,4,4,150,830,830,8256,4,0.145,0,0,0,0,300,mixed,415,1,10337.553,size-scaling-k75-c300,32,0,415,64,4,75,1,1,0,0,0,0,0,0,0,0,0,0,0,0,0,0,0,0,0,0,0,0,0,0,0,0,0,0,0,0,0,0,0,0,0,0,0,0,0,0,0,0,0,0,0,0,0,0,0,0,0,0,0,0,0,0,0,0,0,0,0,0,0,0,0,0,0,0,0,0,0,0,0,0,0,0,0,0,0,0,0,0,0,0,0,0,0,0,0,0,0,0,0,0,0,0,0,0,0,0,0,0,0,0,0,0,0,0,0,0,0,0,0,0,0,0,0,0,0,0,0,0,0,0,0,0,0,0,0,0,0,0,0,0,0,0,0,0,0,0,0,0,0,0,0,0,0,0,0,0,0,0,0,0,0,0,0,12384,0,4128,4128,4128,1,0,1,200,200,0,0,0,0,0,12384,0,4128,4128,4128,1,0,1,200,200,,,,,,,,,,,,,,,,,,,,,,,,,,,,,,,,,,,,,,,,,,,,,,,,,,,,,,,,,,,,,,,,,,,,,,,,,,,,,,,,,,,,,,,,,,,,,,,,,,,,,,,,,,,,,,,,,,,,,,,,,,,,,,,,,,,,,,,,,,,,,,,,,,,,,,,937.993,943.151,c5fc952a36af75b4db405eca4f8916c3f048f1b32bf7b4384ad00a7c39388ea3,11.066666666666666,8,merkle,17.0,1,170.953,170.953,1,1,2,400,8256,4,75,1,fanout_f32_l16,off,170.953,0,1,170.953,100,100,100,size-scaling-k75-c300-n1000000-f32-k75-c300-fanout_f32_l16-merkle-r1,1,415,32,1,110,830,10337.553,300,4128,1000000,1,
2,2,full,6,7321.665153980255,1,0,75,55,1,4,4,150,830,830,8256,4,0.160,0,0,0,0,300,mixed,415,1,10327.574,size-scaling-k75-c300,32,0,415,64,4,75,1,1,0,0,0,0,0,0,0,0,0,0,0,0,0,0,0,0,0,0,0,0,0,0,0,0,0,0,0,0,0,0,0,0,0,0,0,0,0,0,0,0,0,0,0,0,0,0,0,0,0,0,0,0,0,0,0,0,0,0,0,0,0,0,0,0,0,0,0,0,0,0,0,0,0,0,0,0,0,0,0,0,0,0,0,0,0,0,0,0,0,0,0,0,0,0,0,0,0,0,0,0,0,0,0,0,0,0,0,0,0,0,0,0,0,0,0,0,0,0,0,0,0,0,0,0,0,0,0,0,0,0,0,0,0,0,0,0,0,0,0,0,0,0,0,0,0,0,0,0,0,0,0,0,0,0,0,12384,0,4128,4128,4128,1,0,1,200,200,0,0,0,0,0,12384,0,4128,4128,4128,1,0,1,200,200,,,,,,,,,,,,,,,,,,,,,,,,,,,,,,,,,,,,,,,,,,,,,,,,,,,,,,,,,,,,,,,,,,,,,,,,,,,,,,,,,,,,,,,,,,,,,,,,,,,,,,,,,,,,,,,,,,,,,,,,,,,,,,,,,,,,,,,,,,,,,,,,,,,,,,,938.158,943.383,c5fc952a36af75b4db405eca4f8916c3f048f1b32bf7b4384ad00a7c39388ea3,11.066666666666666,8,merkle,17.0,1,173.073,173.073,1,1,2,400,8256,4,75,1,fanout_f32_l16,off,173.073,0,2,173.073,100,100,100,size-scaling-k75-c300-n1000000-f32-k75-c300-fanout_f32_l16-merkle-r2,1,415,32,1,110,830,10327.574,300,4128,1000000,1,
2,2,full,6,7332.685645580292,1,0,75,55,1,4,4,150,830,830,8256,4,0.146,0,0,0,0,300,mixed,415,1,10337.475,size-scaling-k75-c300,32,0,415,64,4,75,1,1,0,0,0,0,0,0,0,0,0,0,0,0,0,0,0,0,0,0,0,0,0,0,0,0,0,0,0,0,0,0,0,0,0,0,0,0,0,0,0,0,0,0,0,0,0,0,0,0,0,0,0,0,0,0,0,0,0,0,0,0,0,0,0,0,0,0,0,0,0,0,0,0,0,0,0,0,0,0,0,0,0,0,0,0,0,0,0,0,0,0,0,0,0,0,0,0,0,0,0,0,0,0,0,0,0,0,0,0,0,0,0,0,0,0,0,0,0,0,0,0,0,0,0,0,0,0,0,0,0,0,0,0,0,0,0,0,0,0,0,0,0,0,0,0,0,0,0,0,0,0,0,0,0,0,0,12384,0,4128,4128,4128,1,0,1,200,200,0,0,0,0,0,12384,0,4128,4128,4128,1,0,1,200,200,,,,,,,,,,,,,,,,,,,,,,,,,,,,,,,,,,,,,,,,,,,,,,,,,,,,,,,,,,,,,,,,,,,,,,,,,,,,,,,,,,,,,,,,,,,,,,,,,,,,,,,,,,,,,,,,,,,,,,,,,,,,,,,,,,,,,,,,,,,,,,,,,,,,,,,938.184,943.32,c5fc952a36af75b4db405eca4f8916c3f048f1b32bf7b4384ad00a7c39388ea3,11.066666666666666,8,merkle,17.0,1,171.988,171.988,1,1,2,400,8256,4,75,1,fanout_f32_l16,off,171.988,0,3,171.988,100,100,100,size-scaling-k75-c300-n1000000-f32-k75-c300-fanout_f32_l16-merkle-r3,1,415,32,1,110,830,10337.475,300,4128,1000000,1,
2,2,full,6,7337.255616188049,1,0,75,55,1,4,4,150,830,830,8256,4,0.150,0,0,0,0,300,mixed,415,1,10341.923,size-scaling-k75-c300,32,0,415,64,4,75,1,1,0,0,0,0,0,0,0,0,0,0,0,0,0,0,0,0,0,0,0,0,0,0,0,0,0,0,0,0,0,0,0,0,0,0,0,0,0,0,0,0,0,0,0,0,0,0,0,0,0,0,0,0,0,0,0,0,0,0,0,0,0,0,0,0,0,0,0,0,0,0,0,0,0,0,0,0,0,0,0,0,0,0,0,0,0,0,0,0,0,0,0,0,0,0,0,0,0,0,0,0,0,0,0,0,0,0,0,0,0,0,0,0,0,0,0,0,0,0,0,0,0,0,0,0,0,0,0,0,0,0,0,0,0,0,0,0,0,0,0,0,0,0,0,0,0,0,0,0,0,0,0,0,0,0,0,12384,0,4128,4128,4128,1,0,1,200,200,0,0,0,0,0,12384,0,4128,4128,4128,1,0,1,200,200,,,,,,,,,,,,,,,,,,,,,,,,,,,,,,,,,,,,,,,,,,,,,,,,,,,,,,,,,,,,,,,,,,,,,,,,,,,,,,,,,,,,,,,,,,,,,,,,,,,,,,,,,,,,,,,,,,,,,,,,,,,,,,,,,,,,,,,,,,,,,,,,,,,,,,,938.29,943.455,c5fc952a36af75b4db405eca4f8916c3f048f1b32bf7b4384ad00a7c39388ea3,11.066666666666666,8,merkle,17.0,1,171.027,171.027,1,1,2,400,8256,4,75,1,fanout_f32_l16,off,171.027,0,4,171.027,100,100,100,size-scaling-k75-c300-n1000000-f32-k75-c300-fanout_f32_l16-merkle-r4,1,415,32,1,110,830,10341.923,300,4128,1000000,1,
2,2,full,6,7352.749642372131,1,0,75,55,1,4,4,150,830,830,8256,4,0.145,0,0,0,0,300,mixed,415,1,10356.176,size-scaling-k75-c300,32,0,415,64,4,75,1,1,0,0,0,0,0,0,0,0,0,0,0,0,0,0,0,0,0,0,0,0,0,0,0,0,0,0,0,0,0,0,0,0,0,0,0,0,0,0,0,0,0,0,0,0,0,0,0,0,0,0,0,0,0,0,0,0,0,0,0,0,0,0,0,0,0,0,0,0,0,0,0,0,0,0,0,0,0,0,0,0,0,0,0,0,0,0,0,0,0,0,0,0,0,0,0,0,0,0,0,0,0,0,0,0,0,0,0,0,0,0,0,0,0,0,0,0,0,0,0,0,0,0,0,0,0,0,0,0,0,0,0,0,0,0,0,0,0,0,0,0,0,0,0,0,0,0,0,0,0,0,0,0,0,0,0,12384,0,4128,4128,4128,1,0,1,200,200,0,0,0,0,0,12384,0,4128,4128,4128,1,0,1,200,200,,,,,,,,,,,,,,,,,,,,,,,,,,,,,,,,,,,,,,,,,,,,,,,,,,,,,,,,,,,,,,,,,,,,,,,,,,,,,,,,,,,,,,,,,,,,,,,,,,,,,,,,,,,,,,,,,,,,,,,,,,,,,,,,,,,,,,,,,,,,,,,,,,,,,,,938.06,943.292,c5fc952a36af75b4db405eca4f8916c3f048f1b32bf7b4384ad00a7c39388ea3,11.066666666666666,8,merkle,17.0,1,170.682,170.682,1,1,2,400,8256,4,75,1,fanout_f32_l16,off,170.682,0,5,170.682,100,100,100,size-scaling-k75-c300-n1000000-f32-k75-c300-fanout_f32_l16-merkle-r5,1,415,32,1,110,830,10356.176,300,4128,1000000,1,
2,2,full,6,7318.224429130554,1,0,75,55,1,4,4,150,830,830,8256,4,0.144,0,0,0,0,300,mixed,415,1,10333.496,size-scaling-k75-c300,32,0,415,64,4,75,1,1,0,0,0,0,0,0,0,0,0,0,0,0,0,0,0,0,0,0,0,0,0,0,0,0,0,0,0,0,0,0,0,0,0,0,0,0,0,0,0,0,0,0,0,0,0,0,0,0,0,0,0,0,0,0,0,0,0,0,0,0,0,0,0,0,0,0,0,0,0,0,0,0,0,0,0,0,0,0,0,0,0,0,0,0,0,0,0,0,0,0,0,0,0,0,0,0,0,0,0,0,0,0,0,0,0,0,0,0,0,0,0,0,0,0,0,0,0,0,0,0,0,0,0,0,0,0,0,0,0,0,0,0,0,0,0,0,0,0,0,0,0,0,0,0,0,0,0,0,0,0,0,0,0,0,0,12384,0,4128,4128,4128,1,0,1,200,200,0,0,0,0,0,12384,0,4128,4128,4128,1,0,1,200,200,,,,,,,,,,,,,,,,,,,,,,,,,,,,,,,,,,,,,,,,,,,,,,,,,,,,,,,,,,,,,,,,,,,,,,,,,,,,,,,,,,,,,,,,,,,,,,,,,,,,,,,,,,,,,,,,,,,,,,,,,,,,,,,,,,,,,,,,,,,,,,,,,,,,,,,938.095,943.342,c5fc952a36af75b4db405eca4f8916c3f048f1b32bf7b4384ad00a7c39388ea3,11.066666666666666,8,merkle,17.0,1,182.734,182.734,1,1,2,400,8256,4,75,1,fanout_f32_l16,off,182.734,0,6,182.734,100,100,100,size-scaling-k75-c300-n1000000-f32-k75-c300-fanout_f32_l16-merkle-r6,1,415,32,1,110,830,10333.496,300,4128,1000000,1,
2,2,full,6,7308.232364177704,1,0,75,55,1,4,4,150,830,830,8256,4,0.147,0,0,0,0,300,mixed,415,1,10311.501,size-scaling-k75-c300,32,0,415,64,4,75,1,1,0,0,0,0,0,0,0,0,0,0,0,0,0,0,0,0,0,0,0,0,0,0,0,0,0,0,0,0,0,0,0,0,0,0,0,0,0,0,0,0,0,0,0,0,0,0,0,0,0,0,0,0,0,0,0,0,0,0,0,0,0,0,0,0,0,0,0,0,0,0,0,0,0,0,0,0,0,0,0,0,0,0,0,0,0,0,0,0,0,0,0,0,0,0,0,0,0,0,0,0,0,0,0,0,0,0,0,0,0,0,0,0,0,0,0,0,0,0,0,0,0,0,0,0,0,0,0,0,0,0,0,0,0,0,0,0,0,0,0,0,0,0,0,0,0,0,0,0,0,0,0,0,0,0,0,12384,0,4128,4128,4128,1,0,1,200,200,0,0,0,0,0,12384,0,4128,4128,4128,1,0,1,200,200,,,,,,,,,,,,,,,,,,,,,,,,,,,,,,,,,,,,,,,,,,,,,,,,,,,,,,,,,,,,,,,,,,,,,,,,,,,,,,,,,,,,,,,,,,,,,,,,,,,,,,,,,,,,,,,,,,,,,,,,,,,,,,,,,,,,,,,,,,,,,,,,,,,,,,,937.541,942.482,c5fc952a36af75b4db405eca4f8916c3f048f1b32bf7b4384ad00a7c39388ea3,11.066666666666666,8,merkle,17.0,1,171.927,171.927,1,1,2,400,8256,4,75,1,fanout_f32_l16,off,171.927,0,7,171.927,100,100,100,size-scaling-k75-c300-n1000000-f32-k75-c300-fanout_f32_l16-merkle-r7,1,415,32,1,110,830,10311.501,300,4128,1000000,1,
2,2,full,6,7344.34904384613,1,0,75,55,1,4,4,150,830,830,8256,4,0.148,0,0,0,0,300,mixed,415,1,10349.688,size-scaling-k75-c300,32,0,415,64,4,75,1,1,0,0,0,0,0,0,0,0,0,0,0,0,0,0,0,0,0,0,0,0,0,0,0,0,0,0,0,0,0,0,0,0,0,0,0,0,0,0,0,0,0,0,0,0,0,0,0,0,0,0,0,0,0,0,0,0,0,0,0,0,0,0,0,0,0,0,0,0,0,0,0,0,0,0,0,0,0,0,0,0,0,0,0,0,0,0,0,0,0,0,0,0,0,0,0,0,0,0,0,0,0,0,0,0,0,0,0,0,0,0,0,0,0,0,0,0,0,0,0,0,0,0,0,0,0,0,0,0,0,0,0,0,0,0,0,0,0,0,0,0,0,0,0,0,0,0,0,0,0,0,0,0,0,0,0,12384,0,4128,4128,4128,1,0,1,200,200,0,0,0,0,0,12384,0,4128,4128,4128,1,0,1,200,200,,,,,,,,,,,,,,,,,,,,,,,,,,,,,,,,,,,,,,,,,,,,,,,,,,,,,,,,,,,,,,,,,,,,,,,,,,,,,,,,,,,,,,,,,,,,,,,,,,,,,,,,,,,,,,,,,,,,,,,,,,,,,,,,,,,,,,,,,,,,,,,,,,,,,,,938.348,943.557,c5fc952a36af75b4db405eca4f8916c3f048f1b32bf7b4384ad00a7c39388ea3,11.066666666666666,8,merkle,17.0,1,172.998,172.998,1,1,2,400,8256,4,75,1,fanout_f32_l16,off,172.998,0,8,172.998,100,100,100,size-scaling-k75-c300-n1000000-f32-k75-c300-fanout_f32_l16-merkle-r8,1,415,32,1,110,830,10349.688,300,4128,1000000,1,
2,2,full,6,7365.167269229889,1,0,75,55,1,4,4,150,830,830,8256,4,0.146,0,0,0,0,300,mixed,415,1,10369.214,size-scaling-k75-c300,32,0,415,64,4,75,1,1,0,0,0,0,0,0,0,0,0,0,0,0,0,0,0,0,0,0,0,0,0,0,0,0,0,0,0,0,0,0,0,0,0,0,0,0,0,0,0,0,0,0,0,0,0,0,0,0,0,0,0,0,0,0,0,0,0,0,0,0,0,0,0,0,0,0,0,0,0,0,0,0,0,0,0,0,0,0,0,0,0,0,0,0,0,0,0,0,0,0,0,0,0,0,0,0,0,0,0,0,0,0,0,0,0,0,0,0,0,0,0,0,0,0,0,0,0,0,0,0,0,0,0,0,0,0,0,0,0,0,0,0,0,0,0,0,0,0,0,0,0,0,0,0,0,0,0,0,0,0,0,0,0,0,0,12384,0,4128,4128,4128,1,0,1,200,200,0,0,0,0,0,12384,0,4128,4128,4128,1,0,1,200,200,,,,,,,,,,,,,,,,,,,,,,,,,,,,,,,,,,,,,,,,,,,,,,,,,,,,,,,,,,,,,,,,,,,,,,,,,,,,,,,,,,,,,,,,,,,,,,,,,,,,,,,,,,,,,,,,,,,,,,,,,,,,,,,,,,,,,,,,,,,,,,,,,,,,,,,938.529,943.547,c5fc952a36af75b4db405eca4f8916c3f048f1b32bf7b4384ad00a7c39388ea3,11.066666666666666,8,merkle,17.0,1,171.784,171.784,1,1,2,400,8256,4,75,1,fanout_f32_l16,off,171.784,0,9,171.784,100,100,100,size-scaling-k75-c300-n1000000-f32-k75-c300-fanout_f32_l16-merkle-r9,1,415,32,1,110,830,10369.214,300,4128,1000000,1,
2,2,full,6,98531.9375538826,1,0,75,63,1,4,4,150,698,698,13632,6,0.147,0,0,0,0,300,mixed,349,1,101539.012,size-scaling-k75-c300,32,0,349,64,4,75,1,1,0,0,0,0,0,0,0,0,0,0,0,0,0,0,0,0,0,0,0,0,0,0,0,0,0,0,0,0,0,0,0,0,0,0,0,0,0,0,0,0,0,0,0,0,0,0,0,0,0,0,0,0,0,0,0,0,0,0,0,0,0,0,0,0,0,0,0,0,0,0,0,0,0,0,0,0,0,0,0,0,0,0,0,0,0,0,0,0,0,0,0,0,0,0,0,0,0,0,0,0,0,0,0,0,0,0,0,0,0,0,0,0,0,0,0,0,0,0,0,0,0,0,0,0,0,0,0,0,0,0,0,0,0,0,0,0,0,0,0,0,0,0,0,0,0,0,0,0,0,0,0,0,0,0,0,0,0,0,0,0,0,0,0,0,0,0,0,0,0,0,0,0,0,0,0,0,0,0,0,0,0,0,0,0,0,20448,0,6816,6816,6816,1,0,1,200,200,0,0,0,0,0,20448,0,6816,6816,6816,1,0,1,200,200,,,,,,,,,,,,,,,,,,,,,,,,,,,,,,,,,,,,,,,,,,,,,,,,,,,,,,,,,,,,,,,,,,,,,,,,,,,,,,,,,,,,,,,,,,,,,,,,,,,,,,,,,,,,,,,,,,,,,,,,,886.693,892.37,b73980b6919c7da6c00955d59393f98b568d951736739d4b009ea674691e0ad4,9.306666666666667,8,merkle,13.0,1,225.521,225.521,1,1,2,400,13632,6,75,1,fanout_f32_l16,off,225.521,0,0,225.521,100,100,100,size-scaling-k75-c300-n15000000-f32-k75-c300-fanout_f32_l16-merkle-r0,1,349,32,1,126,698,101539.012,300,6816,15000000,1,
2,2,full,6,99560.05144882202,1,0,75,63,1,4,4,150,698,698,13632,6,0.147,0,0,0,0,300,mixed,349,1,102571.408,size-scaling-k75-c300,32,0,349,64,4,75,1,1,0,0,0,0,0,0,0,0,0,0,0,0,0,0,0,0,0,0,0,0,0,0,0,0,0,0,0,0,0,0,0,0,0,0,0,0,0,0,0,0,0,0,0,0,0,0,0,0,0,0,0,0,0,0,0,0,0,0,0,0,0,0,0,0,0,0,0,0,0,0,0,0,0,0,0,0,0,0,0,0,0,0,0,0,0,0,0,0,0,0,0,0,0,0,0,0,0,0,0,0,0,0,0,0,0,0,0,0,0,0,0,0,0,0,0,0,0,0,0,0,0,0,0,0,0,0,0,0,0,0,0,0,0,0,0,0,0,0,0,0,0,0,0,0,0,0,0,0,0,0,0,0,0,0,0,0,0,0,0,0,0,0,0,0,0,0,0,0,0,0,0,0,0,0,0,0,0,0,0,0,0,0,0,0,0,20448,0,6816,6816,6816,1,0,1,200,200,0,0,0,0,0,20448,0,6816,6816,6816,1,0,1,200,200,,,,,,,,,,,,,,,,,,,,,,,,,,,,,,,,,,,,,,,,,,,,,,,,,,,,,,,,,,,,,,,,,,,,,,,,,,,,,,,,,,,,,,,,,,,,,,,,,,,,,,,,,,,,,,,,,,,,,,,,,887.959,893.797,b73980b6919c7da6c00955d59393f98b568d951736739d4b009ea674691e0ad4,9.306666666666667,8,merkle,13.0,1,226.941,226.941,1,1,2,400,13632,6,75,1,fanout_f32_l16,off,226.941,0,1,226.941,100,100,100,size-scaling-k75-c300-n15000000-f32-k75-c300-fanout_f32_l16-merkle-r1,1,349,32,1,126,698,102571.408,300,6816,15000000,1,
2,2,full,6,99198.17108154297,1,0,75,63,1,4,4,150,698,698,13632,6,0.167,0,0,0,0,300,mixed,349,1,102207.241,size-scaling-k75-c300,32,0,349,64,4,75,1,1,0,0,0,0,0,0,0,0,0,0,0,0,0,0,0,0,0,0,0,0,0,0,0,0,0,0,0,0,0,0,0,0,0,0,0,0,0,0,0,0,0,0,0,0,0,0,0,0,0,0,0,0,0,0,0,0,0,0,0,0,0,0,0,0,0,0,0,0,0,0,0,0,0,0,0,0,0,0,0,0,0,0,0,0,0,0,0,0,0,0,0,0,0,0,0,0,0,0,0,0,0,0,0,0,0,0,0,0,0,0,0,0,0,0,0,0,0,0,0,0,0,0,0,0,0,0,0,0,0,0,0,0,0,0,0,0,0,0,0,0,0,0,0,0,0,0,0,0,0,0,0,0,0,0,0,0,0,0,0,0,0,0,0,0,0,0,0,0,0,0,0,0,0,0,0,0,0,0,0,0,0,0,0,0,0,20448,0,6816,6816,6816,1,0,1,200,200,0,0,0,0,0,20448,0,6816,6816,6816,1,0,1,200,200,,,,,,,,,,,,,,,,,,,,,,,,,,,,,,,,,,,,,,,,,,,,,,,,,,,,,,,,,,,,,,,,,,,,,,,,,,,,,,,,,,,,,,,,,,,,,,,,,,,,,,,,,,,,,,,,,,,,,,,,,887.223,892.944,b73980b6919c7da6c00955d59393f98b568d951736739d4b009ea674691e0ad4,9.306666666666667,8,merkle,13.0,1,226.166,226.166,1,1,2,400,13632,6,75,1,fanout_f32_l16,off,226.166,0,2,226.166,100,100,100,size-scaling-k75-c300-n15000000-f32-k75-c300-fanout_f32_l16-merkle-r2,1,349,32,1,126,698,102207.241,300,6816,15000000,1,
2,2,full,6,98986.30444717407,1,0,75,63,1,4,4,150,698,698,13632,6,0.147,0,0,0,0,300,mixed,349,1,101956.403,size-scaling-k75-c300,32,0,349,64,4,75,1,1,0,0,0,0,0,0,0,0,0,0,0,0,0,0,0,0,0,0,0,0,0,0,0,0,0,0,0,0,0,0,0,0,0,0,0,0,0,0,0,0,0,0,0,0,0,0,0,0,0,0,0,0,0,0,0,0,0,0,0,0,0,0,0,0,0,0,0,0,0,0,0,0,0,0,0,0,0,0,0,0,0,0,0,0,0,0,0,0,0,0,0,0,0,0,0,0,0,0,0,0,0,0,0,0,0,0,0,0,0,0,0,0,0,0,0,0,0,0,0,0,0,0,0,0,0,0,0,0,0,0,0,0,0,0,0,0,0,0,0,0,0,0,0,0,0,0,0,0,0,0,0,0,0,0,0,0,0,0,0,0,0,0,0,0,0,0,0,0,0,0,0,0,0,0,0,0,0,0,0,0,0,0,0,0,0,20448,0,6816,6816,6816,1,0,1,200,200,0,0,0,0,0,20448,0,6816,6816,6816,1,0,1,200,200,,,,,,,,,,,,,,,,,,,,,,,,,,,,,,,,,,,,,,,,,,,,,,,,,,,,,,,,,,,,,,,,,,,,,,,,,,,,,,,,,,,,,,,,,,,,,,,,,,,,,,,,,,,,,,,,,,,,,,,,,836.095,841.498,b73980b6919c7da6c00955d59393f98b568d951736739d4b009ea674691e0ad4,9.306666666666667,8,merkle,13.0,1,238.592,238.592,1,1,2,400,13632,6,75,1,fanout_f32_l16,off,238.592,0,3,238.592,100,100,100,size-scaling-k75-c300-n15000000-f32-k75-c300-fanout_f32_l16-merkle-r3,1,349,32,1,126,698,101956.403,300,6816,15000000,1,
2,2,full,6,98869.93108129501,1,0,75,63,1,4,4,150,698,698,13632,6,0.148,0,0,0,0,300,mixed,349,1,101880.076,size-scaling-k75-c300,32,0,349,64,4,75,1,1,0,0,0,0,0,0,0,0,0,0,0,0,0,0,0,0,0,0,0,0,0,0,0,0,0,0,0,0,0,0,0,0,0,0,0,0,0,0,0,0,0,0,0,0,0,0,0,0,0,0,0,0,0,0,0,0,0,0,0,0,0,0,0,0,0,0,0,0,0,0,0,0,0,0,0,0,0,0,0,0,0,0,0,0,0,0,0,0,0,0,0,0,0,0,0,0,0,0,0,0,0,0,0,0,0,0,0,0,0,0,0,0,0,0,0,0,0,0,0,0,0,0,0,0,0,0,0,0,0,0,0,0,0,0,0,0,0,0,0,0,0,0,0,0,0,0,0,0,0,0,0,0,0,0,0,0,0,0,0,0,0,0,0,0,0,0,0,0,0,0,0,0,0,0,0,0,0,0,0,0,0,0,0,0,0,20448,0,6816,6816,6816,1,0,1,200,200,0,0,0,0,0,20448,0,6816,6816,6816,1,0,1,200,200,,,,,,,,,,,,,,,,,,,,,,,,,,,,,,,,,,,,,,,,,,,,,,,,,,,,,,,,,,,,,,,,,,,,,,,,,,,,,,,,,,,,,,,,,,,,,,,,,,,,,,,,,,,,,,,,,,,,,,,,,887.225,892.929,b73980b6919c7da6c00955d59393f98b568d951736739d4b009ea674691e0ad4,9.306666666666667,8,merkle,13.0,1,228.062,228.062,1,1,2,400,13632,6,75,1,fanout_f32_l16,off,228.062,0,4,228.062,100,100,100,size-scaling-k75-c300-n15000000-f32-k75-c300-fanout_f32_l16-merkle-r4,1,349,32,1,126,698,101880.076,300,6816,15000000,1,
2,2,full,6,98603.86873197556,1,0,75,63,1,4,4,150,698,698,13632,6,0.146,0,0,0,0,300,mixed,349,1,101573.636,size-scaling-k75-c300,32,0,349,64,4,75,1,1,0,0,0,0,0,0,0,0,0,0,0,0,0,0,0,0,0,0,0,0,0,0,0,0,0,0,0,0,0,0,0,0,0,0,0,0,0,0,0,0,0,0,0,0,0,0,0,0,0,0,0,0,0,0,0,0,0,0,0,0,0,0,0,0,0,0,0,0,0,0,0,0,0,0,0,0,0,0,0,0,0,0,0,0,0,0,0,0,0,0,0,0,0,0,0,0,0,0,0,0,0,0,0,0,0,0,0,0,0,0,0,0,0,0,0,0,0,0,0,0,0,0,0,0,0,0,0,0,0,0,0,0,0,0,0,0,0,0,0,0,0,0,0,0,0,0,0,0,0,0,0,0,0,0,0,0,0,0,0,0,0,0,0,0,0,0,0,0,0,0,0,0,0,0,0,0,0,0,0,0,0,0,0,0,0,20448,0,6816,6816,6816,1,0,1,200,200,0,0,0,0,0,20448,0,6816,6816,6816,1,0,1,200,200,,,,,,,,,,,,,,,,,,,,,,,,,,,,,,,,,,,,,,,,,,,,,,,,,,,,,,,,,,,,,,,,,,,,,,,,,,,,,,,,,,,,,,,,,,,,,,,,,,,,,,,,,,,,,,,,,,,,,,,,,836.403,842.066,b73980b6919c7da6c00955d59393f98b568d951736739d4b009ea674691e0ad4,9.306666666666667,8,merkle,13.0,1,238.573,238.573,1,1,2,400,13632,6,75,1,fanout_f32_l16,off,238.573,0,5,238.573,100,100,100,size-scaling-k75-c300-n15000000-f32-k75-c300-fanout_f32_l16-merkle-r5,1,349,32,1,126,698,101573.636,300,6816,15000000,1,
2,2,full,6,99355.37901306152,1,0,75,63,1,4,4,150,698,698,13632,6,0.150,0,0,0,0,300,mixed,349,1,102318.391,size-scaling-k75-c300,32,0,349,64,4,75,1,1,0,0,0,0,0,0,0,0,0,0,0,0,0,0,0,0,0,0,0,0,0,0,0,0,0,0,0,0,0,0,0,0,0,0,0,0,0,0,0,0,0,0,0,0,0,0,0,0,0,0,0,0,0,0,0,0,0,0,0,0,0,0,0,0,0,0,0,0,0,0,0,0,0,0,0,0,0,0,0,0,0,0,0,0,0,0,0,0,0,0,0,0,0,0,0,0,0,0,0,0,0,0,0,0,0,0,0,0,0,0,0,0,0,0,0,0,0,0,0,0,0,0,0,0,0,0,0,0,0,0,0,0,0,0,0,0,0,0,0,0,0,0,0,0,0,0,0,0,0,0,0,0,0,0,0,0,0,0,0,0,0,0,0,0,0,0,0,0,0,0,0,0,0,0,0,0,0,0,0,0,0,0,0,0,0,20448,0,6816,6816,6816,1,0,1,200,200,0,0,0,0,0,20448,0,6816,6816,6816,1,0,1,200,200,,,,,,,,,,,,,,,,,,,,,,,,,,,,,,,,,,,,,,,,,,,,,,,,,,,,,,,,,,,,,,,,,,,,,,,,,,,,,,,,,,,,,,,,,,,,,,,,,,,,,,,,,,,,,,,,,,,,,,,,,835.859,841.289,b73980b6919c7da6c00955d59393f98b568d951736739d4b009ea674691e0ad4,9.306666666666667,8,merkle,13.0,1,232.244,232.244,1,1,2,400,13632,6,75,1,fanout_f32_l16,off,232.244,0,6,232.244,100,100,100,size-scaling-k75-c300-n15000000-f32-k75-c300-fanout_f32_l16-merkle-r6,1,349,32,1,126,698,102318.391,300,6816,15000000,1,
2,2,full,6,98840.96162557602,1,0,75,63,1,4,4,150,698,698,13632,6,0.146,0,0,0,0,300,mixed,349,1,101850.347,size-scaling-k75-c300,32,0,349,64,4,75,1,1,0,0,0,0,0,0,0,0,0,0,0,0,0,0,0,0,0,0,0,0,0,0,0,0,0,0,0,0,0,0,0,0,0,0,0,0,0,0,0,0,0,0,0,0,0,0,0,0,0,0,0,0,0,0,0,0,0,0,0,0,0,0,0,0,0,0,0,0,0,0,0,0,0,0,0,0,0,0,0,0,0,0,0,0,0,0,0,0,0,0,0,0,0,0,0,0,0,0,0,0,0,0,0,0,0,0,0,0,0,0,0,0,0,0,0,0,0,0,0,0,0,0,0,0,0,0,0,0,0,0,0,0,0,0,0,0,0,0,0,0,0,0,0,0,0,0,0,0,0,0,0,0,0,0,0,0,0,0,0,0,0,0,0,0,0,0,0,0,0,0,0,0,0,0,0,0,0,0,0,0,0,0,0,0,0,20448,0,6816,6816,6816,1,0,1,200,200,0,0,0,0,0,20448,0,6816,6816,6816,1,0,1,200,200,,,,,,,,,,,,,,,,,,,,,,,,,,,,,,,,,,,,,,,,,,,,,,,,,,,,,,,,,,,,,,,,,,,,,,,,,,,,,,,,,,,,,,,,,,,,,,,,,,,,,,,,,,,,,,,,,,,,,,,,,886.963,892.619,b73980b6919c7da6c00955d59393f98b568d951736739d4b009ea674691e0ad4,9.306666666666667,8,merkle,13.0,1,226.977,226.977,1,1,2,400,13632,6,75,1,fanout_f32_l16,off,226.977,0,7,226.977,100,100,100,size-scaling-k75-c300-n15000000-f32-k75-c300-fanout_f32_l16-merkle-r7,1,349,32,1,126,698,101850.347,300,6816,15000000,1,
2,2,full,6,98856.03717899323,1,0,75,63,1,4,4,150,698,698,13632,6,0.148,0,0,0,0,300,mixed,349,1,101864.830,size-scaling-k75-c300,32,0,349,64,4,75,1,1,0,0,0,0,0,0,0,0,0,0,0,0,0,0,0,0,0,0,0,0,0,0,0,0,0,0,0,0,0,0,0,0,0,0,0,0,0,0,0,0,0,0,0,0,0,0,0,0,0,0,0,0,0,0,0,0,0,0,0,0,0,0,0,0,0,0,0,0,0,0,0,0,0,0,0,0,0,0,0,0,0,0,0,0,0,0,0,0,0,0,0,0,0,0,0,0,0,0,0,0,0,0,0,0,0,0,0,0,0,0,0,0,0,0,0,0,0,0,0,0,0,0,0,0,0,0,0,0,0,0,0,0,0,0,0,0,0,0,0,0,0,0,0,0,0,0,0,0,0,0,0,0,0,0,0,0,0,0,0,0,0,0,0,0,0,0,0,0,0,0,0,0,0,0,0,0,0,0,0,0,0,0,0,0,0,20448,0,6816,6816,6816,1,0,1,200,200,0,0,0,0,0,20448,0,6816,6816,6816,1,0,1,200,200,,,,,,,,,,,,,,,,,,,,,,,,,,,,,,,,,,,,,,,,,,,,,,,,,,,,,,,,,,,,,,,,,,,,,,,,,,,,,,,,,,,,,,,,,,,,,,,,,,,,,,,,,,,,,,,,,,,,,,,,,886.568,892.2,b73980b6919c7da6c00955d59393f98b568d951736739d4b009ea674691e0ad4,9.306666666666667,8,merkle,13.0,1,227.125,227.125,1,1,2,400,13632,6,75,1,fanout_f32_l16,off,227.125,0,8,227.125,100,100,100,size-scaling-k75-c300-n15000000-f32-k75-c300-fanout_f32_l16-merkle-r8,1,349,32,1,126,698,101864.830,300,6816,15000000,1,
2,2,full,6,98928.4198513031,1,0,75,63,1,4,4,150,698,698,13632,6,0.149,0,0,0,0,300,mixed,349,1,101902.893,size-scaling-k75-c300,32,0,349,64,4,75,1,1,0,0,0,0,0,0,0,0,0,0,0,0,0,0,0,0,0,0,0,0,0,0,0,0,0,0,0,0,0,0,0,0,0,0,0,0,0,0,0,0,0,0,0,0,0,0,0,0,0,0,0,0,0,0,0,0,0,0,0,0,0,0,0,0,0,0,0,0,0,0,0,0,0,0,0,0,0,0,0,0,0,0,0,0,0,0,0,0,0,0,0,0,0,0,0,0,0,0,0,0,0,0,0,0,0,0,0,0,0,0,0,0,0,0,0,0,0,0,0,0,0,0,0,0,0,0,0,0,0,0,0,0,0,0,0,0,0,0,0,0,0,0,0,0,0,0,0,0,0,0,0,0,0,0,0,0,0,0,0,0,0,0,0,0,0,0,0,0,0,0,0,0,0,0,0,0,0,0,0,0,0,0,0,0,0,20448,0,6816,6816,6816,1,0,1,200,200,0,0,0,0,0,20448,0,6816,6816,6816,1,0,1,200,200,,,,,,,,,,,,,,,,,,,,,,,,,,,,,,,,,,,,,,,,,,,,,,,,,,,,,,,,,,,,,,,,,,,,,,,,,,,,,,,,,,,,,,,,,,,,,,,,,,,,,,,,,,,,,,,,,,,,,,,,,836.21,841.85,b73980b6919c7da6c00955d59393f98b568d951736739d4b009ea674691e0ad4,9.306666666666667,8,merkle,13.0,1,243.156,243.156,1,1,2,400,13632,6,75,1,fanout_f32_l16,off,243.156,0,9,243.156,100,100,100,size-scaling-k75-c300-n15000000-f32-k75-c300-fanout_f32_l16-merkle-r9,1,349,32,1,126,698,101902.893,300,6816,15000000,1,
2,2,full,6,131412.12675905228,1,0,75,65,1,4,4,150,732,732,13760,6,0.147,0,0,0,0,300,mixed,366,1,134424.038,size-scaling-k75-c300,32,0,366,64,4,75,1,1,0,0,0,0,0,0,0,0,0,0,0,0,0,0,0,0,0,0,0,0,0,0,0,0,0,0,0,0,0,0,0,0,0,0,0,0,0,0,0,0,0,0,0,0,0,0,0,0,0,0,0,0,0,0,0,0,0,0,0,0,0,0,0,0,0,0,0,0,0,0,0,0,0,0,0,0,0,0,0,0,0,0,0,0,0,0,0,0,0,0,0,0,0,0,0,0,0,0,0,0,0,0,0,0,0,0,0,0,0,0,0,0,0,0,0,0,0,0,0,0,0,0,0,0,0,0,0,0,0,0,0,0,0,0,0,0,0,0,0,0,0,0,0,0,0,0,0,0,0,0,0,0,0,0,0,0,0,0,0,0,0,0,0,0,0,0,0,0,0,0,0,0,0,0,0,0,0,0,0,0,0,0,0,0,0,0,0,0,0,0,0,0,0,0,0,0,0,0,0,0,0,0,0,0,0,0,0,0,0,0,0,0,0,0,0,20640,0,6880,6880,6880,1,0,1,200,200,0,0,0,0,0,20640,0,6880,6880,6880,1,0,1,200,200,,,,,,,,,,,,,,,,,,,,,,,,,,,,,,,,,,,,,,,,,,,,,,,,,,,,,,,,,,,,,,,,,,,,,,,,,,,,,,,,,,,,,,,,,,,887.392,893.549,ac8f16c48646f00fa8b52ac0aea5d2eee2817067fd06555ced8b5aaa855477f9,9.76,8,merkle,15.0,1,227.678,227.678,1,1,2,400,13760,6,75,1,fanout_f32_l16,off,227.678,0,0,227.678,100,100,100,size-scaling-k75-c300-n20000000-f32-k75-c300-fanout_f32_l16-merkle-r0,1,366,32,1,130,732,134424.038,300,6880,20000000,1,
2,2,full,6,131496.3871641159,1,0,75,65,1,4,4,150,732,732,13760,6,0.194,0,0,0,0,300,mixed,366,1,134474.457,size-scaling-k75-c300,32,0,366,64,4,75,1,1,0,0,0,0,0,0,0,0,0,0,0,0,0,0,0,0,0,0,0,0,0,0,0,0,0,0,0,0,0,0,0,0,0,0,0,0,0,0,0,0,0,0,0,0,0,0,0,0,0,0,0,0,0,0,0,0,0,0,0,0,0,0,0,0,0,0,0,0,0,0,0,0,0,0,0,0,0,0,0,0,0,0,0,0,0,0,0,0,0,0,0,0,0,0,0,0,0,0,0,0,0,0,0,0,0,0,0,0,0,0,0,0,0,0,0,0,0,0,0,0,0,0,0,0,0,0,0,0,0,0,0,0,0,0,0,0,0,0,0,0,0,0,0,0,0,0,0,0,0,0,0,0,0,0,0,0,0,0,0,0,0,0,0,0,0,0,0,0,0,0,0,0,0,0,0,0,0,0,0,0,0,0,0,0,0,0,0,0,0,0,0,0,0,0,0,0,0,0,0,0,0,0,0,0,0,0,0,0,0,0,0,0,0,0,0,20640,0,6880,6880,6880,1,0,1,200,200,0,0,0,0,0,20640,0,6880,6880,6880,1,0,1,200,200,,,,,,,,,,,,,,,,,,,,,,,,,,,,,,,,,,,,,,,,,,,,,,,,,,,,,,,,,,,,,,,,,,,,,,,,,,,,,,,,,,,,,,,,,,,836.145,842.336,ac8f16c48646f00fa8b52ac0aea5d2eee2817067fd06555ced8b5aaa855477f9,9.76,8,merkle,15.0,1,246.879,246.879,1,1,2,400,13760,6,75,1,fanout_f32_l16,off,246.879,0,1,246.879,100,100,100,size-scaling-k75-c300-n20000000-f32-k75-c300-fanout_f32_l16-merkle-r1,1,366,32,1,130,732,134474.457,300,6880,20000000,1,
2,2,full,6,131786.61527967453,1,0,75,65,1,4,4,150,732,732,13760,6,0.156,0,0,0,0,300,mixed,366,1,134798.491,size-scaling-k75-c300,32,0,366,64,4,75,1,1,0,0,0,0,0,0,0,0,0,0,0,0,0,0,0,0,0,0,0,0,0,0,0,0,0,0,0,0,0,0,0,0,0,0,0,0,0,0,0,0,0,0,0,0,0,0,0,0,0,0,0,0,0,0,0,0,0,0,0,0,0,0,0,0,0,0,0,0,0,0,0,0,0,0,0,0,0,0,0,0,0,0,0,0,0,0,0,0,0,0,0,0,0,0,0,0,0,0,0,0,0,0,0,0,0,0,0,0,0,0,0,0,0,0,0,0,0,0,0,0,0,0,0,0,0,0,0,0,0,0,0,0,0,0,0,0,0,0,0,0,0,0,0,0,0,0,0,0,0,0,0,0,0,0,0,0,0,0,0,0,0,0,0,0,0,0,0,0,0,0,0,0,0,0,0,0,0,0,0,0,0,0,0,0,0,0,0,0,0,0,0,0,0,0,0,0,0,0,0,0,0,0,0,0,0,0,0,0,0,0,0,0,0,0,0,20640,0,6880,6880,6880,1,0,1,200,200,0,0,0,0,0,20640,0,6880,6880,6880,1,0,1,200,200,,,,,,,,,,,,,,,,,,,,,,,,,,,,,,,,,,,,,,,,,,,,,,,,,,,,,,,,,,,,,,,,,,,,,,,,,,,,,,,,,,,,,,,,,,,886.868,893.054,ac8f16c48646f00fa8b52ac0aea5d2eee2817067fd06555ced8b5aaa855477f9,9.76,8,merkle,15.0,1,229.528,229.528,1,1,2,400,13760,6,75,1,fanout_f32_l16,off,229.528,0,2,229.528,100,100,100,size-scaling-k75-c300-n20000000-f32-k75-c300-fanout_f32_l16-merkle-r2,1,366,32,1,130,732,134798.491,300,6880,20000000,1,
2,2,full,6,131517.7043261528,1,0,75,65,1,4,4,150,732,732,13760,6,0.146,0,0,0,0,300,mixed,366,1,134528.053,size-scaling-k75-c300,32,0,366,64,4,75,1,1,0,0,0,0,0,0,0,0,0,0,0,0,0,0,0,0,0,0,0,0,0,0,0,0,0,0,0,0,0,0,0,0,0,0,0,0,0,0,0,0,0,0,0,0,0,0,0,0,0,0,0,0,0,0,0,0,0,0,0,0,0,0,0,0,0,0,0,0,0,0,0,0,0,0,0,0,0,0,0,0,0,0,0,0,0,0,0,0,0,0,0,0,0,0,0,0,0,0,0,0,0,0,0,0,0,0,0,0,0,0,0,0,0,0,0,0,0,0,0,0,0,0,0,0,0,0,0,0,0,0,0,0,0,0,0,0,0,0,0,0,0,0,0,0,0,0,0,0,0,0,0,0,0,0,0,0,0,0,0,0,0,0,0,0,0,0,0,0,0,0,0,0,0,0,0,0,0,0,0,0,0,0,0,0,0,0,0,0,0,0,0,0,0,0,0,0,0,0,0,0,0,0,0,0,0,0,0,0,0,0,0,0,0,0,0,20640,0,6880,6880,6880,1,0,1,200,200,0,0,0,0,0,20640,0,6880,6880,6880,1,0,1,200,200,,,,,,,,,,,,,,,,,,,,,,,,,,,,,,,,,,,,,,,,,,,,,,,,,,,,,,,,,,,,,,,,,,,,,,,,,,,,,,,,,,,,,,,,,,,886.986,892.97,ac8f16c48646f00fa8b52ac0aea5d2eee2817067fd06555ced8b5aaa855477f9,9.76,8,merkle,15.0,1,228.561,228.561,1,1,2,400,13760,6,75,1,fanout_f32_l16,off,228.561,0,3,228.561,100,100,100,size-scaling-k75-c300-n20000000-f32-k75-c300-fanout_f32_l16-merkle-r3,1,366,32,1,130,732,134528.053,300,6880,20000000,1,
2,2,full,6,131393.8171710968,1,0,75,65,1,4,4,150,732,732,13760,6,0.162,0,0,0,0,300,mixed,366,1,134368.271,size-scaling-k75-c300,32,0,366,64,4,75,1,1,0,0,0,0,0,0,0,0,0,0,0,0,0,0,0,0,0,0,0,0,0,0,0,0,0,0,0,0,0,0,0,0,0,0,0,0,0,0,0,0,0,0,0,0,0,0,0,0,0,0,0,0,0,0,0,0,0,0,0,0,0,0,0,0,0,0,0,0,0,0,0,0,0,0,0,0,0,0,0,0,0,0,0,0,0,0,0,0,0,0,0,0,0,0,0,0,0,0,0,0,0,0,0,0,0,0,0,0,0,0,0,0,0,0,0,0,0,0,0,0,0,0,0,0,0,0,0,0,0,0,0,0,0,0,0,0,0,0,0,0,0,0,0,0,0,0,0,0,0,0,0,0,0,0,0,0,0,0,0,0,0,0,0,0,0,0,0,0,0,0,0,0,0,0,0,0,0,0,0,0,0,0,0,0,0,0,0,0,0,0,0,0,0,0,0,0,0,0,0,0,0,0,0,0,0,0,0,0,0,0,0,0,0,0,0,20640,0,6880,6880,6880,1,0,1,200,200,0,0,0,0,0,20640,0,6880,6880,6880,1,0,1,200,200,,,,,,,,,,,,,,,,,,,,,,,,,,,,,,,,,,,,,,,,,,,,,,,,,,,,,,,,,,,,,,,,,,,,,,,,,,,,,,,,,,,,,,,,,,,835.978,841.859,ac8f16c48646f00fa8b52ac0aea5d2eee2817067fd06555ced8b5aaa855477f9,9.76,8,merkle,15.0,1,242.667,242.667,1,1,2,400,13760,6,75,1,fanout_f32_l16,off,242.667,0,4,242.667,100,100,100,size-scaling-k75-c300-n20000000-f32-k75-c300-fanout_f32_l16-merkle-r4,1,366,32,1,130,732,134368.271,300,6880,20000000,1,
2,2,full,6,132329.62370824814,1,0,75,65,1,4,4,150,732,732,13760,6,0.147,0,0,0,0,300,mixed,366,1,135565.996,size-scaling-k75-c300,32,0,366,64,4,75,1,1,0,0,0,0,0,0,0,0,0,0,0,0,0,0,0,0,0,0,0,0,0,0,0,0,0,0,0,0,0,0,0,0,0,0,0,0,0,0,0,0,0,0,0,0,0,0,0,0,0,0,0,0,0,0,0,0,0,0,0,0,0,0,0,0,0,0,0,0,0,0,0,0,0,0,0,0,0,0,0,0,0,0,0,0,0,0,0,0,0,0,0,0,0,0,0,0,0,0,0,0,0,0,0,0,0,0,0,0,0,0,0,0,0,0,0,0,0,0,0,0,0,0,0,0,0,0,0,0,0,0,0,0,0,0,0,0,0,0,0,0,0,0,0,0,0,0,0,0,0,0,0,0,0,0,0,0,0,0,0,0,0,0,0,0,0,0,0,0,0,0,0,0,0,0,0,0,0,0,0,0,0,0,0,0,0,0,0,0,0,0,0,0,0,0,0,0,0,0,0,0,0,0,0,0,0,0,0,0,0,0,0,0,0,0,0,20640,0,6880,6880,6880,1,0,1,200,200,0,0,0,0,0,20640,0,6880,6880,6880,1,0,1,200,200,,,,,,,,,,,,,,,,,,,,,,,,,,,,,,,,,,,,,,,,,,,,,,,,,,,,,,,,,,,,,,,,,,,,,,,,,,,,,,,,,,,,,,,,,,,886.318,892.347,ac8f16c48646f00fa8b52ac0aea5d2eee2817067fd06555ced8b5aaa855477f9,9.76,8,merkle,15.0,1,229.973,229.973,1,1,2,400,13760,6,75,1,fanout_f32_l16,off,229.973,0,5,229.973,100,100,100,size-scaling-k75-c300-n20000000-f32-k75-c300-fanout_f32_l16-merkle-r5,1,366,32,1,130,732,135565.996,300,6880,20000000,1,
2,2,full,6,131506.14502573013,1,0,75,65,1,4,4,150,732,732,13760,6,0.146,0,0,0,0,300,mixed,366,1,134471.161,size-scaling-k75-c300,32,0,366,64,4,75,1,1,0,0,0,0,0,0,0,0,0,0,0,0,0,0,0,0,0,0,0,0,0,0,0,0,0,0,0,0,0,0,0,0,0,0,0,0,0,0,0,0,0,0,0,0,0,0,0,0,0,0,0,0,0,0,0,0,0,0,0,0,0,0,0,0,0,0,0,0,0,0,0,0,0,0,0,0,0,0,0,0,0,0,0,0,0,0,0,0,0,0,0,0,0,0,0,0,0,0,0,0,0,0,0,0,0,0,0,0,0,0,0,0,0,0,0,0,0,0,0,0,0,0,0,0,0,0,0,0,0,0,0,0,0,0,0,0,0,0,0,0,0,0,0,0,0,0,0,0,0,0,0,0,0,0,0,0,0,0,0,0,0,0,0,0,0,0,0,0,0,0,0,0,0,0,0,0,0,0,0,0,0,0,0,0,0,0,0,0,0,0,0,0,0,0,0,0,0,0,0,0,0,0,0,0,0,0,0,0,0,0,0,0,0,0,0,20640,0,6880,6880,6880,1,0,1,200,200,0,0,0,0,0,20640,0,6880,6880,6880,1,0,1,200,200,,,,,,,,,,,,,,,,,,,,,,,,,,,,,,,,,,,,,,,,,,,,,,,,,,,,,,,,,,,,,,,,,,,,,,,,,,,,,,,,,,,,,,,,,,,836.622,842.829,ac8f16c48646f00fa8b52ac0aea5d2eee2817067fd06555ced8b5aaa855477f9,9.76,8,merkle,15.0,1,232.987,232.987,1,1,2,400,13760,6,75,1,fanout_f32_l16,off,232.987,0,6,232.987,100,100,100,size-scaling-k75-c300-n20000000-f32-k75-c300-fanout_f32_l16-merkle-r6,1,366,32,1,130,732,134471.161,300,6880,20000000,1,
2,2,full,6,131616.0476193428,1,0,75,65,1,4,4,150,732,732,13760,6,0.146,0,0,0,0,300,mixed,366,1,134630.509,size-scaling-k75-c300,32,0,366,64,4,75,1,1,0,0,0,0,0,0,0,0,0,0,0,0,0,0,0,0,0,0,0,0,0,0,0,0,0,0,0,0,0,0,0,0,0,0,0,0,0,0,0,0,0,0,0,0,0,0,0,0,0,0,0,0,0,0,0,0,0,0,0,0,0,0,0,0,0,0,0,0,0,0,0,0,0,0,0,0,0,0,0,0,0,0,0,0,0,0,0,0,0,0,0,0,0,0,0,0,0,0,0,0,0,0,0,0,0,0,0,0,0,0,0,0,0,0,0,0,0,0,0,0,0,0,0,0,0,0,0,0,0,0,0,0,0,0,0,0,0,0,0,0,0,0,0,0,0,0,0,0,0,0,0,0,0,0,0,0,0,0,0,0,0,0,0,0,0,0,0,0,0,0,0,0,0,0,0,0,0,0,0,0,0,0,0,0,0,0,0,0,0,0,0,0,0,0,0,0,0,0,0,0,0,0,0,0,0,0,0,0,0,0,0,0,0,0,0,20640,0,6880,6880,6880,1,0,1,200,200,0,0,0,0,0,20640,0,6880,6880,6880,1,0,1,200,200,,,,,,,,,,,,,,,,,,,,,,,,,,,,,,,,,,,,,,,,,,,,,,,,,,,,,,,,,,,,,,,,,,,,,,,,,,,,,,,,,,,,,,,,,,,887.07,893.181,ac8f16c48646f00fa8b52ac0aea5d2eee2817067fd06555ced8b5aaa855477f9,9.76,8,merkle,15.0,1,231.727,231.727,1,1,2,400,13760,6,75,1,fanout_f32_l16,off,231.727,0,7,231.727,100,100,100,size-scaling-k75-c300-n20000000-f32-k75-c300-fanout_f32_l16-merkle-r7,1,366,32,1,130,732,134630.509,300,6880,20000000,1,
2,2,full,6,131286.78704357147,1,0,75,65,1,4,4,150,732,732,13760,6,0.145,0,0,0,0,300,mixed,366,1,134267.345,size-scaling-k75-c300,32,0,366,64,4,75,1,1,0,0,0,0,0,0,0,0,0,0,0,0,0,0,0,0,0,0,0,0,0,0,0,0,0,0,0,0,0,0,0,0,0,0,0,0,0,0,0,0,0,0,0,0,0,0,0,0,0,0,0,0,0,0,0,0,0,0,0,0,0,0,0,0,0,0,0,0,0,0,0,0,0,0,0,0,0,0,0,0,0,0,0,0,0,0,0,0,0,0,0,0,0,0,0,0,0,0,0,0,0,0,0,0,0,0,0,0,0,0,0,0,0,0,0,0,0,0,0,0,0,0,0,0,0,0,0,0,0,0,0,0,0,0,0,0,0,0,0,0,0,0,0,0,0,0,0,0,0,0,0,0,0,0,0,0,0,0,0,0,0,0,0,0,0,0,0,0,0,0,0,0,0,0,0,0,0,0,0,0,0,0,0,0,0,0,0,0,0,0,0,0,0,0,0,0,0,0,0,0,0,0,0,0,0,0,0,0,0,0,0,0,0,0,0,20640,0,6880,6880,6880,1,0,1,200,200,0,0,0,0,0,20640,0,6880,6880,6880,1,0,1,200,200,,,,,,,,,,,,,,,,,,,,,,,,,,,,,,,,,,,,,,,,,,,,,,,,,,,,,,,,,,,,,,,,,,,,,,,,,,,,,,,,,,,,,,,,,,,835.862,841.914,ac8f16c48646f00fa8b52ac0aea5d2eee2817067fd06555ced8b5aaa855477f9,9.76,8,merkle,15.0,1,248.647,248.647,1,1,2,400,13760,6,75,1,fanout_f32_l16,off,248.647,0,8,248.647,100,100,100,size-scaling-k75-c300-n20000000-f32-k75-c300-fanout_f32_l16-merkle-r8,1,366,32,1,130,732,134267.345,300,6880,20000000,1,
2,2,full,6,131394.45511341095,1,0,75,65,1,4,4,150,732,732,13760,6,0.147,0,0,0,0,300,mixed,366,1,134407.134,size-scaling-k75-c300,32,0,366,64,4,75,1,1,0,0,0,0,0,0,0,0,0,0,0,0,0,0,0,0,0,0,0,0,0,0,0,0,0,0,0,0,0,0,0,0,0,0,0,0,0,0,0,0,0,0,0,0,0,0,0,0,0,0,0,0,0,0,0,0,0,0,0,0,0,0,0,0,0,0,0,0,0,0,0,0,0,0,0,0,0,0,0,0,0,0,0,0,0,0,0,0,0,0,0,0,0,0,0,0,0,0,0,0,0,0,0,0,0,0,0,0,0,0,0,0,0,0,0,0,0,0,0,0,0,0,0,0,0,0,0,0,0,0,0,0,0,0,0,0,0,0,0,0,0,0,0,0,0,0,0,0,0,0,0,0,0,0,0,0,0,0,0,0,0,0,0,0,0,0,0,0,0,0,0,0,0,0,0,0,0,0,0,0,0,0,0,0,0,0,0,0,0,0,0,0,0,0,0,0,0,0,0,0,0,0,0,0,0,0,0,0,0,0,0,0,0,0,0,20640,0,6880,6880,6880,1,0,1,200,200,0,0,0,0,0,20640,0,6880,6880,6880,1,0,1,200,200,,,,,,,,,,,,,,,,,,,,,,,,,,,,,,,,,,,,,,,,,,,,,,,,,,,,,,,,,,,,,,,,,,,,,,,,,,,,,,,,,,,,,,,,,,,886.934,893.134,ac8f16c48646f00fa8b52ac0aea5d2eee2817067fd06555ced8b5aaa855477f9,9.76,8,merkle,15.0,1,230.208,230.208,1,1,2,400,13760,6,75,1,fanout_f32_l16,off,230.208,0,9,230.208,100,100,100,size-scaling-k75-c300-n20000000-f32-k75-c300-fanout_f32_l16-merkle-r9,1,366,32,1,130,732,134407.134,300,6880,20000000,1,
2,2,full,6,164065.9608888626,1,0,75,59,1,4,4,150,830,830,13312,6,0.148,0,0,0,0,300,mixed,415,1,167041.480,size-scaling-k75-c300,32,0,415,64,4,75,1,1,0,0,0,0,0,0,0,0,0,0,0,0,0,0,0,0,0,0,0,0,0,0,0,0,0,0,0,0,0,0,0,0,0,0,0,0,0,0,0,0,0,0,0,0,0,0,0,0,0,0,0,0,0,0,0,0,0,0,0,0,0,0,0,0,0,0,0,0,0,0,0,0,0,0,0,0,0,0,0,0,0,0,0,0,0,0,0,0,0,0,0,0,0,0,0,0,0,0,0,0,0,0,0,0,0,0,0,0,0,0,0,0,0,0,0,0,0,0,0,0,0,0,0,0,0,0,0,0,0,0,0,0,0,0,0,0,0,0,0,0,0,0,0,0,0,0,0,0,0,0,0,0,0,0,0,0,0,0,0,0,0,0,0,0,0,0,0,0,0,0,0,0,0,0,0,0,0,0,0,0,0,0,0,0,0,0,0,0,0,0,0,0,0,0,0,0,0,0,0,0,0,0,0,0,0,0,0,0,0,0,0,0,0,0,0,0,0,0,0,0,0,0,0,0,0,0,0,0,0,0,0,0,0,0,0,0,0,0,0,0,0,0,0,0,0,19968,0,6656,6656,6656,1,0,1,200,200,0,0,0,0,0,19968,0,6656,6656,6656,1,0,1,200,200,,,,,,,,,,,,,,,,,,,,,,,,,,,,,,,,,,,,,,,,,,,,,,,,,,,,,,,,,,,,,836.639,843.353,3476773aa92b19ee220006985374c425b19c25231b10c7497faeabc82459c429,11.066666666666666,8,merkle,17.0,1,242.961,242.961,1,1,2,400,13312,6,75,1,fanout_f32_l16,off,242.961,0,0,242.961,100,100,100,size-scaling-k75-c300-n25000000-f32-k75-c300-fanout_f32_l16-merkle-r0,1,415,32,1,118,830,167041.480,300,6656,25000000,1,
2,2,full,6,164122.91318511963,1,0,75,59,1,4,4,150,830,830,13312,6,0.145,0,0,0,0,300,mixed,415,1,167092.513,size-scaling-k75-c300,32,0,415,64,4,75,1,1,0,0,0,0,0,0,0,0,0,0,0,0,0,0,0,0,0,0,0,0,0,0,0,0,0,0,0,0,0,0,0,0,0,0,0,0,0,0,0,0,0,0,0,0,0,0,0,0,0,0,0,0,0,0,0,0,0,0,0,0,0,0,0,0,0,0,0,0,0,0,0,0,0,0,0,0,0,0,0,0,0,0,0,0,0,0,0,0,0,0,0,0,0,0,0,0,0,0,0,0,0,0,0,0,0,0,0,0,0,0,0,0,0,0,0,0,0,0,0,0,0,0,0,0,0,0,0,0,0,0,0,0,0,0,0,0,0,0,0,0,0,0,0,0,0,0,0,0,0,0,0,0,0,0,0,0,0,0,0,0,0,0,0,0,0,0,0,0,0,0,0,0,0,0,0,0,0,0,0,0,0,0,0,0,0,0,0,0,0,0,0,0,0,0,0,0,0,0,0,0,0,0,0,0,0,0,0,0,0,0,0,0,0,0,0,0,0,0,0,0,0,0,0,0,0,0,0,0,0,0,0,0,0,0,0,0,0,0,0,0,0,0,0,0,0,19968,0,6656,6656,6656,1,0,1,200,200,0,0,0,0,0,19968,0,6656,6656,6656,1,0,1,200,200,,,,,,,,,,,,,,,,,,,,,,,,,,,,,,,,,,,,,,,,,,,,,,,,,,,,,,,,,,,,,836.105,842.569,3476773aa92b19ee220006985374c425b19c25231b10c7497faeabc82459c429,11.066666666666666,8,merkle,17.0,1,237.403,237.403,1,1,2,400,13312,6,75,1,fanout_f32_l16,off,237.403,0,1,237.403,100,100,100,size-scaling-k75-c300-n25000000-f32-k75-c300-fanout_f32_l16-merkle-r1,1,415,32,1,118,830,167092.513,300,6656,25000000,1,
2,2,full,6,164251.93965864182,1,0,75,59,1,4,4,150,830,830,13312,6,0.147,0,0,0,0,300,mixed,415,1,167222.187,size-scaling-k75-c300,32,0,415,64,4,75,1,1,0,0,0,0,0,0,0,0,0,0,0,0,0,0,0,0,0,0,0,0,0,0,0,0,0,0,0,0,0,0,0,0,0,0,0,0,0,0,0,0,0,0,0,0,0,0,0,0,0,0,0,0,0,0,0,0,0,0,0,0,0,0,0,0,0,0,0,0,0,0,0,0,0,0,0,0,0,0,0,0,0,0,0,0,0,0,0,0,0,0,0,0,0,0,0,0,0,0,0,0,0,0,0,0,0,0,0,0,0,0,0,0,0,0,0,0,0,0,0,0,0,0,0,0,0,0,0,0,0,0,0,0,0,0,0,0,0,0,0,0,0,0,0,0,0,0,0,0,0,0,0,0,0,0,0,0,0,0,0,0,0,0,0,0,0,0,0,0,0,0,0,0,0,0,0,0,0,0,0,0,0,0,0,0,0,0,0,0,0,0,0,0,0,0,0,0,0,0,0,0,0,0,0,0,0,0,0,0,0,0,0,0,0,0,0,0,0,0,0,0,0,0,0,0,0,0,0,0,0,0,0,0,0,0,0,0,0,0,0,0,0,0,0,0,0,19968,0,6656,6656,6656,1,0,1,200,200,0,0,0,0,0,19968,0,6656,6656,6656,1,0,1,200,200,,,,,,,,,,,,,,,,,,,,,,,,,,,,,,,,,,,,,,,,,,,,,,,,,,,,,,,,,,,,,836.478,842.957,3476773aa92b19ee220006985374c425b19c25231b10c7497faeabc82459c429,11.066666666666666,8,merkle,17.0,1,237.645,237.645,1,1,2,400,13312,6,75,1,fanout_f32_l16,off,237.645,0,2,237.645,100,100,100,size-scaling-k75-c300-n25000000-f32-k75-c300-fanout_f32_l16-merkle-r2,1,415,32,1,118,830,167222.187,300,6656,25000000,1,
2,2,full,6,164177.497279644,1,0,75,59,1,4,4,150,830,830,13312,6,0.146,0,0,0,0,300,mixed,415,1,167146.621,size-scaling-k75-c300,32,0,415,64,4,75,1,1,0,0,0,0,0,0,0,0,0,0,0,0,0,0,0,0,0,0,0,0,0,0,0,0,0,0,0,0,0,0,0,0,0,0,0,0,0,0,0,0,0,0,0,0,0,0,0,0,0,0,0,0,0,0,0,0,0,0,0,0,0,0,0,0,0,0,0,0,0,0,0,0,0,0,0,0,0,0,0,0,0,0,0,0,0,0,0,0,0,0,0,0,0,0,0,0,0,0,0,0,0,0,0,0,0,0,0,0,0,0,0,0,0,0,0,0,0,0,0,0,0,0,0,0,0,0,0,0,0,0,0,0,0,0,0,0,0,0,0,0,0,0,0,0,0,0,0,0,0,0,0,0,0,0,0,0,0,0,0,0,0,0,0,0,0,0,0,0,0,0,0,0,0,0,0,0,0,0,0,0,0,0,0,0,0,0,0,0,0,0,0,0,0,0,0,0,0,0,0,0,0,0,0,0,0,0,0,0,0,0,0,0,0,0,0,0,0,0,0,0,0,0,0,0,0,0,0,0,0,0,0,0,0,0,0,0,0,0,0,0,0,0,0,0,0,19968,0,6656,6656,6656,1,0,1,200,200,0,0,0,0,0,19968,0,6656,6656,6656,1,0,1,200,200,,,,,,,,,,,,,,,,,,,,,,,,,,,,,,,,,,,,,,,,,,,,,,,,,,,,,,,,,,,,,836.42,842.937,3476773aa92b19ee220006985374c425b19c25231b10c7497faeabc82459c429,11.066666666666666,8,merkle,17.0,1,236.660,236.660,1,1,2,400,13312,6,75,1,fanout_f32_l16,off,236.660,0,3,236.660,100,100,100,size-scaling-k75-c300-n25000000-f32-k75-c300-fanout_f32_l16-merkle-r3,1,415,32,1,118,830,167146.621,300,6656,25000000,1,
2,2,full,6,164613.20356035233,1,0,75,59,1,4,4,150,830,830,13312,6,0.146,0,0,0,0,300,mixed,415,1,167587.553,size-scaling-k75-c300,32,0,415,64,4,75,1,1,0,0,0,0,0,0,0,0,0,0,0,0,0,0,0,0,0,0,0,0,0,0,0,0,0,0,0,0,0,0,0,0,0,0,0,0,0,0,0,0,0,0,0,0,0,0,0,0,0,0,0,0,0,0,0,0,0,0,0,0,0,0,0,0,0,0,0,0,0,0,0,0,0,0,0,0,0,0,0,0,0,0,0,0,0,0,0,0,0,0,0,0,0,0,0,0,0,0,0,0,0,0,0,0,0,0,0,0,0,0,0,0,0,0,0,0,0,0,0,0,0,0,0,0,0,0,0,0,0,0,0,0,0,0,0,0,0,0,0,0,0,0,0,0,0,0,0,0,0,0,0,0,0,0,0,0,0,0,0,0,0,0,0,0,0,0,0,0,0,0,0,0,0,0,0,0,0,0,0,0,0,0,0,0,0,0,0,0,0,0,0,0,0,0,0,0,0,0,0,0,0,0,0,0,0,0,0,0,0,0,0,0,0,0,0,0,0,0,0,0,0,0,0,0,0,0,0,0,0,0,0,0,0,0,0,0,0,0,0,0,0,0,0,0,0,19968,0,6656,6656,6656,1,0,1,200,200,0,0,0,0,0,19968,0,6656,6656,6656,1,0,1,200,200,,,,,,,,,,,,,,,,,,,,,,,,,,,,,,,,,,,,,,,,,,,,,,,,,,,,,,,,,,,,,836.746,843.297,3476773aa92b19ee220006985374c425b19c25231b10c7497faeabc82459c429,11.066666666666666,8,merkle,17.0,1,241.681,241.681,1,1,2,400,13312,6,75,1,fanout_f32_l16,off,241.681,0,4,241.681,100,100,100,size-scaling-k75-c300-n25000000-f32-k75-c300-fanout_f32_l16-merkle-r4,1,415,32,1,118,830,167587.553,300,6656,25000000,1,
2,2,full,6,164617.64695739746,1,0,75,59,1,4,4,150,830,830,13312,6,0.144,0,0,0,0,300,mixed,415,1,167628.662,size-scaling-k75-c300,32,0,415,64,4,75,1,1,0,0,0,0,0,0,0,0,0,0,0,0,0,0,0,0,0,0,0,0,0,0,0,0,0,0,0,0,0,0,0,0,0,0,0,0,0,0,0,0,0,0,0,0,0,0,0,0,0,0,0,0,0,0,0,0,0,0,0,0,0,0,0,0,0,0,0,0,0,0,0,0,0,0,0,0,0,0,0,0,0,0,0,0,0,0,0,0,0,0,0,0,0,0,0,0,0,0,0,0,0,0,0,0,0,0,0,0,0,0,0,0,0,0,0,0,0,0,0,0,0,0,0,0,0,0,0,0,0,0,0,0,0,0,0,0,0,0,0,0,0,0,0,0,0,0,0,0,0,0,0,0,0,0,0,0,0,0,0,0,0,0,0,0,0,0,0,0,0,0,0,0,0,0,0,0,0,0,0,0,0,0,0,0,0,0,0,0,0,0,0,0,0,0,0,0,0,0,0,0,0,0,0,0,0,0,0,0,0,0,0,0,0,0,0,0,0,0,0,0,0,0,0,0,0,0,0,0,0,0,0,0,0,0,0,0,0,0,0,0,0,0,0,0,0,19968,0,6656,6656,6656,1,0,1,200,200,0,0,0,0,0,19968,0,6656,6656,6656,1,0,1,200,200,,,,,,,,,,,,,,,,,,,,,,,,,,,,,,,,,,,,,,,,,,,,,,,,,,,,,,,,,,,,,886.746,893.194,3476773aa92b19ee220006985374c425b19c25231b10c7497faeabc82459c429,11.066666666666666,8,merkle,17.0,1,228.503,228.503,1,1,2,400,13312,6,75,1,fanout_f32_l16,off,228.503,0,5,228.503,100,100,100,size-scaling-k75-c300-n25000000-f32-k75-c300-fanout_f32_l16-merkle-r5,1,415,32,1,118,830,167628.662,300,6656,25000000,1,
2,2,full,6,164786.57466459274,1,0,75,59,1,4,4,150,830,830,13312,6,0.147,0,0,0,0,300,mixed,415,1,167757.041,size-scaling-k75-c300,32,0,415,64,4,75,1,1,0,0,0,0,0,0,0,0,0,0,0,0,0,0,0,0,0,0,0,0,0,0,0,0,0,0,0,0,0,0,0,0,0,0,0,0,0,0,0,0,0,0,0,0,0,0,0,0,0,0,0,0,0,0,0,0,0,0,0,0,0,0,0,0,0,0,0,0,0,0,0,0,0,0,0,0,0,0,0,0,0,0,0,0,0,0,0,0,0,0,0,0,0,0,0,0,0,0,0,0,0,0,0,0,0,0,0,0,0,0,0,0,0,0,0,0,0,0,0,0,0,0,0,0,0,0,0,0,0,0,0,0,0,0,0,0,0,0,0,0,0,0,0,0,0,0,0,0,0,0,0,0,0,0,0,0,0,0,0,0,0,0,0,0,0,0,0,0,0,0,0,0,0,0,0,0,0,0,0,0,0,0,0,0,0,0,0,0,0,0,0,0,0,0,0,0,0,0,0,0,0,0,0,0,0,0,0,0,0,0,0,0,0,0,0,0,0,0,0,0,0,0,0,0,0,0,0,0,0,0,0,0,0,0,0,0,0,0,0,0,0,0,0,0,0,19968,0,6656,6656,6656,1,0,1,200,200,0,0,0,0,0,19968,0,6656,6656,6656,1,0,1,200,200,,,,,,,,,,,,,,,,,,,,,,,,,,,,,,,,,,,,,,,,,,,,,,,,,,,,,,,,,,,,,836.36,843.005,3476773aa92b19ee220006985374c425b19c25231b10c7497faeabc82459c429,11.066666666666666,8,merkle,17.0,1,238.340,238.340,1,1,2,400,13312,6,75,1,fanout_f32_l16,off,238.340,0,6,238.340,100,100,100,size-scaling-k75-c300-n25000000-f32-k75-c300-fanout_f32_l16-merkle-r6,1,415,32,1,118,830,167757.041,300,6656,25000000,1,
2,2,full,6,171356.34042215347,1,0,75,59,1,4,4,150,830,830,13312,6,0.143,0,0,0,0,300,mixed,415,1,174330.198,size-scaling-k75-c300,32,0,415,64,4,75,1,1,0,0,0,0,0,0,0,0,0,0,0,0,0,0,0,0,0,0,0,0,0,0,0,0,0,0,0,0,0,0,0,0,0,0,0,0,0,0,0,0,0,0,0,0,0,0,0,0,0,0,0,0,0,0,0,0,0,0,0,0,0,0,0,0,0,0,0,0,0,0,0,0,0,0,0,0,0,0,0,0,0,0,0,0,0,0,0,0,0,0,0,0,0,0,0,0,0,0,0,0,0,0,0,0,0,0,0,0,0,0,0,0,0,0,0,0,0,0,0,0,0,0,0,0,0,0,0,0,0,0,0,0,0,0,0,0,0,0,0,0,0,0,0,0,0,0,0,0,0,0,0,0,0,0,0,0,0,0,0,0,0,0,0,0,0,0,0,0,0,0,0,0,0,0,0,0,0,0,0,0,0,0,0,0,0,0,0,0,0,0,0,0,0,0,0,0,0,0,0,0,0,0,0,0,0,0,0,0,0,0,0,0,0,0,0,0,0,0,0,0,0,0,0,0,0,0,0,0,0,0,0,0,0,0,0,0,0,0,0,0,0,0,0,0,0,19968,0,6656,6656,6656,1,0,1,200,200,0,0,0,0,0,19968,0,6656,6656,6656,1,0,1,200,200,,,,,,,,,,,,,,,,,,,,,,,,,,,,,,,,,,,,,,,,,,,,,,,,,,,,,,,,,,,,,837.036,843.699,3476773aa92b19ee220006985374c425b19c25231b10c7497faeabc82459c429,11.066666666666666,8,merkle,17.0,1,239.887,239.887,1,1,2,400,13312,6,75,1,fanout_f32_l16,off,239.887,0,7,239.887,100,100,100,size-scaling-k75-c300-n25000000-f32-k75-c300-fanout_f32_l16-merkle-r7,1,415,32,1,118,830,174330.198,300,6656,25000000,1,
2,2,full,6,164828.04438972473,1,0,75,59,1,4,4,150,830,830,13312,6,0.147,0,0,0,0,300,mixed,415,1,167816.697,size-scaling-k75-c300,32,0,415,64,4,75,1,1,0,0,0,0,0,0,0,0,0,0,0,0,0,0,0,0,0,0,0,0,0,0,0,0,0,0,0,0,0,0,0,0,0,0,0,0,0,0,0,0,0,0,0,0,0,0,0,0,0,0,0,0,0,0,0,0,0,0,0,0,0,0,0,0,0,0,0,0,0,0,0,0,0,0,0,0,0,0,0,0,0,0,0,0,0,0,0,0,0,0,0,0,0,0,0,0,0,0,0,0,0,0,0,0,0,0,0,0,0,0,0,0,0,0,0,0,0,0,0,0,0,0,0,0,0,0,0,0,0,0,0,0,0,0,0,0,0,0,0,0,0,0,0,0,0,0,0,0,0,0,0,0,0,0,0,0,0,0,0,0,0,0,0,0,0,0,0,0,0,0,0,0,0,0,0,0,0,0,0,0,0,0,0,0,0,0,0,0,0,0,0,0,0,0,0,0,0,0,0,0,0,0,0,0,0,0,0,0,0,0,0,0,0,0,0,0,0,0,0,0,0,0,0,0,0,0,0,0,0,0,0,0,0,0,0,0,0,0,0,0,0,0,0,0,0,19968,0,6656,6656,6656,1,0,1,200,200,0,0,0,0,0,19968,0,6656,6656,6656,1,0,1,200,200,,,,,,,,,,,,,,,,,,,,,,,,,,,,,,,,,,,,,,,,,,,,,,,,,,,,,,,,,,,,,836.974,843.798,3476773aa92b19ee220006985374c425b19c25231b10c7497faeabc82459c429,11.066666666666666,8,merkle,17.0,1,254.152,254.152,1,1,2,400,13312,6,75,1,fanout_f32_l16,off,254.152,0,8,254.152,100,100,100,size-scaling-k75-c300-n25000000-f32-k75-c300-fanout_f32_l16-merkle-r8,1,415,32,1,118,830,167816.697,300,6656,25000000,1,
2,2,full,6,164396.3014063835,1,0,75,59,1,4,4,150,830,830,13312,6,0.145,0,0,0,0,300,mixed,415,1,167369.388,size-scaling-k75-c300,32,0,415,64,4,75,1,1,0,0,0,0,0,0,0,0,0,0,0,0,0,0,0,0,0,0,0,0,0,0,0,0,0,0,0,0,0,0,0,0,0,0,0,0,0,0,0,0,0,0,0,0,0,0,0,0,0,0,0,0,0,0,0,0,0,0,0,0,0,0,0,0,0,0,0,0,0,0,0,0,0,0,0,0,0,0,0,0,0,0,0,0,0,0,0,0,0,0,0,0,0,0,0,0,0,0,0,0,0,0,0,0,0,0,0,0,0,0,0,0,0,0,0,0,0,0,0,0,0,0,0,0,0,0,0,0,0,0,0,0,0,0,0,0,0,0,0,0,0,0,0,0,0,0,0,0,0,0,0,0,0,0,0,0,0,0,0,0,0,0,0,0,0,0,0,0,0,0,0,0,0,0,0,0,0,0,0,0,0,0,0,0,0,0,0,0,0,0,0,0,0,0,0,0,0,0,0,0,0,0,0,0,0,0,0,0,0,0,0,0,0,0,0,0,0,0,0,0,0,0,0,0,0,0,0,0,0,0,0,0,0,0,0,0,0,0,0,0,0,0,0,0,0,19968,0,6656,6656,6656,1,0,1,200,200,0,0,0,0,0,19968,0,6656,6656,6656,1,0,1,200,200,,,,,,,,,,,,,,,,,,,,,,,,,,,,,,,,,,,,,,,,,,,,,,,,,,,,,,,,,,,,,836.485,843.036,3476773aa92b19ee220006985374c425b19c25231b10c7497faeabc82459c429,11.066666666666666,8,merkle,17.0,1,240.124,240.124,1,1,2,400,13312,6,75,1,fanout_f32_l16,off,240.124,0,9,240.124,100,100,100,size-scaling-k75-c300-n25000000-f32-k75-c300-fanout_f32_l16-merkle-r9,1,415,32,1,118,830,167369.388,300,6656,25000000,1,
2,2,full,6,20619.228160381317,1,0,75,63,1,4,4,150,2150,2150,8832,4,0.152,0,0,0,0,300,mixed,1075,1,23600.444,size-scaling-k75-c300,32,0,1075,64,4,75,1,1,0,0,0,0,0,0,0,0,0,0,0,0,0,0,0,0,0,0,0,0,0,0,0,0,0,0,0,0,0,0,0,0,0,0,0,0,0,0,0,0,0,0,0,0,0,0,0,0,0,0,0,0,0,0,0,0,0,0,0,0,0,0,0,0,0,0,0,0,0,0,0,0,0,0,0,0,0,0,0,0,0,0,0,0,0,0,0,0,0,0,0,0,0,0,0,0,0,0,0,0,0,0,0,0,0,0,0,0,0,0,0,0,0,0,0,0,0,0,0,0,0,0,0,0,0,0,0,0,0,0,0,0,0,0,0,0,0,0,0,0,0,0,0,0,0,0,0,0,0,0,0,0,0,0,0,0,0,0,0,0,0,0,0,0,0,0,0,0,0,0,0,0,0,0,0,0,0,0,0,0,0,0,0,0,0,0,0,0,0,0,0,0,0,0,0,0,0,0,0,0,0,0,0,0,0,0,0,0,0,0,0,0,0,0,0,0,0,0,0,0,0,0,0,0,0,0,0,0,0,0,0,0,0,0,0,0,0,0,0,0,0,0,0,0,0,0,0,0,0,0,0,0,0,0,0,0,0,0,0,0,0,0,0,0,0,0,0,0,0,0,0,0,0,0,0,13248,0,4416,4416,4416,1,0,1,200,200,0,0,0,0,0,13248,0,4416,4416,4416,1,0,1,200,200,,,,,,,,,,,,,,,,,,,,,,,,,,,,,,,887.68,894.75,e25df9d23ec749f8e034933c04658a0ffc3334821f9bc3945ce6e7c42294ade3,28.666666666666668,8,merkle,42.0,1,195.808,195.808,1,1,2,400,8832,4,75,1,fanout_f32_l16,off,195.808,0,0,195.808,100,100,100,size-scaling-k75-c300-n3000000-f32-k75-c300-fanout_f32_l16-merkle-r0,1,1075,32,1,126,2150,23600.444,300,4416,3000000,1,
2,2,full,6,20660.562369823456,1,0,75,63,1,4,4,150,2150,2150,8832,4,0.150,0,0,0,0,300,mixed,1075,1,23686.951,size-scaling-k75-c300,32,0,1075,64,4,75,1,1,0,0,0,0,0,0,0,0,0,0,0,0,0,0,0,0,0,0,0,0,0,0,0,0,0,0,0,0,0,0,0,0,0,0,0,0,0,0,0,0,0,0,0,0,0,0,0,0,0,0,0,0,0,0,0,0,0,0,0,0,0,0,0,0,0,0,0,0,0,0,0,0,0,0,0,0,0,0,0,0,0,0,0,0,0,0,0,0,0,0,0,0,0,0,0,0,0,0,0,0,0,0,0,0,0,0,0,0,0,0,0,0,0,0,0,0,0,0,0,0,0,0,0,0,0,0,0,0,0,0,0,0,0,0,0,0,0,0,0,0,0,0,0,0,0,0,0,0,0,0,0,0,0,0,0,0,0,0,0,0,0,0,0,0,0,0,0,0,0,0,0,0,0,0,0,0,0,0,0,0,0,0,0,0,0,0,0,0,0,0,0,0,0,0,0,0,0,0,0,0,0,0,0,0,0,0,0,0,0,0,0,0,0,0,0,0,0,0,0,0,0,0,0,0,0,0,0,0,0,0,0,0,0,0,0,0,0,0,0,0,0,0,0,0,0,0,0,0,0,0,0,0,0,0,0,0,0,0,0,0,0,0,0,0,0,0,0,0,0,0,0,0,0,0,0,13248,0,4416,4416,4416,1,0,1,200,200,0,0,0,0,0,13248,0,4416,4416,4416,1,0,1,200,200,,,,,,,,,,,,,,,,,,,,,,,,,,,,,,,938.215,945.513,e25df9d23ec749f8e034933c04658a0ffc3334821f9bc3945ce6e7c42294ade3,28.666666666666668,8,merkle,42.0,1,189.605,189.605,1,1,2,400,8832,4,75,1,fanout_f32_l16,off,189.605,0,1,189.605,100,100,100,size-scaling-k75-c300-n3000000-f32-k75-c300-fanout_f32_l16-merkle-r1,1,1075,32,1,126,2150,23686.951,300,4416,3000000,1,
2,2,full,6,20623.255987644196,1,0,75,63,1,4,4,150,2150,2150,8832,4,0.150,0,0,0,0,300,mixed,1075,1,23650.620,size-scaling-k75-c300,32,0,1075,64,4,75,1,1,0,0,0,0,0,0,0,0,0,0,0,0,0,0,0,0,0,0,0,0,0,0,0,0,0,0,0,0,0,0,0,0,0,0,0,0,0,0,0,0,0,0,0,0,0,0,0,0,0,0,0,0,0,0,0,0,0,0,0,0,0,0,0,0,0,0,0,0,0,0,0,0,0,0,0,0,0,0,0,0,0,0,0,0,0,0,0,0,0,0,0,0,0,0,0,0,0,0,0,0,0,0,0,0,0,0,0,0,0,0,0,0,0,0,0,0,0,0,0,0,0,0,0,0,0,0,0,0,0,0,0,0,0,0,0,0,0,0,0,0,0,0,0,0,0,0,0,0,0,0,0,0,0,0,0,0,0,0,0,0,0,0,0,0,0,0,0,0,0,0,0,0,0,0,0,0,0,0,0,0,0,0,0,0,0,0,0,0,0,0,0,0,0,0,0,0,0,0,0,0,0,0,0,0,0,0,0,0,0,0,0,0,0,0,0,0,0,0,0,0,0,0,0,0,0,0,0,0,0,0,0,0,0,0,0,0,0,0,0,0,0,0,0,0,0,0,0,0,0,0,0,0,0,0,0,0,0,0,0,0,0,0,0,0,0,0,0,0,0,0,0,0,0,0,0,13248,0,4416,4416,4416,1,0,1,200,200,0,0,0,0,0,13248,0,4416,4416,4416,1,0,1,200,200,,,,,,,,,,,,,,,,,,,,,,,,,,,,,,,938.33,945.323,e25df9d23ec749f8e034933c04658a0ffc3334821f9bc3945ce6e7c42294ade3,28.666666666666668,8,merkle,42.0,1,192.178,192.178,1,1,2,400,8832,4,75,1,fanout_f32_l16,off,192.178,0,2,192.178,100,100,100,size-scaling-k75-c300-n3000000-f32-k75-c300-fanout_f32_l16-merkle-r2,1,1075,32,1,126,2150,23650.620,300,4416,3000000,1,
2,2,full,6,20643.08839035034,1,0,75,63,1,4,4,150,2150,2150,8832,4,0.149,0,0,0,0,300,mixed,1075,1,23624.575,size-scaling-k75-c300,32,0,1075,64,4,75,1,1,0,0,0,0,0,0,0,0,0,0,0,0,0,0,0,0,0,0,0,0,0,0,0,0,0,0,0,0,0,0,0,0,0,0,0,0,0,0,0,0,0,0,0,0,0,0,0,0,0,0,0,0,0,0,0,0,0,0,0,0,0,0,0,0,0,0,0,0,0,0,0,0,0,0,0,0,0,0,0,0,0,0,0,0,0,0,0,0,0,0,0,0,0,0,0,0,0,0,0,0,0,0,0,0,0,0,0,0,0,0,0,0,0,0,0,0,0,0,0,0,0,0,0,0,0,0,0,0,0,0,0,0,0,0,0,0,0,0,0,0,0,0,0,0,0,0,0,0,0,0,0,0,0,0,0,0,0,0,0,0,0,0,0,0,0,0,0,0,0,0,0,0,0,0,0,0,0,0,0,0,0,0,0,0,0,0,0,0,0,0,0,0,0,0,0,0,0,0,0,0,0,0,0,0,0,0,0,0,0,0,0,0,0,0,0,0,0,0,0,0,0,0,0,0,0,0,0,0,0,0,0,0,0,0,0,0,0,0,0,0,0,0,0,0,0,0,0,0,0,0,0,0,0,0,0,0,0,0,0,0,0,0,0,0,0,0,0,0,0,0,0,0,0,0,0,13248,0,4416,4416,4416,1,0,1,200,200,0,0,0,0,0,13248,0,4416,4416,4416,1,0,1,200,200,,,,,,,,,,,,,,,,,,,,,,,,,,,,,,,887.927,895.229,e25df9d23ec749f8e034933c04658a0ffc3334821f9bc3945ce6e7c42294ade3,28.666666666666668,8,merkle,42.0,1,195.917,195.917,1,1,2,400,8832,4,75,1,fanout_f32_l16,off,195.917,0,3,195.917,100,100,100,size-scaling-k75-c300-n3000000-f32-k75-c300-fanout_f32_l16-merkle-r3,1,1075,32,1,126,2150,23624.575,300,4416,3000000,1,
2,2,full,6,20645.49799823761,1,0,75,63,1,4,4,150,2150,2150,8832,4,0.149,0,0,0,0,300,mixed,1075,1,23670.024,size-scaling-k75-c300,32,0,1075,64,4,75,1,1,0,0,0,0,0,0,0,0,0,0,0,0,0,0,0,0,0,0,0,0,0,0,0,0,0,0,0,0,0,0,0,0,0,0,0,0,0,0,0,0,0,0,0,0,0,0,0,0,0,0,0,0,0,0,0,0,0,0,0,0,0,0,0,0,0,0,0,0,0,0,0,0,0,0,0,0,0,0,0,0,0,0,0,0,0,0,0,0,0,0,0,0,0,0,0,0,0,0,0,0,0,0,0,0,0,0,0,0,0,0,0,0,0,0,0,0,0,0,0,0,0,0,0,0,0,0,0,0,0,0,0,0,0,0,0,0,0,0,0,0,0,0,0,0,0,0,0,0,0,0,0,0,0,0,0,0,0,0,0,0,0,0,0,0,0,0,0,0,0,0,0,0,0,0,0,0,0,0,0,0,0,0,0,0,0,0,0,0,0,0,0,0,0,0,0,0,0,0,0,0,0,0,0,0,0,0,0,0,0,0,0,0,0,0,0,0,0,0,0,0,0,0,0,0,0,0,0,0,0,0,0,0,0,0,0,0,0,0,0,0,0,0,0,0,0,0,0,0,0,0,0,0,0,0,0,0,0,0,0,0,0,0,0,0,0,0,0,0,0,0,0,0,0,0,0,13248,0,4416,4416,4416,1,0,1,200,200,0,0,0,0,0,13248,0,4416,4416,4416,1,0,1,200,200,,,,,,,,,,,,,,,,,,,,,,,,,,,,,,,938.018,945.08,e25df9d23ec749f8e034933c04658a0ffc3334821f9bc3945ce6e7c42294ade3,28.666666666666668,8,merkle,42.0,1,189.388,189.388,1,1,2,400,8832,4,75,1,fanout_f32_l16,off,189.388,0,4,189.388,100,100,100,size-scaling-k75-c300-n3000000-f32-k75-c300-fanout_f32_l16-merkle-r4,1,1075,32,1,126,2150,23670.024,300,4416,3000000,1,
2,2,full,6,20648.55087661743,1,0,75,63,1,4,4,150,2150,2150,8832,4,0.153,0,0,0,0,300,mixed,1075,1,23686.757,size-scaling-k75-c300,32,0,1075,64,4,75,1,1,0,0,0,0,0,0,0,0,0,0,0,0,0,0,0,0,0,0,0,0,0,0,0,0,0,0,0,0,0,0,0,0,0,0,0,0,0,0,0,0,0,0,0,0,0,0,0,0,0,0,0,0,0,0,0,0,0,0,0,0,0,0,0,0,0,0,0,0,0,0,0,0,0,0,0,0,0,0,0,0,0,0,0,0,0,0,0,0,0,0,0,0,0,0,0,0,0,0,0,0,0,0,0,0,0,0,0,0,0,0,0,0,0,0,0,0,0,0,0,0,0,0,0,0,0,0,0,0,0,0,0,0,0,0,0,0,0,0,0,0,0,0,0,0,0,0,0,0,0,0,0,0,0,0,0,0,0,0,0,0,0,0,0,0,0,0,0,0,0,0,0,0,0,0,0,0,0,0,0,0,0,0,0,0,0,0,0,0,0,0,0,0,0,0,0,0,0,0,0,0,0,0,0,0,0,0,0,0,0,0,0,0,0,0,0,0,0,0,0,0,0,0,0,0,0,0,0,0,0,0,0,0,0,0,0,0,0,0,0,0,0,0,0,0,0,0,0,0,0,0,0,0,0,0,0,0,0,0,0,0,0,0,0,0,0,0,0,0,0,0,0,0,0,0,0,13248,0,4416,4416,4416,1,0,1,200,200,0,0,0,0,0,13248,0,4416,4416,4416,1,0,1,200,200,,,,,,,,,,,,,,,,,,,,,,,,,,,,,,,938.592,945.584,e25df9d23ec749f8e034933c04658a0ffc3334821f9bc3945ce6e7c42294ade3,28.666666666666668,8,merkle,42.0,1,202.443,202.443,1,1,2,400,8832,4,75,1,fanout_f32_l16,off,202.443,0,5,202.443,100,100,100,size-scaling-k75-c300-n3000000-f32-k75-c300-fanout_f32_l16-merkle-r5,1,1075,32,1,126,2150,23686.757,300,4416,3000000,1,
2,2,full,6,20603.130750656128,1,0,75,63,1,4,4,150,2150,2150,8832,4,0.151,0,0,0,0,300,mixed,1075,1,23627.402,size-scaling-k75-c300,32,0,1075,64,4,75,1,1,0,0,0,0,0,0,0,0,0,0,0,0,0,0,0,0,0,0,0,0,0,0,0,0,0,0,0,0,0,0,0,0,0,0,0,0,0,0,0,0,0,0,0,0,0,0,0,0,0,0,0,0,0,0,0,0,0,0,0,0,0,0,0,0,0,0,0,0,0,0,0,0,0,0,0,0,0,0,0,0,0,0,0,0,0,0,0,0,0,0,0,0,0,0,0,0,0,0,0,0,0,0,0,0,0,0,0,0,0,0,0,0,0,0,0,0,0,0,0,0,0,0,0,0,0,0,0,0,0,0,0,0,0,0,0,0,0,0,0,0,0,0,0,0,0,0,0,0,0,0,0,0,0,0,0,0,0,0,0,0,0,0,0,0,0,0,0,0,0,0,0,0,0,0,0,0,0,0,0,0,0,0,0,0,0,0,0,0,0,0,0,0,0,0,0,0,0,0,0,0,0,0,0,0,0,0,0,0,0,0,0,0,0,0,0,0,0,0,0,0,0,0,0,0,0,0,0,0,0,0,0,0,0,0,0,0,0,0,0,0,0,0,0,0,0,0,0,0,0,0,0,0,0,0,0,0,0,0,0,0,0,0,0,0,0,0,0,0,0,0,0,0,0,0,0,13248,0,4416,4416,4416,1,0,1,200,200,0,0,0,0,0,13248,0,4416,4416,4416,1,0,1,200,200,,,,,,,,,,,,,,,,,,,,,,,,,,,,,,,938.111,945.197,e25df9d23ec749f8e034933c04658a0ffc3334821f9bc3945ce6e7c42294ade3,28.666666666666668,8,merkle,42.0,1,188.836,188.836,1,1,2,400,8832,4,75,1,fanout_f32_l16,off,188.836,0,6,188.836,100,100,100,size-scaling-k75-c300-n3000000-f32-k75-c300-fanout_f32_l16-merkle-r6,1,1075,32,1,126,2150,23627.402,300,4416,3000000,1,
2,2,full,6,20662.874948978424,1,0,75,63,1,4,4,150,2150,2150,8832,4,0.154,0,0,0,0,300,mixed,1075,1,23642.926,size-scaling-k75-c300,32,0,1075,64,4,75,1,1,0,0,0,0,0,0,0,0,0,0,0,0,0,0,0,0,0,0,0,0,0,0,0,0,0,0,0,0,0,0,0,0,0,0,0,0,0,0,0,0,0,0,0,0,0,0,0,0,0,0,0,0,0,0,0,0,0,0,0,0,0,0,0,0,0,0,0,0,0,0,0,0,0,0,0,0,0,0,0,0,0,0,0,0,0,0,0,0,0,0,0,0,0,0,0,0,0,0,0,0,0,0,0,0,0,0,0,0,0,0,0,0,0,0,0,0,0,0,0,0,0,0,0,0,0,0,0,0,0,0,0,0,0,0,0,0,0,0,0,0,0,0,0,0,0,0,0,0,0,0,0,0,0,0,0,0,0,0,0,0,0,0,0,0,0,0,0,0,0,0,0,0,0,0,0,0,0,0,0,0,0,0,0,0,0,0,0,0,0,0,0,0,0,0,0,0,0,0,0,0,0,0,0,0,0,0,0,0,0,0,0,0,0,0,0,0,0,0,0,0,0,0,0,0,0,0,0,0,0,0,0,0,0,0,0,0,0,0,0,0,0,0,0,0,0,0,0,0,0,0,0,0,0,0,0,0,0,0,0,0,0,0,0,0,0,0,0,0,0,0,0,0,0,0,0,13248,0,4416,4416,4416,1,0,1,200,200,0,0,0,0,0,13248,0,4416,4416,4416,1,0,1,200,200,,,,,,,,,,,,,,,,,,,,,,,,,,,,,,,887.316,894.51,e25df9d23ec749f8e034933c04658a0ffc3334821f9bc3945ce6e7c42294ade3,28.666666666666668,8,merkle,42.0,1,195.078,195.078,1,1,2,400,8832,4,75,1,fanout_f32_l16,off,195.078,0,7,195.078,100,100,100,size-scaling-k75-c300-n3000000-f32-k75-c300-fanout_f32_l16-merkle-r7,1,1075,32,1,126,2150,23642.926,300,4416,3000000,1,
2,2,full,6,20612.154778957367,1,0,75,63,1,4,4,150,2150,2150,8832,4,0.150,0,0,0,0,300,mixed,1075,1,23637.634,size-scaling-k75-c300,32,0,1075,64,4,75,1,1,0,0,0,0,0,0,0,0,0,0,0,0,0,0,0,0,0,0,0,0,0,0,0,0,0,0,0,0,0,0,0,0,0,0,0,0,0,0,0,0,0,0,0,0,0,0,0,0,0,0,0,0,0,0,0,0,0,0,0,0,0,0,0,0,0,0,0,0,0,0,0,0,0,0,0,0,0,0,0,0,0,0,0,0,0,0,0,0,0,0,0,0,0,0,0,0,0,0,0,0,0,0,0,0,0,0,0,0,0,0,0,0,0,0,0,0,0,0,0,0,0,0,0,0,0,0,0,0,0,0,0,0,0,0,0,0,0,0,0,0,0,0,0,0,0,0,0,0,0,0,0,0,0,0,0,0,0,0,0,0,0,0,0,0,0,0,0,0,0,0,0,0,0,0,0,0,0,0,0,0,0,0,0,0,0,0,0,0,0,0,0,0,0,0,0,0,0,0,0,0,0,0,0,0,0,0,0,0,0,0,0,0,0,0,0,0,0,0,0,0,0,0,0,0,0,0,0,0,0,0,0,0,0,0,0,0,0,0,0,0,0,0,0,0,0,0,0,0,0,0,0,0,0,0,0,0,0,0,0,0,0,0,0,0,0,0,0,0,0,0,0,0,0,0,0,13248,0,4416,4416,4416,1,0,1,200,200,0,0,0,0,0,13248,0,4416,4416,4416,1,0,1,200,200,,,,,,,,,,,,,,,,,,,,,,,,,,,,,,,938.354,945.726,e25df9d23ec749f8e034933c04658a0ffc3334821f9bc3945ce6e7c42294ade3,28.666666666666668,8,merkle,42.0,1,189.387,189.387,1,1,2,400,8832,4,75,1,fanout_f32_l16,off,189.387,0,8,189.387,100,100,100,size-scaling-k75-c300-n3000000-f32-k75-c300-fanout_f32_l16-merkle-r8,1,1075,32,1,126,2150,23637.634,300,4416,3000000,1,
2,2,full,6,20635.00143289566,1,0,75,63,1,4,4,150,2150,2150,8832,4,0.155,0,0,0,0,300,mixed,1075,1,23661.610,size-scaling-k75-c300,32,0,1075,64,4,75,1,1,0,0,0,0,0,0,0,0,0,0,0,0,0,0,0,0,0,0,0,0,0,0,0,0,0,0,0,0,0,0,0,0,0,0,0,0,0,0,0,0,0,0,0,0,0,0,0,0,0,0,0,0,0,0,0,0,0,0,0,0,0,0,0,0,0,0,0,0,0,0,0,0,0,0,0,0,0,0,0,0,0,0,0,0,0,0,0,0,0,0,0,0,0,0,0,0,0,0,0,0,0,0,0,0,0,0,0,0,0,0,0,0,0,0,0,0,0,0,0,0,0,0,0,0,0,0,0,0,0,0,0,0,0,0,0,0,0,0,0,0,0,0,0,0,0,0,0,0,0,0,0,0,0,0,0,0,0,0,0,0,0,0,0,0,0,0,0,0,0,0,0,0,0,0,0,0,0,0,0,0,0,0,0,0,0,0,0,0,0,0,0,0,0,0,0,0,0,0,0,0,0,0,0,0,0,0,0,0,0,0,0,0,0,0,0,0,0,0,0,0,0,0,0,0,0,0,0,0,0,0,0,0,0,0,0,0,0,0,0,0,0,0,0,0,0,0,0,0,0,0,0,0,0,0,0,0,0,0,0,0,0,0,0,0,0,0,0,0,0,0,0,0,0,0,0,13248,0,4416,4416,4416,1,0,1,200,200,0,0,0,0,0,13248,0,4416,4416,4416,1,0,1,200,200,,,,,,,,,,,,,,,,,,,,,,,,,,,,,,,938.188,945.165,e25df9d23ec749f8e034933c04658a0ffc3334821f9bc3945ce6e7c42294ade3,28.666666666666668,8,merkle,42.0,1,191.512,191.512,1,1,2,400,8832,4,75,1,fanout_f32_l16,off,191.512,0,9,191.512,100,100,100,size-scaling-k75-c300-n3000000-f32-k75-c300-fanout_f32_l16-merkle-r9,1,1075,32,1,126,2150,23661.610,300,4416,3000000,1,
2,2,full,6,203371.83963823318,1,0,75,61,1,4,4,150,858,858,13504,6,0.151,0,0,0,0,300,mixed,429,1,206390.661,size-scaling-k75-c300,32,0,429,64,4,75,1,1,0,0,0,0,0,0,0,0,0,0,0,0,0,0,0,0,0,0,0,0,0,0,0,0,0,0,0,0,0,0,0,0,0,0,0,0,0,0,0,0,0,0,0,0,0,0,0,0,0,0,0,0,0,0,0,0,0,0,0,0,0,0,0,0,0,0,0,0,0,0,0,0,0,0,0,0,0,0,0,0,0,0,0,0,0,0,0,0,0,0,0,0,0,0,0,0,0,0,0,0,0,0,0,0,0,0,0,0,0,0,0,0,0,0,0,0,0,0,0,0,0,0,0,0,0,0,0,0,0,0,0,0,0,0,0,0,0,0,0,0,0,0,0,0,0,0,0,0,0,0,0,0,0,0,0,0,0,0,0,0,0,0,0,0,0,0,0,0,0,0,0,0,0,0,0,0,0,0,0,0,0,0,0,0,0,0,0,0,0,0,0,0,0,0,0,0,0,0,0,0,0,0,0,0,0,0,0,0,0,0,0,0,0,0,0,0,0,0,0,0,0,0,0,0,0,0,0,0,0,0,0,0,0,0,0,0,0,0,0,0,0,0,0,0,0,0,0,0,0,0,0,0,0,0,0,0,0,0,0,0,0,0,0,0,0,0,0,0,0,0,0,0,0,0,0,0,0,0,0,0,0,0,0,0,0,0,0,0,0,0,0,0,0,0,0,0,0,0,0,0,0,0,0,0,0,20256,0,6752,6752,6752,1,0,1,200,200,0,0,0,0,0,20256,0,6752,6752,6752,1,0,1,200,200,887.474,900.694,42d3d7b6a43793da2ea4c66c85c79436f0703abc03c676eba734b74386588bf0,11.44,8,merkle,17.0,1,226.538,226.538,1,1,2,400,13504,6,75,1,fanout_f32_l16,off,226.538,0,0,226.538,100,100,100,size-scaling-k75-c300-n30000000-f32-k75-c300-fanout_f32_l16-merkle-r0,1,429,32,1,122,858,206390.661,300,6752,30000000,1,
2,2,full,6,209124.78813648224,1,0,75,61,1,4,4,150,858,858,13504,6,0.146,0,0,0,0,300,mixed,429,1,212116.733,size-scaling-k75-c300,32,0,429,64,4,75,1,1,0,0,0,0,0,0,0,0,0,0,0,0,0,0,0,0,0,0,0,0,0,0,0,0,0,0,0,0,0,0,0,0,0,0,0,0,0,0,0,0,0,0,0,0,0,0,0,0,0,0,0,0,0,0,0,0,0,0,0,0,0,0,0,0,0,0,0,0,0,0,0,0,0,0,0,0,0,0,0,0,0,0,0,0,0,0,0,0,0,0,0,0,0,0,0,0,0,0,0,0,0,0,0,0,0,0,0,0,0,0,0,0,0,0,0,0,0,0,0,0,0,0,0,0,0,0,0,0,0,0,0,0,0,0,0,0,0,0,0,0,0,0,0,0,0,0,0,0,0,0,0,0,0,0,0,0,0,0,0,0,0,0,0,0,0,0,0,0,0,0,0,0,0,0,0,0,0,0,0,0,0,0,0,0,0,0,0,0,0,0,0,0,0,0,0,0,0,0,0,0,0,0,0,0,0,0,0,0,0,0,0,0,0,0,0,0,0,0,0,0,0,0,0,0,0,0,0,0,0,0,0,0,0,0,0,0,0,0,0,0,0,0,0,0,0,0,0,0,0,0,0,0,0,0,0,0,0,0,0,0,0,0,0,0,0,0,0,0,0,0,0,0,0,0,0,0,0,0,0,0,0,0,0,0,0,0,0,0,0,0,0,0,0,0,0,0,0,0,0,0,0,0,0,0,0,20256,0,6752,6752,6752,1,0,1,200,200,0,0,0,0,0,20256,0,6752,6752,6752,1,0,1,200,200,837.193,850.397,42d3d7b6a43793da2ea4c66c85c79436f0703abc03c676eba734b74386588bf0,11.44,8,merkle,17.0,1,251.339,251.339,1,1,2,400,13504,6,75,1,fanout_f32_l16,off,251.339,0,1,251.339,100,100,100,size-scaling-k75-c300-n30000000-f32-k75-c300-fanout_f32_l16-merkle-r1,1,429,32,1,122,858,212116.733,300,6752,30000000,1,
2,2,full,6,197391.50796365738,1,0,75,61,1,4,4,150,858,858,13504,6,0.148,0,0,0,0,300,mixed,429,1,200393.101,size-scaling-k75-c300,32,0,429,64,4,75,1,1,0,0,0,0,0,0,0,0,0,0,0,0,0,0,0,0,0,0,0,0,0,0,0,0,0,0,0,0,0,0,0,0,0,0,0,0,0,0,0,0,0,0,0,0,0,0,0,0,0,0,0,0,0,0,0,0,0,0,0,0,0,0,0,0,0,0,0,0,0,0,0,0,0,0,0,0,0,0,0,0,0,0,0,0,0,0,0,0,0,0,0,0,0,0,0,0,0,0,0,0,0,0,0,0,0,0,0,0,0,0,0,0,0,0,0,0,0,0,0,0,0,0,0,0,0,0,0,0,0,0,0,0,0,0,0,0,0,0,0,0,0,0,0,0,0,0,0,0,0,0,0,0,0,0,0,0,0,0,0,0,0,0,0,0,0,0,0,0,0,0,0,0,0,0,0,0,0,0,0,0,0,0,0,0,0,0,0,0,0,0,0,0,0,0,0,0,0,0,0,0,0,0,0,0,0,0,0,0,0,0,0,0,0,0,0,0,0,0,0,0,0,0,0,0,0,0,0,0,0,0,0,0,0,0,0,0,0,0,0,0,0,0,0,0,0,0,0,0,0,0,0,0,0,0,0,0,0,0,0,0,0,0,0,0,0,0,0,0,0,0,0,0,0,0,0,0,0,0,0,0,0,0,0,0,0,0,0,0,0,0,0,0,0,0,0,0,0,0,0,0,0,0,0,0,0,20256,0,6752,6752,6752,1,0,1,200,200,0,0,0,0,0,20256,0,6752,6752,6752,1,0,1,200,200,836.482,849.697,42d3d7b6a43793da2ea4c66c85c79436f0703abc03c676eba734b74386588bf0,11.44,8,merkle,17.0,1,261.756,261.756,1,1,2,400,13504,6,75,1,fanout_f32_l16,off,261.756,0,2,261.756,100,100,100,size-scaling-k75-c300-n30000000-f32-k75-c300-fanout_f32_l16-merkle-r2,1,429,32,1,122,858,200393.101,300,6752,30000000,1,
2,2,full,6,196993.9458603859,1,0,75,61,1,4,4,150,858,858,13504,6,0.164,0,0,0,0,300,mixed,429,1,200015.438,size-scaling-k75-c300,32,0,429,64,4,75,1,1,0,0,0,0,0,0,0,0,0,0,0,0,0,0,0,0,0,0,0,0,0,0,0,0,0,0,0,0,0,0,0,0,0,0,0,0,0,0,0,0,0,0,0,0,0,0,0,0,0,0,0,0,0,0,0,0,0,0,0,0,0,0,0,0,0,0,0,0,0,0,0,0,0,0,0,0,0,0,0,0,0,0,0,0,0,0,0,0,0,0,0,0,0,0,0,0,0,0,0,0,0,0,0,0,0,0,0,0,0,0,0,0,0,0,0,0,0,0,0,0,0,0,0,0,0,0,0,0,0,0,0,0,0,0,0,0,0,0,0,0,0,0,0,0,0,0,0,0,0,0,0,0,0,0,0,0,0,0,0,0,0,0,0,0,0,0,0,0,0,0,0,0,0,0,0,0,0,0,0,0,0,0,0,0,0,0,0,0,0,0,0,0,0,0,0,0,0,0,0,0,0,0,0,0,0,0,0,0,0,0,0,0,0,0,0,0,0,0,0,0,0,0,0,0,0,0,0,0,0,0,0,0,0,0,0,0,0,0,0,0,0,0,0,0,0,0,0,0,0,0,0,0,0,0,0,0,0,0,0,0,0,0,0,0,0,0,0,0,0,0,0,0,0,0,0,0,0,0,0,0,0,0,0,0,0,0,0,0,0,0,0,0,0,0,0,0,0,0,0,0,0,0,0,0,0,20256,0,6752,6752,6752,1,0,1,200,200,0,0,0,0,0,20256,0,6752,6752,6752,1,0,1,200,200,888.235,901.191,42d3d7b6a43793da2ea4c66c85c79436f0703abc03c676eba734b74386588bf0,11.44,8,merkle,17.0,1,230.819,230.819,1,1,2,400,13504,6,75,1,fanout_f32_l16,off,230.819,0,3,230.819,100,100,100,size-scaling-k75-c300-n30000000-f32-k75-c300-fanout_f32_l16-merkle-r3,1,429,32,1,122,858,200015.438,300,6752,30000000,1,
2,2,full,6,197492.71193885803,1,0,75,61,1,4,4,150,858,858,13504,6,0.150,0,0,0,0,300,mixed,429,1,200511.459,size-scaling-k75-c300,32,0,429,64,4,75,1,1,0,0,0,0,0,0,0,0,0,0,0,0,0,0,0,0,0,0,0,0,0,0,0,0,0,0,0,0,0,0,0,0,0,0,0,0,0,0,0,0,0,0,0,0,0,0,0,0,0,0,0,0,0,0,0,0,0,0,0,0,0,0,0,0,0,0,0,0,0,0,0,0,0,0,0,0,0,0,0,0,0,0,0,0,0,0,0,0,0,0,0,0,0,0,0,0,0,0,0,0,0,0,0,0,0,0,0,0,0,0,0,0,0,0,0,0,0,0,0,0,0,0,0,0,0,0,0,0,0,0,0,0,0,0,0,0,0,0,0,0,0,0,0,0,0,0,0,0,0,0,0,0,0,0,0,0,0,0,0,0,0,0,0,0,0,0,0,0,0,0,0,0,0,0,0,0,0,0,0,0,0,0,0,0,0,0,0,0,0,0,0,0,0,0,0,0,0,0,0,0,0,0,0,0,0,0,0,0,0,0,0,0,0,0,0,0,0,0,0,0,0,0,0,0,0,0,0,0,0,0,0,0,0,0,0,0,0,0,0,0,0,0,0,0,0,0,0,0,0,0,0,0,0,0,0,0,0,0,0,0,0,0,0,0,0,0,0,0,0,0,0,0,0,0,0,0,0,0,0,0,0,0,0,0,0,0,0,0,0,0,0,0,0,0,0,0,0,0,0,0,0,0,0,0,0,20256,0,6752,6752,6752,1,0,1,200,200,0,0,0,0,0,20256,0,6752,6752,6752,1,0,1,200,200,887.741,900.992,42d3d7b6a43793da2ea4c66c85c79436f0703abc03c676eba734b74386588bf0,11.44,8,merkle,17.0,1,227.594,227.594,1,1,2,400,13504,6,75,1,fanout_f32_l16,off,227.594,0,4,227.594,100,100,100,size-scaling-k75-c300-n30000000-f32-k75-c300-fanout_f32_l16-merkle-r4,1,429,32,1,122,858,200511.459,300,6752,30000000,1,
2,2,full,6,197036.99180698395,1,0,75,61,1,4,4,150,858,858,13504,6,0.146,0,0,0,0,300,mixed,429,1,200016.232,size-scaling-k75-c300,32,0,429,64,4,75,1,1,0,0,0,0,0,0,0,0,0,0,0,0,0,0,0,0,0,0,0,0,0,0,0,0,0,0,0,0,0,0,0,0,0,0,0,0,0,0,0,0,0,0,0,0,0,0,0,0,0,0,0,0,0,0,0,0,0,0,0,0,0,0,0,0,0,0,0,0,0,0,0,0,0,0,0,0,0,0,0,0,0,0,0,0,0,0,0,0,0,0,0,0,0,0,0,0,0,0,0,0,0,0,0,0,0,0,0,0,0,0,0,0,0,0,0,0,0,0,0,0,0,0,0,0,0,0,0,0,0,0,0,0,0,0,0,0,0,0,0,0,0,0,0,0,0,0,0,0,0,0,0,0,0,0,0,0,0,0,0,0,0,0,0,0,0,0,0,0,0,0,0,0,0,0,0,0,0,0,0,0,0,0,0,0,0,0,0,0,0,0,0,0,0,0,0,0,0,0,0,0,0,0,0,0,0,0,0,0,0,0,0,0,0,0,0,0,0,0,0,0,0,0,0,0,0,0,0,0,0,0,0,0,0,0,0,0,0,0,0,0,0,0,0,0,0,0,0,0,0,0,0,0,0,0,0,0,0,0,0,0,0,0,0,0,0,0,0,0,0,0,0,0,0,0,0,0,0,0,0,0,0,0,0,0,0,0,0,0,0,0,0,0,0,0,0,0,0,0,0,0,0,0,0,0,0,20256,0,6752,6752,6752,1,0,1,200,200,0,0,0,0,0,20256,0,6752,6752,6752,1,0,1,200,200,836.872,849.877,42d3d7b6a43793da2ea4c66c85c79436f0703abc03c676eba734b74386588bf0,11.44,8,merkle,17.0,1,238.789,238.789,1,1,2,400,13504,6,75,1,fanout_f32_l16,off,238.789,0,5,238.789,100,100,100,size-scaling-k75-c300-n30000000-f32-k75-c300-fanout_f32_l16-merkle-r5,1,429,32,1,122,858,200016.232,300,6752,30000000,1,
2,2,full,6,197667.06719589233,1,0,75,61,1,4,4,150,858,858,13504,6,0.201,0,0,0,0,300,mixed,429,1,200684.547,size-scaling-k75-c300,32,0,429,64,4,75,1,1,0,0,0,0,0,0,0,0,0,0,0,0,0,0,0,0,0,0,0,0,0,0,0,0,0,0,0,0,0,0,0,0,0,0,0,0,0,0,0,0,0,0,0,0,0,0,0,0,0,0,0,0,0,0,0,0,0,0,0,0,0,0,0,0,0,0,0,0,0,0,0,0,0,0,0,0,0,0,0,0,0,0,0,0,0,0,0,0,0,0,0,0,0,0,0,0,0,0,0,0,0,0,0,0,0,0,0,0,0,0,0,0,0,0,0,0,0,0,0,0,0,0,0,0,0,0,0,0,0,0,0,0,0,0,0,0,0,0,0,0,0,0,0,0,0,0,0,0,0,0,0,0,0,0,0,0,0,0,0,0,0,0,0,0,0,0,0,0,0,0,0,0,0,0,0,0,0,0,0,0,0,0,0,0,0,0,0,0,0,0,0,0,0,0,0,0,0,0,0,0,0,0,0,0,0,0,0,0,0,0,0,0,0,0,0,0,0,0,0,0,0,0,0,0,0,0,0,0,0,0,0,0,0,0,0,0,0,0,0,0,0,0,0,0,0,0,0,0,0,0,0,0,0,0,0,0,0,0,0,0,0,0,0,0,0,0,0,0,0,0,0,0,0,0,0,0,0,0,0,0,0,0,0,0,0,0,0,0,0,0,0,0,0,0,0,0,0,0,0,0,0,0,0,0,0,20256,0,6752,6752,6752,1,0,1,200,200,0,0,0,0,0,20256,0,6752,6752,6752,1,0,1,200,200,886.695,899.624,42d3d7b6a43793da2ea4c66c85c79436f0703abc03c676eba734b74386588bf0,11.44,8,merkle,17.0,1,227.553,227.553,1,1,2,400,13504,6,75,1,fanout_f32_l16,off,227.553,0,6,227.553,100,100,100,size-scaling-k75-c300-n30000000-f32-k75-c300-fanout_f32_l16-merkle-r6,1,429,32,1,122,858,200684.547,300,6752,30000000,1,
2,2,full,6,197144.2946062088,1,0,75,61,1,4,4,150,858,858,13504,6,0.148,0,0,0,0,300,mixed,429,1,200163.178,size-scaling-k75-c300,32,0,429,64,4,75,1,1,0,0,0,0,0,0,0,0,0,0,0,0,0,0,0,0,0,0,0,0,0,0,0,0,0,0,0,0,0,0,0,0,0,0,0,0,0,0,0,0,0,0,0,0,0,0,0,0,0,0,0,0,0,0,0,0,0,0,0,0,0,0,0,0,0,0,0,0,0,0,0,0,0,0,0,0,0,0,0,0,0,0,0,0,0,0,0,0,0,0,0,0,0,0,0,0,0,0,0,0,0,0,0,0,0,0,0,0,0,0,0,0,0,0,0,0,0,0,0,0,0,0,0,0,0,0,0,0,0,0,0,0,0,0,0,0,0,0,0,0,0,0,0,0,0,0,0,0,0,0,0,0,0,0,0,0,0,0,0,0,0,0,0,0,0,0,0,0,0,0,0,0,0,0,0,0,0,0,0,0,0,0,0,0,0,0,0,0,0,0,0,0,0,0,0,0,0,0,0,0,0,0,0,0,0,0,0,0,0,0,0,0,0,0,0,0,0,0,0,0,0,0,0,0,0,0,0,0,0,0,0,0,0,0,0,0,0,0,0,0,0,0,0,0,0,0,0,0,0,0,0,0,0,0,0,0,0,0,0,0,0,0,0,0,0,0,0,0,0,0,0,0,0,0,0,0,0,0,0,0,0,0,0,0,0,0,0,0,0,0,0,0,0,0,0,0,0,0,0,0,0,0,0,0,0,20256,0,6752,6752,6752,1,0,1,200,200,0,0,0,0,0,20256,0,6752,6752,6752,1,0,1,200,200,887.434,900.536,42d3d7b6a43793da2ea4c66c85c79436f0703abc03c676eba734b74386588bf0,11.44,8,merkle,17.0,1,227.683,227.683,1,1,2,400,13504,6,75,1,fanout_f32_l16,off,227.683,0,7,227.683,100,100,100,size-scaling-k75-c300-n30000000-f32-k75-c300-fanout_f32_l16-merkle-r7,1,429,32,1,122,858,200163.178,300,6752,30000000,1,
2,2,full,6,197548.32682657242,1,0,75,61,1,4,4,150,858,858,13504,6,0.150,0,0,0,0,300,mixed,429,1,200536.309,size-scaling-k75-c300,32,0,429,64,4,75,1,1,0,0,0,0,0,0,0,0,0,0,0,0,0,0,0,0,0,0,0,0,0,0,0,0,0,0,0,0,0,0,0,0,0,0,0,0,0,0,0,0,0,0,0,0,0,0,0,0,0,0,0,0,0,0,0,0,0,0,0,0,0,0,0,0,0,0,0,0,0,0,0,0,0,0,0,0,0,0,0,0,0,0,0,0,0,0,0,0,0,0,0,0,0,0,0,0,0,0,0,0,0,0,0,0,0,0,0,0,0,0,0,0,0,0,0,0,0,0,0,0,0,0,0,0,0,0,0,0,0,0,0,0,0,0,0,0,0,0,0,0,0,0,0,0,0,0,0,0,0,0,0,0,0,0,0,0,0,0,0,0,0,0,0,0,0,0,0,0,0,0,0,0,0,0,0,0,0,0,0,0,0,0,0,0,0,0,0,0,0,0,0,0,0,0,0,0,0,0,0,0,0,0,0,0,0,0,0,0,0,0,0,0,0,0,0,0,0,0,0,0,0,0,0,0,0,0,0,0,0,0,0,0,0,0,0,0,0,0,0,0,0,0,0,0,0,0,0,0,0,0,0,0,0,0,0,0,0,0,0,0,0,0,0,0,0,0,0,0,0,0,0,0,0,0,0,0,0,0,0,0,0,0,0,0,0,0,0,0,0,0,0,0,0,0,0,0,0,0,0,0,0,0,0,0,0,20256,0,6752,6752,6752,1,0,1,200,200,0,0,0,0,0,20256,0,6752,6752,6752,1,0,1,200,200,836.842,850.067,42d3d7b6a43793da2ea4c66c85c79436f0703abc03c676eba734b74386588bf0,11.44,8,merkle,17.0,1,247.140,247.140,1,1,2,400,13504,6,75,1,fanout_f32_l16,off,247.140,0,8,247.140,100,100,100,size-scaling-k75-c300-n30000000-f32-k75-c300-fanout_f32_l16-merkle-r8,1,429,32,1,122,858,200536.309,300,6752,30000000,1,
2,2,full,6,200270.84633350372,1,0,75,61,1,4,4,150,858,858,13504,6,0.149,0,0,0,0,300,mixed,429,1,203251.424,size-scaling-k75-c300,32,0,429,64,4,75,1,1,0,0,0,0,0,0,0,0,0,0,0,0,0,0,0,0,0,0,0,0,0,0,0,0,0,0,0,0,0,0,0,0,0,0,0,0,0,0,0,0,0,0,0,0,0,0,0,0,0,0,0,0,0,0,0,0,0,0,0,0,0,0,0,0,0,0,0,0,0,0,0,0,0,0,0,0,0,0,0,0,0,0,0,0,0,0,0,0,0,0,0,0,0,0,0,0,0,0,0,0,0,0,0,0,0,0,0,0,0,0,0,0,0,0,0,0,0,0,0,0,0,0,0,0,0,0,0,0,0,0,0,0,0,0,0,0,0,0,0,0,0,0,0,0,0,0,0,0,0,0,0,0,0,0,0,0,0,0,0,0,0,0,0,0,0,0,0,0,0,0,0,0,0,0,0,0,0,0,0,0,0,0,0,0,0,0,0,0,0,0,0,0,0,0,0,0,0,0,0,0,0,0,0,0,0,0,0,0,0,0,0,0,0,0,0,0,0,0,0,0,0,0,0,0,0,0,0,0,0,0,0,0,0,0,0,0,0,0,0,0,0,0,0,0,0,0,0,0,0,0,0,0,0,0,0,0,0,0,0,0,0,0,0,0,0,0,0,0,0,0,0,0,0,0,0,0,0,0,0,0,0,0,0,0,0,0,0,0,0,0,0,0,0,0,0,0,0,0,0,0,0,0,0,0,0,20256,0,6752,6752,6752,1,0,1,200,200,0,0,0,0,0,20256,0,6752,6752,6752,1,0,1,200,200,836.447,849.565,42d3d7b6a43793da2ea4c66c85c79436f0703abc03c676eba734b74386588bf0,11.44,8,merkle,17.0,1,240.365,240.365,1,1,2,400,13504,6,75,1,fanout_f32_l16,off,240.365,0,9,240.365,100,100,100,size-scaling-k75-c300-n30000000-f32-k75-c300-fanout_f32_l16-merkle-r9,1,429,32,1,122,858,203251.424,300,6752,30000000,1,
