tx_idx,latency_ms
0,418.5271
1,418.5244
2,418.5297
3,418.5176
4,418.5228
5,418.5213
6,418.5221
7,418.5187
8,418.5253
9,418.5196
10,418.5260
11,418.5201
12,418.5278
13,418.5304
14,418.5285
15,418.5204
16,418.5289
17,418.5334
18,418.5345
19,418.5308
20,418.5367
21,418.5312
22,418.5374
23,418.5315
24,418.5352
25,418.5389
26,418.5360
27,418.5397
28,418.5381
29,418.5319
30,418.5323
31,418.5418
32,418.5327
33,418.5338
34,418.5400
35,418.5404
36,418.5407
37,418.5501
38,418.5457
39,418.5411
40,418.5471
41,418.5423
42,418.5426
43,418.5479
44,418.5430
45,418.5435
46,418.5486
47,418.5493
48,418.5439
49,418.5443
50,418.5446
51,418.5450
52,418.5464
53,418.5536
54,418.5528
55,418.5591
56,418.5504
57,418.5547
58,418.5508
59,418.5513
60,418.5561
61,418.5516
62,418.5521
63,418.5569
64,418.5576
65,418.5583
66,418.5554
67,418.5645
68,418.5628
69,418.5539
70,418.5638
71,418.5594
72,418.5656
73,418.5598
74,418.5603
75,418.5606
76,418.5610
77,418.5613
78,418.5685
79,418.5617
80,418.5621
81,418.5670
82,418.5678
83,418.5699
84,418.5706
85,418.5649
86,418.5713
87,418.5721
88,418.5660
89,418.5663
90,418.5728
91,418.5750
92,418.5735
93,418.5742
94,418.5757
95,418.5688
96,418.5764
97,418.5785
98,418.5692
99,418.5793
100,418.5808
101,418.5816
102,418.5848
103,418.5826
104,418.5833
105,418.5840
106,418.5900
107,418.5769
108,418.5876
109,418.5883
110,418.5774
111,418.5777
112,418.5868
113,418.5891
114,418.5797
115,418.5801
116,418.5851
117,418.5855
118,418.5859
119,418.5919
120,418.5911
121,418.5926
122,418.5904
123,418.6069
124,418.5931
125,418.5934
126,418.5938
127,418.5953
128,418.5947
129,418.6061
130,418.5982
131,418.5957
132,418.5960
133,418.6096
134,418.5964
135,418.5968
136,418.5971
137,418.5975
138,418.6138
139,418.6146
140,418.6073
141,418.6153
142,418.6161
143,418.6078
144,418.6123
145,418.6131
146,418.6081
147,418.6086
148,418.6168
149,418.6099
150,418.6103
151,418.6107
152,418.6111
153,418.6114
154,418.6201
155,418.6231
156,418.6239
157,418.6249
158,418.6256
159,418.6265
160,418.6172
161,418.6175
162,418.6179
163,418.6212
164,418.6183
165,418.6186
166,418.6190
167,418.6220
168,418.6194
169,418.6297
170,418.6309
171,418.6353
172,418.6360
173,418.6269
174,418.6368
175,418.6273
176,418.6316
177,418.6277
178,418.6324
179,418.6331
180,418.6338
181,418.6346
182,418.6281
183,418.6285
184,418.6288
185,418.6301
186,418.6410
187,418.6371
188,418.6375
189,418.6430
190,418.6379
191,418.6382
192,418.6386
193,418.6452
194,418.6459
195,418.6390
196,418.6422
197,418.6466
198,418.6490
199,418.6394
200,418.6399
201,418.6402
202,418.6475
203,418.6482
204,418.6413
205,418.6433
206,418.6437
207,418.6441
208,418.6444
209,418.6493
210,418.6497
211,418.6500
212,418.6529
213,418.6537
214,418.6544
215,418.6504
216,418.6551
217,418.6509
218,418.6558
219,418.6580
220,418.6587
221,418.6513
222,418.6607
223,418.6637
224,418.6517
225,418.6522
226,418.6573
227,418.6595
228,418.6615
229,418.6622
230,418.6629
231,418.6598
232,418.6685
233,418.6693
234,418.6700
235,418.6640
236,418.6648
237,418.6707
238,418.6714
239,418.6729
240,418.6661
241,418.6722
242,418.6669
243,418.6677
244,418.6652
245,418.6767
246,418.6734
247,418.6737
248,418.6784
249,418.6741
250,419.1659
251,419.1668
252,418.6746
253,419.1676
254,419.1683
255,418.6749
256,418.0444
257,418.0449
258,418.5405
259,418.5415
260,418.5425
261,418.0461
262,418.5433
263,418.0465
264,418.5440
265,418.5378
266,418.5383
267,418.5386
268,418.5447
269,418.5391
270,418.5396
271,418.5496
272,418.5471
273,418.5480
274,418.5489
275,418.5512
276,418.5519
277,418.5527
278,418.5536
279,418.5451
280,418.5456
281,418.5559
282,418.5460
283,418.5566
284,418.5573
285,418.5463
286,418.5580
287,418.5504
288,418.5588
289,418.5501
290,418.5611
291,418.5540
292,418.5543
293,418.5547
294,418.5550
295,418.5618
296,418.5625
297,418.5591
298,418.5596
299,418.5656
300,418.5663
301,418.5600
302,418.5603
303,418.5670
304,418.5648
305,418.5677
306,418.5685
307,418.5692
308,418.5700
309,418.5629
310,418.5633
311,418.5636
312,418.5707
313,418.5715
314,418.5640
315,418.5718
316,418.5722
317,418.5773
318,418.5732
319,418.5766
320,418.5736
321,418.5784
322,418.5740
323,418.5792
324,418.5799
325,418.5746
326,418.5750
327,418.5806
328,418.5814
329,418.5821
330,418.5828
331,418.5754
332,418.5758
333,418.5777
334,418.5861
335,418.5888
336,418.5873
337,418.5895
338,418.5903
339,418.5881
340,418.5910
341,418.5918
342,418.5832
343,418.5926
344,418.5838
345,418.5933
346,418.5842
347,418.5846
348,418.5849
349,418.5853
350,418.5865
351,418.5970
352,418.5937
353,418.6015
354,418.5940
355,418.5944
356,418.5984
357,418.5991
358,418.5999
359,418.6022
360,418.6030
361,418.5948
362,418.5951
363,418.6008
364,418.5955
365,418.5958
366,418.5962
367,418.5973
368,418.5977
369,418.6034
370,418.6061
371,418.6072
372,418.6080
373,418.6087
374,418.6133
375,418.6095
376,418.6037
377,418.6103
378,418.6110
379,418.6041
380,418.6140
381,418.6045
382,418.6118
383,418.6125
384,418.6049
385,418.6054
386,418.6065
387,418.6190
388,418.6144
389,418.6148
390,418.6151
391,418.6201
392,418.6155
393,418.6159
394,418.6242
395,418.6219
396,418.6162
397,418.6167
398,418.6249
399,418.6170
400,418.6174
401,418.6177
402,418.6181
403,418.6227
404,418.6234
405,418.6212
406,418.6193
407,418.6204
408,418.6280
409,418.6287
410,418.6253
411,418.6294
412,418.6301
413,418.6258
414,418.6309
415,418.6334
416,418.6327
417,418.6262
418,418.6361
419,418.6368
420,418.6375
421,418.6382
422,418.6266
423,418.6351
424,418.6417
425,418.6312
426,418.6316
427,418.6424
428,418.6431
429,418.6320
430,418.6438
431,418.6339
432,418.6408
433,418.6343
434,418.6386
435,418.6390
436,418.6457
437,418.6393
438,418.6398
439,418.6446
440,418.6449
441,418.6503
442,418.6461
443,418.6496
444,418.6519
445,418.6465
446,418.6527
447,418.6469
448,418.6542
449,418.6549
450,418.6556
451,418.6473
452,418.6477
453,418.6481
454,418.6485
455,418.6489
456,418.6564
457,418.6507
458,418.6511
459,418.6530
460,418.6602
461,418.6609
462,418.6534
463,418.6616
464,418.6635
465,418.6568
466,418.6573
467,418.6576
468,418.6580
469,418.6642
470,418.6583
471,418.6587
472,418.6650
473,418.6591
474,418.6594
475,418.6657
476,418.6691
477,418.6620
478,418.6624
479,418.6628
480,418.6661
481,418.6664
482,418.6668
483,418.6714
484,418.6721
485,418.6671
486,418.6736
487,418.6729
488,418.6675
489,418.6679
490,418.6752
491,418.6683
492,418.6695
493,418.6698
494,418.6702
495,418.6775
496,418.6759
497,418.6768
498,418.6705
499,418.6740
500,418.6744
501,418.6807
502,419.0189
503,419.0196
504,418.6778
505,419.0204
506,418.6784
507,418.6788
508,418.6791
509,418.6795
510,418.6799
511,419.0240
512,418.0714
513,418.0720
514,418.4135
515,418.0724
516,418.0728
517,418.4083
518,418.4111
519,418.4115
520,418.4184
521,418.4119
522,418.4191
523,418.4169
524,418.4123
525,418.4177
526,418.4128
527,418.4147
528,418.4151
529,418.4154
530,418.4158
531,418.4237
532,418.4221
533,418.4310
534,418.4161
535,418.4229
536,418.4195
537,418.4244
538,418.4253
539,418.4270
540,418.4199
541,418.4206
542,418.4278
543,418.4285
544,418.4263
545,418.4210
546,418.4213
547,418.4293
548,418.4302
549,418.4313
550,418.4317
551,418.4352
552,418.4320
553,418.4327
554,418.4330
555,418.4391
556,418.4398
557,418.4423
558,418.4407
559,418.4334
560,418.4414
561,418.4338
562,418.4369
563,418.4376
564,418.4341
565,418.4384
566,418.4345
567,418.4446
568,418.4357
569,418.4361
570,418.4482
571,418.4427
572,418.4489
573,418.4497
574,418.4430
575,418.4435
576,418.4459
577,418.4512
578,418.4466
579,418.4439
580,418.4520
581,418.4474
582,418.4527
583,418.4451
584,418.4560
585,418.4568
586,418.4501
587,418.4625
588,418.4505
589,418.4633
590,418.4646
591,418.4530
592,418.4534
593,418.4539
594,418.4598
595,418.4605
596,418.4542
597,418.4547
598,418.4617
599,418.4551
600,418.4572
601,418.4576
602,418.4580
603,418.4702
604,418.4713
605,418.4650
606,418.4720
607,418.4654
608,418.4663
609,418.4667
610,418.4672
611,418.4676
612,418.4746
613,418.4753
614,418.4760
615,418.4679
616,418.4771
617,418.4686
618,418.4694
619,418.4705
620,418.4724
621,418.4728
622,418.4731
623,418.4735
624,418.4790
625,418.4739
626,418.4797
627,418.4830
628,418.4778
629,418.4870
630,418.4783
631,418.4882
632,418.4923
633,418.4931
634,418.4938
635,418.4802
636,418.4810
637,418.4813
638,418.4908
639,418.4817
640,418.4850
641,418.4823
642,418.4915
643,418.4835
644,418.4843
645,418.4942
646,418.4989
647,418.4946
648,418.4957
649,418.4996
650,418.5003
651,418.5011
652,418.5028
653,418.4961
654,418.5020
655,418.4970
656,418.4967
657,418.5061
658,418.4974
659,418.4978
660,418.4981
661,418.5053
662,418.5031
663,418.5035
664,418.5081
665,418.5104
666,418.5112
667,418.5038
668,418.5119
669,418.5126
670,418.5133
671,418.5042
672,418.5046
673,418.5064
674,418.5141
675,418.5088
676,418.5068
677,418.5148
678,418.5097
679,418.5072
680,418.5178
681,418.5206
682,418.5152
683,418.5156
684,418.5159
685,418.5215
686,418.5222
687,418.5230
688,418.5191
689,418.5198
690,418.5163
691,418.5256
692,418.5168
693,418.5171
694,418.5283
695,418.5267
696,418.5182
697,418.5234
698,418.5238
699,418.5312
700,418.5241
701,418.5245
702,418.5319
703,418.5335
704,418.5295
705,418.5248
706,418.5328
707,418.5271
708,418.5274
709,418.5303
710,418.5365
711,418.5372
712,418.5286
713,418.5379
714,418.5387
715,418.5341
716,418.5416
717,418.5442
718,418.5345
719,418.5425
720,418.5349
721,418.5354
722,418.5399
723,418.5435
724,418.5357
725,418.5408
726,418.5471
727,418.5507
728,418.5514
729,418.5391
730,418.5521
731,418.5528
732,418.5446
733,418.5449
734,418.5536
735,418.5453
736,418.5482
737,418.5457
738,418.5490
739,418.5460
740,418.5499
741,418.5464
742,418.5475
743,418.5588
744,418.5539
745,418.5543
746,418.5547
747,418.5602
748,418.5550
749,418.5554
750,418.5558
751,418.5572
752,418.5561
753,418.5565
754,418.5568
755,418.5636
756,418.5643
757,418.5575
758,418.5579
759,418.5591
760,419.0317
761,418.5595
762,419.0325
763,418.5607
764,418.5611
765,419.0333
766,418.5614
767,419.0344
768,417.9531
769,417.9536
770,417.9542
771,418.4293
772,418.4308
773,418.4301
774,417.9564
775,418.4221
776,418.4262
777,418.4266
778,418.4270
779,418.4332
780,418.4274
781,418.4278
782,418.4340
783,418.4347
784,418.4316
785,418.4281
786,418.4285
787,418.4320
788,418.4361
789,418.4364
790,418.4395
791,418.4403
792,418.4368
793,418.4418
794,418.4426
795,418.4443
796,418.4460
797,418.4375
798,418.4558
799,418.4574
800,418.4488
801,418.4429
802,418.4496
803,418.4514
804,418.4523
805,418.4531
806,418.4550
807,418.4608
808,418.4615
809,418.4434
810,418.4623
811,418.4464
812,418.4472
813,418.4630
814,418.4638
815,418.4581
816,418.4648
817,418.4585
818,418.4589
819,418.4592
820,418.4671
821,418.4596
822,418.4600
823,418.4679
824,418.4686
825,418.4703
826,418.4711
827,418.4767
828,418.4695
829,418.4735
830,418.4774
831,418.4744
832,418.4652
833,418.4656
834,418.4660
835,418.4664
836,418.4728
837,418.4751
838,418.4760
839,418.4715
840,418.4805
841,418.4718
842,418.4812
843,418.4830
844,418.4778
845,418.4838
846,418.4782
847,418.4786
848,418.4789
849,418.4794
850,418.4797
851,418.4866
852,418.4875
853,418.4882
854,418.4899
855,418.4816
856,418.4820
857,418.4823
858,418.4891
859,418.4842
860,418.4922
861,418.4846
862,418.4850
863,418.4929
864,418.4853
865,418.4944
866,418.4858
867,418.4952
868,418.4959
869,418.4975
870,418.4902
871,418.4906
872,418.4967
873,418.4910
874,418.5057
875,418.4914
876,418.4933
877,418.5018
878,418.4937
879,418.5026
880,418.5002
881,418.5010
882,418.4979
883,418.4983
884,418.5033
885,418.4987
886,418.5042
887,418.4990
888,418.4994
889,418.5050
890,418.5061
891,418.5065
892,418.5072
893,418.5076
894,418.5079
895,418.5163
896,418.5069
897,418.5110
898,418.5193
899,418.5083
900,418.5087
901,418.5091
902,418.5118
903,418.5094
904,418.5126
905,418.5099
906,418.5134
907,418.5141
908,418.5103
909,418.5148
910,418.5156
911,418.5167
912,418.5174
913,418.5181
914,418.5231
915,418.5196
916,418.5263
917,418.5200
918,418.5204
919,418.5270
920,418.5207
921,418.5211
922,418.5215
923,418.5277
924,418.5285
925,418.5292
926,418.5218
927,418.5222
928,418.5248
929,418.5255
930,418.5234
931,418.5239
932,418.5296
933,418.5333
934,418.5299
935,418.5347
936,418.5355
937,418.5386
938,418.5303
939,418.5364
940,418.5307
941,418.5311
942,418.5371
943,418.5394
944,418.5314
945,418.5340
946,418.5319
947,418.5378
948,418.5324
949,418.5419
950,418.5429
951,418.5436
952,418.5444
953,418.5399
954,418.5452
955,418.5459
956,418.5467
957,418.5486
958,418.5494
959,418.5502
960,418.5404
961,418.5553
962,418.5408
963,418.5478
964,418.5412
965,418.5529
966,418.5536
967,418.5471
968,418.5505
969,418.5564
970,418.5571
971,418.5509
972,418.5513
973,418.5579
974,418.5517
975,418.5520
976,418.5545
977,418.5620
978,418.5582
979,418.5587
980,418.5630
981,418.5590
982,418.5638
983,418.5653
984,418.5646
985,418.5594
986,418.5598
987,418.5601
988,418.5605
989,418.5609
990,418.5665
991,418.5672
992,418.5612
993,418.5701
994,418.5623
995,418.5708
996,418.5676
997,418.5719
998,418.5727
999,418.5681
1000,418.5734
1001,418.5685
1002,418.5689
1003,418.5745
1004,418.5693
1005,418.5752
1006,418.5760
1007,418.5767
1008,418.5809
1009,418.5816
1010,418.5712
1011,418.5802
1012,418.9507
1013,418.5839
1014,418.5771
1015,418.5774
1016,418.5778
1017,418.5781
1018,418.5847
1019,418.5785
1020,418.5789
1021,418.5854
1022,418.5793
1023,418.9480
1024,418.3096
1025,418.3105
1026,417.9427
1027,417.9437
1028,418.3139
1029,418.3168
1030,418.3176
1031,418.3185
1032,418.3119
1033,418.3192
1034,418.3123
1035,418.3127
1036,418.3201
1037,418.3209
1038,418.3217
1039,418.3225
1040,418.3152
1041,418.3131
1042,418.3233
1043,418.3160
1044,418.3143
1045,418.3270
1046,418.3236
1047,418.3300
1048,418.3240
1049,418.3308
1050,418.3323
1051,418.3244
1052,418.3248
1053,418.3251
1054,418.3262
1055,418.3315
1056,418.3277
1057,418.3255
1058,418.3259
1059,418.3285
1060,418.3292
1061,418.3351
1062,418.3359
1063,418.3370
1064,418.3378
1065,418.3385
1066,418.3327
1067,418.3330
1068,418.3392
1069,418.3400
1070,418.3413
1071,418.3422
1072,418.3447
1073,418.3455
1074,418.3334
1075,418.3340
1076,418.3344
1077,418.3363
1078,418.3440
1079,418.3425
1080,418.3429
1081,418.3566
1082,418.3480
1083,418.3490
1084,418.3497
1085,418.3505
1086,418.3512
1087,418.3559
1088,418.3522
1089,418.3459
1090,418.3529
1091,418.3463
1092,418.3544
1093,418.3467
1094,418.3552
1095,418.3537
1096,418.3472
1097,418.3588
1098,418.3596
1099,418.3570
1100,418.3612
1101,418.3605
1102,418.3575
1103,418.3579
1104,418.3658
1105,418.3616
1106,418.3666
1107,418.3621
1108,418.3624
1109,418.3629
1110,418.3681
1111,418.3633
1112,418.3673
1113,418.3708
1114,418.3637
1115,418.3647
1116,418.3733
1117,418.3651
1118,418.3741
1119,418.3748
1120,418.3686
1121,418.3690
1122,418.3726
1123,418.3695
1124,418.3699
1125,418.3777
1126,418.3785
1127,418.3792
1128,418.3803
1129,418.3811
1130,418.3711
1131,418.3716
1132,418.3752
1133,418.3755
1134,418.3759
1135,418.3852
1136,418.3763
1137,418.3766
1138,418.3837
1139,418.3770
1140,418.3844
1141,418.3870
1142,418.3880
1143,418.3814
1144,418.3819
1145,418.3887
1146,418.3895
1147,418.3925
1148,418.3822
1149,418.3826
1150,418.3830
1151,418.3859
1152,418.3855
1153,418.3863
1154,418.3910
1155,418.3918
1156,418.3983
1157,418.3961
1158,418.3968
1159,418.3898
1160,418.3902
1161,418.3991
1162,418.3976
1163,418.3929
1164,418.3933
1165,418.3936
1166,418.4017
1167,418.3943
1168,418.3940
1169,418.3947
1170,418.4034
1171,418.4010
1172,418.4043
1173,418.4050
1174,418.4057
1175,418.3995
1176,418.3999
1177,418.4065
1178,418.4072
1179,418.4002
1180,418.4080
1181,418.4088
1182,418.4126
1183,418.4133
1184,418.4022
1185,418.4026
1186,418.4148
1187,418.4155
1188,418.4091
1189,418.4096
1190,418.4099
1191,418.4103
1192,418.4107
1193,418.4111
1194,418.4162
1195,418.4114
1196,418.4196
1197,418.4118
1198,418.4137
1199,418.4140
1200,418.4181
1201,418.4188
1202,418.4214
1203,418.4245
1204,418.4166
1205,418.4222
1206,418.4231
1207,418.4238
1208,418.4170
1209,418.4173
1210,418.4307
1211,418.4253
1212,418.4199
1213,418.4203
1214,418.4261
1215,418.4207
1216,418.4268
1217,418.4314
1218,418.4272
1219,418.4290
1220,418.4298
1221,418.4384
1222,418.4277
1223,418.4280
1224,418.4338
1225,418.4346
1226,418.4318
1227,418.4353
1228,418.4323
1229,418.4361
1230,418.4368
1231,418.4376
1232,418.4403
1233,418.4410
1234,418.4418
1235,418.4326
1236,418.4330
1237,418.4425
1238,418.4451
1239,418.4435
1240,418.4387
1241,418.4444
1242,418.4493
1243,418.4391
1244,418.4396
1245,418.4468
1246,418.4501
1247,418.4509
1248,418.4516
1249,418.4523
1250,418.4477
1251,418.4532
1252,418.4540
1253,418.4486
1254,418.4548
1255,418.4455
1256,418.4459
1257,418.4556
1258,418.4560
1259,418.4593
1260,418.4652
1261,418.4628
1262,418.4635
1263,418.4659
1264,418.4606
1265,418.4563
1266,418.4645
1267,418.4614
1268,418.4567
1269,418.4571
1270,418.4621
1271,418.4575
1272,418.4578
1273,418.4582
1274,418.4586
1275,418.4597
1276,418.7807
1277,418.4663
1278,418.7831
1279,418.7839
1280,417.8477
1281,418.1626
1282,418.1658
1283,417.8483
1284,418.1665
1285,417.8488
1286,418.1673
1287,418.1600
1288,418.1606
1289,418.1634
1290,418.1681
1291,418.1610
1292,418.1743
1293,418.1721
1294,418.1690
1295,418.1750
1296,418.1686
1297,418.1728
1298,418.1693
1299,418.1735
1300,418.1697
1301,418.1701
1302,418.1704
1303,418.1777
1304,418.1708
1305,418.1792
1306,418.1784
1307,418.1712
1308,418.1834
1309,418.1842
1310,418.1754
1311,418.1758
1312,418.1761
1313,418.1803
1314,418.1812
1315,418.1819
1316,418.1827
1317,418.1765
1318,418.1769
1319,418.1868
1320,418.1876
1321,418.1795
1322,418.1883
1323,418.1891
1324,418.1846
1325,418.1940
1326,418.1849
1327,418.1853
1328,418.1948
1329,418.1910
1330,418.1918
1331,418.1857
1332,418.1926
1333,418.1861
1334,418.1933
1335,418.1983
1336,418.1896
1337,418.1899
1338,418.1991
1339,418.1998
1340,418.1903
1341,418.2022
1342,418.2061
1343,418.2031
1344,418.1952
1345,418.1957
1346,418.1961
1347,418.1964
1348,418.1968
1349,418.1972
1350,418.1975
1351,418.2039
1352,418.2002
1353,418.2006
1354,418.2010
1355,418.2046
1356,418.2013
1357,418.2054
1358,418.2065
1359,418.2069
1360,418.2072
1361,418.2110
1362,418.2076
1363,418.2080
1364,418.2148
1365,418.2117
1366,418.2126
1367,418.2084
1368,418.2087
1369,418.2133
1370,418.2141
1371,418.2156
1372,418.2091
1373,418.2099
1374,418.2164
1375,418.2102
1376,418.2095
1377,418.2184
1378,418.2209
1379,418.2193
1380,418.2218
1381,418.2227
1382,418.2313
1383,418.2168
1384,418.2236
1385,418.2243
1386,418.2172
1387,418.2250
1388,418.2257
1389,418.2265
1390,418.2272
1391,418.2177
1392,418.2201
1393,418.2283
1394,418.2276
1395,418.2290
1396,418.2298
1397,418.2305
1398,418.2348
1399,418.2317
1400,418.2381
1401,418.2321
1402,418.2325
1403,418.2328
1404,418.2388
1405,418.2332
1406,418.2396
1407,418.2337
1408,418.2355
1409,418.2427
1410,418.2403
1411,418.2340
1412,418.2364
1413,418.2372
1414,418.2443
1415,418.2436
1416,418.2468
1417,418.2475
1418,418.2407
1419,418.2484
1420,418.2411
1421,418.2492
1422,418.2416
1423,418.2499
1424,418.2419
1425,418.2448
1426,418.2519
1427,418.2451
1428,418.2457
1429,418.2527
1430,418.2461
1431,418.2534
1432,418.2549
1433,418.2556
1434,418.2504
1435,418.2564
1436,418.2571
1437,418.2580
1438,418.2507
1439,418.2587
1440,418.2594
1441,418.2512
1442,418.2538
1443,418.2629
1444,418.2541
1445,418.2636
1446,418.2614
1447,418.2621
1448,418.2599
1449,418.2666
1450,418.2603
1451,418.2673
1452,418.2690
1453,418.2683
1454,418.2699
1455,418.2707
1456,418.2652
1457,418.2659
1458,418.2606
1459,418.2735
1460,418.2640
1461,418.2742
1462,418.2750
1463,418.2757
1464,418.2644
1465,418.2799
1466,418.2783
1467,418.2712
1468,418.2814
1469,418.2716
1470,418.2720
1471,418.2807
1472,418.2790
1473,418.2724
1474,418.2728
1475,418.2761
1476,418.2765
1477,418.2768
1478,418.2844
1479,418.2772
1480,418.2776
1481,418.2818
1482,418.2868
1483,418.2876
1484,418.2883
1485,418.2822
1486,418.2905
1487,418.2830
1488,418.2825
1489,418.2890
1490,418.2898
1491,418.2861
1492,418.2833
1493,418.2837
1494,418.2848
1495,418.2912
1496,418.2920
1497,418.2852
1498,418.2939
1499,418.2930
1500,418.2942
1501,418.2946
1502,418.2950
1503,418.2972
1504,418.3025
1505,418.2953
1506,418.2957
1507,418.2961
1508,418.2997
1509,418.3032
1510,418.3009
1511,418.2964
1512,418.3018
1513,418.3065
1514,418.3058
1515,418.3072
1516,418.2976
1517,418.2980
1518,418.2984
1519,418.2988
1520,418.3092
1521,418.3036
1522,418.3041
1523,418.3110
1524,418.3044
1525,418.3049
1526,418.3131
1527,418.3138
1528,418.3147
1529,418.3076
1530,418.6296
1531,418.6305
1532,418.6312
1533,418.3081
1534,418.6320
1535,418.3084
1536,417.6753
1537,417.6726
1538,417.6731
1539,417.9986
1540,417.6744
1541,417.9999
1542,418.0010
1543,417.9954
1544,417.9958
1545,417.9962
1546,418.0018
1547,417.9966
1548,418.0025
1549,417.9970
1550,418.0033
1551,418.0077
1552,418.0055
1553,417.9974
1554,417.9978
1555,418.0070
1556,418.0002
1557,418.0063
1558,418.0037
1559,418.0100
1560,418.0107
1561,418.0130
1562,418.0041
1563,418.0044
1564,418.0115
1565,418.0122
1566,418.0048
1567,418.0152
1568,418.0142
1569,418.0081
1570,418.0085
1571,418.0089
1572,418.0092
1573,418.0167
1574,418.0184
1575,418.0193
1576,418.0177
1577,418.0133
1578,418.0200
1579,418.0208
1580,418.0215
1581,418.0156
1582,418.0160
1583,418.0238
1584,418.0245
1585,418.0265
1586,418.0272
1587,418.0279
1588,418.0258
1589,418.0218
1590,418.0222
1591,418.0226
1592,418.0287
1593,418.0294
1594,418.0302
1595,418.0309
1596,418.0316
1597,418.0323
1598,418.0230
1599,418.0349
1600,418.0327
1601,418.0377
1602,418.0384
1603,418.0332
1604,418.0393
1605,418.0337
1606,418.0424
1607,418.0342
1608,418.0438
1609,418.0353
1610,418.0357
1611,418.0360
1612,418.0459
1613,418.0473
1614,418.0366
1615,418.0369
1616,418.0452
1617,418.0397
1618,418.0514
1619,418.0528
1620,418.0404
1621,418.0416
1622,418.0535
1623,418.0543
1624,418.0479
1625,418.0484
1626,418.0550
1627,418.0487
1628,418.0496
1629,418.0558
1630,418.0500
1631,418.0565
1632,418.0521
1633,418.0506
1634,418.0606
1635,418.0617
1636,418.0569
1637,418.0573
1638,418.0576
1639,418.0580
1640,418.0583
1641,418.0624
1642,418.0587
1643,418.0665
1644,418.0677
1645,418.0687
1646,418.0591
1647,418.0610
1648,418.0595
1649,418.0598
1650,418.0657
1651,418.0750
1652,418.0628
1653,418.0631
1654,418.0635
1655,418.0757
1656,418.0742
1657,418.0639
1658,418.0647
1659,418.0690
1660,418.0694
1661,418.0698
1662,418.0701
1663,418.0711
1664,418.0716
1665,418.0720
1666,418.0773
1667,418.0801
1668,418.0761
1669,418.0810
1670,418.0818
1671,418.0825
1672,418.0832
1673,418.0894
1674,418.0765
1675,418.0851
1676,418.0887
1677,418.0777
1678,418.0872
1679,418.0781
1680,418.0784
1681,418.0788
1682,418.0880
1683,418.0836
1684,418.0840
1685,418.0937
1686,418.0945
1687,418.0952
1688,418.0844
1689,418.0961
1690,418.0968
1691,418.0899
1692,418.0975
1693,418.0982
1694,418.0990
1695,418.0903
1696,418.0923
1697,418.0930
1698,418.0907
1699,418.0910
1700,418.0914
1701,418.0994
1702,418.1025
1703,418.1032
1704,418.0997
1705,418.1091
1706,418.1002
1707,418.1098
1708,418.1041
1709,418.1006
1710,418.1048
1711,418.1055
1712,418.1071
1713,418.1125
1714,418.1009
1715,418.1105
1716,418.1014
1717,418.1018
1718,418.1079
1719,418.1114
1720,418.1063
1721,418.1160
1722,418.1130
1723,418.1171
1724,418.1134
1725,418.1139
1726,418.1202
1727,418.1209
1728,418.1118
1729,418.1142
1730,418.1146
1731,418.1150
1732,418.1153
1733,418.1194
1734,418.1238
1735,418.1249
1736,418.1265
1737,418.1174
1738,418.1178
1739,418.1182
1740,418.1258
1741,418.1185
1742,418.1295
1743,418.1214
1744,418.1287
1745,418.1219
1746,418.1223
1747,418.1314
1748,418.1226
1749,418.1231
1750,418.1321
1751,418.1269
1752,418.1273
1753,418.1277
1754,418.1343
1755,418.1329
1756,418.1336
1757,418.1280
1758,418.1388
1759,418.1380
1760,418.1299
1761,418.1303
1762,418.1307
1763,418.1347
1764,418.1351
1765,418.1411
1766,418.1354
1767,418.1358
1768,418.1419
1769,418.1362
1770,418.1366
1771,418.1426
1772,418.1369
1773,418.1373
1774,418.1391
1775,418.1395
1776,418.1456
1777,418.1398
1778,418.1463
1779,418.1470
1780,418.1402
1781,418.1430
1782,418.1433
1783,418.1494
1784,418.1501
1785,418.4482
1786,418.1437
1787,418.1441
1788,418.1444
1789,418.1448
1790,418.4552
1791,418.4493
1792,417.5642
1793,417.8690
1794,417.5647
1795,417.8698
1796,417.8705
1797,417.5654
1798,417.8713
1799,417.8667
1800,417.8671
1801,417.8730
1802,417.8675
1803,417.8678
1804,417.8738
1805,417.8682
1806,417.8775
1807,417.8785
1808,417.8768
1809,417.8742
1810,417.8745
1811,417.8811
1812,417.8749
1813,417.8819
1814,417.8753
1815,417.8757
1816,417.8761
1817,417.8837
1818,417.8789
1819,417.8793
1820,417.8844
1821,417.8863
1822,417.8856
1823,417.8800
1824,417.8797
1825,417.8828
1826,417.8804
1827,417.8893
1828,417.8901
1829,417.8908
1830,417.8915
1831,417.8923
1832,417.8930
1833,417.8947
1834,417.8954
1835,417.8867
1836,417.8871
1837,417.8961
1838,417.8969
1839,417.8874
1840,417.8878
1841,417.8882
1842,417.8885
1843,417.8991
1844,417.8934
1845,417.8938
1846,417.9006
1847,417.9034
1848,417.9042
1849,417.8973
1850,417.8977
1851,417.8980
1852,417.9050
1853,417.9057
1854,417.9115
1855,417.9066
1856,417.9019
1857,417.9027
1858,417.8984
1859,417.8995
1860,417.8999
1861,417.9093
1862,417.9010
1863,417.9070
1864,417.9073
1865,417.9077
1866,417.9081
1867,417.9085
1868,417.9100
1869,417.9108
1870,417.9161
1871,417.9119
1872,417.9123
1873,417.9178
1874,417.9127
1875,417.9209
1876,417.9131
1877,417.9186
1878,417.9135
1879,417.9139
1880,417.9143
1881,417.9146
1882,417.9150
1883,417.9194
1884,417.9201
1885,417.9154
1886,417.9237
1887,417.9166
1888,417.9169
1889,417.9249
1890,417.9213
1891,417.9256
1892,417.9217
1893,417.9279
1894,417.9264
1895,417.9221
1896,417.9271
1897,417.9312
1898,417.9226
1899,417.9323
1900,417.9330
1901,417.9230
1902,417.9338
1903,417.9241
1904,417.9305
1905,417.9282
1906,417.9286
1907,417.9365
1908,417.9373
1909,417.9382
1910,417.9290
1911,417.9294
1912,417.9298
1913,417.9408
1914,417.9425
1915,417.9342
1916,417.9346
1917,417.9350
1918,417.9462
1919,417.9432
1920,417.9417
1921,417.9353
1922,417.9358
1923,417.9385
1924,417.9389
1925,417.9393
1926,417.9396
1927,417.9400
1928,417.9441
1929,417.9488
1930,417.9465
1931,417.9445
1932,417.9448
1933,417.9452
1934,417.9469
1935,417.9472
1936,417.9511
1937,417.9519
1938,417.9534
1939,417.9527
1940,417.9476
1941,417.9480
1942,417.9558
1943,417.9491
1944,417.9608
1945,417.9566
1946,417.9551
1947,417.9576
1948,417.9495
1949,417.9584
1950,417.9499
1951,417.9502
1952,417.9616
1953,417.9623
1954,417.9593
1955,417.9631
1956,417.9538
1957,417.9542
1958,417.9638
1959,417.9601
1960,417.9642
1961,417.9647
1962,417.9650
1963,417.9654
1964,417.9700
1965,417.9715
1966,417.9658
1967,417.9722
1968,417.9662
1969,417.9666
1970,417.9670
1971,417.9673
1972,417.9730
1973,417.9677
1974,417.9681
1975,417.9684
1976,417.9708
1977,417.9774
1978,417.9688
1979,417.9692
1980,417.9781
1981,417.9800
1982,417.9807
1983,417.9733
1984,417.9737
1985,417.9741
1986,417.9744
1987,417.9748
1988,417.9752
1989,417.9755
1990,417.9759
1991,417.9763
1992,417.9766
1993,417.9785
1994,417.9789
1995,417.9792
1996,417.9842
1997,417.9811
1998,417.9815
1999,417.9882
2000,417.9818
2001,417.9858
2002,417.9865
2003,417.9823
2004,417.9874
2005,417.9828
2006,417.9832
2007,417.9835
2008,417.9916
2009,417.9924
2010,417.9931
2011,417.9938
2012,417.9846
2013,417.9850
2014,417.9946
2015,417.9885
2016,417.9889
2017,417.9963
2018,417.9893
2019,417.9897
2020,417.9900
2021,417.9904
2022,417.9971
2023,417.9907
2024,417.9952
2025,418.0002
2026,417.9995
2027,417.9956
2028,418.0009
2029,418.0017
2030,418.0024
2031,418.0071
2032,418.0033
2033,418.0042
2034,418.0049
2035,417.9975
2036,418.0056
2037,417.9979
2038,417.9984
2039,418.0064
2040,417.9987
2041,418.0075
2042,418.3888
2043,418.3944
2044,418.3903
2045,418.0078
2046,418.0082
2047,418.3952
2048,417.4121
2049,417.4126
2050,417.7947
2051,417.7954
2052,417.4130
2053,417.7962
2054,417.7970
2055,417.4138
2056,417.7914
2057,417.8019
2058,417.7927
2059,417.8027
2060,417.8035
2061,417.8042
2062,417.8050
2063,417.8111
2064,417.7991
2065,417.8080
2066,417.7995
2067,417.7999
2068,417.8003
2069,417.8089
2070,417.8007
2071,417.8073
2072,417.8011
2073,417.8054
2074,417.8058
2075,417.8061
2076,417.8096
2077,417.8065
2078,417.8104
2079,417.8115
2080,417.8161
2081,417.8168
2082,417.8123
2083,417.8126
2084,417.8130
2085,417.8198
2086,417.8134
2087,417.8137
2088,417.8141
2089,417.8176
2090,417.8145
2091,417.8150
2092,417.8183
2093,417.8153
2094,417.8206
2095,417.8190
2096,417.8247
2097,417.8209
2098,417.8255
2099,417.8214
2100,417.8262
2101,417.8218
2102,417.8270
2103,417.8221
2104,417.8291
2105,417.8277
2106,417.8225
2107,417.8229
2108,417.8284
2109,417.8232
2110,417.8236
2111,417.8240
2112,417.8327
2113,417.8334
2114,417.8295
2115,417.8353
2116,417.8299
2117,417.8303
2118,417.8307
2119,417.8363
2120,417.8386
2121,417.8372
2122,417.8310
2123,417.8379
2124,417.8315
2125,417.8319
2126,417.8394
2127,417.8401
2128,417.8338
2129,417.8342
2130,417.8345
2131,417.8405
2132,417.8408
2133,417.8451
2134,417.8442
2135,417.8505
2136,417.8412
2137,417.8460
2138,417.8416
2139,417.8420
2140,417.8423
2141,417.8427
2142,417.8430
2143,417.8467
2144,417.8475
2145,417.8483
2146,417.8491
2147,417.8498
2148,417.8434
2149,417.8509
2150,417.8548
2151,417.8513
2152,417.8570
2153,417.8517
2154,417.8578
2155,417.8586
2156,417.8521
2157,417.8595
2158,417.8525
2159,417.8603
2160,417.8529
2161,417.8556
2162,417.8533
2163,417.8563
2164,417.8537
2165,417.8541
2166,417.8644
2167,417.8666
2168,417.8674
2169,417.8682
2170,417.8606
2171,417.8610
2172,417.8614
2173,417.8689
2174,417.8617
2175,417.8659
2176,417.8621
2177,417.8626
2178,417.8629
2179,417.8633
2180,417.8652
2181,417.8636
2182,417.8732
2183,417.8693
2184,417.8697
2185,417.8761
2186,417.8701
2187,417.8704
2188,417.8777
2189,417.8785
2190,417.8770
2191,417.8713
2192,417.8709
2193,417.8753
2194,417.8716
2195,417.8721
2196,417.8815
2197,417.8724
2198,417.8822
2199,417.8736
2200,417.8740
2201,417.8788
2202,417.8866
2203,417.8851
2204,417.8792
2205,417.8797
2206,417.8800
2207,417.8804
2208,417.8836
2209,417.8807
2210,417.8858
2211,417.8843
2212,417.8946
2213,417.8826
2214,417.8891
2215,417.8898
2216,417.8905
2217,417.8913
2218,417.8870
2219,417.8874
2220,417.8955
2221,417.8963
2222,417.8970
2223,417.8878
2224,417.8922
2225,417.8930
2226,417.8882
2227,417.8938
2228,417.9008
2229,417.8974
2230,417.9015
2231,417.9022
2232,417.8978
2233,417.8984
2234,417.9055
2235,417.8996
2236,417.9062
2237,417.9031
2238,417.9071
2239,417.9000
2240,417.9040
2241,417.8989
2242,417.8993
2243,417.9047
2244,417.9093
2245,417.9101
2246,417.9108
2247,417.9115
2248,417.9123
2249,417.9130
2250,417.9164
2251,417.9075
2252,417.9212
2253,417.9079
2254,417.9171
2255,417.9178
2256,417.9149
2257,417.9082
2258,417.9086
2259,417.9156
2260,417.9190
2261,417.9198
2262,417.9220
2263,417.9134
2264,417.9137
2265,417.9205
2266,417.9182
2267,417.9256
2268,417.9223
2269,417.9227
2270,417.9231
2271,417.9238
2272,417.9234
2273,417.9242
2274,417.9303
2275,417.9275
2276,417.9245
2277,417.9249
2278,417.9310
2279,417.9317
2280,417.9284
2281,417.9294
2282,417.9351
2283,417.9358
2284,417.9260
2285,417.9264
2286,417.9267
2287,417.9369
2288,417.9343
2289,417.9377
2290,417.9321
2291,417.9325
2292,417.9328
2293,417.9332
2294,417.9405
2295,417.9412
2296,417.9419
2297,417.9336
2298,417.9427
2299,418.4415
2300,417.9362
2301,418.4424
2302,418.4431
2303,417.9381
2304,417.8094
2305,417.3022
2306,417.8137
2307,417.3027
2308,417.8106
2309,417.3032
2310,417.8072
2311,417.8077
2312,417.8081
2313,417.8144
2314,417.8113
2315,417.8152
2316,417.8121
2317,417.8086
2318,417.8159
2319,417.8129
2320,417.8098
2321,417.8200
2322,417.8163
2323,417.8167
2324,417.8170
2325,417.8236
2326,417.8174
2327,417.8212
2328,417.8178
2329,417.8182
2330,417.8185
2331,417.8220
2332,417.8189
2333,417.8244
2334,417.8193
2335,417.8227
2336,417.8340
2337,417.8279
2338,417.8287
2339,417.8204
2340,417.8295
2341,417.8248
2342,417.8252
2343,417.8255
2344,417.8304
2345,417.8313
2346,417.8326
2347,417.8259
2348,417.8264
2349,417.8333
2350,417.8267
2351,417.8271
2352,417.8378
2353,417.8385
2354,417.8344
2355,417.8348
2356,417.8418
2357,417.8352
2358,417.8393
2359,417.8428
2360,417.8356
2361,417.8435
2362,417.8359
2363,417.8363
2364,417.8367
2365,417.8403
2366,417.8410
2367,417.8370
2368,417.8469
2369,417.8477
2370,417.8439
2371,417.8484
2372,417.8492
2373,417.8443
2374,417.8499
2375,417.8447
2376,417.8451
2377,417.8506
2378,417.8454
2379,417.8458
2380,417.8462
2381,417.8534
2382,417.8541
2383,417.8556
2384,417.8549
2385,417.8519
2386,417.8526
2387,417.8579
2388,417.8510
2389,417.8586
2390,417.8593
2391,417.8601
2392,417.8616
2393,417.8608
2394,417.8623
2395,417.8630
2396,417.8638
2397,417.8560
2398,417.8703
2399,417.8568
2400,417.8564
2401,417.8657
2402,417.8571
2403,417.8664
2404,417.8672
2405,417.8679
2406,417.8711
2407,417.8641
2408,417.8645
2409,417.8688
2410,417.8718
2411,417.8649
2412,417.8726
2413,417.8696
2414,417.8766
2415,417.8729
2416,417.8789
2417,417.8733
2418,417.8774
2419,417.8737
2420,417.8797
2421,417.8782
2422,417.8740
2423,417.8744
2424,417.8748
2425,417.8805
2426,417.8752
2427,417.8755
2428,417.8759
2429,417.8812
2430,417.8845
2431,417.8853
2432,417.8816
2433,417.8820
2434,417.8876
2435,417.8883
2436,417.8824
2437,417.8890
2438,417.8898
2439,417.8828
2440,417.8832
2441,417.8906
2442,417.8835
2443,417.8915
2444,417.8922
2445,417.8929
2446,417.8857
2447,417.8861
2448,417.8865
2449,417.8869
2450,417.8933
2451,417.8965
2452,417.8979
2453,417.8936
2454,417.8987
2455,417.8994
2456,417.9001
2457,417.8941
2458,417.9025
2459,417.9010
2460,417.8945
2461,417.9110
2462,417.8950
2463,417.8954
2464,417.9018
2465,417.8972
2466,417.8957
2467,417.9037
2468,417.9045
2469,417.9030
2470,417.9052
2471,417.9059
2472,417.9067
2473,417.9076
2474,417.9084
2475,417.9092
2476,417.9099
2477,417.9115
2478,417.9118
2479,417.9145
2480,417.9152
2481,417.9122
2482,417.9126
2483,417.9160
2484,417.9167
2485,417.9174
2486,417.9182
2487,417.9130
2488,417.9189
2489,417.9134
2490,417.9196
2491,417.9204
2492,417.9211
2493,417.9138
2494,417.9218
2495,417.9222
2496,417.9248
2497,417.9255
2498,417.9266
2499,417.9276
2500,417.9301
2501,417.9308
2502,417.9226
2503,417.9229
2504,417.9233
2505,417.9315
2506,417.9323
2507,417.9284
2508,417.9330
2509,417.9237
2510,417.9240
2511,417.9293
2512,417.9370
2513,417.9333
2514,417.9386
2515,417.9343
2516,417.9394
2517,417.9347
2518,417.9351
2519,417.9401
2520,417.9408
2521,417.9354
2522,417.9422
2523,417.9429
2524,417.9358
2525,417.9437
2526,417.9466
2527,417.9362
2528,417.9373
2529,417.9377
2530,417.9440
2531,417.9444
2532,417.9448
2533,417.9488
2534,417.9495
2535,417.9503
2536,417.9525
2537,417.9511
2538,417.9451
2539,417.9455
2540,417.9459
2541,417.9518
2542,417.9470
2543,417.9473
2544,417.9558
2545,417.9566
2546,417.9573
2547,417.9477
2548,417.9481
2549,417.9529
2550,417.9533
2551,417.9580
2552,417.9588
2553,417.9536
2554,417.9540
2555,417.9544
2556,417.9547
2557,417.9596
2558,417.9551
2559,417.9603
2560,417.6641
2561,417.6649
2562,417.6612
2563,417.6616
2564,417.6659
2565,417.6620
2566,417.6667
2567,417.6625
2568,417.6629
2569,417.6764
2570,417.6674
2571,417.6682
2572,417.6633
2573,417.6690
2574,417.6700
2575,417.6708
2576,417.6734
2577,417.6711
2578,417.6715
2579,417.6719
2580,417.6723
2581,417.6727
2582,417.6742
2583,417.6749
2584,417.6756
2585,417.6768
2586,417.6772
2587,417.6806
2588,417.6776
2589,417.6845
2590,417.6853
2591,417.6860
2592,417.6779
2593,417.6784
2594,417.6868
2595,417.6788
2596,417.6792
2597,417.6875
2598,417.6882
2599,417.6795
2600,417.6822
2601,417.6830
2602,417.6837
2603,417.6810
2604,417.6814
2605,417.6931
2606,417.6886
2607,417.6890
2608,417.6894
2609,417.6897
2610,417.6901
2611,417.6905
2612,417.6909
2613,417.6961
2614,417.6968
2615,417.6912
2616,417.6916
2617,417.6975
2618,417.6920
2619,417.6923
2620,417.6983
2621,417.6935
2622,417.7017
2623,417.6938
2624,417.6995
2625,417.6942
2626,417.6946
2627,417.6950
2628,417.6953
2629,417.7036
2630,417.7043
2631,417.6999
2632,417.7002
2633,417.7051
2634,417.7006
2635,417.7058
2636,417.7010
2637,417.7065
2638,417.7104
2639,417.7021
2640,417.7090
2641,417.7025
2642,417.7028
2643,417.7097
2644,417.7150
2645,417.7069
2646,417.7073
2647,417.7127
2648,417.7077
2649,417.7081
2650,417.7157
2651,417.7134
2652,417.7165
2653,417.7142
2654,417.7108
2655,417.7115
2656,417.7112
2657,417.7206
2658,417.7198
2659,417.7119
2660,417.7168
2661,417.7172
2662,417.7176
2663,417.7179
2664,417.7238
2665,417.7183
2666,417.7254
2667,417.7187
2668,417.7191
2669,417.7247
2670,417.7262
2671,417.7269
2672,417.7231
2673,417.7348
2674,417.7297
2675,417.7209
2676,417.7310
2677,417.7213
2678,417.7317
2679,417.7217
2680,417.7273
2681,417.7355
2682,417.7276
2683,417.7281
2684,417.7284
2685,417.7332
2686,417.7288
2687,417.7340
2688,417.7325
2689,417.7384
2690,417.7389
2691,417.7393
2692,417.7433
2693,417.7396
2694,417.7400
2695,417.7404
2696,417.7445
2697,417.7453
2698,417.7408
2699,417.7411
2700,417.7460
2701,417.7415
2702,417.7476
2703,417.7437
2704,417.7418
2705,417.7422
2706,417.7426
2707,417.7468
2708,417.7502
2709,417.7526
2710,417.7511
2711,417.7519
2712,417.7554
2713,417.7561
2714,417.7569
2715,417.7479
2716,417.7576
2717,417.7483
2718,417.7488
2719,417.7491
2720,417.7628
2721,417.7495
2722,417.7602
2723,417.7546
2724,417.7610
2725,417.7530
2726,417.7621
2727,417.7534
2728,417.7580
2729,417.7583
2730,417.7587
2731,417.7591
2732,417.7658
2733,417.7665
2734,417.7673
2735,417.7594
2736,417.7632
2737,417.7635
2738,417.7684
2739,417.7691
2740,417.7774
2741,417.7639
2742,417.7703
2743,417.7710
2744,417.7643
2745,417.7647
2746,417.7650
2747,417.7717
2748,417.7759
2749,417.7744
2750,417.7676
2751,417.7752
2752,417.7729
2753,417.7736
2754,417.7721
2755,417.7766
2756,417.7819
2757,417.7778
2758,417.7842
2759,417.7782
2760,417.7786
2761,417.7789
2762,417.7856
2763,417.7793
2764,417.7796
2765,417.7800
2766,417.7804
2767,417.7849
2768,417.7826
2769,417.7807
2770,417.7811
2771,417.7834
2772,417.7875
2773,417.7882
2774,417.7897
2775,417.7905
2776,417.7912
2777,417.7919
2778,417.7927
2779,417.7860
2780,417.7864
2781,417.7964
2782,417.7942
2783,417.7949
2784,417.7868
2785,417.7956
2786,417.7890
2787,417.7987
2788,417.8002
2789,417.8009
2790,417.8098
2791,417.8024
2792,417.8039
2793,417.7967
2794,417.8046
2795,417.8054
2796,417.8061
2797,417.8068
2798,417.8075
2799,417.7974
2800,417.8083
2801,417.8090
2802,417.7979
2803,417.8013
2804,417.8017
2805,417.8136
2806,418.0975
2807,417.8101
2808,417.8105
2809,417.8109
2810,417.8112
2811,417.8116
2812,417.8119
2813,418.0983
2814,417.8123
2815,418.1025
2816,417.1922
2817,417.4770
2818,417.1932
2819,417.4744
2820,417.1905
2821,417.4796
2822,417.4855
2823,417.4895
2824,417.4822
2825,417.4774
2826,417.4778
2827,417.4782
2828,417.4837
2829,417.4846
2830,417.4786
2831,417.4807
2832,417.4866
2833,417.4873
2834,417.4881
2835,417.4811
2836,417.4888
2837,417.4815
2838,417.4858
2839,417.4936
2840,417.4957
2841,417.4899
2842,417.4981
2843,417.4903
2844,417.4906
2845,417.4964
2846,417.4988
2847,417.4910
2848,417.4973
2849,417.4914
2850,417.4918
2851,417.4922
2852,417.4925
2853,417.4948
2854,417.4929
2855,417.4940
2856,417.4992
2857,417.5017
2858,417.5037
2859,417.4996
2860,417.5111
2861,417.5046
2862,417.5054
2863,417.5062
2864,417.5000
2865,417.5073
2866,417.5006
2867,417.5029
2868,417.5010
2869,417.5081
2870,417.5088
2871,417.5096
2872,417.5103
2873,417.5021
2874,417.5115
2875,417.5135
2876,417.5118
2877,417.5209
2878,417.5218
2879,417.5230
2880,417.5155
2881,417.5123
2882,417.5162
2883,417.5170
2884,417.5260
2885,417.5179
2886,417.5186
2887,417.5194
2888,417.5128
2889,417.5237
2890,417.5201
2891,417.5139
2892,417.5143
2893,417.5241
2894,417.5294
2895,417.5249
2896,417.5245
2897,417.5276
2898,417.5253
2899,417.5283
2900,417.5321
2901,417.5264
2902,417.5268
2903,417.5353
2904,417.5286
2905,417.5298
2906,417.5306
2907,417.5374
2908,417.5360
2909,417.5310
2910,417.5382
2911,417.5389
2912,417.5338
2913,417.5345
2914,417.5314
2915,417.5367
2916,417.5326
2917,417.5330
2918,417.5426
2919,417.5450
2920,417.5393
2921,417.5458
2922,417.5472
2923,417.5396
2924,417.5400
2925,417.5407
2926,417.5481
2927,417.5465
2928,417.5404
2929,417.5436
2930,417.5412
2931,417.5415
2932,417.5443
2933,417.5419
2934,417.5515
2935,417.5484
2936,417.5488
2937,417.5547
2938,417.5554
2939,417.5492
2940,417.5495
2941,417.5499
2942,417.5562
2943,417.5503
2944,417.5508
2945,417.5584
2946,417.5592
2947,417.5540
2948,417.5601
2949,417.5609
2950,417.5519
2951,417.5523
2952,417.5526
2953,417.5565
2954,417.5569
2955,417.5650
2956,417.5573
2957,417.5657
2958,417.5577
2959,417.5664
2960,417.5642
2961,417.5613
2962,417.5617
2963,417.5687
2964,417.5620
2965,417.5624
2966,417.5628
2967,417.5694
2968,417.5631
2969,417.5702
2970,417.5635
2971,417.5668
2972,417.5745
2973,417.5671
2974,417.5752
2975,417.5761
2976,417.5675
2977,417.5680
2978,417.5738
2979,417.5769
2980,417.5705
2981,417.5709
2982,417.5713
2983,417.5777
2984,417.5717
2985,417.5721
2986,417.5724
2987,417.5728
2988,417.5781
2989,417.5784
2990,417.5788
2991,417.5810
2992,417.5833
2993,417.5840
2994,417.5792
2995,417.5795
2996,417.5818
2997,417.5799
2998,417.5803
2999,417.5826
3000,417.5844
3001,417.5848
3002,417.5879
3003,417.5852
3004,417.5926
3005,417.5933
3006,417.5856
3007,417.5940
3008,417.5886
3009,417.5861
3010,417.5864
3011,417.5986
3012,417.5868
3013,417.5872
3014,417.5894
3015,417.5902
3016,417.5909
3017,417.5918
3018,417.5964
3019,417.5971
3020,417.5993
3021,417.5944
3022,417.6000
3023,417.5953
3024,417.5948
3025,417.5978
3026,417.5956
3027,417.6027
3028,417.6004
3029,417.6008
3030,417.6046
3031,417.6096
3032,417.6054
3033,417.6062
3034,417.6012
3035,417.6106
3036,417.6069
3037,417.6016
3038,417.6113
3039,417.6076
3040,417.6020
3041,417.6039
3042,417.6088
3043,417.6135
3044,417.6187
3045,417.6031
3046,417.6117
3047,417.6145
3048,417.6195
3049,417.6120
3050,417.6153
3051,417.6203
3052,417.6162
3053,417.6210
3054,417.6219
3055,417.6124
3056,417.6170
3057,417.6178
3058,417.6128
3059,417.6249
3060,417.6223
3061,417.9522
3062,417.6261
3063,417.6269
3064,417.9531
3065,417.6226
3066,417.6278
3067,417.6285
3068,417.6230
3069,417.6234
3070,417.9539
3071,417.6292
3072,417.0257
3073,417.3468
3074,417.0193
3075,417.3530
3076,417.0209
3077,417.3562
3078,417.3499
3079,417.3503
3080,417.3507
3081,417.3571
3082,417.3512
3083,417.3516
3084,417.3580
3085,417.3587
3086,417.3596
3087,417.3603
3088,417.3520
3089,417.3546
3090,417.3554
3091,417.3533
3092,417.3537
3093,417.3638
3094,417.3654
3095,417.3607
3096,417.3698
3097,417.3611
3098,417.3661
3099,417.3615
3100,417.3668
3101,417.3676
3102,417.3683
3103,417.3691
3104,417.3619
3105,417.3623
3106,417.3627
3107,417.3630
3108,417.3646
3109,417.3732
3110,417.3764
3111,417.3771
3112,417.3702
3113,417.3706
3114,417.3779
3115,417.3709
3116,417.3713
3117,417.3717
3118,417.3787
3119,417.3794
3120,417.3739
3121,417.3748
3122,417.3756
3123,417.3721
3124,417.3725
3125,417.3829
3126,417.3856
3127,417.3839
3128,417.3863
3129,417.3798
3130,417.3802
3131,417.3849
3132,417.3806
3133,417.3871
3134,417.3878
3135,417.3886
3136,417.3810
3137,417.3912
3138,417.3814
3139,417.3818
3140,417.3822
3141,417.3920
3142,417.3935
3143,417.3943
3144,417.3950
3145,417.3889
3146,417.3893
3147,417.3958
3148,417.3965
3149,417.3973
3150,417.3897
3151,417.3901
3152,417.3904
3153,417.3924
3154,417.3927
3155,417.4000
3156,417.4008
3157,417.4016
3158,417.4040
3159,417.4048
3160,417.4055
3161,417.4062
3162,417.3977
3163,417.3981
3164,417.4103
3165,417.3985
3166,417.4077
3167,417.4069
3168,417.3989
3169,417.3993
3170,417.4033
3171,417.4088
3172,417.4095
3173,417.4020
3174,417.4128
3175,417.4150
3176,417.4136
3177,417.4081
3178,417.4160
3179,417.4143
3180,417.4192
3181,417.4207
3182,417.4200
3183,417.4215
3184,417.4106
3185,417.4184
3186,417.4110
3187,417.4114
3188,417.4117
3189,417.4121
3190,417.4252
3191,417.4163
3192,417.4167
3193,417.4171
3194,417.4259
3195,417.4267
3196,417.4219
3197,417.4223
3198,417.4227
3199,417.4234
3200,417.4230
3201,417.4293
3202,417.4300
3203,417.4238
3204,417.4241
3205,417.4245
3206,417.4316
3207,417.4324
3208,417.4270
3209,417.4274
3210,417.4332
3211,417.4278
3212,417.4282
3213,417.4285
3214,417.4344
3215,417.4351
3216,417.4358
3217,417.4392
3218,417.4380
3219,417.4304
3220,417.4371
3221,417.4309
3222,417.4362
3223,417.4422
3224,417.4429
3225,417.4437
3226,417.4444
3227,417.4384
3228,417.4451
3229,417.4459
3230,417.4499
3231,417.4491
3232,417.4397
3233,417.4475
3234,417.4402
3235,417.4482
3236,417.4406
3237,417.4410
3238,417.4413
3239,417.4462
3240,417.4540
3241,417.4533
3242,417.4548
3243,417.4555
3244,417.4466
3245,417.4562
3246,417.4502
3247,417.4598
3248,417.4507
3249,417.4510
3250,417.4514
3251,417.4582
3252,417.4518
3253,417.4522
3254,417.4590
3255,417.4526
3256,417.4614
3257,417.4567
3258,417.4621
3259,417.4629
3260,417.4571
3261,417.4574
3262,417.4636
3263,417.4602
3264,417.4673
3265,417.4607
3266,417.4640
3267,417.4680
3268,417.4643
3269,417.4711
3270,417.4647
3271,417.4687
3272,417.4695
3273,417.4719
3274,417.4704
3275,417.4651
3276,417.4654
3277,417.4658
3278,417.4662
3279,417.4665
3280,417.4753
3281,417.4761
3282,417.4768
3283,417.4779
3284,417.4722
3285,417.4786
3286,417.4727
3287,417.4793
3288,417.4730
3289,417.4734
3290,417.4738
3291,417.4801
3292,417.4808
3293,417.4818
3294,417.4741
3295,417.4745
3296,417.4772
3297,417.4857
3298,417.4849
3299,417.4876
3300,417.4883
3301,417.4822
3302,417.4827
3303,417.4830
3304,417.4891
3305,417.4898
3306,417.4834
3307,417.4913
3308,417.4838
3309,417.4905
3310,417.4842
3311,417.4920
3312,417.4869
3313,417.4861
3314,417.4960
3315,417.4967
3316,417.4924
3317,417.4927
3318,417.4931
3319,417.4935
3320,417.4938
3321,417.4942
3322,417.4975
3323,417.4945
3324,417.4982
3325,417.4989
3326,417.8908
3327,417.8917
3328,416.9152
3329,416.9198
3330,417.3127
3331,417.3131
3332,417.3166
3333,417.3198
3334,417.3174
3335,417.3183
3336,417.3136
3337,417.3191
3338,417.3143
3339,417.3147
3340,417.3253
3341,417.3262
3342,417.3272
3343,417.3281
3344,417.3151
3345,417.3226
3346,417.3235
3347,417.3245
3348,417.3203
3349,417.3307
3350,417.3207
3351,417.3315
3352,417.3211
3353,417.3215
3354,417.3322
3355,417.3219
3356,417.3285
3357,417.3292
3358,417.3367
3359,417.3296
3360,417.3300
3361,417.3288
3362,417.3341
3363,417.3348
3364,417.3357
3365,417.3326
3366,417.3375
3367,417.3382
3368,417.3330
3369,417.3333
3370,417.3392
3371,417.3399
3372,417.3406
3373,417.3414
3374,417.3421
3375,417.3417
3376,417.3425
3377,417.3460
3378,417.3485
3379,417.3429
3380,417.3433
3381,417.3495
3382,417.3438
3383,417.3502
3384,417.3511
3385,417.3518
3386,417.3442
3387,417.3470
3388,417.3453
3389,417.3478
3390,417.3525
3391,417.3446
3392,417.3449
3393,417.3560
3394,417.3625
3395,417.3529
3396,417.3533
3397,417.3579
3398,417.3587
3399,417.3536
3400,417.3595
3401,417.3540
3402,417.3603
3403,417.3544
3404,417.3610
3405,417.3548
3406,417.3552
3407,417.3617
3408,417.3572
3409,417.3563
3410,417.3628
3411,417.3665
3412,417.3632
3413,417.3684
3414,417.3636
3415,417.3640
3416,417.3644
3417,417.3647
3418,417.3651
3419,417.3692
3420,417.3654
3421,417.3721
3422,417.3699
3423,417.3658
3424,417.3707
3425,417.3677
3426,417.3714
3427,417.3669
3428,417.3756
3429,417.3726
3430,417.3729
3431,417.3795
3432,417.3733
3433,417.3802
3434,417.3810
3435,417.3737
3436,417.3832
3437,417.3740
3438,417.3818
3439,417.3744
3440,417.3773
3441,417.3780
3442,417.3748
3443,417.3787
3444,417.3825
3445,417.3760
3446,417.3765
3447,417.3836
3448,417.3898
3449,417.3840
3450,417.3876
3451,417.3843
3452,417.3847
3453,417.3920
3454,417.3851
3455,417.3854
3456,417.3858
3457,417.3862
3458,417.3884
3459,417.3865
3460,417.3906
3461,417.3869
3462,417.3891
3463,417.3913
3464,417.3924
3465,417.3964
3466,417.3928
3467,417.3997
3468,417.4004
3469,417.4011
3470,417.4019
3471,417.3931
3472,417.3935
3473,417.3939
3474,417.3942
3475,417.3946
3476,417.3950
3477,417.3980
3478,417.3953
3479,417.3988
3480,417.3957
3481,417.3968
3482,417.3972
3483,417.4023
3484,417.4027
3485,417.4034
3486,417.4053
3487,417.4112
3488,417.4030
3489,417.4066
3490,417.4038
3491,417.4119
3492,417.4126
3493,417.4042
3494,417.4074
3495,417.4082
3496,417.4046
3497,417.4133
3498,417.4090
3499,417.4097
3500,417.4104
3501,417.4141
3502,417.4057
3503,417.4181
3504,417.4144
3505,417.4148
3506,417.4152
3507,417.4211
3508,417.4218
3509,417.4156
3510,417.4159
3511,417.4163
3512,417.4166
3513,417.4225
3514,417.4203
3515,417.4170
3516,417.4174
3517,417.4235
3518,417.4242
3519,417.4185
3520,417.4188
3521,417.4192
3522,417.4196
3523,417.4284
3524,417.4292
3525,417.4310
3526,417.4246
3527,417.4335
3528,417.4249
3529,417.4253
3530,417.4257
3531,417.4319
3532,417.4260
3533,417.4265
3534,417.4327
3535,417.4268
3536,417.4303
3537,417.4272
3538,417.4277
3539,417.4295
3540,417.4376
3541,417.4396
3542,417.4416
3543,417.4339
3544,417.4342
3545,417.4346
3546,417.4350
3547,417.4409
3548,417.4353
3549,417.4357
3550,417.4360
3551,417.4496
3552,417.4389
3553,417.4364
3554,417.4441
3555,417.4368
3556,417.4380
3557,417.4448
3558,417.4420
3559,417.4456
3560,417.4473
3561,417.4423
3562,417.4481
3563,417.4428
3564,417.4464
3565,417.4432
3566,417.4488
3567,417.4499
3568,417.4503
3569,417.4507
3570,417.4510
3571,417.4563
3572,417.4514
3573,417.4518
3574,417.4521
3575,417.7597
3576,417.4525
3577,417.7605
3578,417.4530
3579,417.7613
3580,417.4533
3581,417.7621
3582,417.4547
3583,417.4551
3584,416.7382
3585,416.7421
3586,416.7387
3587,417.0489
3588,417.0497
3589,416.7412
3590,417.0505
3591,417.0471
3592,417.0475
3593,417.0534
3594,417.0543
3595,417.0550
3596,417.0559
3597,417.0575
3598,417.0567
3599,417.0582
3600,417.0519
3601,417.0479
3602,417.0527
3603,417.0610
3604,417.0618
3605,417.0627
3606,417.0635
3607,417.0642
3608,417.0509
3609,417.0586
3610,417.0728
3611,417.0590
3612,417.0677
3613,417.0690
3614,417.0599
3615,417.0603
3616,417.0595
3617,417.0663
3618,417.0670
3619,417.0698
3620,417.0706
3621,417.0713
3622,417.0646
3623,417.0649
3624,417.0721
3625,417.0653
3626,417.0732
3627,417.0823
3628,417.0769
3629,417.0736
3630,417.0740
3631,417.0743
3632,417.0747
3633,417.0778
3634,417.0751
3635,417.0793
3636,417.0800
3637,417.0754
3638,417.0809
3639,417.0758
3640,417.0785
3641,417.0816
3642,417.0762
3643,417.0827
3644,417.0831
3645,417.0862
3646,417.0934
3647,417.0941
3648,417.0876
3649,417.0835
3650,417.0838
3651,417.0883
3652,417.0842
3653,417.0891
3654,417.0899
3655,417.0846
3656,417.0906
3657,417.0913
3658,417.0850
3659,417.0853
3660,417.0926
3661,417.0866
3662,417.0946
3663,417.0954
3664,417.0949
3665,417.0988
3666,417.0958
3667,417.1003
3668,417.1049
3669,417.1056
3670,417.0961
3671,417.1012
3672,417.1020
3673,417.1027
3674,417.0966
3675,417.0970
3676,417.0973
3677,417.1034
3678,417.0977
3679,417.1042
3680,417.0981
3681,417.0992
3682,417.0996
3683,417.1060
3684,417.1089
3685,417.1121
3686,417.1129
3687,417.1138
3688,417.1063
3689,417.1067
3690,417.1071
3691,417.1074
3692,417.1078
3693,417.1145
3694,417.1152
3695,417.1082
3696,417.1096
3697,417.1104
3698,417.1185
3699,417.1113
3700,417.1178
3701,417.1193
3702,417.1217
3703,417.1157
3704,417.1161
3705,417.1164
3706,417.1225
3707,417.1168
3708,417.1233
3709,417.1240
3710,417.1247
3711,417.1255
3712,417.1202
3713,417.1210
3714,417.1288
3715,417.1316
3716,417.1258
3717,417.1323
3718,417.1262
3719,417.1338
3720,417.1266
3721,417.1270
3722,417.1330
3723,417.1273
3724,417.1345
3725,417.1354
3726,417.1277
3727,417.1281
3728,417.1296
3729,417.1304
3730,417.1385
3731,417.1405
3732,417.1412
3733,417.1419
3734,417.1358
3735,417.1362
3736,417.1366
3737,417.1484
3738,417.1426
3739,417.1434
3740,417.1449
3741,417.1441
3742,417.1370
3743,417.1377
3744,417.1397
3745,417.1373
3746,417.1505
3747,417.1469
3748,417.1476
3749,417.1452
3750,417.1512
3751,417.1520
3752,417.1457
3753,417.1488
3754,417.1492
3755,417.1568
3756,417.1576
3757,417.1584
3758,417.1591
3759,417.1496
3760,417.1553
3761,417.1561
3762,417.1523
3763,417.1635
3764,417.1616
3765,417.1643
3766,417.1528
3767,417.1628
3768,417.1533
3769,417.1537
3770,417.1541
3771,417.1595
3772,417.1598
3773,417.1602
3774,417.1606
3775,417.1672
3776,417.1657
3777,417.1665
3778,417.1609
3779,417.1646
3780,417.1650
3781,417.1724
3782,417.1676
3783,417.1681
3784,417.1735
3785,417.1768
3786,417.1684
3787,417.1775
3788,417.1688
3789,417.1692
3790,417.1786
3791,417.1705
3792,417.1696
3793,417.1746
3794,417.1709
3795,417.1713
3796,417.1716
3797,417.1753
3798,417.1760
3799,417.1728
3800,417.1739
3801,417.1790
3802,417.1794
3803,417.1875
3804,417.1821
3805,417.1882
3806,417.1889
3807,417.1897
3808,417.1829
3809,417.1836
3810,417.1797
3811,417.1844
3812,417.1802
3813,417.1806
3814,417.1810
3815,417.1853
3816,417.1860
3817,417.1813
3818,417.1867
3819,417.1935
3820,417.1900
3821,417.1905
3822,417.1979
3823,417.1986
3824,417.1908
3825,417.1912
3826,417.1948
3827,417.1916
3828,417.1920
3829,417.1924
3830,417.1956
3831,418.0623
3832,417.1964
3833,417.1928
3834,417.1971
3835,417.1939
3836,418.0598
3837,418.0607
3838,418.0631
3839,417.1990
3840,417.4686
3841,416.6067
3842,416.6072
3843,416.6078
3844,416.6082
3845,417.4655
3846,417.4661
3847,417.4706
3848,417.4710
3849,417.4731
3850,417.4796
3851,417.4715
3852,417.4803
3853,417.4811
3854,417.4818
3855,417.4826
3856,417.4743
3857,417.4750
3858,417.4720
3859,417.4834
3860,417.4763
3861,417.4772
3862,417.4781
3863,417.4724
3864,417.4788
3865,417.4735
3866,417.4865
3867,417.4837
3868,417.4880
3869,417.4841
3870,417.4918
3871,417.4926
3872,417.4889
3873,417.4846
3874,417.4896
3875,417.4903
3876,417.4911
3877,417.4975
3878,417.4850
3879,417.4854
3880,417.4857
3881,417.4952
3882,417.4868
3883,417.4872
3884,417.4983
3885,417.4991
3886,417.4930
3887,417.4998
3888,417.4935
3889,417.4938
3890,417.4942
3891,417.4960
3892,417.4968
3893,417.5002
3894,417.5034
3895,417.5006
3896,417.5062
3897,417.5069
3898,417.5010
3899,417.5078
3900,417.5085
3901,417.5013
3902,417.5017
3903,417.5092
3904,417.5021
3905,417.5100
3906,417.5046
3907,417.5054
3908,417.5107
3909,417.5026
3910,417.5039
3911,417.5147
3912,417.5111
3913,417.5115
3914,417.5119
3915,417.5181
3916,417.5122
3917,417.5204
3918,417.5127
3919,417.5189
3920,417.5131
3921,417.5158
3922,417.5136
3923,417.5196
3924,417.5140
3925,417.5166
3926,417.5173
3927,417.5236
3928,417.5244
3929,417.5151
3930,417.5252
3931,417.5306
3932,417.5275
3933,417.5328
3934,417.5207
3935,417.5284
3936,417.5211
3937,417.5267
3938,417.5291
3939,417.5216
3940,417.5221
3941,417.5224
3942,417.5228
3943,417.5256
3944,417.5321
3945,417.5298
3946,417.5260
3947,417.5310
3948,417.5314
3949,417.5355
3950,417.5415
3951,417.5422
3952,417.5368
3953,417.5375
3954,417.5332
3955,417.5383
3956,417.5429
3957,417.5337
3958,417.5391
3959,417.5437
3960,417.5399
3961,417.5341
3962,417.5344
3963,417.5408
3964,417.5348
3965,417.5359
3966,417.5474
3967,417.5440
3968,417.5534
3969,417.5490
3970,417.5444
3971,417.5512
3972,417.5448
3973,417.5519
3974,417.5497
3975,417.5452
3976,417.5527
3977,417.5455
3978,417.5459
3979,417.5463
3980,417.5466
3981,417.5505
3982,417.5478
3983,417.5482
3984,417.5579
3985,417.5538
3986,417.5545
3987,417.5549
3988,417.5552
3989,417.5601
3990,417.5556
3991,417.5560
3992,417.5563
3993,417.5640
3994,417.5567
3995,417.5608
3996,417.5615
3997,417.5624
3998,417.5633
3999,417.5571
4000,417.5583
4001,417.5586
4002,417.5676
4003,417.5590
4004,417.5594
4005,417.5644
4006,417.5703
4007,417.5711
4008,417.5647
4009,417.5718
4010,417.5652
4011,417.5726
4012,417.5656
4013,417.5660
4014,417.5733
4015,417.5664
4016,417.5667
4017,417.5696
4018,417.5680
4019,417.5684
4020,417.5687
4021,417.5740
4022,417.5744
4023,417.5781
4024,417.5798
4025,417.5748
4026,417.5751
4027,417.5835
4028,417.5755
4029,417.5806
4030,417.5759
4031,417.5762
4032,417.5766
4033,417.5770
4034,417.5813
4035,417.5820
4036,417.5828
4037,417.5790
4038,417.5774
4039,417.5868
4040,417.5891
4041,417.5839
4042,417.5898
4043,417.5844
4044,417.5848
4045,417.5906
4046,417.5852
4047,417.5913
4048,417.5876
4049,417.5884
4050,417.5950
4051,417.5957
4052,417.5856
4053,417.5860
4054,417.5965
4055,417.5972
4056,417.5917
4057,417.5921
4058,417.5924
4059,417.5928
4060,417.5995
4061,417.5932
4062,417.6002
4063,417.5943
4064,417.5935
4065,417.5939
4066,417.5976
4067,417.5979
4068,417.6028
4069,417.6035
4070,417.6042
4071,417.6050
4072,417.5983
4073,417.6057
4074,417.5987
4075,417.6064
4076,417.6083
4077,417.6006
4078,417.6013
4079,417.6094
4080,417.6101
4081,417.6108
4082,417.6017
4083,417.6020
4084,417.6132
4085,417.6141
4086,417.6148
4087,417.6068
4088,417.9959
4089,417.6072
4090,417.6075
4091,417.9967
4092,417.6113
4093,417.9975
4094,417.9991
4095,417.6117
4096,417.0146
4097,417.3932
4098,417.0104
4099,417.3965
4100,417.0134
4101,417.3982
4102,417.3993
4103,417.0138
4104,417.3986
4105,417.3997
4106,417.4001
4107,417.4037
4108,417.4132
4109,417.4079
4110,417.4005
4111,417.4097
4112,417.4009
4113,417.4049
4114,417.4056
4115,417.4013
4116,417.4017
4117,417.4021
4118,417.4064
4119,417.4025
4120,417.4028
4121,417.4106
4122,417.4072
4123,417.4041
4124,417.4201
4125,417.4136
4126,417.4155
4127,417.4159
4128,417.4144
4129,417.4227
4130,417.4235
4131,417.4163
4132,417.4247
4133,417.4254
4134,417.4166
4135,417.4171
4136,417.4262
4137,417.4180
4138,417.4189
4139,417.4192
4140,417.4211
4141,417.4218
4142,417.4315
4143,417.4323
4144,417.4302
4145,417.4335
4146,417.4343
4147,417.4400
4148,417.4266
4149,417.4359
4150,417.4273
4151,417.4367
4152,417.4280
4153,417.4284
4154,417.4375
4155,417.4383
4156,417.4287
4157,417.4391
4158,417.4327
4159,417.4445
4160,417.4437
4161,417.4347
4162,417.4350
4163,417.4404
4164,417.4456
4165,417.4463
4166,417.4407
4167,417.4411
4168,417.4415
4169,417.4419
4170,417.4423
4171,417.4499
4172,417.4507
4173,417.4426
4174,417.4430
4175,417.4514
4176,417.4482
4177,417.4567
4178,417.4448
4179,417.4492
4180,417.4530
4181,417.4538
4182,417.4545
4183,417.4552
4184,417.4467
4185,417.4471
4186,417.4474
4187,417.4575
4188,417.4518
4189,417.4589
4190,417.4522
4191,417.4582
4192,417.4560
4193,417.4644
4194,417.4626
4195,417.4593
4196,417.4598
4197,417.4677
4198,417.4601
4199,417.4684
4200,417.4652
4201,417.4605
4202,417.4610
4203,417.4660
4204,417.4667
4205,417.4691
4206,417.4614
4207,417.4617
4208,417.4635
4209,417.4723
4210,417.4695
4211,417.4735
4212,417.4699
4213,417.4742
4214,417.4750
4215,417.4703
4216,417.4759
4217,417.4766
4218,417.4773
4219,417.4781
4220,417.4788
4221,417.4706
4222,417.4795
4223,417.4710
4224,417.4715
4225,417.4803
4226,417.4726
4227,417.4806
4228,417.4810
4229,417.4829
4230,417.4852
4231,417.4837
4232,417.4814
4233,417.4859
4234,417.4866
4235,417.4890
4236,417.4875
4237,417.4818
4238,417.4883
4239,417.4821
4240,417.4844
4241,417.4938
4242,417.4963
4243,417.4894
4244,417.4898
4245,417.4902
4246,417.4905
4247,417.4909
4248,417.4972
4249,417.4913
4250,417.4949
4251,417.4956
4252,417.4919
4253,417.4923
4254,417.4980
4255,417.4927
4256,417.4930
4257,417.4941
4258,417.5018
4259,417.5092
4260,417.5039
4261,417.4983
4262,417.5048
4263,417.5055
4264,417.5063
4265,417.5070
4266,417.5077
4267,417.5084
4268,417.4988
4269,417.4998
4270,417.5002
4271,417.5006
4272,417.5030
4273,417.5010
4274,417.5022
4275,417.5122
4276,417.5134
4277,417.5095
4278,417.5100
4279,417.5103
4280,417.5183
4281,417.5148
4282,417.5190
4283,417.5107
4284,417.5111
4285,417.5198
4286,417.5205
4287,417.5213
4288,417.5115
4289,417.5160
4290,417.5168
4291,417.5126
4292,417.5137
4293,417.5175
4294,417.5141
4295,417.5220
4296,417.5224
4297,417.5227
4298,417.5231
4299,417.5235
4300,417.5238
4301,417.5326
4302,417.5334
4303,417.5265
4304,417.5273
4305,417.5281
4306,417.5242
4307,417.5288
4308,417.5295
4309,417.5352
4310,417.5246
4311,417.5304
4312,417.5311
4313,417.5250
4314,417.5254
4315,417.5257
4316,417.5319
4317,417.5387
4318,417.5398
4319,417.5405
4320,417.5337
4321,417.5341
4322,417.5412
4323,417.5345
4324,417.5379
4325,417.5434
4326,417.5356
4327,417.5360
4328,417.5441
4329,417.5364
4330,417.5449
4331,417.5368
4332,417.5372
4333,417.5416
4334,417.5419
4335,417.5423
4336,417.5427
4337,417.5483
4338,417.5507
4339,417.5492
4340,417.5500
4341,417.5452
4342,417.5456
4343,417.5532
4344,417.7959
4345,417.5460
4346,417.5464
4347,417.5467
4348,417.7975
4349,417.7968
4350,417.5471
4351,417.5475
4352,416.9779
4353,416.9765
4354,416.9770
4355,417.2264
4356,417.2272
4357,417.2279
4358,417.2288
4359,417.2233
4360,417.2324
4361,417.2238
4362,417.2243
4363,417.2332
4364,417.2341
4365,417.2247
4366,417.2349
4367,417.2356
4368,417.2315
4369,417.2251
4370,417.2255
4371,417.2292
4372,417.2394
4373,417.2300
4374,417.2303
4375,417.2307
4376,417.2408
4377,417.2360
4378,417.2430
4379,417.2363
4380,417.2438
4381,417.2445
4382,417.2372
4383,417.2375
4384,417.2367
4385,417.2379
4386,417.2383
4387,417.2386
4388,417.2397
4389,417.2416
4390,417.2401
4391,417.2423
4392,417.2489
4393,417.2496
4394,417.2503
4395,417.2449
4396,417.2456
4397,417.2512
4398,417.2542
4399,417.2522
4400,417.2534
4401,417.2460
4402,417.2465
4403,417.2481
4404,417.2468
4405,417.2578
4406,417.2472
4407,417.2585
4408,417.2546
4409,417.2549
4410,417.2624
4411,417.2553
4412,417.2631
4413,417.2558
4414,417.2565
4415,417.2639
4416,417.2561
4417,417.2601
4418,417.2608
4419,417.2615
4420,417.2570
4421,417.2589
4422,417.2663
4423,417.2671
4424,417.2678
4425,417.2593
4426,417.2730
4427,417.2643
4428,417.2737
4429,417.2745
4430,417.2648
4431,417.2651
4432,417.2694
4433,417.2655
4434,417.2701
4435,417.2708
4436,417.2715
4437,417.2723
4438,417.2774
4439,417.2784
4440,417.2683
4441,417.2791
4442,417.2834
4443,417.2749
4444,417.2753
4445,417.2811
4446,417.2842
4447,417.2767
4448,417.2756
4449,417.2760
4450,417.2819
4451,417.2763
4452,417.2827
4453,417.2897
4454,417.2795
4455,417.2866
4456,417.2798
4457,417.2802
4458,417.2846
4459,417.2942
4460,417.2919
4461,417.2850
4462,417.2854
4463,417.2858
4464,417.2875
4465,417.2883
4466,417.2890
4467,417.2905
4468,417.2912
4469,417.2923
4470,417.2927
4471,417.2930
4472,417.2977
4473,417.2969
4474,417.2934
4475,417.2998
4476,417.3005
4477,417.2945
4478,417.3013
4479,417.3020
4480,417.2950
4481,417.2954
4482,417.2958
4483,417.2991
4484,417.2962
4485,417.3099
4486,417.3054
4487,417.3062
4488,417.3069
4489,417.3077
4490,417.2982
4491,417.3024
4492,417.3028
4493,417.3032
4494,417.3035
4495,417.3039
4496,417.3084
4497,417.3042
4498,417.3091
4499,417.3046
4500,417.3148
4501,417.3102
4502,417.3106
4503,417.3110
4504,417.3114
4505,417.3215
4506,417.3117
4507,417.3121
4508,417.3168
4509,417.3125
4510,417.3175
4511,417.3129
4512,417.3182
4513,417.3133
4514,417.3137
4515,417.3140
4516,417.3151
4517,417.3258
4518,417.3251
4519,417.3155
4520,417.3160
4521,417.3293
4522,417.3220
4523,417.3307
4524,417.3300
4525,417.3224
4526,417.3228
4527,417.3231
4528,417.3235
4529,417.3278
4530,417.3285
4531,417.3239
4532,417.3242
4533,417.3262
4534,417.3350
4535,417.3265
4536,417.3269
4537,417.3311
4538,417.3412
4539,417.3315
4540,417.3318
4541,417.3322
4542,417.3383
4543,417.3394
4544,417.3371
4545,417.3326
4546,417.3330
4547,417.3401
4548,417.3334
4549,417.3343
4550,417.3354
4551,417.3359
4552,417.3458
4553,417.3363
4554,417.3418
4555,417.3490
4556,417.3497
4557,417.3530
4558,417.3506
4559,417.3421
4560,417.3514
4561,417.3475
4562,417.3426
4563,417.3444
4564,417.3447
4565,417.3451
4566,417.3482
4567,417.3521
4568,417.3462
4569,417.3468
4570,417.3575
4571,417.3589
4572,417.3598
4573,417.3534
4574,417.3538
4575,417.3605
4576,417.3541
4577,417.3582
4578,417.3545
4579,417.3549
4580,417.3613
4581,417.3552
4582,417.3556
4583,417.3560
4584,417.3564
4585,417.3567
4586,417.3647
4587,417.3617
4588,417.3689
4589,417.3696
4590,417.3620
4591,417.3704
4592,417.3624
4593,417.3628
4594,417.3657
4595,417.3631
4596,417.3636
4597,417.3665
4598,417.3640
4599,417.3673
4600,417.3713
4601,417.3682
4602,417.5895
4603,417.5887
4604,417.3717
4605,417.3721
4606,417.3724
4607,417.5925
4608,417.0199
4609,416.7994
4610,416.8002
4611,416.8005
4612,417.0131
4613,417.0184
4614,417.0136
4615,417.0207
4616,417.0140
4617,417.0144
4618,417.0250
4619,417.0166
4620,417.0258
4621,417.0172
4622,417.0176
4623,417.0211
4624,417.0215
4625,417.0219
4626,417.0223
4627,417.0226
4628,417.0230
4629,417.0234
4630,417.0288
4631,417.0295
4632,417.0237
4633,417.0241
4634,417.0339
4635,417.0261
4636,417.0265
4637,417.0347
4638,417.0355
4639,417.0272
4640,417.0269
4641,417.0276
4642,417.0315
4643,417.0323
4644,417.0280
4645,417.0330
4646,417.0300
4647,417.0304
4648,417.0401
4649,417.0308
4650,417.0360
4651,417.0438
4652,417.0364
4653,417.0367
4654,417.0371
4655,417.0386
4656,417.0374
4657,417.0379
4658,417.0416
4659,417.0424
4660,417.0382
4661,417.0390
4662,417.0393
4663,417.0431
4664,417.0404
4665,417.0483
4666,417.0409
4667,417.0442
4668,417.0446
4669,417.0450
4670,417.0453
4671,417.0457
4672,417.0507
4673,417.0460
4674,417.0464
4675,417.0523
4676,417.0531
4677,417.0468
4678,417.0472
4679,417.0476
4680,417.0516
4681,417.0487
4682,417.0491
4683,417.0494
4684,417.0554
4685,417.0498
4686,417.0561
4687,417.0569
4688,417.0587
4689,417.0535
4690,417.0595
4691,417.0539
4692,417.0602
4693,417.0675
4694,417.0611
4695,417.0543
4696,417.0618
4697,417.0637
4698,417.0630
4699,417.0546
4700,417.0572
4701,417.0576
4702,417.0660
4703,417.0580
4704,417.0668
4705,417.0641
4706,417.0644
4707,417.0648
4708,417.0652
4709,417.0679
4710,417.0742
4711,417.0701
4712,417.0750
4713,417.0683
4714,417.0757
4715,417.0686
4716,417.0765
4717,417.0772
4718,417.0690
4719,417.0779
4720,417.0709
4721,417.0786
4722,417.0719
4723,417.0694
4724,417.0727
4725,417.0735
4726,417.0790
4727,417.0832
4728,417.0848
4729,417.0855
4730,417.0794
4731,417.0801
4732,417.0805
4733,417.0863
4734,417.0809
4735,417.0870
4736,417.0877
4737,417.0798
4738,417.0813
4739,417.0817
4740,417.0841
4741,417.0820
4742,417.0824
4743,417.0904
4744,417.0927
4745,417.0934
4746,417.0941
4747,417.0976
4748,417.0950
4749,417.0983
4750,417.0960
4751,417.0881
4752,417.0912
4753,417.0885
4754,417.0888
4755,417.0968
4756,417.0892
4757,417.0920
4758,417.0896
4759,417.1023
4760,417.0987
4761,417.0990
4762,417.0994
4763,417.0998
4764,417.1063
4765,417.1005
4766,417.1009
4767,417.1012
4768,417.1001
4769,417.1016
4770,417.1056
4771,417.1074
4772,417.1040
4773,417.1081
4774,417.1048
4775,417.1089
4776,417.1027
4777,417.1031
4778,417.1151
4779,417.1096
4780,417.1067
4781,417.1189
4782,417.1159
4783,417.1166
4784,417.1127
4785,417.1134
4786,417.1141
4787,417.1100
4788,417.1104
4789,417.1108
4790,417.1112
4791,417.1115
4792,417.1182
4793,417.1119
4794,417.1171
4795,417.1220
4796,417.1174
4797,417.1246
4798,417.1193
4799,417.1254
4800,417.1231
4801,417.1239
4802,417.1261
4803,417.1197
4804,417.1268
4805,417.1201
4806,417.1276
4807,417.1208
4808,417.1204
4809,417.1283
4810,417.1212
4811,417.1224
4812,417.1327
4813,417.1287
4814,417.1294
4815,417.1364
4816,417.1291
4817,417.1342
4818,417.1349
4819,417.1298
4820,417.1302
4821,417.1305
4822,417.1357
4823,417.1309
4824,417.1313
4825,417.1410
4826,417.1316
4827,417.1320
4828,417.1331
4829,417.1386
4830,417.1335
4831,417.1368
4832,417.1417
4833,417.1371
4834,417.1424
4835,417.1433
4836,417.1440
4837,417.1395
4838,417.1375
4839,417.1379
4840,417.1403
4841,417.1444
4842,417.1447
4843,417.1481
4844,417.1451
4845,417.1455
4846,417.1458
4847,417.1538
4848,417.1462
4849,417.1492
4850,417.1499
4851,417.1466
4852,417.1470
4853,417.1473
4854,417.1506
4855,417.1545
4856,417.1514
4857,417.1523
4858,417.1530
4859,417.1855
4860,417.1863
4861,417.1870
4862,417.1484
4863,417.1910
4864,416.5048
4865,416.5419
4866,416.5053
4867,416.5058
4868,416.5061
4869,416.5386
4870,416.5338
4871,416.5394
4872,416.5342
4873,416.5347
4874,416.5402
4875,416.5450
4876,416.5459
4877,416.5373
4878,416.5379
4879,416.5422
4880,416.5426
4881,416.5506
4882,416.5514
4883,416.5480
4884,416.5431
4885,416.5435
4886,416.5439
4887,416.5490
4888,416.5498
4889,416.5442
4890,416.5523
4891,416.7415
4892,416.5463
4893,416.5468
4894,416.7426
4895,416.5471
4896,416.7407
4897,416.7480
4898,416.7445
4899,416.7454
4900,416.7487
4901,416.7464
4902,416.7392
4903,416.7472
4904,416.7500
4905,416.7399
4906,416.7509
4907,416.7560
4908,416.7570
4909,416.7431
4910,416.7577
4911,416.7436
4912,416.7553
4913,416.7514
4914,416.7519
4915,416.7524
4916,416.7615
4917,416.7529
4918,416.7622
4919,416.7605
4920,416.7533
4921,416.7538
4922,416.7543
4923,416.7667
4924,416.7582
4925,416.7678
4926,416.7586
4927,416.7685
4928,416.7591
4929,416.7651
4930,416.7658
4931,416.7596
4932,416.7719
4933,416.7627
4934,416.7727
4935,416.7735
4936,416.7742
4937,416.7632
4938,416.7636
4939,416.7689
4940,416.7693
4941,416.7697
4942,416.7701
4943,416.7705
4944,416.7795
4945,416.7708
4946,416.7712
4947,416.7787
4948,416.7746
4949,416.7751
4950,416.7755
4951,416.7759
4952,416.7763
4953,419.8220
4954,419.8297
4955,416.7767
4956,419.8231
4957,416.7771
4958,416.7777
4959,416.7780
4960,419.8248
4961,416.7799
4962,419.8258
4963,419.8268
4964,419.8277
4965,416.7806
4966,416.7811
4967,416.7815
4968,419.8287
4969,419.8238
4970,419.8303
4971,419.8307
4972,419.8350
4973,419.8422
4974,419.8431
4975,419.8312
4976,419.8365
4977,419.8318
4978,419.8324
4979,419.8374
4980,419.8329
4981,419.8384
4982,419.8441
4983,419.8335
4984,419.8341
4985,419.8395
4986,419.8404
4987,419.8413
4988,419.8477
4989,419.8445
4990,423.3064
4991,419.8450
4992,423.2972
4993,423.2983
4994,419.8455
4995,423.2993
4996,423.3035
4997,423.3044
4998,423.3006
4999,423.3016
5000,419.8461
5001,423.3025
5002,419.8467
5003,423.3054
5004,423.3108
5005,423.3117
5006,423.3198
5007,423.3074
5008,423.3069
5009,423.3141
5010,423.3152
5011,423.3079
5012,423.3084
5013,423.3161
5014,423.3170
5015,423.3088
5016,423.3094
5017,423.3179
5018,423.3189
5019,423.3098
5020,423.3122
5021,423.3127
5022,423.3203
5023,423.3288
5024,423.3208
5025,423.3259
5026,423.3297
5027,423.3214
5028,423.3219
5029,423.3306
5030,423.3268
5031,423.3224
5032,423.3230
5033,423.3316
5034,423.3234
5035,423.3239
5036,423.3278
5037,423.3244
5038,423.3249
5039,423.3320
5040,423.3325
5041,427.1754
5042,427.1781
5043,427.1790
5044,423.3331
5045,423.3336
5046,427.1800
5047,427.1810
5048,427.1819
5049,423.3341
5050,427.1840
5051,423.3346
5052,423.3350
5053,427.1830
5054,423.3355
5055,423.3360
5056,427.1771
5057,427.1761
5058,427.1880
5059,427.1904
5060,427.1844
5061,427.1970
5062,427.1850
5063,427.1855
5064,427.1915
5065,427.1924
5066,427.1934
5067,427.1943
5068,427.1860
5069,427.1865
5070,427.1870
5071,427.1952
5072,427.1961
5073,427.1890
5074,427.2015
5075,427.1975
5076,427.2036
5077,427.1980
5078,427.2045
5079,427.2134
5080,427.1985
5081,427.1990
5082,427.1995
5083,427.2060
5084,427.2069
5085,427.2079
5086,427.2088
5087,427.2005
5088,427.2026
5089,427.2000
5090,427.2115
5091,427.2124
5092,427.2094
5093,427.2100
5094,427.2105
5095,427.2139
5096,427.2143
5097,427.2148
5098,429.8304
5099,427.2153
5100,427.2157
5101,429.8368
5102,429.8267
5103,429.8377
5104,429.8274
5105,429.8319
5106,429.8329
5107,429.8279
5108,429.8285
5109,429.8339
5110,429.8349
5111,429.8289
5112,429.8358
5113,429.8295
5114,429.8430
5115,429.8310
5116,429.8439
5117,429.8382
5118,429.8395
5119,429.8400
5120,429.2715
5121,429.2823
5122,429.2833
5123,429.2733
5124,429.2738
5125,429.2793
5126,429.2803
5127,429.2743
5128,429.2813
5129,429.2749
5130,429.2842
5131,429.2773
5132,429.2852
5133,429.2778
5134,429.2863
5135,429.2872
5136,429.2783
5137,429.2911
5138,429.2876
5139,429.2933
5140,429.2943
5141,429.2958
5142,432.5965
5143,429.2881
5144,429.2969
5145,432.5978
5146,429.2887
5147,429.2892
5148,429.2897
5149,429.2980
5150,429.2902
5151,429.2989
5152,432.6027
5153,429.2916
5154,429.2922
5155,432.5983
5156,432.6049
5157,432.6059
5158,432.5988
5159,432.6068
5160,432.5994
5161,432.5999
5162,432.6005
5163,432.6011
5164,432.6081
5165,432.6017
5166,432.6101
5167,432.6090
5168,432.6137
5169,432.6033
5170,432.6039
5171,432.6148
5172,432.6106
5173,432.6176
5174,432.6185
5175,432.6195
5176,432.6223
5177,432.6205
5178,432.6112
5179,432.6117
5180,432.6123
5181,432.6128
5182,432.6314
5183,432.6214
5184,432.6250
5185,432.6153
5186,432.6157
5187,432.6162
5188,432.6166
5189,432.6259
5190,432.6268
5191,432.6277
5192,432.6228
5193,432.6234
5194,432.6286
5195,432.6239
5196,432.6296
5197,432.6305
5198,435.4476
5199,432.6319
5200,435.4495
5201,432.6324
5202,432.6330
5203,435.4505
5204,432.6334
5205,432.6340
5206,435.4516
5207,432.6344
5208,432.6350
5209,432.6356
5210,435.4526
5211,435.4654
5212,435.4537
5213,432.6361
5214,435.4483
5215,435.4568
5216,435.4577
5217,435.4588
5218,435.4634
5219,435.4644
5220,435.4542
5221,435.4599
5222,435.4548
5223,435.4554
5224,435.4609
5225,435.4622
5226,435.4558
5227,435.4659
5228,435.4708
5229,435.4664
5230,435.4782
5231,439.0371
5232,435.4670
5233,435.4675
5234,435.4724
5235,435.4734
5236,435.4680
5237,435.4686
5238,435.4690
5239,435.4695
5240,435.4744
5241,435.4753
5242,435.4763
5243,435.4772
5244,435.4797
5245,435.4713
5246,435.4787
5247,439.0442
5248,439.0473
5249,439.0378
5250,439.0384
5251,439.0454
5252,439.0389
5253,439.0394
5254,439.0398
5255,439.0403
5256,439.0408
5257,439.0413
5258,439.0418
5259,439.0422
5260,439.0427
5261,439.0432
5262,439.0463
5263,439.0526
5264,439.0537
5265,439.0477
5266,439.0483
5267,439.0547
5268,439.0487
5269,439.0556
5270,439.0565
5271,439.0493
5272,439.0576
5273,439.0497
5274,439.0503
5275,439.0507
5276,439.0512
5277,439.0516
5278,439.0622
5279,439.0631
5280,439.0580
5281,439.0585
5282,439.0590
5283,439.0652
5284,439.0661
5285,439.0594
5286,439.0599
5287,439.0671
5288,439.0604
5289,439.0680
5290,439.0690
5291,439.0699
5292,439.0608
5293,439.0613
5294,442.2990
5295,439.0636
5296,442.2966
5297,442.2980
5298,439.0641
5299,439.0705
5300,439.0710
5301,439.0714
5302,442.3052
5303,442.3012
5304,442.3022
5305,442.3061
5306,439.0724
5307,442.3033
5308,442.3043
5309,439.0730
5310,442.3098
5311,442.3001
5312,442.3067
5313,442.3118
5314,442.3073
5315,442.3078
5316,442.3129
5317,442.3139
5318,442.3148
5319,442.3193
5320,442.3163
5321,442.3083
5322,442.3202
5323,442.3173
5324,442.3184
5325,442.3089
5326,442.3103
5327,442.3254
5328,442.3108
5329,442.3208
5330,442.3213
5331,442.3217
5332,442.3279
5333,442.3222
5334,442.3227
5335,442.3290
5336,442.3231
5337,442.3239
5338,442.3301
5339,442.3316
5340,442.3325
5341,442.3334
5342,442.3244
5343,442.3380
5344,442.3259
5345,442.3265
5346,442.3270
5347,442.3368
5348,442.3339
5349,442.3344
5350,442.3408
5351,442.3349
5352,442.3418
5353,442.3427
5354,442.3437
5355,442.3446
5356,442.3456
5357,442.3353
5358,442.3358
5359,445.3895
5360,442.3385
5361,442.3390
5362,445.3905
5363,442.3394
5364,442.3399
5365,445.3886
5366,445.3848
5367,445.3855
5368,445.3861
5369,445.3945
5370,445.3865
5371,445.3955
5372,445.3964
5373,445.3870
5374,445.3974
5375,445.3911
5376,444.8165
5377,444.8056
5378,444.8147
5379,444.8063
5380,444.8068
5381,444.8072
5382,444.8180
5383,444.8156
5384,444.8189
5385,444.8218
5386,444.8117
5387,444.8122
5388,444.8127
5389,444.8132
5390,444.8137
5391,444.8227
5392,444.8194
5393,448.1521
5394,444.8199
5395,448.1533
5396,444.8203
5397,448.1554
5398,448.1563
5399,444.8208
5400,448.1544
5401,448.1587
5402,448.1596
5403,448.1605
5404,448.1640
5405,444.8233
5406,448.1621
5407,444.8243
5408,448.1630
5409,448.1725
5410,448.1676
5411,448.1570
5412,448.1704
5413,448.1763
5414,448.1686
5415,448.1695
5416,448.1577
5417,448.1645
5418,448.1651
5419,448.1657
5420,448.1661
5421,448.1734
5422,448.1743
5423,448.1666
5424,448.1716
5425,448.1748
5426,448.1812
5427,448.1822
5428,448.1754
5429,448.1769
5430,448.1775
5431,448.1887
5432,448.1781
5433,448.1787
5434,448.1856
5435,448.1897
5436,448.1866
5437,448.1792
5438,448.1798
5439,448.1803
5440,448.1876
5441,448.1843
5442,451.5438
5443,448.1827
5444,451.5465
5445,451.5452
5446,448.1833
5447,448.1902
5448,451.5511
5449,448.1908
5450,451.5577
5451,448.1913
5452,451.5522
5453,448.1919
5454,451.5542
5455,448.1929
5456,451.5532
5457,451.5501
5458,451.5471
5459,451.5477
5460,451.5484
5461,451.5558
5462,451.5490
5463,451.5568
5464,451.5547
5465,451.5643
5466,451.5583
5467,451.5589
5468,451.5593
5469,451.5690
5470,451.5598
5471,451.5604
5472,451.5665
5473,451.5614
5474,451.5620
5475,451.5675
5476,451.5701
5477,451.5624
5478,451.5630
5479,451.5634
5480,451.5710
5481,451.5750
5482,451.5760
5483,451.5649
5484,451.5655
5485,451.5715
5486,451.5720
5487,451.5841
5488,451.5724
5489,451.5730
5490,451.5850
5491,451.5735
5492,451.5799
5493,451.5741
5494,451.5809
5495,451.5821
5496,451.5831
5497,451.5767
5498,451.5774
5499,451.5779
5500,451.5785
5501,451.5892
5502,451.5789
5503,454.6321
5504,454.6268
5505,454.6279
5506,454.6289
5507,451.5855
5508,451.5861
5509,454.6404
5510,451.5866
5511,454.6299
5512,451.5871
5513,451.5875
5514,454.6331
5515,451.5880
5516,454.6309
5517,454.6346
5518,454.6355
5519,454.6376
5520,454.6385
5521,454.6336
5522,454.6367
5523,454.6395
5524,454.6450
5525,454.6409
5526,454.6414
5527,454.6419
5528,454.6481
5529,454.6490
5530,454.6424
5531,454.6538
5532,454.6429
5533,454.6434
5534,454.6501
5535,454.6510
5536,454.6519
5537,454.6472
5538,454.6529
5539,454.6439
5540,454.6572
5541,454.6456
5542,454.6460
5543,454.6581
5544,454.6632
5545,454.6543
5546,454.6643
5547,454.6653
5548,454.6548
5549,457.9872
5550,454.6558
5551,454.6563
5552,454.6602
5553,454.6613
5554,454.6553
5555,454.6622
5556,454.6587
5557,457.9831
5558,457.9842
5559,454.6592
5560,454.6657
5561,454.6662
5562,454.6667
5563,457.9852
5564,457.9861
5565,457.9878
5566,457.9936
5567,457.9883
5568,457.9957
5569,457.9888
5570,457.9893
5571,457.9898
5572,457.9903
5573,457.9967
5574,457.9908
5575,457.9914
5576,457.9995
5577,457.9918
5578,457.9976
5579,457.9923
5580,457.9986
5581,458.0004
5582,457.9942
5583,457.9947
5584,458.0009
5585,458.0014
5586,458.0057
5587,458.0071
5588,458.0080
5589,458.0089
5590,458.0099
5591,458.0019
5592,458.0024
5593,458.0028
5594,458.0108
5595,458.0033
5596,458.0117
5597,458.0126
5598,458.0142
5599,458.0047
5600,458.0038
5601,458.0042
5602,458.0062
5603,461.2902
5604,458.0146
5605,461.2880
5606,458.0152
5607,458.0159
5608,458.0168
5609,461.2928
5610,461.2937
5611,458.0173
5612,461.2918
5613,458.0185
5614,458.0192
5615,458.0196
5616,458.0178
5617,458.0201
5618,461.2891
5619,461.2943
5620,461.2998
5621,461.2947
5622,461.3027
5623,461.3037
5624,461.3046
5625,461.3055
5626,461.2952
5627,461.3064
5628,461.2959
5629,461.3073
5630,461.2965
5631,461.2969
5632,460.7356
5633,460.7361
5634,460.7400
5635,460.7367
5636,460.7385
5637,460.7390
5638,460.7508
5639,460.7549
5640,460.7460
5641,460.7465
5642,460.7470
5643,460.7476
5644,460.7480
5645,460.7485
5646,460.7559
5647,460.7568
5648,460.7490
5649,460.7494
5650,460.7499
5651,460.7522
5652,460.7531
5653,460.7540
5654,460.7512
5655,460.7584
5656,460.7589
5657,463.7862
5658,463.7902
5659,460.7593
5660,460.7598
5661,463.7915
5662,460.7607
5663,460.7613
5664,460.7617
5665,460.7631
5666,463.7930
5667,460.7635
5668,460.7640
5669,463.7939
5670,463.7882
5671,460.7645
5672,463.7892
5673,463.7870
5674,463.7945
5675,463.8012
5676,463.8053
5677,463.7951
5678,463.7956
5679,463.7960
5680,463.8023
5681,463.8033
5682,463.7965
5683,463.7971
5684,463.7976
5685,463.7981
5686,463.7986
5687,463.7990
5688,463.8042
5689,463.7995
5690,463.8000
5691,463.8113
5692,463.8060
5693,463.8066
5694,463.8189
5695,463.8208
5696,463.8071
5697,463.8077
5698,463.8140
5699,463.8087
5700,463.8149
5701,463.8092
5702,463.8160
5703,463.8170
5704,463.8098
5705,463.8104
5706,463.8280
5707,463.8119
5708,463.8124
5709,463.8129
5710,467.0978
5711,463.8213
5712,463.8222
5713,463.8234
5714,463.8242
5715,467.0943
5716,463.8253
5717,463.8259
5718,463.8263
5719,467.1005
5720,467.1029
5721,463.8268
5722,467.1104
5723,467.1113
5724,463.8289
5725,467.1127
5726,467.1198
5727,467.1047
5728,467.1159
5729,467.1208
5730,467.1170
5731,467.1180
5732,467.1054
5733,467.1060
5734,467.1074
5735,467.1083
5736,467.1189
5737,467.1088
5738,467.1143
5739,467.1254
5740,467.1264
5741,467.1148
5742,467.1338
5743,467.1223
5744,467.1214
5745,467.1285
5746,467.1294
5747,470.1202
5748,467.1305
5749,467.1229
5750,467.1234
5751,467.1316
5752,467.1240
5753,467.1245
5754,467.1327
5755,470.1180
5756,467.1269
5757,467.1274
5758,467.1343
5759,467.1358
5760,467.1347
5761,470.1192
5762,467.1353
5763,470.1208
5764,470.1255
5765,470.1270
5766,470.1213
5767,470.1279
5768,470.1220
5769,470.1321
5770,470.1330
5771,470.1289
5772,470.1226
5773,470.1230
5774,470.1339
5775,470.1299
5776,470.1235
5777,470.1241
5778,470.1312
5779,470.1246
5780,470.1260
5781,470.1387
5782,470.1344
5783,470.1349
5784,470.1353
5785,470.1427
5786,470.1358
5787,470.1436
5788,470.1446
5789,470.1364
5790,470.1368
5791,470.1455
5792,473.1666
5793,470.1373
5794,470.1378
5795,470.1408
5796,470.1418
5797,470.1392
5798,470.1397
5799,473.1646
5800,473.1656
5801,473.1676
5802,473.1685
5803,473.1695
5804,473.1716
5805,473.1705
5806,473.1628
5807,473.1636
5808,473.1753
5809,473.1768
5810,473.1721
5811,473.1779
5812,473.1727
5813,473.1732
5814,473.1788
5815,473.1798
5816,473.1808
5817,473.1818
5818,473.1827
5819,473.1737
5820,473.1836
5821,473.1743
5822,473.1846
5823,473.1895
5824,473.1758
5825,473.1852
5826,473.1857
5827,473.1913
5828,473.1861
5829,473.1866
5830,473.1870
5831,473.1923
5832,473.1932
5833,473.1942
5834,473.1952
5835,473.1875
5836,473.1961
5837,473.1880
5838,473.1886
5839,473.1899
5840,476.2772
5841,476.2783
5842,473.1904
5843,476.2809
5844,473.1966
5845,473.1971
5846,473.1976
5847,473.1980
5848,473.1985
5849,476.2819
5850,473.1989
5851,476.2828
5852,476.2839
5853,473.1995
5854,473.1999
5855,476.2848
5856,476.2788
5857,476.2794
5858,476.2799
5859,476.2899
5860,476.2853
5861,476.2937
5862,476.2859
5863,476.2946
5864,476.2864
5865,476.2955
5866,476.2964
5867,476.2878
5868,476.2869
5869,476.2873
5870,476.2976
5871,476.2883
5872,476.2909
5873,476.2918
5874,476.2927
5875,476.3006
5876,476.3015
5877,476.3052
5878,476.3062
5879,476.2981
5880,476.2986
5881,476.2990
5882,476.3071
5883,476.3080
5884,476.3090
5885,476.3099
5886,476.3108
5887,476.3117
5888,475.7161
5889,475.7124
5890,475.7171
5891,475.7148
5892,475.7285
5893,479.0830
5894,479.0841
5895,479.0852
5896,475.7251
5897,479.0920
5898,475.7260
5899,479.0865
5900,475.7265
5901,475.7271
5902,479.0875
5903,475.7275
5904,479.0809
5905,479.0820
5906,479.0900
5907,479.0910
5908,475.7290
5909,479.0968
5910,479.0880
5911,479.0885
5912,479.0890
5913,479.1003
5914,479.0924
5915,479.1013
5916,479.0930
5917,479.0935
5918,479.0939
5919,479.0994
5920,479.0944
5921,479.0948
5922,479.0953
5923,479.0959
5924,479.0984
5925,479.1061
5926,479.1070
5927,479.1080
5928,479.0974
5929,479.1110
5930,479.1019
5931,479.1025
5932,479.1120
5933,479.1129
5934,479.1029
5935,479.1138
5936,479.1035
5937,479.1041
5938,479.1101
5939,479.1046
5940,479.1051
5941,479.1170
5942,479.1084
5943,479.1090
5944,479.1182
5945,479.1232
5946,479.1241
5947,479.1143
5948,479.1253
5949,479.1149
5950,479.1160
5951,479.1263
5952,479.1155
5953,482.1823
5954,479.1214
5955,479.1223
5956,482.1867
5957,479.1186
5958,479.1192
5959,479.1197
5960,479.1203
5961,482.1790
5962,482.1796
5963,482.1802
5964,482.1808
5965,482.1812
5966,482.1857
5967,482.1876
5968,482.1846
5969,482.1828
5970,482.1921
5971,482.1834
5972,482.1882
5973,482.1887
5974,482.1893
5975,482.1947
5976,482.1956
5977,482.1966
5978,482.1899
5979,482.1975
5980,482.1904
5981,482.1984
5982,482.1994
5983,482.2003
5984,482.1910
5985,482.1938
5986,482.1927
5987,482.2051
5988,482.2024
5989,482.2061
5990,482.2035
5991,482.2071
5992,482.2080
5993,482.2128
5994,482.2008
5995,482.2091
5996,482.2100
5997,482.2110
5998,482.2014
5999,482.2119
6000,488.4595
6001,488.4601
6002,488.4647
6003,488.4657
6004,488.4667
6005,488.4606
6006,488.4611
6007,488.4704
6008,488.4676
6009,488.4685
6010,488.4713
6011,488.4616
6012,488.4694
6013,488.4726
6014,488.4633
6015,488.4638
6016,488.4623
6017,488.4628
6018,488.4767
6019,488.4776
6020,488.4786
6021,488.4733
6022,488.4871
6023,488.4796
6024,488.4805
6025,488.4738
6026,488.4743
6027,488.4824
6028,488.4747
6029,488.4815
6030,488.4752
6031,488.4834
6032,488.4757
6033,488.4852
6034,488.4862
6035,488.4839
6036,488.4928
6037,488.4843
6038,488.4876
6039,491.6951
6040,488.4881
6041,491.6971
6042,488.4885
6043,488.4890
6044,491.6961
6045,488.4894
6046,488.4899
6047,488.4904
6048,491.6929
6049,488.4911
6050,491.6940
6051,488.4919
6052,488.4932
6053,491.7024
6054,488.4937
6055,491.6976
6056,491.6981
6057,491.6986
6058,491.6990
6059,491.6995
6060,491.7000
6061,491.7005
6062,491.7073
6063,491.7104
6064,491.7084
6065,491.7010
6066,491.7094
6067,491.7015
6068,491.7063
6069,491.7030
6070,491.7123
6071,491.7132
6072,491.7035
6073,491.7040
6074,491.7141
6075,491.7045
6076,491.7049
6077,491.7054
6078,491.7109
6079,491.7205
6080,491.7156
6081,491.7165
6082,491.7113
6083,491.7184
6084,491.7175
6085,491.7195
6086,491.7233
6087,491.7146
6088,491.7328
6089,491.7242
6090,491.7253
6091,491.7262
6092,491.7272
6093,491.7292
6094,491.7283
6095,491.7339
6096,491.7210
6097,491.7303
6098,491.7215
6099,491.7318
6100,491.7221
6101,495.0386
6102,495.0397
6103,495.0407
6104,495.0427
6105,491.7345
6106,491.7349
6107,495.0437
6108,491.7354
6109,495.0447
6110,491.7358
6111,495.0457
6112,491.7363
6113,491.7368
6114,495.0466
6115,495.0475
6116,491.7373
6117,495.0514
6118,495.0412
6119,495.0417
6120,495.0480
6121,495.0551
6122,495.0485
6123,495.0561
6124,495.0490
6125,495.0494
6126,495.0570
6127,495.0579
6128,495.0531
6129,495.0589
6130,495.0499
6131,495.0542
6132,495.0505
6133,495.0641
6134,495.0519
6135,495.0650
6136,495.0659
6137,495.0593
6138,498.2883
6139,495.0599
6140,495.0603
6141,495.0619
6142,495.0623
6143,498.2894
6144,494.5347
6145,494.5353
6146,497.7643
6147,494.5368
6148,497.7607
6149,497.7689
6150,494.5404
6151,494.5410
6152,494.5415
6153,494.5419
6154,497.7737
6155,497.7648
6156,497.7653
6157,497.7658
6158,497.7662
6159,497.7673
6160,497.7668
6161,497.7718
6162,497.7727
6163,497.7746
6164,497.7677
6165,497.7693
6166,497.7782
6167,497.7698
6168,497.7704
6169,497.7709
6170,497.7846
6171,497.7751
6172,497.7861
6173,497.7870
6174,497.7755
6175,497.7879
6176,497.7807
6177,497.7761
6178,497.7818
6179,497.7767
6180,497.7828
6181,497.7837
6182,497.7788
6183,497.7933
6184,497.7793
6185,497.7798
6186,497.7979
6187,497.8000
6188,497.8009
6189,497.8018
6190,497.8080
6191,497.7890
6192,497.7885
6193,497.7894
6194,497.7900
6195,497.7952
6196,497.7906
6197,497.7962
6198,497.7911
6199,497.8048
6200,497.7938
6201,497.8063
6202,497.8025
6203,497.8031
6204,497.8037
6205,500.9204
6206,500.9265
6207,500.9157
6208,500.9216
6209,500.9165
6210,500.9226
6211,500.9171
6212,500.9177
6213,500.9182
6214,500.9275
6215,500.9359
6216,500.9186
6217,500.9236
6218,500.9194
6219,500.9245
6220,500.9255
6221,500.9306
6222,500.9280
6223,500.9369
6224,500.9316
6225,500.9325
6226,500.9285
6227,500.9335
6228,500.9291
6229,500.9297
6230,500.9350
6231,500.9375
6232,500.9381
6233,500.9386
6234,500.9448
6235,500.9500
6236,500.9392
6237,500.9398
6238,500.9414
6239,504.2627
6240,500.9480
6241,500.9403
6242,500.9410
6243,500.9459
6244,500.9421
6245,500.9428
6246,500.9490
6247,500.9433
6248,500.9470
6249,500.9438
6250,504.2595
6251,504.2607
6252,504.2617
6253,500.9507
6254,500.9512
6255,504.2681
6256,504.2634
6257,504.2698
6258,504.2640
6259,504.2745
6260,504.2646
6261,504.2651
6262,504.2656
6263,504.2709
6264,504.2755
6265,504.2724
6266,504.2662
6267,504.2667
6268,504.2734
6269,504.2764
6270,504.2672
6271,504.2809
6272,504.2689
6273,504.2769
6274,504.2774
6275,504.2822
6276,504.2833
6277,504.2842
6278,504.2780
6279,504.2786
6280,504.2790
6281,504.2851
6282,504.2860
6283,504.2870
6284,504.2795
6285,504.2799
6286,504.2879
6287,504.2813
6288,504.2923
6289,504.2932
6290,504.2941
6291,504.2888
6292,504.2894
6293,507.3188
6294,507.3203
6295,507.3214
6296,507.3223
6297,507.3233
6298,504.2899
6299,507.3243
6300,504.2903
6301,507.3252
6302,504.2908
6303,504.2914
6304,504.2946
6305,507.3309
6306,507.3319
6307,504.2950
6308,504.2955
6309,507.3257
6310,507.3343
6311,507.3262
6312,507.3267
6313,507.3272
6314,507.3276
6315,507.3281
6316,507.3353
6317,507.3286
6318,507.3295
6319,507.3300
6320,507.3291
6321,507.3400
6322,507.3410
6323,507.3324
6324,507.3329
6325,507.3334
6326,507.3467
6327,507.3358
6328,507.3362
6329,507.3367
6330,507.3372
6331,507.3376
6332,507.3381
6333,507.3385
6334,507.3390
6335,507.3447
6336,507.3438
6337,507.3414
6338,507.3420
6339,507.3424
6340,507.3429
6341,507.3458
6342,507.3472
6343,507.3476
6344,507.3481
6345,507.3486
6346,507.3534
6347,510.7393
6348,510.7403
6349,510.7412
6350,510.7422
6351,507.3490
6352,507.3496
6353,510.7432
6354,507.3500
6355,507.3505
6356,507.3510
6357,507.3516
6358,510.7443
6359,510.7382
6360,507.3520
6361,507.3525
6362,507.3539
6363,510.7448
6364,510.7453
6365,510.7513
6366,510.7578
6367,510.7458
6368,510.7529
6369,510.7463
6370,510.7468
6371,510.7540
6372,510.7472
6373,510.7478
6374,510.7549
6375,510.7483
6376,510.7559
6377,510.7488
6378,510.7493
6379,510.7498
6380,510.7569
6381,510.7518
6382,510.7583
6383,510.7588
6384,510.7632
6385,510.7593
6386,510.7598
6387,510.7603
6388,510.7607
6389,510.7652
6390,510.7662
6391,510.7672
6392,510.7706
6393,510.7612
6394,510.7683
6395,510.7717
6396,510.7617
6397,510.7622
6398,510.7694
6399,510.7726
6400,510.1945
6401,510.1956
6402,510.1815
6403,510.1821
6404,510.1965
6405,510.1909
6406,513.0128
6407,513.0139
6408,510.1914
6409,510.1925
6410,513.0149
6411,513.0161
6412,510.1929
6413,510.1935
6414,513.0172
6415,513.0182
6416,510.1970
6417,510.1975
6418,513.0218
6419,513.0228
6420,510.1981
6421,510.1985
6422,513.0187
6423,513.0248
6424,513.0257
6425,513.0307
6426,513.0268
6427,513.0279
6428,513.0192
6429,513.0289
6430,513.0199
6431,513.0204
6432,513.0298
6433,513.0209
6434,513.0232
6435,513.0237
6436,513.0374
6437,513.0396
6438,513.0362
6439,513.0405
6440,513.0423
6441,513.0313
6442,513.0318
6443,513.0324
6444,513.0329
6445,513.0433
6446,513.0334
6447,513.0339
6448,513.0414
6449,513.0385
6450,513.0346
6451,513.0351
6452,513.0470
6453,513.0438
6454,513.0510
6455,513.0520
6456,513.0444
6457,513.0530
6458,513.0539
6459,513.0450
6460,513.0456
6461,513.0550
6462,513.0568
6463,513.0460
6464,513.0481
6465,513.0490
6466,513.0559
6467,513.0501
6468,513.0614
6469,513.0605
6470,516.2195
6471,513.0573
6472,516.2277
6473,513.0579
6474,516.2206
6475,516.2215
6476,513.0585
6477,516.2225
6478,513.0591
6479,516.2235
6480,516.2156
6481,516.2166
6482,516.2175
6483,516.2185
6484,516.2249
6485,516.2258
6486,516.2267
6487,516.2240
6488,516.2282
6489,516.2287
6490,516.2293
6491,516.2341
6492,519.8419
6493,516.2297
6494,519.8378
6495,519.8429
6496,519.8353
6497,516.2303
6498,519.8390
6499,516.2315
6500,516.2309
6501,519.8400
6502,516.2320
6503,519.8409
6504,519.8368
6505,516.2326
6506,516.2331
6507,519.8473
6508,519.8512
6509,519.8434
6510,519.8439
6511,519.8453
6512,519.8443
6513,519.8484
6514,519.8493
6515,519.8448
6516,519.8459
6517,519.8503
6518,519.8554
6519,519.8563
6520,519.8463
6521,519.8573
6522,519.8582
6523,519.8612
6524,519.8621
6525,519.8517
6526,519.8631
6527,519.8523
6528,519.8529
6529,519.8534
6530,519.8539
6531,519.8593
6532,519.8545
6533,519.8602
6534,519.8661
6535,519.8705
6536,519.8682
6537,519.8714
6538,519.8696
6539,519.8795
6540,519.8635
6541,519.8804
6542,519.8641
6543,519.8813
6544,519.8747
6545,519.8759
6546,519.8773
6547,519.8646
6548,519.8651
6549,519.8783
6550,519.8719
6551,519.8724
6552,519.8868
6553,519.8879
6554,519.8729
6555,523.1601
6556,519.8821
6557,519.8826
6558,523.1560
6559,519.8850
6560,523.1570
6561,523.1580
6562,519.8834
6563,519.8846
6564,519.8854
6565,519.8859
6566,523.1547
6567,523.1589
6568,523.1528
6569,523.1535
6570,523.1652
6571,523.1606
6572,523.1701
6573,523.1611
6574,523.1616
6575,523.1710
6576,523.1621
6577,523.1671
6578,523.1628
6579,523.1681
6580,523.1720
6581,523.1633
6582,523.1638
6583,523.1692
6584,523.1643
6585,523.1768
6586,523.1657
6587,523.1662
6588,523.1724
6589,523.1796
6590,523.1805
6591,523.1816
6592,523.1729
6593,523.1828
6594,523.1734
6595,523.1739
6596,523.1838
6597,523.1743
6598,523.1748
6599,523.1753
6600,523.1757
6601,523.1773
6602,523.1777
6603,523.1782
6604,523.1786
6605,523.1843
6606,523.1885
6607,523.1854
6608,523.1849
6609,526.1774
6610,523.1859
6611,526.1786
6612,523.1864
6613,526.1796
6614,526.1806
6615,526.1816
6616,526.1825
6617,526.1844
6618,523.1870
6619,526.1835
6620,523.1875
6621,526.1854
6622,526.1893
6623,523.1892
6624,523.1896
6625,526.1859
6626,526.1863
6627,526.1910
6628,526.1919
6629,526.1928
6630,526.1868
6631,526.1874
6632,526.1879
6633,526.1938
6634,526.1884
6635,526.1947
6636,526.1957
6637,526.1967
6638,526.1900
6639,526.2026
6640,526.2006
6641,526.2017
6642,526.2035
6643,526.1972
6644,526.2057
6645,526.1977
6646,526.1982
6647,526.1986
6648,526.2067
6649,526.2104
6650,526.1991
6651,526.2116
6652,526.2083
6653,526.1997
6654,526.2093
6655,526.2189
6656,525.7030
6657,525.7036
6658,525.7158
6659,525.7168
6660,525.7109
6661,525.7116
6662,525.7213
6663,525.7127
6664,525.7136
6665,525.7131
6666,525.7222
6667,525.7236
6668,525.7252
6669,525.7140
6670,525.7149
6671,525.7313
6672,525.7284
6673,525.7182
6674,525.7202
6675,525.7293
6676,528.9591
6677,525.7303
6678,528.9615
6679,528.9626
6680,528.9642
6681,525.7259
6682,525.7265
6683,528.9651
6684,528.9661
6685,525.7269
6686,525.7274
6687,528.9720
6688,528.9692
6689,528.9730
6690,528.9598
6691,528.9702
6692,528.9604
6693,528.9711
6694,528.9667
6695,528.9672
6696,528.9762
6697,528.9677
6698,528.9772
6699,528.9782
6700,528.9806
6701,528.9797
6702,528.9683
6703,528.9857
6704,528.9736
6705,528.9742
6706,528.9866
6707,528.9838
6708,528.9746
6709,528.9847
6710,528.9876
6711,528.9752
6712,528.9891
6713,528.9812
6714,528.9900
6715,528.9818
6716,528.9823
6717,528.9910
6718,528.9829
6719,529.0010
6720,528.9950
6721,528.9882
6722,528.9960
6723,529.0019
6724,528.9971
6725,528.9980
6726,528.9990
6727,528.9999
6728,528.9916
6729,528.9922
6730,528.9927
6731,528.9931
6732,528.9936
6733,528.9940
6734,529.0079
6735,529.0024
6736,529.0028
6737,529.0034
6738,529.0038
6739,529.0043
6740,529.0047
6741,532.0009
6742,529.0053
6743,532.0039
6744,529.0059
6745,532.0019
6746,529.0064
6747,529.0070
6748,532.0110
6749,532.0029
6750,531.9987
6751,532.0120
6752,531.9993
6753,532.0082
6754,532.0091
6755,531.9999
6756,532.0100
6757,532.0045
6758,532.0051
6759,532.0055
6760,532.0061
6761,532.0065
6762,532.0153
6763,532.0070
6764,532.0239
6765,532.0250
6766,532.0260
6767,532.0126
6768,532.0269
6769,532.0132
6770,532.0171
6771,532.0280
6772,532.0291
6773,532.0138
6774,532.0301
6775,532.0144
6776,532.0310
6777,532.0319
6778,532.0159
6779,532.0374
6780,532.0324
6781,532.0447
6782,532.0329
6783,532.0335
6784,532.0389
6785,532.0401
6786,532.0339
6787,532.0350
6788,532.0354
6789,532.0360
6790,532.0410
6791,532.0419
6792,532.0428
6793,532.0437
6794,532.0364
6795,532.0504
6796,532.0379
6797,532.0451
6798,532.0456
6799,532.0461
6800,535.3764
6801,532.0465
6802,532.0470
6803,535.3775
6804,535.3799
6805,532.0474
6806,535.3786
6807,532.0479
6808,532.0483
6809,532.0488
6810,532.0493
6811,532.0509
6812,535.3849
6813,532.0514
6814,535.3903
6815,535.3839
6816,535.3868
6817,535.3914
6818,535.3882
6819,535.3923
6820,535.3805
6821,535.3810
6822,535.3893
6823,535.3932
6824,535.3815
6825,535.3820
6826,535.3825
6827,535.3829
6828,535.3853
6829,535.3858
6830,535.3983
6831,535.3942
6832,535.3937
6833,535.3997
6834,535.4007
6835,535.4016
6836,535.3947
6837,535.4057
6838,535.3955
6839,535.3959
6840,535.4027
6841,535.4038
6842,535.3964
6843,535.3969
6844,535.3974
6845,535.4048
6846,535.4127
6847,535.3988
6848,535.4118
6849,535.4181
6850,535.4191
6851,535.4062
6852,535.4154
6853,535.4067
6854,535.4074
6855,535.4079
6856,535.4163
6857,535.4086
6858,535.4093
6859,535.4098
6860,535.4172
6861,535.4108
6862,535.4135
6863,538.1263
6864,535.4139
6865,538.1278
6866,535.4200
6867,538.1288
6868,535.4206
6869,535.4210
6870,535.4215
6871,535.4223
6872,535.4228
6873,535.4234
6874,538.1241
6875,538.1247
6876,538.1298
6877,538.1252
6878,538.1307
6879,538.1269
6880,538.1364
6881,538.1378
6882,538.1388
6883,538.1312
6884,538.1318
6885,538.1322
6886,538.1327
6887,538.1331
6888,538.1336
6889,538.1407
6890,538.1341
6891,538.1397
6892,538.1345
6893,538.1350
6894,538.1355
6895,538.1416
6896,538.1369
6897,538.1422
6898,538.1469
6899,542.0496
6900,538.1427
6901,538.1431
6902,538.1436
6903,542.0507
6904,538.1441
6905,538.1445
6906,538.1450
6907,542.0474
6908,542.0517
6909,538.1454
6910,538.1459
6911,542.0486
6912,541.5194
6913,541.5209
6914,541.5303
6915,541.5268
6916,541.5332
6917,541.5343
6918,541.5354
6919,541.5272
6920,541.5278
6921,541.5283
6922,541.5365
6923,541.5377
6924,541.5388
6925,541.5399
6926,541.5288
6927,541.5409
6928,541.5293
6929,541.5323
6930,541.5308
6931,541.5313
6932,541.5414
6933,541.5419
6934,541.5424
6935,541.5547
6936,541.5428
6937,541.5472
6938,541.5434
6939,541.5442
6940,541.5481
6941,541.5492
6942,541.5447
6943,541.5453
6944,541.5501
6945,541.5510
6946,541.5520
6947,541.5463
6948,541.5458
6949,541.5529
6950,541.5538
6951,541.5552
6952,541.5557
6953,541.5607
6954,544.8674
6955,544.8684
6956,541.5561
6957,541.5567
6958,541.5571
6959,541.5577
6960,541.5582
6961,541.5586
6962,544.8615
6963,541.5591
6964,544.8626
6965,544.8637
6966,544.8664
6967,541.5598
6968,544.8648
6969,544.8737
6970,544.8689
6971,544.8695
6972,544.8790
6973,544.8800
6974,544.8809
6975,544.8818
6976,544.8701
6977,544.8706
6978,544.8760
6979,544.8828
6980,544.8712
6981,544.8770
6982,544.8716
6983,544.8780
6984,544.8722
6985,544.8885
6986,544.8743
6987,544.8749
6988,544.8834
6989,544.8839
6990,544.8844
6991,544.8946
6992,544.8849
6993,544.8854
6994,544.8860
6995,544.8865
6996,544.8913
6997,544.8870
6998,544.8875
6999,544.8924
7000,544.8934
7001,544.8892
7002,544.8897
7003,544.8993
7004,544.8904
7005,544.9003
7006,544.9012
7007,544.8951
7008,544.8957
7009,544.9022
7010,544.9031
7011,544.9040
7012,544.8962
7013,544.9049
7014,544.8972
7015,544.9069
7016,544.9059
7017,544.8978
7018,544.8983
7019,544.9109
7020,544.9119
7021,544.9129
7022,544.9138
7023,548.2751
7024,544.9100
7025,548.2694
7026,548.2706
7027,548.2715
7028,544.9073
7029,544.9079
7030,544.9084
7031,544.9089
7032,548.2725
7033,548.2761
7034,548.2741
7035,548.2793
7036,548.2802
7037,548.2811
7038,548.2821
7039,548.2913
7040,548.2767
7041,548.2846
7042,548.2772
7043,548.2855
7044,548.2865
7045,548.2876
7046,548.2885
7047,548.2894
7048,548.2777
7049,548.2904
7050,548.2783
7051,548.2826
7052,548.2830
7053,548.2835
7054,548.2961
7055,548.2918
7056,548.2980
7057,548.2923
7058,548.2989
7059,548.2928
7060,548.2933
7061,548.2938
7062,548.2999
7063,548.2943
7064,548.2947
7065,548.3008
7066,548.3038
7067,548.3019
7068,548.3028
7069,548.2952
7070,548.2966
7071,548.2971
7072,548.3043
7073,548.3085
7074,548.3047
7075,548.3100
7076,548.3109
7077,548.3052
7078,548.3118
7079,548.3058
7080,548.3062
7081,548.3128
7082,548.3137
7083,548.3067
7084,548.3072
7085,548.3157
7086,548.3166
7087,548.3147
7088,548.3076
7089,548.3090
7090,551.2775
7091,548.3171
7092,548.3176
7093,551.2812
7094,548.3180
7095,548.3185
7096,551.2821
7097,548.3190
7098,548.3194
7099,551.2753
7100,551.2758
7101,551.2830
7102,551.2840
7103,551.2763
7104,551.2802
7105,551.2746
7106,551.2781
7107,551.2786
7108,551.2790
7109,551.2881
7110,551.2906
7111,551.2943
7112,551.2845
7113,551.2851
7114,551.2953
7115,551.2855
7116,551.2915
7117,551.2861
7118,551.2866
7119,551.2925
7120,551.2934
7121,551.2896
7122,551.2870
7123,551.3057
7124,551.3000
7125,551.2885
7126,551.2957
7127,551.2962
7128,551.2967
7129,551.3010
7130,551.2971
7131,551.2976
7132,551.3019
7133,551.3029
7134,551.3038
7135,551.3047
7136,551.2981
7137,551.2986
7138,551.2990
7139,554.6755
7140,554.6797
7141,554.6831
7142,554.6761
7143,554.6852
7144,554.6767
7145,554.6861
7146,554.6772
7147,554.6871
7148,554.6777
7149,554.6881
7150,554.6958
7151,554.6782
7152,554.6808
7153,554.6841
7154,554.6787
7155,554.6822
7156,554.6919
7157,554.6886
7158,554.6891
7159,554.6895
7160,554.6900
7161,554.6905
7162,554.6910
7163,554.6929
7164,554.6940
7165,554.6949
7166,554.6964
7167,554.7017
7168,554.1756
7169,554.1763
7170,554.1858
7171,554.1768
7172,554.1774
7173,554.1779
7174,554.1784
7175,554.1827
7176,554.1790
7177,554.1837
7178,554.1867
7179,554.1876
7180,554.1848
7181,554.1886
7182,554.1896
7183,554.1805
7184,554.1812
7185,554.1817
7186,554.1901
7187,557.2279
7188,554.1905
7189,557.2337
7190,557.2347
7191,557.2244
7192,557.2250
7193,557.2356
7194,557.2255
7195,557.2366
7196,557.2375
7197,557.2384
7198,557.2261
7199,557.2267
7200,557.2300
7201,557.2317
7202,557.2327
7203,557.2284
7204,557.2290
7205,557.2466
7206,557.2391
7207,557.2425
7208,557.2475
7209,557.2486
7210,557.2515
7211,557.2497
7212,557.2397
7213,557.2527
7214,557.2403
7215,557.2506
7216,557.2408
7217,557.2437
7218,557.2413
7219,557.2448
7220,557.2457
7221,557.2617
7222,557.2585
7223,557.2531
7224,557.2537
7225,557.2543
7226,557.2548
7227,557.2553
7228,557.2626
7229,557.2569
7230,557.2576
7231,557.2636
7232,560.0636
7233,557.2596
7234,557.2559
7235,557.2565
7236,557.2607
7237,560.0676
7238,560.0726
7239,560.0642
7240,560.0648
7241,560.0655
7242,560.0735
7243,560.0747
7244,560.0782
7245,560.0660
7246,560.0761
7247,560.0770
7248,560.0688
7249,560.0666
7250,560.0697
7251,560.0706
7252,560.0715
7253,560.0823
7254,560.0851
7255,560.0786
7256,560.0861
7257,560.0792
7258,560.0798
7259,560.0803
7260,560.0808
7261,560.0870
7262,560.0880
7263,560.0889
7264,560.0833
7265,560.0842
7266,560.0814
7267,560.0894
7268,560.0898
7269,560.0903
7270,560.0948
7271,563.3381
7272,563.3393
7273,563.3402
7274,560.0907
7275,563.3412
7276,563.3430
7277,563.3421
7278,563.3441
7279,560.0919
7280,563.3360
7281,560.0913
7282,560.0928
7283,563.3372
7284,560.0932
7285,560.0939
7286,560.0953
7287,563.3504
7288,563.3446
7289,563.3450
7290,563.3485
7291,563.3514
7292,563.3455
7293,563.3523
7294,563.3553
7295,563.3562
7296,563.3459
7297,563.3466
7298,563.3471
7299,563.3534
7300,563.3495
7301,563.3476
7302,563.3543
7303,563.3566
7304,563.3571
7305,563.3576
7306,563.3581
7307,566.6567
7308,566.6578
7309,563.3636
7310,566.6588
7311,563.3585
7312,563.3590
7313,566.6531
7314,563.3596
7315,563.3601
7316,563.3605
7317,563.3610
7318,563.3614
7319,566.6542
7320,563.3619
7321,566.6552
7322,563.3625
7323,566.6633
7324,566.6689
7325,566.6698
7326,566.6708
7327,566.6717
7328,566.6593
7329,566.6648
7330,566.6599
7331,566.6604
7332,566.6609
7333,566.6660
7334,566.6614
7335,566.6619
7336,566.6623
7337,566.6670
7338,566.6679
7339,566.6747
7340,566.6833
7341,566.6722
7342,566.6726
7343,566.6843
7344,566.6757
7345,566.6766
7346,566.6776
7347,566.6867
7348,566.6785
7349,566.6796
7350,566.6805
7351,566.6814
7352,566.6731
7353,566.6823
7354,566.6737
7355,566.6876
7356,566.6903
7357,566.6847
7358,566.6913
7359,566.6922
7360,566.6852
7361,566.6858
7362,570.1466
7363,570.1509
7364,570.1479
7365,566.6881
7366,570.1543
7367,566.6886
7368,570.1488
7369,570.1499
7370,570.1518
7371,566.6892
7372,570.1582
7373,570.1553
7374,566.6928
7375,570.1563
7376,570.1534
7377,570.1573
7378,570.1633
7379,570.1642
7380,570.1651
7381,570.1524
7382,570.1586
7383,570.1591
7384,570.1596
7385,570.1669
7386,570.1600
7387,570.1688
7388,570.1605
7389,570.1610
7390,570.1623
7391,570.1678
7392,570.1614
7393,570.1619
7394,570.1739
7395,570.1656
7396,570.1660
7397,570.1748
7398,570.1721
7399,570.1730
7400,570.1758
7401,570.1792
7402,570.1692
7403,570.1801
7404,570.1811
7405,570.1697
7406,570.1703
7407,570.1707
7408,570.1783
7409,570.1712
7410,570.1763
7411,570.1857
7412,570.1768
7413,570.1867
7414,570.1876
7415,570.1772
7416,570.1886
7417,570.1925
7418,570.1817
7419,570.1822
7420,570.1826
7421,570.1831
7422,570.1934
7423,570.1848
7424,569.6706
7425,569.6713
7426,569.6786
7427,569.6761
7428,569.6766
7429,572.8058
7430,569.6770
7431,572.8067
7432,569.6775
7433,572.8025
7434,572.8118
7435,572.8129
7436,572.8031
7437,572.8141
7438,572.8150
7439,572.8037
7440,572.8042
7441,572.8088
7442,572.8097
7443,572.8107
7444,572.8048
7445,572.8205
7446,572.8225
7447,572.8072
7448,572.8077
7449,572.8216
7450,572.8155
7451,572.8160
7452,572.8165
7453,572.8170
7454,572.8174
7455,572.8196
7456,572.8180
7457,572.8267
7458,572.8276
7459,572.8185
7460,572.8190
7461,572.8295
7462,572.8304
7463,572.8229
7464,572.8314
7465,572.8345
7466,572.8325
7467,572.8335
7468,572.8235
7469,572.8241
7470,572.8251
7471,572.8256
7472,572.8246
7473,572.8280
7474,572.8286
7475,572.8396
7476,572.8386
7477,572.8351
7478,572.8438
7479,572.8356
7480,572.8362
7481,572.8367
7482,572.8448
7483,572.8457
7484,572.8468
7485,572.8477
7486,572.8371
7487,572.8486
7488,572.8420
7489,572.8377
7490,572.8429
7491,572.8401
7492,572.8411
7493,575.4046
7494,572.8493
7495,575.4058
7496,575.4069
7497,575.4030
7498,575.4036
7499,575.4079
7500,580.1653
7501,580.1662
7502,580.1775
7503,580.1704
7504,580.1714
7505,580.1787
7506,580.1724
7507,580.1734
7508,580.1669
7509,580.1744
7510,580.1675
7511,580.1681
7512,580.1687
7513,580.1796
7514,580.1754
7515,580.1693
7516,580.1808
7517,580.1766
7518,580.1813
7519,580.1823
7520,580.1845
7521,580.1859
7522,580.1819
7523,580.1868
7524,580.1880
7525,580.1890
7526,580.1899
7527,580.1909
7528,580.1918
7529,580.1927
7530,580.1829
7531,580.1835
7532,580.1956
7533,580.1937
7534,580.1947
7535,580.1966
7536,580.1849
7537,580.2018
7538,583.4044
7539,580.1971
7540,580.1976
7541,580.1981
7542,580.1986
7543,580.1990
7544,580.1994
7545,580.1999
7546,583.4010
7547,580.2004
7548,583.4054
7549,583.4066
7550,583.4022
7551,583.4034
7552,580.2009
7553,583.4116
7554,583.4141
7555,583.4185
7556,583.4072
7557,583.4077
7558,583.4082
7559,583.4086
7560,583.4091
7561,583.4155
7562,583.4096
7563,583.4165
7564,583.4174
7565,583.4101
7566,583.4106
7567,583.4224
7568,583.4130
7569,583.4121
7570,583.4236
7571,583.4191
7572,583.4245
7573,583.4287
7574,583.4196
7575,583.4256
7576,583.4265
7577,583.4424
7578,583.4201
7579,583.4205
7580,583.4210
7581,583.4276
7582,583.4215
7583,583.4353
7584,583.4321
7585,583.4342
7586,583.4291
7587,583.4297
7588,583.4362
7589,583.4372
7590,583.4391
7591,583.4401
7592,583.4410
7593,583.4428
7594,586.6515
7595,586.6546
7596,583.4435
7597,583.4442
7598,583.4446
7599,586.6585
7600,583.4454
7601,586.6556
7602,586.6536
7603,583.4464
7604,583.4474
7605,586.6498
7606,586.6566
7607,586.6575
7608,586.6505
7609,586.6526
7610,586.6626
7611,586.6685
7612,586.6694
7613,586.6590
7614,586.6600
7615,586.6703
7616,586.6595
7617,586.6635
7618,586.6606
7619,586.6712
7620,586.6646
7621,586.6617
7622,586.6611
7623,586.6656
7624,586.6666
7625,586.6675
7626,586.6762
7627,586.6717
7628,586.6827
7629,586.6837
7630,586.6846
7631,586.6722
7632,586.6777
7633,586.6728
7634,586.6786
7635,586.6795
7636,586.6738
7637,586.6743
7638,586.6748
7639,586.6804
7640,586.6753
7641,586.6818
7642,586.6766
7643,586.6880
7644,589.9278
7645,589.9289
7646,586.6851
7647,589.9299
7648,586.6855
7649,589.9308
7650,589.9318
7651,586.6861
7652,586.6866
7653,589.9328
7654,589.9338
7655,589.9347
7656,589.9357
7657,586.6870
7658,589.9366
7659,589.9404
7660,589.9371
7661,589.9376
7662,589.9476
7663,589.9486
7664,589.9429
7665,589.9380
7666,589.9439
7667,589.9449
7668,589.9385
7669,589.9495
7670,589.9390
7671,589.9458
7672,589.9395
7673,589.9505
7674,589.9467
7675,589.9409
7676,589.9415
7677,589.9419
7678,589.9558
7679,589.9509
7680,592.6296
7681,589.2809
7682,592.6335
7683,592.6344
7684,589.2814
7685,592.6314
7686,592.6354
7687,589.2819
7688,589.2828
7689,589.2824
7690,589.2833
7691,589.2838
7692,592.6325
7693,589.2843
7694,589.2857
7695,592.6394
7696,592.6409
7697,592.6359
7698,592.6421
7699,592.6431
7700,592.6364
7701,592.6369
7702,592.6515
7703,592.6441
7704,592.6374
7705,592.6378
7706,592.6384
7707,592.6450
7708,592.6464
7709,592.6473
7710,592.6483
7711,592.6399
7712,592.6488
7713,592.6493
7714,592.6551
7715,592.6560
7716,592.6500
7717,592.6505
7718,592.6586
7719,592.6597
7720,592.6606
7721,592.6654
7722,592.6521
7723,592.6527
7724,592.6533
7725,592.6541
7726,592.6622
7727,592.6631
7728,592.6576
7729,592.6642
7730,592.6691
7731,592.6565
7732,592.6700
7733,592.6710
7734,592.6659
7735,592.6738
7736,592.6748
7737,592.6665
7738,595.5689
7739,592.6759
7740,592.6670
7741,592.6770
7742,592.6676
7743,592.6781
7744,592.6729
7745,592.6682
7746,592.6714
7747,592.6719
7748,595.5753
7749,595.5764
7750,595.5773
7751,595.5696
7752,595.5794
7753,595.5702
7754,595.5708
7755,595.5804
7756,595.5714
7757,595.5814
7758,595.5861
7759,595.5719
7760,595.5725
7761,595.5731
7762,595.5737
7763,595.5743
7764,595.5842
7765,595.5779
7766,595.5784
7767,595.5852
7768,595.5910
7769,595.5819
7770,595.5919
7771,595.5825
7772,595.5929
7773,595.5831
7774,595.5867
7775,595.5872
7776,595.5981
7777,595.5878
7778,595.5963
7779,595.5884
7780,595.5889
7781,595.5972
7782,595.5895
7783,595.5900
7784,595.5935
7785,595.6060
7786,595.5941
7787,595.6009
7788,595.5946
7789,595.5952
7790,595.6018
7791,595.6028
7792,595.6069
7793,595.6078
7794,595.6039
7795,595.6087
7796,595.6097
7797,595.6106
7798,595.5987
7799,595.5993
7800,595.6050
7801,598.8285
7802,598.8348
7803,598.8291
7804,598.8297
7805,598.8383
7806,598.8318
7807,598.8324
7808,598.8302
7809,598.8308
7810,598.8330
7811,598.8364
7812,598.8314
7813,598.8334
7814,598.8374
7815,598.8339
7816,598.8393
7817,598.8402
7818,598.8449
7819,598.8354
7820,598.8473
7821,598.8408
7822,598.8484
7823,598.8414
7824,598.8420
7825,598.8493
7826,598.8425
7827,598.8502
7828,598.8430
7829,598.8435
7830,598.8516
7831,598.8440
7832,598.8464
7833,598.8525
7834,598.8580
7835,598.8454
7836,598.8615
7837,598.8531
7838,598.8536
7839,598.8625
7840,598.8634
7841,598.8540
7842,598.8545
7843,598.8549
7844,598.8554
7845,598.8595
7846,598.8559
7847,598.8564
7848,598.8569
7849,598.8604
7850,601.6281
7851,601.6293
7852,601.6362
7853,601.6372
7854,601.6381
7855,598.8639
7856,601.6304
7857,598.8644
7858,601.6314
7859,601.6323
7860,601.6333
7861,598.8650
7862,601.6453
7863,598.8655
7864,601.6343
7865,601.6353
7866,601.6423
7867,601.6433
7868,601.6386
7869,601.6391
7870,601.6462
7871,601.6472
7872,601.6396
7873,601.6400
7874,601.6405
7875,601.6410
7876,601.6444
7877,601.6414
7878,601.6517
7879,601.6476
7880,601.6482
7881,601.6548
7882,601.6486
7883,601.6557
7884,601.6580
7885,601.6571
7886,601.6590
7887,601.6599
7888,601.6491
7889,601.6497
7890,601.6502
7891,601.6538
7892,601.6631
7893,601.6506
7894,601.6522
7895,601.6527
7896,601.6640
7897,605.0400
7898,601.6603
7899,601.6608
7900,605.0411
7901,601.6612
7902,601.6617
7903,601.6622
7904,605.0359
7905,605.0370
7906,605.0380
7907,605.0391
7908,605.0448
7909,605.0458
7910,605.0468
7911,605.0477
7912,605.0486
7913,605.0416
7914,605.0530
7915,605.0561
7916,605.0421
7917,605.0426
7918,605.0542
7919,605.0552
7920,605.0433
7921,605.0439
7922,605.0511
7923,605.0521
7924,605.0492
7925,605.0607
7926,605.0499
7927,605.0617
7928,605.0626
7929,605.0636
7930,605.0567
7931,605.0571
7932,605.0576
7933,605.0581
7934,605.0585
7935,605.0700
7936,604.5838
7937,604.5958
7938,604.5928
7939,604.5939
7940,604.5844
7941,604.5889
7942,604.5899
7943,604.5979
7944,604.5990
7945,604.5905
7946,604.5910
7947,604.5914
7948,604.6001
7949,604.5919
7950,604.6012
7951,604.6071
7952,604.6080
7953,604.6089
7954,604.6040
7955,604.6052
7956,604.5962
7957,604.5967
7958,604.6062
7959,604.6117
7960,607.6855
7961,604.6018
7962,604.6023
7963,607.6866
7964,607.6925
7965,604.6132
7966,604.6029
7967,607.6946
7968,604.6095
7969,604.6099
7970,607.6895
7971,607.6936
7972,607.6906
7973,607.6916
7974,604.6106
7975,607.7005
7976,607.7015
7977,607.6871
7978,607.6878
7979,607.6884
7980,607.6953
7981,607.6959
7982,607.6963
7983,607.7065
7984,607.6968
7985,607.6974
7986,607.6980
7987,607.7054
7988,607.6985
7989,607.6991
7990,607.6996
7991,607.7118
7992,607.7020
7993,607.7097
7994,607.7026
7995,607.7109
7996,607.7032
7997,607.7037
7998,607.7044
7999,607.7070
8000,607.7143
8001,607.7075
8002,607.7164
8003,607.7155
8004,607.7080
8005,607.7174
8006,607.7085
8007,607.7242
8008,607.7251
8009,607.7261
8010,607.7123
8011,607.7129
8012,607.7214
8013,607.7224
8014,607.7133
8015,607.7233
8016,607.7179
8017,607.7185
8018,607.7189
8019,607.7195
8020,607.7199
8021,607.7203
8022,607.7315
8023,607.7265
8024,610.9228
8025,610.9239
8026,610.9260
8027,610.9251
8028,607.7271
8029,607.7276
8030,607.7281
8031,607.7285
8032,610.9206
8033,610.9300
8034,607.7290
8035,610.9218
8036,607.7295
8037,607.7301
8038,610.9188
8039,610.9194
8040,610.9267
8041,610.9326
8042,610.9337
8043,610.9346
8044,610.9273
8045,610.9356
8046,610.9278
8047,610.9290
8048,610.9285
8049,610.9306
8050,610.9312
8051,610.9394
8052,610.9404
8053,610.9317
8054,610.9458
8055,610.9416
8056,610.9426
8057,610.9362
8058,610.9468
8059,610.9367
8060,610.9477
8061,610.9373
8062,610.9380
8063,610.9486
8064,610.9385
8065,610.9449
8066,610.9495
8067,610.9433
8068,610.9438
8069,613.8716
8070,613.8665
8071,613.8763
8072,613.8745
8073,613.8672
8074,613.8677
8075,613.8775
8076,613.8754
8077,613.8682
8078,613.8687
8079,613.8794
8080,613.8691
8081,613.8696
8082,613.8701
8083,613.8706
8084,613.8735
8085,613.8721
8086,613.8726
8087,613.8819
8088,613.8779
8089,613.8868
8090,613.8828
8091,613.8837
8092,613.8847
8093,613.8785
8094,613.8858
8095,613.8931
8096,613.8940
8097,613.8799
8098,613.8903
8099,613.8912
8100,613.8805
8101,613.8810
8102,613.8921
8103,613.8873
8104,613.8878
8105,613.8883
8106,613.8887
8107,613.8980
8108,613.8892
8109,613.8990
8110,613.9000
8111,613.8946
8112,617.2402
8113,617.2413
8114,617.2423
8115,613.8950
8116,617.2454
8117,613.8957
8118,613.8962
8119,617.2432
8120,613.8966
8121,613.8971
8122,617.2444
8123,613.9004
8124,613.9009
8125,613.9014
8126,617.2507
8127,613.9019
8128,617.2459
8129,617.2516
8130,617.2525
8131,617.2464
8132,617.2469
8133,617.2535
8134,617.2473
8135,617.2478
8136,617.2544
8137,617.2483
8138,617.2488
8139,617.2493
8140,617.2497
8141,617.2554
8142,617.2608
8143,617.2618
8144,617.2599
8145,617.2668
8146,617.2677
8147,617.2558
8148,617.2634
8149,617.2564
8150,617.2569
8151,617.2643
8152,617.2686
8153,617.2574
8154,617.2578
8155,617.2659
8156,617.2583
8157,617.2588
8158,617.2749
8159,617.2622
8160,617.2739
8161,617.2692
8162,617.2697
8163,617.2764
8164,617.2773
8165,617.2792
8166,617.2702
8167,617.2801
8168,617.2707
8169,617.2712
8170,617.2717
8171,617.2721
8172,617.2726
8173,617.2783
8174,621.0174
8175,617.2856
8176,617.2753
8177,617.2836
8178,617.2845
8179,621.0132
8180,617.2807
8181,621.0143
8182,621.0153
8183,617.2812
8184,617.2817
8185,621.0197
8186,617.2821
8187,617.2826
8188,621.0284
8189,621.0164
8190,621.0293
8191,621.0180
8192,620.5443
8193,620.5473
8194,620.5483
8195,620.5495
8196,620.5558
8197,620.5509
8198,620.5520
8199,620.5529
8200,620.5568
8201,620.5457
8202,620.5619
8203,620.5463
8204,620.5573
8205,620.5679
8206,620.5577
8207,620.5690
8208,620.5638
8209,620.5649
8210,620.5584
8211,620.5590
8212,620.5659
8213,620.5595
8214,620.5600
8215,620.5604
8216,620.5609
8217,620.5668
8218,620.5623
8219,620.5629
8220,620.5730
8221,620.5695
8222,620.5701
8223,620.5705
8224,620.5758
8225,620.5767
8226,620.5779
8227,620.5788
8228,620.5711
8229,620.5797
8230,620.5807
8231,620.5716
8232,620.5839
8233,620.5821
8234,620.5721
8235,620.5830
8236,620.5738
8237,620.5744
8238,620.5872
8239,620.5748
8240,620.5845
8241,623.3315
8242,623.3371
8243,623.3330
8244,620.5850
8245,623.3434
8246,623.3381
8247,620.5855
8248,623.3340
8249,623.3391
8250,620.5861
8251,623.3405
8252,623.3350
8253,623.3360
8254,623.3444
8255,623.3295
8256,623.3304
8257,623.3410
8258,623.3415
8259,623.3420
8260,623.3425
8261,623.3448
8262,623.3502
8263,623.3453
8264,623.3537
8265,623.3459
8266,623.3574
8267,623.3464
8268,623.3470
8269,623.3548
8270,623.3475
8271,623.3584
8272,623.3518
8273,623.3482
8274,623.3563
8275,623.3528
8276,623.3487
8277,623.3492
8278,623.3625
8279,623.3507
8280,623.3666
8281,623.3590
8282,623.3677
8283,623.3686
8284,623.3696
8285,623.3595
8286,623.3601
8287,623.3705
8288,623.3605
8289,623.3611
8290,623.3636
8291,623.3647
8292,623.3615
8293,623.3656
8294,626.4062
8295,626.4051
8296,623.3710
8297,623.3715
8298,623.3720
8299,623.3724
8300,623.3729
8301,623.3733
8302,623.3738
8303,623.3742
8304,623.3747
8305,623.3751
8306,626.4118
8307,626.4144
8308,626.4153
8309,626.4039
8310,626.4163
8311,626.4068
8312,626.4074
8313,626.4174
8314,626.4081
8315,626.4087
8316,626.4092
8317,626.4098
8318,626.4183
8319,626.4103
8320,626.4133
8321,626.4108
8322,626.4124
8323,626.4225
8324,626.4251
8325,626.4283
8326,626.4188
8327,626.4193
8328,626.4197
8329,626.4262
8330,626.4202
8331,626.4293
8332,626.4206
8333,626.4211
8334,626.4302
8335,626.4311
8336,626.4215
8337,626.4274
8338,626.4241
8339,626.4230
8340,626.4316
8341,626.4382
8342,626.4320
8343,629.9391
8344,626.4326
8345,626.4331
8346,629.9403
8347,629.9434
8348,626.4336
8349,626.4351
8350,626.4356
8351,629.9413
8352,626.4342
8353,626.4363
8354,629.9424
8355,626.4368
8356,626.4373
8357,629.9489
8358,629.9498
8359,629.9439
8360,629.9444
8361,629.9532
8362,629.9541
8363,629.9449
8364,629.9454
8365,629.9551
8366,629.9561
8367,629.9458
8368,629.9463
8369,629.9468
8370,629.9474
8371,629.9478
8372,629.9522
8373,629.9596
8374,629.9503
8375,629.9508
8376,629.9606
8377,629.9695
8378,629.9566
8379,629.9571
8380,629.9665
8381,629.9576
8382,629.9675
8383,629.9581
8384,629.9685
8385,629.9636
8386,629.9586
8387,629.9645
8388,629.9654
8389,629.9611
8390,629.9616
8391,629.9621
8392,629.9625
8393,629.9700
8394,629.9704
8395,629.9709
8396,629.9762
8397,629.9714
8398,629.9829
8399,629.9723
8400,629.9718
8401,629.9781
8402,629.9727
8403,629.9791
8404,629.9800
8405,629.9809
8406,629.9733
8407,629.9738
8408,629.9743
8409,629.9748
8410,629.9820
8411,629.9753
8412,629.9766
8413,629.9771
8414,629.9834
8415,629.9853
8416,629.9838
8417,632.6269
8418,629.9843
8419,632.6287
8420,629.9848
8421,632.6223
8422,632.6297
8423,632.6230
8424,632.6307
8425,632.6235
8426,632.6327
8427,632.6317
8428,632.6240
8429,632.6250
8430,632.6255
8431,632.6260
8432,632.6383
8433,632.6373
8434,632.6275
8435,632.6392
8436,632.6332
8437,632.6401
8438,632.6338
8439,632.6344
8440,632.6410
8441,632.6420
8442,632.6349
8443,632.6353
8444,632.6429
8445,632.6358
8446,632.6364
8447,632.6438
8448,632.1568
8449,632.1574
8450,632.1579
8451,632.1584
8452,632.1591
8453,632.1596
8454,632.1607
8455,632.1611
8456,635.6556
8457,632.1662
8458,635.6597
8459,635.6568
8460,635.6577
8461,632.1616
8462,632.1636
8463,632.1640
8464,632.1620
8465,635.6628
8466,632.1626
8467,632.1631
8468,632.1646
8469,632.1651
8470,635.6587
8471,635.6545
8472,635.6674
8473,635.6684
8474,635.6699
8475,635.6708
8476,635.6602
8477,635.6607
8478,635.6718
8479,635.6618
8480,635.6663
8481,635.6634
8482,635.6766
8483,635.6640
8484,635.6782
8485,635.6645
8486,635.6651
8487,635.6791
8488,635.6723
8489,635.6728
8490,635.6814
8491,635.6735
8492,635.6824
8493,635.6741
8494,635.6834
8495,635.6752
8496,635.6746
8497,635.6757
8498,635.6871
8499,635.6881
8500,635.6797
8501,635.6891
8502,635.6902
8503,635.6803
8504,635.6912
8505,635.6921
8506,635.6840
8507,638.8802
8508,638.8813
8509,635.6846
8510,638.8824
8511,638.8834
8512,635.6856
8513,635.6862
8514,638.8851
8515,635.6932
8516,638.8860
8517,635.6938
8518,638.8870
8519,638.8879
8520,635.6943
8521,638.8889
8522,638.8902
8523,638.8947
8524,638.9044
8525,638.8968
8526,638.8840
8527,638.8957
8528,638.8928
8529,638.8937
8530,638.8907
8531,638.8987
8532,638.8912
8533,638.8996
8534,638.9006
8535,638.9016
8536,638.8918
8537,638.9026
8538,638.9035
8539,638.8974
8540,638.9105
8541,638.9151
8542,638.9161
8543,638.9049
8544,638.9054
8545,638.9059
8546,638.9065
8547,638.9069
8548,638.9074
8549,638.9122
8550,638.9078
8551,638.9084
8552,638.9089
8553,638.9131
8554,638.9141
8555,638.9095
8556,638.9111
8557,638.9165
8558,638.9170
8559,638.9174
8560,642.2367
8561,642.2354
8562,642.2379
8563,638.9179
8564,638.9185
8565,638.9189
8566,642.2388
8567,642.2398
8568,638.9194
8569,642.2408
8570,642.2438
8571,642.2447
8572,638.9200
8573,642.2456
8574,642.2417
8575,642.2428
8576,642.2504
8577,642.2461
8578,642.2466
8579,642.2471
8580,642.2475
8581,642.2533
8582,642.2543
8583,642.2553
8584,642.2480
8585,642.2485
8586,642.2490
8587,642.2562
8588,642.2571
8589,642.2581
8590,642.2592
8591,642.2494
8592,642.2509
8593,642.2514
8594,642.2519
8595,642.2524
8596,642.2632
8597,642.2641
8598,642.2596
8599,642.2651
8600,642.2660
8601,642.2669
8602,642.2678
8603,642.2603
8604,642.5310
8605,642.5285
8606,642.2613
8607,642.5300
8608,642.2608
8609,642.5275
8610,642.2618
8611,642.2623
8612,642.5361
8613,645.4990
8614,642.2683
8615,642.2688
8616,645.5000
8617,645.5011
8618,645.5021
8619,645.5030
8620,645.5039
8621,642.5321
8622,642.5326
8623,642.5330
8624,645.4970
8625,645.4980
8626,642.5337
8627,642.5349
8628,645.5090
8629,645.5115
8630,645.5044
8631,645.5056
8632,645.5125
8633,645.5050
8634,645.5135
8635,645.5145
8636,645.5154
8637,645.5163
8638,645.5060
8639,645.5080
8640,645.5065
8641,645.5071
8642,645.5076
8643,645.5106
8644,645.5095
8645,645.5169
8646,645.5222
8647,645.5231
8648,645.5242
8649,645.5173
8650,645.5180
8651,645.5184
8652,645.5189
8653,645.8366
8654,645.5199
8655,645.5203
8656,645.5194
8657,645.5208
8658,645.8346
8659,645.8356
8660,645.8336
8661,645.5213
8662,645.8310
8663,645.8390
8664,648.7533
8665,648.7542
8666,645.8315
8667,645.8320
8668,645.8325
8669,645.8371
8670,645.8375
8671,648.7552
8672,648.7474
8673,645.8380
8674,648.7485
8675,648.7494
8676,648.7504
8677,648.7513
8678,648.7523
8679,645.8395
8680,648.7640
8681,648.7600
8682,648.7557
8683,648.7562
8684,648.7566
8685,648.7651
8686,648.7660
8687,648.7670
8688,648.7571
8689,648.7611
8690,648.7621
8691,648.7576
8692,648.7581
8693,648.7586
8694,648.7631
8695,648.7590
8696,648.7674
8697,648.7679
8698,648.7731
8699,648.7777
8700,648.7684
8701,648.7689
8702,648.7795
8703,648.7700
8704,648.2550
8705,648.2560
8706,648.2501
8707,648.2513
8708,648.2594
8709,648.2575
8710,648.9877
8711,648.2518
8712,648.2524
8713,648.2529
8714,648.9889
8715,651.1762
8716,648.2608
8717,648.2612
8718,651.1784
8719,651.1774
8720,648.2617
8721,651.1710
8722,648.9859
8723,651.1721
8724,651.1731
8725,648.9866
8726,651.1742
8727,651.1752
8728,648.9895
8729,648.9901
8730,648.9905
8731,651.1828
8732,651.1790
8733,651.1903
8734,651.1796
8735,651.1913
8736,651.1838
8737,651.1847
8738,651.1802
8739,651.1857
8740,651.1808
8741,651.1923
8742,651.1874
8743,651.1814
8744,651.1884
8745,651.1819
8746,651.1894
8747,651.1972
8748,651.1982
8749,651.2058
8750,651.1940
8751,651.2034
8752,651.1928
8753,651.1935
8754,651.1944
8755,651.1993
8756,651.2003
8757,651.1952
8758,651.2013
8759,651.1957
8760,651.2049
8761,651.2023
8762,651.1963
8763,651.2113
8764,651.2128
8765,651.2137
8766,651.2146
8767,651.2156
8768,651.2069
8769,651.2078
8770,651.5237
8771,651.5206
8772,651.5218
8773,651.5228
8774,651.5247
8775,651.5256
8776,651.5265
8777,651.2083
8778,651.2092
8779,654.4934
8780,654.4923
8781,651.2165
8782,654.4979
8783,654.4989
8784,654.4950
8785,654.4879
8786,654.4886
8787,654.4892
8788,654.4897
8789,654.4959
8790,654.4968
8791,654.4902
8792,654.4908
8793,654.5089
8794,654.4913
8795,654.5052
8796,654.5061
8797,654.4940
8798,654.5001
8799,654.5010
8800,654.4995
8801,654.5015
8802,654.5020
8803,654.5026
8804,654.5030
8805,654.5070
8806,654.5035
8807,654.5041
8808,654.5079
8809,654.5125
8810,654.5093
8811,654.5145
8812,654.5154
8813,654.5166
8814,654.5099
8815,654.5176
8816,654.5105
8817,654.5185
8818,654.5135
8819,654.5195
8820,654.5204
8821,654.5110
8822,654.8254
8823,654.5116
8824,654.8265
8825,654.8274
8826,654.8286
8827,654.8214
8828,654.8220
8829,657.3461
8830,654.8225
8831,654.8232
8832,657.3398
8833,657.3409
8834,654.8238
8835,654.8244
8836,657.3418
8837,657.3471
8838,657.3431
8839,657.3441
8840,657.3451
8841,657.3384
8842,657.3525
8843,657.3535
8844,657.3544
8845,657.3476
8846,657.3485
8847,657.3591
8848,657.3480
8849,657.3490
8850,657.3495
8851,657.3500
8852,657.3563
8853,657.3505
8854,657.3573
8855,657.3582
8856,657.3511
8857,657.3516
8858,657.3548
8859,657.3630
8860,657.3639
8861,657.3648
8862,657.3553
8863,657.3706
8864,657.3596
8865,657.3668
8866,657.3601
8867,657.3678
8868,657.3606
8869,657.3688
8870,657.3697
8871,657.3611
8872,657.3616
8873,657.3620
8874,660.5926
8875,657.3654
8876,657.3659
8877,660.5854
8878,660.5864
8879,660.5896
8880,660.5812
8881,660.5875
8882,660.5821
8883,660.5905
8884,660.5826
8885,660.5885
8886,660.5832
8887,660.5915
8888,660.5838
8889,660.5843
8890,660.5978
8891,660.6047
8892,660.5932
8893,660.6009
8894,660.5937
8895,660.6019
8896,660.5942
8897,660.5948
8898,660.6028
8899,660.6038
8900,660.5989
8901,660.5953
8902,660.5959
8903,660.5964
8904,660.5998
8905,660.5968
8906,660.6082
8907,660.6053
8908,660.6163
8909,660.6172
8910,660.6182
8911,660.6191
8912,660.6057
8913,660.6099
8914,660.6110
8915,660.6063
8916,660.6124
8917,660.6069
8918,660.6133
8919,660.6142
8920,660.6151
8921,660.6073
8922,663.9080
8923,660.6087
8924,663.9126
8925,663.9135
8926,663.9030
8927,663.9037
8928,663.9042
8929,663.9047
8930,663.9097
8931,663.9106
8932,663.9052
8933,663.9058
8934,663.9064
8935,663.9070
8936,663.9116
8937,663.9175
8938,663.9086
8939,663.9187
8940,663.9140
8941,663.9223
8942,663.9232
8943,663.9241
8944,663.9250
8945,663.9204
8946,663.9145
8947,663.9150
8948,663.9213
8949,663.9155
8950,663.9161
8951,663.9166
8952,663.9259
8953,663.9300
8954,663.9310
8955,663.9193
8956,663.9319
8957,663.9264
8958,663.9269
8959,663.9274
8960,663.4370
8961,663.4434
8962,663.4444
8963,663.4375
8964,663.4455
8965,663.4466
8966,663.4380
8967,663.4477
8968,663.4488
8969,663.4538
8970,663.4550
8971,663.4582
8972,663.4562
8973,663.4413
8974,663.4571
8975,663.4418
8976,663.4527
8977,663.4493
8978,666.2515
8979,663.4498
8980,663.4503
8981,666.2548
8982,663.4507
8983,663.4512
8984,663.4516
8985,666.2558
8986,666.2568
8987,666.2578
8988,666.2587
8989,663.4586
8990,666.2597
8991,666.2619
8992,666.2538
8993,666.2502
8994,666.2521
8995,666.2629
8996,666.2527
8997,666.2644
8998,666.2601
8999,666.2607
9000,671.6671
9001,671.6681
9002,671.6732
9003,671.6688
9004,671.6767
9005,671.6828
9006,671.6778
9007,671.6788
9008,671.6694
9009,671.6748
9010,671.6700
9011,671.6798
9012,671.6706
9013,671.6809
9014,671.6712
9015,671.6757
9016,671.6819
9017,671.6722
9018,671.6881
9019,671.6738
9020,671.6833
9021,671.6981
9022,671.6908
9023,671.6918
9024,671.6840
9025,671.6898
9026,671.6846
9027,671.6852
9028,671.6928
9029,671.6939
9030,671.6857
9031,671.6863
9032,671.6868
9033,671.6948
9034,671.6962
9035,671.6971
9036,671.6887
9037,672.0145
9038,671.6987
9039,674.5632
9040,671.6992
9041,674.5588
9042,674.5642
9043,671.6998
9044,672.0100
9045,674.5600
9046,672.0110
9047,672.0117
9048,672.0123
9049,674.5612
9050,674.5622
9051,672.0128
9052,672.0134
9053,674.5566
9054,674.5575
9055,674.5648
9056,674.5654
9057,674.5658
9058,674.5709
9059,674.5663
9060,674.5669
9061,674.5756
9062,674.5765
9063,674.5675
9064,674.5681
9065,674.5775
9066,674.5687
9067,674.5786
9068,674.5795
9069,674.5692
9070,674.5804
9071,674.5698
9072,674.5734
9073,674.5746
9074,674.5718
9075,674.5844
9076,674.5722
9077,674.5870
9078,674.5879
9079,674.5809
9080,674.5814
9081,674.5888
9082,674.5899
9083,674.5908
9084,674.5819
9085,674.5825
9086,674.5835
9087,674.5930
9088,674.5829
9089,674.5918
9090,674.5860
9091,674.5850
9092,674.5973
9093,678.0251
9094,674.5936
9095,674.5940
9096,678.0264
9097,678.0273
9098,678.0284
9099,678.0293
9100,678.0303
9101,678.0312
9102,678.0322
9103,674.5945
9104,674.5950
9105,674.5955
9106,674.5959
9107,674.5964
9108,678.0370
9109,678.0390
9110,678.0400
9111,678.0327
9112,678.0332
9113,678.0337
9114,678.0341
9115,678.0411
9116,678.0346
9117,678.0421
9118,678.0351
9119,678.0430
9120,678.0439
9121,678.0381
9122,678.0356
9123,678.0361
9124,678.0488
9125,678.0444
9126,678.0448
9127,678.0508
9128,678.0517
9129,678.0453
9130,678.0458
9131,678.0548
9132,678.0557
9133,678.0528
9134,678.0474
9135,678.0538
9136,678.0463
9137,678.0469
9138,678.0478
9139,678.0498
9140,678.0606
9141,678.0618
9142,678.0627
9143,678.0562
9144,678.0684
9145,678.0712
9146,678.0703
9147,678.0722
9148,678.0567
9149,678.0573
9150,678.0585
9151,678.0590
9152,678.0580
9153,678.0594
9154,678.0658
9155,678.0675
9156,678.0636
9157,678.0643
9158,678.0647
9159,678.7103
9160,681.0714
9161,678.0727
9162,678.0733
9163,681.0724
9164,678.0737
9165,678.0743
9166,678.0749
9167,678.0757
9168,681.0736
9169,678.0761
9170,681.0683
9171,678.0768
9172,681.0693
9173,681.0703
9174,681.0745
9175,681.0669
9176,681.0751
9177,681.0756
9178,681.0805
9179,681.0761
9180,681.0765
9181,681.0770
9182,681.0835
9183,681.0775
9184,681.0825
9185,681.0844
9186,681.0853
9187,681.0781
9188,681.0785
9189,681.0863
9190,681.0790
9191,681.0873
9192,681.0883
9193,681.0796
9194,681.0949
9195,681.0811
9196,681.0815
9197,681.0971
9198,681.0890
9199,681.1050
9200,681.1005
9201,681.1020
9202,681.0901
9203,681.1059
9204,681.0911
9205,681.1030
9206,681.1039
9207,681.0918
9208,681.0933
9209,681.0939
9210,681.0975
9211,681.0980
9212,681.0985
9213,681.0992
9214,681.1103
9215,684.2407
9216,683.6970
9217,680.5618
9218,683.6885
9219,683.6901
9220,680.5626
9221,680.5633
9222,680.5638
9223,683.6912
9224,683.6980
9225,683.6923
9226,680.5643
9227,683.6934
9228,680.5647
9229,683.6950
9230,680.5661
9231,683.6985
9232,683.6990
9233,683.7052
9234,683.6995
9235,683.7000
9236,683.7005
9237,683.7009
9238,683.7113
9239,683.7077
9240,683.7014
9241,683.7089
9242,683.7025
9243,683.7103
9244,683.7030
9245,683.7122
9246,683.7131
9247,683.7041
9248,683.7036
9249,683.7057
9250,683.7189
9251,683.7063
9252,683.7203
9253,683.7068
9254,683.7254
9255,683.7276
9256,683.7137
9257,683.7142
9258,683.7267
9259,683.7148
9260,683.7153
9261,683.7159
9262,683.7164
9263,683.7180
9264,683.7240
9265,683.7170
9266,683.7214
9267,683.7224
9268,683.7230
9269,686.6857
9270,686.6824
9271,686.6882
9272,686.6891
9273,686.6901
9274,686.6910
9275,686.6961
9276,686.6832
9277,686.6971
9278,686.6921
9279,686.6838
9280,686.6931
9281,686.6869
9282,686.6942
9283,686.6844
9284,686.6952
9285,686.7014
9286,686.7024
9287,686.7056
9288,686.7069
9289,686.6975
9290,686.7078
9291,686.7088
9292,686.7099
9293,686.7115
9294,686.6981
9295,686.7127
9296,686.6987
9297,686.7047
9298,686.6993
9299,686.6999
9300,686.7004
9301,686.7194
9302,686.7204
9303,686.7230
9304,686.7239
9305,686.7139
9306,686.7248
9307,686.7257
9308,690.0590
9309,686.7293
9310,686.7147
9311,686.7273
9312,686.7283
9313,686.7156
9314,686.7169
9315,686.7221
9316,686.7177
9317,686.7210
9318,690.0577
9319,690.0628
9320,690.0638
9321,690.0647
9322,690.0656
9323,690.0665
9324,690.0596
9325,690.0601
9326,690.0606
9327,690.0701
9328,690.0681
9329,690.0611
9330,690.0712
9331,690.0617
9332,690.0691
9333,690.0721
9334,690.0748
9335,690.0759
9336,690.0769
9337,690.0794
9338,690.0803
9339,690.0785
9340,690.0670
9341,690.0813
9342,690.0822
9343,690.0860
9344,690.0840
9345,690.0920
9346,690.0727
9347,690.0733
9348,690.0737
9349,690.0851
9350,690.0931
9351,690.0887
9352,690.0940
9353,690.0949
9354,690.0827
9355,690.0899
9356,690.0960
9357,690.0969
9358,690.0910
9359,690.0875
9360,690.0865
9361,690.1004
9362,693.4370
9363,690.0974
9364,690.0979
9365,693.4345
9366,690.0983
9367,693.4403
9368,693.4359
9369,693.4413
9370,693.4382
9371,693.4422
9372,690.0989
9373,693.4433
9374,693.4443
9375,690.0995
9376,693.4394
9377,693.4484
9378,693.4493
9379,693.4448
9380,693.4502
9381,693.4512
9382,693.4521
9383,693.4531
9384,693.4453
9385,693.4458
9386,693.4540
9387,693.4463
9388,693.4549
9389,693.4472
9390,693.4559
9391,693.4568
9392,693.4467
9393,693.4631
9394,693.4661
9395,693.4670
9396,693.4723
9397,693.4575
9398,693.4684
9399,693.4693
9400,693.4702
9401,693.4582
9402,693.4593
9403,693.4714
9404,693.4598
9405,693.4603
9406,693.4607
9407,693.4615
9408,693.4643
9409,693.4778
9410,693.4788
9411,693.4797
9412,693.4806
9413,693.4728
9414,693.4816
9415,693.4733
9416,693.4825
9417,693.4738
9418,693.4743
9419,693.4748
9420,693.4753
9421,693.4835
9422,693.4757
9423,693.4762
9424,693.4767
9425,693.4898
9426,696.5734
9427,693.4839
9428,696.5744
9429,693.4845
9430,693.4850
9431,693.4854
9432,693.4859
9433,693.4863
9434,696.5754
9435,693.4869
9436,696.5773
9437,696.5764
9438,693.4877
9439,693.4883
9440,693.4888
9441,696.5722
9442,696.5832
9443,696.5821
9444,696.5778
9445,696.5841
9446,696.5783
9447,696.5788
9448,696.5851
9449,696.5794
9450,696.5891
9451,696.5862
9452,696.5871
9453,696.5881
9454,696.5900
9455,696.5800
9456,696.5805
9457,696.5809
9458,696.5948
9459,696.5905
9460,696.5910
9461,696.5979
9462,696.6038
9463,696.5990
9464,696.5999
9465,696.5915
9466,696.6009
9467,696.6018
9468,696.5919
9469,696.5926
9470,696.5930
9471,696.6027
9472,696.1178
9473,696.1144
9474,696.1303
9475,696.1161
9476,696.1168
9477,696.1251
9478,696.1256
9479,696.1263
9480,699.3808
9481,696.1268
9482,696.1274
9483,699.3819
9484,696.1279
9485,696.1285
9486,696.1289
9487,696.1294
9488,699.3783
9489,699.3797
9490,699.3856
9491,696.1309
9492,696.1315
9493,696.6901
9494,696.6911
9495,696.6917
9496,699.3918
9497,699.3931
9498,699.3942
9499,699.3825
9500,699.3953
9501,699.3833
9502,699.3839
9503,699.3844
9504,699.3897
9505,699.3907
9506,699.3986
9507,699.3861
9508,699.3867
9509,699.3872
9510,699.3879
9511,699.3885
9512,699.4034
9513,699.3958
9514,699.4043
9515,699.4052
9516,699.3964
9517,699.4063
9518,699.4074
9519,699.3976
9520,699.4024
9521,699.3970
9522,699.4126
9523,699.3991
9524,699.3997
9525,699.4008
9526,699.4013
9527,699.4138
9528,699.4079
9529,699.4174
9530,699.4087
9531,699.4092
9532,699.4183
9533,699.4102
9534,699.4108
9535,699.4112
9536,699.4097
9537,699.4117
9538,702.7164
9539,699.4144
9540,702.7176
9541,699.4149
9542,702.7187
9543,699.4154
9544,699.4164
9545,702.7230
9546,699.4188
9547,699.4194
9548,702.7242
9549,702.7254
9550,702.7264
9551,702.7273
9552,702.7283
9553,702.7220
9554,702.7193
9555,702.7327
9556,702.7357
9557,702.7199
9558,702.7338
9559,702.7347
9560,702.7205
9561,702.7288
9562,702.7294
9563,702.7301
9564,702.7306
9565,702.7311
9566,702.7429
9567,702.7316
9568,702.7401
9569,702.7411
9570,702.7420
9571,702.7443
9572,702.7362
9573,702.7368
9574,702.7476
9575,702.7374
9576,702.7453
9577,702.7380
9578,702.7486
9579,702.7465
9580,702.7386
9581,702.7391
9582,702.7554
9583,702.7434
9584,702.7523
9585,702.7532
9586,702.7543
9587,702.7578
9588,702.7491
9589,702.7497
9590,702.7587
9591,702.7597
9592,702.7502
9593,702.7607
9594,702.7508
9595,702.7619
9596,702.7628
9597,702.7514
9598,702.7560
9599,702.7569
9600,702.7680
9601,702.7564
9602,702.7693
9603,702.7634
9604,705.4702
9605,705.4734
9606,702.7639
9607,705.4743
9608,705.4715
9609,702.7645
9610,705.4724
9611,702.7650
9612,702.7656
9613,702.7661
9614,702.7666
9615,702.7670
9616,705.4677
9617,705.4796
9618,705.4686
9619,705.4692
9620,705.4749
9621,705.4754
9622,705.4758
9623,705.4834
9624,705.4763
9625,705.4768
9626,705.4773
9627,705.4777
9628,705.4782
9629,705.4815
9630,705.4825
9631,705.4787
9632,705.4856
9633,705.4801
9634,705.4806
9635,705.4865
9636,705.4874
9637,705.4883
9638,709.0075
9639,705.4840
9640,705.4917
9641,705.4927
9642,709.0065
9643,705.4938
9644,705.4844
9645,705.4947
9646,705.4957
9647,705.4967
9648,705.4888
9649,705.4893
9650,709.0053
9651,705.4898
9652,705.4903
9653,705.4907
9654,709.0081
9655,709.0140
9656,709.0086
9657,709.0091
9658,709.0179
9659,709.0096
9660,709.0189
9661,709.0101
9662,709.0106
9663,709.0111
9664,709.0116
9665,709.0198
9666,709.0121
9667,709.0126
9668,709.0160
9669,709.0170
9670,709.0131
9671,709.0232
9672,709.0146
9673,709.0151
9674,709.0203
9675,709.0208
9676,709.0303
9677,709.0212
9678,709.0217
9679,709.0313
9680,709.0222
9681,709.0253
9682,709.0322
9683,709.0264
9684,709.0274
9685,709.0285
9686,709.0294
9687,709.0238
9688,709.0390
9689,709.0370
9690,709.0243
9691,709.0380
9692,712.1373
9693,709.0328
9694,709.0338
9695,712.1383
9696,712.1392
9697,709.0333
9698,709.0343
9699,709.0347
9700,709.0352
9701,709.0357
9702,712.1360
9703,709.0361
9704,712.1437
9705,709.0394
9706,709.0399
9707,709.0403
9708,712.1476
9709,712.1398
9710,712.1403
9711,712.1408
9712,712.1485
9713,712.1494
9714,712.1413
9715,712.1456
9716,712.1419
9717,712.1423
9718,712.1466
9719,712.1428
9720,712.1442
9721,712.1447
9722,712.1533
9723,712.1542
9724,712.1590
9725,712.1600
9726,712.1609
9727,712.1505
9728,711.6622
9729,711.6685
9730,711.6633
9731,711.6637
9732,711.6695
9733,711.6643
9734,711.6742
9735,711.6705
9736,711.6757
9737,711.6647
9738,711.6671
9739,711.6675
9740,711.6762
9741,711.6880
9742,711.6805
9743,711.6766
9744,711.6815
9745,711.6824
9746,714.9490
9747,711.6842
9748,711.6851
9749,711.6771
9750,711.6776
9751,711.6780
9752,711.6785
9753,711.6790
9754,711.6861
9755,711.6794
9756,711.6870
9757,711.6888
9758,711.6901
9759,711.6906
9760,711.6896
9761,714.9565
9762,714.9498
9763,714.9574
9764,714.9503
9765,714.9509
9766,714.9586
9767,714.9596
9768,714.9516
9769,714.9522
9770,714.9526
9771,714.9606
9772,714.9532
9773,714.9538
9774,714.9544
9775,714.9554
9776,714.9549
9777,714.9645
9778,714.9654
9779,714.9680
9780,714.9611
9781,714.9700
9782,714.9691
9783,714.9616
9784,714.9709
9785,714.9719
9786,714.9622
9787,714.9728
9788,714.9628
9789,714.9831
9790,714.9633
9791,714.9738
9792,714.9671
9793,714.9660
9794,714.9770
9795,714.9780
9796,714.9743
9797,714.9789
9798,714.9749
9799,714.9799
9800,714.9755
9801,714.9880
9802,714.9822
9803,714.9811
9804,714.9761
9805,714.9837
9806,714.9842
9807,718.2261
9808,718.2273
9809,714.9849
9810,714.9854
9811,718.2282
9812,714.9860
9813,714.9866
9814,714.9871
9815,718.2240
9816,718.2251
9817,718.2321
9818,718.2330
9819,718.2215
9820,718.2222
9821,718.2339
9822,718.2228
9823,718.2288
9824,718.2294
9825,718.2403
9826,718.2376
9827,718.2299
9828,718.2412
9829,718.2305
9830,718.2311
9831,718.2388
9832,718.2421
9833,718.2345
9834,718.2464
9835,718.2350
9836,718.2356
9837,718.2361
9838,718.2473
9839,718.2366
9840,718.2455
9841,718.2523
9842,718.2532
9843,718.2427
9844,718.2541
9845,718.2432
9846,718.2438
9847,718.2551
9848,718.2443
9849,718.2514
9850,718.2480
9851,718.2485
9852,718.2489
9853,718.2494
9854,718.2596
9855,718.2504
9856,718.2499
9857,718.2611
9858,718.2555
9859,718.2620
9860,718.2630
9861,718.2688
9862,718.2565
9863,718.2643
9864,718.2570
9865,718.2662
9866,718.2697
9867,718.2576
9868,718.2585
9869,718.2673
9870,721.5051
9871,718.2602
9872,721.5040
9873,718.2702
9874,718.2706
9875,721.5084
9876,721.5094
9877,721.5104
9878,721.5022
9879,721.5113
9880,721.5029
9881,721.5124
9882,721.5133
9883,721.5157
9884,721.5148
9885,721.5167
9886,721.5057
9887,721.5219
9888,721.5069
9889,721.5075
9890,721.5210
9891,721.5171
9892,721.5249
9893,721.5176
9894,721.5182
9895,721.5258
9896,721.5187
9897,721.5268
9898,721.5191
9899,721.5278
9900,721.5289
9901,721.5196
9902,721.5201
9903,721.5224
9904,721.5229
9905,721.5335
9906,721.5235
9907,721.5239
9908,721.5293
9909,721.5385
9910,721.5298
9911,721.5354
9912,721.5303
9913,721.5394
9914,721.5307
9915,721.5364
9916,721.5373
9917,721.5312
9918,721.5317
9919,721.5326
9920,721.5321
9921,721.5446
9922,721.5455
9923,721.5340
9924,721.5345
9925,724.3919
9926,721.5400
9927,724.3929
9928,721.5405
9929,721.5412
9930,724.3938
9931,724.3955
9932,721.5416
9933,724.3947
9934,721.5421
9935,721.5426
9936,721.5431
9937,721.5469
9938,724.3989
9939,721.5475
9940,724.3997
9941,724.4013
9942,724.3960
9943,724.3964
9944,724.4051
9945,724.3968
9946,724.4020
9947,724.4028
9948,724.3972
9949,724.4036
9950,724.4043
9951,724.4058
9952,724.3976
9953,724.3980
9954,724.4001
9955,724.4005
9956,724.4091
9957,724.4115
9958,724.4123
9959,724.4130
9960,724.4062
9961,724.4186
9962,724.4143
9963,724.4066
9964,724.4070
9965,724.4151
9966,724.4075
9967,724.4158
9968,724.4100
9969,724.4079
9970,724.4108
9971,724.4082
9972,724.4178
9973,724.4212
9974,724.4162
9975,724.4167
9976,724.4170
9977,724.4189
9978,724.4259
9979,724.4193
9980,724.4197
9981,724.4269
9982,724.4283
9983,724.4298
9984,723.9373
9985,723.9381
9986,723.9339
9987,723.9389
9988,727.1092
9989,727.1135
9990,723.9353
9991,723.9359
9992,727.1147
9993,723.9363
9994,727.1099
9995,727.1216
9996,727.1104
9997,727.1109
9998,727.1114
9999,727.1227
10000,727.1195
10001,727.1206
10002,727.1120
10003,727.1182
10004,727.1124
10005,727.1152
10006,727.1157
10007,727.1161
10008,727.1166
10009,727.1171
10010,727.1267
10011,727.1332
10012,727.1341
10013,727.1232
10014,727.1351
10015,727.1247
10016,727.1237
10017,727.1241
10018,727.1284
10019,727.1378
10020,727.1295
10021,727.1304
10022,727.1251
10023,727.1314
10024,727.1323
10025,727.1257
10026,727.1272
10027,730.5947
10028,727.1357
10029,727.1363
10030,730.5957
10031,730.5968
10032,727.1369
10033,730.5921
10034,730.5932
10035,730.6005
10036,730.6015
10037,727.1383
10038,730.6025
10039,727.1389
10040,730.6035
10041,727.1399
10042,727.1404
10043,730.6076
10044,730.5974
10045,730.5980
10046,730.5986
10047,730.6085
10048,730.5991
10049,730.6067
10050,730.5996
10051,730.6137
10052,730.6116
10053,730.6040
10054,730.6045
10055,730.6051
10056,730.6148
10057,730.6127
10058,730.6057
10059,730.6091
10060,730.6096
10061,730.6100
10062,730.6219
10063,730.6229
10064,730.6238
10065,730.6105
10066,730.6208
10067,730.6153
10068,730.6159
10069,730.6164
10070,730.6168
10071,730.6173
10072,730.6178
10073,730.6182
10074,730.6272
10075,730.6187
10076,730.6193
10077,730.6197
10078,730.6243
10079,730.6326
10080,730.6338
10081,730.6302
10082,730.6349
10083,730.6362
10084,730.6377
10085,730.6248
10086,730.6256
10087,730.6390
10088,730.6316
10089,730.6400
10090,730.6277
10091,730.6285
10092,730.6291
10093,733.6261
10094,733.6272
10095,733.6333
10096,733.6293
10097,733.6221
10098,733.6302
10099,733.6230
10100,733.6313
10101,733.6235
10102,733.6324
10103,733.6372
10104,733.6349
10105,733.6241
10106,733.6247
10107,733.6251
10108,733.6445
10109,733.6277
10110,733.6282
10111,733.6358
10112,733.6354
10113,733.6401
10114,733.6455
10115,733.6412
10116,733.6426
10117,733.6435
10118,733.6363
10119,733.6377
10120,733.6489
10121,733.6382
10122,733.6387
10123,733.6391
10124,733.6459
10125,733.6544
10126,733.6464
10127,733.6468
10128,733.6515
10129,733.6525
10130,737.0231
10131,733.6555
10132,733.6474
10133,733.6535
10134,733.6564
10135,733.6480
10136,733.6587
10137,733.6494
10138,733.6501
10139,733.6505
10140,733.6596
10141,737.0242
10142,733.6569
10143,733.6578
10144,733.6573
10145,737.0217
10146,737.0248
10147,737.0253
10148,737.0259
10149,737.0263
10150,737.0268
10151,737.0273
10152,737.0278
10153,737.0282
10154,737.0327
10155,737.0402
10156,737.0287
10157,737.0292
10158,737.0297
10159,737.0393
10160,737.0337
10161,737.0346
10162,737.0355
10163,737.0364
10164,737.0374
10165,737.0302
10166,737.0308
10167,737.0312
10168,737.0384
10169,737.0317
10170,737.0440
10171,737.0407
10172,737.0488
10173,737.0497
10174,737.0506
10175,737.0421
10176,737.0515
10177,737.0412
10178,737.0524
10179,737.0449
10180,737.0417
10181,737.0426
10182,737.0458
10183,737.0468
10184,737.0431
10185,737.0477
10186,737.0574
10187,737.0565
10188,737.0529
10189,737.0534
10190,737.0627
10191,737.0636
10192,737.0646
10193,737.0538
10194,737.0600
10195,737.0544
10196,737.0609
10197,737.0618
10198,737.0655
10199,737.0549
10200,737.0553
10201,737.0664
10202,737.0579
10203,737.0584
10204,740.1426
10205,737.0588
10206,737.0669
10207,740.1529
10208,740.1397
10209,740.1438
10210,740.1405
10211,740.1411
10212,740.1454
10213,740.1464
10214,740.1500
10215,740.1476
10216,740.1510
10217,740.1416
10218,740.1488
10219,740.1519
10220,740.1600
10221,740.1609
10222,740.1591
10223,740.1534
10224,740.1539
10225,740.1544
10226,740.1549
10227,740.1554
10228,740.1558
10229,740.1563
10230,740.1643
10231,740.1652
10232,740.1569
10233,740.1574
10234,740.1662
10235,740.1579
10236,740.1730
10237,740.1740
10238,740.1615
10239,740.1620
10240,739.5267
10241,739.5276
10242,739.5202
10243,739.5210
10244,739.5288
10245,739.5298
10246,739.5337
10247,739.5245
10248,739.5250
10249,739.5255
10250,739.5347
10251,739.5358
10252,739.5323
10253,739.5417
10254,739.5429
10255,739.5440
10256,739.5327
10257,739.5385
10258,743.0218
10259,739.5395
10260,739.5452
10261,739.5406
10262,743.0146
10263,739.5365
10264,743.0159
10265,739.5370
10266,743.0168
10267,739.5376
10268,743.0178
10269,743.0188
10270,743.0197
10271,739.5457
10272,739.5463
10273,743.0207
10274,743.0254
10275,743.0270
10276,743.0224
10277,743.0231
10278,743.0280
10279,743.0289
10280,743.0298
10281,743.0309
10282,743.0351
10283,743.0360
10284,743.0237
10285,743.0320
10286,743.0371
10287,743.0245
10288,743.0332
10289,743.0341
10290,743.0260
10291,743.0457
10292,743.0416
10293,743.0376
10294,743.0426
10295,745.8287
10296,743.0438
10297,743.0382
10298,743.0387
10299,743.0469
10300,743.0393
10301,743.0478
10302,743.0487
10303,743.0498
10304,743.0399
10305,743.0448
10306,743.0404
10307,745.8325
10308,745.8334
10309,745.8344
10310,743.0503
10311,745.8295
10312,745.8382
10313,745.8392
10314,745.8405
10315,745.8301
10316,745.8447
10317,745.8416
10318,745.8427
10319,745.8437
10320,745.8308
10321,745.8314
10322,745.8373
10323,745.8485
10324,745.8350
10325,745.8505
10326,745.8356
10327,745.8362
10328,745.8514
10329,745.8453
10330,745.8553
10331,745.8524
10332,745.8533
10333,745.8542
10334,745.8562
10335,745.8458
10336,745.8464
10337,745.8471
10338,745.8495
10339,745.8619
10340,745.8629
10341,745.8651
10342,745.8568
10343,745.8574
10344,745.8580
10345,745.8660
10346,745.8669
10347,745.8585
10348,745.8590
10349,745.8679
10350,745.8689
10351,745.8597
10352,745.8641
10353,745.8602
10354,745.8607
10355,745.8722
10356,745.8733
10357,748.8843
10358,748.8908
10359,748.8918
10360,748.8963
10361,748.8855
10362,745.8695
10363,745.8701
10364,748.8927
10365,748.8865
10366,748.8876
10367,745.8710
10368,745.8705
10369,748.8886
10370,748.8897
10371,748.8952
10372,748.8829
10373,748.8933
10374,748.8938
10375,748.8942
10376,748.9013
10377,748.9032
10378,748.9042
10379,748.8968
10380,748.9074
10381,748.9083
10382,748.8973
10383,748.9055
10384,748.8978
10385,748.9065
10386,748.8983
10387,748.8989
10388,748.8994
10389,748.9022
10390,748.8999
10391,748.9004
10392,748.9124
10393,752.2822
10394,748.9088
10395,752.2833
10396,748.9094
10397,748.9099
10398,752.2843
10399,752.2855
10400,752.2776
10401,752.2884
10402,748.9104
10403,752.2790
10404,748.9110
10405,748.9114
10406,752.2803
10407,752.2812
10408,748.9128
10409,752.2910
10410,752.2860
10411,752.2865
10412,752.2870
10413,752.2920
10414,752.2929
10415,752.2875
10416,752.2901
10417,752.3007
10418,752.2958
10419,752.2968
10420,752.3017
10421,752.2889
10422,752.2979
10423,752.2988
10424,752.2998
10425,752.3060
10426,752.2934
10427,752.2940
10428,752.2944
10429,752.3031
10430,752.3040
10431,752.3070
10432,752.3051
10433,752.3105
10434,752.3116
10435,752.3125
10436,752.3134
10437,752.3022
10438,752.3144
10439,752.3153
10440,752.3162
10441,752.3075
10442,755.5589
10443,752.3080
10444,752.3085
10445,755.5601
10446,752.3090
10447,752.3095
10448,755.5610
10449,755.5639
10450,752.3167
10451,755.5649
10452,752.3172
10453,755.5658
10454,752.3177
10455,752.3182
10456,752.3186
10457,752.3191
10458,755.5694
10459,755.5704
10460,755.5616
10461,755.5623
10462,755.5628
10463,755.5714
10464,755.5685
10465,755.5743
10466,755.5799
10467,755.5754
10468,755.5765
10469,755.5663
10470,755.5775
10471,755.5669
10472,755.5675
10473,755.5788
10474,755.5833
10475,755.5842
10476,755.5852
10477,755.5719
10478,755.5729
10479,755.5733
10480,755.5724
10481,755.5895
10482,755.5804
10483,755.5809
10484,755.5904
10485,755.5814
10486,755.5819
10487,755.5913
10488,755.5824
10489,755.5923
10490,755.5857
10491,755.5948
10492,755.5864
10493,755.5869
10494,755.5874
10495,755.5885
10496,755.1372
10497,755.1422
10498,755.1433
10499,755.1452
10500,761.6787
10501,761.6855
10502,761.6824
10503,761.6834
10504,761.6732
10505,761.6740
10506,761.6844
10507,761.6747
10508,761.6752
10509,761.6756
10510,761.6761
10511,761.6766
10512,761.6801
10513,761.6771
10514,761.6813
10515,761.6775
10516,761.6792
10517,761.6915
10518,761.6886
10519,761.6927
10520,761.6936
10521,761.6945
10522,761.6955
10523,761.6964
10524,761.6973
10525,761.6991
10526,761.6860
10527,761.6982
10528,761.6897
10529,761.6867
10530,761.6871
10531,761.6877
10532,761.6906
10533,761.6996
10534,761.7045
10535,761.7004
10536,761.7009
10537,764.9745
10538,761.7015
10539,764.9757
10540,764.9704
10541,764.9766
10542,761.7019
10543,764.9776
10544,764.9813
10545,761.7025
10546,761.7030
10547,764.9719
10548,764.9732
10549,761.7036
10550,761.7050
10551,761.7056
10552,761.7062
10553,764.9862
10554,764.9781
10555,764.9789
10556,764.9794
10557,764.9799
10558,764.9873
10559,764.9803
10560,764.9903
10561,764.9913
10562,764.9922
10563,764.9823
10564,764.9830
10565,764.9835
10566,764.9841
10567,764.9846
10568,764.9850
10569,764.9959
10570,764.9968
10571,764.9878
10572,764.9980
10573,764.9883
10574,764.9889
10575,764.9894
10576,765.0034
10577,764.9928
10578,765.0012
10579,765.0044
10580,765.0022
10581,764.9933
10582,764.9939
10583,764.9944
10584,764.9950
10585,765.0079
10586,764.9986
10587,764.9991
10588,765.0089
10589,765.0098
10590,764.9997
10591,765.0003
10592,765.0049
10593,768.3447
10594,765.0059
10595,768.3460
10596,765.0065
10597,765.0070
10598,768.3470
10599,768.3481
10600,768.3490
10601,765.0104
10602,768.3516
10603,765.0109
10604,768.3526
10605,765.0115
10606,765.0126
10607,765.0130
10608,765.0120
10609,768.3551
10610,768.3496
10611,768.3561
10612,768.3570
10613,768.3579
10614,768.3501
10615,768.3588
10616,768.3506
10617,768.3597
10618,768.3670
10619,768.3530
10620,768.3535
10621,768.3634
10622,768.3645
10623,768.3654
10624,768.3541
10625,768.3697
10626,768.3603
10627,768.3706
10628,768.3610
10629,768.3614
10630,768.3619
10631,768.3716
10632,768.3623
10633,768.3725
10634,768.3674
10635,768.3763
10636,768.3679
10637,768.3773
10638,768.3684
10639,768.3688
10640,768.3753
10641,768.3796
10642,768.3806
10643,768.3816
10644,768.3729
10645,768.3825
10646,768.3734
10647,768.3844
10648,768.3739
10649,768.3835
10650,768.3743
10651,768.3777
10652,768.3782
10653,768.3886
10654,768.3901
10655,768.3912
10656,768.3787
10657,771.2372
10658,771.2385
10659,768.3849
10660,768.3854
10661,768.3858
10662,768.3863
10663,771.2398
10664,771.2412
10665,768.3868
10666,768.3872
10667,768.3877
10668,771.2424
10669,771.2356
10670,771.2569
10671,771.2586
10672,771.2475
10673,771.2608
10674,771.2619
10675,771.2628
10676,771.2638
10677,771.2647
10678,771.2431
10679,771.2437
10680,771.2443
10681,771.2449
10682,771.2455
10683,771.2656
10684,771.2666
10685,771.2461
10686,771.2594
10687,771.2599
10688,771.2725
10689,771.2671
10690,771.2744
10691,771.2676
10692,771.2681
10693,771.2753
10694,771.2686
10695,771.2773
10696,771.2692
10697,771.2697
10698,771.2702
10699,771.2707
10700,771.2711
10701,771.2716
10702,771.2782
10703,771.2762
10704,771.2840
10705,771.2730
10706,771.2788
10707,771.2851
10708,771.2793
10709,771.2798
10710,771.2802
10711,771.2807
10712,771.2861
10713,771.2871
10714,771.2812
10715,771.2817
10716,771.2822
10717,771.2826
10718,771.2880
10719,771.2831
10720,774.2045
10721,774.2054
10722,774.2064
10723,774.2003
10724,774.2010
10725,774.2015
10726,774.2096
10727,774.2105
10728,774.2116
10729,774.2020
10730,774.2125
10731,774.2025
10732,774.2134
10733,774.2030
10734,774.2143
10735,774.2035
10736,774.2070
10737,774.2190
10738,774.2075
10739,774.2209
10740,774.2080
10741,774.2085
10742,774.2220
10743,774.2229
10744,774.2148
10745,774.2154
10746,774.2239
10747,774.2158
10748,774.2328
10749,774.2164
10750,774.2169
10751,774.2173
10752,773.7138
10753,773.7250
10754,773.7155
10755,773.7205
10756,773.7211
10757,773.7217
10758,773.7223
10759,773.7259
10760,773.7269
10761,773.7228
10762,773.7279
10763,773.7239
10764,774.0250
10765,777.0290
10766,774.0259
10767,777.0303
10768,777.0234
10769,774.0265
10770,777.0313
10771,777.0245
10772,774.0271
10773,774.0277
10774,777.0257
10775,777.0323
10776,777.0269
10777,774.0288
10778,774.0294
10779,777.0280
10780,777.0335
10781,777.0390
10782,777.0450
10783,777.0340
10784,777.0407
10785,777.0418
10786,777.0346
10787,777.0352
10788,777.0358
10789,777.0429
10790,777.0466
10791,777.0441
10792,777.0475
10793,777.0486
10794,777.0364
10795,777.0381
10796,777.0375
10797,777.0396
10798,780.2959
10799,777.0497
10800,777.0491
10801,780.2894
10802,777.0503
10803,777.0508
10804,777.0513
10805,777.0517
10806,780.2906
10807,777.0522
10808,780.2916
10809,780.2927
10810,780.2938
10811,777.0529
10812,777.0535
10813,780.2947
10814,780.2964
10815,780.2970
10816,780.3034
10817,780.3045
10818,780.3055
10819,780.2977
10820,780.3096
10821,780.3066
10822,780.2983
10823,780.2995
10824,780.3000
10825,780.2989
10826,780.3006
10827,780.3012
10828,780.3017
10829,780.3077
10830,780.3087
10831,780.3023
10832,780.3147
10833,780.3157
10834,780.3102
10835,780.3168
10836,780.3108
10837,780.3114
10838,780.3177
10839,780.3121
10840,780.3188
10841,780.3197
10842,780.3126
10843,780.3132
10844,780.3207
10845,780.3138
10846,780.3227
10847,780.3218
10848,780.3279
10849,780.3232
10850,780.3238
10851,783.6067
10852,780.3243
10853,780.3249
10854,780.3253
10855,780.3261
10856,783.6079
10857,783.6089
10858,783.6102
10859,783.6122
10860,780.3270
10861,783.6112
10862,783.6131
10863,783.6142
10864,780.3287
10865,783.6186
10866,783.6195
10867,783.6147
10868,783.6234
10869,783.6247
10870,783.6260
10871,783.6153
10872,783.6276
10873,783.6157
10874,783.6163
10875,783.6168
10876,783.6172
10877,783.6290
10878,783.6303
10879,783.6177
10880,783.6221
10881,783.6364
10882,783.6201
10883,783.6205
10884,783.6311
10885,783.6394
10886,783.6408
10887,783.6438
10888,783.6318
10889,783.6325
10890,783.6331
10891,783.6453
10892,783.6468
10893,783.6338
10894,783.6423
10895,783.6351
10896,783.6344
10897,783.6499
10898,783.6371
10899,783.6511
10900,783.6379
10901,783.6475
10902,783.6532
10903,786.9468
10904,783.6543
10905,783.6480
10906,783.6552
10907,783.6561
10908,783.6604
10909,783.6576
10910,783.6490
10911,783.6586
10912,783.6595
10913,783.6619
10914,783.6516
10915,783.6628
10916,783.6637
10917,783.6521
10918,783.6609
10919,786.9477
10920,786.9482
10921,786.9522
10922,786.9568
10923,786.9579
10924,786.9589
10925,786.9487
10926,786.9632
10927,786.9493
10928,786.9498
10929,786.9537
10930,786.9547
10931,786.9503
10932,786.9508
10933,786.9512
10934,786.9599
10935,786.9608
10936,786.9559
10937,786.9527
10938,786.9613
10939,786.9618
10940,786.9623
10941,786.9671
10942,786.9742
10943,786.9751
10944,786.9686
10945,786.9696
10946,786.9637
10947,786.9705
10948,786.9760
10949,786.9643
10950,786.9647
10951,786.9652
10952,786.9714
10953,786.9657
10954,786.9723
10955,786.9661
10956,786.9732
10957,786.9675
10958,790.3179
10959,790.3263
10960,786.9765
10961,786.9770
10962,790.3201
10963,790.3211
10964,790.3276
10965,790.3222
10966,786.9775
10967,790.3234
10968,790.3244
10969,786.9783
10970,786.9787
10971,786.9792
10972,790.3253
10973,786.9796
10974,790.3188
10975,790.3281
10976,790.3333
10977,790.3286
10978,790.3291
10979,790.3343
10980,790.3352
10981,790.3324
10982,790.3362
10983,790.3296
10984,790.3373
10985,790.3382
10986,790.3391
10987,790.3302
10988,790.3400
10989,790.3410
10990,790.3419
10991,790.3313
10992,790.3475
10993,790.3424
10994,790.3430
10995,790.3496
10996,790.3435
10997,790.3440
10998,790.3445
10999,790.3505
11000,790.3450
11001,790.3514
11002,790.3456
11003,790.3524
11004,790.3466
11005,790.3533
11006,790.3547
11007,790.3556
11008,789.8409
11009,792.9739
11010,789.8414
11011,789.8489
11012,789.8496
11013,792.9770
11014,789.8502
11015,789.8506
11016,792.9782
11017,789.8511
11018,789.8516
11019,789.8521
11020,792.9793
11021,789.8526
11022,792.9805
11023,792.9814
11024,792.9759
11025,792.9859
11026,792.9748
11027,792.9872
11028,792.9883
11029,792.9907
11030,792.9917
11031,792.9821
11032,792.9928
11033,792.9958
11034,792.9828
11035,792.9834
11036,792.9939
11037,792.9845
11038,792.9850
11039,792.9948
11040,792.9840
11041,793.0001
11042,792.9891
11043,793.0012
11044,792.9897
11045,793.0038
11046,792.9963
11047,793.0047
11048,792.9970
11049,793.0056
11050,792.9976
11051,792.9981
11052,793.0066
11053,792.9987
11054,793.0076
11055,792.9992
11056,793.0028
11057,793.0018
11058,793.0113
11059,793.0138
11060,793.0128
11061,793.0153
11062,793.0162
11063,793.0171
11064,793.0181
11065,793.0082
11066,793.0190
11067,793.0201
11068,793.0211
11069,793.0088
11070,793.0093
11071,793.0220
11072,793.0098
11073,793.0104
11074,795.9627
11075,793.0144
11076,795.9638
11077,795.9667
11078,795.9715
11079,795.9679
11080,795.9725
11081,795.9735
11082,795.9691
11083,795.9594
11084,795.9751
11085,795.9603
11086,795.9762
11087,795.9610
11088,795.9703
11089,795.9616
11090,795.9645
11091,795.9823
11092,795.9651
11093,795.9768
11094,795.9856
11095,795.9866
11096,795.9875
11097,795.9884
11098,795.9893
11099,795.9773
11100,795.9780
11101,795.9786
11102,795.9791
11103,795.9797
11104,795.9846
11105,795.9802
11106,795.9807
11107,795.9829
11108,795.9948
11109,795.9835
11110,795.9976
11111,795.9985
11112,795.9899
11113,795.9996
11114,795.9905
11115,796.0005
11116,795.9911
11117,795.9917
11118,796.0014
11119,795.9928
11120,795.9923
11121,795.9933
11122,795.9938
11123,795.9965
11124,795.9953
11125,796.0052
11126,799.1531
11127,799.1544
11128,799.1554
11129,799.1602
11130,796.0020
11131,799.1612
11132,799.1621
11133,796.0026
11134,796.0032
11135,799.1564
11136,799.1575
11137,799.1584
11138,796.0037
11139,799.1593
11140,796.0043
11141,799.1674
11142,799.1627
11143,799.1632
11144,799.1637
11145,799.1641
11146,799.1714
11147,799.1724
11148,799.1646
11149,799.1651
11150,799.1733
11151,799.1742
11152,799.1696
11153,799.1705
11154,799.1656
11155,799.1660
11156,799.1665
11157,799.1775
11158,799.1784
11159,799.1798
11160,799.1679
11161,799.1684
11162,799.1747
11163,799.1837
11164,799.1752
11165,799.1847
11166,799.1761
11167,799.1857
11168,799.1756
11169,799.1818
11170,799.1766
11171,799.1828
11172,802.7475
11173,799.1804
11174,799.1808
11175,802.7404
11176,802.7418
11177,802.7432
11178,802.7442
11179,802.7484
11180,802.7499
11181,802.7508
11182,802.7517
11183,802.7527
11184,799.1861
11185,802.7454
11186,799.1866
11187,802.7464
11188,802.7534
11189,802.7540
11190,802.7589
11191,802.7545
11192,802.7635
11193,802.7645
11194,802.7552
11195,802.7654
11196,802.7663
11197,802.7682
11198,802.7691
11199,802.7768
11200,802.7673
11201,802.7560
11202,802.7609
11203,802.7571
11204,802.7580
11205,802.7623
11206,802.7727
11207,802.7594
11208,802.7698
11209,802.7736
11210,802.7749
11211,802.7758
11212,802.7704
11213,802.7710
11214,802.7716
11215,806.0361
11216,802.7774
11217,802.7780
11218,802.7789
11219,806.0396
11220,806.0407
11221,802.7796
11222,802.7803
11223,806.0444
11224,806.0422
11225,802.7808
11226,802.7814
11227,806.0433
11228,802.7818
11229,802.7825
11230,802.7831
11231,806.0368
11232,806.0376
11233,806.0382
11234,806.0491
11235,806.0450
11236,806.0517
11237,806.0456
11238,806.0529
11239,806.0603
11240,806.0462
11241,806.0541
11242,806.0555
11243,806.0567
11244,806.0577
11245,806.0613
11246,806.0468
11247,806.0475
11248,806.0480
11249,806.0589
11250,806.0497
11251,806.0503
11252,806.0672
11253,806.0700
11254,806.0711
11255,806.0727
11256,806.0738
11257,806.0620
11258,806.0627
11259,806.0747
11260,806.0639
11261,806.0758
11262,806.0654
11263,806.0780
11264,805.5610
11265,805.5731
11266,805.5653
11267,805.5622
11268,805.5642
11269,805.5811
11270,808.8357
11271,808.8367
11272,805.5751
11273,808.8396
11274,808.8378
11275,808.8407
11276,805.5764
11277,805.5772
11278,808.8386
11279,808.8486
11280,805.5780
11281,805.5787
11282,805.5792
11283,805.5800
11284,808.8342
11285,808.8444
11286,808.8452
11287,808.8460
11288,808.8413
11289,808.8469
11290,808.8479
11291,808.8417
11292,808.8429
11293,808.8496
11294,808.8435
11295,808.8538
11296,808.8502
11297,808.8506
11298,808.8559
11299,808.8568
11300,808.8582
11301,808.8591
11302,808.8601
11303,808.8620
11304,808.8628
11305,808.8639
11306,808.8513
11307,808.8520
11308,808.8529
11309,808.8649
11310,808.8612
11311,808.8543
11312,808.8700
11313,808.8549
11314,808.8653
11315,808.8660
11316,808.8669
11317,808.8735
11318,808.8675
11319,808.8682
11320,808.8742
11321,808.8688
11322,808.8693
11323,808.8727
11324,812.0172
11325,812.0148
11326,812.0156
11327,812.0165
11328,812.0138
11329,808.8704
11330,808.8711
11331,808.8714
11332,808.8718
11333,812.0209
11334,812.0118
11335,812.0124
11336,812.0238
11337,812.0218
11338,812.0225
11339,812.0129
11340,812.0177
11341,812.0182
11342,812.0278
11343,812.0285
11344,812.0186
11345,812.0191
11346,812.0196
11347,812.0270
11348,812.0201
11349,812.0316
11350,812.0325
11351,812.0243
11352,812.0333
11353,812.0248
11354,812.0252
11355,812.0257
11356,812.0262
11357,812.0340
11358,812.0289
11359,812.0294
11360,812.0298
11361,812.0303
11362,812.0378
11363,812.0400
11364,812.0387
11365,812.0345
11366,812.0431
11367,812.0438
11368,812.0349
11369,812.0353
11370,812.0358
11371,812.0446
11372,812.0362
11373,812.0453
11374,812.0463
11375,812.0367
11376,812.0424
11377,812.0371
11378,812.0405
11379,812.0410
11380,812.0502
11381,812.0415
11382,815.3585
11383,812.0468
11384,815.3595
11385,815.3609
11386,815.3648
11387,812.0473
11388,812.0478
11389,815.3658
11390,815.3619
11391,815.3629
11392,812.0482
11393,815.3639
11394,812.0487
11395,812.0492
11396,815.3716
11397,815.3707
11398,815.3754
11399,815.3790
11400,815.3663
11401,815.3667
11402,815.3767
11403,815.3672
11404,815.3776
11405,815.3678
11406,815.3683
11407,815.3688
11408,815.3735
11409,815.3744
11410,815.3692
11411,815.3698
11412,815.3721
11413,815.3725
11414,815.3781
11415,815.3884
11416,815.3893
11417,815.3844
11418,815.3795
11419,815.3929
11420,815.3903
11421,815.3800
11422,815.3805
11423,815.3810
11424,815.3855
11425,815.3864
11426,815.3814
11427,815.3819
11428,815.3873
11429,815.3824
11430,815.3830
11431,815.3907
11432,818.6330
11433,815.3912
11434,815.3920
11435,818.6368
11436,818.6376
11437,818.6384
11438,818.6391
11439,815.3934
11440,818.6346
11441,818.6398
11442,815.3938
11443,818.6406
11444,818.6317
11445,818.6353
11446,818.6322
11447,818.6361
11448,818.6444
11449,818.6452
11450,818.6336
11451,818.6467
11452,818.6504
11453,818.6410
11454,818.6416
11455,818.6423
11456,818.6420
11457,818.6474
11458,818.6482
11459,818.6489
11460,818.6427
11461,818.6431
11462,818.6436
11463,818.6497
11464,818.6456
11465,818.6459
11466,818.6554
11467,818.6508
11468,818.6512
11469,818.6590
11470,818.6598
11471,818.6516
11472,818.6519
11473,818.6523
11474,818.6527
11475,818.6574
11476,818.6531
11477,818.6582
11478,818.6535
11479,818.6539
11480,818.6543
11481,818.6547
11482,818.6558
11483,818.6562
11484,818.6566
11485,818.6602
11486,818.6630
11487,818.6606
11488,821.5006
11489,821.5038
11490,821.5047
11491,821.5017
11492,818.6610
11493,821.5058
11494,821.5068
11495,818.6614
11496,818.6619
11497,821.5077
11498,821.5027
11499,821.5087
11500,818.6623
11501,821.5096
11502,821.4987
11503,821.4995
11504,821.5133
11505,821.5149
11506,821.5101
11507,821.5159
11508,821.5112
11509,821.5170
11510,821.5203
11511,821.5213
11512,821.5117
11513,821.5222
11514,821.5231
11515,821.5182
11516,821.5124
11517,821.5240
11518,821.5249
11519,821.5194
11520,821.0262
11521,821.0378
11522,821.0415
11523,821.0439
11524,821.0449
11525,821.0459
11526,821.0385
11527,821.0476
11528,821.0487
11529,821.0394
11530,821.0497
11531,821.0508
11532,821.0519
11533,821.0399
11534,821.0404
11535,821.0530
11536,824.4956
11537,821.0429
11538,821.0420
11539,821.0535
11540,824.4975
11541,824.4985
11542,824.4995
11543,821.0541
11544,821.0545
11545,821.0550
11546,824.5006
11547,821.0554
11548,821.0559
11549,824.5018
11550,821.0563
11551,821.0569
11552,824.5072
11553,824.5082
11554,824.5091
11555,824.4963
11556,824.5025
11557,824.5030
11558,824.5036
11559,824.5041
11560,824.5046
11561,824.5123
11562,824.5133
11563,824.5153
11564,824.5051
11565,824.5057
11566,824.5143
11567,824.5062
11568,824.5097
11569,824.5178
11570,824.5187
11571,824.5101
11572,824.5196
11573,824.5107
11574,824.5112
11575,824.5205
11576,824.5215
11577,824.5267
11578,824.5277
11579,824.5157
11580,824.5163
11581,824.5287
11582,824.5297
11583,824.5168
11584,824.5257
11585,827.6731
11586,824.5221
11587,827.6743
11588,824.5225
11589,824.5231
11590,824.5236
11591,824.5240
11592,824.5245
11593,824.5302
11594,824.5306
11595,824.5311
11596,827.6776
11597,827.6786
11598,824.5321
11599,827.6796
11600,824.5316
11601,827.6887
11602,827.6818
11603,827.6859
11604,827.6829
11605,827.6838
11606,827.6750
11607,827.6755
11608,827.6868
11609,827.6761
11610,827.6767
11611,827.6849
11612,827.6801
11613,827.6806
11614,827.6877
11615,827.6891
11616,827.6947
11617,827.6956
11618,827.6966
11619,827.6975
11620,827.6902
11621,827.6986
11622,827.6908
11623,827.7017
11624,827.6913
11625,827.6998
11626,827.6919
11627,827.6924
11628,827.6930
11629,827.6936
11630,827.7007
11631,827.7029
11632,830.9046
11633,830.9062
11634,830.9072
11635,830.9081
11636,830.9091
11637,830.9101
11638,827.7034
11639,827.7039
11640,827.7044
11641,830.9110
11642,830.9120
11643,830.9130
11644,830.9140
11645,827.7049
11646,827.7056
11647,830.9149
11648,830.9053
11649,830.9154
11650,830.9196
11651,830.9211
11652,830.9222
11653,830.9159
11654,830.9164
11655,830.9272
11656,830.9232
11657,830.9169
11658,830.9241
11659,830.9251
11660,830.9282
11661,830.9173
11662,830.9178
11663,830.9183
11664,830.9187
11665,830.9263
11666,830.9202
11667,830.9326
11668,830.9287
11669,830.9351
11670,830.9293
11671,830.9361
11672,830.9370
11673,830.9383
11674,834.5177
11675,830.9396
11676,830.9405
11677,830.9298
11678,830.9307
11679,830.9312
11680,830.9302
11681,830.9316
11682,830.9340
11683,830.9441
11684,830.9330
11685,834.5164
11686,830.9413
11687,830.9418
11688,830.9423
11689,830.9430
11690,834.5183
11691,834.5310
11692,834.5239
11693,834.5188
11694,834.5271
11695,834.5300
11696,834.5193
11697,834.5199
11698,834.5251
11699,834.5205
11700,834.5281
11701,834.5290
11702,834.5211
11703,834.5262
11704,834.5218
11705,834.5223
11706,834.5228
11707,834.5362
11708,834.5315
11709,834.5321
11710,834.5325
11711,834.5330
11712,834.5382
11713,834.5335
11714,834.5339
11715,834.5392
11716,837.9841
11717,834.5403
11718,834.5413
11719,834.5423
11720,834.5432
11721,834.5344
11722,834.5349
11723,834.5459
11724,834.5366
11725,834.5469
11726,834.5372
11727,834.5478
11728,834.5437
11729,834.5445
11730,837.9829
11731,834.5450
11732,837.9847
11733,837.9852
11734,837.9920
11735,837.9857
11736,837.9946
11737,837.9863
11738,837.9868
11739,837.9955
11740,837.9964
11741,837.9873
11742,837.9883
11743,837.9887
11744,837.9878
11745,837.9892
11746,837.9897
11747,837.9901
11748,837.9936
11749,837.9906
11750,837.9925
11751,838.0012
11752,838.0051
11753,837.9969
11754,837.9974
11755,837.9978
11756,838.0064
11757,838.0073
11758,838.0083
11759,837.9983
11760,837.9988
11761,838.0023
11762,837.9993
11763,837.9998
11764,838.0002
11765,838.0032
11766,838.0042
11767,838.0130
11768,838.0088
11769,838.0093
11770,838.0097
11771,838.0200
11772,838.0210
11773,838.0102
11774,838.0219
11775,838.0113
11776,837.5087
11777,837.5208
11778,837.5137
11779,837.5099
11780,837.5147
11781,837.5158
11782,837.5169
11783,840.5808
11784,837.5115
11785,837.5122
11786,837.5126
11787,837.5215
11788,837.5219
11789,840.5872
11790,837.5225
11791,837.5231
11792,840.5881
11793,837.5235
11794,837.5240
11795,837.5245
11796,840.5840
11797,840.5850
11798,840.5861
11799,840.5914
11800,840.5815
11801,840.5820
11802,840.5825
11803,840.5924
11804,840.5830
11805,840.5959
11806,840.5969
11807,840.5886
11808,840.5980
11809,840.5992
11810,840.5892
11811,840.5939
11812,840.5949
11813,840.5904
11814,840.5898
11815,840.6038
11816,840.6047
11817,840.5928
11818,840.6100
11819,840.6057
11820,840.6069
11821,840.6109
11822,840.5997
11823,840.6008
11824,840.6003
11825,840.6078
11826,840.6013
11827,840.6018
11828,840.6023
11829,840.6089
11830,840.6028
11831,840.6165
11832,840.6175
11833,840.6184
11834,840.6115
11835,840.6219
11836,840.6120
11837,840.6229
11838,840.6125
11839,843.7372
11840,840.6131
11841,843.7400
11842,840.6136
11843,840.6145
11844,840.6151
11845,840.6155
11846,840.6210
11847,840.6189
11848,840.6194
11849,840.6199
11850,843.7518
11851,843.7508
11852,843.7379
11853,843.7385
11854,843.7390
11855,843.7527
11856,843.7497
11857,843.7406
11858,843.7412
11859,843.7417
11860,843.7566
11861,843.7422
11862,843.7586
11863,843.7427
11864,843.7575
11865,843.7432
11866,843.7605
11867,843.7615
11868,843.7624
11869,843.7633
11870,843.7642
11871,843.7539
11872,843.7533
11873,843.7545
11874,843.7551
11875,843.7556
11876,843.7673
11877,843.7683
11878,843.7692
11879,843.7590
11880,843.7701
11881,843.7596
11882,843.7727
11883,843.7648
11884,843.7776
11885,843.7653
11886,843.7737
11887,843.7659
11888,843.7747
11889,843.7756
11890,843.7664
11891,843.7766
11892,843.7707
11893,843.7713
11894,846.9130
11895,846.9140
11896,843.7717
11897,846.9149
11898,846.9200
11899,843.7783
11900,846.9209
11901,846.9218
11902,846.9228
11903,846.9237
11904,846.9171
11905,846.9180
11906,846.9105
11907,846.9190
11908,846.9113
11909,846.9118
11910,846.9273
11911,846.9283
11912,846.9154
11913,846.9159
11914,846.9317
11915,846.9243
11916,846.9365
11917,846.9248
11918,846.9327
11919,846.9337
11920,846.9346
11921,846.9356
11922,846.9254
11923,846.9259
11924,846.9307
11925,846.9263
11926,846.9288
11927,846.9292
11928,846.9410
11929,846.9297
11930,850.2508
11931,846.9370
11932,850.2518
11933,846.9375
11934,846.9380
11935,846.9385
11936,846.9389
11937,850.2528
11938,850.2485
11939,846.9394
11940,850.2538
11941,850.2547
11942,850.2498
11943,846.9399
11944,850.2592
11945,846.9415
11946,850.2553
11947,850.2640
11948,850.2558
11949,850.2563
11950,850.2650
11951,850.2660
11952,850.2567
11953,850.2609
11954,850.2618
11955,850.2572
11956,850.2671
11957,850.2577
11958,850.2583
11959,850.2630
11960,850.2716
11961,850.2597
11962,850.2725
11963,850.2765
11964,850.2677
11965,850.2774
11966,850.2683
11967,850.2702
11968,850.2688
11969,850.2692
11970,850.2745
11971,850.2784
11972,850.2697
11973,850.2793
11974,850.2755
11975,850.2707
11976,850.2731
11977,850.2825
11978,850.2735
11979,850.2889
11980,850.2900
11981,850.2909
11982,850.2918
11983,850.2928
11984,850.2841
11985,850.2799
11986,850.2804
11987,850.2809
11988,850.2852
11989,850.2861
11990,850.2814
11991,850.2870
11992,850.2879
11993,850.2830
11994,850.2952
11995,850.2933
11996,853.3315
11997,850.2937
11998,850.2943
11999,853.3327
12000,857.1857
12001,857.1908
12002,857.1917
12003,857.1957
12004,857.1864
12005,857.1869
12006,857.1874
12007,857.1878
12008,857.1928
12009,857.1967
12010,857.1976
12011,857.1939
12012,857.1948
12013,857.1883
12014,857.1894
12015,857.1985
12016,857.1889
12017,857.2037
12018,857.1990
12019,857.2071
12020,857.1995
12021,857.2080
12022,857.2001
12023,857.2006
12024,857.2013
12025,857.2089
12026,857.2098
12027,857.2108
12028,857.2017
12029,857.2117
12030,857.2023
12031,857.2028
12032,856.7218
12033,856.7198
12034,856.7205
12035,856.7326
12036,856.7278
12037,856.7284
12038,856.7376
12039,856.7390
12040,856.7288
12041,856.7293
12042,856.7399
12043,856.7422
12044,856.7298
12045,856.7456
12046,856.7302
12047,856.7307
12048,856.7441
12049,856.7364
12050,856.7311
12051,856.7336
12052,856.7340
12053,856.7345
12054,859.9057
12055,859.9002
12056,859.8957
12057,859.8964
12058,859.9069
12059,859.8969
12060,859.8974
12061,859.9079
12062,859.8980
12063,859.8986
12064,859.9014
12065,859.9028
12066,859.9038
12067,859.9089
12068,859.8992
12069,859.9048
12070,859.9093
12071,859.9099
12072,859.9105
12073,859.9110
12074,859.9117
12075,859.9122
12076,859.9126
12077,859.9185
12078,859.9159
12079,859.9165
12080,859.9200
12081,859.9132
12082,859.9139
12083,859.9145
12084,859.9150
12085,859.9155
12086,859.9210
12087,859.9220
12088,859.9170
12089,859.9176
12090,859.9230
12091,859.9239
12092,859.9286
12093,859.9295
12094,859.9371
12095,859.9191
12096,859.9312
12097,859.9342
12098,859.9245
12099,859.9250
12100,859.9322
12101,859.9260
12102,859.9266
12103,859.9352
12104,859.9270
12105,859.9276
12106,859.9333
12107,859.9361
12108,863.2804
12109,859.9301
12110,863.2775
12111,863.2876
12112,863.2831
12113,863.2781
12114,863.2887
12115,863.2841
12116,863.2788
12117,863.2898
12118,863.2908
12119,863.2960
12120,863.2853
12121,863.2793
12122,863.2919
12123,863.2866
12124,863.2810
12125,863.2816
12126,863.2820
12127,863.3014
12128,863.2995
12129,863.2924
12130,863.2930
12131,863.2935
12132,863.2945
12133,863.3004
12134,863.2950
12135,863.2966
12136,863.2970
12137,863.2976
12138,863.2981
12139,863.2986
12140,863.3065
12141,863.3075
12142,863.3084
12143,863.3028
12144,863.3023
12145,863.3033
12146,863.3164
12147,863.3037
12148,863.3042
12149,863.3047
12150,863.3051
12151,863.3117
12152,863.3137
12153,863.3175
12154,863.3153
12155,863.3056
12156,863.3089
12157,863.3094
12158,863.3228
12159,863.3099
12160,863.3106
12161,863.3216
12162,863.3180
12163,866.4154
12164,863.3186
12165,866.4165
12166,863.3197
12167,866.4175
12168,863.3202
12169,866.4206
12170,866.4216
12171,866.4186
12172,866.4197
12173,863.3207
12174,863.3232
12175,863.3237
12176,863.3242
12177,863.3247
12178,863.3252
12179,866.4265
12180,866.4284
12181,866.4221
12182,866.4294
12183,866.4226
12184,866.4231
12185,866.4235
12186,866.4303
12187,866.4313
12188,866.4240
12189,866.4323
12190,866.4246
12191,866.4332
12192,866.4251
12193,866.4256
12194,866.4275
12195,866.4377
12196,866.4386
12197,866.4395
12198,866.4337
12199,866.4404
12200,866.4342
12201,866.4415
12202,866.4348
12203,866.4439
12204,866.4449
12205,866.4462
12206,866.4353
12207,866.4473
12208,866.4357
12209,866.4362
12210,866.4367
12211,866.4534
12212,866.4559
12213,866.4569
12214,866.4482
12215,866.4578
12216,866.4491
12217,866.4499
12218,866.4588
12219,866.4503
12220,866.4510
12221,866.4597
12222,866.4609
12223,866.4515
12224,866.4550
12225,869.4907
12226,866.4521
12227,866.4539
12228,869.4918
12229,869.4874
12230,869.4882
12231,869.4887
12232,869.4930
12233,869.4940
12234,869.4949
12235,869.4958
12236,869.4968
12237,869.4892
12238,869.4977
12239,869.5103
12240,869.4897
12241,869.5008
12242,869.5017
12243,869.5026
12244,869.4983
12245,869.5037
12246,869.5046
12247,869.4989
12248,869.4994
12249,869.4998
12250,869.5056
12251,869.5066
12252,869.5112
12253,869.5082
12254,869.5093
12255,869.5117
12256,869.5155
12257,869.5126
12258,869.5132
12259,869.5137
12260,869.5185
12261,869.5195
12262,869.5209
12263,869.5218
12264,869.5228
12265,869.5257
12266,869.5267
12267,869.5237
12268,869.5276
12269,869.5285
12270,869.5145
12271,869.5248
12272,869.5161
12273,872.5231
12274,869.5169
12275,869.5176
12276,872.5259
12277,869.5290
12278,872.5269
12279,869.5295
12280,872.5278
12281,869.5300
12282,872.5288
12283,869.5305
12284,869.5310
12285,869.5315
12286,869.5320
12287,869.5324
12288,872.0227
12289,872.0245
12290,872.0367
12291,872.0258
12292,872.0417
12293,872.0303
12294,872.0380
12295,872.0309
12296,872.0392
12297,872.0313
12298,872.0319
12299,872.0325
12300,872.0331
12301,872.0406
12302,872.0337
12303,872.0350
12304,872.0343
12305,872.0356
12306,872.0487
12307,872.0498
12308,875.6450
12309,872.0423
12310,875.6462
12311,872.0429
12312,875.6472
12313,872.0436
12314,872.0445
12315,875.6483
12316,875.6564
12317,872.0449
12318,872.0457
12319,875.6494
12320,872.0462
12321,872.0469
12322,875.6535
12323,875.6523
12324,875.6500
12325,875.6574
12326,875.6506
12327,875.6513
12328,875.6544
12329,875.6583
12330,875.6555
12331,875.6592
12332,875.6642
12333,875.6597
12334,875.6602
12335,875.6709
12336,875.6606
12337,875.6657
12338,875.6669
12339,875.6611
12340,875.6679
12341,875.6617
12342,875.6688
12343,875.6718
12344,875.6622
12345,875.6628
12346,875.6699
12347,875.6633
12348,875.6824
12349,875.6648
12350,875.6775
12351,875.6803
12352,875.6724
12353,875.6730
12354,875.6813
12355,875.6734
12356,875.6740
12357,875.6745
12358,875.6751
12359,875.6756
12360,875.6785
12361,875.6760
12362,875.6766
12363,875.6794
12364,878.7898
12365,875.6829
12366,878.7986
12367,878.7996
12368,875.6834
12369,878.7927
12370,875.6841
12371,878.8005
12372,875.6847
12373,878.7955
12374,878.7851
12375,878.7967
12376,878.7864
12377,878.7877
12378,878.7977
12379,878.7883
12380,878.7912
12381,878.8051
12382,878.8120
12383,878.8129
12384,878.8013
12385,878.8063
12386,878.8072
12387,878.8019
12388,878.8082
12389,878.8091
12390,878.8025
12391,878.8100
12392,878.8031
12393,878.8036
12394,878.8042
12395,878.8139
12396,878.8110
12397,878.8218
12398,878.8146
12399,878.8152
12400,878.8157
12401,878.8167
12402,878.8172
12403,878.8248
12404,878.8177
12405,878.8182
12406,878.8258
12407,878.8188
12408,878.8193
12409,878.8267
12410,878.8198
12411,878.8203
12412,878.8208
12413,878.8223
12414,878.8308
12415,878.8229
12416,878.8234
12417,878.8297
12418,878.8239
12419,882.1787
12420,882.1797
12421,882.1808
12422,878.8273
12423,882.1847
12424,878.8278
12425,878.8284
12426,878.8288
12427,882.1817
12428,882.1827
12429,882.1837
12430,878.8313
12431,882.1922
12432,882.1893
12433,882.1903
12434,882.1912
12435,882.1851
12436,882.1858
12437,882.1942
12438,882.1952
12439,882.1862
12440,882.1867
12441,882.1961
12442,882.1872
12443,882.1877
12444,882.1882
12445,882.1970
12446,882.1979
12447,882.2038
12448,882.2010
12449,882.1926
12450,882.2019
12451,882.1932
12452,882.2028
12453,882.2056
12454,882.1984
12455,882.2066
12456,882.1989
12457,882.1994
12458,882.1998
12459,882.2075
12460,882.2099
12461,882.2109
12462,882.2090
12463,882.2175
12464,882.2042
12465,882.2047
12466,882.2147
12467,882.2157
12468,882.2166
12469,882.2204
12470,882.2213
12471,882.2114
12472,882.2118
12473,882.2123
12474,882.2128
12475,882.2222
12476,882.2132
12477,882.2232
12478,882.2137
12479,882.2180
12480,882.2185
12481,882.2189
12482,882.2194
12483,882.2281
12484,882.2291
12485,885.0480
12486,885.0542
12487,882.2236
12488,882.2241
12489,882.2246
12490,882.2250
12491,882.2255
12492,885.0490
12493,882.2259
12494,885.0500
12495,882.2264
12496,882.2270
12497,885.0460
12498,885.0470
12499,885.0512
12500,885.0448
12501,885.0524
12502,885.0548
12503,885.0644
12504,885.0554
12505,885.0598
12506,885.0560
12507,885.0567
12508,885.0655
12509,885.0664
12510,885.0695
12511,885.0573
12512,885.0674
12513,885.0580
12514,885.0610
12515,885.0622
12516,885.0686
12517,885.0587
12518,885.0635
12519,885.0746
12520,885.0700
12521,885.0704
12522,885.0709
12523,888.3242
12524,888.3252
12525,888.3262
12526,888.3272
12527,885.0718
12528,885.0714
12529,885.0723
12530,888.3281
12531,888.3232
12532,885.0728
12533,885.0732
12534,885.0737
12535,888.3318
12536,888.3329
12537,888.3339
12538,888.3221
12539,888.3285
12540,888.3390
12541,888.3401
12542,888.3290
12543,888.3410
12544,887.8396
12545,887.8288
12546,887.8297
12547,887.8223
12548,887.8229
12549,887.8309
12550,887.8235
12551,887.8367
12552,887.8271
12553,887.8276
12554,887.8377
12555,887.8386
12556,887.8342
12557,887.8346
12558,887.8351
12559,887.8405
12560,887.8459
12561,887.8409
12562,887.8414
12563,891.0711
12564,887.8419
12565,891.0689
12566,887.8424
12567,887.8428
12568,887.8433
12569,887.8437
12570,891.0720
12571,887.8443
12572,887.8449
12573,891.0740
12574,891.0700
12575,891.0730
12576,887.8464
12577,887.8470
12578,891.0780
12579,891.0746
12580,891.0750
12581,891.0755
12582,891.0811
12583,891.0760
12584,891.0821
12585,891.0830
12586,891.0839
12587,891.0765
12588,891.0849
12589,891.0771
12590,891.0860
12591,891.0874
12592,891.0935
12593,891.0802
12594,891.0915
12595,891.0968
12596,891.0785
12597,891.0793
12598,891.0946
12599,891.0879
12600,891.0884
12601,891.0890
12602,891.0896
12603,891.0902
12604,891.0977
12605,891.0906
12606,891.0957
12607,891.0926
12608,891.0984
12609,891.0990
12610,891.0994
12611,891.0999
12612,891.1049
12613,891.1005
12614,891.1078
12615,891.1087
12616,891.1096
12617,891.1009
12618,891.1015
12619,891.1019
12620,891.1024
12621,891.1116
12622,891.1106
12623,891.1040
12624,891.1060
12625,891.1069
12626,891.1029
12627,891.1035
12628,893.9165
12629,893.9176
12630,893.9229
12631,891.1120
12632,893.9239
12633,891.1126
12634,893.9138
12635,893.9249
12636,893.9258
12637,893.9145
12638,893.9267
12639,893.9276
12640,893.9199
12641,893.9151
12642,893.9208
12643,893.9217
12644,893.9182
12645,893.9188
12646,893.9329
12647,893.9281
12648,893.9287
12649,893.9360
12650,893.9292
12651,893.9297
12652,893.9420
12653,893.9371
12654,893.9380
12655,893.9307
12656,893.9390
12657,893.9400
12658,893.9303
12659,893.9409
12660,893.9318
12661,893.9350
12662,893.9463
12663,893.9335
12664,893.9340
12665,897.5954
12666,897.5964
12667,897.5978
12668,897.5987
12669,893.9425
12670,893.9430
12671,897.5996
12672,897.5930
12673,893.9437
12674,893.9443
12675,897.5942
12676,893.9448
12677,893.9453
12678,897.6036
12679,893.9467
12680,893.9475
12681,897.6078
12682,897.6001
12683,897.6087
12684,897.6006
12685,897.6016
12686,897.6097
12687,897.6106
12688,897.6011
12689,897.6048
12690,897.6021
12691,897.6058
12692,897.6068
12693,897.6027
12694,897.6149
12695,897.6158
12696,897.6167
12697,897.6200
12698,897.6210
12699,897.6219
12700,897.6112
12701,897.6116
12702,897.6121
12703,897.6229
12704,897.6126
12705,897.6182
12706,897.6130
12707,897.6135
12708,897.6191
12709,897.6140
12710,897.6172
12711,897.6280
12712,897.6292
12713,897.6341
12714,897.6234
12715,897.6352
12716,897.6364
12717,897.6239
12718,897.6375
12719,897.6245
12720,897.6305
12721,897.6250
12722,897.6316
12723,897.6256
12724,897.6263
12725,897.6329
12726,897.6269
12727,901.0115
12728,901.0127
12729,901.0062
12730,901.0145
12731,901.0068
12732,901.0155
12733,901.0090
12734,901.0164
12735,901.0174
12736,901.0074
12737,901.0079
12738,901.0084
12739,901.0095
12740,901.0099
12741,901.0104
12742,901.0238
12743,901.0229
12744,901.0131
12745,901.0136
12746,901.0179
12747,901.0183
12748,901.0247
12749,901.0256
12750,901.0188
12751,901.0193
12752,901.0197
12753,901.0202
12754,901.0207
12755,901.0211
12756,901.0215
12757,901.0220
12758,901.0309
12759,901.0261
12760,901.0266
12761,901.0343
12762,901.0270
12763,901.0352
12764,901.0276
12765,901.0280
12766,901.0361
12767,901.0370
12768,901.0285
12769,901.0324
12770,901.0290
12771,901.0295
12772,901.0299
12773,901.0333
12774,901.0401
12775,901.0313
12776,901.0411
12777,903.8604
12778,903.8614
12779,901.0375
12780,903.8624
12781,901.0381
12782,903.8633
12783,903.8642
12784,901.0385
12785,903.8651
12786,903.8661
12787,903.8594
12788,901.0391
12789,903.8670
12790,901.0417
12791,903.8581
12792,903.8729
12793,903.8762
12794,903.8799
12795,903.8777
12796,903.8786
12797,903.8674
12798,903.8808
12799,903.8688
12800,903.3816
12801,903.3829
12802,903.3835
12803,903.3841
12804,903.3845
12805,903.3850
12806,903.3879
12807,903.3856
12808,903.3869
12809,903.3957
12810,903.3963
12811,903.4018
12812,903.3967
12813,903.3972
12814,903.3983
12815,903.4081
12816,903.4036
12817,903.3988
12818,903.3993
12819,903.4045
12820,903.4059
12821,903.4091
12822,903.4102
12823,903.4000
12824,903.4004
12825,903.4070
12826,903.4009
12827,903.4137
12828,903.4027
12829,906.8073
12830,903.4146
12831,906.8063
12832,906.8001
12833,903.4108
12834,903.4112
12835,903.4117
12836,906.8013
12837,903.4122
12838,906.8025
12839,906.8035
12840,906.8044
12841,903.4127
12842,906.8054
12843,903.4152
12844,903.4158
12845,906.8079
12846,906.8122
12847,906.8207
12848,906.8132
12849,906.8084
12850,906.8094
12851,906.8100
12852,906.8142
12853,906.8105
12854,906.8111
12855,906.8151
12856,906.8162
12857,906.8174
12858,906.8185
12859,906.8216
12860,906.8196
12861,906.8226
12862,906.8305
12863,906.8372
12864,906.8230
12865,906.8240
12866,906.8247
12867,906.8251
12868,906.8317
12869,906.8256
12870,906.8263
12871,906.8331
12872,906.8342
12873,906.8269
12874,906.8351
12875,906.8361
12876,906.8277
12877,906.8287
12878,906.8419
12879,909.6999
12880,906.8376
12881,909.6920
12882,906.8382
12883,909.7024
12884,909.6938
12885,909.6948
12886,906.8388
12887,906.8393
12888,906.8397
12889,909.6959
12890,909.6969
12891,909.6978
12892,906.8408
12893,909.6988
12894,909.7136
12895,909.7004
12896,909.7060
12897,909.7070
12898,909.7013
12899,909.7080
12900,909.7029
12901,909.7089
12902,909.7035
12903,909.7099
12904,909.7109
12905,909.7118
12906,909.7040
12907,909.7046
12908,909.7050
12909,909.7127
12910,909.7141
12911,909.7147
12912,909.7151
12913,909.7198
12914,909.7157
12915,909.7213
12916,909.7167
12917,909.7223
12918,909.7173
12919,909.7232
12920,909.7287
12921,909.7246
12922,909.7179
12923,909.7185
12924,909.7296
12925,909.7258
12926,909.7268
12927,909.7189
12928,909.7277
12929,909.7327
12930,909.7204
12931,913.1891
12932,913.1900
12933,909.7301
12934,909.7307
12935,913.1957
12936,909.7311
12937,913.1966
12938,913.1910
12939,913.1919
12940,913.1929
12941,913.1938
12942,913.1947
12943,909.7317
12944,913.1880
12945,913.2023
12946,909.7333
12947,913.1972
12948,913.1977
12949,913.1981
12950,913.2056
12951,913.2065
12952,913.1986
12953,913.1991
12954,913.2074
12955,913.1995
12956,913.2083
12957,913.2000
12958,913.2009
12959,913.2014
12960,913.2005
12961,913.2028
12962,913.2033
12963,913.2037
12964,913.2042
12965,913.2046
12966,913.2088
12967,913.2141
12968,913.2092
12969,913.2213
12970,913.2176
12971,913.2103
12972,913.2107
12973,913.2112
12974,913.2185
12975,913.2195
12976,913.2117
12977,913.2204
12978,913.2122
12979,913.2156
12980,913.2165
12981,913.2127
12982,913.2131
12983,913.2145
12984,913.2259
12985,913.2218
12986,913.2222
12987,913.2315
12988,913.2324
12989,913.2227
12990,913.2231
12991,913.2334
12992,913.2236
12993,913.2241
12994,913.2278
12995,913.2287
12996,913.2245
12997,913.2250
12998,913.2296
12999,913.2306
13000,913.2264
13001,916.2612
13002,913.2268
13003,913.2338
13004,916.2687
13005,913.2343
13006,913.2347
13007,916.2696
13008,916.2647
13009,916.2714
13010,916.2664
13011,916.2568
13012,916.2574
13013,916.2673
13014,916.2580
13015,916.2589
13016,916.2594
13017,916.2627
13018,916.2632
13019,916.2765
13020,916.2719
13021,916.2840
13022,916.2739
13023,916.2849
13024,916.2791
13025,916.2723
13026,916.2746
13027,916.2805
13028,916.2859
13029,916.2820
13030,916.2750
13031,916.2830
13032,916.2868
13033,916.2877
13034,916.2756
13035,916.2778
13036,916.2782
13037,916.2936
13038,916.2979
13039,916.2883
13040,916.2950
13041,916.2961
13042,916.2970
13043,916.2887
13044,916.2892
13045,916.2897
13046,916.2901
13047,916.2906
13048,916.2910
13049,916.2988
13050,916.2915
13051,916.2919
13052,916.2924
13053,916.2940
13054,916.2993
13055,916.3004
13056,918.8543
13057,918.8536
13058,915.8026
13059,918.8553
13060,915.8037
13061,915.8043
13062,918.8500
13063,918.8506
13064,918.8510
13065,918.8562
13066,918.8515
13067,918.8570
13068,918.8578
13069,918.8520
13070,918.8585
13071,918.8526
13072,918.8589
13073,918.8593
13074,918.8632
13075,918.8643
13076,918.8678
13077,918.8652
13078,918.8660
13079,918.8597
13080,918.8603
13081,918.8687
13082,918.8606
13083,918.8696
13084,918.8620
13085,918.8706
13086,918.8668
13087,918.8624
13088,918.8611
13089,918.8615
13090,918.8636
13091,922.2949
13092,918.8709
13093,922.2980
13094,922.2988
13095,922.2996
13096,922.3004
13097,922.3012
13098,922.3020
13099,918.8715
13100,922.3027
13101,922.3035
13102,922.3042
13103,922.2932
13104,922.2938
13105,922.2963
13106,922.2971
13107,922.3074
13108,922.2955
13109,922.3047
13110,922.3108
13111,922.3115
13112,922.3053
13113,922.3122
13114,922.3130
13115,922.3057
13116,922.3137
13117,922.3062
13118,922.3066
13119,922.3145
13120,922.3084
13121,922.3092
13122,922.3100
13123,922.3172
13124,922.3196
13125,922.3183
13126,922.3205
13127,922.3212
13128,922.3219
13129,922.3148
13130,922.3154
13131,922.3227
13132,922.3236
13133,922.3279
13134,922.3245
13135,922.3253
13136,922.3159
13137,922.3165
13138,925.0826
13139,922.3189
13140,925.0777
13141,925.0787
13142,925.0797
13143,925.0807
13144,925.0816
13145,922.3258
13146,922.3262
13147,922.3267
13148,922.3272
13149,925.0835
13150,925.0849
13151,925.0858
13152,925.0867
13153,925.0763
13154,925.0872
13155,925.0923
13156,925.0954
13157,925.0877
13158,925.0883
13159,925.0888
13160,925.0893
13161,925.0897
13162,925.0963
13163,925.0997
13164,925.0908
13165,925.0975
13166,925.0987
13167,925.0913
13168,925.0903
13169,925.0934
13170,925.0944
13171,925.1057
13172,925.1081
13173,925.1001
13174,925.1007
13175,925.1092
13176,925.1101
13177,925.1110
13178,925.1013
13179,925.1018
13180,925.1119
13181,925.1025
13182,925.1031
13183,925.1042
13184,925.1047
13185,925.1037
13186,925.1072
13187,925.1062
13188,925.1125
13189,928.4308
13190,928.4320
13191,925.1130
13192,925.1136
13193,928.4353
13194,928.4363
13195,928.4376
13196,925.1141
13197,925.1146
13198,925.1151
13199,925.1157
13200,925.1161
13201,925.1166
13202,928.4343
13203,925.1170
13204,925.1175
13205,928.4397
13206,928.4326
13207,928.4331
13208,928.4406
13209,928.4381
13210,928.4452
13211,928.4513
13212,928.4462
13213,928.4523
13214,928.4474
13215,928.4484
13216,928.4493
13217,928.4429
13218,928.4439
13219,928.4387
13220,928.4503
13221,928.4582
13222,928.4412
13223,928.4564
13224,928.4417
13225,928.4573
13226,928.4528
13227,928.4537
13228,928.4639
13229,928.4542
13230,928.4547
13231,928.4648
13232,928.4533
13233,928.4608
13234,928.4619
13235,928.4553
13236,928.4629
13237,928.4680
13238,928.4690
13239,928.4699
13240,928.4587
13241,928.4708
13242,928.4593
13243,928.4598
13244,928.4653
13245,928.4657
13246,928.4767
13247,932.1582
13248,928.4748
13249,928.4758
13250,928.4662
13251,928.4667
13252,928.4671
13253,932.1546
13254,928.4713
13255,932.1557
13256,928.4718
13257,932.1571
13258,928.4723
13259,928.4728
13260,928.4732
13261,928.4737
13262,932.1632
13263,932.1701
13264,932.1653
13265,932.1662
13266,932.1672
13267,932.1710
13268,932.1587
13269,932.1594
13270,932.1599
13271,932.1603
13272,932.1608
13273,932.1682
13274,932.1691
13275,932.1613
13276,932.1617
13277,932.1622
13278,932.1636
13279,932.1729
13280,932.1715
13281,932.1720
13282,932.1724
13283,932.1734
13284,932.1787
13285,932.1738
13286,932.1743
13287,932.1748
13288,932.1752
13289,932.1850
13290,932.1821
13291,932.1757
13292,932.1859
13293,932.1762
13294,932.1831
13295,932.1841
13296,932.1768
13297,932.1773
13298,932.1812
13299,932.1778
13300,932.1792
13301,932.1796
13302,932.1901
13303,932.1801
13304,932.1913
13305,932.1865
13306,932.1870
13307,932.1875
13308,932.1976
13309,932.1987
13310,932.1997
13311,932.2006
13312,931.7035
13313,931.7102
13314,931.7113
13315,931.7041
13316,931.7047
13317,931.7122
13318,931.7073
13319,931.7079
13320,931.7084
13321,931.7088
13322,934.4851
13323,931.7093
13324,934.4899
13325,931.7167
13326,931.7172
13327,934.4908
13328,931.7176
13329,934.4866
13330,931.7181
13331,934.4820
13332,934.4877
13333,934.4826
13334,934.4831
13335,934.4887
13336,934.4836
13337,934.4841
13338,934.4857
13339,934.4967
13340,934.4913
13341,934.5040
13342,934.5050
13343,934.4919
13344,934.4987
13345,934.4998
13346,934.4924
13347,934.4929
13348,934.5008
13349,934.4940
13350,934.5021
13351,934.4946
13352,934.4951
13353,934.5030
13354,934.4956
13355,934.4972
13356,934.4978
13357,934.5102
13358,934.5169
13359,934.5179
13360,934.5055
13361,934.5113
13362,934.5061
13363,934.5067
13364,934.5122
13365,934.5132
13366,934.5141
13367,934.5150
13368,934.5072
13369,934.5077
13370,934.5160
13371,934.5082
13372,934.5088
13373,934.5226
13374,934.5184
13375,937.8522
13376,934.5190
13377,934.5194
13378,937.8456
13379,937.8466
13380,937.8476
13381,937.8485
13382,934.5200
13383,937.8494
13384,937.8503
13385,934.5207
13386,934.5213
13387,937.8513
13388,934.5217
13389,937.8438
13390,937.8446
13391,937.8528
13392,937.8533
13393,937.8593
13394,937.8538
13395,937.8610
13396,937.8619
13397,937.8549
13398,937.8628
13399,937.8637
13400,937.8555
13401,937.8668
13402,937.8560
13403,937.8566
13404,937.8571
13405,937.8647
13406,937.8583
13407,937.8659
13408,937.8577
13409,937.8599
13410,937.8740
13411,937.8675
13412,937.8772
13413,937.8680
13414,937.8686
13415,937.8692
13416,937.8784
13417,937.8696
13418,937.8704
13419,937.8709
13420,937.8715
13421,937.8720
13422,937.8727
13423,937.8794
13424,937.8731
13425,937.8762
13426,937.8746
13427,937.8751
13428,937.8800
13429,937.8806
13430,937.8848
13431,941.0666
13432,937.8811
13433,941.0684
13434,941.0699
13435,937.8817
13436,937.8822
13437,937.8827
13438,941.0716
13439,941.0731
13440,941.0753
13441,937.8832
13442,941.0647
13443,937.8838
13444,941.0767
13445,941.0783
13446,941.0885
13447,941.0792
13448,941.0936
13449,941.0801
13450,941.0808
13451,941.0816
13452,941.0822
13453,941.0830
13454,941.0951
13455,941.0838
13456,941.0907
13457,941.0846
13458,941.0854
13459,941.0922
13460,941.0861
13461,941.0869
13462,941.1010
13463,941.0893
13464,941.0959
13465,941.1100
13466,941.1116
13467,941.1129
13468,941.0967
13469,941.1143
13470,941.0987
13471,941.1157
13472,941.0980
13473,941.1033
13474,941.1050
13475,941.0995
13476,941.1066
13477,941.1081
13478,944.1233
13479,944.1248
13480,941.1017
13481,941.1165
13482,944.1321
13483,941.1173
13484,944.1335
13485,944.1350
13486,944.1364
13487,944.1378
13488,944.1288
13489,941.1181
13490,941.1189
13491,941.1196
13492,944.1305
13493,941.1205
13494,944.1256
13495,944.1393
13496,944.1264
13497,944.1272
13498,944.1410
13499,944.1424
13500,949.0616
13501,949.0510
13502,949.0468
13503,949.0476
13504,949.0522
13505,949.0532
13506,949.0542
13507,949.0591
13508,949.0484
13509,949.0491
13510,949.0600
13511,949.0551
13512,949.0563
13513,949.0572
13514,949.0497
13515,949.0582
13516,949.0621
13517,949.0625
13518,949.0631
13519,949.0748
13520,949.0636
13521,949.0642
13522,949.0647
13523,949.0696
13524,949.0707
13525,949.0651
13526,949.0657
13527,949.0661
13528,949.0666
13529,949.0717
13530,949.0670
13531,949.0676
13532,949.0739
13533,949.0729
13534,949.0681
13535,949.0805
13536,949.0753
13537,952.6165
13538,952.6182
13539,952.6214
13540,952.6223
13541,952.6194
13542,949.0759
13543,949.0764
13544,949.0771
13545,949.0776
13546,949.0782
13547,949.0787
13548,949.0792
13549,952.6204
13550,949.0796
13551,952.6276
13552,952.6265
13553,952.6293
13554,952.6230
13555,952.6303
13556,952.6312
13557,952.6236
13558,952.6242
13559,952.6321
13560,952.6247
13561,952.6254
13562,952.6331
13563,952.6342
13564,952.6351
13565,952.6360
13566,952.6370
13567,952.6415
13568,952.1240
13569,952.1331
13570,952.1383
13571,952.1393
13572,952.1423
13573,952.1339
13574,952.1436
13575,952.1445
13576,952.1403
13577,952.1346
13578,952.1352
13579,952.1357
13580,952.1414
13581,952.1543
13582,952.1363
13583,952.1488
13584,952.1477
13585,952.1497
13586,952.1451
13587,952.3018
13588,952.1508
13589,952.3041
13590,952.1517
13591,952.1457
13592,952.1462
13593,952.3052
13594,952.1467
13595,952.1532
13596,952.3065
13597,952.1547
13598,952.1553
13599,952.3075
13600,952.3069
13601,955.2758
13602,952.3087
13603,955.2885
13604,955.2735
13605,955.2768
13606,952.3096
13607,952.3102
13608,952.3111
13609,952.3117
13610,955.2898
13611,952.3123
13612,955.2779
13613,955.2909
13614,955.2790
13615,955.2800
13616,955.2747
13617,955.2956
13618,955.2965
13619,955.2975
13620,955.2984
13621,955.2993
13622,955.3003
13623,955.2914
13624,955.2920
13625,955.3013
13626,955.3022
13627,955.3031
13628,955.2926
13629,955.2931
13630,955.2941
13631,955.3042
13632,955.2946
13633,955.4385
13634,955.4395
13635,955.3047
13636,955.4481
13637,955.4431
13638,955.3053
13639,955.3059
13640,955.4441
13641,955.3065
13642,955.3070
13643,955.3076
13644,955.4451
13645,955.3082
13646,955.4461
13647,955.3087
13648,955.4415
13649,955.4472
13650,955.4402
13651,958.5182
13652,955.4487
13653,955.4492
13654,955.4498
13655,955.4504
13656,955.4509
13657,955.4514
13658,955.4520
13659,958.5244
13660,955.4525
13661,958.5285
13662,958.5254
13663,958.5264
13664,958.5275
13665,958.5223
13666,958.5233
13667,958.5322
13668,958.5190
13669,958.5196
13670,958.5332
13671,958.5203
13672,958.5209
13673,958.5343
13674,958.5354
13675,958.5290
13676,958.5295
13677,958.7881
13678,958.5311
13679,958.5391
13680,958.5301
13681,958.5307
13682,958.7808
13683,958.7820
13684,958.7831
13685,958.7840
13686,958.7850
13687,958.5359
13688,958.5370
13689,958.7859
13690,958.5377
13691,958.7936
13692,958.7870
13693,958.7886
13694,958.7891
13695,958.7995
13696,958.7896
13697,958.7901
13698,958.7906
13699,958.7912
13700,958.7956
13701,958.7965
13702,958.7917
13703,958.7974
13704,958.7985
13705,958.7922
13706,958.7927
13707,958.7941
13708,961.9208
13709,961.9273
13710,958.7945
13711,961.9283
13712,958.8000
13713,961.9226
13714,958.8005
13715,958.8011
13716,961.9238
13717,958.8015
13718,961.9298
13719,961.9250
13720,958.8020
13721,958.8025
13722,961.9309
13723,961.9261
13724,961.9215
13725,961.9363
13726,961.9315
13727,961.9326
13728,961.9321
13729,961.9379
13730,961.9388
13731,961.9398
13732,961.9408
13733,961.9439
13734,961.9331
13735,961.9419
13736,961.9337
13737,961.9429
13738,961.9342
13739,961.9348
13740,961.9354
13741,961.9478
13742,961.9487
13743,961.9496
13744,961.9369
13745,961.9444
13746,961.9578
13747,961.9588
13748,961.9453
13749,961.9531
13750,961.9540
13751,961.9550
13752,961.9559
13753,961.9568
13754,961.9459
13755,961.9464
13756,961.9468
13757,961.9631
13758,961.9502
13759,961.9508
13760,961.9513
13761,961.9518
13762,961.9593
13763,961.9597
13764,965.1740
13765,965.1708
13766,961.9602
13767,961.9607
13768,961.9613
13769,961.9617
13770,961.9622
13771,965.1719
13772,965.1730
13773,961.9636
13774,965.1782
13775,961.9641
13776,961.9647
13777,961.9652
13778,961.9657
13779,965.1773
13780,965.1745
13781,965.1810
13782,965.1820
13783,965.1752
13784,965.1757
13785,965.1763
13786,965.1829
13787,965.1839
13788,965.1849
13789,965.1858
13790,965.1922
13791,965.1931
13792,965.1788
13793,965.1893
13794,965.1794
13795,965.1903
13796,965.1912
13797,965.1863
13798,965.1955
13799,965.1964
13800,965.1869
13801,965.1993
13802,965.1974
13803,965.1984
13804,965.1875
13805,965.1883
13806,965.2052
13807,965.2072
13808,965.1936
13809,965.1941
13810,965.2063
13811,965.2032
13812,965.2041
13813,965.1945
13814,965.1999
13815,965.2004
13816,965.2008
13817,965.2013
13818,965.2106
13819,965.2173
13820,965.2017
13821,965.2023
13822,965.2182
13823,965.2197
13824,964.7091
13825,964.7133
13826,964.7098
13827,964.7103
13828,964.7109
13829,967.9418
13830,964.7144
13831,964.7153
13832,964.7165
13833,964.7176
13834,967.9461
13835,967.9424
13836,967.9539
13837,967.9487
13838,967.9430
13839,967.9435
13840,967.9496
13841,967.9441
13842,967.9549
13843,967.9446
13844,967.9451
13845,967.9507
13846,967.9517
13847,967.9528
13848,967.9558
13849,967.9477
13850,967.9466
13851,967.9605
13852,967.9633
13853,967.9643
13854,967.9691
13855,967.9564
13856,967.9653
13857,967.9569
13858,967.9662
13859,967.9574
13860,967.9579
13861,967.9585
13862,967.9672
13863,967.9682
13864,967.9590
13865,967.9622
13866,967.9596
13867,967.9611
13868,970.9489
13869,970.9554
13870,970.9495
13871,970.9512
13872,970.9501
13873,970.9506
13874,970.9581
13875,970.9517
13876,970.9523
13877,970.9611
13878,970.9592
13879,970.9528
13880,970.9534
13881,970.9601
13882,970.9539
13883,970.9544
13884,970.9620
13885,970.9717
13886,970.9559
13887,970.9565
13888,970.9569
13889,970.9670
13890,970.9679
13891,970.9626
13892,970.9689
13893,970.9631
13894,970.9637
13895,970.9699
13896,970.9642
13897,970.9648
13898,970.9708
13899,970.9659
13900,970.9654
13901,970.9722
13902,970.9785
13903,970.9727
13904,970.9733
13905,970.9738
13906,970.9809
13907,970.9744
13908,970.9823
13909,970.9749
13910,970.9754
13911,970.9759
13912,970.9860
13913,970.9836
13914,970.9764
13915,970.9770
13916,970.9846
13917,970.9774
13918,970.9791
13919,973.9753
13920,970.9795
13921,973.9742
13922,973.9769
13923,973.9709
13924,973.9716
13925,973.9720
13926,973.9778
13927,973.9787
13928,973.9798
13929,973.9808
13930,973.9836
13931,973.9818
13932,973.9725
13933,973.9827
13934,973.9731
13935,973.9886
13936,973.9876
13937,973.9759
13938,973.9929
13939,973.9900
13940,973.9842
13941,973.9939
13942,973.9949
13943,973.9846
13944,973.9851
13945,973.9911
13946,973.9920
13947,973.9856
13948,973.9960
13949,973.9861
13950,973.9866
13951,974.0007
13952,973.9998
13953,973.9890
13954,973.9965
13955,974.0027
13956,973.9969
13957,973.9975
13958,973.9979
13959,973.9984
13960,974.0036
13961,973.9988
13962,974.0045
13963,974.0054
13964,974.0063
13965,974.0072
13966,974.0081
13967,974.0012
13968,974.0110
13969,974.0119
13970,974.0018
13971,977.3917
13972,974.0087
13973,977.3928
13974,977.3938
13975,974.0092
13976,977.3948
13977,977.3958
13978,977.3971
13979,977.3980
13980,977.3990
13981,977.3999
13982,974.0096
13983,974.0101
13984,974.0124
13985,974.0129
13986,977.4060
13987,977.4004
13988,977.4009
13989,977.4014
13990,977.4100
13991,977.4019
13992,977.4110
13993,977.4024
13994,977.4080
13995,977.4028
13996,977.4033
13997,977.4119
13998,977.4038
13999,977.4091
14000,977.4042
14001,977.4048
14002,977.4163
14003,977.4065
14004,977.4172
14005,977.4070
14006,977.4197
14007,977.4206
14008,977.4124
14009,977.4129
14010,977.4133
14011,977.4139
14012,977.4144
14013,977.4149
14014,977.4215
14015,977.4225
14016,977.4187
14017,977.4154
14018,977.4271
14019,977.4283
14020,977.4294
14021,977.4178
14022,977.4230
14023,977.4236
14024,977.4328
14025,977.4337
14026,977.4346
14027,977.4356
14028,977.4240
14029,977.4252
14030,977.4257
14031,977.4261
14032,977.4246
14033,977.4318
14034,980.6657
14035,977.4298
14036,980.6672
14037,977.4304
14038,980.6682
14039,980.6692
14040,977.4366
14041,977.4370
14042,980.6735
14043,980.6745
14044,980.6755
14045,977.4375
14046,977.4380
14047,980.6764
14048,980.6725
14049,977.4384
14050,980.6789
14051,980.6799
14052,980.6809
14053,980.6698
14054,980.6818
14055,980.6828
14056,980.6705
14057,980.6714
14058,980.6769
14059,980.6875
14060,980.6885
14061,980.6894
14062,980.6903
14063,980.6774
14064,980.6860
14065,980.6780
14066,980.6940
14067,980.6963
14068,980.6972
14069,980.6981
14070,980.6833
14071,980.6839
14072,980.6845
14073,980.6953
14074,980.6849
14075,980.7026
14076,980.7036
14077,980.6909
14078,980.6915
14079,980.6931
14080,980.2149
14081,980.2053
14082,980.2184
14083,980.2193
14084,980.2203
14085,980.2119
14086,980.2224
14087,980.2127
14088,980.2133
14089,980.2213
14090,980.2138
14091,980.2288
14092,980.2297
14093,980.2307
14094,980.2173
14095,980.2320
14096,980.2267
14097,980.2278
14098,980.2229
14099,980.2236
14100,980.2242
14101,983.3941
14102,980.2246
14103,980.2252
14104,983.3952
14105,983.3967
14106,980.2256
14107,983.4034
14108,983.4044
14109,983.4053
14110,983.3930
14111,983.4063
14112,983.3914
14113,983.3924
14114,983.4015
14115,983.4073
14116,983.4025
14117,983.3974
14118,983.3980
14119,983.3986
14120,983.3993
14121,983.3999
14122,983.4004
14123,983.4126
14124,983.4078
14125,983.4169
14126,983.4180
14127,983.4083
14128,983.4089
14129,983.4189
14130,983.4096
14131,983.4102
14132,983.4108
14133,983.4149
14134,983.4202
14135,983.4160
14136,983.4211
14137,983.4220
14138,983.4113
14139,983.4132
14140,983.4137
14141,983.4226
14142,983.4287
14143,983.4232
14144,983.4310
14145,983.4321
14146,983.4330
14147,983.4238
14148,983.4244
14149,983.4251
14150,983.4339
14151,983.4348
14152,983.4256
14153,983.4262
14154,983.4359
14155,983.4267
14156,983.4370
14157,983.4278
14158,983.4293
14159,983.4299
14160,983.4376
14161,986.5546
14162,983.4380
14163,983.4386
14164,986.5611
14165,986.5580
14166,986.5589
14167,983.4392
14168,983.4397
14169,986.5505
14170,986.5620
14171,986.5514
14172,986.5521
14173,986.5528
14174,986.5602
14175,986.5533
14176,986.5569
14177,986.5671
14178,986.5553
14179,986.5559
14180,986.5692
14181,986.5627
14182,986.5707
14183,986.5717
14184,986.5633
14185,986.5640
14186,986.5645
14187,986.5727
14188,986.5650
14189,986.5737
14190,986.5656
14191,986.5662
14192,986.5682
14193,986.5780
14194,986.5790
14195,986.5799
14196,986.5808
14197,986.5817
14198,986.5827
14199,986.5741
14200,986.5746
14201,986.5751
14202,986.5755
14203,986.5761
14204,986.5836
14205,986.5845
14206,986.5771
14207,986.5856
14208,986.5766
14209,986.5904
14210,989.7004
14211,986.5913
14212,986.5862
14213,986.5867
14214,986.5871
14215,986.5876
14216,989.6960
14217,989.6970
14218,989.6979
14219,986.5881
14220,989.7029
14221,986.5885
14222,986.5895
14223,989.6987
14224,986.5890
14225,989.6995
14226,989.7008
14227,989.7012
14228,989.7055
14229,989.7016
14230,989.7064
14231,989.7021
14232,989.7071
14233,989.7080
14234,989.7087
14235,989.7095
14236,989.7136
14237,989.7034
14238,989.7144
14239,989.7038
14240,989.7118
14241,989.7042
14242,989.7128
14243,989.7046
14244,989.7098
14245,993.0531
14246,993.0541
14247,989.7102
14248,993.0498
14249,989.7107
14250,993.0511
14251,993.0521
14252,993.0580
14253,989.7148
14254,989.7152
14255,993.0590
14256,989.7156
14257,989.7162
14258,993.0616
14259,989.7166
14260,993.0570
14261,993.0547
14262,993.0626
14263,993.0635
14264,993.0552
14265,993.0645
14266,993.0557
14267,993.0654
14268,993.0595
14269,993.0600
14270,993.0715
14271,993.0606
14272,993.0695
14273,993.0705
14274,993.0746
14275,993.0659
14276,993.0664
14277,993.0670
14278,993.0755
14279,993.0675
14280,993.0765
14281,993.0831
14282,993.0787
14283,993.0681
14284,993.0686
14285,993.0776
14286,993.0720
14287,993.0736
14288,993.0726
14289,993.0731
14290,993.0795
14291,993.0885
14292,993.0800
14293,993.0898
14294,993.0805
14295,993.0909
14296,993.0821
14297,995.9305
14298,993.0848
14299,993.0853
14300,993.0857
14301,995.9315
14302,993.0867
14303,995.9325
14304,993.0875
14305,995.9284
14306,995.9294
14307,995.9254
14308,995.9263
14309,995.9375
14310,995.9384
14311,995.9269
14312,995.9274
14313,995.9422
14314,995.9331
14315,995.9337
14316,995.9432
14317,995.9342
14318,995.9442
14319,995.9452
14320,995.9347
14321,995.9411
14322,995.9353
14323,995.9358
14324,995.9363
14325,995.9390
14326,995.9496
14327,995.9395
14328,995.9400
14329,995.9457
14330,995.9548
14331,995.9562
14332,995.9572
14333,995.9581
14334,995.9591
14335,995.9601
14336,995.4529
14337,995.4592
14338,995.4603
14339,995.4536
14340,995.4546
14341,995.4552
14342,995.4566
14343,995.4570
14344,995.4576
14345,995.4581
14346,998.6298
14347,995.4706
14348,998.6309
14349,995.4672
14350,995.4676
14351,998.6319
14352,998.6237
14353,998.6251
14354,998.6262
14355,998.6277
14356,995.4681
14357,998.6331
14358,995.4686
14359,998.6341
14360,995.4692
14361,998.6287
14362,998.6346
14363,998.6353
14364,998.6359
14365,998.6464
14366,998.6364
14367,998.6474
14368,998.6486
14369,998.6422
14370,998.6434
14371,998.6412
14372,998.6496
14373,998.6370
14374,998.6445
14375,998.6376
14376,998.6454
14377,998.6382
14378,998.6388
14379,998.6394
14380,998.6400
14381,998.6559
14382,998.6625
14383,998.6500
14384,998.6508
14385,998.6514
14386,998.6576
14387,998.6586
14388,998.6519
14389,998.6525
14390,998.6530
14391,998.6595
14392,998.6536
14393,998.6541
14394,998.6547
14395,998.6605
14396,998.6616
14397,998.6565
14398,998.6631
14399,998.6675
14400,998.6635
14401,1001.7599
14402,998.6641
14403,1001.7662
14404,998.6647
14405,998.6652
14406,1001.7672
14407,1001.7681
14408,1001.7615
14409,998.6657
14410,998.6665
14411,1001.7625
14412,1001.7634
14413,1001.7644
14414,1001.7653
14415,1001.7584
14416,1001.7726
14417,1001.7736
14418,1001.7745
14419,1001.7754
14420,1001.7763
14421,1001.7687
14422,1001.7773
14423,1001.7782
14424,1001.7792
14425,1001.7693
14426,1001.7801
14427,1001.7699
14428,1001.7705
14429,1001.7710
14430,1001.7810
14431,1001.7715
14432,1001.7880
14433,1001.7816
14434,1001.7893
14435,1001.7913
14436,1001.7821
14437,1001.7827
14438,1001.7903
14439,1001.7832
14440,1001.7993
14441,1001.7838
14442,1001.7848
14443,1001.7928
14444,1001.7854
14445,1001.7859
14446,1001.7865
14447,1001.7870
14448,1001.7955
14449,1001.7884
14450,1001.7965
14451,1001.7934
14452,1001.7974
14453,1001.7939
14454,1001.7983
14455,1001.7945
14456,1005.0874
14457,1005.0921
14458,1005.0942
14459,1005.0952
14460,1005.1021
14461,1005.0963
14462,1005.0883
14463,1005.0890
14464,1005.0974
14465,1005.0984
14466,1005.0993
14467,1005.0895
14468,1005.1002
14469,1005.0905
14470,1005.1012
14471,1005.0932
14472,1005.0911
14473,1005.1083
14474,1005.1026
14475,1005.1107
14476,1005.1031
14477,1005.1116
14478,1005.1035
14479,1005.1127
14480,1005.1041
14481,1005.1097
14482,1005.1046
14483,1005.1050
14484,1005.1055
14485,1005.1059
14486,1005.1064
14487,1005.1069
14488,1005.1073
14489,1005.1174
14490,1005.1087
14491,1005.1131
14492,1005.1236
14493,1005.1136
14494,1005.1245
14495,1005.1141
14496,1005.1195
14497,1005.1145
14498,1005.1150
14499,1005.1205
14500,1005.1155
14501,1005.1160
14502,1005.1164
14503,1005.1214
14504,1005.1226
14505,1005.1179
14506,1007.9091
14507,1005.1185
14508,1005.1250
14509,1007.9187
14510,1007.9200
14511,1007.9209
14512,1007.9129
14513,1007.9138
14514,1005.1254
14515,1007.9148
14516,1007.9157
14517,1007.9218
14518,1005.6556
14519,1007.9167
14520,1007.9177
14521,1007.9228
14522,1007.9101
14523,1007.9107
14524,1007.9112
14525,1007.9233
14526,1007.9274
14527,1007.9238
14528,1007.9283
14529,1007.9244
14530,1007.9293
14531,1007.9250
14532,1007.9255
14533,1007.9302
14534,1007.9260
14535,1007.9264
14536,1007.9390
14537,1007.9314
14538,1007.9357
14539,1007.9325
14540,1007.9335
14541,1007.9344
14542,1007.9400
14543,1007.9409
14544,1007.9448
14545,1007.9361
14546,1007.9458
14547,1007.9367
14548,1007.9372
14549,1007.9376
14550,1007.9467
14551,1007.9381
14552,1007.9414
14553,1011.2078
14554,1011.2089
14555,1007.9420
14556,1007.9424
14557,1007.9429
14558,1007.9434
14559,1007.9438
14560,1011.2129
14561,1011.2160
14562,1007.9476
14563,1011.2050
14564,1011.2057
14565,1011.2141
14566,1011.2150
14567,1011.2062
14568,1011.2068
14569,1011.2094
14570,1011.2099
14571,1011.2104
14572,1011.2109
14573,1011.2114
14574,1011.2118
14575,1011.2210
14576,1011.2165
14577,1011.2225
14578,1011.2170
14579,1011.2278
14580,1011.2236
14581,1011.2248
14582,1011.2260
14583,1011.2174
14584,1011.2181
14585,1011.2186
14586,1011.2191
14587,1011.2195
14588,1011.2269
14589,1011.2200
14590,1011.2288
14591,1011.2215
14592,1010.7409
14593,1010.7459
14594,1010.7427
14595,1010.7439
14596,1010.7470
14597,1010.7377
14598,1010.7383
14599,1010.7449
14600,1010.7387
14601,1010.7394
14602,1010.7482
14603,1010.7497
14604,1010.7508
14605,1010.7398
14606,1010.7550
14607,1010.7519
14608,1010.7418
14609,1010.7524
14610,1013.6500
14611,1013.6511
14612,1010.7530
14613,1013.6522
14614,1013.6532
14615,1013.6554
14616,1013.6544
14617,1013.6570
14618,1013.6579
14619,1013.6589
14620,1010.7535
14621,1010.7541
14622,1013.6659
14623,1013.6482
14624,1013.6649
14625,1013.6490
14626,1013.6686
14627,1013.6594
14628,1013.6707
14629,1013.6600
14630,1013.6606
14631,1013.6611
14632,1013.6717
14633,1013.6622
14634,1013.6617
14635,1013.6695
14636,1013.6627
14637,1013.6633
14638,1013.6764
14639,1013.6670
14640,1013.6664
14641,1013.6675
14642,1013.6722
14643,1013.6727
14644,1013.6731
14645,1013.6736
14646,1017.1254
14647,1017.1274
14648,1017.1297
14649,1013.6742
14650,1013.6748
14651,1017.1287
14652,1017.1310
14653,1013.6754
14654,1017.1372
14655,1017.1382
14656,1013.6770
14657,1017.1343
14658,1013.6776
14659,1017.1353
14660,1013.6781
14661,1017.1363
14662,1017.1316
14663,1017.1322
14664,1017.1507
14665,1017.1434
14666,1017.1464
14667,1017.1445
14668,1017.1455
14669,1017.1328
14670,1017.1388
14671,1017.1400
14672,1017.1394
14673,1017.1474
14674,1017.1483
14675,1017.1405
14676,1017.1493
14677,1017.1411
14678,1017.1422
14679,1017.1516
14680,1017.1569
14681,1017.1626
14682,1017.1523
14683,1017.1636
14684,1017.1645
14685,1017.1529
14686,1017.1535
14687,1017.1677
14688,1017.1587
14689,1017.1541
14690,1017.1547
14691,1017.1553
14692,1017.1597
14693,1017.1606
14694,1017.1617
14695,1017.1559
14696,1017.1575
14697,1017.1650
14698,1017.1655
14699,1017.1660
14700,1020.3876
14701,1020.3886
14702,1017.1666
14703,1020.3974
14704,1017.1683
14705,1020.3914
14706,1017.1690
14707,1020.3924
14708,1020.3934
14709,1020.3943
14710,1020.3847
14711,1020.3855
14712,1020.3861
14713,1020.3952
14714,1020.3866
14715,1020.3962
14716,1020.3893
14717,1020.3898
14718,1020.3902
14719,1020.3979
14720,1020.4034
14721,1020.3984
14722,1020.3989
14723,1020.3995
14724,1020.3999
14725,1020.4004
14726,1020.4009
14727,1020.4058
14728,1020.4070
14729,1020.4013
14730,1020.4107
14731,1020.4079
14732,1020.4018
14733,1020.4089
14734,1020.4098
14735,1020.4023
14736,1020.4137
14737,1020.4147
14738,1020.4157
14739,1020.4039
14740,1020.4166
14741,1020.4044
14742,1020.4049
14743,1020.4191
14744,1020.4201
14745,1020.4112
14746,1020.4210
14747,1020.4117
14748,1020.4219
14749,1020.4121
14750,1020.4126
14751,1020.4229
14752,1020.4265
14753,1020.4274
14754,1020.4172
14755,1020.4177
14756,1020.4283
14757,1020.4181
14758,1020.4293
14759,1020.4234
14760,1023.8816
14761,1023.8826
14762,1020.4239
14763,1020.4244
14764,1023.8836
14765,1020.4249
14766,1020.4254
14767,1023.8845
14768,1023.8804
14769,1023.8887
14770,1023.8938
14771,1023.8898
14772,1023.8951
14773,1023.8910
14774,1023.8919
14775,1023.8928
14776,1023.8985
14777,1023.8851
14778,1023.8857
14779,1023.8995
14780,1023.8862
14781,1023.9004
14782,1023.8872
14783,1023.9014
14784,1023.8878
14785,1023.8956
14786,1023.8961
14787,1023.9063
14788,1023.8965
14789,1023.8971
14790,1023.9072
14791,1023.8976
14792,1023.9118
14793,1023.9018
14794,1023.9109
14795,1023.9029
14796,1023.9034
14797,1023.9038
14798,1023.9043
14799,1023.9128
14800,1023.9048
14801,1023.9096
14802,1023.9053
14803,1023.9161
14804,1023.9077
14805,1023.9082
14806,1023.9171
14807,1023.9087
14808,1023.9133
14809,1023.9137
14810,1023.9142
14811,1023.9219
14812,1023.9229
14813,1023.9238
14814,1023.9147
14815,1023.9247
14816,1023.9200
14817,1023.9209
14818,1023.9152
14819,1026.4835
14820,1023.9176
14821,1023.9181
14822,1026.4846
14823,1026.4869
14824,1023.9185
14825,1023.9190
14826,1026.4857
14827,1026.4909
14828,1023.9252
14829,1026.4919
14830,1026.4928
14831,1026.4825
14832,1026.4813
14833,1026.4819
14834,1026.4899
14835,1026.4959
14836,1026.4874
14837,1026.4879
14838,1026.4978
14839,1026.4883
14840,1026.4968
14841,1026.4987
14842,1026.4888
14843,1026.5042
14844,1026.4933
14845,1026.4937
14846,1026.4942
14847,1026.5052
14848,1025.9960
14849,1026.0034
14850,1026.0046
14851,1026.0005
14852,1026.0009
14853,1026.0014
14854,1026.0166
14855,1026.0018
14856,1026.0023
14857,1026.0084
14858,1026.0093
14859,1026.0175
14860,1026.0070
14861,1026.0185
14862,1026.0194
14863,1026.0075
14864,1026.0103
14865,1026.0112
14866,1026.0123
14867,1026.0134
14868,1026.0144
14869,1026.0155
14870,1026.0199
14871,1029.5085
14872,1026.0204
14873,1026.0208
14874,1029.5167
14875,1026.0214
14876,1026.0218
14877,1029.5126
14878,1026.0233
14879,1029.5136
14880,1029.5146
14881,1026.0223
14882,1029.5103
14883,1029.5155
14884,1026.0237
14885,1029.5116
14886,1026.0228
14887,1029.5215
14888,1029.5225
14889,1029.5091
14890,1029.5287
14891,1029.5173
14892,1029.5178
14893,1029.5297
14894,1029.5199
14895,1029.5205
14896,1029.5184
14897,1029.5189
14898,1029.5249
14899,1029.5195
14900,1029.5259
14901,1029.5268
14902,1029.5277
14903,1029.5230
14904,1029.5237
14905,1029.5354
14906,1029.5302
14907,1029.5420
14908,1029.5309
14909,1029.5431
14910,1029.5315
14911,1029.5321
14912,1029.5377
14913,1029.5325
14914,1029.5330
14915,1029.5335
14916,1029.5391
14917,1029.5340
14918,1029.5401
14919,1029.5345
14920,1029.5411
14921,1029.5360
14922,1029.5367
14923,1029.5463
14924,1029.5436
14925,1029.5442
14926,1032.4743
14927,1032.4753
14928,1029.5447
14929,1032.4721
14930,1029.5453
14931,1032.4732
14932,1032.4759
14933,1032.4811
14934,1032.4765
14935,1032.4771
14936,1032.4856
14937,1032.4867
14938,1032.4876
14939,1032.4886
14940,1032.4777
14941,1032.4783
14942,1032.4788
14943,1032.4895
14944,1032.4828
14945,1032.4837
14946,1032.4846
14947,1032.4793
14948,1032.4799
14949,1032.4817
14950,1032.4936
14951,1032.4946
14952,1032.4970
14953,1032.4900
14954,1032.4980
14955,1032.4906
14956,1032.4989
14957,1032.4999
14958,1032.5011
14959,1032.5020
14960,1032.4912
14961,1032.5030
14962,1032.4917
14963,1032.4927
14964,1032.4960
14965,1032.5040
14966,1032.4950
14967,1032.5097
14968,1032.5046
14969,1032.5134
14970,1032.5163
14971,1032.5051
14972,1032.5057
14973,1032.5073
14974,1032.5145
14975,1032.5154
14976,1032.5063
14977,1032.5068
14978,1032.5077
14979,1032.5082
14980,1032.5112
14981,1032.5123
14982,1032.5088
14983,1035.6358
14984,1032.5102
14985,1032.5168
14986,1032.5173
14987,1032.5177
14988,1035.6386
14989,1035.6396
14990,1035.6436
14991,1035.6407
14992,1035.6417
14993,1035.6427
14994,1035.6327
14995,1035.6336
14996,1035.6376
14997,1035.6342
14998,1035.6347
14999,1035.6364
15000,1040.5798
15001,1040.5806
15002,1040.5864
15003,1040.5812
15004,1040.5817
15005,1040.5927
15006,1040.5822
15007,1040.5827
15008,1040.5887
15009,1040.5832
15010,1040.5897
15011,1040.5949
15012,1040.5908
15013,1040.5838
15014,1040.5918
15015,1040.5842
15016,1040.5847
15017,1040.5853
15018,1040.5869
15019,1040.5873
15020,1040.5878
15021,1044.0981
15022,1044.0994
15023,1044.1005
15024,1044.1014
15025,1040.5932
15026,1040.5937
15027,1040.5954
15028,1044.1030
15029,1040.5959
15030,1044.1040
15031,1044.1049
15032,1044.1059
15033,1040.5965
15034,1040.5971
15035,1044.1068
15036,1040.5976
15037,1044.1114
15038,1044.1124
15039,1044.1133
15040,1044.1093
15041,1044.1146
15042,1044.1105
15043,1044.1020
15044,1044.1178
15045,1044.1187
15046,1044.1074
15047,1044.1079
15048,1044.1196
15049,1044.1205
15050,1044.1215
15051,1044.1083
15052,1044.1224
15053,1044.1151
15054,1044.1263
15055,1044.1273
15056,1044.1157
15057,1044.1163
15058,1044.1168
15059,1044.1253
15060,1044.1297
15061,1044.1228
15062,1044.1233
15063,1044.1238
15064,1044.1326
15065,1044.1335
15066,1044.1243
15067,1044.1344
15068,1044.1307
15069,1044.1316
15070,1044.1387
15071,1044.1397
15072,1044.1378
15073,1044.1278
15074,1044.1283
15075,1044.1287
15076,1044.1349
15077,1044.1353
15078,1047.5854
15079,1044.1435
15080,1044.1358
15081,1044.1444
15082,1044.1363
15083,1044.1453
15084,1044.1462
15085,1044.1471
15086,1044.1407
15087,1044.1412
15088,1044.1401
15089,1044.1416
15090,1044.1421
15091,1047.5830
15092,1044.1425
15093,1047.5843
15094,1047.5907
15095,1047.5860
15096,1047.5954
15097,1047.5983
15098,1047.5866
15099,1047.5923
15100,1047.5933
15101,1047.5871
15102,1047.5964
15103,1047.5876
15104,1047.0953
15105,1047.0959
15106,1047.0964
15107,1047.1045
15108,1047.0969
15109,1047.1016
15110,1047.1124
15111,1047.1134
15112,1047.1162
15113,1047.1171
15114,1047.1060
15115,1047.1069
15116,1047.1074
15117,1047.1085
15118,1047.1090
15119,1047.1094
15120,1047.1079
15121,1047.1099
15122,1047.1104
15123,1047.1108
15124,1047.1151
15125,1047.1113
15126,1047.1138
15127,1047.1227
15128,1047.1176
15129,1047.1181
15130,1047.1185
15131,1047.1190
15132,1050.3257
15133,1047.1195
15134,1050.3268
15135,1050.3277
15136,1050.3288
15137,1050.3170
15138,1047.1200
15139,1047.1206
15140,1047.1212
15141,1050.3298
15142,1050.3184
15143,1050.3343
15144,1047.1232
15145,1050.3358
15146,1047.1237
15147,1047.1243
15148,1050.3417
15149,1050.3430
15150,1050.3305
15151,1050.3311
15152,1050.3386
15153,1050.3396
15154,1050.3317
15155,1050.3323
15156,1050.3329
15157,1050.3405
15158,1050.3333
15159,1050.3364
15160,1050.3487
15161,1050.3369
15162,1050.3375
15163,1050.3498
15164,1050.3436
15165,1050.3442
15166,1050.3447
15167,1050.3456
15168,1050.3451
15169,1050.3538
15170,1050.3548
15171,1050.3460
15172,1050.3466
15173,1050.3472
15174,1050.3477
15175,1050.3558
15176,1050.3503
15177,1050.3508
15178,1050.3567
15179,1050.3514
15180,1050.3582
15181,1050.3592
15182,1050.3519
15183,1050.3601
15184,1050.3526
15185,1050.3629
15186,1050.3643
15187,1050.3652
15188,1050.3665
15189,1050.3674
15190,1050.3684
15191,1050.9043
15192,1050.9030
15193,1050.9055
15194,1050.3607
15195,1053.5497
15196,1053.5510
15197,1053.5520
15198,1050.3614
15199,1053.5606
15200,1050.3620
15201,1050.3691
15202,1050.3696
15203,1053.5547
15204,1050.3705
15205,1053.5558
15206,1053.5568
15207,1053.5578
15208,1053.5588
15209,1053.5597
15210,1050.9061
15211,1053.5662
15212,1053.5527
15213,1053.5672
15214,1053.5533
15215,1053.5612
15216,1053.5702
15217,1053.5618
15218,1053.5713
15219,1053.5725
15220,1053.5624
15221,1053.5630
15222,1053.5636
15223,1053.5643
15224,1053.5648
15225,1053.5653
15226,1053.5734
15227,1053.5677
15228,1053.5754
15229,1053.5683
15230,1053.5763
15231,1053.5688
15232,1053.5778
15233,1053.5739
15234,1053.5789
15235,1053.5800
15236,1053.5744
15237,1053.5809
15238,1053.5848
15239,1053.5819
15240,1053.5829
15241,1053.5838
15242,1053.5857
15243,1053.5866
15244,1053.5913
15245,1053.5922
15246,1054.0969
15247,1053.5769
15248,1053.5871
15249,1053.5876
15250,1053.5880
15251,1053.5885
15252,1054.0924
15253,1053.5890
15254,1053.5894
15255,1053.5899
15256,1054.0939
15257,1053.5904
15258,1054.0949
15259,1054.0958
15260,1054.0909
15261,1056.6560
15262,1056.6495
15263,1056.6503
15264,1056.6580
15265,1056.6509
15266,1056.6514
15267,1056.6592
15268,1056.6520
15269,1056.6525
15270,1056.6601
15271,1056.6530
15272,1056.6535
15273,1056.6610
15274,1056.6540
15275,1056.6545
15276,1056.6549
15277,1056.6640
15278,1056.6565
15279,1056.6571
15280,1056.6615
15281,1056.6620
15282,1056.6655
15283,1056.6665
15284,1056.6674
15285,1056.6683
15286,1056.6692
15287,1056.6702
15288,1056.6624
15289,1056.6630
15290,1056.6711
15291,1056.6732
15292,1056.6721
15293,1056.6780
15294,1056.6789
15295,1056.6798
15296,1056.6770
15297,1056.6645
15298,1056.6869
15299,1056.6738
15300,1056.6743
15301,1056.6830
15302,1056.6839
15303,1056.6748
15304,1056.6753
15305,1056.6850
15306,1056.6859
15307,1056.6758
15308,1056.6878
15309,1056.6804
15310,1056.6808
15311,1056.6819
15312,1056.6814
15313,1057.3643
15314,1060.0946
15315,1057.3598
15316,1060.0960
15317,1060.0971
15318,1057.3609
15319,1057.3615
15320,1060.0981
15321,1060.0991
15322,1060.1001
15323,1057.3621
15324,1057.3627
15325,1060.1010
15326,1060.1020
15327,1060.1029
15328,1060.1038
15329,1060.1082
15330,1060.1043
15331,1060.1048
15332,1060.1053
15333,1060.1058
15334,1060.1126
15335,1060.1136
15336,1060.1145
15337,1060.1062
15338,1060.1199
15339,1060.1176
15340,1060.1156
15341,1060.1166
15342,1060.1067
15343,1060.1072
15344,1060.1117
15345,1060.1087
15346,1060.1092
15347,1060.1097
15348,1060.1101
15349,1060.1106
15350,1060.1180
15351,1060.1252
15352,1060.1185
15353,1060.1190
15354,1060.1204
15355,1060.1209
15356,1060.1214
15357,1060.1218
15358,1060.1307
15359,1060.1326
15360,1059.6067
15361,1059.6129
15362,1059.6074
15363,1059.6080
15364,1059.6160
15365,1059.6086
15366,1059.6141
15367,1060.2306
15368,1060.2327
15369,1059.6102
15370,1059.6112
15371,1060.2339
15372,1060.2316
15373,1059.6118
15374,1059.6174
15375,1060.2279
15376,1062.3637
15377,1062.3594
15378,1060.2288
15379,1062.3607
15380,1062.3618
15381,1062.3627
15382,1060.2295
15383,1060.2345
15384,1060.2350
15385,1062.3664
15386,1060.2355
15387,1062.3674
15388,1062.3687
15389,1062.3698
15390,1060.2365
15391,1060.2372
15392,1062.3731
15393,1062.3643
15394,1062.3745
15395,1062.3758
15396,1062.3648
15397,1062.3770
15398,1062.3781
15399,1062.3793
15400,1062.3654
15401,1062.3844
15402,1062.3705
15403,1062.3855
15404,1062.3870
15405,1062.3712
15406,1062.3719
15407,1062.3879
15408,1062.3800
15409,1062.3807
15410,1062.3813
15411,1062.3927
15412,1062.3819
15413,1062.3936
15414,1062.3826
15415,1062.3833
15416,1062.3945
15417,1062.3885
15418,1065.7005
15419,1062.3891
15420,1062.3896
15421,1065.7015
15422,1062.3901
15423,1065.7025
15424,1062.3906
15425,1062.3912
15426,1062.3916
15427,1065.6964
15428,1065.6973
15429,1065.6978
15430,1065.7067
15431,1065.6983
15432,1065.6989
15433,1065.6994
15434,1065.7029
15435,1065.7144
15436,1065.7035
15437,1065.7153
15438,1065.7040
15439,1065.7046
15440,1065.7102
15441,1065.7113
15442,1065.7123
15443,1065.7051
15444,1065.7133
15445,1065.7057
15446,1065.7072
15447,1065.7078
15448,1065.7201
15449,1065.7084
15450,1065.7090
15451,1065.7233
15452,1065.7243
15453,1065.7158
15454,1065.7253
15455,1065.7262
15456,1065.7213
15457,1065.7164
15458,1065.7170
15459,1065.7175
15460,1065.7222
15461,1065.7181
15462,1065.7186
15463,1065.7191
15464,1065.7299
15465,1065.7311
15466,1065.7321
15467,1065.7379
15468,1065.7268
15469,1065.7389
15470,1065.7398
15471,1065.7279
15472,1065.7273
15473,1065.7284
15474,1065.7350
15475,1065.7359
15476,1065.7407
15477,1065.7290
15478,1065.7417
15479,1065.7369
15480,1065.7327
15481,1065.7333
15482,1065.7338
15483,1068.9510
15484,1068.9474
15485,1068.9482
15486,1068.9571
15487,1068.9583
15488,1068.9521
15489,1068.9593
15490,1068.9602
15491,1068.9489
15492,1068.9532
15493,1068.9495
15494,1068.9541
15495,1068.9611
15496,1068.9621
15497,1068.9552
15498,1068.9561
15499,1068.9663
15500,1068.9672
15501,1068.9681
15502,1068.9715
15503,1068.9752
15504,1068.9626
15505,1068.9724
15506,1068.9633
15507,1068.9697
15508,1068.9638
15509,1068.9644
15510,1068.9734
15511,1068.9649
15512,1068.9654
15513,1068.9743
15514,1068.9706
15515,1068.9793
15516,1068.9802
15517,1068.9686
15518,1068.9849
15519,1068.9858
15520,1068.9828
15521,1068.9868
15522,1068.9758
15523,1068.9878
15524,1068.9887
15525,1068.9763
15526,1068.9768
15527,1068.9773
15528,1068.9777
15529,1068.9782
15530,1068.9840
15531,1068.9807
15532,1068.9817
15533,1072.2264
15534,1068.9891
15535,1068.9902
15536,1068.9896
15537,1072.2278
15538,1068.9907
15539,1068.9912
15540,1072.2288
15541,1068.9916
15542,1068.9921
15543,1072.2299
15544,1068.9926
15545,1072.2319
15546,1068.9930
15547,1072.2333
15548,1072.2310
15549,1072.2381
15550,1072.2390
15551,1072.2400
15552,1072.2372
15553,1072.2339
15554,1072.2345
15555,1072.2418
15556,1072.2351
15557,1072.2355
15558,1072.2360
15559,1072.2428
15560,1072.2468
15561,1072.2440
15562,1072.2449
15563,1072.2477
15564,1072.2459
15565,1072.2529
15566,1072.2539
15567,1072.2548
15568,1072.2510
15569,1072.2405
15570,1072.2519
15571,1072.2613
15572,1072.2624
15573,1072.2482
15574,1072.2487
15575,1072.2574
15576,1072.2584
15577,1072.2493
15578,1072.2498
15579,1072.2594
15580,1072.2604
15581,1072.2667
15582,1072.2553
15583,1072.2676
15584,1072.2558
15585,1072.2658
15586,1072.2563
15587,1072.2629
15588,1072.2633
15589,1072.2638
15590,1072.2643
15591,1072.8638
15592,1072.8652
15593,1072.8691
15594,1072.8668
15595,1072.2647
15596,1072.8681
15597,1072.2681
15598,1072.2692
15599,1075.0877
15600,1072.2686
15601,1075.0854
15602,1075.0917
15603,1075.0889
15604,1075.0866
15605,1075.0899
15606,1072.2698
15607,1075.0927
15608,1075.0936
15609,1075.0947
15610,1075.0823
15611,1075.0956
15612,1075.0831
15613,1075.0838
15614,1075.0843
15615,1075.1005
15616,1074.5882
15617,1074.5791
15618,1074.5907
15619,1074.5847
15620,1074.5920
15621,1074.5930
15622,1074.5853
15623,1074.5941
15624,1074.5859
15625,1074.5952
15626,1074.5865
15627,1074.5870
15628,1074.5961
15629,1074.5978
15630,1074.5988
15631,1074.6044
15632,1074.5897
15633,1074.6034
15634,1074.5994
15635,1074.6081
15636,1074.6120
15637,1074.6091
15638,1074.5999
15639,1074.6101
15640,1074.6004
15641,1074.6010
15642,1074.6015
15643,1074.6020
15644,1074.6110
15645,1074.6024
15646,1074.6071
15647,1074.6049
15648,1074.6056
15649,1074.6062
15650,1075.3102
15651,1074.6131
15652,1074.6136
15653,1078.0082
15654,1074.6141
15655,1074.6146
15656,1074.6151
15657,1078.0096
15658,1074.6156
15659,1078.0108
15660,1074.6162
15661,1078.0214
15662,1078.0118
15663,1078.0128
15664,1074.6167
15665,1074.6173
15666,1078.0155
15667,1078.0165
15668,1075.3112
15669,1078.0134
15670,1078.0224
15671,1078.0174
15672,1078.0183
15673,1078.0140
15674,1078.0193
15675,1078.0146
15676,1078.0202
15677,1078.0261
15678,1078.0228
15679,1078.0325
15680,1078.0277
15681,1078.0287
15682,1078.0335
15683,1078.0235
15684,1078.0240
15685,1078.0246
15686,1078.0250
15687,1078.0345
15688,1078.0354
15689,1078.0297
15690,1078.0306
15691,1078.0364
15692,1078.0316
15693,1078.0266
15694,1078.0403
15695,1078.5281
15696,1078.5201
15697,1078.5216
15698,1078.0370
15699,1078.5226
15700,1078.5291
15701,1078.0376
15702,1078.5237
15703,1081.2110
15704,1078.0382
15705,1078.0388
15706,1078.5249
15707,1078.5260
15708,1078.5270
15709,1078.0394
15710,1081.2055
15711,1078.5298
15712,1081.2070
15713,1081.2081
15714,1081.2091
15715,1078.5304
15716,1081.2100
15717,1078.5310
15718,1078.5316
15719,1081.2167
15720,1081.2239
15721,1081.2206
15722,1081.2265
15723,1081.2117
15724,1081.2124
15725,1081.2130
15726,1081.2134
15727,1081.2218
15728,1081.2227
15729,1081.2139
15730,1081.2185
15731,1081.2146
15732,1081.2152
15733,1081.2195
15734,1081.2158
15735,1081.2173
15736,1081.2250
15737,1081.2256
15738,1081.2270
15739,1081.2321
15740,1081.2275
15741,1081.2280
15742,1081.2285
15743,1081.5674
15744,1081.2289
15745,1081.5690
15746,1081.5631
15747,1081.5641
15748,1081.2295
15749,1081.2300
15750,1081.2305
15751,1081.5699
15752,1081.2311
15753,1081.5651
15754,1081.5663
15755,1081.5611
15756,1084.3006
15757,1081.5620
15758,1084.3016
15759,1084.2907
15760,1084.2915
15761,1084.3032
15762,1084.3042
15763,1084.3052
15764,1084.2982
15765,1084.3061
15766,1084.2989
15767,1084.3072
15768,1084.3103
15769,1084.3094
15770,1084.2996
15771,1084.3148
15772,1084.3160
15773,1084.3169
15774,1084.3287
15775,1084.3022
15776,1084.3129
15777,1084.3200
15778,1088.2696
15779,1084.3239
15780,1084.3248
15781,1084.3257
15782,1084.3108
15783,1084.3114
15784,1084.3267
15785,1084.3278
15786,1084.3218
15787,1084.3301
15788,1084.3174
15789,1084.3188
15790,1084.3292
15791,1088.2707
15792,1088.2674
15793,1088.2686
15794,1088.2712
15795,1088.2717
15796,1088.2771
15797,1088.2795
15798,1088.2723
15799,1088.2728
15800,1088.2733
15801,1088.2833
15802,1088.2738
15803,1088.2805
15804,1088.2743
15805,1088.2748
15806,1088.2814
15807,1088.2757
15808,1088.2753
15809,1088.2823
15810,1088.2762
15811,1088.2786
15812,1088.2776
15813,1088.2838
15814,1088.2902
15815,1088.2868
15816,1088.2843
15817,1088.2912
15818,1088.2848
15819,1088.2990
15820,1088.3000
15821,1088.3011
15822,1088.3041
15823,1088.2852
15824,1088.3022
15825,1088.3032
15826,1088.2879
15827,1088.2858
15828,1088.2888
15829,1088.3088
15830,1088.3046
15831,1088.3053
15832,1091.7015
15833,1088.3058
15834,1088.3063
15835,1091.7025
15836,1091.7053
15837,1091.7062
15838,1091.7036
15839,1088.3077
15840,1088.3067
15841,1088.3072
15842,1091.6982
15843,1091.6993
15844,1091.7003
15845,1091.7095
15846,1091.7105
15847,1088.3093
15848,1091.7152
15849,1091.7067
15850,1091.7164
15851,1091.7074
15852,1091.7173
15853,1091.7080
15854,1091.7183
15855,1091.7192
15856,1091.7121
15857,1091.7254
15858,1091.7133
15859,1091.7143
15860,1091.7086
15861,1091.7263
15862,1091.7245
15863,1091.7110
15864,1091.7197
15865,1091.7201
15866,1091.7206
15867,1091.7211
15868,1091.7221
15869,1091.7225
15870,1091.7230
15871,1091.7234
15872,1091.1452
15873,1091.1538
15874,1091.1505
15875,1091.1564
15876,1091.1509
15877,1091.1575
15878,1091.1584
15879,1091.1594
15880,1091.1515
15881,1091.1610
15882,1091.1621
15883,1091.1631
15884,1091.1520
15885,1091.1524
15886,1091.1529
15887,1091.1640
15888,1091.1555
15889,1091.1695
15890,1091.1543
15891,1091.1645
15892,1091.1649
15893,1094.0142
15894,1094.0120
15895,1094.0131
15896,1091.1654
15897,1091.1659
15898,1091.1663
15899,1094.0152
15900,1091.1668
15901,1091.1673
15902,1091.1678
15903,1091.1684
15904,1094.0109
15905,1091.1700
15906,1091.1705
15907,1091.1710
15908,1091.1714
15909,1094.0157
15910,1094.0199
15911,1094.0162
15912,1094.0244
15913,1094.0168
15914,1094.0174
15915,1094.0254
15916,1094.0263
15917,1094.0273
15918,1094.0179
15919,1094.0299
15920,1094.0215
15921,1094.0184
15922,1094.0190
15923,1094.0288
15924,1094.0225
15925,1094.0235
15926,1094.0206
15927,1094.0349
15928,1094.0304
15929,1094.0444
15930,1094.0310
15931,1094.0315
15932,1094.0420
15933,1094.0320
15934,1094.0429
15935,1094.0461
15936,1094.0379
15937,1094.0390
15938,1094.0325
15939,1094.0330
15940,1094.0335
15941,1094.0340
15942,1094.0406
15943,1094.0354
15944,1094.0365
15945,1094.0467
15946,1094.0544
15947,1094.0478
15948,1094.2041
15949,1094.2052
15950,1094.0490
15951,1094.2008
15952,1094.0498
15953,1094.0515
15954,1094.0520
15955,1097.2320
15956,1094.0525
15957,1094.0531
15958,1094.2019
15959,1094.2031
15960,1097.2397
15961,1094.1996
15962,1094.0549
15963,1097.2364
15964,1097.2328
15965,1097.2407
15966,1097.2416
15967,1097.2334
15968,1097.2376
15969,1097.2427
15970,1097.2340
15971,1097.2436
15972,1097.2347
15973,1097.2353
15974,1097.2386
15975,1097.2447
15976,1097.2452
15977,1097.2458
15978,1097.2462
15979,1097.2521
15980,1097.2474
15981,1097.2481
15982,1097.2485
15983,1097.2560
15984,1097.2572
15985,1097.2468
15986,1097.2491
15987,1097.2581
15988,1097.2590
15989,1097.2551
15990,1097.2601
15991,1097.2496
15992,1097.2501
15993,1097.2506
15994,1097.2512
15995,1097.2526
15996,1097.2531
15997,1097.2535
15998,1097.2540
15999,1097.4842
16000,1097.4852
16001,1097.4861
16002,1097.4871
16003,1097.4880
16004,1097.2606
16005,1097.2612
16006,1097.2618
16007,1097.2623
16008,1097.4891
16009,1097.4906
16010,1097.2628
16011,1097.4916
16012,1097.2638
16013,1097.4926
16014,1097.2644
16015,1100.2735
16016,1100.2665
16017,1100.2751
16018,1100.2760
16019,1100.2674
16020,1100.2680
16021,1100.2685
16022,1100.2691
16023,1100.2695
16024,1100.2700
16025,1100.2705
16026,1100.2770
16027,1100.2710
16028,1100.2714
16029,1100.2719
16030,1100.2724
16031,1100.2809
16032,1100.2741
16033,1100.2775
16034,1100.2824
16035,1100.2834
16036,1100.2882
16037,1100.2844
16038,1100.2853
16039,1100.2863
16040,1100.2780
16041,1100.2785
16042,1100.2892
16043,1100.2789
16044,1100.2872
16045,1100.2795
16046,1100.2800
16047,1100.2954
16048,1100.2814
16049,1100.2945
16050,1100.2975
16051,1100.2897
16052,1100.2902
16053,1100.2907
16054,1100.2912
16055,1100.3005
16056,1100.2916
16057,1100.2921
16058,1100.2926
16059,1100.2931
16060,1100.2984
16061,1100.2994
16062,1100.2935
16063,1100.2959
16064,1100.8356
16065,1100.2964
16066,1103.6892
16067,1100.8309
16068,1100.8316
16069,1100.8321
16070,1103.6902
16071,1100.8326
16072,1100.8331
16073,1103.6914
16074,1103.6945
16075,1100.8336
16076,1103.6926
16077,1100.8341
16078,1103.6935
16079,1100.8346
16080,1100.8363
16081,1103.7003
16082,1103.7012
16083,1103.6950
16084,1103.7022
16085,1103.6956
16086,1103.7051
16087,1103.6962
16088,1103.6967
16089,1103.6973
16090,1103.6978
16091,1103.7060
16092,1103.6988
16093,1103.7031
16094,1103.7041
16095,1103.6994
16096,1103.6984
16097,1103.7113
16098,1103.7132
16099,1103.7065
16100,1103.7070
16101,1104.2312
16102,1103.7142
16103,1103.7074
16104,1103.7080
16105,1103.7084
16106,1103.7089
16107,1103.7094
16108,1103.7151
16109,1103.7099
16110,1103.7104
16111,1103.7224
16112,1103.7123
16113,1103.7240
16114,1103.7230
16115,1104.2277
16116,1104.2297
16117,1104.2318
16118,1104.2325
16119,1106.8679
16120,1104.2330
16121,1104.2342
16122,1104.2346
16123,1104.2351
16124,1106.8723
16125,1106.8733
16126,1106.8754
16127,1104.2356
16128,1103.7455
16129,1106.3828
16130,1103.7465
16131,1103.7471
16132,1103.7485
16133,1106.3798
16134,1103.7490
16135,1106.3775
16136,1106.3878
16137,1106.3888
16138,1106.3781
16139,1106.3786
16140,1106.3921
16141,1106.3846
16142,1106.3934
16143,1106.3851
16144,1106.3857
16145,1106.3861
16146,1106.3945
16147,1106.3866
16148,1106.3911
16149,1106.3955
16150,1106.3966
16151,1106.4043
16152,1106.3893
16153,1106.4012
16154,1106.4021
16155,1106.3900
16156,1106.3972
16157,1106.3977
16158,1106.4083
16159,1106.4052
16160,1106.4061
16161,1106.4071
16162,1106.3981
16163,1106.3987
16164,1106.3991
16165,1106.4033
16166,1106.3996
16167,1109.6904
16168,1109.6914
16169,1109.6924
16170,1106.5791
16171,1109.6935
16172,1106.5804
16173,1109.6945
16174,1109.6954
16175,1106.5810
16176,1109.6964
16177,1106.5797
16178,1106.5816
16179,1109.6974
16180,1109.6987
16181,1109.6996
16182,1106.5821
16183,1109.7040
16184,1109.7050
16185,1109.7001
16186,1109.7085
16187,1109.7096
16188,1109.7105
16189,1109.7114
16190,1109.7007
16191,1109.7123
16192,1109.7134
16193,1109.7144
16194,1109.7076
16195,1109.7013
16196,1109.7019
16197,1109.7025
16198,1109.7031
16199,1109.7054
16200,1109.7060
16201,1109.7066
16202,1109.7196
16203,1109.7150
16204,1109.7207
16205,1109.7155
16206,1109.7161
16207,1109.7165
16208,1112.9280
16209,1109.7170
16210,1109.7176
16211,1112.9290
16212,1109.9602
16213,1112.9301
16214,1109.7181
16215,1109.9614
16216,1109.9624
16217,1109.7187
16218,1109.9630
16219,1112.9363
16220,1112.9377
16221,1112.9307
16222,1112.9388
16223,1112.9409
16224,1112.9313
16225,1112.9319
16226,1112.9324
16227,1112.9329
16228,1112.9399
16229,1112.9334
16230,1112.9342
16231,1112.9436
16232,1112.9348
16233,1112.9354
16234,1112.9445
16235,1112.9368
16236,1112.9509
16237,1112.9414
16238,1112.9537
16239,1112.9518
16240,1112.9528
16241,1112.9476
16242,1112.9487
16243,1112.9421
16244,1112.9498
16245,1112.9598
16246,1112.9426
16247,1112.9451
16248,1112.9455
16249,1112.9461
16250,1112.9579
16251,1112.9465
16252,1112.9542
16253,1112.9547
16254,1112.9557
16255,1112.9607
16256,1112.9552
16257,1113.1577
16258,1112.9588
16259,1112.9562
16260,1112.9642
16261,1116.5496
16262,1116.5506
16263,1112.9614
16264,1112.9619
16265,1116.5516
16266,1112.9623
16267,1112.9629
16268,1116.5525
16269,1112.9633
16270,1116.5535
16271,1116.5545
16272,1116.5555
16273,1116.5564
16274,1113.1582
16275,1116.5484
16276,1113.1588
16277,1116.5608
16278,1116.5570
16279,1116.5704
16280,1116.5576
16281,1116.5582
16282,1116.5653
16283,1116.5663
16284,1116.5586
16285,1116.5672
16286,1116.5685
16287,1116.5694
16288,1116.5592
16289,1116.5624
16290,1116.5633
16291,1116.5597
16292,1116.5643
16293,1116.5613
16294,1116.5748
16295,1116.5828
16296,1116.5797
16297,1116.5807
16298,1116.5709
16299,1116.5713
16300,1116.5851
16301,1116.5817
16302,1116.5723
16303,1116.5728
16304,1116.5766
16305,1116.5718
16306,1116.5776
16307,1116.5733
16308,1116.5785
16309,1116.5738
16310,1116.5753
16311,1119.5567
16312,1116.5832
16313,1119.5577
16314,1119.5586
16315,1116.5840
16316,1116.5856
16317,1116.5860
16318,1119.5622
16319,1116.5865
16320,1116.5871
16321,1119.5612
16322,1116.5875
16323,1116.5880
16324,1116.5885
16325,1116.5889
16326,1116.5894
16327,1119.5657
16328,1119.5592
16329,1119.5667
16330,1119.5677
16331,1119.5597
16332,1119.5687
16333,1119.5602
16334,1119.5627
16335,1119.5712
16336,1119.5632
16337,1119.8052
16338,1119.8093
16339,1119.5637
16340,1119.8064
16341,1119.5643
16342,1119.5647
16343,1119.8103
16344,1119.8074
16345,1119.8113
16346,1119.5691
16347,1119.5698
16348,1119.5703
16349,1119.8123
16350,1119.8084
16351,1119.5717
16352,1119.8180
16353,1119.8128
16354,1119.8133
16355,1119.8204
16356,1119.8137
16357,1119.8214
16358,1119.8244
16359,1119.8142
16360,1119.8147
16361,1119.8225
16362,1119.8235
16363,1119.8151
16364,1119.8156
16365,1119.8161
16366,1119.8166
16367,1119.8170
16368,1119.8184
16369,1119.8190
16370,1119.8194
16371,1119.8285
16372,1119.8295
16373,1119.8304
16374,1119.8249
16375,1123.5742
16376,1123.5786
16377,1123.5796
16378,1123.5805
16379,1123.5814
16380,1119.8255
16381,1123.5824
16382,1119.8261
16383,1123.5834
16384,1119.3115
16385,1119.3124
16386,1123.0624
16387,1123.0734
16388,1123.0599
16389,1123.0606
16390,1123.0743
16391,1123.0611
16392,1123.0689
16393,1123.0694
16394,1123.0793
16395,1123.0784
16396,1123.0803
16397,1123.0700
16398,1123.0712
16399,1123.0717
16400,1123.0722
16401,1123.0764
16402,1123.0773
16403,1123.2541
16404,1123.2553
16405,1123.2585
16406,1123.0748
16407,1123.0753
16408,1123.2595
16409,1123.2606
16410,1123.0807
16411,1123.2616
16412,1123.0813
16413,1123.2625
16414,1123.2634
16415,1123.0817
16416,1123.2644
16417,1123.2576
16418,1123.2653
16419,1123.2558
16420,1123.2564
16421,1123.2659
16422,1123.2665
16423,1123.2729
16424,1123.2750
16425,1123.2759
16426,1123.2670
16427,1123.2676
16428,1123.2770
16429,1123.2680
16430,1123.2687
16431,1123.2709
16432,1123.2739
16433,1123.2692
16434,1123.2699
16435,1123.2705
16436,1125.1248
16437,1123.2715
16438,1123.2720
16439,1125.1259
16440,1125.1271
16441,1125.1293
16442,1123.2775
16443,1125.1282
16444,1123.2780
16445,1123.2785
16446,1125.1334
16447,1125.1349
16448,1125.1359
16449,1125.1325
16450,1125.1231
16451,1125.1238
16452,1125.1368
16453,1125.7637
16454,1125.7622
16455,1125.7610
16456,1125.1298
16457,1125.1304
16458,1125.1309
16459,1125.1315
16460,1125.7649
16461,1125.7655
16462,1125.7700
16463,1125.7662
16464,1125.7668
16465,1125.7672
16466,1125.7720
16467,1125.7757
16468,1125.7731
16469,1125.7678
16470,1125.7742
16471,1125.7684
16472,1125.7690
16473,1125.7799
16474,1125.7780
16475,1125.7769
16476,1125.7789
16477,1125.7808
16478,1125.7705
16479,1128.2812
16480,1125.7711
16481,1128.2776
16482,1125.7813
16483,1125.7819
16484,1128.2785
16485,1128.2800
16486,1128.2833
16487,1128.2844
16488,1125.7823
16489,1128.2853
16490,1125.7834
16491,1128.2863
16492,1125.7839
16493,1125.7846
16494,1128.2764
16495,1128.2817
16496,1128.2872
16497,1128.2881
16498,1128.2892
16499,1128.2822
16500,1133.2261
16501,1133.2266
16502,1133.2271
16503,1133.2321
16504,1133.2276
16505,1133.2281
16506,1133.2286
16507,1133.2403
16508,1133.2372
16509,1133.2291
16510,1133.2296
16511,1133.2384
16512,1133.2300
16513,1133.2352
16514,1133.2394
16515,1133.2479
16516,1133.2363
16517,1133.2341
16518,1133.2311
16519,1133.2325
16520,1133.2330
16521,1133.2427
16522,1133.2436
16523,1133.2457
16524,1133.2468
16525,1133.2408
16526,1133.2413
16527,1133.2418
16528,1133.2447
16529,1136.1157
16530,1136.1172
16531,1136.1188
16532,1133.2484
16533,1136.4482
16534,1136.4513
16535,1133.2489
16536,1136.4493
16537,1133.2495
16538,1133.2500
16539,1133.2505
16540,1136.4523
16541,1133.2509
16542,1133.2514
16543,1136.4503
16544,1133.2519
16545,1136.1163
16546,1136.1177
16547,1136.4472
16548,1136.4571
16549,1136.4618
16550,1136.4627
16551,1136.4528
16552,1136.4532
16553,1136.4537
16554,1136.4637
16555,1136.4542
16556,1136.4547
16557,1136.4551
16558,1136.4556
16559,1136.4560
16560,1136.4580
16561,1136.4590
16562,1136.4599
16563,1136.4609
16564,1139.3446
16565,1139.3492
16566,1136.4642
16567,1139.3535
16568,1136.4647
16569,1136.4652
16570,1139.3505
16571,1136.4656
16572,1139.3517
16573,1136.4661
16574,1136.4666
16575,1139.3526
16576,1139.3464
16577,1139.3473
16578,1139.3483
16579,1136.4670
16580,1139.3453
16581,1139.3574
16582,1139.5889
16583,1139.3540
16584,1139.3545
16585,1139.5899
16586,1139.3550
16587,1139.3554
16588,1139.5908
16589,1139.5918
16590,1139.3564
16591,1139.5928
16592,1139.5937
16593,1139.5869
16594,1139.3559
16595,1139.5946
16596,1139.5880
16597,1139.6000
16598,1139.6038
16599,1139.5952
16600,1139.6047
16601,1139.5957
16602,1139.5962
16603,1139.5967
16604,1139.5971
16605,1139.6057
16606,1139.5986
16607,1139.5991
16608,1139.6009
16609,1139.6019
16610,1139.5976
16611,1139.5981
16612,1139.6028
16613,1139.6096
16614,1142.5594
16615,1139.6062
16616,1142.5604
16617,1139.6068
16618,1139.6073
16619,1139.6077
16620,1142.5613
16621,1139.6082
16622,1139.6087
16623,1142.5624
16624,1142.5543
16625,1142.5554
16626,1142.5563
16627,1142.5574
16628,1142.5583
16629,1139.6101
16630,1142.5670
16631,1142.5699
16632,1142.5710
16633,1142.5629
16634,1142.5752
16635,1142.5732
16636,1142.8843
16637,1142.8852
16638,1142.5655
16639,1142.5720
16640,1142.0723
16641,1142.0729
16642,1142.0769
16643,1142.0736
16644,1142.0750
16645,1142.0778
16646,1142.3951
16647,1142.3910
16648,1142.0826
16649,1142.0832
16650,1142.0847
16651,1142.3920
16652,1142.3956
16653,1142.4019
16654,1142.4059
16655,1142.3962
16656,1142.3966
16657,1142.3971
16658,1142.3976
16659,1145.2327
16660,1142.3981
16661,1142.4029
16662,1142.4040
16663,1142.3986
16664,1142.4050
16665,1142.3996
16666,1142.4002
16667,1145.2379
16668,1142.4008
16669,1145.2438
16670,1145.2334
16671,1145.2340
16672,1145.2345
16673,1145.2350
16674,1145.2355
16675,1145.2360
16676,1145.2365
16677,1145.2370
16678,1145.2391
16679,1145.2401
16680,1145.2410
16681,1145.2419
16682,1145.2429
16683,1145.2479
16684,1145.2489
16685,1145.2505
16686,1145.2515
16687,1145.2524
16688,1145.2534
16689,1145.2543
16690,1145.2443
16691,1145.2449
16692,1145.2453
16693,1145.2552
16694,1145.8931
16695,1145.2458
16696,1145.2463
16697,1145.8943
16698,1145.2468
16699,1145.2495
16700,1145.8952
16701,1145.9002
16702,1145.2557
16703,1145.9011
16704,1145.2564
16705,1145.8980
16706,1145.9020
16707,1145.8990
16708,1145.2574
16709,1145.2569
16710,1145.9054
16711,1145.8959
16712,1145.9065
16713,1145.8965
16714,1145.9075
16715,1145.8970
16716,1145.9090
16717,1145.9026
16718,1145.9033
16719,1145.9038
16720,1148.5383
16721,1148.5466
16722,1145.9043
16723,1148.5404
16724,1148.5413
16725,1148.5423
16726,1148.5553
16727,1145.9095
16728,1145.9100
16729,1148.5433
16730,1148.5445
16731,1148.5454
16732,1148.5364
16733,1148.5487
16734,1148.5497
16735,1148.5507
16736,1148.5516
16737,1148.5525
16738,1148.5535
16739,1148.5544
16740,1148.5472
16741,1148.5478
16742,1148.5558
16743,1148.5564
16744,1149.0936
16745,1149.0957
16746,1149.0968
16747,1149.0977
16748,1149.0986
16749,1149.1016
16750,1149.0895
16751,1149.0914
16752,1149.0884
16753,1149.0996
16754,1149.0901
16755,1149.0907
16756,1149.1007
16757,1149.0946
16758,1149.0919
16759,1149.0926
16760,1149.1070
16761,1149.1022
16762,1151.6957
16763,1151.6967
16764,1149.1028
16765,1151.6977
16766,1151.6986
16767,1149.1033
16768,1149.1040
16769,1151.6924
16770,1149.1045
16771,1151.6937
16772,1149.1050
16773,1151.6947
16774,1149.1055
16775,1149.1061
16776,1149.1076
16777,1149.1081
16778,1151.7061
16779,1151.6992
16780,1151.7041
16781,1151.6998
16782,1151.7003
16783,1151.7008
16784,1151.7100
16785,1152.3195
16786,1151.7012
16787,1151.7075
16788,1151.7017
16789,1151.7022
16790,1151.7027
16791,1151.7031
16792,1151.7085
16793,1151.7052
16794,1152.3159
16795,1152.3175
16796,1152.3205
16797,1152.3215
16798,1151.7090
16799,1152.3224
16800,1152.3185
16801,1152.3229
16802,1152.3277
16803,1152.3235
16804,1152.3239
16805,1152.3292
16806,1152.3244
16807,1152.3302
16808,1152.3254
16809,1152.3259
16810,1152.3323
16811,1152.3263
16812,1152.3332
16813,1152.3343
16814,1152.3268
16815,1152.3313
16816,1154.9772
16817,1154.9692
16818,1154.9705
16819,1154.9717
16820,1152.3283
16821,1154.9729
16822,1152.3349
16823,1154.9741
16824,1154.9753
16825,1154.9763
16826,1154.9835
16827,1154.9845
16828,1152.3354
16829,1152.3358
16830,1154.9678
16831,1154.9826
16832,1154.9777
16833,1154.9782
16834,1154.9860
16835,1154.9787
16836,1154.9792
16837,1154.9796
16838,1155.6739
16839,1154.9801
16840,1154.9806
16841,1154.9811
16842,1155.6750
16843,1155.6760
16844,1155.6770
16845,1155.6779
16846,1155.6800
16847,1155.6809
16848,1155.6790
16849,1154.9850
16850,1154.9865
16851,1155.6863
16852,1155.6853
16853,1154.9870
16854,1155.6899
16855,1155.6910
16856,1155.6815
16857,1155.6819
16858,1155.6919
16859,1155.6824
16860,1155.6928
16861,1155.6830
16862,1155.6835
16863,1155.6839
16864,1155.6879
16865,1155.6844
16866,1155.6888
16867,1155.6869
16868,1155.6969
16869,1155.6979
16870,1155.6934
16871,1155.7002
16872,1155.7012
16873,1155.6939
16874,1157.7139
16875,1155.6945
16876,1157.7150
16877,1157.7160
16878,1157.7194
16879,1155.6949
16880,1157.7174
16881,1155.6954
16882,1157.7184
16883,1155.6960
16884,1155.6983
16885,1155.6988
16886,1155.6993
16887,1157.7250
16888,1155.7017
16889,1155.7022
16890,1157.7199
16891,1157.7204
16892,1157.7209
16893,1157.7213
16894,1157.7296
16895,1157.7306
16896,1157.1880
16897,1157.1939
16898,1157.1949
16899,1157.1886
16900,1157.1891
16901,1157.1897
16902,1157.1903
16903,1158.4086
16904,1158.4121
16905,1158.4099
16906,1157.1918
16907,1158.4111
16908,1157.1922
16909,1157.1927
16910,1158.4185
16911,1158.4194
16912,1157.1973
16913,1157.1979
16914,1158.4144
16915,1158.4153
16916,1158.4163
16917,1158.4172
16918,1157.1985
16919,1160.6041
16920,1160.6051
16921,1160.6060
16922,1160.6019
16923,1160.6029
16924,1158.4126
16925,1158.4132
16926,1160.5983
16927,1160.6133
16928,1160.5991
16929,1160.6103
16930,1160.5996
16931,1160.6114
16932,1160.6124
16933,1160.6003
16934,1160.6008
16935,1160.6162
16936,1160.6065
16937,1160.6071
16938,1160.6076
16939,1160.6081
16940,1160.6086
16941,1160.6172
16942,1160.6092
16943,1160.6138
16944,1160.6142
16945,1160.6223
16946,1160.6147
16947,1160.6233
16948,1160.6242
16949,1160.6153
16950,1160.6252
16951,1160.6266
16952,1160.6276
16953,1160.6285
16954,1160.6178
16955,1160.6295
16956,1160.6184
16957,1160.6189
16958,1160.6195
16959,1160.6201
16960,1160.6206
16961,1160.6332
16962,1160.6341
16963,1160.6350
16964,1160.6359
16965,1160.6369
16966,1160.6256
16967,1160.6300
16968,1160.6306
16969,1161.5906
16970,1161.5916
16971,1161.5926
16972,1160.6312
16973,1160.6318
16974,1160.6322
16975,1161.5935
16976,1161.5945
16977,1163.6712
16978,1163.6721
16979,1163.6731
16980,1163.6740
16981,1161.5885
16982,1161.5892
16983,1161.5896
16984,1163.6750
16985,1163.6949
16986,1161.5951
16987,1163.6793
16988,1163.6803
16989,1163.6692
16990,1163.6812
16991,1163.6701
16992,1163.6782
16993,1163.6822
16994,1163.6831
16995,1163.6755
16996,1163.6762
16997,1163.6914
16998,1163.6767
16999,1163.6926
17000,1163.6939
17001,1163.6954
17002,1163.6960
17003,1163.6964
17004,1163.7007
17005,1163.6970
17006,1163.7084
17007,1163.7103
17008,1163.6976
17009,1163.7024
17010,1163.7036
17011,1163.6982
17012,1163.7045
17013,1163.7056
17014,1163.6987
17015,1163.6993
17016,1163.7065
17017,1163.6998
17018,1163.7075
17019,1163.7093
17020,1163.7014
17021,1164.5199
17022,1166.8588
17023,1166.8598
17024,1163.7108
17025,1163.7112
17026,1166.8518
17027,1166.8607
17028,1166.8531
17029,1166.8540
17030,1166.8550
17031,1166.8559
17032,1166.8568
17033,1166.8578
17034,1163.7117
17035,1163.7121
17036,1163.7126
17037,1166.8665
17038,1166.8612
17039,1166.8709
17040,1166.8718
17041,1166.8617
17042,1166.8623
17043,1166.8679
17044,1166.8632
17045,1166.8637
17046,1166.8627
17047,1166.8642
17048,1166.8646
17049,1166.8690
17050,1166.8651
17051,1166.8656
17052,1166.8699
17053,1166.8670
17054,1166.8785
17055,1166.8723
17056,1166.8728
17057,1166.8733
17058,1166.8738
17059,1166.8742
17060,1166.8814
17061,1166.8747
17062,1166.8752
17063,1166.8756
17064,1166.8824
17065,1166.8761
17066,1166.8767
17067,1166.8771
17068,1166.8776
17069,1166.8833
17070,1166.8791
17071,1166.8795
17072,1166.8876
17073,1166.8800
17074,1166.8805
17075,1166.8867
17076,1167.8288
17077,1167.8310
17078,1166.8838
17079,1166.8842
17080,1167.8317
17081,1166.8847
17082,1167.8331
17083,1166.8853
17084,1167.8362
17085,1166.8858
17086,1167.8371
17087,1167.8344
17088,1167.8415
17089,1167.8435
17090,1167.8423
17091,1166.8881
17092,1167.8383
17093,1169.9186
17094,1169.9196
17095,1169.9207
17096,1169.9158
17097,1169.9167
17098,1167.8392
17099,1167.8396
17100,1169.9177
17101,1167.8400
17102,1167.8404
17103,1167.8408
17104,1169.9135
17105,1169.9246
17106,1169.9236
17107,1169.9142
17108,1169.9147
17109,1169.9255
17110,1169.9264
17111,1169.9275
17112,1169.9212
17113,1169.9217
17114,1169.9222
17115,1169.9284
17116,1169.9293
17117,1169.9227
17118,1169.9303
17119,1169.9313
17120,1169.9324
17121,1169.9328
17122,1169.9334
17123,1171.2308
17124,1169.9338
17125,1169.9344
17126,1171.2324
17127,1171.2335
17128,1171.2345
17129,1171.2355
17130,1171.2393
17131,1171.2364
17132,1169.9350
17133,1169.9355
17134,1171.2402
17135,1171.2374
17136,1169.9359
17137,1171.2383
17138,1169.9366
17139,1171.2447
17140,1173.2922
17141,1171.2314
17142,1173.2933
17143,1173.2943
17144,1173.2952
17145,1173.2962
17146,1173.2971
17147,1171.2407
17148,1171.2412
17149,1171.2416
17150,1173.2981
17151,1171.2437
17152,1170.7343
17153,1170.7352
17154,1172.7911
17155,1172.7952
17156,1172.7962
17157,1172.7972
17158,1172.7982
17159,1172.7916
17160,1172.7994
17161,1172.7923
17162,1172.7928
17163,1172.7933
17164,1172.8003
17165,1172.8013
17166,1172.7937
17167,1172.8024
17168,1172.8034
17169,1172.7942
17170,1172.8044
17171,1172.8085
17172,1172.8049
17173,1172.8102
17174,1172.8060
17175,1172.8064
17176,1174.0223
17177,1172.8133
17178,1172.8112
17179,1174.0233
17180,1172.8069
17181,1172.8143
17182,1172.8123
17183,1174.0245
17184,1174.0210
17185,1172.8074
17186,1174.0299
17187,1172.8090
17188,1174.0280
17189,1172.8149
17190,1172.8154
17191,1172.8160
17192,1174.0349
17193,1174.0311
17194,1174.0252
17195,1174.0321
17196,1174.0330
17197,1174.0258
17198,1174.0339
17199,1174.0264
17200,1174.0289
17201,1174.0270
17202,1174.0354
17203,1175.8649
17204,1174.0359
17205,1175.8678
17206,1175.8688
17207,1175.8697
17208,1175.8706
17209,1174.0365
17210,1175.8716
17211,1174.0371
17212,1175.8725
17213,1175.8757
17214,1175.8737
17215,1175.8748
17216,1175.8667
17217,1174.0377
17218,1174.0382
17219,1175.8794
17220,1175.8656
17221,1175.8814
17222,1175.8824
17223,1175.8762
17224,1175.8833
17225,1175.8842
17226,1175.8883
17227,1175.8854
17228,1175.8865
17229,1175.8774
17230,1175.8779
17231,1175.8874
17232,1175.8767
17233,1175.8804
17234,1175.8785
17235,1177.1959
17236,1177.1970
17237,1175.8889
17238,1175.8894
17239,1177.2094
17240,1177.2011
17241,1175.8900
17242,1177.2084
17243,1175.8905
17244,1177.2022
17245,1177.2034
17246,1175.8911
17247,1177.2044
17248,1177.1990
17249,1175.8917
17250,1177.2000
17251,1177.2053
17252,1177.2065
17253,1177.1976
17254,1177.2074
17255,1179.0807
17256,1179.0883
17257,1179.0818
17258,1179.0824
17259,1179.0830
17260,1179.0835
17261,1179.0840
17262,1179.0846
17263,1179.0851
17264,1179.0909
17265,1179.0918
17266,1179.0856
17267,1179.0862
17268,1179.0899
17269,1179.0929
17270,1179.0868
17271,1179.0873
17272,1179.0966
17273,1179.0889
17274,1179.0979
17275,1179.0988
17276,1179.0997
17277,1179.1006
17278,1179.1015
17279,1179.1024
17280,1179.0935
17281,1180.5107
17282,1180.5122
17283,1180.5132
17284,1179.0941
17285,1179.0947
17286,1179.0952
17287,1179.0956
17288,1179.1030
17289,1179.1035
17290,1179.1040
17291,1182.3180
17292,1182.3192
17293,1179.1050
17294,1182.3202
17295,1179.1055
17296,1179.1045
17297,1182.3228
17298,1180.5137
17299,1180.5142
17300,1180.5147
17301,1182.3238
17302,1180.5151
17303,1180.5156
17304,1182.3251
17305,1180.5161
17306,1182.3260
17307,1182.3208
17308,1182.3312
17309,1182.3214
17310,1182.3219
17311,1182.3322
17312,1182.3302
17313,1182.3346
17314,1182.3265
17315,1182.3357
17316,1182.3271
17317,1182.3366
17318,1182.3277
17319,1182.3376
17320,1182.3282
17321,1182.3287
17322,1182.3292
17323,1182.3386
17324,1182.3327
17325,1182.3440
17326,1182.3332
17327,1182.3337
17328,1182.3430
17329,1182.3459
17330,1182.3391
17331,1182.3397
17332,1182.3401
17333,1182.3468
17334,1182.3477
17335,1182.3410
17336,1182.3415
17337,1182.3487
17338,1182.3420
17339,1182.3496
17340,1182.3505
17341,1182.3445
17342,1182.3450
17343,1182.3568
17344,1182.3558
17345,1185.7602
17346,1185.7613
17347,1182.3510
17348,1182.3515
17349,1182.3519
17350,1185.7623
17351,1182.3524
17352,1182.3529
17353,1182.3533
17354,1182.3538
17355,1185.7633
17356,1185.7643
17357,1182.3543
17358,1182.3549
17359,1183.5970
17360,1185.7687
17361,1185.7648
17362,1185.7653
17363,1185.7658
17364,1185.7707
17365,1185.7663
17366,1185.7717
17367,1185.7726
17368,1185.7668
17369,1185.7736
17370,1185.7745
17371,1185.7755
17372,1185.7764
17373,1185.7673
17374,1185.7773
17375,1185.7678
17376,1185.7822
17377,1185.7832
17378,1185.7693
17379,1185.7698
17380,1185.7866
17381,1185.7778
17382,1185.7783
17383,1185.7788
17384,1185.7792
17385,1185.7797
17386,1185.7802
17387,1185.7847
17388,1185.7806
17389,1185.7876
17390,1185.7857
17391,1185.7812
17392,1185.7837
17393,1185.7914
17394,1185.7925
17395,1185.7934
17396,1185.7880
17397,1185.7973
17398,1185.7983
17399,1185.7885
17400,1185.7993
17401,1185.7890
17402,1185.7895
17403,1185.8002
17404,1185.8023
17405,1185.7899
17406,1185.7905
17407,1185.8013
17408,1185.2904
17409,1186.3702
17410,1185.2881
17411,1185.2894
17412,1186.3714
17413,1185.2970
17414,1188.2800
17415,1185.2975
17416,1186.3657
17417,1188.2811
17418,1186.3662
17419,1186.3667
17420,1188.2825
17421,1186.3672
17422,1186.3679
17423,1186.3685
17424,1186.3689
17425,1188.2778
17426,1188.2859
17427,1188.2869
17428,1188.2784
17429,1188.2789
17430,1188.2896
17431,1188.2907
17432,1188.2830
17433,1188.2916
17434,1188.2925
17435,1188.2935
17436,1188.2956
17437,1188.2836
17438,1188.2945
17439,1188.2966
17440,1188.2842
17441,1188.2849
17442,1188.2874
17443,1188.2880
17444,1188.3031
17445,1188.2885
17446,1188.2972
17447,1188.3062
17448,1188.3073
17449,1188.3082
17450,1188.2983
17451,1188.3091
17452,1188.2990
17453,1188.3001
17454,1188.3006
17455,1188.3012
17456,1188.2995
17457,1188.3053
17458,1188.3016
17459,1188.3022
17460,1188.3140
17461,1188.3036
17462,1188.3041
17463,1189.5836
17464,1188.3096
17465,1188.3101
17466,1189.5846
17467,1188.3106
17468,1188.3111
17469,1189.5857
17470,1189.5867
17471,1188.3116
17472,1189.5813
17473,1189.5824
17474,1188.3122
17475,1188.3126
17476,1188.3144
17477,1188.3149
17478,1191.4688
17479,1189.5873
17480,1191.4644
17481,1191.4729
17482,1191.4740
17483,1191.4650
17484,1191.4656
17485,1191.4673
17486,1191.4751
17487,1191.4761
17488,1191.4662
17489,1191.4668
17490,1191.4678
17491,1191.4698
17492,1191.4708
17493,1191.4717
17494,1191.4801
17495,1191.4810
17496,1191.4820
17497,1191.4766
17498,1191.4873
17499,1191.4885
17500,1191.4895
17501,1191.4772
17502,1191.4904
17503,1191.4777
17504,1191.4787
17505,1191.4835
17506,1191.4846
17507,1191.4855
17508,1191.4864
17509,1191.4792
17510,1192.8056
17511,1192.8134
17512,1191.4825
17513,1192.8045
17514,1191.4909
17515,1192.8095
17516,1192.8105
17517,1191.4915
17518,1191.4921
17519,1192.8114
17520,1192.8067
17521,1191.4925
17522,1191.4931
17523,1191.4937
17524,1192.8076
17525,1192.8086
17526,1192.8125
17527,1192.8139
17528,1192.8145
17529,1192.8150
17530,1192.8155
17531,1194.6276
17532,1192.8160
17533,1194.6327
17534,1194.6338
17535,1194.6347
17536,1194.6297
17537,1194.6236
17538,1194.6308
17539,1194.6356
17540,1194.6243
17541,1194.6248
17542,1194.6253
17543,1194.6366
17544,1194.6260
17545,1194.6264
17546,1194.6317
17547,1194.6281
17548,1194.6286
17549,1194.6370
17550,1194.6404
17551,1194.6380
17552,1194.6375
17553,1195.9811
17554,1195.9822
17555,1195.9875
17556,1195.9833
17557,1195.9888
17558,1195.9963
17559,1194.6384
17560,1195.9845
17561,1195.9972
17562,1195.9856
17563,1194.6389
17564,1195.9866
17565,1194.6394
17566,1195.9919
17567,1195.9929
17568,1195.9910
17569,1195.9938
17570,1195.9894
17571,1195.9981
17572,1195.9899
17573,1195.9947
17574,1197.7697
17575,1197.7716
17576,1197.7754
17577,1195.9986
17578,1197.7764
17579,1195.9992
17580,1195.9996
17581,1196.0001
17582,1196.0006
17583,1197.7726
17584,1196.0010
17585,1197.7736
17586,1197.7706
17587,1196.0015
17588,1196.0020
17589,1197.7745
17590,1197.7802
17591,1197.7769
17592,1197.7864
17593,1197.7773
17594,1197.7778
17595,1197.7783
17596,1197.7873
17597,1197.7903
17598,1197.7884
17599,1197.7788
17600,1197.7823
17601,1197.7832
17602,1197.7894
17603,1197.7843
17604,1197.7853
17605,1197.7793
17606,1197.7807
17607,1197.7812
17608,1197.7908
17609,1197.7913
17610,1199.2467
17611,1199.2505
17612,1197.7917
17613,1197.7923
17614,1199.2438
17615,1197.7941
17616,1197.7928
17617,1199.2476
17618,1197.7937
17619,1199.2448
17620,1199.2415
17621,1199.2457
17622,1199.2422
17623,1199.2427
17624,1199.2486
17625,1199.2495
17626,1199.2510
17627,1201.1494
17628,1201.1556
17629,1199.2515
17630,1201.1565
17631,1199.2521
17632,1201.1505
17633,1199.2526
17634,1199.2530
17635,1201.1515
17636,1199.2535
17637,1201.1525
17638,1201.1575
17639,1199.2540
17640,1199.2544
17641,1201.1537
17642,1201.1546
17643,1201.1621
17644,1201.1580
17645,1201.1691
17646,1201.1707
17647,1201.1716
17648,1201.1641
17649,1201.1652
17650,1201.1585
17651,1201.1591
17652,1201.1597
17653,1201.1602
17654,1201.1607
17655,1201.1612
17656,1201.1663
17657,1201.1672
17658,1201.1682
17659,1201.1626
17660,1201.1630
17661,1202.0760
17662,1201.1736
17663,1201.1740
17664,1200.6812
17665,1200.6820
17666,1201.5881
17667,1201.5922
17668,1201.5893
17669,1201.5903
17670,1200.6835
17671,1200.6841
17672,1200.6846
17673,1200.6852
17674,1200.6856
17675,1201.5912
17676,1201.5839
17677,1201.5857
17678,1201.5862
17679,1203.8111
17680,1201.5867
17681,1201.5871
17682,1203.8139
17683,1201.5926
17684,1203.8149
17685,1201.5931
17686,1201.5936
17687,1201.5941
17688,1203.8159
17689,1203.8178
17690,1201.5948
17691,1203.8169
17692,1201.5952
17693,1201.5958
17694,1203.8188
17695,1203.8117
17696,1203.8128
17697,1203.8242
17698,1203.8264
17699,1203.8273
17700,1203.8192
17701,1203.8198
17702,1203.8204
17703,1203.8282
17704,1203.8209
17705,1203.8216
17706,1203.8291
17707,1203.8222
17708,1203.8227
17709,1203.8301
17710,1203.8233
17711,1203.8311
17712,1203.8253
17713,1203.8350
17714,1205.0588
17715,1203.8316
17716,1205.0544
17717,1205.0556
17718,1205.0566
17719,1205.0599
17720,1205.0608
17721,1205.0617
17722,1205.0627
17723,1203.8322
17724,1205.0577
17725,1203.8328
17726,1203.8341
17727,1207.0604
17728,1203.8334
17729,1207.0521
17730,1207.0533
17731,1205.0632
17732,1207.0542
17733,1205.0639
17734,1207.0552
17735,1207.0564
17736,1205.0645
17737,1207.0573
17738,1205.0652
17739,1205.0658
17740,1205.0663
17741,1207.0583
17742,1207.0594
17743,1207.0655
17744,1207.0609
17745,1207.0670
17746,1207.0615
17747,1207.0682
17748,1207.0691
17749,1207.0701
17750,1207.0710
17751,1207.0621
17752,1207.0627
17753,1207.0632
17754,1207.0723
17755,1207.0744
17756,1207.0734
17757,1207.0639
17758,1207.0644
17759,1207.0793
17760,1207.0661
17761,1207.0814
17762,1207.0749
17763,1207.0755
17764,1207.0825
17765,1207.0760
17766,1207.0836
17767,1207.0766
17768,1207.0771
17769,1207.0846
17770,1207.0777
17771,1207.0782
17772,1207.0857
17773,1207.0868
17774,1207.0878
17775,1207.0799
17776,1207.0804
17777,1208.1338
17778,1210.6057
17779,1207.0883
17780,1207.0889
17781,1210.5982
17782,1210.5997
17783,1210.6007
17784,1207.0895
17785,1210.6066
17786,1208.1315
17787,1210.6018
17788,1210.6028
17789,1210.6038
17790,1208.1321
17791,1210.6047
17792,1208.1328
17793,1210.6219
17794,1210.6071
17795,1210.6078
17796,1210.6239
17797,1210.6083
17798,1210.6249
17799,1210.6088
17800,1210.6258
17801,1210.6094
17802,1210.6099
17803,1210.6109
17804,1210.6268
17805,1210.6280
17806,1210.6208
17807,1210.6289
17808,1210.6104
17809,1210.6327
17810,1210.6224
17811,1210.6230
17812,1210.6350
17813,1210.6294
17814,1210.6451
17815,1210.6359
17816,1210.6369
17817,1210.6378
17818,1210.6298
17819,1210.6387
17820,1210.6303
17821,1210.6308
17822,1210.6312
17823,1210.6317
17824,1210.6341
17825,1210.6432
17826,1210.6331
17827,1210.6441
17828,1210.6393
17829,1210.6421
17830,1211.3339
17831,1213.8235
17832,1210.6456
17833,1213.8265
17834,1211.3277
17835,1213.8328
17836,1213.8338
17837,1213.8246
17838,1211.3282
17839,1213.8256
17840,1211.3287
17841,1211.3291
17842,1213.8224
17843,1211.3295
17844,1211.3299
17845,1211.3304
17846,1211.3344
17847,1213.8344
17848,1213.8349
17849,1213.8494
17850,1213.8527
17851,1213.8537
17852,1213.8432
17853,1213.8438
17854,1213.8443
17855,1213.8448
17856,1213.8453
17857,1213.8457
17858,1213.8508
17859,1213.8462
17860,1213.8518
17861,1213.8466
17862,1213.8475
17863,1213.8480
17864,1213.8485
17865,1213.8499
17866,1214.4247
17867,1214.4275
17868,1214.4284
17869,1214.4295
17870,1213.8541
17871,1213.8546
17872,1214.4265
17873,1214.4304
17874,1214.4314
17875,1214.4323
17876,1214.4332
17877,1213.8551
17878,1213.8556
17879,1214.4342
17880,1214.4351
17881,1214.4360
17882,1214.4253
17883,1214.4365
17884,1217.2368
17885,1214.4395
17886,1217.2414
17887,1217.2385
17888,1217.2293
17889,1214.4375
17890,1214.4370
17891,1217.2305
17892,1217.2314
17893,1217.2324
17894,1214.4380
17895,1217.2334
17896,1214.4385
17897,1217.2345
17898,1217.2399
17899,1217.2356
17900,1217.2404
17901,1217.9094
17902,1217.2427
17903,1217.2440
17904,1217.2432
17905,1217.2448
17906,1217.2455
17907,1217.2460
17908,1217.9133
17909,1217.2464
17910,1217.2472
17911,1217.9143
17912,1217.2477
17913,1217.9154
17914,1217.2482
17915,1217.2486
17916,1217.2491
17917,1217.9100
17918,1217.9105
17919,1217.9110
17920,1217.3924
17921,1217.3930
17922,1217.4009
17923,1217.4019
17924,1217.3967
17925,1217.4043
17926,1217.4056
17927,1217.4067
17928,1217.4080
17929,1217.3974
17930,1217.4090
17931,1217.3980
17932,1217.4111
17933,1217.3986
17934,1217.4101
17935,1217.3992
17936,1217.3998
17937,1217.4033
17938,1217.4163
17939,1217.4175
17940,1217.4024
17941,1217.4116
17942,1217.4121
17943,1217.4126
17944,1217.4192
17945,1217.4201
17946,1219.9267
17947,1217.4131
17948,1217.4137
17949,1217.4153
17950,1217.4212
17951,1217.4222
17952,1219.9256
17953,1217.4143
17954,1219.9310
17955,1217.4180
17956,1219.9320
17957,1219.9332
17958,1219.9343
17959,1219.9352
17960,1219.9274
17961,1219.9402
17962,1219.9412
17963,1219.9280
17964,1219.9286
17965,1219.9291
17966,1219.9295
17967,1219.9421
17968,1219.9390
17969,1219.9300
17970,1219.9358
17971,1219.9364
17972,1219.9370
17973,1219.9375
17974,1220.6765
17975,1219.9380
17976,1220.6774
17977,1220.6808
17978,1220.6728
17979,1220.6735
17980,1220.6739
17981,1220.6815
17982,1220.6745
17983,1220.6823
17984,1220.6831
17985,1220.6792
17986,1220.6838
17987,1220.6750
17988,1220.6755
17989,1220.6800
17990,1220.6777
17991,1220.6782
17992,1220.6865
17993,1220.6890
17994,1220.6843
17995,1220.6848
17996,1220.6852
17997,1220.6875
17998,1220.6857
17999,1220.6882
18000,1226.2652
18001,1226.2667
18002,1226.2672
18003,1226.2768
18004,1226.2681
18005,1226.2847
18006,1226.2689
18007,1226.2857
18008,1226.2810
18009,1226.2702
18010,1226.2714
18011,1226.2819
18012,1226.2828
18013,1226.2727
18014,1226.2838
18015,1226.2733
18016,1226.2745
18017,1226.2798
18018,1226.2757
18019,1226.2781
18020,1226.2786
18021,1226.2911
18022,1226.2927
18023,1226.2939
18024,1226.2948
18025,1226.2862
18026,1226.2868
18027,1226.2958
18028,1226.2967
18029,1226.2874
18030,1226.2976
18031,1226.2986
18032,1226.2880
18033,1226.2886
18034,1226.2890
18035,1226.2896
18036,1226.2901
18037,1226.2915
18038,1226.2990
18039,1229.4806
18040,1229.4858
18041,1226.2995
18042,1229.4868
18043,1226.3000
18044,1229.4877
18045,1229.4942
18046,1226.3006
18047,1229.4888
18048,1226.3013
18049,1229.4819
18050,1226.3017
18051,1226.3023
18052,1229.4829
18053,1229.4839
18054,1229.4849
18055,1229.4903
18056,1229.4913
18057,1229.4922
18058,1229.4933
18059,1229.4952
18060,1229.4893
18061,1229.5152
18062,1229.4958
18063,1229.5012
18064,1229.4964
18065,1229.4969
18066,1229.4974
18067,1229.5113
18068,1229.4978
18069,1229.4983
18070,1229.5124
18071,1229.4988
18072,1229.5133
18073,1229.4993
18074,1229.4998
18075,1229.5143
18076,1229.5003
18077,1229.5157
18078,1232.7494
18079,1229.5162
18080,1232.7506
18081,1231.9646
18082,1232.7583
18083,1232.7516
18084,1232.7526
18085,1231.9653
18086,1232.7535
18087,1231.9659
18088,1231.9664
18089,1232.7545
18090,1232.7554
18091,1231.9669
18092,1232.7563
18093,1232.7574
18094,1232.7682
18095,1232.7635
18096,1232.7588
18097,1232.7594
18098,1232.7644
18099,1232.7653
18100,1232.7598
18101,1232.7662
18102,1232.7691
18103,1232.7604
18104,1232.7609
18105,1232.7614
18106,1232.7618
18107,1232.7671
18108,1232.7701
18109,1232.7623
18110,1232.7706
18111,1232.7751
18112,1232.7814
18113,1232.7711
18114,1232.7766
18115,1232.7716
18116,1232.7777
18117,1232.7786
18118,1232.7795
18119,1232.7723
18120,1232.7824
18121,1232.7728
18122,1232.7733
18123,1232.7737
18124,1232.7833
18125,1232.7804
18126,1232.7742
18127,1232.7756
18128,1232.7838
18129,1235.7346
18130,1235.7371
18131,1235.2084
18132,1235.2091
18133,1235.2096
18134,1235.2105
18135,1235.2110
18136,1235.2115
18137,1235.2119
18138,1235.7399
18139,1235.7381
18140,1235.2124
18141,1235.2131
18142,1235.2135
18143,1235.7390
18144,1235.7361
18145,1235.7352
18146,1235.7405
18147,1235.7410
18148,1235.7421
18149,1235.7482
18150,1235.7427
18151,1235.7433
18152,1235.7492
18153,1235.7437
18154,1235.7443
18155,1235.7534
18156,1235.7447
18157,1235.7453
18158,1235.7503
18159,1235.7458
18160,1235.7513
18161,1235.7463
18162,1235.7468
18163,1235.7472
18164,1235.7523
18165,1235.7604
18166,1235.7624
18167,1235.7614
18168,1235.7539
18169,1235.7544
18170,1235.7548
18171,1235.7552
18172,1235.7557
18173,1235.7561
18174,1235.7655
18175,1235.7583
18176,1235.2475
18177,1235.2487
18178,1235.2496
18179,1235.2555
18180,1235.2502
18181,1237.9092
18182,1235.2538
18183,1237.9102
18184,1237.9114
18185,1238.4628
18186,1237.9124
18187,1237.9134
18188,1235.2543
18189,1237.9144
18190,1238.4639
18191,1238.4648
18192,1238.4607
18193,1235.2569
18194,1238.4618
18195,1237.9074
18196,1237.9082
18197,1237.9150
18198,1238.4714
18199,1238.4704
18200,1237.9156
18201,1238.4653
18202,1238.4658
18203,1238.4663
18204,1238.4668
18205,1238.4673
18206,1238.4677
18207,1238.4762
18208,1238.4740
18209,1238.4750
18210,1238.4682
18211,1238.4690
18212,1238.4878
18213,1238.4694
18214,1238.4783
18215,1238.4793
18216,1238.4802
18217,1238.4720
18218,1238.4811
18219,1238.4725
18220,1238.4822
18221,1238.4831
18222,1238.4731
18223,1238.4767
18224,1238.4857
18225,1238.4868
18226,1238.4772
18227,1238.4847
18228,1238.4883
18229,1238.4928
18230,1238.4889
18231,1238.4895
18232,1238.4900
18233,1238.4905
18234,1241.5024
18235,1241.4976
18236,1241.4987
18237,1241.4996
18238,1241.5006
18239,1241.5015
18240,1241.4951
18241,1238.4910
18242,1238.4915
18243,1238.4919
18244,1241.4965
18245,1238.4933
18246,1241.5076
18247,1241.5091
18248,1241.5100
18249,1241.5109
18250,1241.5032
18251,1241.5038
18252,1241.5042
18253,1241.5157
18254,1241.5189
18255,1241.5048
18256,1241.5054
18257,1241.5147
18258,1241.5170
18259,1241.5060
18260,1241.5065
18261,1241.5180
18262,1241.5115
18263,1241.5233
18264,1241.5121
18265,1241.5242
18266,1241.5126
18267,1241.5132
18268,1241.5136
18269,1241.5290
18270,1241.5195
18271,1241.5213
18272,1241.5201
18273,1241.5271
18274,1241.5206
18275,1241.5281
18276,1241.5299
18277,1241.5218
18278,1241.5224
18279,1241.5248
18280,1241.5254
18281,1244.9192
18282,1244.9170
18283,1241.5259
18284,1244.9182
18285,1244.9253
18286,1241.5305
18287,1241.5312
18288,1241.5316
18289,1241.5322
18290,1244.9219
18291,1241.5326
18292,1241.5332
18293,1241.5337
18294,1244.9229
18295,1241.5342
18296,1244.9243
18297,1244.9197
18298,1244.9202
18299,1244.9207
18300,1244.9297
18301,1244.9258
18302,1244.9263
18303,1244.9267
18304,1244.9346
18305,1244.9382
18306,1244.9273
18307,1244.9313
18308,1244.9278
18309,1244.9323
18310,1244.9283
18311,1244.9356
18312,1244.9367
18313,1244.9288
18314,1244.9334
18315,1244.9456
18316,1244.9302
18317,1244.9398
18318,1244.9408
18319,1244.9417
18320,1244.9372
18321,1244.9496
18322,1244.9506
18323,1244.9423
18324,1244.9477
18325,1244.9428
18326,1244.9433
18327,1244.9437
18328,1244.9442
18329,1244.9447
18330,1244.9487
18331,1247.9705
18332,1244.9461
18333,1247.9719
18334,1244.9466
18335,1244.9561
18336,1244.9552
18337,1244.9511
18338,1247.9751
18339,1244.9517
18340,1244.9522
18341,1247.9771
18342,1244.9526
18343,1244.9531
18344,1244.9536
18345,1244.9541
18346,1247.9761
18347,1247.9807
18348,1247.9725
18349,1247.9817
18350,1247.9827
18351,1247.9742
18352,1247.9731
18353,1247.9737
18354,1247.9777
18355,1247.9847
18356,1247.9857
18357,1247.9867
18358,1247.9781
18359,1247.9787
18360,1247.9876
18361,1247.9797
18362,1247.9885
18363,1247.9998
18364,1247.9832
18365,1247.9938
18366,1247.9948
18367,1247.9957
18368,1247.9838
18369,1247.9916
18370,1247.9926
18371,1247.9890
18372,1247.9967
18373,1248.0007
18374,1247.9895
18375,1247.9978
18376,1247.9900
18377,1247.9987
18378,1247.9906
18379,1248.0012
18380,1248.0065
18381,1248.0016
18382,1248.0021
18383,1251.2028
18384,1251.2037
18385,1251.2044
18386,1248.0026
18387,1248.0032
18388,1248.0036
18389,1251.2051
18390,1251.2059
18391,1251.2018
18392,1248.0040
18393,1248.0046
18394,1248.0050
18395,1248.0055
18396,1251.2125
18397,1248.0070
18398,1251.2113
18399,1251.2068
18400,1251.2143
18401,1251.2158
18402,1251.2073
18403,1251.2078
18404,1251.2082
18405,1251.2085
18406,1251.2089
18407,1251.2165
18408,1251.2093
18409,1251.2173
18410,1251.2101
18411,1251.2180
18412,1251.2280
18413,1251.2136
18414,1251.2212
18415,1251.2227
18416,1251.2235
18417,1251.2243
18418,1251.2185
18419,1251.2189
18420,1251.2192
18421,1251.2196
18422,1251.2200
18423,1251.2250
18424,1251.2258
18425,1251.2203
18426,1251.2265
18427,1251.2273
18428,1251.2284
18429,1251.2373
18430,1251.2351
18431,1251.2305
18432,1250.6509
18433,1250.6516
18434,1250.6530
18435,1250.6536
18436,1250.6602
18437,1250.6587
18438,1250.6579
18439,1250.6541
18440,1250.6547
18441,1250.6551
18442,1250.6555
18443,1250.6559
18444,1250.6564
18445,1250.6609
18446,1250.6614
18447,1254.1630
18448,1254.1641
18449,1254.1652
18450,1254.1589
18451,1254.1595
18452,1254.1661
18453,1254.1671
18454,1254.1600
18455,1254.1607
18456,1254.1681
18457,1254.1691
18458,1254.1700
18459,1254.1709
18460,1254.1612
18461,1254.1620
18462,1254.1718
18463,1254.1775
18464,1254.1786
18465,1254.1796
18466,1254.1836
18467,1254.1724
18468,1254.1729
18469,1254.1807
18470,1254.1817
18471,1254.1734
18472,1254.1739
18473,1254.1744
18474,1254.1826
18475,1254.1749
18476,1254.1755
18477,1254.1761
18478,1254.1766
18479,1254.1882
18480,1254.1841
18481,1254.1898
18482,1254.1846
18483,1254.1909
18484,1254.1918
18485,1254.1928
18486,1254.1853
18487,1254.1937
18488,1254.1982
18489,1254.1858
18490,1254.1996
18491,1254.1957
18492,1254.1864
18493,1254.1973
18494,1254.1869
18495,1254.1888
18496,1254.2068
18497,1254.2001
18498,1256.8943
18499,1254.2009
18500,1254.2019
18501,1254.2024
18502,1254.2028
18503,1254.2034
18504,1254.2039
18505,1256.9050
18506,1256.8954
18507,1256.8975
18508,1254.2044
18509,1254.2054
18510,1254.2059
18511,1256.8965
18512,1256.6800
18513,1256.9002
18514,1256.8981
18515,1256.9012
18516,1256.9022
18517,1256.8986
18518,1256.9031
18519,1256.9040
18520,1256.8991
18521,1256.9107
18522,1256.9157
18523,1256.9056
18524,1256.9062
18525,1256.9166
18526,1256.9184
18527,1256.9066
18528,1256.9072
18529,1256.9077
18530,1256.9129
18531,1256.9082
18532,1256.9087
18533,1256.9093
18534,1256.9138
18535,1256.9098
18536,1256.9148
18537,1256.9113
18538,1256.9243
18539,1260.4135
18540,1256.9189
18541,1256.9195
18542,1256.9199
18543,1260.4145
18544,1256.9204
18545,1260.4084
18546,1260.4177
18547,1256.9215
18548,1256.9220
18549,1260.4096
18550,1260.4106
18551,1260.4115
18552,1256.9225
18553,1260.4125
18554,1256.9250
18555,1260.4201
18556,1260.4228
18557,1260.4151
18558,1260.4212
18559,1260.4156
18560,1260.4162
18561,1260.4167
18562,1260.4182
18563,1260.4252
18564,1260.4262
18565,1260.4271
18566,1260.4187
18567,1260.4290
18568,1260.4192
18569,1260.4329
18570,1260.4280
18571,1260.4338
18572,1260.4347
18573,1260.4357
18574,1260.4234
18575,1260.4238
18576,1260.4366
18577,1260.4243
18578,1260.4319
18579,1260.4295
18580,1260.4300
18581,1260.4305
18582,1260.4408
18583,1260.4310
18584,1260.4418
18585,1260.4460
18586,1260.4499
18587,1260.4373
18588,1260.4471
18589,1260.4480
18590,1260.4379
18591,1260.4490
18592,1263.1637
18593,1260.4384
18594,1260.4389
18595,1260.4394
18596,1260.4399
18597,1260.4444
18598,1260.4422
18599,1260.4428
18600,1260.4433
18601,1260.4504
18602,1263.4920
18603,1263.4929
18604,1263.4939
18605,1260.4509
18606,1260.4514
18607,1260.4519
18608,1263.4965
18609,1263.1697
18610,1263.1703
18611,1263.1708
18612,1263.1713
18613,1263.5032
18614,1263.4976
18615,1263.4898
18616,1263.4904
18617,1263.4910
18618,1263.5043
18619,1263.4944
18620,1263.5012
18621,1263.4950
18622,1263.4956
18623,1263.5022
18624,1263.4981
18625,1263.4986
18626,1263.5095
18627,1263.4991
18628,1263.4996
18629,1263.5048
18630,1263.5052
18631,1263.5057
18632,1266.5821
18633,1266.5842
18634,1263.5062
18635,1266.5858
18636,1263.5068
18637,1266.5868
18638,1263.5074
18639,1266.5891
18640,1263.5079
18641,1266.5882
18642,1263.5101
18643,1266.5934
18644,1263.5106
18645,1266.5945
18646,1266.5954
18647,1266.5963
18648,1266.6004
18649,1266.5896
18650,1266.6013
18651,1266.5902
18652,1266.6023
18653,1266.5908
18654,1266.6032
18655,1266.5914
18656,1266.5994
18657,1266.5919
18658,1266.5925
18659,1266.5968
18660,1266.5973
18661,1266.6064
18662,1266.5978
18663,1266.5983
18664,1266.6090
18665,1266.6102
18666,1266.6038
18667,1266.6043
18668,1266.6114
18669,1266.6124
18670,1266.6133
18671,1266.6142
18672,1266.6198
18673,1266.6081
18674,1266.6049
18675,1266.6054
18676,1266.6209
18677,1266.6069
18678,1266.6176
18679,1266.6186
18680,1266.6221
18681,1266.6147
18682,1266.6235
18683,1266.6246
18684,1266.6153
18685,1266.6260
18686,1266.6158
18687,1266.6163
18688,1269.4192
18689,1266.1223
18690,1269.4214
18691,1269.4257
18692,1269.4225
18693,1269.4138
18694,1269.4147
18695,1269.4153
18696,1269.4159
18697,1269.4164
18698,1269.4267
18699,1269.4236
18700,1269.4170
18701,1269.4175
18702,1269.4179
18703,1269.4245
18704,1269.4198
18705,1269.4203
18706,1269.4327
18707,1269.4272
18708,1269.4348
18709,1269.4358
18710,1269.4278
18711,1269.4283
18712,1269.4370
18713,1269.4379
18714,1269.4288
18715,1269.4294
18716,1269.4299
18717,1269.4388
18718,1269.4305
18719,1269.4310
18720,1269.4316
18721,1269.4337
18722,1269.4457
18723,1269.4466
18724,1269.4485
18725,1269.4393
18726,1269.4398
18727,1269.4404
18728,1269.4408
18729,1269.4413
18730,1269.4495
18731,1269.4507
18732,1269.4419
18733,1269.4424
18734,1269.4430
18735,1269.4448
18736,1269.4435
18737,1269.4442
18738,1269.4471
18739,1269.4476
18740,1272.2739
18741,1269.4512
18742,1272.2780
18743,1269.4521
18744,1272.2790
18745,1272.2800
18746,1272.2809
18747,1272.2819
18748,1269.4526
18749,1269.4532
18750,1272.2829
18751,1269.4537
18752,1269.4543
18753,1272.2770
18754,1269.4549
18755,1269.4554
18756,1272.2750
18757,1272.2757
18758,1272.2835
18759,1272.2840
18760,1272.2941
18761,1272.2846
18762,1272.2853
18763,1272.2997
18764,1272.4563
18765,1272.3028
18766,1272.4539
18767,1272.3007
18768,1272.2858
18769,1272.2864
18770,1272.3017
18771,1272.2968
18772,1272.2977
18773,1272.2869
18774,1272.2930
18775,1272.2987
18776,1272.2947
18777,1272.2953
18778,1272.4527
18779,1272.4551
18780,1272.4623
18781,1272.4640
18782,1272.4568
18783,1275.7301
18784,1272.4574
18785,1272.4579
18786,1272.4584
18787,1272.4590
18788,1275.7259
18789,1272.4594
18790,1272.4600
18791,1272.4606
18792,1275.7269
18793,1272.4612
18794,1275.7282
18795,1275.7291
18796,1272.4629
18797,1275.7245
18798,1275.7339
18799,1275.7437
18800,1275.7351
18801,1275.7360
18802,1275.7370
18803,1275.7379
18804,1275.7308
18805,1275.7388
18806,1275.7398
18807,1275.7315
18808,1275.7320
18809,1275.7325
18810,1275.7329
18811,1275.7407
18812,1275.7416
18813,1275.7427
18814,1275.7477
18815,1275.7448
18816,1275.7487
18817,1275.7527
18818,1275.7443
18819,1275.7496
18820,1275.7538
18821,1275.7452
18822,1275.7547
18823,1275.7457
18824,1275.7508
18825,1275.7462
18826,1275.7557
18827,1275.7567
18828,1275.7518
18829,1275.7467
18830,1275.7604
18831,1275.7614
18832,1275.7635
18833,1275.7644
18834,1275.7653
18835,1275.7573
18836,1275.7662
18837,1275.7578
18838,1275.7673
18839,1275.7683
18840,1275.7583
18841,1275.7713
18842,1275.7692
18843,1275.7590
18844,1275.7595
18845,1275.7702
18846,1275.7620
18847,1275.7624
18848,1275.7718
18849,1275.7723
18850,1278.8180
18851,1278.8233
18852,1278.8188
18853,1278.8193
18854,1279.4428
18855,1279.4472
18856,1278.8198
18857,1279.4482
18858,1278.8204
18859,1278.8210
18860,1279.4491
18861,1279.4502
18862,1279.4441
18863,1278.8221
18864,1279.4451
18865,1278.8215
18866,1279.4462
18867,1278.8238
18868,1279.4555
18869,1279.4564
18870,1279.4508
18871,1279.4595
18872,1279.4513
18873,1279.4519
18874,1279.4523
18875,1279.4605
18876,1279.4528
18877,1279.4533
18878,1279.4614
18879,1279.4539
18880,1279.4623
18881,1279.4633
18882,1279.4585
18883,1279.4545
18884,1279.4768
18885,1279.4570
18886,1279.4575
18887,1279.4805
18888,1279.4638
18889,1279.4728
18890,1279.4817
18891,1279.4828
18892,1279.4735
18893,1279.4741
18894,1279.4746
18895,1279.4759
18896,1279.4785
18897,1279.4837
18898,1279.4752
18899,1279.4795
18900,1281.9997
18901,1282.0009
18902,1279.4773
18903,1279.4843
18904,1279.4847
18905,1279.4852
18906,1282.0044
18907,1282.0054
18908,1279.4856
18909,1282.0064
18910,1279.4862
18911,1279.4871
18912,1279.4866
18913,1282.0035
18914,1279.4876
18915,1279.4881
18916,1282.0161
18917,1282.0015
18918,1282.0021
18919,1282.0170
18920,1282.0180
18921,1282.0190
18922,1282.3728
18923,1282.0069
18924,1282.0075
18925,1282.3738
18926,1282.3747
18927,1282.3767
18928,1282.0144
18929,1282.3718
18930,1282.3757
18931,1282.0151
18932,1282.3795
18933,1282.3814
18934,1282.3693
18935,1282.3701
18936,1282.3805
18937,1282.3706
18938,1282.3773
18939,1282.3867
18940,1282.3876
18941,1282.3885
18942,1282.3895
18943,1282.3904
18944,1281.8773
18945,1281.8723
18946,1281.8783
18947,1281.8796
18948,1281.8975
18949,1281.8985
18950,1281.8995
18951,1281.9005
18952,1281.8762
18953,1281.9015
18954,1281.9026
18955,1281.8852
18956,1281.9075
18957,1281.9086
18958,1281.8867
18959,1281.9105
18960,1281.9065
18961,1281.9096
18962,1281.8873
18963,1281.8861
18964,1281.9031
18965,1281.9036
18966,1284.3099
18967,1281.9045
18968,1281.9050
18969,1281.9054
18970,1284.3033
18971,1284.3044
18972,1284.3110
18973,1284.2986
18974,1284.3075
18975,1284.2996
18976,1284.3055
18977,1284.3064
18978,1284.3005
18979,1284.3011
18980,1284.3016
18981,1284.3086
18982,1284.3116
18983,1284.3121
18984,1284.3127
18985,1284.3133
18986,1285.0443
18987,1285.0469
18988,1285.0479
18989,1285.0399
18990,1285.0457
18991,1285.0488
18992,1285.0408
18993,1285.0414
18994,1285.0420
18995,1285.0425
18996,1285.0431
18997,1285.0493
18998,1285.0546
18999,1285.0499
19000,1285.0504
19001,1287.7311
19002,1287.7322
19003,1287.7337
19004,1285.0510
19005,1287.7358
19006,1287.7349
19007,1285.0516
19008,1287.7288
19009,1287.7299
19010,1285.0522
19011,1285.0527
19012,1285.0532
19013,1285.0537
19014,1285.0551
19015,1287.7409
19016,1287.7423
19017,1287.7475
19018,1287.7484
19019,1287.7364
19020,1287.7502
19021,1287.7370
19022,1287.7511
19023,1287.7520
19024,1287.7446
19025,1287.7375
19026,1287.7381
19027,1287.7388
19028,1287.7456
19029,1287.7393
19030,1287.7399
19031,1287.7430
19032,1288.0670
19033,1288.0706
19034,1287.7526
19035,1287.7532
19036,1287.7536
19037,1288.0717
19038,1287.7557
19039,1288.0728
19040,1287.7547
19041,1288.0682
19042,1287.7563
19043,1288.0691
19044,1287.7573
19045,1288.0738
19046,1288.0654
19047,1288.0660
19048,1290.7446
19049,1290.7491
19050,1290.7502
19051,1288.0743
19052,1288.0749
19053,1288.0754
19054,1288.0759
19055,1290.7512
19056,1290.7521
19057,1290.7458
19058,1288.0764
19059,1290.7574
19060,1290.7469
19061,1290.7480
19062,1288.0769
19063,1288.0780
19064,1290.7545
19065,1290.7526
19066,1290.7584
19067,1290.7593
19068,1290.7605
19069,1290.7614
19070,1290.7531
19071,1290.7623
19072,1290.7556
19073,1290.7565
19074,1290.7536
19075,1290.7685
19076,1290.7628
19077,1290.7633
19078,1291.3715
19079,1291.3684
19080,1291.3696
19081,1291.3726
19082,1290.7638
19083,1290.7643
19084,1290.7648
19085,1290.7652
19086,1290.7670
19087,1291.3706
19088,1290.7657
19089,1290.7665
19090,1290.7676
19091,1290.7690
19092,1290.7695
19093,1290.7699
19094,1294.3042
19095,1294.3052
19096,1291.3768
19097,1294.3066
19098,1294.3076
19099,1291.3731
19100,1294.3085
19101,1294.3094
19102,1294.3115
19103,1294.3105
19104,1291.3737
19105,1294.3020
19106,1294.3032
19107,1291.3742
19108,1291.3748
19109,1291.3752
19110,1294.3165
19111,1294.3188
19112,1294.3198
19113,1294.3120
19114,1294.3125
19115,1294.3241
19116,1294.3207
19117,1294.3136
19118,1294.3140
19119,1294.3221
19120,1294.3131
19121,1294.3179
19122,1294.3146
19123,1294.3230
19124,1294.3151
19125,1294.3156
19126,1294.3170
19127,1294.3291
19128,1294.3246
19129,1294.3252
19130,1294.8255
19131,1294.8266
19132,1294.3257
19133,1294.3261
19134,1294.3271
19135,1294.8275
19136,1294.3266
19137,1294.8216
19138,1294.8226
19139,1294.8236
19140,1294.3276
19141,1294.8245
19142,1294.3282
19143,1294.8319
19144,1294.8329
19145,1294.8338
19146,1294.8382
19147,1294.8280
19148,1294.8391
19149,1294.8286
19150,1294.8401
19151,1294.8292
19152,1294.8298
19153,1294.8304
19154,1294.8309
19155,1294.8355
19156,1294.8364
19157,1294.8373
19158,1294.8410
19159,1294.8343
19160,1297.5214
19161,1297.5223
19162,1297.5259
19163,1297.5268
19164,1297.5157
19165,1297.5277
19166,1297.5164
19167,1297.5287
19168,1297.5170
19169,1297.5176
19170,1297.5239
19171,1297.5190
19172,1297.5185
19173,1297.5197
19174,1297.5249
19175,1297.5203
19176,1297.5328
19177,1297.5229
19178,1297.5292
19179,1297.5398
19180,1297.5297
19181,1297.5303
19182,1297.5314
19183,1297.5318
19184,1297.5309
19185,1297.5339
19186,1297.5350
19187,1297.5360
19188,1297.5369
19189,1297.5407
19190,1297.5378
19191,1297.5388
19192,1297.5459
19193,1297.5468
19194,1297.5450
19195,1297.5412
19196,1297.9476
19197,1297.9487
19198,1297.9496
19199,1297.9506
19200,1297.4449
19201,1297.4511
19202,1297.0412
19203,1297.0423
19204,1297.0429
19205,1297.4522
19206,1297.0433
19207,1297.4461
19208,1297.4561
19209,1297.4570
19210,1297.4437
19211,1297.4579
19212,1300.3726
19213,1300.3737
19214,1297.4528
19215,1297.4534
19216,1300.3682
19217,1300.3694
19218,1300.3747
19219,1300.3706
19220,1297.4539
19221,1300.3716
19222,1297.4546
19223,1297.4551
19224,1297.4584
19225,1297.4590
19226,1300.3807
19227,1300.3816
19228,1300.3752
19229,1300.7885
19230,1300.7918
19231,1300.3765
19232,1300.7897
19233,1300.3758
19234,1300.7908
19235,1300.7874
19236,1300.3769
19237,1300.3775
19238,1300.3781
19239,1300.3787
19240,1300.3792
19241,1300.3797
19242,1300.7961
19243,1300.3821
19244,1300.3827
19245,1300.7923
19246,1300.7928
19247,1300.8023
19248,1300.7986
19249,1300.8067
19250,1300.7998
19251,1300.8013
19252,1300.8033
19253,1300.7934
19254,1300.8042
19255,1300.7940
19256,1300.7946
19257,1300.7952
19258,1300.7967
19259,1300.7973
19260,1300.8058
19261,1300.8077
19262,1300.7977
19263,1300.8048
19264,1300.8113
19265,1300.8127
19266,1300.8179
19267,1303.4191
19268,1300.8139
19269,1300.8148
19270,1303.4203
19271,1300.8081
19272,1303.4255
19273,1300.8159
19274,1303.4213
19275,1300.8088
19276,1300.8093
19277,1300.8099
19278,1300.8104
19279,1300.8169
19280,1300.8118
19281,1303.4220
19282,1303.4225
19283,1303.4231
19284,1303.4235
19285,1303.4240
19286,1304.0219
19287,1303.4245
19288,1304.0269
19289,1304.0278
19290,1304.0288
19291,1304.0297
19292,1304.0307
19293,1304.0338
19294,1303.4261
19295,1304.0319
19296,1304.0239
19297,1303.4267
19298,1304.0249
19299,1304.0328
19300,1303.4273
19301,1304.0259
19302,1304.0227
19303,1304.0371
19304,1304.0402
19305,1304.0411
19306,1304.0420
19307,1304.0430
19308,1304.0439
19309,1304.0344
19310,1304.0448
19311,1304.0458
19312,1304.0350
19313,1304.0383
19314,1304.0356
19315,1304.0392
19316,1304.0468
19317,1304.0524
19318,1304.0362
19319,1304.0510
19320,1304.0533
19321,1304.0542
19322,1304.0473
19323,1306.5789
19324,1304.0553
19325,1304.0562
19326,1304.0479
19327,1304.0485
19328,1306.5767
19329,1306.5779
19330,1304.0490
19331,1304.0495
19332,1304.0500
19333,1306.5795
19334,1306.5800
19335,1306.5845
19336,1306.5805
19337,1306.5810
19338,1306.5815
19339,1307.2091
19340,1307.2102
19341,1307.2113
19342,1306.5820
19343,1307.2122
19344,1307.2061
19345,1306.5826
19346,1306.5831
19347,1307.2072
19348,1307.2210
19349,1307.2081
19350,1306.5835
19351,1306.5849
19352,1306.5854
19353,1306.5859
19354,1307.2153
19355,1307.2127
19356,1307.2133
19357,1307.2138
19358,1307.2181
19359,1307.2191
19360,1307.2162
19361,1307.2143
19362,1307.2200
19363,1307.2172
19364,1307.2265
19365,1307.2215
19366,1307.2297
19367,1307.2306
19368,1307.2221
19369,1307.2226
19370,1307.2315
19371,1307.2231
19372,1307.2329
19373,1307.2236
19374,1307.2340
19375,1307.2349
19376,1307.2247
19377,1307.2252
19378,1307.2256
19379,1307.2287
19380,1307.2270
19381,1307.2276
19382,1310.5262
19383,1309.8603
19384,1309.8542
19385,1309.8549
19386,1309.8554
19387,1309.8559
19388,1310.5271
19389,1309.8612
19390,1309.8571
19391,1310.5279
19392,1309.8565
19393,1309.8624
19394,1309.8577
19395,1310.5324
19396,1309.8588
19397,1309.8593
19398,1310.5346
19399,1310.5284
19400,1310.5288
19401,1310.5354
19402,1310.5361
19403,1310.5292
19404,1310.5296
19405,1310.5306
19406,1310.5370
19407,1310.5310
19408,1310.5339
19409,1313.2742
19410,1310.5314
19411,1310.5328
19412,1313.2765
19413,1310.5331
19414,1310.5374
19415,1313.2807
19416,1313.2775
19417,1313.2819
19418,1313.2786
19419,1313.2798
19420,1310.5377
19421,1310.5385
19422,1310.5388
19423,1310.5392
19424,1310.5381
19425,1313.2856
19426,1313.2749
19427,1313.2755
19428,1313.2875
19429,1313.2823
19430,1313.2828
19431,1313.2833
19432,1313.2886
19433,1313.2897
19434,1313.2906
19435,1313.2916
19436,1313.2946
19437,1313.2927
19438,1313.2838
19439,1313.2937
19440,1313.2845
19441,1313.2861
19442,1313.2988
19443,1313.2865
19444,1313.3012
19445,1313.3021
19446,1313.3030
19447,1313.2951
19448,1313.2956
19449,1313.2961
19450,1313.7804
19451,1313.7814
19452,1313.2966
19453,1313.2974
19454,1313.7825
19455,1313.2978
19456,1313.2766
19457,1313.2776
19458,1312.7976
19459,1312.7984
19460,1316.4379
19461,1313.2749
19462,1313.2839
19463,1316.4390
19464,1316.4400
19465,1313.2756
19466,1316.4411
19467,1316.4421
19468,1316.4432
19469,1316.4442
19470,1316.4457
19471,1316.4469
19472,1313.2812
19473,1313.2819
19474,1313.2824
19475,1313.2829
19476,1316.4536
19477,1316.4475
19478,1316.4481
19479,1316.4485
19480,1316.4563
19481,1316.4490
19482,1316.4573
19483,1316.4496
19484,1316.4583
19485,1316.4592
19486,1316.4500
19487,1316.4506
19488,1316.4552
19489,1316.4510
19490,1316.4515
19491,1316.4521
19492,1316.4622
19493,1316.4540
19494,1316.4633
19495,1316.4644
19496,1316.4598
19497,1316.4654
19498,1316.4606
19499,1316.4612
19500,1322.4084
19501,1322.4157
19502,1322.4092
19503,1322.4194
19504,1322.4099
19505,1322.4172
19506,1322.4204
19507,1322.4105
19508,1322.4111
19509,1322.4117
19510,1322.4123
19511,1322.4127
19512,1322.4183
19513,1322.4132
19514,1322.4138
19515,1322.4148
19516,1322.4143
19517,1322.4162
19518,1322.4251
19519,1322.4315
19520,1322.4209
19521,1322.4214
19522,1322.4267
19523,1322.4219
19524,1322.4277
19525,1322.4286
19526,1322.4225
19527,1322.4296
19528,1322.4306
19529,1322.4230
19530,1322.4365
19531,1322.4236
19532,1322.4374
19533,1322.4242
19534,1322.4256
19535,1322.4416
19536,1322.4319
19537,1322.4325
19538,1322.4330
19539,1322.4335
19540,1322.4396
19541,1322.4340
19542,1322.4346
19543,1322.4406
19544,1322.4350
19545,1322.4356
19546,1322.4379
19547,1325.4754
19548,1325.4733
19549,1322.4384
19550,1325.4743
19551,1325.4841
19552,1325.4780
19553,1325.4853
19554,1325.4702
19555,1325.4792
19556,1325.4709
19557,1325.4802
19558,1325.4716
19559,1325.4812
19560,1325.4822
19561,1325.4722
19562,1325.4832
19563,1325.4760
19564,1325.4766
19565,1325.4893
19566,1325.4770
19567,1325.4945
19568,1325.4907
19569,1325.4857
19570,1325.4863
19571,1325.4960
19572,1325.4918
19573,1325.4927
19574,1325.4867
19575,1325.4969
19576,1325.4875
19577,1325.4879
19578,1325.4884
19579,1325.4978
19580,1325.4936
19581,1325.4898
19582,1325.5021
19583,1325.5062
19584,1325.4984
19585,1325.4989
19586,1325.5034
19587,1325.4994
19588,1325.5043
19589,1325.4998
19590,1325.5053
19591,1325.5071
19592,1325.5080
19593,1325.5003
19594,1327.4192
19595,1325.5007
19596,1327.4214
19597,1325.5012
19598,1327.4203
19599,1325.5085
19600,1328.9115
19601,1328.9126
19602,1328.9136
19603,1328.9146
19604,1325.5089
19605,1325.5096
19606,1328.9155
19607,1325.5100
19608,1328.9165
19609,1328.9189
19610,1327.4220
19611,1327.4226
19612,1328.9174
19613,1327.4230
19614,1327.4235
19615,1327.4240
19616,1328.9243
19617,1328.9194
19618,1328.9261
19619,1328.9200
19620,1328.9271
19621,1328.9205
19622,1328.9281
19623,1328.9312
19624,1328.9292
19625,1328.9211
19626,1328.9215
19627,1328.9220
19628,1328.9225
19629,1328.9229
19630,1328.9303
19631,1328.9234
19632,1328.9360
19633,1328.9249
19634,1328.9375
19635,1328.9318
19636,1328.9384
19637,1328.9393
19638,1328.9323
19639,1328.9402
19640,1328.9329
19641,1328.9333
19642,1328.9341
19643,1328.9415
19644,1328.9424
19645,1328.9346
19646,1330.4827
19647,1328.9351
19648,1328.9366
19649,1330.4843
19650,1328.9429
19651,1330.4853
19652,1328.9434
19653,1330.4862
19654,1328.9439
19655,1328.9444
19656,1328.9448
19657,1330.4810
19658,1330.4816
19659,1330.4872
19660,1330.4882
19661,1330.4891
19662,1330.4913
19663,1330.4834
19664,1332.0177
19665,1332.0188
19666,1332.0199
19667,1332.0219
19668,1332.0228
19669,1330.4897
19670,1332.0237
19671,1332.0247
19672,1332.0298
19673,1330.4903
19674,1332.0258
19675,1332.0268
19676,1332.0151
19677,1332.0157
19678,1332.0162
19679,1332.0167
19680,1332.0204
19681,1332.0209
19682,1332.0288
19683,1332.0345
19684,1332.0326
19685,1332.0336
19686,1332.0273
19687,1332.0279
19688,1332.0390
19689,1332.0304
19690,1332.0399
19691,1332.0409
19692,1332.0418
19693,1332.0427
19694,1332.0309
19695,1332.0436
19696,1332.0381
19697,1332.0315
19698,1333.6931
19699,1333.6941
19700,1332.0350
19701,1332.0356
19702,1332.0366
19703,1332.0371
19704,1333.7002
19705,1333.7023
19706,1332.0441
19707,1332.0445
19708,1332.0450
19709,1332.0455
19710,1332.0459
19711,1333.7042
19712,1333.1992
19713,1333.2006
19714,1333.1967
19715,1334.6522
19716,1334.6533
19717,1334.6623
19718,1334.6544
19719,1334.6554
19720,1333.2073
19721,1334.6572
19722,1334.6583
19723,1334.6593
19724,1333.2097
19725,1334.6605
19726,1333.2127
19727,1333.2111
19728,1334.6614
19729,1333.2116
19730,1333.2122
19731,1334.6674
19732,1334.6560
19733,1334.6629
19734,1334.6634
19735,1334.6639
19736,1334.6714
19737,1334.6643
19738,1334.6729
19739,1334.6650
19740,1334.6655
19741,1334.6659
19742,1334.6739
19743,1334.6749
19744,1334.6696
19745,1334.6665
19746,1334.6705
19747,1334.6799
19748,1334.6808
19749,1334.6817
19750,1334.6680
19751,1334.6686
19752,1334.6755
19753,1334.6761
19754,1334.6766
19755,1336.3649
19756,1336.3659
19757,1336.3668
19758,1334.6782
19759,1334.6788
19760,1334.6771
19761,1334.6778
19762,1336.3637
19763,1334.6823
19764,1334.6829
19765,1336.3722
19766,1334.6834
19767,1336.3733
19768,1336.3703
19769,1334.6840
19770,1336.3712
19771,1336.3675
19772,1337.7896
19773,1337.7912
19774,1337.7921
19775,1337.7931
19776,1337.7876
19777,1337.7940
19778,1336.3685
19779,1336.3691
19780,1337.7886
19781,1337.7992
19782,1337.8011
19783,1336.3739
19784,1337.8020
19785,1337.7858
19786,1337.7866
19787,1337.8001
19788,1337.7945
19789,1337.7951
19790,1337.8053
19791,1337.7963
19792,1337.7956
19793,1337.7968
19794,1337.8030
19795,1337.7973
19796,1337.7978
19797,1337.8037
19798,1337.8069
19799,1337.8042
19800,1337.8074
19801,1341.0511
19802,1337.8079
19803,1341.0541
19804,1337.8085
19805,1341.0552
19806,1337.8090
19807,1337.8096
19808,1341.0564
19809,1337.8103
19810,1337.8108
19811,1337.8114
19812,1337.8118
19813,1341.0580
19814,1341.0529
19815,1337.8123
19816,1337.8128
19817,1341.0518
19818,1341.0697
19819,1341.0738
19820,1341.0586
19821,1341.0592
19822,1341.0598
19823,1341.0747
19824,1341.0602
19825,1341.0713
19826,1341.0608
19827,1341.0613
19828,1341.0776
19829,1341.0618
19830,1341.0623
19831,1341.0823
19832,1341.0724
19833,1341.0686
19834,1341.0702
19835,1341.0832
19836,1341.0841
19837,1341.0752
19838,1341.0850
19839,1341.0762
19840,1341.0800
19841,1341.0757
19842,1341.0767
19843,1341.0812
19844,1341.0781
19845,1341.0785
19846,1341.0790
19847,1341.0876
19848,1344.5591
19849,1344.5527
19850,1344.5539
19851,1344.5638
19852,1344.5551
19853,1344.5601
19854,1344.5610
19855,1344.5619
19856,1341.0855
19857,1344.5561
19858,1341.0859
19859,1341.0865
19860,1344.5629
19861,1344.5571
19862,1344.5581
19863,1341.0880
19864,1344.5686
19865,1344.5643
19866,1344.5722
19867,1344.5732
19868,1344.5744
19869,1344.5649
19870,1344.5753
19871,1344.5762
19872,1344.5772
19873,1344.5654
19874,1344.5702
19875,1344.5664
19876,1344.5660
19877,1344.5669
19878,1344.5712
19879,1344.5674
19880,1344.5691
19881,1344.5811
19882,1344.5875
19883,1344.5886
19884,1344.5895
19885,1344.5904
19886,1344.5776
19887,1344.5781
19888,1344.5786
19889,1344.5828
19890,1344.5792
19891,1344.5837
19892,1344.5797
19893,1344.5847
19894,1344.5857
19895,1344.5866
19896,1344.5801
19897,1344.5815
19898,1344.5909
19899,1344.5914
19900,1344.5919
19901,1344.5957
19902,1344.5923
19903,1347.6603
19904,1347.6524
19905,1344.5928
19906,1347.6541
19907,1347.6550
19908,1347.6561
19909,1347.6612
19910,1344.5933
19911,1344.5938
19912,1347.6574
19913,1347.6583
19914,1344.5943
19915,1347.6593
19916,1344.5948
19917,1347.6662
19918,1347.6672
19919,1347.6759
19920,1347.6618
19921,1347.6699
19922,1347.6710
19923,1347.6625
19924,1347.6720
19925,1347.6630
19926,1347.6636
19927,1347.6729
19928,1347.6642
19929,1347.6738
19930,1347.6648
19931,1347.6749
19932,1347.6653
19933,1347.6677
19934,1347.6682
19935,1347.6763
19936,1347.6768
19937,1347.6774
19938,1347.6819
19939,1347.6838
19940,1347.6849
19941,1347.6779
19942,1347.6786
19943,1347.6858
19944,1347.6791
19945,1347.6868
19946,1347.6880
19947,1347.6889
19948,1347.6898
19949,1347.6797
19950,1347.6808
19951,1347.6907
19952,1347.6829
19953,1347.6803
19954,1347.6957
19955,1347.6983
19956,1347.6913
19957,1347.6993
19958,1349.4386
19959,1347.6919
19960,1347.7008
19961,1347.7018
19962,1347.7027
19963,1347.6930
19964,1347.7037
19965,1347.7046
19966,1347.6943
19967,1347.6948
19968,1347.5954
19969,1347.5991
19970,1347.5980
19971,1347.6070
19972,1347.6077
19973,1349.3454
19974,1349.3410
19975,1349.3417
19976,1349.3463
19977,1349.3423
19978,1349.3428
19979,1349.3433
19980,1349.3438
19981,1349.3475
19982,1349.3481
19983,1349.3541
19984,1349.3558
19985,1349.3568
19986,1349.3590
19987,1349.3486
19988,1349.3490
19989,1349.3497
19990,1349.3502
19991,1349.3507
19992,1349.3600
19993,1349.3512
19994,1349.3517
19995,1349.3579
19996,1349.3522
19997,1349.3526
19998,1349.3531
19999,1349.3546
