tx_idx,latency_ms
0,417.2264
1,417.2256
2,417.2271
3,417.2232
4,417.2284
5,417.2290
6,417.2296
7,417.2276
8,417.2313
9,417.2304
10,417.2331
11,417.2307
12,417.2319
13,417.2325
14,417.2344
15,417.2334
16,417.2338
17,417.2353
18,417.2367
19,417.2347
20,417.2361
21,417.2356
22,417.2391
23,417.2370
24,417.2378
25,417.2384
26,417.2399
27,417.2416
28,417.2409
29,417.2393
30,417.2403
31,417.2431
32,417.2419
33,417.2423
34,417.2426
35,417.2434
36,417.2438
37,417.2447
38,417.2464
39,417.2441
40,417.2458
41,417.2450
42,417.2467
43,417.2483
44,417.2470
45,417.2477
46,417.2495
47,417.2504
48,417.2486
49,417.2489
50,417.2498
51,417.2507
52,417.2513
53,417.2528
54,417.2522
55,417.2534
56,417.2516
57,417.2552
58,417.2537
59,417.2540
60,417.2546
61,417.2555
62,417.2559
63,417.2583
64,417.2565
65,417.2571
66,417.2577
67,417.2592
68,417.2602
69,417.2586
70,417.2608
71,417.2596
72,417.2624
73,417.2612
74,417.2615
75,417.2618
76,417.2627
77,417.2630
78,417.2642
79,417.2633
80,417.2636
81,417.2648
82,417.2669
83,417.2663
84,417.2657
85,417.2651
86,417.2681
87,417.2687
88,417.2672
89,417.2675
90,417.2693
91,417.2711
92,417.2699
93,417.2705
94,417.2721
95,417.2714
96,417.2730
97,417.2736
98,417.2724
99,417.2743
100,417.2750
101,417.2756
102,417.2762
103,417.2768
104,417.2777
105,417.2783
106,417.2789
107,417.2771
108,417.2801
109,417.2807
110,417.2792
111,417.2795
112,417.2819
113,417.2828
114,417.2810
115,417.2813
116,417.2822
117,417.2831
118,417.2834
119,417.2857
120,417.2843
121,417.2849
122,417.2837
123,417.2874
124,417.2860
125,417.2863
126,417.2866
127,417.2878
128,417.2882
129,417.2902
130,417.2896
131,417.2890
132,417.2886
133,417.2917
134,417.2905
135,417.2908
136,417.2911
137,417.2920
138,417.2929
139,417.2941
140,417.2923
141,417.2935
142,417.2953
143,417.2945
144,417.2965
145,417.2971
146,417.2956
147,417.2959
148,417.2987
149,417.2975
150,417.2978
151,417.2981
152,417.2990
153,417.2993
154,417.3000
155,417.3020
156,417.3006
157,417.3013
158,417.3033
159,417.3044
160,417.3023
161,417.3027
162,417.3036
163,417.3060
164,417.3048
165,417.3051
166,417.3054
167,417.3070
168,417.3064
169,417.3077
170,417.3084
171,417.3107
172,417.3100
173,417.3087
174,417.3120
175,417.3110
176,417.3127
177,417.3114
178,417.3133
179,417.3139
180,417.3152
181,417.3158
182,417.3142
183,417.3146
184,417.3162
185,417.3165
186,417.3184
187,417.3168
188,417.3178
189,417.3200
190,417.3187
191,417.3190
192,417.3193
193,417.3209
194,417.3223
195,417.3203
196,417.3217
197,417.3236
198,417.3245
199,417.3230
200,417.3227
201,417.3239
202,417.3341
203,417.3260
204,417.3249
205,417.3254
206,417.3348
207,417.3353
208,417.3358
209,417.3363
210,417.3368
211,417.3373
212,417.3398
213,417.3387
214,417.3410
215,417.3378
216,417.3429
217,417.3420
218,417.3444
219,417.3454
220,417.3464
221,417.3434
222,417.3484
223,417.3494
224,417.3469
225,417.3475
226,417.3501
227,417.3522
228,417.3509
229,417.3516
230,417.3532
231,417.3526
232,417.3541
233,417.3547
234,417.3556
235,417.3535
236,417.3550
237,417.3562
238,417.3581
239,417.3587
240,417.3575
241,417.3596
242,417.3602
243,417.3608
244,417.3590
245,417.3620
246,417.3611
247,417.3614
248,417.3629
249,417.3623
250,417.3638
251,417.3644
252,417.3632
253,417.3661
254,417.7439
255,417.3648
256,416.7645
257,417.1423
258,417.1443
259,417.1455
260,417.1449
261,417.1436
262,417.1471
263,417.1458
264,417.1485
265,417.1462
266,417.1474
267,417.1477
268,417.1499
269,417.1489
270,417.1493
271,417.1505
272,417.1512
273,417.1519
274,417.1527
275,417.1535
276,417.1549
277,417.1557
278,417.1565
279,417.1539
280,417.1568
281,417.1590
282,417.1571
283,417.1577
284,417.1584
285,417.1593
286,417.1613
287,417.1596
288,417.1607
289,417.1600
290,417.1629
291,417.1619
292,417.1616
293,417.1623
294,417.1632
295,417.1654
296,417.1645
297,417.1635
298,417.1639
299,417.1667
300,417.1674
301,417.1658
302,417.1661
303,417.1680
304,417.1686
305,417.1693
306,417.1705
307,417.1718
308,417.1727
309,417.1708
310,417.1711
311,417.1721
312,417.1740
313,417.1749
314,417.1730
315,417.1734
316,417.1743
317,417.1763
318,417.1753
319,417.1773
320,417.1756
321,417.1779
322,417.1766
323,417.1800
324,417.1793
325,417.1783
326,417.1787
327,417.1806
328,417.1830
329,417.1817
330,417.1823
331,417.1809
332,417.1833
333,417.1836
334,417.1867
335,417.1851
336,417.1845
337,417.1861
338,417.1873
339,417.1896
340,417.1883
341,417.1890
342,417.1877
343,417.1909
344,417.1899
345,417.1922
346,417.1902
347,417.1915
348,417.1912
349,417.1925
350,417.1928
351,417.1941
352,417.1931
353,417.1950
354,417.1934
355,417.1944
356,417.1957
357,417.1963
358,417.1969
359,417.1976
360,417.1982
361,417.1986
362,417.1989
363,417.2004
364,417.1992
365,417.1995
366,417.1998
367,417.2007
368,417.2011
369,417.2013
370,417.2019
371,417.2038
372,417.2025
373,417.2032
374,417.2047
375,417.2063
376,417.2041
377,417.2055
378,417.2076
379,417.2066
380,417.2082
381,417.2070
382,417.2099
383,417.2104
384,417.2085
385,417.2093
386,417.2107
387,417.2122
388,417.2110
389,417.2113
390,417.2116
391,417.2134
392,417.2125
393,417.2128
394,417.2146
395,417.2152
396,417.2137
397,417.2140
398,417.2168
399,417.2156
400,417.2159
401,417.2162
402,417.2171
403,417.2192
404,417.2180
405,417.2186
406,417.2174
407,417.2195
408,417.2204
409,417.2210
410,417.2198
411,417.2216
412,417.2225
413,417.2219
414,417.2231
415,417.2237
416,417.2245
417,417.2240
418,417.2251
419,417.2257
420,417.2267
421,417.2274
422,417.2260
423,417.2286
424,417.2294
425,417.2277
426,417.2280
427,417.2303
428,417.2312
429,417.2297
430,417.2319
431,417.2307
432,417.2334
433,417.2322
434,417.2325
435,417.2328
436,417.2346
437,417.2337
438,417.2340
439,417.2358
440,417.2349
441,417.2364
442,417.2353
443,417.2380
444,417.2374
445,417.2368
446,417.2390
447,417.2384
448,417.2399
449,417.2406
450,417.2418
451,417.2393
452,417.2409
453,417.2412
454,417.2420
455,417.2423
456,417.2438
457,417.2426
458,417.2429
459,417.2432
460,417.2454
461,417.2448
462,417.2442
463,417.2460
464,417.2475
465,417.2463
466,417.2466
467,417.2469
468,417.2483
469,417.2496
470,417.2486
471,417.2490
472,417.2508
473,417.2499
474,417.2502
475,417.2514
476,417.2529
477,417.2517
478,417.2520
479,417.2523
480,417.2532
481,417.2535
482,417.2538
483,417.2547
484,417.2553
485,417.2541
486,417.2559
487,417.2571
488,417.2562
489,417.2565
490,417.2586
491,417.2574
492,417.2577
493,417.2580
494,417.2589
495,417.2598
496,417.2607
497,417.2613
498,417.2592
499,417.2601
500,417.2616
501,417.2625
502,417.2631
503,417.2642
504,417.2619
505,417.2658
506,417.2645
507,417.2649
508,417.2652
509,417.2661
510,417.2664
511,417.5512
512,416.6781
513,416.9618
514,416.9643
515,416.9630
516,416.9633
517,416.9636
518,416.9646
519,416.9649
520,416.9660
521,416.9653
522,416.9669
523,416.9676
524,416.9663
525,416.9692
526,416.9679
527,416.9682
528,416.9686
529,416.9695
530,416.9698
531,416.9708
532,416.9714
533,416.9729
534,416.9701
535,416.9737
536,416.9723
537,416.9749
538,416.9759
539,416.9765
540,416.9741
541,416.9753
542,416.9775
543,416.9791
544,416.9785
545,416.9769
546,416.9778
547,416.9804
548,416.9811
549,416.9795
550,416.9798
551,416.9817
552,416.9820
553,416.9824
554,416.9828
555,416.9834
556,416.9844
557,416.9850
558,416.9856
559,416.9837
560,416.9866
561,416.9860
562,416.9882
563,416.9889
564,416.9869
565,416.9903
566,416.9893
567,416.9913
568,416.9896
569,416.9907
570,416.9923
571,416.9916
572,416.9937
573,416.9943
574,416.9926
575,416.9931
576,416.9953
577,416.9959
578,416.9965
579,416.9947
580,416.9975
581,416.9982
582,416.9989
583,416.9969
584,416.9998
585,417.0007
586,416.9992
587,417.0014
588,417.0001
589,417.0027
590,417.0039
591,417.0021
592,417.0017
593,417.0030
594,417.0052
595,417.0058
596,417.0042
597,417.0045
598,417.0074
599,417.0061
600,417.0064
601,417.0068
602,417.0077
603,417.0100
604,417.0087
605,417.0080
606,417.0093
607,417.0103
608,417.0106
609,417.0109
610,417.0112
611,417.0116
612,417.0125
613,417.0131
614,417.0138
615,417.0119
616,417.0154
617,417.0141
618,417.0144
619,417.0147
620,417.0157
621,417.0160
622,417.0163
623,417.0167
624,417.0182
625,417.0169
626,417.0176
627,417.0188
628,417.0192
629,417.0201
630,417.0195
631,417.0213
632,417.0207
633,417.0226
634,417.0232
635,417.0220
636,417.0216
637,417.0235
638,417.0253
639,417.0238
640,417.0247
641,417.0241
642,417.0268
643,417.0259
644,417.0256
645,417.0262
646,417.0280
647,417.0271
648,417.0274
649,417.0286
650,417.0303
651,417.0309
652,417.0297
653,417.0289
654,417.0322
655,417.0316
656,417.0312
657,417.0337
658,417.0325
659,417.0331
660,417.0328
661,417.0349
662,417.0340
663,417.0343
664,417.0358
665,417.0364
666,417.0370
667,417.0351
668,417.0379
669,417.0389
670,417.0395
671,417.0373
672,417.0382
673,417.0398
674,417.0408
675,417.0422
676,417.0401
677,417.0416
678,417.0431
679,417.0425
680,417.0444
681,417.0450
682,417.0434
683,417.0437
684,417.0453
685,417.0459
686,417.0473
687,417.0479
688,417.0467
689,417.0492
690,417.0482
691,417.0501
692,417.0486
693,417.0495
694,417.0514
695,417.0523
696,417.0504
697,417.0507
698,417.0517
699,417.0542
700,417.0525
701,417.0529
702,417.0536
703,417.0551
704,417.0567
705,417.0545
706,417.0561
707,417.0554
708,417.0570
709,417.0584
710,417.0590
711,417.0596
712,417.0573
713,417.0605
714,417.0617
715,417.0599
716,417.0611
717,417.0629
718,417.0620
719,417.0639
720,417.0623
721,417.0633
722,417.0648
723,417.0662
724,417.0642
725,417.0656
726,417.0671
727,417.0683
728,417.0677
729,417.0665
730,417.0695
731,417.0701
732,417.0686
733,417.0690
734,417.0714
735,417.0704
736,417.0724
737,417.0708
738,417.0733
739,417.0717
740,417.0743
741,417.0727
742,417.0736
743,417.0758
744,417.0746
745,417.0749
746,417.0752
747,417.0773
748,417.0761
749,417.0764
750,417.0767
751,417.0776
752,417.0779
753,417.0782
754,417.0785
755,417.0797
756,417.0806
757,417.0788
758,417.0791
759,417.0800
760,417.0824
761,417.0809
762,417.0833
763,417.0818
764,417.0827
765,417.0847
766,417.0836
767,417.4052
768,416.4636
769,416.7837
770,416.7842
771,416.7861
772,416.7871
773,416.7877
774,416.7854
775,416.7864
776,416.7880
777,416.7883
778,416.7886
779,416.7900
780,416.7889
781,416.7893
782,416.7910
783,416.7926
784,416.7920
785,416.7903
786,416.7913
787,416.7933
788,416.7929
789,416.7936
790,416.7947
791,416.7960
792,416.7939
793,416.7953
794,416.7969
795,416.7982
796,416.7976
797,416.7963
798,416.7991
799,416.8005
800,416.7999
801,416.7985
802,416.8012
803,416.8031
804,416.8018
805,416.8024
806,416.8040
807,416.8057
808,416.8046
809,416.8034
810,416.8072
811,416.8064
812,416.8061
813,416.8082
814,416.8101
815,416.8075
816,416.8093
817,416.8086
818,416.8105
819,416.8108
820,416.8121
821,416.8111
822,416.8115
823,416.8127
824,416.8146
825,416.8134
826,416.8140
827,416.8152
828,416.8159
829,416.8177
830,416.8183
831,416.8170
832,416.8162
833,416.8187
834,416.8190
835,416.8193
836,416.8203
837,416.8209
838,416.8215
839,416.8196
840,416.8225
841,416.8219
842,416.8234
843,416.8241
844,416.8228
845,416.8258
846,416.8244
847,416.8251
848,416.8247
849,416.8261
850,416.8264
851,416.8270
852,416.8280
853,416.8286
854,416.8292
855,416.8273
856,416.8296
857,416.8299
858,416.8314
859,416.8302
860,416.8324
861,416.8305
862,416.8317
863,416.8337
864,416.8327
865,416.8344
866,416.8331
867,416.8361
868,416.8355
869,416.8373
870,416.8348
871,416.8364
872,416.8386
873,416.8376
874,416.8395
875,416.8379
876,416.8389
877,416.8404
878,416.8398
879,416.8420
880,416.8413
881,416.8426
882,416.8407
883,416.8429
884,416.8440
885,416.8431
886,416.8449
887,416.8434
888,416.8444
889,416.8465
890,416.8452
891,416.8458
892,416.8455
893,416.8467
894,416.8470
895,416.8479
896,416.8473
897,416.8498
898,416.8491
899,416.8482
900,416.8485
901,416.8500
902,416.8514
903,416.8503
904,416.8520
905,416.8506
906,416.8540
907,416.8534
908,416.8527
909,416.8549
910,416.8563
911,416.8543
912,416.8557
913,416.8573
914,416.8592
915,416.8566
916,416.8586
917,416.8576
918,416.8595
919,416.8610
920,416.8598
921,416.8601
922,416.8604
923,416.8619
924,416.8628
925,416.8634
926,416.8613
927,416.8622
928,416.8646
929,416.8655
930,416.8637
931,416.8640
932,416.8649
933,416.8665
934,416.8658
935,416.8686
936,416.8679
937,416.8697
938,416.8668
939,416.8706
940,416.8689
941,416.8700
942,416.8716
943,416.8735
944,416.8709
945,416.8726
946,416.8719
947,416.8746
948,416.8738
949,416.8752
950,416.8759
951,416.8774
952,416.8768
953,416.8762
954,416.8781
955,416.8801
956,416.8788
957,416.8795
958,416.8810
959,416.8827
960,416.8804
961,416.8820
962,416.8814
963,416.8842
964,416.8835
965,416.8857
966,416.8865
967,416.8846
968,416.8850
969,416.8877
970,416.8883
971,416.8868
972,416.8871
973,416.8895
974,416.8886
975,416.8889
976,416.8907
977,416.8914
978,416.8898
979,416.8901
980,416.8923
981,416.8917
982,416.8933
983,416.8939
984,416.8951
985,416.8927
986,416.8942
987,416.8945
988,416.8954
989,416.8956
990,416.8978
991,416.8966
992,416.8960
993,416.8972
994,416.8981
995,416.8990
996,416.8984
997,416.9000
998,416.9006
999,416.8994
1000,416.9020
1001,416.9010
1002,416.9014
1003,416.9029
1004,416.9023
1005,416.9035
1006,416.9041
1007,416.9057
1008,416.9051
1009,416.9063
1010,416.9044
1011,416.9073
1012,416.9090
1013,416.9084
1014,416.9066
1015,416.9076
1016,416.9093
1017,416.9096
1018,416.9114
1019,416.9099
1020,416.9102
1021,416.9108
1022,416.9117
1023,417.1737
1024,416.5270
1025,416.5276
1026,416.2640
1027,416.5262
1028,416.5282
1029,416.5293
1030,416.5300
1031,416.5306
1032,416.5286
1033,416.5326
1034,416.5314
1035,416.5310
1036,416.5334
1037,416.5341
1038,416.5350
1039,416.5357
1040,416.5367
1041,416.5360
1042,416.5376
1043,416.5382
1044,416.5370
1045,416.5395
1046,416.5386
1047,416.5401
1048,416.5389
1049,416.5415
1050,416.5422
1051,416.5405
1052,416.5409
1053,416.5426
1054,416.5429
1055,416.5442
1056,416.5448
1057,416.5432
1058,416.5435
1059,416.5455
1060,416.5461
1061,416.5467
1062,416.5474
1063,416.5481
1064,416.5495
1065,416.5501
1066,416.5485
1067,416.5488
1068,416.5507
1069,416.5527
1070,416.5514
1071,416.5521
1072,416.5540
1073,416.5550
1074,416.5530
1075,416.5534
1076,416.5544
1077,416.5553
1078,416.5568
1079,416.5556
1080,416.5561
1081,416.5574
1082,416.5597
1083,416.5590
1084,416.5582
1085,416.5603
1086,416.5613
1087,416.5625
1088,416.5619
1089,416.5606
1090,416.5639
1091,416.5629
1092,416.5645
1093,416.5633
1094,416.5656
1095,416.5663
1096,416.5649
1097,416.5674
1098,416.5687
1099,416.5667
1100,416.5681
1101,416.5700
1102,416.5690
1103,416.5693
1104,416.5714
1105,416.5703
1106,416.5728
1107,416.5707
1108,416.5717
1109,416.5721
1110,416.5737
1111,416.5731
1112,416.5750
1113,416.5757
1114,416.5740
1115,416.5743
1116,416.5766
1117,416.5760
1118,416.5779
1119,416.5785
1120,416.5769
1121,416.5772
1122,416.5797
1123,416.5788
1124,416.5791
1125,416.5803
1126,416.5824
1127,416.5818
1128,416.5811
1129,416.5840
1130,416.5830
1131,416.5833
1132,416.5827
1133,416.5843
1134,416.5846
1135,416.5859
1136,416.5849
1137,416.5852
1138,416.5868
1139,416.5861
1140,416.5877
1141,416.5883
1142,416.5892
1143,416.5871
1144,416.5886
1145,416.5901
1146,416.5917
1147,416.5911
1148,416.5895
1149,416.5904
1150,416.5920
1151,416.5927
1152,416.5924
1153,416.5930
1154,416.5954
1155,416.5960
1156,416.5938
1157,416.5945
1158,416.5973
1159,416.5963
1160,416.5966
1161,416.5985
1162,416.5994
1163,416.5976
1164,416.5979
1165,416.5988
1166,416.6010
1167,416.6001
1168,416.5998
1169,416.6004
1170,416.6016
1171,416.6038
1172,416.6023
1173,416.6031
1174,416.6050
1175,416.6044
1176,416.6041
1177,416.6059
1178,416.6072
1179,416.6053
1180,416.6066
1181,416.6081
1182,416.6098
1183,416.6092
1184,416.6075
1185,416.6085
1186,416.6116
1187,416.6110
1188,416.6101
1189,416.6104
1190,416.6119
1191,416.6122
1192,416.6125
1193,416.6128
1194,416.6140
1195,416.6131
1196,416.6152
1197,416.6134
1198,416.6143
1199,416.6146
1200,416.6158
1201,416.6179
1202,416.6167
1203,416.6173
1204,416.6161
1205,416.6195
1206,416.6189
1207,416.6203
1208,416.6182
1209,416.6206
1210,416.6221
1211,416.6227
1212,416.6209
1213,416.6213
1214,416.6236
1215,416.6230
1216,416.6246
1217,416.6253
1218,416.6240
1219,416.6266
1220,416.6275
1221,416.6281
1222,416.6257
1223,416.6269
1224,416.6291
1225,416.6300
1226,416.6284
1227,416.6306
1228,416.6294
1229,416.6312
1230,416.6332
1231,416.6320
1232,416.6326
1233,416.6344
1234,416.6350
1235,416.6338
1236,416.6335
1237,416.6360
1238,416.6366
1239,416.6373
1240,416.6353
1241,416.6385
1242,416.6391
1243,416.6376
1244,416.6379
1245,416.6397
1246,416.6411
1247,416.6420
1248,416.6404
1249,416.6426
1250,416.6442
1251,416.6448
1252,416.6434
1253,416.6460
1254,416.6466
1255,416.6454
1256,416.6451
1257,416.6475
1258,416.6469
1259,416.6487
1260,416.6481
1261,416.6493
1262,416.6503
1263,416.6520
1264,416.6514
1265,416.6506
1266,416.6535
1267,416.6542
1268,416.6523
1269,416.6526
1270,416.6557
1271,416.6545
1272,416.6548
1273,416.6551
1274,416.6560
1275,416.6564
1276,416.6575
1277,416.6567
1278,416.9019
1279,416.6587
1280,416.0444
1281,416.2896
1282,416.2912
1283,416.2889
1284,416.2906
1285,416.2899
1286,416.2926
1287,416.2919
1288,416.2915
1289,416.2942
1290,416.2948
1291,416.2929
1292,416.2958
1293,416.2965
1294,416.2952
1295,416.2978
1296,416.2968
1297,416.2988
1298,416.2972
1299,416.3001
1300,416.2982
1301,416.2991
1302,416.2995
1303,416.3023
1304,416.3004
1305,416.3010
1306,416.3017
1307,416.3026
1308,416.3039
1309,416.3049
1310,416.3029
1311,416.3033
1312,416.3042
1313,416.3056
1314,416.3073
1315,416.3079
1316,416.3065
1317,416.3059
1318,416.3083
1319,416.3099
1320,416.3106
1321,416.3086
1322,416.3112
1323,416.3125
1324,416.3116
1325,416.3135
1326,416.3119
1327,416.3129
1328,416.3145
1329,416.3151
1330,416.3158
1331,416.3138
1332,416.3169
1333,416.3162
1334,416.3187
1335,416.3194
1336,416.3177
1337,416.3181
1338,416.3217
1339,416.3204
1340,416.3197
1341,416.3210
1342,416.3231
1343,416.3240
1344,416.3220
1345,416.3224
1346,416.3234
1347,416.3243
1348,416.3247
1349,416.3250
1350,416.3253
1351,416.3270
1352,416.3257
1353,416.3260
1354,416.3263
1355,416.3283
1356,416.3274
1357,416.3296
1358,416.3277
1359,416.3287
1360,416.3290
1361,416.3308
1362,416.3299
1363,416.3302
1364,416.3318
1365,416.3331
1366,416.3339
1367,416.3311
1368,416.3321
1369,416.3348
1370,416.3357
1371,416.3364
1372,416.3342
1373,416.3351
1374,416.3378
1375,416.3366
1376,416.3370
1377,416.3384
1378,416.3398
1379,416.3405
1380,416.3392
1381,416.3414
1382,416.3434
1383,416.3408
1384,416.3421
1385,416.3427
1386,416.3437
1387,416.3463
1388,416.3451
1389,416.3444
1390,416.3457
1391,416.3466
1392,416.3475
1393,416.3481
1394,416.3469
1395,416.3493
1396,416.3502
1397,416.3508
1398,416.3514
1399,416.3496
1400,416.3529
1401,416.3517
1402,416.3520
1403,416.3523
1404,416.3543
1405,416.3532
1406,416.3549
1407,416.3536
1408,416.3559
1409,416.3567
1410,416.3573
1411,416.3552
1412,416.3585
1413,416.3579
1414,416.3591
1415,416.3598
1416,416.3607
1417,416.3613
1418,416.3601
1419,416.3625
1420,416.3616
1421,416.3635
1422,416.3619
1423,416.3648
1424,416.3629
1425,416.3638
1426,416.3660
1427,416.3651
1428,416.3654
1429,416.3669
1430,416.3663
1431,416.3686
1432,416.3679
1433,416.3692
1434,416.3673
1435,416.3708
1436,416.3702
1437,416.3715
1438,416.3696
1439,416.3737
1440,416.3731
1441,416.3718
1442,416.3724
1443,416.3746
1444,416.3740
1445,416.3756
1446,416.3763
1447,416.3773
1448,416.3750
1449,416.3779
1450,416.3767
1451,416.3791
1452,416.3785
1453,416.3797
1454,416.3803
1455,416.3819
1456,416.3813
1457,416.3828
1458,416.3806
1459,416.3835
1460,416.3822
1461,416.3845
1462,416.3851
1463,416.3857
1464,416.3839
1465,416.3866
1466,416.3872
1467,416.3860
1468,416.3888
1469,416.3878
1470,416.3882
1471,416.3902
1472,416.3911
1473,416.3891
1474,416.3895
1475,416.3905
1476,416.3914
1477,416.3917
1478,416.3934
1479,416.3920
1480,416.3923
1481,416.3926
1482,416.3951
1483,416.3960
1484,416.3944
1485,416.3937
1486,416.3974
1487,416.3964
1488,416.3968
1489,416.3984
1490,416.3994
1491,416.4001
1492,416.3977
1493,416.3988
1494,416.4004
1495,416.4020
1496,416.4014
1497,416.4007
1498,416.4026
1499,416.4036
1500,416.4039
1501,416.4043
1502,416.4045
1503,416.4059
1504,416.4068
1505,416.4049
1506,416.4053
1507,416.4062
1508,416.4078
1509,416.4085
1510,416.4091
1511,416.4071
1512,416.4097
1513,416.4106
1514,416.4115
1515,416.4121
1516,416.4100
1517,416.4109
1518,416.4124
1519,416.4127
1520,416.4142
1521,416.4130
1522,416.4133
1523,416.4155
1524,416.4145
1525,416.4149
1526,416.4164
1527,416.4177
1528,416.4171
1529,416.4158
1530,416.4193
1531,416.4209
1532,416.4202
1533,416.4182
1534,416.5895
1535,416.4212
1536,415.9857
1537,415.8165
1538,415.9846
1539,415.9867
1540,415.9860
1541,415.9884
1542,415.9892
1543,415.9871
1544,415.9874
1545,415.9895
1546,415.9911
1547,415.9899
1548,415.9918
1549,415.9902
1550,415.9935
1551,415.9928
1552,415.9944
1553,415.9921
1554,415.9938
1555,415.9958
1556,415.9948
1557,415.9966
1558,415.9952
1559,415.9975
1560,415.9982
1561,415.9993
1562,415.9969
1563,415.9986
1564,416.0003
1565,416.0009
1566,415.9996
1567,416.0015
1568,416.0033
1569,416.0020
1570,416.0024
1571,416.0027
1572,416.0036
1573,416.0042
1574,416.0060
1575,416.0067
1576,416.0053
1577,416.0045
1578,416.0084
1579,416.0090
1580,416.0078
1581,416.0070
1582,416.0094
1583,416.0101
1584,416.0107
1585,416.0113
1586,416.0120
1587,416.0135
1588,416.0146
1589,416.0123
1590,416.0127
1591,416.0139
1592,416.0152
1593,416.0171
1594,416.0159
1595,416.0165
1596,416.0181
1597,416.0190
1598,416.0174
1599,416.0196
1600,416.0184
1601,416.0205
1602,416.0221
1603,416.0199
1604,416.0215
1605,416.0209
1606,416.0235
1607,416.0224
1608,416.0246
1609,416.0228
1610,416.0238
1611,416.0241
1612,416.0260
1613,416.0269
1614,416.0249
1615,416.0254
1616,416.0279
1617,416.0272
1618,416.0293
1619,416.0300
1620,416.0282
1621,416.0286
1622,416.0312
1623,416.0318
1624,416.0303
1625,416.0306
1626,416.0331
1627,416.0321
1628,416.0325
1629,416.0340
1630,416.0335
1631,416.0355
1632,416.0349
1633,416.0344
1634,416.0368
1635,416.0377
1636,416.0359
1637,416.0362
1638,416.0371
1639,416.0380
1640,416.0383
1641,416.0392
1642,416.0386
1643,416.0411
1644,416.0405
1645,416.0423
1646,416.0396
1647,416.0417
1648,416.0414
1649,416.0426
1650,416.0445
1651,416.0439
1652,416.0429
1653,416.0433
1654,416.0448
1655,416.0460
1656,416.0469
1657,416.0451
1658,416.0454
1659,416.0463
1660,416.0472
1661,416.0475
1662,416.0478
1663,416.0481
1664,416.0484
1665,416.0487
1666,416.0500
1667,416.0513
1668,416.0489
1669,416.0507
1670,416.0520
1671,416.0542
1672,416.0530
1673,416.0536
1674,416.0523
1675,416.0567
1676,416.0553
1677,416.0545
1678,416.0561
1679,416.0570
1680,416.0573
1681,416.0576
1682,416.0588
1683,416.0578
1684,416.0582
1685,416.0597
1686,416.0603
1687,416.0609
1688,416.0591
1689,416.0618
1690,416.0630
1691,416.0612
1692,416.0624
1693,416.0639
1694,416.0655
1695,416.0633
1696,416.0648
1697,416.0670
1698,416.0658
1699,416.0664
1700,416.0661
1701,416.0673
1702,416.0682
1703,416.0692
1704,416.0676
1705,416.0699
1706,416.0686
1707,416.0714
1708,416.0708
1709,416.0702
1710,416.0724
1711,416.0748
1712,416.0736
1713,416.0742
1714,416.0728
1715,416.0767
1716,416.0752
1717,416.0755
1718,416.0761
1719,416.0776
1720,416.0782
1721,416.0788
1722,416.0770
1723,416.0805
1724,416.0796
1725,416.0799
1726,416.0817
1727,416.0827
1728,416.0808
1729,416.0811
1730,416.0820
1731,416.0830
1732,416.0833
1733,416.0839
1734,416.0856
1735,416.0862
1736,416.0850
1737,416.0842
1738,416.0865
1739,416.0868
1740,416.0881
1741,416.0872
1742,416.0890
1743,416.0874
1744,416.0899
1745,416.0884
1746,416.0893
1747,416.0912
1748,416.0902
1749,416.0906
1750,416.8418
1751,416.0918
1752,416.0915
1753,416.0921
1754,416.8430
1755,416.8447
1756,416.8439
1757,416.8422
1758,416.8464
1759,416.8473
1760,416.8453
1761,416.8457
1762,416.8467
1763,416.8476
1764,416.8479
1765,420.1674
1766,416.8482
1767,416.8485
1768,420.1690
1769,420.1680
1770,420.1683
1771,420.1711
1772,420.1694
1773,420.1699
1774,420.1703
1775,420.1715
1776,420.1726
1777,420.1719
1778,420.1739
1779,420.1749
1780,420.1729
1781,420.1732
1782,420.1753
1783,423.3077
1784,423.3097
1785,423.3103
1786,420.1757
1787,423.3089
1788,423.3106
1789,423.3109
1790,423.3136
1791,423.3123
1792,422.7394
1793,422.7410
1794,422.7419
1795,422.7431
1796,422.7447
1797,422.7424
1798,422.7454
1799,422.7435
1800,422.7457
1801,425.8095
1802,422.7460
1803,422.7463
1804,425.8110
1805,425.8102
1806,425.8123
1807,425.8130
1808,425.8139
1809,425.8113
1810,425.8133
1811,425.8154
1812,425.8144
1813,425.8169
1814,425.8147
1815,425.8159
1816,425.8162
1817,425.8182
1818,425.8173
1819,425.8176
1820,428.8662
1821,428.8680
1822,428.8688
1823,425.8185
1824,428.8670
1825,428.8699
1826,428.8691
1827,428.8719
1828,428.8708
1829,428.8727
1830,428.8735
1831,428.8756
1832,428.8745
1833,428.8772
1834,428.8780
1835,428.8765
1836,428.8761
1837,432.2637
1838,432.2671
1839,428.8785
1840,428.8790
1841,432.2656
1842,432.2680
1843,432.2707
1844,432.2689
1845,432.2696
1846,432.2722
1847,432.2744
1848,432.2736
1849,432.2713
1850,432.2727
1851,432.2749
1852,432.2759
1853,432.2768
1854,435.7239
1855,432.2778
1856,435.7229
1857,435.7261
1858,435.7245
1859,435.7255
1860,435.7249
1861,435.7280
1862,435.7265
1863,435.7269
1864,435.7273
1865,435.7283
1866,435.7287
1867,435.7290
1868,435.7300
1869,435.7311
1870,435.7317
1871,435.7293
1872,435.7305
1873,435.7335
1874,435.7320
1875,438.8050
1876,435.7324
1877,438.8072
1878,435.7339
1879,438.8058
1880,438.8063
1881,438.8078
1882,438.8083
1883,438.8120
1884,438.8101
1885,438.8089
1886,438.8110
1887,438.8125
1888,438.8129
1889,438.8149
1890,438.8134
1891,438.8159
1892,438.8140
1893,438.8175
1894,438.8186
1895,438.8164
1896,441.8309
1897,441.8321
1898,441.8299
1899,441.8330
1900,441.8350
1901,441.8335
1902,441.8365
1903,441.8340
1904,441.8384
1905,441.8356
1906,441.8371
1907,444.9660
1908,444.9678
1909,444.9687
1910,444.9649
1911,444.9666
1912,444.9693
1913,444.9719
1914,444.9734
1915,444.9699
1916,444.9710
1917,444.9724
1918,448.2548
1919,444.9753
1920,448.2538
1921,444.9741
1922,448.2554
1923,448.2569
1924,448.2560
1925,448.2565
1926,448.2573
1927,448.2577
1928,448.2593
1929,448.2604
1930,448.2581
1931,448.2585
1932,448.2597
1933,448.2608
1934,448.2612
1935,448.2615
1936,448.2623
1937,448.2635
1938,448.2644
1939,448.2652
1940,448.2627
1941,448.2656
1942,451.3737
1943,448.2660
1944,448.2667
1945,451.3729
1946,451.3750
1947,451.3773
1948,451.3742
1949,451.3764
1950,451.3754
1951,451.3777
1952,451.3793
1953,451.3785
1954,451.3801
1955,451.3810
1956,451.3814
1957,451.3818
1958,454.5728
1959,454.5741
1960,451.3821
1961,451.3825
1962,454.5733
1963,454.5745
1964,454.5760
1965,454.5773
1966,454.5749
1967,454.5783
1968,454.5764
1969,454.5787
1970,454.5791
1971,454.5795
1972,454.5816
1973,454.5799
1974,454.5803
1975,454.5808
1976,454.5836
1977,457.7896
1978,454.5820
1979,454.5824
1980,457.7915
1981,457.7932
1982,457.7942
1983,457.7903
1984,457.7920
1985,457.7947
1986,457.7952
1987,457.7963
1988,457.7959
1989,457.7968
1990,457.7972
1991,457.7982
1992,457.7977
1993,457.7986
1994,457.7991
1995,457.7995
1996,457.8015
1997,457.8000
1998,457.8006
1999,457.8029
2000,457.8020
2001,457.8044
2002,457.8053
2003,457.8034
2004,457.8077
2005,457.8058
2006,457.8063
2007,457.8068
2008,461.2979
2009,461.3007
2010,461.3016
2011,461.2997
2012,461.2986
2013,461.3022
2014,461.3043
2015,461.3034
2016,461.3028
2017,461.3068
2018,461.3048
2019,461.3059
2020,461.3053
2021,461.3073
2022,461.3093
2023,461.3083
2024,461.3078
2025,461.3108
2026,461.3130
2027,461.3098
2028,461.3119
2029,464.7398
2030,464.7422
2031,464.7434
2032,464.7411
2033,464.7448
2034,464.7473
2035,464.7438
2036,464.7463
2037,464.7454
2038,464.7478
2039,464.7499
2040,464.7483
2041,464.7489
2042,464.7515
2043,464.7542
2044,464.7533
2045,464.7504
2046,464.7521
2047,467.8803
2048,464.0619
2049,464.0626
2050,467.1892
2051,467.1913
2052,467.1882
2053,467.1903
2054,467.1936
2055,467.1919
2056,467.1926
2057,467.1951
2058,467.1941
2059,470.7043
2060,470.7033
2061,470.7059
2062,470.7070
2063,470.7084
2064,470.7049
2065,470.7106
2066,470.7075
2067,470.7089
2068,470.7094
2069,470.7126
2070,470.7110
2071,470.7146
2072,470.7116
2073,470.7131
2074,470.7136
2075,470.7151
2076,470.7171
2077,470.7156
2078,474.0366
2079,470.7162
2080,474.0403
2081,474.0394
2082,474.0373
2083,474.0383
2084,474.0408
2085,474.0433
2086,474.0414
2087,474.0419
2088,474.0424
2089,474.0456
2090,474.0439
2091,474.0445
2092,474.0470
2093,474.0460
2094,474.0488
2095,474.0497
2096,474.0512
2097,474.0476
2098,477.3313
2099,474.0503
2100,477.3330
2101,474.0518
2102,477.3339
2103,477.3320
2104,477.3360
2105,477.3371
2106,477.3344
2107,477.3350
2108,477.3395
2109,477.3376
2110,477.3381
2111,477.3386
2112,477.3412
2113,477.3427
2114,477.3401
2115,477.3437
2116,477.3418
2117,477.3443
2118,477.3447
2119,480.8356
2120,480.8371
2121,480.8381
2122,477.3453
2123,480.8402
2124,480.8387
2125,480.8393
2126,480.8424
2127,480.8441
2128,480.8407
2129,480.8413
2130,480.8430
2131,480.8446
2132,480.8451
2133,480.8468
2134,480.8477
2135,480.8486
2136,480.8455
2137,483.8682
2138,480.8492
2139,480.8498
2140,480.8502
2141,483.8688
2142,483.8692
2143,483.8706
2144,483.8717
2145,483.8726
2146,483.8737
2147,483.8756
2148,483.8741
2149,483.8747
2150,483.8776
2151,483.8761
2152,483.8785
2153,483.8766
2154,483.8800
2155,483.8810
2156,483.8791
2157,487.0262
2158,483.8816
2159,487.0283
2160,483.8821
2161,487.0298
2162,487.0273
2163,487.0313
2164,487.0289
2165,487.0304
2166,487.0324
2167,487.0361
2168,487.0341
2169,487.0351
2170,487.0329
2171,487.0372
2172,487.0366
2173,487.0394
2174,487.0378
2175,490.1556
2176,487.0384
2177,487.0398
2178,487.0403
2179,490.1562
2180,490.1586
2181,490.1567
2182,490.1602
2183,490.1575
2184,490.1592
2185,490.1623
2186,490.1606
2187,490.1611
2188,490.1636
2189,493.7804
2190,493.7815
2191,490.1627
2192,490.1641
2193,493.7834
2194,493.7820
2195,493.7825
2196,493.7854
2197,493.7839
2198,493.7879
2199,493.7845
2200,493.7859
2201,493.7864
2202,493.7898
2203,493.7912
2204,493.7883
2205,493.7889
2206,493.7903
2207,493.7917
2208,493.7932
2209,493.7922
2210,496.8609
2211,496.8619
2212,496.8628
2213,496.8598
2214,496.8638
2215,496.8647
2216,496.8667
2217,496.8676
2218,496.8652
2219,496.8657
2220,496.8699
2221,496.8690
2222,496.8709
2223,496.8681
2224,500.1111
2225,500.1101
2226,496.8713
2227,500.1123
2228,500.1138
2229,500.1129
2230,500.1157
2231,500.1167
2232,500.1143
2233,500.1148
2234,500.1206
2235,500.1171
2236,500.1194
2237,500.1185
2238,503.3074
2239,500.1212
2240,503.3099
2241,500.1218
2242,503.3088
2243,503.3110
2244,503.3160
2245,503.3135
2246,503.3146
2247,503.3169
2248,503.3193
2249,503.3203
2250,503.3212
2251,503.3174
2252,503.3230
2253,503.3221
2254,506.5974
2255,506.5988
2256,506.6004
2257,503.3241
2258,506.5994
2259,506.6014
2260,506.6029
2261,506.6039
2262,506.6048
2263,506.6019
2264,506.6053
2265,506.6072
2266,506.6057
2267,506.6092
2268,506.6063
2269,506.6077
2270,506.6082
2271,506.6096
2272,506.6101
2273,506.6106
2274,506.6124
2275,509.8458
2276,506.6110
2277,506.6115
2278,509.8471
2279,509.8502
2280,509.8483
2281,509.8492
2282,509.8522
2283,509.8536
2284,509.8508
2285,509.8513
2286,509.8527
2287,509.8555
2288,509.8569
2289,509.8578
2290,509.8541
2291,509.8560
2292,509.8583
2293,509.8587
2294,513.2526
2295,513.2552
2296,513.2542
2297,509.8592
2298,513.2567
2299,513.2588
2300,513.2557
2301,513.2579
2302,513.2609
2303,513.2593
2304,512.6135
2305,512.6102
2306,515.7608
2307,512.6117
2308,515.7640
2309,512.6141
2310,515.7616
2311,515.7626
2312,515.7645
2313,515.7667
2314,515.7698
2315,515.7726
2316,515.7711
2317,515.7671
2318,515.7765
2319,515.7800
2320,515.7732
2321,515.7788
2322,515.7772
2323,519.0227
2324,519.0236
2325,519.0260
2326,519.0242
2327,519.0283
2328,519.0248
2329,519.0266
2330,519.0270
2331,519.0319
2332,519.0288
2333,519.0308
2334,519.0296
2335,519.0360
2336,519.0330
2337,519.0340
2338,519.0349
2339,522.1777
2340,522.1809
2341,522.1787
2342,522.1793
2343,522.1799
2344,522.1826
2345,522.1844
2346,522.1853
2347,522.1814
2348,522.1832
2349,522.1881
2350,522.1859
2351,522.1870
2352,522.1905
2353,522.1916
2354,522.1887
2355,522.1893
2356,525.2804
2357,525.2790
2358,525.2823
2359,525.2833
2360,525.2812
2361,525.2859
2362,525.2839
2363,525.2850
2364,525.2844
2365,525.2877
2366,525.2900
2367,525.2866
2368,525.2888
2369,525.2913
2370,525.2904
2371,525.2941
2372,525.2932
2373,525.2919
2374,528.2762
2375,528.2751
2376,528.2741
2377,528.2789
2378,528.2768
2379,528.2780
2380,528.2774
2381,528.2799
2382,528.2821
2383,528.2831
2384,528.2810
2385,528.2846
2386,528.2855
2387,528.2865
2388,528.2837
2389,528.2874
2390,531.8339
2391,531.8350
2392,531.8323
2393,531.8359
2394,531.8392
2395,531.8402
2396,531.8377
2397,531.8365
2398,531.8423
2399,531.8408
2400,531.8414
2401,531.8439
2402,531.8429
2403,531.8461
2404,531.8450
2405,531.8482
2406,531.8491
2407,531.8472
2408,531.8467
2409,535.1378
2410,535.1405
2411,531.8498
2412,535.1393
2413,535.1420
2414,535.1447
2415,535.1410
2416,535.1438
2417,535.1426
2418,535.1463
2419,535.1453
2420,535.1484
2421,535.1493
2422,535.1468
2423,535.1475
2424,535.1499
2425,535.1528
2426,535.1504
2427,535.1510
2428,535.1515
2429,538.1406
2430,538.1422
2431,538.1432
2432,538.1390
2433,538.1412
2434,538.1448
2435,538.1470
2436,538.1438
2437,538.1461
2438,541.8233
2439,538.1475
2440,538.1479
2441,541.8258
2442,541.8247
2443,541.8300
2444,541.8283
2445,541.8326
2446,541.8270
2447,541.8311
2448,541.8304
2449,541.8331
2450,541.8336
2451,541.8350
2452,541.8359
2453,541.8340
2454,541.8368
2455,541.8383
2456,544.9594
2457,541.8373
2458,544.9581
2459,544.9615
2460,544.9600
2461,544.9629
2462,544.9606
2463,544.9620
2464,544.9645
2465,544.9655
2466,544.9634
2467,544.9664
2468,544.9678
2469,544.9669
2470,544.9688
2471,544.9698
2472,544.9722
2473,544.9710
2474,548.0917
2475,548.0928
2476,548.0943
2477,548.0902
2478,548.0933
2479,548.0963
2480,548.0973
2481,548.0948
2482,548.0954
2483,548.0983
2484,548.0997
2485,548.1006
2486,548.1016
2487,548.0988
2488,548.1030
2489,548.1020
2490,551.1925
2491,551.1935
2492,551.1951
2493,551.1910
2494,551.1960
2495,551.1941
2496,551.1984
2497,551.1975
2498,551.1995
2499,551.2004
2500,551.2024
2501,551.2033
2502,551.2009
2503,551.2014
2504,551.2037
2505,551.2046
2506,554.5412
2507,554.5426
2508,554.5401
2509,554.5386
2510,554.5431
2511,554.5465
2512,554.5445
2513,554.5436
2514,554.5455
2515,554.5469
2516,554.5489
2517,554.5474
2518,554.5479
2519,554.5504
2520,554.7458
2521,554.5494
2522,554.7472
2523,557.7158
2524,554.7478
2525,557.7185
2526,557.7195
2527,557.7175
2528,557.7168
2529,557.7199
2530,557.7204
2531,557.7209
2532,557.7214
2533,557.7224
2534,557.7245
2535,557.7255
2536,557.7235
2537,557.7280
2538,557.7260
2539,557.7270
2540,557.7265
2541,558.0220
2542,557.7285
2543,557.7290
2544,558.0241
2545,560.7734
2546,560.7745
2547,558.0229
2548,560.7720
2549,560.7750
2550,560.7755
2551,560.7774
2552,560.7789
2553,560.7760
2554,560.7765
2555,560.7780
2556,560.7794
2557,560.7808
2558,560.7798
2559,560.7840
2560,560.1802
2561,563.2971
2562,560.1787
2563,563.2956
2564,563.2998
2565,563.2979
2566,563.3019
2567,563.2984
2568,563.3003
2569,563.3037
2570,563.3048
2571,563.3059
2572,563.3023
2573,563.3068
2574,566.4985
2575,566.4995
2576,566.4972
2577,566.4956
2578,566.5006
2579,566.5011
2580,566.5001
2581,566.5015
2582,566.5030
2583,566.5055
2584,566.5046
2585,566.5020
2586,566.5035
2587,566.5073
2588,566.5060
2589,566.5088
2590,566.5097
2591,566.5112
2592,566.5079
2593,566.5103
2594,569.7348
2595,566.5117
2596,566.5123
2597,569.7371
2598,569.7392
2599,569.7357
2600,569.7382
2601,569.7412
2602,569.7421
2603,569.7403
2604,569.7398
2605,569.7450
2606,569.7427
2607,569.7439
2608,569.7434
2609,569.7455
2610,569.7461
2611,569.7466
2612,569.7471
2613,569.7490
2614,573.0338
2615,569.7476
2616,569.7481
2617,573.0365
2618,573.0348
2619,573.0355
2620,573.0389
2621,573.0372
2622,573.0408
2623,573.0378
2624,573.0430
2625,573.0397
2626,573.0413
2627,573.0418
2628,573.0434
2629,573.0454
2630,573.0464
2631,573.0439
2632,573.0445
2633,576.0160
2634,573.0474
2635,576.0178
2636,573.0480
2637,576.0195
2638,576.0204
2639,576.0184
2640,576.0225
2641,576.0210
2642,576.0216
2643,576.0251
2644,576.0262
2645,576.0231
2646,576.0236
2647,576.0283
2648,576.0267
2649,576.0273
2650,576.0292
2651,579.1802
2652,579.1781
2653,579.1791
2654,579.1766
2655,579.1816
2656,579.1809
2657,579.1838
2658,579.1855
2659,579.1828
2660,579.1823
2661,579.1844
2662,579.1860
2663,579.1867
2664,579.1889
2665,579.1872
2666,579.1906
2667,579.1878
2668,579.1894
2669,579.1917
2670,582.4550
2671,582.4561
2672,582.4536
2673,582.4576
2674,582.4603
2675,582.4566
2676,582.4594
2677,582.4582
2678,582.4626
2679,582.4615
2680,582.4609
2681,582.4659
2682,582.4632
2683,582.4637
2684,582.4648
2685,582.4675
2686,582.4665
2687,585.5447
2688,585.5433
2689,582.4681
2690,582.4686
2691,585.5454
2692,585.5478
2693,585.5460
2694,585.5464
2695,585.5469
2696,585.5499
2697,585.5510
2698,585.5485
2699,585.5490
2700,585.5529
2701,585.5514
2702,588.7234
2703,585.5520
2704,588.7214
2705,588.7223
2706,588.7239
2707,588.7249
2708,588.7260
2709,588.7270
2710,588.7279
2711,588.7289
2712,588.7304
2713,588.7313
2714,588.7323
2715,588.7294
2716,588.7348
2717,588.7327
2718,588.7333
2719,588.7339
2720,592.0380
2721,588.7353
2722,592.0400
2723,592.0410
2724,592.0425
2725,592.0390
2726,592.0445
2727,592.0416
2728,592.0430
2729,592.0435
2730,592.0450
2731,592.0454
2732,592.0469
2733,592.0484
2734,592.0494
2735,592.0459
2736,592.0474
2737,592.0499
2738,592.0513
2739,595.2689
2740,595.2678
2741,592.0503
2742,608.4852
2743,608.4873
2744,595.2694
2745,595.2698
2746,608.4861
2747,608.4887
2748,608.4907
2749,608.4897
2750,608.4878
2751,608.4923
2752,612.0822
2753,612.0836
2754,608.4912
2755,612.0853
2756,612.0879
2757,612.0843
2758,612.0870
2759,612.0858
2760,612.0884
2761,612.0889
2762,612.0914
2763,612.0894
2764,612.0899
2765,612.0904
2766,612.0918
2767,612.0938
2768,612.0948
2769,612.0924
2770,612.0929
2771,612.0958
2772,615.1303
2773,615.1317
2774,615.1431
2775,615.1442
2776,615.1459
2777,615.1469
2778,615.1478
2779,615.1447
2780,615.1483
2781,615.1498
2782,615.1507
2783,615.1516
2784,615.1488
2785,615.1525
2786,615.1546
2787,615.1555
2788,615.1537
2789,618.3368
2790,618.3409
2791,618.3400
2792,618.3389
2793,618.3377
2794,618.3450
2795,618.3418
2796,618.3428
2797,618.3437
2798,618.3464
2799,618.3454
2800,618.3496
2801,618.3487
2802,618.3470
2803,618.3474
2804,618.3501
2805,621.5019
2806,621.5039
2807,618.3506
2808,618.3510
2809,621.5028
2810,621.5044
2811,621.5054
2812,621.5049
2813,621.5071
2814,621.5059
2815,621.5097
2816,620.8878
2817,620.8913
2818,620.8925
2819,620.8935
2820,620.8898
2821,620.8958
2822,620.8945
2823,624.1064
2824,624.1084
2825,620.8962
2826,620.8967
2827,624.1073
2828,624.1105
2829,624.1117
2830,624.1089
2831,624.1094
2832,624.1132
2833,624.1142
2834,624.1152
2835,624.1123
2836,624.1174
2837,624.1156
2838,624.1162
2839,627.3404
2840,627.3424
2841,624.1180
2842,627.3435
2843,627.3413
2844,627.3440
2845,627.3454
2846,627.3481
2847,627.3445
2848,627.3470
2849,627.3460
2850,627.3487
2851,627.3497
2852,627.3493
2853,627.3530
2854,627.3503
2855,627.3515
2856,627.3509
2857,627.3545
2858,630.3568
2859,627.3535
2860,630.3553
2861,630.3584
2862,630.3595
2863,630.3604
2864,630.3574
2865,630.3629
2866,630.3613
2867,630.3639
2868,630.3619
2869,630.3661
2870,630.3650
2871,633.6649
2872,633.6659
2873,633.6626
2874,633.6636
2875,633.6677
2876,633.6665
2877,633.6686
2878,633.6695
2879,633.6720
2880,633.6711
2881,633.6700
2882,633.6730
2883,633.6766
2884,633.6740
2885,633.6755
2886,636.8851
2887,636.8881
2888,633.6772
2889,636.8871
2890,636.8910
2891,636.8887
2892,636.8893
2893,636.8898
2894,636.8932
2895,636.8915
2896,636.8922
2897,636.8951
2898,636.8937
2899,636.8984
2900,636.8973
2901,636.8956
2902,636.8963
2903,636.9009
2904,636.8990
2905,636.8995
2906,636.9000
2907,640.3273
2908,640.3286
2909,636.9015
2910,640.3295
2911,640.3310
2912,640.3319
2913,640.3329
2914,640.3301
2915,640.3350
2916,640.3334
2917,640.3340
2918,640.3367
2919,640.3387
2920,640.3357
2921,640.3378
2922,640.3412
2923,640.3392
2924,640.3398
2925,640.3403
2926,643.4082
2927,643.4111
2928,643.4070
2929,643.4100
2930,643.4088
2931,643.4117
2932,643.4142
2933,643.4127
2934,643.4157
2935,643.4133
2936,643.4148
2937,643.4180
2938,643.4196
2939,643.4163
2940,643.4169
2941,643.4186
2942,646.8221
2943,643.4206
2944,643.4212
2945,646.8234
2946,646.8260
2947,646.8271
2948,646.8247
2949,646.8295
2950,646.8276
2951,646.8281
2952,646.8286
2953,646.8300
2954,646.8304
2955,646.8323
2956,646.8309
2957,646.8333
2958,646.8314
2959,646.8362
2960,646.8352
2961,646.8338
2962,646.8343
2963,650.0490
2964,646.8367
2965,646.8372
2966,646.8377
2967,650.0514
2968,650.0498
2969,650.0531
2970,650.0504
2971,650.0519
2972,650.0545
2973,650.0536
2974,650.0564
2975,650.0576
2976,650.0550
2977,650.0555
2978,650.0596
2979,650.0610
2980,650.0581
2981,650.0586
2982,650.0601
2983,653.6616
2984,650.0615
2985,650.0620
2986,650.0624
2987,653.6623
2988,653.6628
2989,653.6633
2990,653.6638
2991,653.6653
2992,653.6668
2993,653.6677
2994,653.6643
2995,653.6658
2996,653.6707
2997,653.6682
2998,653.6687
2999,653.6696
3000,660.4444
3001,660.4452
3002,660.4466
3003,660.4457
3004,660.4481
3005,660.4491
3006,660.4471
3007,660.4511
3008,660.4520
3009,660.4496
3010,660.4501
3011,663.6776
3012,660.4525
3013,660.4530
3014,663.6788
3015,663.6819
3016,663.6799
3017,663.6810
3018,663.6834
3019,663.6855
3020,663.6846
3021,663.6824
3022,663.6875
3023,663.6860
3024,663.6865
3025,663.6896
3026,663.6880
3027,663.6910
3028,663.6884
3029,663.6901
3030,667.1226
3031,667.1266
3032,667.1245
3033,667.1254
3034,667.1233
3035,667.1280
3036,667.1289
3037,667.1271
3038,667.1299
3039,667.1314
3040,667.1304
3041,667.1323
3042,667.1332
3043,667.1361
3044,667.1351
3045,667.1337
3046,667.1342
3047,670.3232
3048,670.3246
3049,667.1366
3050,670.3256
3051,670.3266
3052,670.3284
3053,670.3294
3054,670.3303
3055,670.3271
3056,670.3317
3057,670.3332
3058,670.3308
3059,670.3341
3060,670.3322
3061,670.3350
3062,673.7003
3063,673.7012
3064,673.6991
3065,670.3355
3066,673.7032
3067,673.7046
3068,673.7018
3069,673.7023
3070,673.7056
3071,673.7096
3072,673.0880
3073,673.0870
3074,673.0856
3075,673.0912
3076,673.0894
3077,673.0934
3078,673.0900
3079,673.0918
3080,673.0924
3081,676.0946
3082,673.0940
3083,676.0934
3084,676.0958
3085,676.0985
3086,676.0996
3087,676.0975
3088,676.0964
3089,676.1028
3090,676.1018
3091,676.1001
3092,676.1007
3093,676.1044
3094,679.3059
3095,676.1033
3096,679.3048
3097,679.3030
3098,679.3077
3099,679.3066
3100,679.3087
3101,679.3097
3102,679.3117
3103,679.3129
3104,679.3102
3105,679.3108
3106,679.3134
3107,679.3138
3108,679.3157
3109,679.3148
3110,679.3166
3111,679.3175
3112,679.3181
3113,679.3186
3114,682.5135
3115,679.3192
3116,679.3203
3117,679.3209
3118,682.5165
3119,682.5216
3120,682.5181
3121,682.5194
3122,682.5241
3123,682.5231
3124,682.5225
3125,682.5256
3126,686.1510
3127,686.1523
3128,686.1488
3129,682.5264
3130,686.1540
3131,686.1554
3132,686.1532
3133,686.1578
3134,686.1597
3135,686.1619
3136,686.1562
3137,686.1647
3138,686.1605
3139,686.1625
3140,686.1633
3141,686.1659
3142,686.1697
3143,686.1709
3144,686.1683
3145,686.1668
3146,686.1717
3147,689.2654
3148,689.2676
3149,689.2697
3150,689.2637
3151,689.2661
3152,689.2705
3153,689.2712
3154,689.2720
3155,689.2733
3156,689.2751
3157,689.2770
3158,689.2788
3159,689.2809
3160,689.2833
3161,689.2850
3162,689.2796
3163,689.2818
3164,692.6787
3165,689.2857
3166,692.6814
3167,692.6823
3168,692.6795
3169,692.6802
3170,692.6841
3171,692.6862
3172,692.6851
3173,692.6831
3174,692.6877
3175,692.6896
3176,692.6887
3177,692.6867
3178,692.6906
3179,695.8373
3180,695.8351
3181,695.8363
3182,695.8388
3183,695.8421
3184,695.8379
3185,695.8405
3186,695.8394
3187,695.8426
3188,695.8431
3189,695.8437
3190,695.8462
3191,695.8442
3192,695.8448
3193,695.8453
3194,695.8498
3195,695.8484
3196,695.8467
3197,695.8473
3198,695.8502
3199,695.8508
3200,695.8513
3201,695.8533
3202,698.9384
3203,695.8524
3204,695.8519
3205,698.9372
3206,698.9405
3207,698.9414
3208,698.9390
3209,698.9396
3210,698.9444
3211,698.9419
3212,698.9424
3213,698.9428
3214,698.9453
3215,698.9474
3216,698.9465
3217,702.0068
3218,702.0046
3219,698.9479
3220,702.0057
3221,702.0073
3222,702.0078
3223,702.0120
3224,702.0090
3225,702.0101
3226,702.0110
3227,702.0124
3228,702.0134
3229,702.0170
3230,702.0149
3231,702.0161
3232,702.0139
3233,705.1459
3234,702.0176
3235,705.1482
3236,702.0180
3237,705.1466
3238,705.1471
3239,705.1487
3240,705.1499
3241,705.1516
3242,705.1526
3243,705.1535
3244,705.1504
3245,705.1565
3246,705.1540
3247,705.1556
3248,705.1546
3249,705.1570
3250,705.1575
3251,708.6040
3252,705.1580
3253,705.1584
3254,708.6071
3255,708.6048
3256,708.6082
3257,708.6052
3258,708.6127
3259,708.6136
3260,708.6097
3261,708.6107
3262,708.6170
3263,708.6151
3264,711.9842
3265,708.6157
3266,708.6177
3267,711.9866
3268,711.9850
3269,711.9875
3270,711.9856
3271,711.9899
3272,711.9886
3273,711.9921
3274,711.9931
3275,711.9911
3276,711.9904
3277,711.9935
3278,711.9940
3279,711.9946
3280,711.9955
3281,711.9969
3282,711.9979
3283,711.9988
3284,711.9960
3285,715.3278
3286,711.9993
3287,715.3302
3288,711.9999
3289,715.3286
3290,715.3293
3291,715.3318
3292,715.3334
3293,715.3344
3294,715.3307
3295,715.3324
3296,715.3350
3297,715.3360
3298,715.3386
3299,715.3397
3300,715.3376
3301,715.3365
3302,715.3402
3303,715.3408
3304,718.4472
3305,718.4491
3306,715.3414
3307,718.4500
3308,718.4480
3309,718.4542
3310,718.4511
3311,718.4523
3312,718.4532
3313,718.4547
3314,718.4579
3315,718.4570
3316,718.4553
3317,718.4559
3318,718.4588
3319,718.4593
3320,718.4598
3321,718.4603
3322,721.6271
3323,718.4608
3324,721.6249
3325,721.6260
3326,721.6313
3327,721.6291
3328,721.0504
3329,721.0528
3330,721.0553
3331,721.0544
3332,721.0566
3333,721.0576
3334,721.0592
3335,721.0602
3336,721.0581
3337,724.1868
3338,724.1851
3339,724.1858
3340,724.1885
3341,724.1913
3342,724.1923
3343,724.1901
3344,724.1890
3345,724.1938
3346,724.1957
3347,724.1948
3348,724.1928
3349,724.1978
3350,724.1962
3351,727.3739
3352,724.1968
3353,724.1983
3354,727.3765
3355,727.3746
3356,727.3751
3357,727.3756
3358,727.3791
3359,727.3770
3360,727.3775
3361,727.3780
3362,727.3806
3363,727.3815
3364,727.3825
3365,727.3796
3366,727.3851
3367,727.3863
3368,727.3831
3369,727.3842
3370,730.6511
3371,730.6571
3372,730.6546
3373,730.6562
3374,730.6529
3375,730.6597
3376,730.6588
3377,730.6649
3378,730.6635
3379,730.6622
3380,730.6606
3381,730.6673
3382,730.6658
3383,733.8570
3384,733.8556
3385,733.8586
3386,730.6679
3387,733.8596
3388,733.8576
3389,733.8619
3390,733.8628
3391,733.8609
3392,733.8602
3393,733.8651
3394,733.8660
3395,733.8642
3396,733.8636
3397,736.9424
3398,736.9455
3399,736.9413
3400,736.9442
3401,736.9430
3402,736.9478
3403,736.9466
3404,736.9493
3405,736.9461
3406,736.9484
3407,736.9518
3408,736.9528
3409,736.9499
3410,736.9509
3411,736.9549
3412,736.9534
3413,740.1328
3414,736.9540
3415,740.1306
3416,740.1315
3417,740.1335
3418,740.1340
3419,740.1357
3420,740.1346
3421,740.1374
3422,740.1386
3423,740.1362
3424,740.1402
3425,740.1412
3426,740.1421
3427,740.1392
3428,740.1441
3429,740.1426
3430,740.1432
3431,743.2044
3432,740.1446
3433,743.2066
3434,743.2075
3435,743.2053
3436,743.2096
3437,743.2081
3438,743.2110
3439,743.2087
3440,743.2127
3441,743.2136
3442,743.2116
3443,743.2157
3444,743.2172
3445,743.2142
3446,743.2148
3447,743.2163
3448,746.4465
3449,743.2178
3450,746.4488
3451,743.2184
3452,746.4475
3453,746.4516
3454,746.4495
3455,746.4500
3456,746.4506
3457,746.4521
3458,746.4544
3459,746.4527
3460,746.4554
3461,746.4532
3462,746.4569
3463,746.4579
3464,746.4560
3465,746.4595
3466,746.4585
3467,749.6728
3468,749.6715
3469,749.6750
3470,749.6760
3471,749.6741
3472,749.6734
3473,749.6764
3474,749.6770
3475,749.6775
3476,749.6780
3477,749.6798
3478,749.6784
3479,749.6818
3480,749.6789
3481,749.6804
3482,749.6809
3483,749.6824
3484,749.6829
3485,749.6834
3486,749.6849
3487,749.6875
3488,749.6839
3489,749.6865
3490,749.6854
3491,752.6888
3492,752.6905
3493,749.6880
3494,752.6916
3495,752.6931
3496,752.6921
3497,752.6940
3498,752.6949
3499,752.6975
3500,752.6966
3501,752.6990
3502,752.6954
3503,752.7009
3504,752.6981
3505,752.7000
3506,752.6995
3507,755.7595
3508,755.7615
3509,752.7014
3510,752.7019
3511,755.7604
3512,755.7620
3513,755.7640
3514,755.7651
3515,755.7626
3516,755.7630
3517,759.0198
3518,759.0218
3519,755.7656
3520,755.7661
3521,759.0207
3522,759.0224
3523,759.0238
3524,759.0247
3525,759.0257
3526,759.0228
3527,759.0281
3528,759.0261
3529,759.0267
3530,759.0272
3531,759.0300
3532,759.0286
3533,759.0291
3534,759.0319
3535,759.0305
3536,762.3023
3537,759.0309
3538,759.0324
3539,759.0329
3540,762.3044
3541,762.3061
3542,762.3072
3543,762.3033
3544,762.3049
3545,762.3076
3546,762.3081
3547,762.3105
3548,762.3086
3549,762.3091
3550,762.3096
3551,762.3121
3552,762.3135
3553,762.3110
3554,762.3238
3555,762.3126
3556,762.3245
3557,765.5089
3558,762.3249
3559,765.5117
3560,765.5107
3561,765.5096
3562,765.5137
3563,765.5121
3564,765.5156
3565,765.5127
3566,765.5176
3567,765.5143
3568,765.5162
3569,765.5166
3570,765.5181
3571,765.5204
3572,765.5186
3573,765.5190
3574,765.5195
3575,765.5224
3576,765.5209
3577,768.7096
3578,765.5215
3579,768.7117
3580,765.5229
3581,768.7141
3582,768.7106
3583,768.7123
3584,768.0777
3585,768.0807
3586,768.0793
3587,768.0824
3588,768.0835
3589,768.0811
3590,768.0855
3591,768.0840
3592,768.0845
3593,768.0865
3594,771.1772
3595,771.1782
3596,771.1759
3597,771.1792
3598,771.1819
3599,771.1828
3600,771.1809
3601,771.1798
3602,771.1838
3603,771.1868
3604,771.1849
3605,771.1859
3606,771.1887
3607,771.1898
3608,771.1873
3609,771.1878
3610,774.4041
3611,771.1903
3612,774.4082
3613,774.4073
3614,774.4049
3615,774.4055
3616,774.4089
3617,774.4101
3618,774.4123
3619,774.4132
3620,774.4113
3621,774.4158
3622,774.4138
3623,774.4149
3624,774.4178
3625,774.4164
3626,774.4169
3627,774.4200
3628,777.5809
3629,774.4184
3630,774.4189
3631,774.4207
3632,777.5822
3633,777.5841
3634,777.5832
3635,777.5882
3636,777.5870
3637,777.5855
3638,777.5897
3639,777.5888
3640,777.5919
3641,777.5928
3642,777.5903
3643,777.5909
3644,777.5934
3645,780.6995
3646,780.7025
3647,780.7035
3648,780.7014
3649,780.7003
3650,780.7045
3651,780.7054
3652,780.7040
3653,780.7072
3654,780.7081
3655,780.7060
3656,780.7100
3657,780.7110
3658,780.7086
3659,780.7091
3660,783.8524
3661,783.8501
3662,783.8508
3663,783.8514
3664,783.8532
3665,783.8548
3666,783.8537
3667,783.8576
3668,783.8565
3669,783.8585
3670,783.8554
3671,783.8612
3672,783.8603
3673,783.8633
3674,783.8592
3675,783.8624
3676,783.8618
3677,787.0980
3678,783.8639
3679,787.1008
3680,783.8645
3681,787.0990
3682,787.0996
3683,787.1014
3684,787.1025
3685,787.1039
3686,787.1049
3687,787.1058
3688,787.1030
3689,787.1066
3690,787.1071
3691,787.1083
3692,787.1077
3693,787.1118
3694,787.1099
3695,787.1089
3696,787.1109
3697,790.3314
3698,790.3362
3699,790.3343
3700,790.3326
3701,790.3352
3702,790.3387
3703,790.3366
3704,790.3372
3705,790.3378
3706,790.3402
3707,790.3393
3708,790.3412
3709,790.3426
3710,793.5135
3711,793.5153
3712,793.5174
3713,793.5165
3714,793.5191
3715,793.5200
3716,793.5180
3717,793.5219
3718,793.5205
3719,793.5233
3720,793.5210
3721,793.5224
3722,793.5248
3723,793.5238
3724,793.5268
3725,793.5279
3726,793.5253
3727,793.5259
3728,796.6698
3729,796.6709
3730,796.6734
3731,796.6724
3732,796.6753
3733,796.6768
3734,796.6739
3735,796.6744
3736,796.6758
3737,796.6777
3738,796.6871
3739,796.6896
3740,796.6788
3741,796.6887
3742,796.6877
3743,796.6902
3744,799.9779
3745,796.6907
3746,799.9807
3747,799.9796
3748,799.9816
3749,799.9786
3750,799.9848
3751,799.9837
3752,799.9822
3753,799.9828
3754,799.9854
3755,799.9864
3756,799.9878
3757,799.9888
3758,799.9897
3759,799.9869
3760,803.3789
3761,799.9911
3762,799.9902
3763,803.3802
3764,803.3816
3765,803.3830
3766,803.3807
3767,803.3840
3768,803.3821
3769,803.3845
3770,803.3854
3771,803.3859
3772,803.3850
3773,803.3864
3774,803.3869
3775,803.3882
3776,806.9301
3777,806.9312
3778,803.3873
3779,803.3888
3780,806.9317
3781,806.9336
3782,806.9322
3783,806.9327
3784,806.9351
3785,806.9366
3786,806.9341
3787,806.9375
3788,806.9356
3789,806.9380
3790,806.9400
3791,806.9385
3792,806.9390
3793,806.9424
3794,806.9404
3795,806.9409
3796,806.9414
3797,810.1756
3798,810.1773
3799,806.9428
3800,806.9433
3801,810.1763
3802,810.1778
3803,810.1790
3804,810.1801
3805,810.1810
3806,810.1819
3807,810.1835
3808,810.1844
3809,810.1854
3810,810.1824
3811,810.1878
3812,810.1858
3813,810.1863
3814,810.1868
3815,813.3429
3816,813.3404
3817,810.1882
3818,813.3418
3819,813.3462
3820,813.3434
3821,813.3440
3822,813.3453
3823,813.3481
3824,813.3467
3825,813.3472
3826,813.3505
3827,813.3491
3828,813.3486
3829,813.3495
3830,813.3519
3831,816.8444
3832,816.8421
3833,813.3509
3834,816.8432
3835,816.8450
3836,816.8466
3837,816.8486
3838,816.8477
3839,816.8456
3840,816.2460
3841,816.2434
3842,816.2441
3843,816.2448
3844,816.2467
3845,816.2473
3846,816.2477
3847,816.2482
3848,816.2487
3849,816.2502
3850,816.2525
3851,816.2492
3852,816.2514
3853,819.5722
3854,819.5753
3855,819.5763
3856,819.5737
3857,819.5779
3858,819.5768
3859,819.5799
3860,819.5789
3861,819.5813
3862,819.5823
3863,819.5804
3864,819.5843
3865,819.5828
3866,819.5858
3867,819.5833
3868,819.5868
3869,819.5849
3870,822.7200
3871,822.7210
3872,822.7219
3873,822.7184
3874,822.7229
3875,822.7239
3876,822.7259
3877,822.7269
3878,822.7244
3879,822.7249
3880,822.7274
3881,822.7296
3882,822.7279
3883,822.7284
3884,822.7313
3885,822.7333
3886,822.7301
3887,822.7343
3888,822.7322
3889,825.9101
3890,825.9111
3891,825.9149
3892,825.9128
3893,825.9118
3894,825.9139
3895,825.9154
3896,825.9168
3897,825.9182
3898,825.9159
3899,825.9191
3900,825.9216
3901,825.9196
3902,825.9207
3903,829.0561
3904,829.0547
3905,829.0573
3906,829.0584
3907,829.0617
3908,829.0608
3909,829.0589
3910,829.0596
3911,829.0645
3912,829.0623
3913,829.0629
3914,829.0636
3915,829.0672
3916,829.0651
3917,832.1065
3918,829.0659
3919,832.1084
3920,832.1051
3921,832.1099
3922,832.1071
3923,832.1113
3924,832.1089
3925,832.1123
3926,832.1132
3927,832.1155
3928,832.1146
3929,832.1137
3930,832.1165
3931,835.4412
3932,835.4401
3933,835.4427
3934,832.1170
3935,835.4437
3936,835.4418
3937,835.4455
3938,835.4464
3939,835.4441
3940,835.4446
3941,835.4469
3942,835.4475
3943,835.4480
3944,835.4498
3945,835.4510
3946,835.4483
3947,835.4490
3948,835.4502
3949,835.4517
3950,838.8755
3951,838.8765
3952,838.8743
3953,838.8780
3954,838.8771
3955,838.8808
3956,838.8798
3957,838.8787
3958,838.8823
3959,838.8851
3960,838.8840
3961,838.8813
3962,838.8829
3963,838.8877
3964,838.8862
3965,838.8868
3966,838.8892
3967,838.8883
3968,842.0412
3969,842.0447
3970,838.8897
3971,842.0437
3972,842.0420
3973,842.0463
3974,842.0491
3975,842.0454
3976,842.0481
3977,842.0470
3978,842.0496
3979,842.0506
3980,842.0501
3981,842.0524
3982,842.0510
3983,842.0515
3984,842.0548
3985,842.0529
3986,842.0534
3987,842.0539
3988,842.0553
3989,845.1470
3990,845.1437
3991,845.1447
3992,845.1453
3993,845.1505
3994,845.1476
3995,845.1486
3996,845.1495
3997,845.1524
3998,845.1539
3999,845.1515
4000,845.1510
4001,845.1529
4002,848.2311
4003,845.1543
4004,845.1548
4005,845.1553
4006,848.2330
4007,848.2357
4008,848.2319
4009,848.2348
4010,848.2335
4011,848.2376
4012,848.2362
4013,848.2367
4014,848.2396
4015,848.2381
4016,848.2387
4017,848.2419
4018,848.2401
4019,848.2406
4020,848.2410
4021,848.2434
4022,848.2424
4023,851.3171
4024,851.3160
4025,851.3139
4026,851.3148
4027,851.3191
4028,851.3176
4029,851.3213
4030,851.3181
4031,851.3203
4032,851.3197
4033,851.3217
4034,851.3229
4035,855.0257
4036,855.0266
4037,855.0243
4038,851.3234
4039,855.0304
4040,855.0284
4041,855.0273
4042,855.0293
4043,855.0310
4044,855.0314
4045,855.0329
4046,855.0320
4047,855.0350
4048,855.0340
4049,855.0364
4050,855.0373
4051,855.0388
4052,855.0354
4053,855.0379
4054,858.1466
4055,858.1484
4056,858.1444
4057,858.1453
4058,858.1472
4059,858.1489
4060,858.1514
4061,858.1494
4062,858.1534
4063,858.1500
4064,858.1519
4065,858.1525
4066,858.1541
4067,858.1546
4068,858.1556
4069,858.1572
4070,858.1581
4071,858.1591
4072,858.1561
4073,861.7420
4074,858.1596
4075,861.7459
4076,861.7449
4077,861.7430
4078,861.7437
4079,861.7474
4080,861.7492
4081,861.7501
4082,861.7464
4083,861.7480
4084,861.7516
4085,861.7525
4086,861.7534
4087,861.7507
4088,861.7556
4089,861.7540
4090,861.7546
4091,864.9848
4092,861.7561
4093,864.9871
4094,864.9881
4095,864.9859
4096,864.3677
4097,864.3692
4098,864.3664
4099,864.3702
4100,864.3681
4101,864.3724
4102,864.3738
4103,864.3713
4104,864.3707
4105,864.3729
4106,864.3744
4107,867.6143
4108,864.3758
4109,867.6129
4110,864.3748
4111,867.6161
4112,867.6149
4113,867.6188
4114,867.6198
4115,867.6166
4116,867.6177
4117,867.6203
4118,867.6224
4119,867.6214
4120,867.6208
4121,867.6238
4122,867.6264
4123,867.6229
4124,867.6254
4125,867.6244
4126,867.6269
4127,867.6281
4128,867.6275
4129,870.5838
4130,870.5864
4131,867.6287
4132,870.5853
4133,870.5886
4134,870.5869
4135,870.5876
4136,870.5913
4137,870.5891
4138,870.5897
4139,870.5903
4140,870.5918
4141,870.5924
4142,870.5933
4143,870.5970
4144,870.5961
4145,870.5945
4146,870.5984
4147,873.7791
4148,870.5975
4149,873.7774
4150,870.5989
4151,873.7814
4152,873.7798
4153,873.7804
4154,873.7831
4155,873.7861
4156,873.7819
4157,873.7851
4158,873.7840
4159,873.7882
4160,873.7897
4161,873.7866
4162,873.7871
4163,873.7887
4164,877.5320
4165,877.5342
4166,873.7902
4167,873.7908
4168,877.5330
4169,877.5348
4170,877.5355
4171,877.5375
4172,877.5384
4173,877.5360
4174,877.5366
4175,877.5400
4176,877.5409
4177,877.5418
4178,877.5391
4179,880.8842
4180,880.8858
4181,880.8868
4182,880.8877
4183,880.8905
4184,880.8884
4185,880.8890
4186,880.8896
4187,880.8925
4188,880.8911
4189,880.8938
4190,880.8916
4191,880.8947
4192,880.8956
4193,880.8976
4194,880.8987
4195,880.8961
4196,880.8967
4197,884.2486
4198,880.8993
4199,884.2524
4200,884.2513
4201,884.2495
4202,884.2502
4203,884.2541
4204,884.2557
4205,884.2566
4206,884.2530
4207,884.2547
4208,884.2580
4209,884.2597
4210,884.2571
4211,884.2606
4212,884.2586
4213,884.2620
4214,887.6413
4215,884.2611
4216,887.6399
4217,887.6424
4218,887.6452
4219,887.6461
4220,887.6442
4221,887.6430
4222,887.6485
4223,887.6475
4224,887.6469
4225,887.6510
4226,887.6491
4227,887.6501
4228,887.6495
4229,887.6534
4230,887.6524
4231,887.6543
4232,887.6515
4233,891.4462
4234,891.4493
4235,891.4503
4236,891.4483
4237,891.4471
4238,891.4587
4239,891.4509
4240,891.4605
4241,891.4621
4242,891.4640
4243,891.4594
4244,891.4626
4245,891.4631
4246,891.4645
4247,891.4650
4248,891.4665
4249,891.4655
4250,891.4684
4251,891.4700
4252,891.4669
4253,891.4675
4254,894.5767
4255,891.4706
4256,891.4710
4257,891.4715
4258,894.5789
4259,894.5810
4260,894.5800
4261,894.5776
4262,894.5819
4263,894.5850
4264,894.5830
4265,894.5840
4266,894.5870
4267,894.5884
4268,894.5855
4269,894.5861
4270,894.5875
4271,894.5889
4272,897.8138
4273,894.5894
4274,894.5899
4275,897.8163
4276,897.8178
4277,897.8147
4278,897.8153
4279,897.8168
4280,897.8196
4281,897.8210
4282,897.8221
4283,897.8183
4284,897.8201
4285,901.1019
4286,901.1032
4287,897.8241
4288,897.8225
4289,901.1055
4290,901.1064
4291,901.1038
4292,901.1044
4293,901.1084
4294,901.1069
4295,901.1103
4296,901.1075
4297,901.1089
4298,901.1094
4299,901.1108
4300,901.1113
4301,904.6216
4302,904.6229
4303,904.6256
4304,904.6247
4305,904.6265
4306,904.6235
4307,904.6294
4308,904.6284
4309,904.6306
4310,904.6272
4311,904.6336
4312,904.6327
4313,904.6312
4314,904.6317
4315,904.6340
4316,904.6350
4317,907.8778
4318,907.8792
4319,907.8802
4320,904.6355
4321,907.8807
4322,907.8842
4323,907.8812
4324,907.8822
4325,907.8832
4326,907.8847
4327,907.8856
4328,907.8871
4329,907.8851
4330,907.8890
4331,907.8862
4332,907.8876
4333,907.8881
4334,907.8895
4335,907.8900
4336,907.8905
4337,907.8915
4338,911.0872
4339,911.0883
4340,911.0858
4341,907.8920
4342,911.0888
4343,911.0909
4344,911.0924
4345,911.0894
4346,911.0899
4347,911.0913
4348,911.0945
4349,911.0954
4350,911.0930
4351,911.0935
4352,910.5142
4353,910.5125
4354,910.5131
4355,910.5154
4356,913.6832
4357,913.6845
4358,913.6857
4359,910.5158
4360,913.6878
4361,913.6863
4362,913.6868
4363,913.6894
4364,913.6905
4365,913.6883
4366,913.6915
4367,913.6937
4368,913.6952
4369,913.6920
4370,913.6926
4371,913.6941
4372,913.6975
4373,913.6957
4374,913.6961
4375,913.6966
4376,917.1398
4377,913.6980
4378,917.1411
4379,913.6989
4380,917.1436
4381,917.1445
4382,917.1418
4383,917.1424
4384,917.1451
4385,917.1457
4386,917.1463
4387,917.1467
4388,917.1472
4389,917.1486
4390,917.1477
4391,917.1507
4392,917.1497
4393,917.1526
4394,917.1536
4395,917.1517
4396,917.1513
4397,917.1546
4398,920.4930
4399,920.4940
4400,920.4916
4401,917.1551
4402,920.4952
4403,920.4979
4404,920.4946
4405,920.4970
4406,920.4957
4407,920.5004
4408,920.4985
4409,920.4991
4410,920.5026
4411,920.5009
4412,920.5043
4413,920.5015
4414,920.5031
4415,920.5062
4416,920.5050
4417,923.4978
4418,923.4989
4419,923.5004
4420,923.4964
4421,923.4995
4422,923.5019
4423,923.5041
4424,923.5030
4425,923.5010
4426,923.5057
4427,923.5048
4428,926.6421
4429,926.6433
4430,926.6401
4431,926.6410
4432,926.6462
4433,926.6441
4434,926.6452
4435,926.6472
4436,926.6504
4437,926.6514
4438,926.6495
4439,926.6484
4440,926.6519
4441,929.9099
4442,929.9084
4443,926.6525
4444,926.6531
4445,929.9122
4446,929.9140
4447,929.9106
4448,929.9112
4449,929.9128
4450,929.9157
4451,929.9147
4452,929.9175
4453,933.2582
4454,929.9164
4455,929.9192
4456,929.9181
4457,933.2591
4458,933.2603
4459,933.2629
4460,933.2644
4461,933.2609
4462,933.2615
4463,933.2635
4464,933.2654
4465,933.2677
4466,933.2665
4467,933.2686
4468,933.2711
4469,933.2691
4470,933.2696
4471,933.2702
4472,933.2727
4473,936.7892
4474,933.2718
4475,936.7877
4476,936.7908
4477,936.7898
4478,936.7936
4479,936.7947
4480,936.7915
4481,936.7920
4482,936.7952
4483,936.7966
4484,936.7957
4485,936.7976
4486,936.7985
4487,936.8014
4488,936.8005
4489,936.8032
4490,936.7991
4491,936.8023
4492,936.8019
4493,936.8037
4494,936.8043
4495,936.8047
4496,939.9412
4497,936.8052
4498,939.9426
4499,936.8058
4500,944.2718
4501,944.2694
4502,944.2702
4503,944.2708
4504,944.2724
4505,944.2747
4506,944.2729
4507,944.2734
4508,944.2767
4509,944.2752
4510,944.2783
4511,944.2757
4512,944.2805
4513,944.2772
4514,944.2787
4515,944.2792
4516,944.2809
4517,944.2828
4518,947.6425
4519,944.2814
4520,944.2819
4521,947.6445
4522,947.6435
4523,947.6467
4524,947.6477
4525,947.6452
4526,947.6457
4527,947.6481
4528,947.6487
4529,947.6506
4530,947.6520
4531,947.6492
4532,947.6497
4533,947.6511
4534,947.6545
4535,947.6525
4536,947.6530
4537,947.6535
4538,950.7180
4539,947.6550
4540,947.6554
4541,947.6559
4542,950.7199
4543,950.7227
4544,950.7216
4545,950.7189
4546,950.7205
4547,950.7253
4548,950.7232
4549,950.7237
4550,950.7242
4551,950.7258
4552,950.7277
4553,950.7263
4554,950.7268
4555,950.7286
4556,954.2078
4557,954.2092
4558,954.2103
4559,950.7291
4560,954.2124
4561,954.2139
4562,954.2110
4563,954.2114
4564,954.2129
4565,954.2143
4566,954.2163
4567,954.2173
4568,954.2148
4569,954.2153
4570,957.5246
4571,957.5280
4572,957.5270
4573,954.2178
4574,957.5255
4575,957.5300
4576,957.5285
4577,957.5315
4578,957.5290
4579,957.5304
4580,957.5339
4581,957.5320
4582,957.5325
4583,957.5330
4584,957.5344
4585,957.5349
4586,957.5363
4587,957.5353
4588,957.5378
4589,957.5389
4590,957.5368
4591,960.6985
4592,957.5394
4593,957.5400
4594,960.7014
4595,960.6998
4596,960.7004
4597,960.7030
4598,960.7020
4599,960.7050
4600,960.7041
4601,960.7067
4602,960.7077
4603,960.7096
4604,960.7056
4605,960.7082
4606,960.7086
4607,960.7119
4608,963.3604
4609,960.1337
4610,960.1345
4611,960.1359
4612,963.3614
4613,963.3648
4614,963.3620
4615,963.3638
4616,963.3626
4617,963.3652
4618,963.3673
4619,963.3657
4620,963.3694
4621,963.3663
4622,963.3679
4623,963.3683
4624,963.3698
4625,963.3703
4626,963.3707
4627,963.3712
4628,963.3716
4629,963.3721
4630,963.3745
4631,966.5421
4632,963.3726
4633,963.3730
4634,966.5449
4635,966.5430
4636,966.5437
4637,966.5470
4638,966.5485
4639,966.5454
4640,966.5459
4641,966.5475
4642,966.5500
4643,966.5527
4644,966.5490
4645,966.5518
4646,966.5505
4647,966.5533
4648,966.5561
4649,966.5540
4650,966.5550
4651,969.8274
4652,966.5567
4653,966.5572
4654,966.5577
4655,969.8283
4656,969.8290
4657,969.8295
4658,969.8319
4659,969.8335
4660,969.8302
4661,969.8308
4662,969.8325
4663,969.8355
4664,969.8340
4665,969.8380
4666,969.8346
4667,969.8360
4668,969.8366
4669,969.8385
4670,969.8391
4671,969.8396
4672,969.8417
4673,969.8402
4674,969.8407
4675,972.8693
4676,972.8714
4677,969.8422
4678,969.8428
4679,972.8703
4680,972.8741
4681,972.8720
4682,972.8726
4683,972.8732
4684,972.8759
4685,972.8748
4686,972.8781
4687,972.8792
4688,972.8808
4689,972.8765
4690,972.8819
4691,972.8798
4692,976.1029
4693,976.1042
4694,976.1053
4695,972.8825
4696,976.1072
4697,976.1082
4698,976.1104
4699,976.1059
4700,976.1088
4701,976.1095
4702,976.1127
4703,976.1110
4704,979.6551
4705,976.1116
4706,976.1132
4707,976.1138
4708,979.6561
4709,979.6568
4710,979.6601
4711,979.6583
4712,979.6592
4713,979.6573
4714,979.6622
4715,979.6612
4716,979.6638
4717,979.6648
4718,979.6629
4719,979.6657
4720,979.6671
4721,979.6690
4722,979.6681
4723,979.6661
4724,983.1018
4725,983.1031
4726,979.6697
4727,983.1041
4728,983.1062
4729,983.1077
4730,983.1047
4731,983.1053
4732,983.1068
4733,983.1092
4734,983.1083
4735,983.1128
4736,983.1116
4737,983.1098
4738,983.1104
4739,983.1135
4740,983.1155
4741,983.1141
4742,983.1146
4743,986.4003
4744,986.4016
4745,986.4026
4746,986.4035
4747,986.4045
4748,986.4065
4749,986.4074
4750,986.4083
4751,986.4050
4752,986.4112
4753,986.4088
4754,986.4093
4755,986.4102
4756,986.4117
4757,986.4138
4758,986.4122
4759,989.7158
4760,986.4127
4761,986.4143
4762,986.4148
4763,989.7167
4764,989.7199
4765,989.7173
4766,989.7178
4767,989.7183
4768,989.7204
4769,989.7208
4770,989.7247
4771,989.7218
4772,989.7228
4773,989.7237
4774,989.7266
4775,989.7275
4776,989.7252
4777,989.7257
4778,992.8759
4779,992.8786
4780,989.7280
4781,992.8776
4782,992.8796
4783,992.8816
4784,992.8826
4785,992.8807
4786,992.8850
4787,992.8830
4788,992.8836
4789,992.8841
4790,992.8855
4791,992.8860
4792,992.8880
4793,992.8864
4794,992.8870
4795,992.8902
4796,992.8885
4797,995.9958
4798,992.8891
4799,995.9984
4800,995.9973
4801,995.9998
4802,996.0008
4803,995.9989
4804,996.0027
4805,996.0012
4806,996.0043
4807,996.0017
4808,996.0033
4809,996.0063
4810,996.0047
4811,996.0053
4812,996.0082
4813,996.0067
4814,996.0073
4815,996.0099
4816,996.0087
4817,999.1056
4818,999.1066
4819,999.1034
4820,999.1043
4821,999.1071
4822,999.1091
4823,999.1076
4824,999.1081
4825,999.1115
4826,999.1096
4827,999.1101
4828,999.1106
4829,999.1139
4830,999.1121
4831,999.1126
4832,999.1155
4833,999.1144
4834,1002.8417
4835,1002.8397
4836,1002.8438
4837,1002.8450
4838,1002.8423
4839,1002.8428
4840,1002.8468
4841,1002.8454
4842,1002.8459
4843,1002.8492
4844,1002.8473
4845,1002.8478
4846,1002.8483
4847,1002.8508
4848,1002.8497
4849,1002.8526
4850,1002.8535
4851,1002.8512
4852,1002.8517
4853,1002.8540
4854,1006.2261
4855,1006.2294
4856,1006.2275
4857,1006.2285
4858,1006.2304
4859,1006.2339
4860,1006.2321
4861,1006.2330
4862,1006.2309
4863,1006.2363
4864,1005.5811
4865,1005.5850
4866,1005.5818
4867,1005.5834
4868,1005.5839
4869,1005.5870
4870,1005.5855
4871,1008.8453
4872,1005.5860
4873,1005.5876
4874,1008.8473
4875,1008.8500
4876,1008.8489
4877,1008.8461
4878,1008.8479
4879,1008.8510
4880,1008.8505
4881,1008.8525
4882,1008.8535
4883,1008.8559
4884,1008.8515
4885,1008.8541
4886,1008.8547
4887,1008.8575
4888,1008.8584
4889,1008.8564
4890,1008.8596
4891,1012.1594
4892,1008.8601
4893,1008.8606
4894,1012.1616
4895,1012.1603
4896,1012.1625
4897,1012.1635
4898,1012.1644
4899,1012.1653
4900,1012.1669
4901,1012.1678
4902,1012.1658
4903,1012.1693
4904,1012.1702
4905,1012.1683
4906,1012.1711
4907,1012.1726
4908,1015.3133
4909,1012.1716
4910,1015.3143
4911,1015.3117
4912,1015.3170
4913,1015.3149
4914,1015.3155
4915,1015.3161
4916,1015.3186
4917,1015.3177
4918,1015.3220
4919,1015.3209
4920,1015.3193
4921,1015.3198
4922,1015.3227
4923,1015.3264
4924,1015.3232
4925,1015.3255
4926,1015.3239
4927,1018.7761
4928,1015.3271
4929,1018.7781
4930,1018.7791
4931,1018.7771
4932,1018.7806
4933,1018.7797
4934,1018.7821
4935,1018.7831
4936,1018.7852
4937,1018.7812
4938,1018.7837
4939,1018.7842
4940,1018.7859
4941,1018.7865
4942,1018.7869
4943,1018.7875
4944,1018.7895
4945,1018.7880
4946,1018.7885
4947,1018.7921
4948,1018.7900
4949,1018.7906
4950,1018.7912
4951,1018.7926
4952,1018.7931
4953,1021.7255
4954,1021.7285
4955,1021.7239
4956,1021.7275
4957,1021.7262
4958,1021.7290
4959,1021.7296
4960,1021.7311
4961,1021.7302
4962,1021.7329
4963,1021.7342
4964,1021.7363
4965,1021.7318
4966,1021.7348
4967,1021.7354
4968,1024.8963
4969,1024.8938
4970,1024.8947
4971,1024.8953
4972,1024.8988
4973,1024.9000
4974,1024.9009
4975,1024.8970
4976,1024.9029
4977,1024.9013
4978,1024.9020
4979,1028.2478
4980,1024.9036
4981,1028.2508
4982,1028.2524
4983,1028.2488
4984,1028.2496
4985,1028.2534
4986,1028.2560
4987,1028.2570
4988,1028.2550
4989,1028.2539
4990,1028.2585
4991,1028.2576
4992,1028.2605
4993,1028.2614
4994,1028.2593
4995,1028.2624
4996,1031.5348
4997,1031.5361
4998,1031.5372
4999,1031.5394
5000,1031.5377
5001,1031.5404
5002,1031.5385
5003,1031.5428
5004,1031.5419
5005,1031.5448
5006,1031.5457
5007,1031.5438
5008,1031.5433
5009,1031.5486
5010,1031.5477
5011,1031.5462
5012,1031.5467
5013,1034.7769
5014,1034.7783
5015,1031.5491
5016,1031.5495
5017,1034.7804
5018,1034.7820
5019,1034.7795
5020,1034.7789
5021,1034.7810
5022,1034.7824
5023,1034.7839
5024,1034.7829
5025,1034.7862
5026,1034.7872
5027,1034.7845
5028,1034.7853
5029,1034.7891
5030,1038.1290
5031,1034.7877
5032,1034.7882
5033,1038.1315
5034,1038.1299
5035,1038.1304
5036,1038.1341
5037,1038.1321
5038,1038.1326
5039,1038.1331
5040,1038.1346
5041,1038.1362
5042,1038.1392
5043,1038.1383
5044,1038.1351
5045,1038.1367
5046,1038.1427
5047,1038.1407
5048,1038.1416
5049,1038.1397
5050,1041.6629
5051,1038.1437
5052,1038.1432
5053,1041.6656
5054,1041.6639
5055,1041.6644
5056,1041.6832
5057,1041.6661
5058,1041.6864
5059,1041.6874
5060,1041.6852
5061,1041.6897
5062,1041.6880
5063,1041.6886
5064,1041.6906
5065,1041.6921
5066,1041.6930
5067,1041.6940
5068,1041.6911
5069,1041.6945
5070,1041.6950
5071,1044.9797
5072,1044.9828
5073,1044.9838
5074,1044.9819
5075,1044.9806
5076,1044.9864
5077,1044.9844
5078,1044.9855
5079,1044.9875
5080,1044.9881
5081,1044.9886
5082,1044.9891
5083,1044.9902
5084,1044.9918
5085,1044.9927
5086,1044.9936
5087,1044.9906
5088,1044.9951
5089,1044.9942
5090,1047.9359
5091,1047.9380
5092,1047.9326
5093,1047.9341
5094,1047.9385
5095,1047.9389
5096,1047.9399
5097,1047.9408
5098,1047.9427
5099,1047.9417
5100,1047.9412
5101,1047.9449
5102,1047.9435
5103,1047.9459
5104,1047.9440
5105,1051.4666
5106,1051.4678
5107,1047.9464
5108,1047.9470
5109,1051.4693
5110,1051.4720
5111,1051.4683
5112,1051.4710
5113,1051.4697
5114,1051.4740
5115,1051.4725
5116,1051.4760
5117,1051.4730
5118,1051.4744
5119,1051.4749
5120,1050.9116
5121,1050.9141
5122,1050.9152
5123,1050.9122
5124,1050.9128
5125,1054.0912
5126,1054.0938
5127,1054.0901
5128,1054.0929
5129,1054.0917
5130,1054.0969
5131,1054.0944
5132,1054.0958
5133,1054.0949
5134,1054.0985
5135,1054.1011
5136,1054.0974
5137,1054.1000
5138,1054.0991
5139,1057.3726
5140,1057.3779
5141,1057.3755
5142,1057.3769
5143,1057.3742
5144,1057.3814
5145,1057.3805
5146,1057.3783
5147,1057.3793
5148,1057.3823
5149,1057.3859
5150,1057.3834
5151,1057.3880
5152,1057.3894
5153,1057.3864
5154,1057.3870
5155,1057.3885
5156,1060.4952
5157,1060.4980
5158,1060.4941
5159,1060.4970
5160,1060.4959
5161,1060.4985
5162,1060.4990
5163,1060.4996
5164,1060.5011
5165,1060.5001
5166,1060.5030
5167,1060.5041
5168,1060.5056
5169,1060.5015
5170,1060.5047
5171,1060.5070
5172,1060.5061
5173,1063.7164
5174,1063.7174
5175,1063.7201
5176,1063.7191
5177,1063.7222
5178,1063.7179
5179,1063.7212
5180,1063.7207
5181,1063.7228
5182,1063.7243
5183,1063.7268
5184,1063.7259
5185,1063.7233
5186,1063.7247
5187,1063.7277
5188,1063.7273
5189,1063.7294
5190,1063.7309
5191,1063.7318
5192,1063.7282
5193,1063.7300
5194,1067.2446
5195,1063.7324
5196,1067.2418
5197,1067.2432
5198,1067.2466
5199,1067.2451
5200,1067.2483
5201,1067.2457
5202,1067.2472
5203,1067.2503
5204,1067.2488
5205,1067.2493
5206,1067.2528
5207,1067.2508
5208,1067.2514
5209,1067.2518
5210,1067.2544
5211,1070.3721
5212,1070.3711
5213,1067.2532
5214,1067.2550
5215,1070.3733
5216,1070.3743
5217,1070.3765
5218,1070.3755
5219,1070.3785
5220,1070.3770
5221,1070.3801
5222,1070.3776
5223,1070.3790
5224,1073.7901
5225,1073.7913
5226,1070.3805
5227,1070.3811
5228,1073.7928
5229,1073.7918
5230,1073.7951
5231,1073.7961
5232,1073.7934
5233,1073.7940
5234,1073.7981
5235,1077.1701
5236,1073.7965
5237,1073.7972
5238,1073.7986
5239,1077.1708
5240,1077.1720
5241,1077.1733
5242,1077.1757
5243,1077.1744
5244,1077.1778
5245,1077.1762
5246,1077.1768
5247,1077.1797
5248,1077.1807
5249,1077.1783
5250,1077.1788
5251,1077.1831
5252,1077.1812
5253,1077.1817
5254,1077.1822
5255,1077.1835
5256,1077.1840
5257,1077.1845
5258,1077.1849
5259,1077.1854
5260,1077.1859
5261,1077.1863
5262,1080.2460
5263,1080.2487
5264,1080.2478
5265,1080.2449
5266,1080.2466
5267,1080.2503
5268,1080.2492
5269,1080.2518
5270,1080.2527
5271,1080.2509
5272,1080.2551
5273,1080.2532
5274,1080.2537
5275,1080.2542
5276,1080.2556
5277,1080.2560
5278,1083.4975
5279,1080.2580
5280,1080.2565
5281,1080.2571
5282,1083.4981
5283,1083.5001
5284,1083.5011
5285,1083.4987
5286,1083.4991
5287,1083.5025
5288,1083.5015
5289,1083.5040
5290,1083.5049
5291,1083.5064
5292,1083.5030
5293,1083.5054
5294,1083.5078
5295,1083.5068
5296,1086.6353
5297,1086.6364
5298,1083.5084
5299,1083.5088
5300,1086.6369
5301,1086.6374
5302,1086.6394
5303,1086.6406
5304,1086.6416
5305,1086.6384
5306,1086.6421
5307,1086.6439
5308,1086.6457
5309,1086.6427
5310,1086.6466
5311,1086.6446
5312,1086.6471
5313,1086.6491
5314,1086.6476
5315,1086.6481
5316,1086.6500
5317,1090.0329
5318,1090.0339
5319,1090.0319
5320,1090.0355
5321,1090.0344
5322,1090.0371
5323,1090.0381
5324,1090.0395
5325,1090.0361
5326,1090.0386
5327,1090.0420
5328,1090.0400
5329,1090.0406
5330,1090.0411
5331,1090.0424
5332,1090.0443
5333,1090.0429
5334,1090.0434
5335,1090.0464
5336,1090.0448
5337,1090.0454
5338,1093.1900
5339,1093.1935
5340,1093.1916
5341,1093.1926
5342,1093.1906
5343,1093.1959
5344,1093.1940
5345,1093.1945
5346,1093.1950
5347,1093.1979
5348,1093.1964
5349,1093.1970
5350,1093.1994
5351,1093.1985
5352,1093.2004
5353,1093.2019
5354,1093.2033
5355,1093.2042
5356,1096.7155
5357,1093.2023
5358,1093.2046
5359,1096.7175
5360,1096.7161
5361,1096.7166
5362,1096.7194
5363,1096.7180
5364,1096.7185
5365,1096.7221
5366,1096.7199
5367,1096.7210
5368,1096.7205
5369,1096.7234
5370,1096.7225
5371,1100.1479
5372,1100.1465
5373,1096.7240
5374,1100.1505
5375,1100.1486
5376,1099.5609
5377,1099.5582
5378,1099.5631
5379,1099.5599
5380,1099.5615
5381,1099.5621
5382,1099.5641
5383,1099.5678
5384,1099.5658
5385,1099.5669
5386,1099.5647
5387,1099.5695
5388,1099.5683
5389,1099.5689
5390,1099.5699
5391,1099.5719
5392,1099.5704
5393,1102.5802
5394,1099.5710
5395,1102.5814
5396,1102.5787
5397,1102.5829
5398,1102.5838
5399,1102.5819
5400,1102.5848
5401,1102.5878
5402,1102.5860
5403,1102.5869
5404,1102.5898
5405,1102.5883
5406,1102.5910
5407,1102.5889
5408,1105.9514
5409,1105.9528
5410,1105.9538
5411,1102.5916
5412,1105.9549
5413,1105.9587
5414,1105.9568
5415,1105.9578
5416,1105.9555
5417,1105.9593
5418,1105.9599
5419,1105.9604
5420,1105.9608
5421,1105.9624
5422,1105.9649
5423,1105.9613
5424,1105.9640
5425,1105.9629
5426,1109.3033
5427,1109.3054
5428,1105.9654
5429,1105.9660
5430,1109.3044
5431,1109.3077
5432,1109.3061
5433,1109.3067
5434,1109.3092
5435,1109.3118
5436,1109.3109
5437,1109.3083
5438,1109.3098
5439,1109.3125
5440,1109.3141
5441,1109.3151
5442,1109.3160
5443,1109.3130
5444,1112.4097
5445,1112.4109
5446,1109.3166
5447,1112.4085
5448,1112.4130
5449,1112.4115
5450,1112.4145
5451,1112.4121
5452,1112.4161
5453,1112.4136
5454,1112.4172
5455,1112.4151
5456,1112.4195
5457,1112.4204
5458,1112.4178
5459,1112.4183
5460,1112.4210
5461,1115.8601
5462,1112.4215
5463,1115.8624
5464,1112.4222
5465,1115.8645
5466,1115.8610
5467,1115.8629
5468,1115.8636
5469,1115.8667
5470,1115.8651
5471,1115.8657
5472,1115.8688
5473,1115.8672
5474,1115.8678
5475,1115.8711
5476,1115.8728
5477,1115.8693
5478,1115.8699
5479,1115.8717
5480,1119.2144
5481,1119.2178
5482,1119.2167
5483,1115.8734
5484,1119.2154
5485,1119.2184
5486,1119.2191
5487,1119.2212
5488,1119.2197
5489,1119.2203
5490,1119.2234
5491,1119.2218
5492,1122.5731
5493,1119.2225
5494,1122.5753
5495,1122.5764
5496,1122.5786
5497,1122.5742
5498,1122.5771
5499,1122.5777
5500,1122.5791
5501,1122.5807
5502,1122.5797
5503,1122.5831
5504,1122.5821
5505,1122.5851
5506,1122.5860
5507,1122.5842
5508,1122.5836
5509,1125.7051
5510,1122.5866
5511,1122.5882
5512,1122.5872
5513,1125.7061
5514,1125.7076
5515,1125.7066
5516,1125.7086
5517,1125.7096
5518,1125.7111
5519,1125.7121
5520,1125.7130
5521,1125.7101
5522,1125.7154
5523,1125.7145
5524,1125.7174
5525,1125.7135
5526,1125.7159
5527,1125.7164
5528,1129.2131
5529,1129.2107
5530,1125.7179
5531,1129.2148
5532,1129.2152
5533,1129.2161
5534,1129.2211
5535,1129.2173
5536,1129.2191
5537,1129.2202
5538,1129.2236
5539,1129.2227
5540,1129.2250
5541,1129.2222
5542,1129.2241
5543,1129.2265
5544,1132.4595
5545,1129.2255
5546,1132.4611
5547,1132.4632
5548,1132.4617
5549,1132.4647
5550,1132.4622
5551,1132.4637
5552,1132.4663
5553,1132.4678
5554,1132.4652
5555,1132.4688
5556,1132.4669
5557,1132.4708
5558,1132.4722
5559,1132.4694
5560,1132.4699
5561,1132.4713
5562,1132.4727
5563,1135.7198
5564,1135.7219
5565,1132.4731
5566,1135.7228
5567,1135.7208
5568,1135.7252
5569,1135.7233
5570,1135.7238
5571,1135.7243
5572,1135.7258
5573,1135.7280
5574,1135.7263
5575,1135.7271
5576,1135.7300
5577,1135.7285
5578,1135.7310
5579,1135.7290
5580,1135.7329
5581,1135.7339
5582,1135.7315
5583,1135.7320
5584,1135.7343
5585,1135.7349
5586,1139.1947
5587,1139.1913
5588,1139.1927
5589,1139.1937
5590,1139.1973
5591,1139.1964
5592,1139.1954
5593,1139.1959
5594,1139.1989
5595,1139.1978
5596,1139.2003
5597,1139.2013
5598,1139.2033
5599,1139.1994
5600,1139.2019
5601,1139.2023
5602,1139.2037
5603,1139.2058
5604,1139.2042
5605,1142.4582
5606,1139.2048
5607,1142.4562
5608,1142.4571
5609,1142.4598
5610,1142.4624
5611,1142.4588
5612,1142.4614
5613,1142.4603
5614,1142.4628
5615,1142.4638
5616,1142.4633
5617,1142.4642
5618,1142.4661
5619,1142.4647
5620,1142.4671
5621,1142.4652
5622,1146.1338
5623,1146.1351
5624,1146.1367
5625,1146.1377
5626,1146.1357
5627,1146.1399
5628,1146.1382
5629,1146.1421
5630,1146.1387
5631,1146.1404
5632,1145.5582
5633,1145.5598
5634,1145.5628
5635,1145.5604
5636,1145.5611
5637,1145.5616
5638,1145.5647
5639,1148.7356
5640,1145.5633
5641,1145.5638
5642,1145.5653
5643,1148.7367
5644,1148.7372
5645,1148.7377
5646,1148.7399
5647,1148.7415
5648,1148.7382
5649,1148.7388
5650,1148.7404
5651,1148.7433
5652,1148.7458
5653,1148.7447
5654,1148.7421
5655,1148.7438
5656,1148.7463
5657,1148.7481
5658,1148.7491
5659,1148.7468
5660,1148.7472
5661,1151.8709
5662,1151.8680
5663,1151.8690
5664,1151.8696
5665,1151.8715
5666,1151.8739
5667,1151.8722
5668,1151.8727
5669,1151.8755
5670,1151.8782
5671,1151.8745
5672,1151.8773
5673,1151.8761
5674,1151.8788
5675,1151.8810
5676,1151.8827
5677,1151.8794
5678,1151.8799
5679,1151.8815
5680,1155.1873
5681,1155.1895
5682,1151.8831
5683,1151.8837
5684,1155.1883
5685,1155.1904
5686,1155.1910
5687,1155.1915
5688,1155.1935
5689,1155.1920
5690,1155.1925
5691,1155.1956
5692,1155.1941
5693,1155.1947
5694,1155.1977
5695,1155.1987
5696,1155.1962
5697,1155.1968
5698,1155.2008
5699,1155.1993
5700,1158.4153
5701,1155.1999
5702,1158.4183
5703,1158.4194
5704,1158.4163
5705,1158.4170
5706,1158.4220
5707,1158.4200
5708,1158.4205
5709,1158.4211
5710,1158.4248
5711,1158.4227
5712,1158.4232
5713,1158.4238
5714,1158.4253
5715,1158.4282
5716,1158.4260
5717,1158.4266
5718,1158.4270
5719,1158.4298
5720,1161.5566
5721,1158.4287
5722,1161.5578
5723,1161.5592
5724,1161.5583
5725,1161.5607
5726,1161.5616
5727,1161.5598
5728,1161.5626
5729,1161.5640
5730,1161.5649
5731,1161.5659
5732,1161.5630
5733,1161.5663
5734,1161.5668
5735,1161.5678
5736,1161.5698
5737,1161.5684
5738,1161.5689
5739,1161.5713
5740,1164.7792
5741,1161.5704
5742,1164.7805
5743,1161.5718
5744,1164.7812
5745,1164.7844
5746,1164.7822
5747,1164.7863
5748,1164.7835
5749,1164.7848
5750,1164.7854
5751,1164.7887
5752,1164.7869
5753,1164.7875
5754,1164.7909
5755,1164.7925
5756,1164.7893
5757,1164.7899
5758,1164.7914
5759,1164.7929
5760,1164.7934
5761,1168.4923
5762,1164.7939
5763,1164.7944
5764,1168.4954
5765,1168.4980
5766,1168.4941
5767,1168.4989
5768,1168.4967
5769,1168.5007
5770,1168.5038
5771,1168.5028
5772,1168.4998
5773,1168.5012
5774,1171.9079
5775,1171.9068
5776,1168.5044
5777,1168.5053
5778,1171.9100
5779,1171.9085
5780,1171.9091
5781,1171.9126
5782,1171.9106
5783,1171.9116
5784,1171.9111
5785,1171.9141
5786,1171.9131
5787,1171.9170
5788,1171.9161
5789,1171.9146
5790,1171.9151
5791,1175.5811
5792,1171.9190
5793,1171.9175
5794,1171.9181
5795,1175.5848
5796,1175.5863
5797,1175.5823
5798,1175.5831
5799,1175.5879
5800,1175.5898
5801,1175.5933
5802,1175.5916
5803,1175.5963
5804,1175.5989
5805,1175.6006
5806,1175.5944
5807,1175.5972
5808,1178.7219
5809,1178.7246
5810,1175.6015
5811,1178.7263
5812,1178.7230
5813,1178.7272
5814,1178.7290
5815,1178.7328
5816,1178.7309
5817,1178.7347
5818,1178.7385
5819,1178.7358
5820,1178.7403
5821,1178.7366
5822,1178.7435
5823,1178.7445
5824,1178.7413
5825,1178.7422
5826,1178.7450
5827,1182.0576
5828,1178.7460
5829,1178.7467
5830,1178.7474
5831,1182.0595
5832,1182.0633
5833,1182.0614
5834,1182.0623
5835,1182.0602
5836,1182.0661
5837,1182.0639
5838,1182.0644
5839,1182.0652
5840,1182.0682
5841,1182.0709
5842,1182.0671
5843,1182.0700
5844,1182.0688
5845,1182.0715
5846,1182.0726
5847,1182.0731
5848,1182.0720
5849,1185.3312
5850,1182.0735
5851,1185.3292
5852,1185.3302
5853,1185.3317
5854,1185.3327
5855,1185.3347
5856,1185.3321
5857,1185.3331
5858,1185.3339
5859,1185.3364
5860,1185.3351
5861,1185.3378
5862,1185.3356
5863,1185.3387
5864,1185.3369
5865,1185.3403
5866,1185.3411
5867,1185.3396
5868,1185.3392
5869,1185.3415
5870,1188.7454
5871,1185.3420
5872,1188.7467
5873,1188.7477
5874,1188.7487
5875,1188.7497
5876,1188.7511
5877,1188.7520
5878,1188.7541
5879,1188.7502
5880,1188.7526
5881,1188.7532
5882,1188.7551
5883,1188.7583
5884,1188.7562
5885,1188.7572
5886,1191.9492
5887,1191.9505
5888,1191.3769
5889,1188.1833
5890,1191.3795
5891,1191.3784
5892,1191.3816
5893,1191.3826
5894,1191.3853
5895,1191.3864
5896,1191.3831
5897,1194.7965
5898,1191.3869
5899,1194.7981
5900,1191.3873
5901,1194.7972
5902,1194.7996
5903,1194.7986
5904,1194.8005
5905,1194.8018
5906,1194.8033
5907,1194.8044
5908,1194.8023
5909,1194.8069
5910,1194.8048
5911,1194.8054
5912,1194.8058
5913,1194.8094
5914,1194.8074
5915,1197.9660
5916,1194.8084
5917,1194.8098
5918,1194.8103
5919,1197.9687
5920,1197.9667
5921,1197.9672
5922,1197.9677
5923,1197.9692
5924,1197.9702
5925,1197.9718
5926,1197.9730
5927,1197.9740
5928,1197.9708
5929,1197.9760
5930,1197.9745
5931,1197.9751
5932,1197.9774
5933,1201.0075
5934,1197.9765
5935,1201.0086
5936,1197.9780
5937,1201.0093
5938,1201.0114
5939,1201.0105
5940,1201.0099
5941,1201.0135
5942,1201.0120
5943,1201.0125
5944,1201.0151
5945,1201.0160
5946,1201.0169
5947,1201.0140
5948,1201.0190
5949,1201.0175
5950,1201.0181
5951,1201.0207
5952,1201.0195
5953,1204.4090
5954,1204.4079
5955,1204.4100
5956,1204.4127
5957,1204.4106
5958,1204.4112
5959,1204.4118
5960,1204.4133
5961,1204.4137
5962,1204.4142
5963,1204.4147
5964,1204.4151
5965,1204.4156
5966,1204.4171
5967,1204.4191
5968,1204.4182
5969,1204.4160
5970,1204.4221
5971,1204.4202
5972,1204.4197
5973,1204.4212
5974,1204.4227
5975,1207.2754
5976,1207.2743
5977,1207.2765
5978,1204.4233
5979,1207.2805
5980,1207.2771
5981,1207.2784
5982,1207.2795
5983,1207.2829
5984,1207.2810
5985,1207.2838
5986,1207.2820
5987,1207.2859
5988,1207.2849
5989,1210.6414
5990,1210.6403
5991,1210.6440
5992,1210.6431
5993,1210.6451
5994,1210.6420
5995,1210.6477
5996,1210.6468
5997,1210.6486
5998,1210.6457
5999,1210.6495
6000,1216.2254
6001,1216.2262
6002,1216.2279
6003,1216.2310
6004,1216.2300
6005,1216.2268
6006,1216.2285
6007,1216.2351
6008,1216.2321
6009,1216.2330
6010,1216.2340
6011,1216.2357
6012,1216.2377
6013,1216.2392
6014,1216.2362
6015,1216.2368
6016,1216.2383
6017,1219.1876
6018,1219.1920
6019,1219.1896
6020,1219.1906
6021,1219.1885
6022,1222.5612
6023,1222.5623
6024,1219.1936
6025,1219.1926
6026,1222.5629
6027,1222.5649
6028,1222.5634
6029,1222.5664
6030,1222.5640
6031,1222.5674
6032,1222.5655
6033,1222.5695
6034,1222.5704
6035,1222.5684
6036,1222.5724
6037,1222.5710
6038,1222.5714
6039,1222.5744
6040,1222.5729
6041,1225.8747
6042,1222.5735
6043,1222.5749
6044,1225.8775
6045,1225.8755
6046,1225.8761
6047,1225.8766
6048,1225.8795
6049,1225.8780
6050,1225.8810
6051,1225.8786
6052,1225.8800
6053,1225.8836
6054,1225.8814
6055,1225.8820
6056,1225.8825
6057,1225.8841
6058,1225.8846
6059,1225.8850
6060,1225.8855
6061,1225.8860
6062,1225.8884
6063,1225.8893
6064,1225.8875
6065,1225.8865
6066,1228.8228
6067,1228.8208
6068,1228.8238
6069,1228.8216
6070,1228.8258
6071,1228.8267
6072,1228.8243
6073,1228.8248
6074,1228.8295
6075,1228.8272
6076,1228.8281
6077,1228.8285
6078,1228.8300
6079,1228.8315
6080,1228.8324
6081,1228.8334
6082,1228.8305
6083,1232.1576
6084,1232.1593
6085,1232.1611
6086,1232.1602
6087,1232.1583
6088,1232.1621
6089,1232.1630
6090,1232.1640
6091,1232.1649
6092,1232.1658
6093,1232.1674
6094,1232.1683
6095,1232.1692
6096,1232.1663
6097,1232.1711
6098,1232.1697
6099,1235.4173
6100,1232.1702
6101,1235.4185
6102,1235.4195
6103,1235.4227
6104,1235.4217
6105,1235.4200
6106,1235.4206
6107,1235.4250
6108,1235.4232
6109,1235.4266
6110,1235.4240
6111,1235.4280
6112,1235.4256
6113,1235.4270
6114,1235.4295
6115,1238.5520
6116,1235.4285
6117,1238.5509
6118,1235.4300
6119,1238.5526
6120,1238.5531
6121,1238.5553
6122,1238.5537
6123,1238.5568
6124,1238.5543
6125,1238.5559
6126,1238.5583
6127,1238.5619
6128,1238.5599
6129,1238.5609
6130,1238.5588
6131,1238.5651
6132,1238.5624
6133,1238.5640
6134,1238.5630
6135,1241.7794
6136,1241.7811
6137,1241.7783
6138,1241.7821
6139,1241.7801
6140,1241.7826
6141,1241.7830
6142,1241.7835
6143,1241.7856
6144,1241.1048
6145,1241.1054
6146,1241.1078
6147,1241.1068
6148,1241.1101
6149,1241.1112
6150,1241.1084
6151,1241.1090
6152,1241.1118
6153,1241.1123
6154,1244.5215
6155,1241.1127
6156,1241.1133
6157,1241.1137
6158,1244.5224
6159,1244.5236
6160,1244.5231
6161,1244.5251
6162,1244.5265
6163,1244.5274
6164,1244.5241
6165,1244.5256
6166,1244.5302
6167,1244.5279
6168,1244.5286
6169,1244.5290
6170,1244.5316
6171,1244.5306
6172,1247.9074
6173,1247.9086
6174,1244.5320
6175,1247.9103
6176,1247.9121
6177,1247.9093
6178,1247.9131
6179,1247.9109
6180,1247.9158
6181,1247.9149
6182,1247.9139
6183,1247.9169
6184,1247.9174
6185,1247.9180
6186,1247.9190
6187,1247.9222
6188,1247.9202
6189,1247.9211
6190,1251.2120
6191,1247.9233
6192,1247.9228
6193,1247.9238
6194,1251.2126
6195,1251.2149
6196,1251.2132
6197,1251.2165
6198,1251.2138
6199,1251.2182
6200,1251.2154
6201,1251.2206
6202,1251.2171
6203,1251.2188
6204,1251.2194
6205,1251.2221
6206,1251.2250
6207,1251.2212
6208,1251.2238
6209,1251.2227
6210,1254.2432
6211,1251.2262
6212,1251.2256
6213,1254.2420
6214,1254.2447
6215,1254.2474
6216,1254.2437
6217,1254.2464
6218,1254.2453
6219,1254.2490
6220,1254.2518
6221,1254.2501
6222,1254.2480
6223,1254.2534
6224,1257.6659
6225,1257.6648
6226,1254.2524
6227,1257.6681
6228,1257.6665
6229,1257.6672
6230,1257.6708
6231,1257.6686
6232,1257.6692
6233,1257.6697
6234,1257.6730
6235,1257.6750
6236,1257.6714
6237,1257.6720
6238,1257.6736
6239,1257.6771
6240,1257.6781
6241,1257.6756
6242,1257.6762
6243,1260.9406
6244,1257.6785
6245,1257.6791
6246,1260.9515
6247,1260.9413
6248,1260.9526
6249,1260.9419
6250,1260.9544
6251,1260.9553
6252,1260.9568
6253,1260.9532
6254,1260.9559
6255,1260.9588
6256,1260.9573
6257,1260.9604
6258,1260.9578
6259,1260.9625
6260,1260.9593
6261,1260.9610
6262,1260.9616
6263,1264.1267
6264,1264.1286
6265,1264.1297
6266,1264.1254
6267,1264.1273
6268,1264.1312
6269,1264.1329
6270,1264.1302
6271,1264.1339
6272,1264.1319
6273,1264.1344
6274,1264.1349
6275,1264.1369
6276,1264.1396
6277,1264.1387
6278,1264.1357
6279,1264.1374
6280,1264.1401
6281,1267.4621
6282,1267.4640
6283,1267.4650
6284,1264.1406
6285,1267.4628
6286,1267.4665
6287,1267.4654
6288,1267.4682
6289,1267.4691
6290,1270.5933
6291,1267.4672
6292,1267.4697
6293,1270.5944
6294,1270.5966
6295,1270.5977
6296,1270.5956
6297,1270.5997
6298,1270.5981
6299,1270.6011
6300,1270.5987
6301,1270.6031
6302,1270.6002
6303,1270.6016
6304,1270.6021
6305,1270.6050
6306,1274.0517
6307,1270.6036
6308,1270.6041
6309,1270.6055
6310,1274.0544
6311,1274.0523
6312,1274.0529
6313,1274.0534
6314,1274.0549
6315,1274.0554
6316,1274.0580
6317,1274.0559
6318,1274.0564
6319,1274.0570
6320,1274.0585
6321,1274.0605
6322,1274.0619
6323,1274.0590
6324,1274.0596
6325,1274.0610
6326,1274.0643
6327,1274.0624
6328,1274.0629
6329,1274.0633
6330,1274.0647
6331,1274.0657
6332,1274.0652
6333,1274.0661
6334,1274.0666
6335,1277.3707
6336,1277.3697
6337,1274.0670
6338,1274.0676
6339,1277.3711
6340,1277.3715
6341,1277.3735
6342,1277.3720
6343,1277.3724
6344,1277.3727
6345,1277.3740
6346,1277.3747
6347,1277.3772
6348,1277.3757
6349,1277.3764
6350,1277.3787
6351,1277.3779
6352,1277.3776
6353,1277.3806
6354,1277.3790
6355,1277.3799
6356,1277.3794
6357,1277.3810
6358,1280.4771
6359,1280.4786
6360,1277.3813
6361,1280.4760
6362,1280.4776
6363,1280.4791
6364,1280.4795
6365,1280.4811
6366,1280.4836
6367,1280.4800
6368,1280.4826
6369,1280.4817
6370,1280.4842
6371,1280.4863
6372,1280.4847
6373,1280.4852
6374,1280.4887
6375,1280.4868
6376,1283.6009
6377,1280.4875
6378,1283.5993
6379,1283.5999
6380,1283.6034
6381,1283.6014
6382,1283.6019
6383,1283.6024
6384,1283.6060
6385,1283.6041
6386,1283.6046
6387,1283.6051
6388,1283.6065
6389,1283.6101
6390,1283.6111
6391,1283.6077
6392,1283.6089
6393,1283.6115
6394,1286.7671
6395,1286.7659
6396,1283.6120
6397,1283.6126
6398,1286.7692
6399,1286.7682
6400,1286.2098
6401,1286.2109
6402,1286.2081
6403,1286.2085
6404,1286.2128
6405,1286.2115
6406,1286.2146
6407,1286.2159
6408,1286.2132
6409,1286.2137
6410,1289.4897
6411,1286.2179
6412,1286.2163
6413,1286.2168
6414,1289.4934
6415,1289.4924
6416,1289.4903
6417,1289.4914
6418,1289.4954
6419,1289.4964
6420,1289.4940
6421,1289.4945
6422,1289.4969
6423,1289.4987
6424,1289.4978
6425,1289.4996
6426,1289.5006
6427,1292.8555
6428,1289.5010
6429,1292.8573
6430,1289.5016
6431,1292.8563
6432,1292.8605
6433,1292.8579
6434,1292.8584
6435,1292.8589
6436,1292.8614
6437,1296.1101
6438,1296.1112
6439,1296.1122
6440,1296.1148
6441,1296.1128
6442,1296.1133
6443,1296.1137
6444,1296.1152
6445,1296.1172
6446,1296.1158
6447,1296.1163
6448,1296.1197
6449,1296.1206
6450,1296.1178
6451,1296.1187
6452,1296.1222
6453,1296.1211
6454,1296.1248
6455,1296.1239
6456,1296.1228
6457,1299.2249
6458,1299.2269
6459,1296.1254
6460,1296.1259
6461,1299.2288
6462,1299.2314
6463,1299.2275
6464,1299.2305
6465,1299.2330
6466,1299.2374
6467,1299.2364
6468,1299.2341
6469,1299.2397
6470,1299.2439
6471,1299.2379
6472,1299.2429
6473,1299.2403
6474,1302.1916
6475,1302.1945
6476,1302.1905
6477,1302.1933
6478,1302.1922
6479,1302.1989
6480,1302.1956
6481,1302.1966
6482,1302.1975
6483,1302.1998
6484,1302.2014
6485,1302.2023
6486,1302.2032
6487,1302.2003
6488,1302.2037
6489,1302.2041
6490,1302.2046
6491,1305.3528
6492,1305.3539
6493,1305.3516
6494,1305.3548
6495,1305.3563
6496,1305.3578
6497,1305.3553
6498,1305.3587
6499,1305.3569
6500,1305.3593
6501,1305.3629
6502,1305.3598
6503,1305.3609
6504,1305.3619
6505,1305.3634
6506,1305.3639
6507,1308.6052
6508,1308.6041
6509,1305.3646
6510,1305.3651
6511,1308.6064
6512,1308.6070
6513,1308.6106
6514,1308.6123
6515,1308.6086
6516,1308.6096
6517,1308.6177
6518,1308.6159
6519,1308.6186
6520,1308.6128
6521,1311.8524
6522,1311.8532
6523,1308.6208
6524,1311.8515
6525,1311.8536
6526,1311.8558
6527,1311.8546
6528,1311.8541
6529,1311.8550
6530,1311.8561
6531,1311.8574
6532,1311.8567
6533,1311.8581
6534,1311.8589
6535,1311.8605
6536,1311.8597
6537,1311.8616
6538,1311.8623
6539,1311.8634
6540,1311.8608
6541,1315.1814
6542,1311.8626
6543,1315.1837
6544,1315.1827
6545,1315.1858
6546,1315.1867
6547,1315.1849
6548,1315.1843
6549,1315.1887
6550,1315.1873
6551,1315.1878
6552,1315.1903
6553,1315.1918
6554,1315.1892
6555,1315.1927
6556,1315.1908
6557,1315.1933
6558,1318.7395
6559,1315.1937
6560,1318.7419
6561,1318.7429
6562,1318.7403
6563,1318.7408
6564,1318.7434
6565,1318.7439
6566,1318.7471
6567,1318.7462
6568,1318.7445
6569,1318.7451
6570,1318.7494
6571,1318.7477
6572,1322.0339
6573,1318.7483
6574,1318.7500
6575,1322.0361
6576,1322.0345
6577,1322.0371
6578,1322.0352
6579,1322.0404
6580,1322.0394
6581,1322.0378
6582,1322.0384
6583,1322.0429
6584,1322.0409
6585,1322.0448
6586,1322.0420
6587,1322.0435
6588,1322.0439
6589,1322.0463
6590,1325.2904
6591,1325.2892
6592,1322.0454
6593,1325.2925
6594,1325.2910
6595,1325.2915
6596,1325.2949
6597,1325.2929
6598,1325.2934
6599,1325.2939
6600,1325.2954
6601,1325.2959
6602,1325.2963
6603,1325.2968
6604,1325.2972
6605,1325.2977
6606,1325.2999
6607,1325.2982
6608,1325.2987
6609,1325.3022
6610,1325.3003
6611,1325.3031
6612,1325.3012
6613,1325.3051
6614,1325.3042
6615,1328.2529
6616,1328.2518
6617,1328.2544
6618,1328.2507
6619,1328.2554
6620,1328.2535
6621,1328.2576
6622,1328.2586
6623,1328.2560
6624,1328.2566
6625,1328.2591
6626,1328.2596
6627,1328.2611
6628,1328.2641
6629,1328.2632
6630,1328.2602
6631,1328.2617
6632,1328.2646
6633,1331.5882
6634,1328.2651
6635,1331.5911
6636,1331.5901
6637,1331.5927
6638,1331.5890
6639,1331.5946
6640,1331.5937
6641,1331.5962
6642,1331.5973
6643,1331.5951
6644,1331.6003
6645,1331.5979
6646,1331.5984
6647,1331.5988
6648,1331.6018
6649,1334.7817
6650,1331.6009
6651,1334.7828
6652,1334.7845
6653,1334.7834
6654,1334.7866
6655,1334.7876
6656,1334.1258
6657,1334.1263
6658,1334.1315
6659,1334.1306
6660,1334.1290
6661,1334.1296
6662,1334.1342
6663,1334.1321
6664,1334.1326
6665,1334.1330
6666,1337.0308
6667,1337.0318
6668,1337.0334
6669,1334.1346
6670,1337.0323
6671,1337.0351
6672,1337.0359
6673,1337.0339
6674,1337.0344
6675,1337.0366
6676,1337.0398
6677,1337.0376
6678,1337.0386
6679,1337.0420
6680,1337.0429
6681,1337.0403
6682,1337.0409
6683,1340.0735
6684,1340.0745
6685,1340.0720
6686,1340.0725
6687,1340.0760
6688,1340.0769
6689,1340.0781
6690,1340.0750
6691,1343.4515
6692,1340.0785
6693,1343.4537
6694,1340.0791
6695,1343.4528
6696,1343.4554
6697,1343.4543
6698,1343.4564
6699,1343.4575
6700,1343.4590
6701,1343.4599
6702,1343.4581
6703,1343.4624
6704,1343.4607
6705,1343.4612
6706,1343.4639
6707,1343.4660
6708,1343.4630
6709,1343.4651
6710,1346.6078
6711,1346.6059
6712,1346.6094
6713,1346.6066
6714,1346.6111
6715,1346.6085
6716,1346.6101
6717,1346.6127
6718,1346.6117
6719,1346.6154
6720,1346.6145
6721,1346.6132
6722,1346.6163
6723,1346.6193
6724,1346.6174
6725,1346.6184
6726,1349.9700
6727,1349.9717
6728,1346.6199
6729,1346.6206
6730,1349.9707
6731,1349.9722
6732,1349.9727
6733,1349.9733
6734,1349.9759
6735,1349.9740
6736,1349.9745
6737,1349.9750
6738,1349.9765
6739,1349.9774
6740,1349.9770
6741,1349.9797
6742,1349.9780
6743,1349.9813
6744,1349.9787
6745,1349.9829
6746,1349.9803
6747,1349.9819
6748,1349.9843
6749,1353.3211
6750,1349.9834
6751,1353.3220
6752,1349.9849
6753,1353.3235
6754,1353.3257
6755,1353.3225
6756,1353.3250
6757,1353.3240
6758,1353.3262
6759,1353.3271
6760,1353.3266
6761,1353.3276
6762,1353.3288
6763,1353.3279
6764,1353.3309
6765,1353.3302
6766,1353.3321
6767,1353.3293
6768,1353.3330
6769,1353.3314
6770,1356.4044
6771,1356.4054
6772,1356.4069
6773,1356.4033
6774,1356.4079
6775,1356.4060
6776,1356.4094
6777,1356.4104
6778,1356.4085
6779,1356.4124
6780,1356.4109
6781,1356.4139
6782,1356.4115
6783,1356.4130
6784,1356.4162
6785,1359.6371
6786,1356.4145
6787,1356.4150
6788,1356.4166
6789,1359.6385
6790,1359.6415
6791,1359.6425
6792,1359.6396
6793,1359.6406
6794,1359.6429
6795,1359.6454
6796,1359.6434
6797,1359.6440
6798,1359.6444
6799,1359.6460
6800,1359.6478
6801,1359.6464
6802,1359.6469
6803,1359.6492
6804,1362.6622
6805,1359.6483
6806,1362.6634
6807,1359.6498
6808,1362.6640
6809,1362.6645
6810,1362.6650
6811,1362.6655
6812,1362.6669
6813,1362.6659
6814,1362.6678
6815,1362.6688
6816,1362.6697
6817,1362.6707
6818,1362.6727
6819,1362.6736
6820,1362.6711
6821,1362.6717
6822,1366.2636
6823,1366.2659
6824,1362.6741
6825,1362.6747
6826,1366.2643
6827,1366.2664
6828,1366.2670
6829,1366.2674
6830,1366.2696
6831,1366.2685
6832,1366.2680
6833,1366.2710
6834,1366.2720
6835,1366.2731
6836,1366.2701
6837,1366.2754
6838,1366.2737
6839,1366.2743
6840,1369.5539
6841,1369.5561
6842,1366.2758
6843,1366.2763
6844,1369.5545
6845,1369.5576
6846,1369.5595
6847,1369.5567
6848,1369.5586
6849,1369.5610
6850,1369.5635
6851,1369.5600
6852,1369.5626
6853,1369.5615
6854,1369.5640
6855,1369.5651
6856,1369.5670
6857,1369.5645
6858,1369.5656
6859,1369.5660
6860,1372.7156
6861,1369.5675
6862,1372.7145
6863,1372.7176
6864,1372.7161
6865,1372.7192
6866,1372.7167
6867,1372.7211
6868,1372.7183
6869,1372.7197
6870,1372.7202
6871,1372.7216
6872,1372.7221
6873,1372.7226
6874,1372.7232
6875,1372.7237
6876,1372.7255
6877,1372.7241
6878,1372.7265
6879,1372.7246
6880,1375.9265
6881,1375.9280
6882,1375.9304
6883,1372.7270
6884,1375.9289
6885,1375.9294
6886,1375.9311
6887,1375.9328
6888,1375.9320
6889,1375.9348
6890,1375.9332
6891,1375.9372
6892,1375.9338
6893,1375.9353
6894,1375.9358
6895,1375.9394
6896,1375.9380
6897,1375.9385
6898,1375.9421
6899,1375.9439
6900,1375.9402
6901,1375.9410
6902,1375.9429
6903,1378.9198
6904,1375.9444
6905,1378.9181
6906,1378.9188
6907,1378.9221
6908,1378.9230
6909,1378.9204
6910,1378.9210
6911,1378.9241
6912,1378.3011
6913,1378.3021
6914,1378.3033
6915,1378.2992
6916,1381.5084
6917,1378.3051
6918,1381.5097
6919,1378.3039
6920,1381.5103
6921,1381.5108
6922,1381.5118
6923,1381.5153
6924,1381.5134
6925,1381.5143
6926,1381.5123
6927,1381.5173
6928,1381.5157
6929,1381.5192
6930,1381.5162
6931,1381.5177
6932,1381.5182
6933,1381.5196
6934,1381.5201
6935,1381.5219
6936,1381.5205
6937,1384.6311
6938,1381.5210
6939,1381.5225
6940,1384.6334
6941,1384.6345
6942,1384.6318
6943,1384.6324
6944,1384.6361
6945,1384.6377
6946,1384.6389
6947,1384.6352
6948,1384.6367
6949,1384.6409
6950,1384.6418
6951,1384.6399
6952,1384.6394
6953,1387.7490
6954,1387.7507
6955,1387.7516
6956,1384.6423
6957,1387.7497
6958,1387.7522
6959,1387.7528
6960,1387.7534
6961,1387.7539
6962,1387.7552
6963,1387.7543
6964,1387.7568
6965,1387.7577
6966,1391.0814
6967,1387.7558
6968,1391.0837
6969,1391.0848
6970,1391.0822
6971,1391.0828
6972,1391.0870
6973,1391.0857
6974,1391.0880
6975,1391.0890
6976,1391.0895
6977,1391.0900
6978,1391.0915
6979,1391.1002
6980,1391.0906
6981,1391.0990
6982,1391.0920
6983,1394.2185
6984,1391.1007
6985,1394.2173
6986,1391.1018
6987,1394.2192
6988,1394.2196
6989,1394.2203
6990,1394.2208
6991,1394.2233
6992,1394.2212
6993,1394.2218
6994,1394.2223
6995,1394.2238
6996,1394.2259
6997,1394.2243
6998,1394.2249
6999,1394.2358
7000,1394.2373
7001,1394.2263
7002,1394.2338
7003,1394.2395
7004,1394.2380
7005,1397.3262
7006,1397.3315
7007,1397.3210
7008,1397.3251
7009,1397.3332
7010,1397.3343
7011,1397.3354
7012,1397.3321
7013,1397.3369
7014,1397.3360
7015,1397.3458
7016,1397.3447
7017,1397.3374
7018,1397.3383
7019,1397.3467
7020,1400.5302
7021,1400.5313
7022,1400.5324
7023,1400.5333
7024,1400.5342
7025,1400.5352
7026,1400.5361
7027,1400.5387
7028,1400.5366
7029,1400.5372
7030,1400.5378
7031,1400.5393
7032,1400.5402
7033,1400.5413
7034,1400.5426
7035,1400.5435
7036,1400.5444
7037,1403.6925
7038,1403.7015
7039,1403.7032
7040,1400.5449
7041,1403.7086
7042,1403.7042
7043,1403.7058
7044,1403.7072
7045,1403.7110
7046,1403.7139
7047,1403.7125
7048,1403.7095
7049,1403.7186
7050,1403.7148
7051,1403.7162
7052,1403.7172
7053,1403.7194
7054,1406.8418
7055,1403.7201
7056,1406.8436
7057,1403.7209
7058,1406.8457
7059,1406.8426
7060,1406.8442
7061,1406.8447
7062,1406.8478
7063,1406.8461
7064,1406.8466
7065,1406.8487
7066,1406.8504
7067,1406.8516
7068,1406.8530
7069,1406.8492
7070,1406.8536
7071,1406.8542
7072,1406.8548
7073,1406.8572
7074,1406.8553
7075,1410.0995
7076,1410.1008
7077,1406.8579
7078,1410.1028
7079,1410.1014
7080,1410.1019
7081,1410.1049
7082,1410.1059
7083,1410.1033
7084,1410.1038
7085,1410.1073
7086,1410.1104
7087,1410.1095
7088,1410.1064
7089,1410.1083
7090,1413.3445
7091,1410.1109
7092,1410.1115
7093,1413.3467
7094,1413.3452
7095,1413.3458
7096,1413.3494
7097,1413.3472
7098,1413.3479
7099,1413.3483
7100,1413.3500
7101,1413.3538
7102,1413.3517
7103,1413.3506
7104,1413.3527
7105,1413.3542
7106,1413.3553
7107,1416.4217
7108,1413.3548
7109,1416.4257
7110,1416.4247
7111,1416.4236
7112,1416.4226
7113,1416.4262
7114,1416.4284
7115,1416.4268
7116,1416.4300
7117,1416.4274
7118,1416.4290
7119,1416.4322
7120,1416.4343
7121,1416.4334
7122,1416.4310
7123,1419.5761
7124,1419.5779
7125,1419.5726
7126,1419.5749
7127,1419.5767
7128,1419.5785
7129,1419.5811
7130,1419.5791
7131,1419.5797
7132,1419.5823
7133,1419.5838
7134,1419.5849
7135,1419.5858
7136,1419.5828
7137,1419.5865
7138,1419.5869
7139,1419.5875
7140,1419.5895
7141,1422.7610
7142,1419.5884
7143,1422.7623
7144,1419.5902
7145,1422.7649
7146,1422.7629
7147,1422.7660
7148,1422.7637
7149,1422.7679
7150,1422.7706
7151,1422.7666
7152,1422.7695
7153,1422.7722
7154,1422.7712
7155,1422.7757
7156,1422.7744
7157,1422.7728
7158,1422.7733
7159,1422.7768
7160,1422.7762
7161,1422.7774
7162,1422.7780
7163,1426.1181
7164,1426.1195
7165,1426.1205
7166,1422.7789
7167,1426.1236
7168,1425.6075
7169,1425.6083
7170,1425.6121
7171,1425.6099
7172,1425.6106
7173,1425.6111
7174,1425.6125
7175,1425.6143
7176,1425.6132
7177,1425.6158
7178,1425.6167
7179,1425.6186
7180,1425.6177
7181,1428.9630
7182,1428.9618
7183,1425.6197
7184,1425.6192
7185,1428.9635
7186,1428.9640
7187,1428.9657
7188,1428.9645
7189,1428.9685
7190,1428.9694
7191,1428.9663
7192,1428.9668
7193,1428.9709
7194,1428.9699
7195,1428.9734
7196,1428.9725
7197,1428.9749
7198,1428.9715
7199,1428.9740
7200,1428.9766
7201,1432.0020
7202,1432.0034
7203,1428.9755
7204,1428.9772
7205,1432.0050
7206,1432.0040
7207,1432.0072
7208,1432.0062
7209,1432.0089
7210,1432.0099
7211,1432.0114
7212,1432.0078
7213,1432.0129
7214,1432.0105
7215,1432.0149
7216,1432.0120
7217,1435.1854
7218,1432.0136
7219,1435.1877
7220,1435.1867
7221,1435.1899
7222,1435.1909
7223,1435.1890
7224,1435.1883
7225,1435.1914
7226,1435.1920
7227,1435.1925
7228,1435.1946
7229,1435.1930
7230,1435.1935
7231,1435.1985
7232,1438.5213
7233,1438.5224
7234,1435.1952
7235,1435.1992
7236,1438.5239
7237,1438.5261
7238,1438.5270
7239,1438.5230
7240,1438.5245
7241,1438.5277
7242,1438.5397
7243,1438.5376
7244,1438.5387
7245,1438.5283
7246,1438.5412
7247,1442.0216
7248,1442.0205
7249,1438.5403
7250,1442.0226
7251,1442.0248
7252,1442.0259
7253,1442.0237
7254,1442.0284
7255,1442.0264
7256,1442.0305
7257,1442.0274
7258,1442.0289
7259,1442.0296
7260,1442.0310
7261,1442.0322
7262,1442.0443
7263,1442.0334
7264,1442.0430
7265,1445.2374
7266,1442.0454
7267,1442.0460
7268,1442.0449
7269,1445.2381
7270,1445.2391
7271,1445.2416
7272,1445.2407
7273,1445.2426
7274,1445.2396
7275,1445.2467
7276,1445.2438
7277,1445.2449
7278,1445.2458
7279,1445.2472
7280,1445.2493
7281,1445.2478
7282,1445.2484
7283,1448.3513
7284,1445.2497
7285,1445.2503
7286,1445.2508
7287,1448.3541
7288,1448.3522
7289,1448.3529
7290,1448.3557
7291,1448.3578
7292,1448.3547
7293,1448.3568
7294,1448.3599
7295,1448.3614
7296,1448.3583
7297,1448.3588
7298,1448.3604
7299,1448.3629
7300,1451.6690
7301,1448.3619
7302,1451.6702
7303,1448.3635
7304,1451.6707
7305,1451.6712
7306,1451.6717
7307,1451.6726
7308,1451.6740
7309,1451.6750
7310,1451.6759
7311,1451.6731
7312,1451.6764
7313,1451.6789
7314,1451.6769
7315,1451.6775
7316,1451.6780
7317,1451.6794
7318,1451.6799
7319,1451.6819
7320,1451.6804
7321,1451.6829
7322,1451.6808
7323,1454.7428
7324,1454.7416
7325,1454.7443
7326,1454.7453
7327,1454.7468
7328,1454.7434
7329,1454.7488
7330,1454.7458
7331,1454.7473
7332,1454.7479
7333,1454.7519
7334,1454.7494
7335,1454.7504
7336,1454.7509
7337,1454.7528
7338,1454.7555
7339,1454.7565
7340,1454.7545
7341,1454.7534
7342,1454.7570
7343,1458.1650
7344,1458.1676
7345,1458.1686
7346,1458.1666
7347,1458.1695
7348,1458.1705
7349,1458.1714
7350,1458.1724
7351,1458.1743
7352,1458.1729
7353,1458.1753
7354,1458.1734
7355,1458.1777
7356,1458.1767
7357,1458.1757
7358,1461.4404
7359,1461.4415
7360,1458.1781
7361,1458.1788
7362,1461.4432
7363,1461.4455
7364,1461.4444
7365,1461.4420
7366,1461.4470
7367,1461.4461
7368,1464.6911
7369,1464.6922
7370,1464.6932
7371,1461.4476
7372,1464.6948
7373,1464.6958
7374,1464.6938
7375,1464.6967
7376,1464.6977
7377,1464.6987
7378,1464.6997
7379,1464.7017
7380,1464.7031
7381,1464.7002
7382,1464.7007
7383,1464.7022
7384,1464.7036
7385,1467.8132
7386,1464.7041
7387,1467.8155
7388,1464.7047
7389,1467.8139
7390,1467.8146
7391,1467.8180
7392,1467.8160
7393,1467.8166
7394,1467.8201
7395,1467.8185
7396,1467.8191
7397,1467.8210
7398,1467.8230
7399,1467.8239
7400,1467.8220
7401,1467.8256
7402,1467.8244
7403,1471.0583
7404,1471.0572
7405,1467.8260
7406,1467.8266
7407,1471.0589
7408,1471.0609
7409,1471.0595
7410,1471.0600
7411,1471.0623
7412,1471.0613
7413,1471.0638
7414,1471.0650
7415,1471.0629
7416,1471.0669
7417,1471.0689
7418,1471.0655
7419,1471.0660
7420,1471.0674
7421,1471.0693
7422,1471.0723
7423,1471.0698
7424,1470.5639
7425,1470.5646
7426,1473.6440
7427,1473.6419
7428,1473.6427
7429,1473.6461
7430,1473.6446
7431,1473.6474
7432,1473.6451
7433,1473.6465
7434,1473.6496
7435,1473.6517
7436,1473.6479
7437,1473.6507
7438,1473.6536
7439,1473.6522
7440,1473.6527
7441,1473.6550
7442,1477.1319
7443,1477.1332
7444,1473.6541
7445,1477.1355
7446,1477.1365
7447,1477.1338
7448,1477.1343
7449,1477.1392
7450,1477.1370
7451,1477.1380
7452,1477.1375
7453,1477.1396
7454,1477.1401
7455,1477.1408
7456,1477.1414
7457,1477.1436
7458,1477.1446
7459,1477.1420
7460,1477.1427
7461,1477.1460
7462,1480.6274
7463,1477.1451
7464,1480.6263
7465,1480.6292
7466,1480.6307
7467,1480.6317
7468,1480.6282
7469,1480.6298
7470,1480.6322
7471,1480.6328
7472,1480.6333
7473,1480.6338
7474,1480.6344
7475,1480.6383
7476,1480.6363
7477,1480.6350
7478,1480.6372
7479,1480.6387
7480,1480.6392
7481,1480.6396
7482,1480.6406
7483,1483.5731
7484,1483.5675
7485,1483.5709
7486,1480.6410
7487,1483.5799
7488,1483.5768
7489,1483.5738
7490,1483.5790
7491,1483.5813
7492,1483.5825
7493,1483.5839
7494,1483.5830
7495,1486.4833
7496,1486.4846
7497,1483.5845
7498,1483.5851
7499,1486.4855
7500,1490.8795
7501,1490.8804
7502,1490.8850
7503,1490.8820
7504,1490.8830
7505,1490.8840
7506,1490.8865
7507,1490.8892
7508,1490.8855
7509,1490.8882
7510,1490.8871
7511,1490.8898
7512,1490.8904
7513,1490.8919
7514,1494.0073
7515,1490.8909
7516,1494.0060
7517,1494.0102
7518,1494.0086
7519,1494.0091
7520,1494.0117
7521,1494.0127
7522,1494.0108
7523,1494.0137
7524,1494.0149
7525,1494.0159
7526,1494.0168
7527,1494.0177
7528,1494.0197
7529,1494.0208
7530,1494.0182
7531,1494.0188
7532,1497.4695
7533,1497.4712
7534,1497.4721
7535,1497.4731
7536,1497.4702
7537,1497.4762
7538,1497.4753
7539,1497.4736
7540,1497.4742
7541,1497.4768
7542,1497.4772
7543,1497.4777
7544,1497.4782
7545,1497.4786
7546,1497.4802
7547,1497.4791
7548,1497.4811
7549,1497.4821
7550,1497.4835
7551,1497.4844
7552,1497.4826
7553,1500.5752
7554,1500.5769
7555,1500.5778
7556,1500.5740
7557,1500.5758
7558,1500.5783
7559,1500.5788
7560,1500.5792
7561,1500.5808
7562,1500.5797
7563,1500.5836
7564,1500.5827
7565,1500.5813
7566,1500.5817
7567,1500.5852
7568,1500.5867
7569,1500.5841
7570,1500.5877
7571,1500.5857
7572,1503.8849
7573,1503.8879
7574,1500.5883
7575,1503.8868
7576,1503.8899
7577,1503.8914
7578,1503.8884
7579,1503.8889
7580,1503.8904
7581,1503.8930
7582,1503.8919
7583,1503.8956
7584,1503.8945
7585,1503.8970
7586,1503.8935
7587,1503.8960
7588,1507.1162
7589,1507.1185
7590,1507.1194
7591,1507.1175
7592,1507.1209
7593,1507.1199
7594,1507.1228
7595,1507.1237
7596,1507.1214
7597,1507.1219
7598,1507.1242
7599,1507.1256
7600,1507.1247
7601,1507.1275
7602,1507.1285
7603,1507.1261
7604,1507.1266
7605,1507.1289
7606,1507.1304
7607,1510.4135
7608,1507.1294
7609,1510.4124
7610,1510.4151
7611,1510.4177
7612,1510.4168
7613,1510.4141
7614,1510.4157
7615,1510.4208
7616,1510.4182
7617,1510.4199
7618,1510.4187
7619,1510.4228
7620,1513.4564
7621,1510.4214
7622,1510.4219
7623,1513.4576
7624,1513.4592
7625,1513.4602
7626,1513.4611
7627,1513.4581
7628,1513.4625
7629,1513.4634
7630,1513.4645
7631,1513.4616
7632,1513.4659
7633,1513.4650
7634,1516.6666
7635,1516.6676
7636,1516.6640
7637,1516.6656
7638,1516.6681
7639,1516.6712
7640,1516.6686
7641,1516.6702
7642,1516.6692
7643,1516.6726
7644,1516.6747
7645,1516.6738
7646,1516.6717
7647,1516.6761
7648,1516.6752
7649,1519.9130
7650,1519.9118
7651,1516.6772
7652,1516.6767
7653,1519.9165
7654,1519.9141
7655,1519.9174
7656,1519.9155
7657,1519.9179
7658,1519.9198
7659,1519.9209
7660,1519.9184
7661,1519.9189
7662,1519.9224
7663,1519.9244
7664,1519.9235
7665,1519.9214
7666,1523.2180
7667,1523.2214
7668,1519.9250
7669,1523.2200
7670,1523.2188
7671,1523.2228
7672,1523.2219
7673,1523.2247
7674,1523.2258
7675,1523.2233
7676,1523.2238
7677,1523.2264
7678,1523.2291
7679,1523.2270
7680,1522.7249
7681,1522.7225
7682,1522.7267
7683,1522.7276
7684,1522.7255
7685,1525.8644
7686,1525.8665
7687,1525.8623
7688,1525.8632
7689,1525.8654
7690,1525.8671
7691,1525.8675
7692,1525.8700
7693,1525.8681
7694,1525.8686
7695,1525.8714
7696,1525.8724
7697,1525.8705
7698,1525.8737
7699,1525.8762
7700,1525.8743
7701,1525.8747
7702,1525.8780
7703,1528.9673
7704,1525.8766
7705,1525.8771
7706,1528.9662
7707,1528.9695
7708,1528.9686
7709,1528.9715
7710,1528.9725
7711,1528.9706
7712,1528.9701
7713,1528.9730
7714,1528.9751
7715,1528.9760
7716,1528.9736
7717,1528.9742
7718,1528.9770
7719,1532.1768
7720,1532.1746
7721,1532.1758
7722,1528.9774
7723,1532.1786
7724,1532.1775
7725,1532.1780
7726,1532.1796
7727,1532.1831
7728,1532.1807
7729,1532.1819
7730,1532.1844
7731,1532.1835
7732,1532.1859
7733,1532.1868
7734,1532.1850
7735,1532.1883
7736,1532.1893
7737,1532.1873
7738,1532.1903
7739,1535.2948
7740,1532.1909
7741,1535.2961
7742,1532.1914
7743,1535.2998
7744,1535.2989
7745,1535.2967
7746,1535.2973
7747,1535.3003
7748,1538.5684
7749,1535.3018
7750,1538.5696
7751,1535.3008
7752,1538.5719
7753,1538.5702
7754,1538.5708
7755,1538.5741
7756,1538.5729
7757,1538.5774
7758,1538.5764
7759,1538.5747
7760,1538.5752
7761,1538.5779
7762,1538.5785
7763,1538.5790
7764,1538.5813
7765,1538.5796
7766,1538.5801
7767,1538.5832
7768,1541.7084
7769,1538.5819
7770,1541.7095
7771,1538.5837
7772,1541.7123
7773,1541.7102
7774,1541.7107
7775,1541.7114
7776,1541.7148
7777,1541.7129
7778,1541.7166
7779,1541.7135
7780,1541.7154
7781,1541.7190
7782,1541.7170
7783,1541.7176
7784,1541.7181
7785,1541.7213
7786,1541.7196
7787,1544.7643
7788,1541.7202
7789,1541.7219
7790,1544.7654
7791,1544.7686
7792,1544.7676
7793,1544.7665
7794,1544.7695
7795,1544.7730
7796,1544.7711
7797,1544.7721
7798,1544.7700
7799,1544.7734
7800,1544.7755
7801,1544.7740
7802,1544.7770
7803,1544.7746
7804,1544.7761
7805,1548.1249
7806,1544.7775
7807,1544.7783
7808,1544.7788
7809,1548.1257
7810,1548.1262
7811,1548.1283
7812,1548.1269
7813,1548.1274
7814,1548.1297
7815,1548.1288
7816,1548.1311
7817,1548.1321
7818,1548.1336
7819,1548.1302
7820,1548.1350
7821,1548.1326
7822,1548.1365
7823,1548.1340
7824,1548.1355
7825,1551.3923
7826,1548.1369
7827,1551.3940
7828,1548.1374
7829,1551.3930
7830,1551.3956
7831,1551.3945
7832,1551.3982
7833,1551.3972
7834,1551.3996
7835,1551.3962
7836,1551.4011
7837,1551.3987
7838,1551.4001
7839,1551.4032
7840,1554.4445
7841,1551.4016
7842,1551.4021
7843,1551.4036
7844,1554.4452
7845,1554.4478
7846,1554.4457
7847,1554.4462
7848,1554.4467
7849,1554.4487
7850,1554.4519
7851,1554.4510
7852,1554.4499
7853,1554.4533
7854,1554.4557
7855,1554.4524
7856,1554.4548
7857,1554.4539
7858,1557.7002
7859,1557.7025
7860,1557.7015
7861,1554.4562
7862,1557.7040
7863,1557.7030
7864,1557.7049
7865,1557.7060
7866,1557.7080
7867,1557.7089
7868,1557.7065
7869,1557.7071
7870,1557.7108
7871,1560.8060
7872,1557.7094
7873,1557.7099
7874,1557.7113
7875,1560.8080
7876,1560.8106
7877,1560.8088
7878,1560.8131
7879,1560.8097
7880,1560.8111
7881,1560.8145
7882,1560.8135
7883,1560.8172
7884,1560.8163
7885,1564.2031
7886,1564.2046
7887,1564.2066
7888,1560.8177
7889,1564.2052
7890,1564.2057
7891,1564.2087
7892,1564.2101
7893,1564.2072
7894,1564.2077
7895,1564.2092
7896,1564.2122
7897,1564.2131
7898,1564.2107
7899,1564.2112
7900,1564.2160
7901,1564.2136
7902,1564.2146
7903,1564.2151
7904,1567.6560
7905,1567.6572
7906,1567.6581
7907,1567.6591
7908,1567.6600
7909,1567.6635
7910,1567.6616
7911,1567.6626
7912,1567.6650
7913,1567.6640
7914,1567.6669
7915,1567.6679
7916,1567.6655
7917,1567.6659
7918,1567.6698
7919,1571.0802
7920,1567.6684
7921,1567.6688
7922,1571.0819
7923,1571.0846
7924,1571.0809
7925,1571.0836
7926,1571.0825
7927,1571.0861
7928,1571.0875
7929,1571.0885
7930,1571.0852
7931,1571.0866
7932,1571.0890
7933,1571.0895
7934,1571.0899
7935,1571.0915
7936,1570.6068
7937,1570.6096
7938,1570.6106
7939,1573.7010
7940,1570.6084
7941,1570.6111
7942,1570.6117
7943,1573.7034
7944,1573.7050
7945,1573.7019
7946,1573.7024
7947,1573.7039
7948,1573.7066
7949,1573.7056
7950,1573.7075
7951,1573.7084
7952,1573.7094
7953,1573.7103
7954,1573.7124
7955,1573.7133
7956,1573.7108
7957,1573.7113
7958,1576.7542
7959,1576.7569
7960,1576.7559
7961,1576.7531
7962,1576.7548
7963,1576.7584
7964,1576.7593
7965,1576.7603
7966,1576.7574
7967,1576.7624
7968,1576.7608
7969,1576.7615
7970,1576.7634
7971,1580.1020
7972,1580.1000
7973,1580.1010
7974,1576.7639
7975,1580.1042
7976,1580.1057
7977,1580.1026
7978,1580.1032
7979,1580.1048
7980,1580.1063
7981,1580.1069
7982,1580.1075
7983,1580.1101
7984,1580.1080
7985,1580.1086
7986,1580.1092
7987,1580.1133
7988,1580.1108
7989,1580.1118
7990,1580.1124
7991,1580.1155
7992,1580.1138
7993,1583.1833
7994,1580.1143
7995,1583.1855
7996,1580.1161
7997,1583.1839
7998,1583.1845
7999,1583.1860
8000,1583.1876
8001,1583.1866
8002,1583.1891
8003,1583.1901
8004,1583.1882
8005,1583.1915
8006,1583.1905
8007,1586.5422
8008,1586.5409
8009,1586.5438
8010,1583.1920
8011,1586.5428
8012,1586.5454
8013,1586.5472
8014,1586.5444
8015,1586.5481
8016,1586.5460
8017,1586.5487
8018,1586.5498
8019,1586.5505
8020,1586.5492
8021,1586.5510
8022,1586.5527
8023,1586.5517
8024,1586.5536
8025,1586.5548
8026,1589.7988
8027,1589.7999
8028,1586.5552
8029,1586.5558
8030,1589.8005
8031,1589.8011
8032,1589.8026
8033,1589.8042
8034,1589.8017
8035,1589.8052
8036,1589.8032
8037,1589.8057
8038,1589.8063
8039,1589.8068
8040,1589.8074
8041,1589.8088
8042,1589.8099
8043,1589.8108
8044,1589.8079
8045,1589.8133
8046,1589.8112
8047,1589.8118
8048,1589.8123
8049,1589.8138
8050,1589.8144
8051,1592.8061
8052,1592.8084
8053,1589.8148
8054,1592.8073
8055,1592.8098
8056,1592.8113
8057,1592.8089
8058,1592.8122
8059,1592.8103
8060,1592.8143
8061,1592.8128
8062,1592.8133
8063,1592.8157
8064,1592.8147
8065,1592.8177
8066,1592.8187
8067,1592.8162
8068,1592.8168
8069,1596.3372
8070,1592.8191
8071,1596.3440
8072,1596.3430
8073,1596.3406
8074,1596.3418
8075,1596.3461
8076,1596.3470
8077,1596.3444
8078,1596.3450
8079,1596.3493
8080,1596.3474
8081,1596.3479
8082,1596.3484
8083,1596.3498
8084,1596.3516
8085,1596.3502
8086,1596.3507
8087,1596.3530
8088,1596.3521
8089,1599.4148
8090,1599.4162
8091,1599.4188
8092,1599.4179
8093,1599.4167
8094,1599.4204
8095,1599.4224
8096,1599.4215
8097,1599.4194
8098,1599.4246
8099,1599.4255
8100,1599.4231
8101,1599.4237
8102,1599.4279
8103,1599.4260
8104,1599.4265
8105,1599.4270
8106,1599.4284
8107,1602.6570
8108,1599.4288
8109,1602.6591
8110,1602.6601
8111,1602.6580
8112,1602.6617
8113,1602.6627
8114,1602.6636
8115,1602.6607
8116,1602.6655
8117,1602.6641
8118,1602.6646
8119,1602.6675
8120,1602.6660
8121,1602.6665
8122,1602.6699
8123,1602.6679
8124,1602.6684
8125,1602.6689
8126,1605.7076
8127,1602.6705
8128,1602.6710
8129,1605.7101
8130,1605.7111
8131,1605.7085
8132,1605.7091
8133,1605.7134
8134,1605.7116
8135,1605.7122
8136,1605.7158
8137,1605.7138
8138,1605.7143
8139,1605.7148
8140,1605.7163
8141,1608.9267
8142,1605.7172
8143,1608.9278
8144,1608.9253
8145,1608.9303
8146,1608.9318
8147,1608.9283
8148,1608.9294
8149,1608.9308
8150,1608.9322
8151,1608.9343
8152,1608.9352
8153,1608.9328
8154,1608.9333
8155,1612.0144
8156,1612.0124
8157,1612.0132
8158,1612.0166
8159,1612.0150
8160,1612.0180
8161,1612.0156
8162,1612.0171
8163,1612.0195
8164,1612.0205
8165,1612.0214
8166,1612.0185
8167,1612.0237
8168,1612.0219
8169,1612.0223
8170,1612.0228
8171,1612.0242
8172,1612.0247
8173,1612.0262
8174,1615.3416
8175,1615.3392
8176,1612.0251
8177,1615.3406
8178,1615.3437
8179,1615.3458
8180,1615.3427
8181,1615.3449
8182,1615.3478
8183,1615.3463
8184,1615.3469
8185,1615.3500
8186,1615.3484
8187,1615.3490
8188,1615.3515
8189,1619.1228
8190,1619.1243
8191,1615.3504
8192,1614.8903
8193,1618.6637
8194,1618.6658
8195,1618.6670
8196,1618.6648
8197,1618.6681
8198,1618.6709
8199,1618.6718
8200,1618.6697
8201,1618.6686
8202,1618.6740
8203,1618.6723
8204,1618.6728
8205,1618.6757
8206,1618.6745
8207,1621.3649
8208,1621.3637
8209,1621.3665
8210,1621.3621
8211,1621.3655
8212,1621.3691
8213,1621.3671
8214,1621.3676
8215,1621.3681
8216,1621.3695
8217,1621.3715
8218,1621.3700
8219,1621.3705
8220,1621.3741
8221,1621.3720
8222,1621.3725
8223,1621.3731
8224,1621.3756
8225,1624.4053
8226,1624.4067
8227,1624.4076
8228,1621.3762
8229,1624.4092
8230,1624.4111
8231,1624.4083
8232,1624.4102
8233,1624.4131
8234,1624.4116
8235,1624.4145
8236,1624.4122
8237,1624.4136
8238,1624.4167
8239,1624.4150
8240,1624.4158
8241,1624.4183
8242,1627.7149
8243,1627.7161
8244,1624.4172
8245,1627.7179
8246,1627.7200
8247,1627.7168
8248,1627.7190
8249,1627.7216
8250,1627.7206
8251,1627.7238
8252,1627.7228
8253,1627.7257
8254,1627.7266
8255,1627.7248
8256,1627.7243
8257,1627.7272
8258,1627.7277
8259,1627.7282
8260,1627.7292
8261,1627.7298
8262,1627.7318
8263,1627.7303
8264,1630.7320
8265,1627.7309
8266,1630.7338
8267,1627.7324
8268,1630.7327
8269,1630.7356
8270,1630.7344
8271,1630.7386
8272,1630.7373
8273,1630.7361
8274,1630.7407
8275,1634.1490
8276,1630.7392
8277,1630.7398
8278,1634.1514
8279,1634.1498
8280,1634.1524
8281,1634.1503
8282,1634.1550
8283,1634.1539
8284,1634.1564
8285,1634.1530
8286,1634.1555
8287,1634.1585
8288,1634.1570
8289,1634.1576
8290,1634.1603
8291,1634.1625
8292,1634.1590
8293,1634.1616
8294,1637.3943
8295,1637.3960
8296,1637.3924
8297,1637.3932
8298,1637.3949
8299,1637.3967
8300,1637.3973
8301,1637.3978
8302,1637.3983
8303,1637.3988
8304,1637.3992
8305,1637.3997
8306,1637.4011
8307,1637.4031
8308,1637.4022
8309,1637.4001
8310,1637.4053
8311,1637.4043
8312,1637.4037
8313,1637.4079
8314,1637.4058
8315,1637.4064
8316,1637.4070
8317,1637.4084
8318,1640.6980
8319,1637.4090
8320,1640.6999
8321,1637.4096
8322,1640.6987
8323,1640.7014
8324,1640.7033
8325,1640.7044
8326,1640.7004
8327,1640.7023
8328,1640.7049
8329,1640.7080
8330,1640.7054
8331,1640.7071
8332,1640.7060
8333,1640.7086
8334,1640.7108
8335,1640.7118
8336,1640.7092
8337,1643.9089
8338,1643.9099
8339,1643.9069
8340,1643.9078
8341,1643.9120
8342,1643.9105
8343,1643.9135
8344,1643.9110
8345,1643.9125
8346,1643.9156
8347,1643.9170
8348,1643.9140
8349,1643.9146
8350,1643.9161
8351,1643.9191
8352,1643.9175
8353,1643.9180
8354,1647.0771
8355,1647.0761
8356,1647.0753
8357,1647.0793
8358,1647.0802
8359,1647.0777
8360,1647.0783
8361,1647.0823
8362,1647.0833
8363,1647.0808
8364,1647.0814
8365,1647.0853
8366,1647.0867
8367,1647.0844
8368,1647.0839
8369,1647.0858
8370,1647.0876
8371,1647.0880
8372,1650.0150
8373,1650.0141
8374,1647.0885
8375,1650.0129
8376,1650.0173
8377,1650.0187
8378,1650.0157
8379,1650.0162
8380,1650.0207
8381,1650.0192
8382,1650.0218
8383,1650.0198
8384,1653.4188
8385,1653.4200
8386,1650.0224
8387,1653.4221
8388,1653.4236
8389,1653.4206
8390,1653.4212
8391,1653.4227
8392,1653.4241
8393,1653.4247
8394,1653.4252
8395,1653.4256
8396,1653.4276
8397,1653.4261
8398,1653.4291
8399,1653.4266
8400,1653.4281
8401,1653.4305
8402,1653.4295
8403,1656.5392
8404,1656.5382
8405,1656.5414
8406,1656.5369
8407,1656.5404
8408,1656.5398
8409,1656.5419
8410,1656.5449
8411,1656.5425
8412,1656.5430
8413,1656.5439
8414,1656.5455
8415,1656.5460
8416,1656.5464
8417,1656.5485
8418,1656.5469
8419,1656.5500
8420,1656.5474
8421,1656.5491
8422,1659.4581
8423,1656.5505
8424,1659.4595
8425,1659.4569
8426,1659.4618
8427,1659.4628
8428,1659.4601
8429,1659.4607
8430,1659.4633
8431,1659.4638
8432,1659.4653
8433,1659.4673
8434,1659.4644
8435,1659.4683
8436,1659.4658
8437,1659.4701
8438,1659.4687
8439,1659.4692
8440,1662.7692
8441,1662.7704
8442,1659.4706
8443,1659.4711
8444,1662.7730
8445,1662.7710
8446,1662.7715
8447,1662.7758
8448,1662.2803
8449,1662.2810
8450,1662.2816
8451,1662.2832
8452,1662.2838
8453,1662.2843
8454,1662.2849
8455,1662.2853
8456,1662.2864
8457,1662.2888
8458,1662.2898
8459,1662.2877
8460,1662.2923
8461,1662.2904
8462,1662.2908
8463,1662.2913
8464,1662.2928
8465,1665.5068
8466,1662.2932
8467,1662.2938
8468,1662.2942
8469,1665.5075
8470,1665.5085
8471,1665.5118
8472,1665.5097
8473,1665.5109
8474,1665.5139
8475,1665.5150
8476,1665.5123
8477,1665.5127
8478,1665.5170
8479,1665.5154
8480,1665.5185
8481,1665.5160
8482,1668.7077
8483,1665.5175
8484,1668.7097
8485,1665.5191
8486,1668.7085
8487,1668.7123
8488,1668.7104
8489,1668.7112
8490,1668.7144
8491,1668.7128
8492,1668.7160
8493,1668.7133
8494,1668.7180
8495,1668.7150
8496,1668.7166
8497,1668.7171
8498,1668.7197
8499,1671.8749
8500,1668.7184
8501,1671.8739
8502,1671.8768
8503,1671.8755
8504,1671.8786
8505,1671.8797
8506,1671.8773
8507,1671.8812
8508,1671.8824
8509,1671.8803
8510,1671.8834
8511,1671.8860
8512,1671.8843
8513,1671.8851
8514,1671.8882
8515,1671.8865
8516,1671.8891
8517,1671.8870
8518,1674.8947
8519,1674.8962
8520,1674.8926
8521,1674.8975
8522,1674.9005
8523,1674.9021
8524,1674.8989
8525,1674.9044
8526,1674.9030
8527,1674.9080
8528,1674.9068
8529,1674.9100
8530,1674.9052
8531,1678.1114
8532,1674.9088
8533,1678.1157
8534,1678.1179
8535,1678.1190
8536,1678.1139
8537,1678.1209
8538,1678.1225
8539,1678.1198
8540,1678.1247
8541,1681.3408
8542,1681.3421
8543,1678.1231
8544,1678.1256
8545,1681.3427
8546,1681.3433
8547,1681.3445
8548,1681.3440
8549,1681.3472
8550,1681.3451
8551,1681.3462
8552,1681.3457
8553,1681.3498
8554,1681.3515
8555,1681.3477
8556,1681.3488
8557,1681.3503
8558,1681.3520
8559,1681.3526
8560,1681.3550
8561,1681.3541
8562,1681.3559
8563,1681.3531
8564,1681.3565
8565,1681.3570
8566,1684.4202
8567,1684.4225
8568,1681.3576
8569,1684.4215
8570,1684.4243
8571,1684.4264
8572,1684.4232
8573,1684.4254
8574,1684.4282
8575,1684.4310
8576,1684.4299
8577,1684.4270
8578,1684.4288
8579,1684.4320
8580,1684.4315
8581,1684.4335
8582,1687.6265
8583,1687.6276
8584,1684.4325
8585,1684.4340
8586,1687.6281
8587,1687.6291
8588,1687.6333
8589,1687.6307
8590,1687.6323
8591,1687.6296
8592,1687.6337
8593,1687.6342
8594,1687.6347
8595,1687.6352
8596,1687.6375
8597,1687.6366
8598,1687.6356
8599,1687.6385
8600,1687.6399
8601,1690.6998
8602,1690.7009
8603,1687.6389
8604,1690.7024
8605,1690.7041
8606,1690.7015
8607,1690.7050
8608,1690.7030
8609,1690.7070
8610,1690.7056
8611,1690.7061
8612,1690.7089
8613,1690.7099
8614,1690.7075
8615,1690.7080
8616,1690.7112
8617,1693.8403
8618,1693.8415
8619,1693.8424
8620,1693.8449
8621,1693.8430
8622,1693.8435
8623,1693.8440
8624,1693.8468
8625,1693.8773
8626,1693.8454
8627,1693.8459
8628,1693.8816
8629,1693.8829
8630,1693.8796
8631,1693.8803
8632,1693.8847
8633,1693.8834
8634,1697.1063
8635,1697.1049
8636,1697.1084
8637,1697.1094
8638,1697.1070
8639,1697.1075
8640,1697.1099
8641,1697.1104
8642,1697.1109
8643,1697.1128
8644,1697.1114
8645,1697.1119
8646,1697.1142
8647,1697.1168
8648,1697.1159
8649,1697.1133
8650,1697.1148
8651,1697.1177
8652,1697.1173
8653,1697.1204
8654,1697.1182
8655,1697.1191
8656,1697.1187
8657,1697.1208
8658,1697.1223
8659,1700.1347
8660,1700.1336
8661,1697.1214
8662,1700.1323
8663,1700.1367
8664,1700.1385
8665,1700.1394
8666,1700.1355
8667,1700.1373
8668,1700.1400
8669,1700.1405
8670,1700.1410
8671,1700.1425
8672,1700.1434
8673,1700.1415
8674,1700.1443
8675,1703.8447
8676,1703.8465
8677,1703.8474
8678,1703.8484
8679,1703.8454
8680,1703.8513
8681,1703.8504
8682,1703.8489
8683,1703.8494
8684,1703.8518
8685,1703.8533
8686,1703.8543
8687,1703.8552
8688,1703.8523
8689,1707.0748
8690,1707.0767
8691,1703.8557
8692,1703.8562
8693,1707.0756
8694,1707.0791
8695,1707.0772
8696,1707.0777
8697,1707.0782
8698,1707.0812
8699,1707.0821
8700,1707.0797
8701,1707.0803
8702,1707.0836
8703,1707.0826
8704,1706.5560
8705,1706.5570
8706,1706.5542
8707,1706.5549
8708,1710.2535
8709,1710.2520
8710,1710.2548
8711,1706.5577
8712,1710.2554
8713,1710.2559
8714,1710.2583
8715,1710.2594
8716,1710.2564
8717,1710.2569
8718,1710.2609
8719,1710.2635
8720,1710.2599
8721,1710.2624
8722,1710.2614
8723,1710.2650
8724,1713.3809
8725,1710.2640
8726,1713.3825
8727,1713.3853
8728,1713.3831
8729,1713.3837
8730,1713.3843
8731,1713.3875
8732,1713.3859
8733,1713.3884
8734,1713.3865
8735,1713.3924
8736,1713.3902
8737,1713.3947
8738,1713.3891
8739,1713.3961
8740,1713.3933
8741,1716.5963
8742,1716.5977
8743,1713.3969
8744,1716.5993
8745,1716.5983
8746,1716.6003
8747,1716.6013
8748,1716.6027
8749,1716.6037
8750,1716.6018
8751,1716.6065
8752,1716.6043
8753,1716.6050
8754,1716.6056
8755,1716.6080
8756,1716.6098
8757,1716.6070
8758,1716.6107
8759,1716.6085
8760,1719.6950
8761,1719.6977
8762,1716.6113
8763,1719.6967
8764,1719.6993
8765,1719.7031
8766,1719.7011
8767,1719.7021
8768,1719.6999
8769,1719.7036
8770,1719.7074
8771,1719.7046
8772,1719.7055
8773,1719.7065
8774,1719.7089
8775,1723.0735
8776,1723.0721
8777,1719.7080
8778,1719.7095
8779,1723.0751
8780,1723.0773
8781,1723.0741
8782,1723.0763
8783,1723.0793
8784,1723.0808
8785,1723.0778
8786,1723.0784
8787,1723.0799
8788,1723.0815
8789,1723.0842
8790,1726.7585
8791,1723.0821
8792,1723.0832
8793,1726.7606
8794,1726.7596
8795,1726.7643
8796,1726.7628
8797,1726.7612
8798,1726.7618
8799,1726.7656
8800,1726.7649
8801,1726.7661
8802,1726.7666
8803,1726.7678
8804,1726.7671
8805,1726.7698
8806,1726.7683
8807,1726.7689
8808,1726.7713
8809,1729.9428
8810,1726.7704
8811,1729.9415
8812,1729.9445
8813,1729.9460
8814,1729.9434
8815,1729.9470
8816,1729.9451
8817,1729.9503
8818,1729.9482
8819,1729.9512
8820,1729.9494
8821,1729.9517
8822,1729.9532
8823,1729.9523
8824,1729.9547
8825,1729.9556
8826,1733.1380
8827,1729.9538
8828,1733.1368
8829,1733.1399
8830,1733.1385
8831,1733.1390
8832,1733.1420
8833,1733.1429
8834,1733.1405
8835,1733.1410
8836,1733.1439
8837,1733.1470
8838,1733.1450
8839,1733.1460
8840,1733.1484
8841,1733.1474
8842,1736.2477
8843,1736.2489
8844,1736.2504
8845,1733.1488
8846,1736.2495
8847,1736.2529
8848,1736.2509
8849,1736.2514
8850,1736.2518
8851,1736.2533
8852,1736.2548
8853,1736.2539
8854,1736.2567
8855,1736.2577
8856,1736.2553
8857,1736.2558
8858,1736.2581
8859,1736.2595
8860,1736.2605
8861,1736.2614
8862,1736.2586
8863,1739.3128
8864,1736.2619
8865,1739.3144
8866,1739.3116
8867,1739.3153
8868,1739.3134
8869,1739.3173
8870,1739.3183
8871,1739.3158
8872,1739.3163
8873,1739.3187
8874,1739.3207
8875,1739.3192
8876,1739.3197
8877,1739.3221
8878,1739.3230
8879,1739.3240
8880,1739.3212
8881,1742.4067
8882,1742.4021
8883,1742.4084
8884,1742.4049
8885,1742.4108
8886,1742.4074
8887,1742.4139
8888,1742.4096
8889,1742.4113
8890,1742.4157
8891,1742.4184
8892,1742.4143
8893,1742.4174
8894,1742.4164
8895,1745.4683
8896,1742.4189
8897,1742.4194
8898,1745.4701
8899,1745.4726
8900,1745.4717
8901,1745.4691
8902,1745.4706
8903,1745.4731
8904,1745.4759
8905,1745.4736
8906,1745.4750
8907,1745.4741
8908,1745.4780
8909,1745.4770
8910,1745.4789
8911,1745.4799
8912,1745.4804
8913,1748.5774
8914,1748.5805
8915,1748.5760
8916,1748.5794
8917,1748.5784
8918,1748.5826
8919,1748.5869
8920,1748.5852
8921,1748.5814
8922,1752.3238
8923,1748.5876
8924,1752.3261
8925,1752.3271
8926,1752.3246
8927,1752.3251
8928,1752.3276
8929,1752.3281
8930,1752.3300
8931,1752.3316
8932,1752.3285
8933,1752.3290
8934,1752.3306
8935,1752.3321
8936,1752.3334
8937,1752.3349
8938,1752.3325
8939,1752.3362
8940,1752.3340
8941,1755.4482
8942,1755.4532
8943,1755.4541
8944,1755.4513
8945,1755.4562
8946,1755.4547
8947,1755.4552
8948,1755.4585
8949,1755.4567
8950,1755.4572
8951,1755.4576
8952,1755.4600
8953,1755.4609
8954,1755.4619
8955,1755.4590
8956,1755.4644
8957,1755.4624
8958,1755.4629
8959,1755.4633
8960,1754.9689
8961,1758.1125
8962,1758.1103
8963,1754.9693
8964,1758.1116
8965,1758.1142
8966,1758.1130
8967,1758.1163
8968,1758.1151
8969,1758.1174
8970,1758.1185
8971,1758.1213
8972,1758.1201
8973,1758.1190
8974,1758.1234
8975,1758.1217
8976,1761.2964
8977,1758.1222
8978,1761.2980
8979,1758.1238
8980,1761.2970
8981,1761.3004
8982,1761.2985
8983,1761.2989
8984,1761.2994
8985,1761.3013
8986,1761.3038
8987,1761.3049
8988,1761.3029
8989,1761.3018
8990,1761.3064
8991,1761.3090
8992,1761.3081
8993,1761.3055
8994,1761.3070
8995,1764.5722
8996,1761.3096
8997,1764.5739
8998,1761.3101
8999,1764.5728
9000,1768.8296
9001,1768.8302
9002,1768.8318
9003,1768.8308
9004,1768.8328
9005,1768.8338
9006,1768.8353
9007,1768.8362
9008,1768.8343
9009,1768.8386
9010,1768.8368
9011,1768.8402
9012,1768.8377
9013,1768.8411
9014,1768.8392
9015,1771.9700
9016,1771.9675
9017,1768.8416
9018,1771.9726
9019,1771.9716
9020,1771.9706
9021,1771.9740
9022,1771.9750
9023,1771.9760
9024,1771.9730
9025,1771.9783
9026,1771.9765
9027,1771.9774
9028,1771.9808
9029,1771.9825
9030,1771.9793
9031,1771.9799
9032,1771.9814
9033,1775.0942
9034,1775.0953
9035,1775.0965
9036,1771.9830
9037,1775.0987
9038,1775.0970
9039,1775.0996
9040,1775.0976
9041,1775.1020
9042,1775.1029
9043,1775.1002
9044,1775.1008
9045,1778.4386
9046,1775.1034
9047,1775.1040
9048,1775.1045
9049,1778.4415
9050,1778.4434
9051,1778.4396
9052,1778.4403
9053,1778.4421
9054,1778.4440
9055,1778.4445
9056,1778.4451
9057,1778.4456
9058,1778.4478
9059,1778.4466
9060,1778.4462
9061,1778.4499
9062,1778.4508
9063,1778.4484
9064,1778.4490
9065,1781.6839
9066,1778.4514
9067,1781.6877
9068,1781.6866
9069,1781.6849
9070,1781.6894
9071,1781.6884
9072,1781.6910
9073,1781.6921
9074,1781.6900
9075,1781.6939
9076,1781.6927
9077,1781.6973
9078,1781.6963
9079,1781.6944
9080,1781.6949
9081,1781.6987
9082,1784.8831
9083,1784.8844
9084,1781.6978
9085,1781.6993
9086,1784.8850
9087,1784.8864
9088,1784.8855
9089,1784.8880
9090,1784.8890
9091,1784.8870
9092,1784.8915
9093,1784.8924
9094,1784.8900
9095,1784.8905
9096,1784.8933
9097,1784.8943
9098,1784.8953
9099,1784.8962
9100,1788.0743
9101,1788.0763
9102,1788.0774
9103,1784.8967
9104,1788.0753
9105,1788.0779
9106,1788.0784
9107,1788.0789
9108,1788.0803
9109,1788.0817
9110,1788.0827
9111,1788.0793
9112,1788.0808
9113,1788.0831
9114,1788.0836
9115,1788.0856
9116,1788.0841
9117,1788.0865
9118,1788.0846
9119,1788.0892
9120,1788.0883
9121,1791.2383
9122,1788.0871
9123,1791.2370
9124,1791.2405
9125,1791.2390
9126,1791.2395
9127,1791.2424
9128,1791.2433
9129,1791.2409
9130,1791.2414
9131,1791.2450
9132,1791.2460
9133,1791.2470
9134,1791.2438
9135,1791.2495
9136,1791.2476
9137,1791.2481
9138,1791.2485
9139,1794.7020
9140,1794.6991
9141,1794.7030
9142,1794.7009
9143,1794.7035
9144,1794.7046
9145,1794.7065
9146,1794.7074
9147,1794.7083
9148,1794.7051
9149,1794.7088
9150,1794.7093
9151,1794.7097
9152,1794.7102
9153,1794.7112
9154,1794.7128
9155,1794.7142
9156,1794.7107
9157,1794.7117
9158,1794.7132
9159,1797.7862
9160,1797.7876
9161,1794.7146
9162,1794.7151
9163,1797.7902
9164,1797.7882
9165,1797.7887
9166,1797.7892
9167,1797.7907
9168,1797.7926
9169,1797.7911
9170,1797.7936
9171,1797.7916
9172,1797.7949
9173,1797.7959
9174,1797.7978
9175,1797.7940
9176,1797.7964
9177,1797.7969
9178,1800.8768
9179,1800.8742
9180,1800.8751
9181,1800.8757
9182,1800.8784
9183,1800.8774
9184,1800.8800
9185,1800.8809
9186,1800.8827
9187,1800.8789
9188,1800.8814
9189,1804.2100
9190,1800.8831
9191,1804.2131
9192,1804.2121
9193,1804.2110
9194,1804.2151
9195,1804.2136
9196,1804.2142
9197,1804.2165
9198,1804.2156
9199,1804.2193
9200,1804.2183
9201,1804.2207
9202,1804.2171
9203,1804.2216
9204,1804.2198
9205,1804.2236
9206,1804.2252
9207,1804.2222
9208,1804.2227
9209,1807.3282
9210,1807.3291
9211,1807.3296
9212,1807.3301
9213,1807.3306
9214,1807.3347
9215,1807.3323
9216,1806.7739
9217,1806.7714
9218,1806.7775
9219,1806.7793
9220,1806.7755
9221,1806.7761
9222,1806.7781
9223,1806.7810
9224,1806.7821
9225,1806.7837
9226,1806.7798
9227,1809.9103
9228,1809.9083
9229,1809.9125
9230,1809.9092
9231,1809.9108
9232,1809.9113
9233,1809.9150
9234,1809.9129
9235,1809.9138
9236,1809.9133
9237,1809.9154
9238,1809.9189
9239,1809.9169
9240,1809.9159
9241,1809.9180
9242,1809.9194
9243,1809.9209
9244,1809.9200
9245,1813.2981
9246,1813.2996
9247,1809.9214
9248,1809.9220
9249,1813.3003
9250,1813.3025
9251,1813.3010
9252,1813.3036
9253,1813.3016
9254,1813.3058
9255,1813.3067
9256,1813.3042
9257,1813.3048
9258,1813.3099
9259,1813.3073
9260,1813.3079
9261,1813.3089
9262,1813.3104
9263,1813.3109
9264,1813.3137
9265,1813.3113
9266,1813.3120
9267,1813.3125
9268,1813.3143
9269,1816.2974
9270,1813.3149
9271,1816.3001
9272,1816.2989
9273,1816.3017
9274,1816.3027
9275,1816.3036
9276,1816.3008
9277,1816.3051
9278,1816.3061
9279,1816.3042
9280,1816.3075
9281,1816.3084
9282,1816.3094
9283,1816.3065
9284,1816.3105
9285,1819.7901
9286,1819.7915
9287,1819.7927
9288,1819.7942
9289,1819.7932
9290,1819.7951
9291,1819.7961
9292,1819.7977
9293,1819.7987
9294,1819.7965
9295,1819.8009
9296,1819.7992
9297,1819.8031
9298,1819.7999
9299,1819.8015
9300,1819.8021
9301,1819.8043
9302,1823.0381
9303,1823.0395
9304,1823.0365
9305,1819.8048
9306,1823.0404
9307,1823.0442
9308,1823.0422
9309,1823.0433
9310,1823.0411
9311,1823.0479
9312,1823.0470
9313,1823.0448
9314,1823.0453
9315,1826.1055
9316,1826.1034
9317,1826.1043
9318,1826.1068
9319,1826.1106
9320,1826.1080
9321,1826.1090
9322,1826.1125
9323,1826.1142
9324,1826.1110
9325,1826.1116
9326,1826.1131
9327,1829.0888
9328,1829.0913
9329,1826.1147
9330,1829.0922
9331,1829.0899
9332,1829.0933
9333,1829.0942
9334,1829.0951
9335,1829.0961
9336,1829.0970
9337,1829.0984
9338,1829.0994
9339,1829.1003
9340,1829.0975
9341,1829.1012
9342,1832.5932
9343,1832.5944
9344,1832.5917
9345,1832.5971
9346,1832.5949
9347,1832.5962
9348,1832.5956
9349,1832.5981
9350,1832.6002
9351,1832.6013
9352,1832.5992
9353,1832.6028
9354,1832.6017
9355,1832.6048
9356,1832.6039
9357,1832.6069
9358,1832.6079
9359,1832.6059
9360,1832.6053
9361,1835.8304
9362,1835.8321
9363,1832.6083
9364,1832.6089
9365,1835.8340
9366,1835.8328
9367,1835.8365
9368,1835.8353
9369,1835.8383
9370,1835.8394
9371,1835.8406
9372,1835.8371
9373,1835.8427
9374,1835.8438
9375,1835.8412
9376,1835.8456
9377,1839.4420
9378,1839.4434
9379,1835.8444
9380,1839.4444
9381,1839.4460
9382,1839.4469
9383,1839.4479
9384,1839.4450
9385,1839.4483
9386,1839.4503
9387,1839.4489
9388,1839.4513
9389,1839.4494
9390,1839.4528
9391,1839.4539
9392,1839.4518
9393,1839.4549
9394,1842.5727
9395,1842.5737
9396,1842.5713
9397,1839.4553
9398,1842.5774
9399,1842.5755
9400,1842.5765
9401,1842.5744
9402,1842.5780
9403,1842.5803
9404,1842.5785
9405,1842.5789
9406,1842.5794
9407,1842.5808
9408,1842.5818
9409,1842.5828
9410,1842.5837
9411,1842.5847
9412,1845.7590
9413,1842.5852
9414,1845.7610
9415,1842.5858
9416,1845.7631
9417,1845.7599
9418,1845.7615
9419,1845.7620
9420,1845.7636
9421,1845.7660
9422,1845.7641
9423,1845.7646
9424,1845.7651
9425,1845.7674
9426,1845.7699
9427,1845.7665
9428,1845.7689
9429,1845.7680
9430,1845.7704
9431,1845.7714
9432,1845.7709
9433,1845.7718
9434,1848.8644
9435,1848.8629
9436,1848.8665
9437,1848.8675
9438,1848.8650
9439,1848.8655
9440,1848.8680
9441,1848.8685
9442,1848.8699
9443,1848.8724
9444,1848.8689
9445,1848.8714
9446,1848.8704
9447,1848.8729
9448,1851.9179
9449,1851.9165
9450,1851.9190
9451,1851.9200
9452,1851.9226
9453,1851.9217
9454,1851.9246
9455,1851.9205
9456,1851.9231
9457,1851.9237
9458,1851.9268
9459,1851.9251
9460,1851.9256
9461,1851.9278
9462,1855.5210
9463,1855.5221
9464,1855.5196
9465,1851.9282
9466,1855.5242
9467,1855.5257
9468,1855.5227
9469,1855.5232
9470,1855.5247
9471,1855.5279
9472,1855.0497
9473,1855.0468
9474,1855.0507
9475,1855.0485
9476,1855.0513
9477,1855.0518
9478,1855.0524
9479,1855.0529
9480,1855.0557
9481,1855.0535
9482,1855.0546
9483,1857.8923
9484,1857.8893
9485,1857.8903
9486,1857.8908
9487,1857.8928
9488,1857.8945
9489,1857.8961
9490,1857.8971
9491,1857.8934
9492,1857.8950
9493,1857.8976
9494,1857.8981
9495,1857.8985
9496,1857.9000
9497,1857.9011
9498,1857.9022
9499,1857.8990
9500,1857.9051
9501,1857.9028
9502,1857.9034
9503,1857.9039
9504,1861.3340
9505,1861.3361
9506,1861.3371
9507,1857.9057
9508,1861.3350
9509,1861.3382
9510,1861.3388
9511,1861.3393
9512,1861.3407
9513,1861.3398
9514,1861.3422
9515,1861.3433
9516,1861.3413
9517,1861.3449
9518,1861.3476
9519,1861.3439
9520,1861.3466
9521,1861.3454
9522,1861.3506
9523,1861.3488
9524,1861.3481
9525,1861.3494
9526,1861.3512
9527,1864.7401
9528,1861.3517
9529,1864.7422
9530,1861.3523
9531,1864.7411
9532,1864.7450
9533,1864.7428
9534,1864.7434
9535,1864.7440
9536,1864.7456
9537,1864.7461
9538,1864.7482
9539,1864.7466
9540,1864.7497
9541,1864.7472
9542,1864.7511
9543,1864.7487
9544,1864.7502
9545,1864.7539
9546,1864.7518
9547,1864.7523
9548,1867.8595
9549,1867.8607
9550,1867.8617
9551,1867.8626
9552,1867.8641
9553,1867.8651
9554,1867.8631
9555,1867.8660
9556,1867.8674
9557,1867.8665
9558,1867.8706
9559,1867.8696
9560,1867.8679
9561,1867.8685
9562,1867.8711
9563,1867.8718
9564,1867.8722
9565,1867.8727
9566,1867.8742
9567,1867.8731
9568,1871.0526
9569,1871.0538
9570,1871.0559
9571,1871.0569
9572,1871.0543
9573,1871.0549
9574,1871.0590
9575,1871.0574
9576,1871.0599
9577,1871.0580
9578,1871.0620
9579,1871.0630
9580,1871.0605
9581,1871.0611
9582,1871.0644
9583,1871.0635
9584,1874.9753
9585,1874.9742
9586,1874.9787
9587,1874.9777
9588,1874.9759
9589,1874.9765
9590,1874.9805
9591,1874.9820
9592,1874.9793
9593,1874.9829
9594,1874.9811
9595,1874.9851
9596,1878.0951
9597,1874.9835
9598,1874.9841
9599,1874.9857
9600,1878.0975
9601,1878.0959
9602,1878.0987
9603,1878.0965
9604,1878.1004
9605,1878.1013
9606,1878.0993
9607,1878.1027
9608,1878.1042
9609,1878.1018
9610,1878.1052
9611,1878.1033
9612,1878.1057
9613,1878.1062
9614,1878.1066
9615,1878.1071
9616,1878.1076
9617,1881.1876
9618,1878.1080
9619,1878.1086
9620,1878.1091
9621,1881.1883
9622,1881.1888
9623,1881.1913
9624,1881.1893
9625,1881.1898
9626,1881.1903
9627,1881.1918
9628,1881.1923
9629,1881.1937
9630,1881.1961
9631,1881.1928
9632,1881.1952
9633,1881.1942
9634,1881.1967
9635,1881.1976
9636,1881.1990
9637,1881.2000
9638,1884.1644
9639,1881.1981
9640,1884.1657
9641,1884.1667
9642,1884.1684
9643,1884.1693
9644,1884.1673
9645,1884.1707
9646,1884.1722
9647,1884.1731
9648,1884.1698
9649,1884.1712
9650,1884.1756
9651,1884.1735
9652,1884.1740
9653,1884.1744
9654,1884.1760
9655,1884.1779
9656,1884.1765
9657,1884.1770
9658,1887.4048
9659,1884.1783
9660,1887.4069
9661,1884.1789
9662,1887.4055
9663,1887.4059
9664,1887.4074
9665,1887.4092
9666,1887.4078
9667,1887.4083
9668,1887.4107
9669,1887.4121
9670,1887.4097
9671,1887.4131
9672,1887.4111
9673,1887.4137
9674,1887.4141
9675,1887.4146
9676,1887.4164
9677,1887.4151
9678,1887.4155
9679,1887.4181
9680,1887.4169
9681,1890.8912
9682,1890.8925
9683,1890.8946
9684,1890.8937
9685,1890.8965
9686,1890.8976
9687,1890.8954
9688,1890.8991
9689,1890.9001
9690,1890.8982
9691,1890.9010
9692,1890.9029
9693,1890.9015
9694,1890.9020
9695,1890.9047
9696,1890.9061
9697,1890.9034
9698,1890.9038
9699,1890.9052
9700,1890.9066
9701,1890.9071
9702,1893.9409
9703,1893.9391
9704,1893.9433
9705,1893.9398
9706,1893.9415
9707,1893.9420
9708,1893.9457
9709,1893.9438
9710,1893.9443
9711,1893.9448
9712,1893.9472
9713,1893.9486
9714,1893.9462
9715,1893.9495
9716,1893.9476
9717,1893.9500
9718,1896.8998
9719,1893.9505
9720,1893.9513
9721,1893.9518
9722,1896.9010
9723,1896.9040
9724,1896.9021
9725,1896.9031
9726,1896.9061
9727,1896.9052
9728,1896.4210
9729,1896.4248
9730,1896.4231
9731,1896.4236
9732,1900.0148
9733,1896.4253
9734,1900.0164
9735,1900.0174
9736,1900.0194
9737,1900.0155
9738,1900.0179
9739,1900.0183
9740,1900.0200
9741,1900.0217
9742,1900.0240
9743,1900.0204
9744,1900.0229
9745,1900.0252
9746,1900.0284
9747,1900.0295
9748,1900.0268
9749,1900.0259
9750,1900.0300
9751,1900.0315
9752,1900.0305
9753,1900.0310
9754,1903.3507
9755,1900.0325
9756,1903.3531
9757,1900.0320
9758,1903.3515
9759,1903.3521
9760,1903.3538
9761,1903.3569
9762,1903.3543
9763,1903.3558
9764,1903.3549
9765,1903.3575
9766,1903.3608
9767,1903.3598
9768,1903.3581
9769,1903.3587
9770,1903.3615
9771,1906.4648
9772,1903.3620
9773,1903.3625
9774,1906.4636
9775,1906.4654
9776,1906.4660
9777,1906.4677
9778,1906.4699
9779,1906.4689
9780,1906.4666
9781,1906.4714
9782,1906.4737
9783,1906.4705
9784,1906.4724
9785,1906.4756
9786,1906.4741
9787,1909.7890
9788,1906.4747
9789,1909.7901
9790,1906.4762
9791,1909.7930
9792,1909.7919
9793,1909.7908
9794,1909.7949
9795,1909.7975
9796,1909.7939
9797,1909.7965
9798,1909.7954
9799,1909.7989
9800,1909.7980
9801,1909.8004
9802,1909.8019
9803,1912.8716
9804,1909.7995
9805,1909.8025
9806,1909.8029
9807,1912.8755
9808,1912.8745
9809,1912.8728
9810,1912.8734
9811,1912.8781
9812,1912.8761
9813,1912.8766
9814,1912.8772
9815,1912.8821
9816,1912.8791
9817,1912.8801
9818,1912.8810
9819,1912.8827
9820,1912.8831
9821,1912.8856
9822,1912.8836
9823,1912.8842
9824,1912.8847
9825,1916.1820
9826,1916.1850
9827,1912.8861
9828,1916.1840
9829,1916.1828
9830,1916.1856
9831,1916.1870
9832,1916.1887
9833,1916.1861
9834,1916.1898
9835,1916.1876
9836,1916.1903
9837,1916.1908
9838,1916.1923
9839,1916.1913
9840,1916.1943
9841,1916.1954
9842,1916.1969
9843,1916.1928
9844,1919.2080
9845,1916.1959
9846,1919.2068
9847,1919.2100
9848,1919.2085
9849,1919.2122
9850,1919.2091
9851,1919.2106
9852,1919.2111
9853,1919.2127
9854,1919.2148
9855,1919.2137
9856,1919.2132
9857,1919.2162
9858,1919.2152
9859,1919.2191
9860,1919.2181
9861,1922.2825
9862,1919.2167
9863,1922.2835
9864,1922.2813
9865,1922.2913
9866,1922.2922
9867,1922.2903
9868,1922.2896
9869,1925.4648
9870,1922.2937
9871,1922.2927
9872,1925.4637
9873,1925.4654
9874,1925.4659
9875,1925.4695
9876,1925.4675
9877,1925.4686
9878,1925.4666
9879,1925.4709
9880,1925.4700
9881,1925.4719
9882,1925.4729
9883,1925.4757
9884,1925.4746
9885,1925.4773
9886,1925.4735
9887,1928.8971
9888,1925.4762
9889,1925.4778
9890,1928.8993
9891,1928.8978
9892,1928.9007
9893,1928.8984
9894,1928.8998
9895,1928.9029
9896,1928.9012
9897,1928.9039
9898,1928.9020
9899,1928.9068
9900,1928.9058
9901,1928.9044
9902,1928.9049
9903,1928.9078
9904,1928.9073
9905,1928.9102
9906,1928.9083
9907,1928.9092
9908,1928.9088
9909,1932.1266
9910,1928.9106
9911,1932.1284
9912,1928.9112
9913,1932.1297
9914,1932.1274
9915,1932.1326
9916,1932.1317
9917,1932.1302
9918,1932.1307
9919,1932.1337
9920,1932.1331
9921,1932.1356
9922,1932.1365
9923,1932.1347
9924,1932.1342
9925,1932.1387
9926,1932.1370
9927,1935.2618
9928,1932.1377
9929,1932.1391
9930,1935.2635
9931,1935.2661
9932,1935.2625
9933,1935.2650
9934,1935.2640
9935,1935.2665
9936,1935.2670
9937,1935.2675
9938,1935.2689
9939,1935.2680
9940,1935.2710
9941,1935.2719
9942,1935.2695
9943,1935.2701
9944,1935.2732
9945,1935.2723
9946,1935.2747
9947,1935.2756
9948,1935.2737
9949,1938.5947
9950,1938.5965
9951,1938.5975
9952,1935.2761
9953,1938.5954
9954,1938.5980
9955,1938.5984
9956,1938.5993
9957,1938.6021
9958,1938.6032
9959,1938.6011
9960,1938.5998
9961,1938.6054
9962,1938.6064
9963,1938.6037
9964,1938.6043
9965,1938.6078
9966,1938.6069
9967,1941.9512
9968,1941.9501
9969,1938.6083
9970,1941.9528
9971,1941.9519
9972,1941.9548
9973,1941.9560
9974,1941.9533
9975,1941.9538
9976,1941.9564
9977,1941.9569
9978,1941.9588
9979,1941.9574
9980,1941.9579
9981,1941.9597
9982,1941.9620
9983,1941.9629
9984,1941.4722
9985,1941.4758
9986,1941.4747
9987,1944.4874
9988,1944.4863
9989,1944.4892
9990,1941.4762
9991,1944.4879
9992,1944.4914
9993,1944.4899
9994,1944.4903
9995,1944.4939
9996,1944.4918
9997,1944.4924
9998,1944.4929
9999,1947.6810
10000,1947.6822
10001,1947.6834
10002,1944.4944
10003,1947.6859
10004,1947.6838
10005,1947.6843
10006,1947.6848
10007,1947.6863
10008,1947.6868
10009,1947.6873
10010,1947.6889
10011,1947.6908
10012,1947.6898
10013,1947.6878
10014,1947.6933
10015,1947.6919
10016,1947.6912
10017,1947.6923
10018,1947.6943
10019,1950.9082
10020,1950.9062
10021,1950.9072
10022,1947.6948
10023,1950.9113
10024,1950.9104
10025,1950.9089
10026,1950.9095
10027,1950.9136
10028,1950.9118
10029,1950.9124
10030,1950.9153
10031,1950.9176
10032,1950.9142
10033,1950.9164
10034,1950.9189
10035,1954.3244
10036,1954.3230
10037,1950.9180
10038,1954.3267
10039,1954.3250
10040,1954.3295
10041,1954.3256
10042,1954.3274
10043,1954.3324
10044,1954.3300
10045,1954.3310
10046,1954.3314
10047,1954.3346
10048,1954.3330
10049,1954.3356
10050,1954.3335
10051,1954.3386
10052,1954.3377
10053,1954.3362
10054,1954.3368
10055,1954.3391
10056,1957.7887
10057,1957.7906
10058,1954.3396
10059,1954.3402
10060,1957.7896
10061,1957.7912
10062,1957.8178
10063,1957.7932
10064,1957.7943
10065,1957.7919
10066,1957.8208
10067,1957.8185
10068,1957.8191
10069,1957.8197
10070,1957.8213
10071,1957.8217
10072,1957.8222
10073,1957.8226
10074,1957.8253
10075,1957.8236
10076,1957.8232
10077,1957.8242
10078,1957.8258
10079,1960.8881
10080,1960.8909
10081,1960.8896
10082,1960.8918
10083,1960.8940
10084,1960.8949
10085,1960.8924
10086,1960.8930
10087,1960.8965
10088,1960.8982
10089,1960.8993
10090,1960.8955
10091,1960.8971
10092,1960.9000
10093,1960.9009
10094,1964.0761
10095,1964.0748
10096,1964.0730
10097,1960.9014
10098,1964.0794
10099,1964.0767
10100,1964.0785
10101,1964.0773
10102,1964.0830
10103,1964.0811
10104,1964.0820
10105,1964.0800
10106,1964.0835
10107,1964.0841
10108,1964.0867
10109,1964.0846
10110,1964.0851
10111,1964.0858
10112,1964.0875
10113,1967.1904
10114,1967.1947
10115,1967.1937
10116,1967.1925
10117,1967.1967
10118,1967.1952
10119,1967.1957
10120,1967.1991
10121,1967.1972
10122,1967.1977
10123,1967.1982
10124,1967.1996
10125,1967.2015
10126,1967.2000
10127,1967.2005
10128,1967.2024
10129,1970.5768
10130,1970.5782
10131,1970.5794
10132,1967.2029
10133,1970.5810
10134,1970.5819
10135,1970.5800
10136,1970.5845
10137,1970.5824
10138,1970.5829
10139,1970.5834
10140,1970.5865
10141,1970.5879
10142,1970.5850
10143,1970.5856
10144,1970.5870
10145,1973.9013
10146,1973.8988
10147,1973.9002
10148,1973.8996
10149,1973.9019
10150,1973.9023
10151,1973.9033
10152,1973.9028
10153,1973.9038
10154,1973.9058
10155,1973.9073
10156,1973.9043
10157,1973.9048
10158,1973.9063
10159,1973.9082
10160,1973.9093
10161,1973.9102
10162,1973.9111
10163,1973.9130
10164,1976.9362
10165,1973.9116
10166,1973.9121
10167,1976.9347
10168,1976.9383
10169,1976.9368
10170,1976.9392
10171,1976.9373
10172,1976.9406
10173,1976.9416
10174,1976.9430
10175,1976.9397
10176,1976.9439
10177,1976.9421
10178,1976.9463
10179,1976.9472
10180,1976.9444
10181,1976.9454
10182,1979.9427
10183,1979.9449
10184,1979.9411
10185,1979.9439
10186,1979.9473
10187,1979.9483
10188,1979.9454
10189,1979.9459
10190,1979.9497
10191,1979.9517
10192,1979.9508
10193,1979.9488
10194,1979.9535
10195,1979.9523
10196,1983.0653
10197,1983.0664
10198,1983.0679
10199,1983.0640
10200,1983.0670
10201,1983.0700
10202,1983.0685
10203,1983.0690
10204,1983.0719
10205,1983.0704
10206,1983.0709
10207,1983.0738
10208,1983.0724
10209,1983.0752
10210,1983.0729
10211,1983.0743
10212,1983.0762
10213,1987.3309
10214,1987.3322
10215,1987.3333
10216,1987.3348
10217,1987.3338
10218,1987.3358
10219,1987.3368
10220,1987.3382
10221,1987.3391
10222,1987.3411
10223,1987.3372
10224,1987.3397
10225,1987.3401
10226,1987.3415
10227,1987.3420
10228,1987.3425
10229,1987.3429
10230,1987.3451
10231,1987.3460
10232,1987.3434
10233,1987.3440
10234,1989.4929
10235,1987.3464
10236,1989.4956
10237,1989.4966
10238,1989.4938
10239,1989.4944
10240,1988.8705
10241,1988.8718
10242,1988.8674
10243,1988.8682
10244,1988.8750
10245,1988.8766
10246,1988.8780
10247,1988.8725
10248,1988.8755
10249,1988.8785
10250,1988.8807
10251,1992.3850
10252,1988.8789
10253,1992.3836
10254,1992.3868
10255,1992.3890
10256,1992.3857
10257,1992.3880
10258,1992.3900
10259,1992.3930
10260,1992.3911
10261,1992.3921
10262,1995.8940
10263,1992.3943
10264,1995.8961
10265,1992.3936
10266,1995.8971
10267,1995.8950
10268,1995.8988
10269,1995.9000
10270,1995.9017
10271,1995.8977
10272,1995.9007
10273,1995.9036
10274,1995.9051
10275,1995.9062
10276,1995.9023
10277,1995.9042
10278,1998.7247
10279,1998.7285
10280,1998.7274
10281,1998.7262
10282,1998.7301
10283,1998.7323
10284,1998.7291
10285,1998.7312
10286,1998.7338
10287,1998.7328
10288,1998.7353
10289,1998.7363
10290,1998.7343
10291,1998.7383
10292,1998.7393
10293,1998.7374
10294,1998.7403
10295,2001.9118
10296,2001.9128
10297,2001.9098
10298,2001.9107
10299,2001.9144
10300,2001.9134
10301,2001.9159
10302,2001.9168
10303,2001.9183
10304,2001.9150
10305,2001.9193
10306,2001.9174
10307,2001.9218
10308,2001.9208
10309,2005.1453
10310,2001.9198
10311,2001.9224
10312,2005.1475
10313,2005.1484
10314,2005.1495
10315,2005.1464
10316,2005.1504
10317,2005.1519
10318,2005.1531
10319,2005.1540
10320,2005.1509
10321,2005.1546
10322,2005.1563
10323,2005.1591
10324,2005.1552
10325,2005.1580
10326,2005.1568
10327,2005.1596
10328,2008.5392
10329,2005.1603
10330,2008.5406
10331,2008.5417
10332,2008.5433
10333,2008.5442
10334,2008.5466
10335,2008.5423
10336,2008.5448
10337,2008.5457
10338,2008.5476
10339,2008.5513
10340,2008.5503
10341,2008.5492
10342,2008.5480
10343,2008.5524
10344,2008.5518
10345,2008.5546
10346,2011.8852
10347,2008.5536
10348,2008.5530
10349,2011.8875
10350,2011.8910
10351,2011.8862
10352,2011.8893
10353,2011.8882
10354,2011.8917
10355,2011.8961
10356,2011.8929
10357,2011.8941
10358,2011.8950
10359,2011.8985
10360,2011.9007
10361,2011.9017
10362,2011.8968
10363,2011.8992
10364,2014.9843
10365,2014.9868
10366,2014.9879
10367,2014.9825
10368,2014.9857
10369,2018.3647
10370,2014.9902
10371,2018.3661
10372,2014.9888
10373,2018.3668
10374,2018.3673
10375,2018.3677
10376,2018.3693
10377,2018.3712
10378,2018.3703
10379,2018.3682
10380,2018.3728
10381,2018.3743
10382,2018.3718
10383,2018.3753
10384,2018.3734
10385,2018.3777
10386,2018.3757
10387,2018.3762
10388,2018.3768
10389,2021.4609
10390,2018.3782
10391,2018.3787
10392,2021.4628
10393,2021.4649
10394,2021.4617
10395,2021.4659
10396,2021.4634
10397,2021.4665
10398,2021.4674
10399,2021.4714
10400,2021.4703
10401,2021.4692
10402,2021.4680
10403,2021.4736
10404,2021.4720
10405,2021.4726
10406,2021.4751
10407,2024.4997
10408,2021.4742
10409,2024.4987
10410,2024.4973
10411,2024.5003
10412,2024.5010
10413,2024.5025
10414,2024.5049
10415,2024.5015
10416,2024.5036
10417,2024.5059
10418,2024.5085
10419,2024.5094
10420,2024.5075
10421,2024.5064
10422,2024.5103
10423,2027.8225
10424,2027.8213
10425,2027.8200
10426,2024.5108
10427,2027.8238
10428,2027.8231
10429,2027.8248
10430,2027.8274
10431,2027.8284
10432,2027.8264
10433,2027.8293
10434,2027.8319
10435,2027.8328
10436,2027.8310
10437,2027.8298
10438,2027.8343
10439,2027.8364
10440,2027.8354
10441,2027.8334
10442,2030.9305
10443,2030.9295
10444,2030.9287
10445,2030.9326
10446,2030.9310
10447,2030.9316
10448,2030.9342
10449,2030.9363
10450,2030.9332
10451,2030.9373
10452,2030.9347
10453,2030.9399
10454,2030.9379
10455,2030.9384
10456,2030.9390
10457,2030.9405
10458,2034.3173
10459,2030.9426
10460,2030.9410
10461,2030.9416
10462,2034.3180
10463,2034.3206
10464,2034.3191
10465,2034.3217
10466,2034.3227
10467,2034.3252
10468,2034.3242
10469,2034.3231
10470,2034.3273
10471,2034.3264
10472,2034.3258
10473,2034.3284
10474,2034.3310
10475,2034.3319
10476,2034.3299
10477,2034.3288
10478,2034.3325
10479,2034.3330
10480,2034.3336
10481,2037.6467
10482,2034.3342
10483,2034.3349
10484,2037.6489
10485,2037.6474
10486,2037.6480
10487,2037.6509
10488,2037.6494
10489,2037.6526
10490,2037.6500
10491,2037.6549
10492,2037.6516
10493,2037.6532
10494,2037.6536
10495,2037.6554
10496,2037.1475
10497,2037.1482
10498,2037.1489
10499,2037.1498
10500,2043.8135
10501,2043.8159
10502,2043.8178
10503,2043.8169
10504,2043.8142
10505,2043.8184
10506,2043.8211
10507,2043.8190
10508,2043.8195
10509,2043.8199
10510,2043.8215
10511,2043.8220
10512,2043.8238
10513,2043.8224
10514,2043.8255
10515,2043.8229
10516,2043.8244
10517,2047.2868
10518,2047.2902
10519,2047.2892
10520,2047.2880
10521,2047.2911
10522,2047.2932
10523,2047.2941
10524,2047.2922
10525,2047.2956
10526,2047.2946
10527,2047.2987
10528,2047.2978
10529,2047.2961
10530,2047.2967
10531,2047.2992
10532,2047.3016
10533,2047.2997
10534,2050.4200
10535,2047.3002
10536,2047.3021
10537,2050.4219
10538,2050.4209
10539,2050.4246
10540,2050.4237
10541,2050.4255
10542,2050.4225
10543,2050.4291
10544,2050.4281
10545,2050.4260
10546,2050.4271
10547,2050.4313
10548,2050.4330
10549,2050.4297
10550,2050.4303
10551,2050.4318
10552,2050.4334
10553,2053.7920
10554,2050.4339
10555,2050.4349
10556,2050.4354
10557,2053.7929
10558,2053.7947
10559,2053.7937
10560,2053.7966
10561,2053.7976
10562,2053.7997
10563,2053.7955
10564,2053.7982
10565,2053.7988
10566,2053.8004
10567,2053.8010
10568,2053.8015
10569,2053.8030
10570,2053.8057
10571,2053.8021
10572,2053.8048
10573,2053.8036
10574,2053.8062
10575,2053.8074
10576,2053.8084
10577,2053.8069
10578,2056.9086
10579,2056.9098
10580,2056.9120
10581,2056.9070
10582,2056.9104
10583,2056.9110
10584,2056.9126
10585,2056.9148
10586,2056.9132
10587,2056.9138
10588,2056.9169
10589,2056.9185
10590,2056.9154
10591,2056.9159
10592,2056.9174
10593,2056.9205
10594,2056.9190
10595,2060.0096
10596,2056.9196
10597,2056.9211
10598,2060.0117
10599,2060.0139
10600,2060.0129
10601,2060.0106
10602,2060.0165
10603,2060.0145
10604,2060.0186
10605,2060.0150
10606,2060.0171
10607,2060.0176
10608,2060.0192
10609,2060.0208
10610,2060.0198
10611,2060.0240
10612,2060.0224
10613,2063.0710
10614,2060.0214
10615,2063.0723
10616,2060.0245
10617,2063.0745
10618,2063.0757
10619,2063.0730
10620,2063.0736
10621,2063.0786
10622,2063.0777
10623,2063.0797
10624,2063.0765
10625,2063.0818
10626,2063.0802
10627,2063.0839
10628,2063.0808
10629,2063.0823
10630,2063.0830
10631,2066.4542
10632,2063.0845
10633,2066.4563
10634,2063.0851
10635,2066.4579
10636,2066.4551
10637,2066.4593
10638,2066.4569
10639,2066.4584
10640,2066.4605
10641,2069.9499
10642,2069.9512
10643,2069.9523
10644,2066.4610
10645,2069.9545
10646,2069.9530
10647,2069.9561
10648,2069.9536
10649,2069.9580
10650,2069.9551
10651,2069.9566
10652,2069.9571
10653,2069.9604
10654,2069.9595
10655,2069.9616
10656,2069.9585
10657,2073.4467
10658,2069.9637
10659,2069.9626
10660,2069.9621
10661,2073.4476
10662,2073.4482
10663,2073.4503
10664,2073.4518
10665,2073.4487
10666,2073.4492
10667,2073.4509
10668,2073.4532
10669,2073.4523
10670,2073.4552
10671,2073.4543
10672,2073.4562
10673,2073.4571
10674,2073.4580
10675,2073.4589
10676,2076.5642
10677,2076.5652
10678,2073.4594
10679,2076.5628
10680,2076.5658
10681,2076.5663
10682,2076.5668
10683,2076.5688
10684,2076.5705
10685,2076.5673
10686,2076.5678
10687,2076.5693
10688,2076.5724
10689,2076.5709
10690,2076.5738
10691,2076.5714
10692,2076.5729
10693,2076.5758
10694,2076.5743
10695,2079.6763
10696,2076.5749
10697,2076.5763
10698,2076.5768
10699,2079.6772
10700,2079.6778
10701,2079.6783
10702,2079.6801
10703,2079.6827
10704,2079.6818
10705,2079.6788
10706,2079.6807
10707,2079.6852
10708,2079.6833
10709,2079.6838
10710,2079.6842
10711,2079.6857
10712,2079.6876
10713,2079.6890
10714,2079.6862
10715,2079.6866
10716,2079.6881
10717,2079.6895
10718,2082.8016
10719,2079.6900
10720,2082.8036
10721,2082.8047
10722,2082.8067
10723,2082.8026
10724,2082.8052
10725,2082.8057
10726,2082.8081
10727,2082.8102
10728,2082.8093
10729,2082.8071
10730,2082.8123
10731,2082.8107
10732,2082.8139
10733,2082.8113
10734,2085.9143
10735,2082.8128
10736,2082.8145
10737,2085.9169
10738,2085.9152
10739,2085.9183
10740,2085.9158
10741,2085.9174
10742,2085.9203
10743,2085.9212
10744,2085.9188
10745,2085.9193
10746,2085.9238
10747,2085.9217
10748,2085.9259
10749,2085.9223
10750,2085.9243
10751,2085.9249
10752,2085.4327
10753,2088.6683
10754,2085.4335
10755,2085.4342
10756,2085.4348
10757,2088.6693
10758,2088.6699
10759,2088.6717
10760,2088.6739
10761,2088.6704
10762,2088.6749
10763,2088.6723
10764,2088.6755
10765,2088.6773
10766,2088.6760
10767,2088.6802
10768,2088.6791
10769,2088.6777
10770,2088.6822
10771,2092.0164
10772,2088.6807
10773,2088.6812
10774,2092.0189
10775,2092.0206
10776,2092.0217
10777,2092.0173
10778,2092.0194
10779,2092.0229
10780,2092.0246
10781,2092.0256
10782,2092.0265
10783,2092.0235
10784,2095.1898
10785,2095.1919
10786,2092.0270
10787,2092.0276
10788,2095.1907
10789,2095.1930
10790,2095.1954
10791,2095.1964
10792,2095.1942
10793,2095.1997
10794,2095.1977
10795,2095.1984
10796,2095.1971
10797,2095.2002
10798,2095.2024
10799,2095.2008
10800,2095.2014
10801,2095.2051
10802,2095.2029
10803,2095.2035
10804,2095.2040
10805,2095.2056
10806,2098.5630
10807,2095.2060
10808,2098.5651
10809,2098.5662
10810,2098.5679
10811,2098.5640
10812,2098.5668
10813,2098.5701
10814,2098.5686
10815,2098.5691
10816,2098.5717
10817,2098.5726
10818,2098.5736
10819,2098.5707
10820,2098.5761
10821,2098.5776
10822,2098.5741
10823,2098.5752
10824,2098.5767
10825,2101.6962
10826,2101.6971
10827,2101.6978
10828,2101.6982
10829,2101.6998
10830,2101.7024
10831,2101.6987
10832,2101.7014
10833,2101.7043
10834,2101.7033
10835,2101.7060
10836,2101.7028
10837,2101.7049
10838,2101.7075
10839,2101.7066
10840,2101.7100
10841,2101.7112
10842,2101.7081
10843,2101.7091
10844,2104.9455
10845,2101.7117
10846,2104.9477
10847,2104.9489
10848,2104.9505
10849,2104.9464
10850,2104.9495
10851,2104.9539
10852,2104.9512
10853,2104.9523
10854,2104.9529
10855,2104.9543
10856,2104.9555
10857,2104.9570
10858,2104.9580
10859,2104.9590
10860,2104.9559
10861,2108.4331
10862,2104.9612
10863,2108.4347
10864,2104.9601
10865,2108.4365
10866,2108.4386
10867,2108.4354
10868,2108.4376
10869,2108.4401
10870,2108.4427
10871,2108.4392
10872,2108.4418
10873,2108.4407
10874,2108.4432
10875,2108.4442
10876,2108.4437
10877,2108.4456
10878,2108.4477
10879,2108.4446
10880,2108.4467
10881,2111.5045
10882,2108.4482
10883,2111.5034
10884,2111.5025
10885,2111.5060
10886,2111.5076
10887,2111.5087
10888,2111.5051
10889,2111.5066
10890,2111.5092
10891,2111.5127
10892,2111.5107
10893,2111.5097
10894,2111.5116
10895,2111.5131
10896,2111.5137
10897,2111.5157
10898,2111.5142
10899,2114.5663
10900,2111.5147
10901,2111.5162
10902,2114.5682
10903,2114.5712
10904,2114.5693
10905,2114.5671
10906,2114.5702
10907,2117.7933
10908,2117.7947
10909,2117.7957
10910,2114.5716
10911,2117.7973
10912,2117.7982
10913,2117.7992
10914,2117.7963
10915,2117.8012
10916,2117.8026
10917,2117.7997
10918,2117.8002
10919,2117.8017
10920,2117.8031
10921,2117.8041
10922,2120.9177
10923,2120.9167
10924,2120.9152
10925,2117.8045
10926,2120.9198
10927,2120.9189
10928,2120.9182
10929,2120.9219
10930,2120.9235
10931,2120.9203
10932,2120.9209
10933,2120.9224
10934,2120.9251
10935,2124.2961
10936,2124.2942
10937,2120.9241
10938,2120.9257
10939,2124.2967
10940,2124.2973
10941,2124.2984
10942,2124.3005
10943,2124.3015
10944,2124.2995
10945,2124.3033
10946,2124.3020
10947,2124.3063
10948,2124.3053
10949,2124.3038
10950,2124.3043
10951,2124.3068
10952,2124.3091
10953,2124.3074
10954,2124.3106
10955,2124.3079
10956,2127.7088
10957,2124.3097
10958,2127.7125
10959,2127.7116
10960,2127.7098
10961,2127.7105
10962,2127.7136
10963,2127.7172
10964,2127.7152
10965,2127.7163
10966,2127.7141
10967,2127.7192
10968,2127.7207
10969,2127.7177
10970,2127.7182
10971,2127.7196
10972,2131.0975
10973,2127.7212
10974,2127.7216
10975,2127.7221
10976,2131.1000
10977,2131.0983
10978,2131.0989
10979,2131.1010
10980,2131.1025
10981,2131.1034
10982,2131.1043
10983,2131.1015
10984,2131.1058
10985,2131.1068
10986,2131.1077
10987,2131.1049
10988,2134.3254
10989,2134.3281
10990,2134.3270
10991,2131.1081
10992,2134.3302
10993,2134.3287
10994,2134.3292
10995,2134.3326
10996,2134.3307
10997,2134.3312
10998,2134.3317
10999,2134.3345
11000,2134.3331
11001,2137.6935
11002,2134.3336
11003,2137.6948
11004,2134.3350
11005,2137.6976
11006,2137.6967
11007,2137.6992
11008,2137.1825
11009,2137.1885
11010,2137.1852
11011,2137.1868
11012,2137.1875
11013,2137.1907
11014,2137.1890
11015,2137.1896
11016,2137.1937
11017,2137.1912
11018,2137.1916
11019,2137.1921
11020,2140.3157
11021,2137.1942
11022,2140.3171
11023,2140.3183
11024,2140.3210
11025,2140.3200
11026,2140.3188
11027,2140.3221
11028,2140.3238
11029,2140.3248
11030,2140.3259
11031,2140.3227
11032,2140.3282
11033,2140.3292
11034,2140.3265
11035,2140.3271
11036,2143.4261
11037,2140.3297
11038,2140.3302
11039,2143.4287
11040,2143.4269
11041,2143.4303
11042,2143.4276
11043,2143.4318
11044,2143.4294
11045,2143.4335
11046,2143.4309
11047,2143.4350
11048,2143.4324
11049,2143.4366
11050,2143.4341
11051,2143.4356
11052,2143.4389
11053,2143.4371
11054,2146.4700
11055,2143.4378
11056,2146.4712
11057,2146.4680
11058,2146.4721
11059,2146.4731
11060,2146.4740
11061,2146.4750
11062,2146.4764
11063,2146.4774
11064,2146.4783
11065,2146.4755
11066,2146.4797
11067,2146.4807
11068,2149.7667
11069,2146.4788
11070,2146.4812
11071,2149.7693
11072,2149.7676
11073,2149.7683
11074,2149.7711
11075,2149.7699
11076,2149.7721
11077,2149.7732
11078,2149.7741
11079,2149.7750
11080,2149.7774
11081,2149.7764
11082,2165.9753
11083,2149.7755
11084,2165.9775
11085,2149.7779
11086,2165.9789
11087,2165.9767
11088,2165.9801
11089,2165.9780
11090,2165.9794
11091,2165.9818
11092,2165.9806
11093,2165.9811
11094,2169.2787
11095,2169.2832
11096,2169.2804
11097,2169.2815
11098,2169.2863
11099,2169.2851
11100,2169.2838
11101,2169.2846
11102,2169.2869
11103,2169.2873
11104,2169.2908
11105,2169.2878
11106,2169.2884
11107,2169.2892
11108,2169.2923
11109,2169.2914
11110,2169.2940
11111,2169.2949
11112,2169.2929
11113,2169.2973
11114,2169.2956
11115,2172.4135
11116,2169.2964
11117,2172.4121
11118,2172.4167
11119,2172.4141
11120,2172.4147
11121,2172.4153
11122,2172.4173
11123,2172.4188
11124,2172.4178
11125,2172.4198
11126,2172.4209
11127,2172.4241
11128,2172.4228
11129,2172.4252
11130,2172.4216
11131,2175.5188
11132,2175.5203
11133,2172.4257
11134,2172.4263
11135,2175.5221
11136,2175.5231
11137,2175.5241
11138,2175.5210
11139,2175.5261
11140,2175.5246
11141,2175.5281
11142,2175.5252
11143,2175.5266
11144,2175.5271
11145,2175.5286
11146,2175.5306
11147,2175.5315
11148,2175.5290
11149,2175.5296
11150,2178.8083
11151,2178.8130
11152,2178.8110
11153,2178.8121
11154,2178.8092
11155,2178.8140
11156,2178.8135
11157,2178.8157
11158,2178.8184
11159,2178.8175
11160,2178.8145
11161,2178.8162
11162,2178.8189
11163,2178.8211
11164,2178.8193
11165,2178.8228
11166,2178.8199
11167,2178.8241
11168,2178.8217
11169,2182.1967
11170,2178.8232
11171,2182.1991
11172,2182.2002
11173,2182.1976
11174,2182.1981
11175,2182.2012
11176,2182.2021
11177,2182.2030
11178,2182.2040
11179,2182.2049
11180,2182.2060
11181,2182.2081
11182,2182.2071
11183,2182.2102
11184,2182.2086
11185,2185.3614
11186,2182.2093
11187,2185.3630
11188,2185.3600
11189,2185.3620
11190,2185.3645
11191,2185.3636
11192,2185.3661
11193,2185.3671
11194,2185.3651
11195,2185.3680
11196,2185.3689
11197,2185.3698
11198,2185.3707
11199,2185.3722
11200,2188.4524
11201,2185.3713
11202,2188.4535
11203,2188.4510
11204,2188.4541
11205,2188.4574
11206,2188.4564
11207,2188.4548
11208,2188.4553
11209,2188.4591
11210,2192.1537
11211,2192.1524
11212,2188.4579
11213,2188.4596
11214,2192.1544
11215,2192.1571
11216,2192.1549
11217,2192.1556
11218,2192.1561
11219,2192.1592
11220,2192.1602
11221,2192.1576
11222,2192.1582
11223,2192.1622
11224,2192.1631
11225,2192.1607
11226,2192.1613
11227,2192.1660
11228,2192.1636
11229,2192.1642
11230,2192.1648
11231,2195.2580
11232,2195.2588
11233,2195.2593
11234,2195.2616
11235,2195.2598
11236,2195.2626
11237,2195.2607
11238,2195.2642
11239,2195.2651
11240,2195.2631
11241,2195.2661
11242,2195.2682
11243,2195.2691
11244,2195.2672
11245,2195.2716
11246,2195.2701
11247,2195.2707
11248,2195.2696
11249,2198.6099
11250,2195.2722
11251,2195.2728
11252,2198.6114
11253,2198.6128
11254,2198.6138
11255,2198.6147
11256,2198.6168
11257,2198.6153
11258,2198.6159
11259,2198.6189
11260,2198.6174
11261,2198.6212
11262,2198.6180
11263,2198.6223
11264,2198.1331
11265,2198.1381
11266,2198.1393
11267,2198.1365
11268,2198.1371
11269,2201.2992
11270,2201.3003
11271,2201.3013
11272,2201.2978
11273,2201.3031
11274,2201.3046
11275,2201.3057
11276,2201.3020
11277,2201.3036
11278,2201.3077
11279,2201.3091
11280,2201.3061
11281,2201.3068
11282,2201.3082
11283,2201.3097
11284,2204.5878
11285,2204.5905
11286,2204.5915
11287,2204.5925
11288,2204.5889
11289,2204.5948
11290,2204.5958
11291,2204.5929
11292,2204.5935
11293,2204.5979
11294,2204.5963
11295,2204.5996
11296,2204.5969
11297,2204.5984
11298,2204.6005
11299,2207.9476
11300,2207.9450
11301,2207.9463
11302,2207.9486
11303,2207.9518
11304,2207.9527
11305,2207.9508
11306,2207.9493
11307,2207.9533
11308,2207.9540
11309,2207.9555
11310,2207.9580
11311,2207.9546
11312,2207.9571
11313,2207.9561
11314,2207.9587
11315,2207.9599
11316,2207.9593
11317,2207.9620
11318,2207.9605
11319,2207.9610
11320,2211.0790
11321,2207.9626
11322,2207.9631
11323,2211.0806
11324,2211.0816
11325,2211.0825
11326,2211.0835
11327,2211.0855
11328,2211.0870
11329,2211.0840
11330,2211.0846
11331,2211.0860
11332,2211.0875
11333,2211.0895
11334,2211.0880
11335,2211.0886
11336,2214.3298
11337,2214.3319
11338,2214.3329
11339,2211.0902
11340,2214.3309
11341,2214.3335
11342,2214.3356
11343,2214.3371
11344,2214.3341
11345,2214.3347
11346,2214.3362
11347,2214.3387
11348,2214.3377
11349,2217.4963
11350,2217.4978
11351,2214.3393
11352,2217.5008
11353,2217.4986
11354,2217.4992
11355,2217.4998
11356,2217.5013
11357,2217.5042
11358,2217.5018
11359,2217.5024
11360,2217.5031
11361,2217.5047
11362,2217.5086
11363,2217.5062
11364,2217.5071
11365,2217.5052
11366,2217.5107
11367,2220.6709
11368,2217.5092
11369,2217.5098
11370,2217.5114
11371,2220.6729
11372,2220.6718
11373,2220.6747
11374,2220.6758
11375,2220.6735
11376,2220.6788
11377,2220.6764
11378,2220.6771
11379,2220.6777
11380,2220.6809
11381,2220.6794
11382,2220.6818
11383,2220.6799
11384,2220.6847
11385,2220.6836
11386,2223.8035
11387,2220.6824
11388,2223.8022
11389,2223.8051
11390,2223.8061
11391,2223.8071
11392,2223.8042
11393,2223.8094
11394,2223.8077
11395,2223.8083
11396,2223.8103
11397,2223.8117
11398,2223.8127
11399,2223.8141
11400,2223.8108
11401,2223.8132
11402,2227.1779
11403,2223.8145
11404,2227.1805
11405,2223.8150
11406,2227.1788
11407,2227.1794
11408,2227.1826
11409,2227.1840
11410,2227.1810
11411,2227.1815
11412,2227.1831
11413,2227.1845
11414,2227.1850
11415,2227.1865
11416,2227.1886
11417,2227.1876
11418,2227.1855
11419,2227.1905
11420,2230.1853
11421,2227.1890
11422,2227.1895
11423,2230.1838
11424,2230.1874
11425,2230.1884
11426,2230.1859
11427,2230.1864
11428,2230.1908
11429,2230.1889
11430,2230.1894
11431,2230.1899
11432,2230.1933
11433,2230.1913
11434,2230.1923
11435,2230.1942
11436,2233.3077
11437,2233.3092
11438,2233.3102
11439,2230.1955
11440,2233.3118
11441,2233.3135
11442,2233.3108
11443,2233.3145
11444,2233.3124
11445,2233.3159
11446,2233.3150
11447,2233.3183
11448,2233.3173
11449,2233.3192
11450,2233.3164
11451,2233.3222
11452,2233.3213
11453,2233.3198
11454,2233.3203
11455,2233.3231
11456,2233.3227
11457,2236.3563
11458,2236.3552
11459,2236.3573
11460,2236.3538
11461,2236.3578
11462,2236.3592
11463,2236.3607
11464,2236.3583
11465,2236.3598
11466,2236.3628
11467,2236.3612
11468,2236.3618
11469,2239.6553
11470,2239.6573
11471,2236.3633
11472,2236.3639
11473,2239.6562
11474,2239.6578
11475,2239.6597
11476,2239.6582
11477,2239.6616
11478,2239.6587
11479,2239.6602
11480,2239.6607
11481,2239.6621
11482,2239.6627
11483,2239.6637
11484,2239.6631
11485,2239.6642
11486,2239.6658
11487,2239.6646
11488,2239.6668
11489,2239.6677
11490,2242.8948
11491,2242.8960
11492,2239.6682
11493,2242.8982
11494,2242.8992
11495,2242.8967
11496,2242.8973
11497,2242.9006
11498,2242.9027
11499,2242.9018
11500,2242.8997
11501,2242.9050
11502,2242.9032
11503,2242.9038
11504,2242.9065
11505,2242.9079
11506,2242.9054
11507,2242.9088
11508,2242.9069
11509,2245.8255
11510,2245.8265
11511,2245.8274
11512,2245.8240
11513,2245.8289
11514,2245.8299
11515,2245.8311
11516,2245.8280
11517,2245.8329
11518,2245.8345
11519,2245.8355
11520,2245.3415
11521,2245.3432
11522,2248.5547
11523,2248.5590
11524,2248.5570
11525,2248.5580
11526,2248.5557
11527,2248.5607
11528,2248.5618
11529,2248.5596
11530,2248.5628
11531,2248.5650
11532,2248.5661
11533,2248.5633
11534,2248.5639
11535,2248.5675
11536,2251.8000
11537,2251.8016
11538,2248.5665
11539,2248.5680
11540,2251.8044
11541,2251.8033
11542,2251.8054
11543,2251.8023
11544,2251.8059
11545,2251.8064
11546,2251.8084
11547,2251.8069
11548,2251.8074
11549,2251.8105
11550,2251.8089
11551,2251.8094
11552,2251.8122
11553,2251.8137
11554,2251.8146
11555,2251.8110
11556,2251.8127
11557,2251.8151
11558,2251.8156
11559,2251.8162
11560,2251.8167
11561,2254.8286
11562,2254.8304
11563,2254.8314
11564,2254.8272
11565,2254.8293
11566,2254.8338
11567,2254.8320
11568,2254.8326
11569,2254.8355
11570,2254.8382
11571,2254.8345
11572,2254.8372
11573,2254.8360
11574,2254.8387
11575,2258.1863
11576,2254.8400
11577,2258.1839
11578,2258.1853
11579,2258.1868
11580,2258.1874
11581,2258.1912
11582,2258.1893
11583,2258.1880
11584,2258.1902
11585,2258.1932
11586,2258.1922
11587,2258.1954
11588,2258.1917
11589,2258.1937
11590,2258.1944
11591,2258.1959
11592,2258.1965
11593,2258.1971
11594,2258.1977
11595,2258.1981
11596,2258.1995
11597,2261.4687
11598,2258.1986
11599,2261.4700
11600,2258.2001
11601,2261.4710
11602,2261.4733
11603,2261.4759
11604,2261.4722
11605,2261.4748
11606,2261.4738
11607,2261.4764
11608,2261.4784
11609,2261.4769
11610,2261.4775
11611,2264.6090
11612,2264.6068
11613,2264.6077
11614,2264.6110
11615,2264.6097
11616,2264.6121
11617,2264.6132
11618,2264.6147
11619,2264.6157
11620,2264.6137
11621,2264.6177
11622,2264.6161
11623,2264.6191
11624,2264.6167
11625,2264.6217
11626,2264.6182
11627,2264.6197
11628,2264.6207
11629,2264.6223
11630,2268.1436
11631,2268.1471
11632,2268.1450
11633,2268.1460
11634,2268.1480
11635,2268.1517
11636,2268.1497
11637,2268.1508
11638,2268.1487
11639,2268.1530
11640,2268.1523
11641,2268.1539
11642,2268.1567
11643,2268.1577
11644,2268.1556
11645,2268.1545
11646,2268.1583
11647,2268.1610
11648,2268.1589
11649,2268.1595
11650,2271.4774
11651,2271.4804
11652,2271.4794
11653,2268.1616
11654,2271.4782
11655,2271.4818
11656,2271.4828
11657,2271.4809
11658,2271.4837
11659,2271.4856
11660,2271.4871
11661,2271.4842
11662,2271.4847
11663,2271.4861
11664,2271.4875
11665,2271.4895
11666,2271.4881
11667,2274.8051
11668,2271.4885
11669,2274.8064
11670,2271.4901
11671,2274.8085
11672,2274.8075
11673,2274.8107
11674,2274.8096
11675,2274.8139
11676,2274.8128
11677,2274.8112
11678,2274.8117
11679,2274.8144
11680,2274.8148
11681,2274.8153
11682,2274.8169
11683,2274.8194
11684,2274.8158
11685,2274.8185
11686,2274.8175
11687,2274.8198
11688,2274.8203
11689,2274.8208
11690,2274.8212
11691,2278.2606
11692,2278.2629
11693,2274.8217
11694,2278.2619
11695,2278.2639
11696,2278.2645
11697,2278.2650
11698,2278.2669
11699,2278.2655
11700,2278.2685
11701,2278.2694
11702,2278.2674
11703,2278.2720
11704,2278.2699
11705,2278.2705
11706,2278.2710
11707,2278.2743
11708,2278.2725
11709,2278.2730
11710,2278.2734
11711,2278.2748
11712,2281.7160
11713,2278.2753
11714,2278.2759
11715,2281.7172
11716,2281.7182
11717,2281.7191
11718,2281.7201
11719,2281.7220
11720,2281.7230
11721,2281.7206
11722,2281.7211
11723,2281.7249
11724,2281.7235
11725,2281.7263
11726,2281.7240
11727,2281.7279
11728,2281.7254
11729,2281.7269
11730,2284.7167
11731,2281.7284
11732,2281.7289
11733,2284.7137
11734,2284.7203
11735,2284.7183
11736,2284.7229
11737,2284.7193
11738,2284.7213
11739,2284.7261
11740,2287.9046
11741,2284.7237
11742,2284.7251
11743,2287.9034
11744,2287.9050
11745,2287.9054
11746,2287.9057
11747,2287.9061
11748,2287.9077
11749,2287.9065
11750,2287.9069
11751,2287.9093
11752,2287.9104
11753,2287.9081
11754,2287.9085
11755,2287.9096
11756,2287.9116
11757,2287.9128
11758,2287.9137
11759,2287.9108
11760,2287.9120
11761,2291.2950
11762,2287.9140
11763,2287.9145
11764,2287.9149
11765,2291.2967
11766,2291.2995
11767,2291.2983
11768,2291.2957
11769,2291.2972
11770,2291.3000
11771,2291.3037
11772,2291.3018
11773,2291.3004
11774,2291.3028
11775,2291.3044
11776,2290.8092
11777,2294.0002
11778,2290.8115
11779,2290.8101
11780,2293.9989
11781,2294.0019
11782,2294.0047
11783,2294.0036
11784,2294.0007
11785,2294.0024
11786,2294.0053
11787,2294.0058
11788,2294.0064
11789,2294.0087
11790,2294.0070
11791,2294.0077
11792,2294.0170
11793,2294.0149
11794,2294.0154
11795,2294.0158
11796,2294.0179
11797,2297.0395
11798,2297.0407
11799,2297.0422
11800,2294.0184
11801,2297.0427
11802,2297.0432
11803,2297.0449
11804,2297.0437
11805,2297.0473
11806,2297.0463
11807,2297.0453
11808,2297.0489
11809,2297.0498
11810,2297.0479
11811,2297.0507
11812,2297.0527
11813,2297.0512
11814,2297.0518
11815,2297.0542
11816,2300.1586
11817,2297.0532
11818,2300.1599
11819,2300.1613
11820,2300.1629
11821,2300.1639
11822,2300.1604
11823,2300.1619
11824,2300.1643
11825,2300.1673
11826,2300.1650
11827,2300.1655
11828,2300.1661
11829,2300.1690
11830,2300.1679
11831,2300.1714
11832,2300.1705
11833,2300.1729
11834,2300.1696
11835,2303.5897
11836,2300.1720
11837,2303.5917
11838,2300.1734
11839,2303.5933
11840,2303.5904
11841,2303.5953
11842,2303.5922
11843,2303.5939
11844,2303.5943
11845,2303.5958
11846,2303.5986
11847,2303.5965
11848,2303.5970
11849,2303.5976
11850,2303.6010
11851,2303.6026
11852,2303.5993
11853,2303.5999
11854,2303.6015
11855,2306.9485
11856,2306.9502
11857,2303.6031
11858,2303.6036
11859,2306.9492
11860,2306.9525
11861,2306.9508
11862,2306.9541
11863,2306.9514
11864,2306.9551
11865,2306.9531
11866,2306.9561
11867,2306.9572
11868,2310.3717
11869,2310.3728
11870,2310.3750
11871,2306.9577
11872,2310.3735
11873,2310.3740
11874,2310.3755
11875,2310.3761
11876,2310.3775
11877,2310.3785
11878,2310.3794
11879,2310.3766
11880,2310.3815
11881,2310.3799
11882,2310.3830
11883,2310.3804
11884,2313.7380
11885,2310.3820
11886,2313.7395
11887,2310.3835
11888,2313.7411
11889,2313.7420
11890,2313.7401
11891,2313.7444
11892,2313.7426
11893,2313.7435
11894,2313.7461
11895,2313.7482
11896,2313.7450
11897,2313.7473
11898,2313.7605
11899,2313.7591
11900,2313.7627
11901,2313.7616
11902,2317.1706
11903,2317.1716
11904,2317.1743
11905,2317.1734
11906,2317.1721
11907,2317.1763
11908,2317.1749
11909,2317.1754
11910,2317.1838
11911,2317.1849
11912,2317.1768
11913,2317.1773
11914,2317.1870
11915,2317.1854
11916,2317.2024
11917,2317.1858
11918,2317.2047
11919,2317.2059
11920,2320.3366
11921,2320.3376
11922,2320.3346
11923,2320.3354
11924,2320.3403
11925,2320.3381
11926,2320.3388
11927,2320.3393
11928,2320.3425
11929,2320.3409
11930,2320.3441
11931,2320.3414
11932,2320.3462
11933,2320.3431
11934,2320.3446
11935,2320.3450
11936,2320.3466
11937,2323.5686
11938,2320.3480
11939,2320.3471
11940,2323.5675
11941,2323.5701
11942,2323.5727
11943,2323.5691
11944,2323.5717
11945,2323.5706
11946,2323.5733
11947,2323.5752
11948,2323.5738
11949,2323.5743
11950,2323.5767
11951,2323.5790
11952,2323.5757
11953,2323.5779
11954,2323.5808
11955,2323.5794
11956,2326.8812
11957,2323.5799
11958,2323.5813
11959,2326.8829
11960,2326.8838
11961,2326.8819
11962,2326.8848
11963,2326.8869
11964,2326.8853
11965,2326.8889
11966,2326.8858
11967,2326.8874
11968,2326.8879
11969,2326.8894
11970,2326.8928
11971,2326.8909
11972,2326.8899
11973,2326.8919
11974,2330.2449
11975,2326.8933
11976,2326.8938
11977,2330.2464
11978,2330.2454
11979,2330.2485
11980,2330.2475
11981,2330.2495
11982,2330.2504
11983,2330.2534
11984,2330.2525
11985,2330.2510
11986,2330.2516
11987,2330.2539
11988,2330.2554
11989,2333.5687
11990,2330.2544
11991,2333.5698
11992,2333.5719
11993,2333.5703
11994,2333.5736
11995,2333.5710
11996,2333.5752
11997,2333.5725
11998,2333.5742
11999,2333.5761
12000,2339.7925
12001,2339.7945
12002,2339.7961
12003,2339.7971
12004,2339.7935
12005,2339.7951
12006,2339.7975
12007,2339.7980
12008,2339.7989
12009,2339.7999
12010,2339.8009
12011,2339.8018
12012,2339.8038
12013,2339.8023
12014,2339.8028
12015,2339.8057
12016,2339.8042
12017,2343.1292
12018,2339.8048
12019,2343.1314
12020,2339.8063
12021,2343.1335
12022,2343.1301
12023,2343.1320
12024,2343.1325
12025,2343.1350
12026,2343.1360
12027,2343.1370
12028,2343.1340
12029,2343.1390
12030,2343.1374
12031,2343.1380
12032,2342.6536
12033,2342.6515
12034,2342.6523
12035,2345.7904
12036,2342.6540
12037,2342.6548
12038,2345.7928
12039,2345.7938
12040,2345.7911
12041,2345.7916
12042,2345.7954
12043,2345.7984
12044,2345.7944
12045,2345.7969
12046,2345.7959
12047,2345.7989
12048,2345.8009
12049,2345.8025
12050,2345.7994
12051,2345.7999
12052,2345.8013
12053,2345.8029
12054,2349.0864
12055,2349.0853
12056,2345.8034
12057,2345.8041
12058,2349.0883
12059,2349.0869
12060,2349.0874
12061,2349.0907
12062,2349.0889
12063,2349.0896
12064,2349.0918
12065,2349.0932
12066,2349.0942
12067,2349.0951
12068,2349.0923
12069,2349.0978
12070,2349.0957
12071,2349.0963
12072,2349.0969
12073,2349.0983
12074,2349.0988
12075,2349.0994
12076,2349.1000
12077,2352.1505
12078,2352.1488
12079,2352.1495
12080,2352.1533
12081,2352.1512
12082,2352.1518
12083,2352.1522
12084,2352.1538
12085,2352.1543
12086,2352.1566
12087,2352.1576
12088,2352.1548
12089,2352.1554
12090,2352.1586
12091,2352.1619
12092,2352.1600
12093,2352.1609
12094,2355.3289
12095,2352.1623
12096,2355.3312
12097,2355.3324
12098,2355.3296
12099,2355.3301
12100,2355.3345
12101,2355.3330
12102,2355.3336
12103,2355.3367
12104,2355.3351
12105,2355.3357
12106,2355.3383
12107,2355.3410
12108,2355.3399
12109,2355.3372
12110,2355.3389
12111,2358.7570
12112,2355.3427
12113,2355.3415
12114,2358.7559
12115,2358.7585
12116,2358.7576
12117,2358.7608
12118,2358.7598
12119,2358.7633
12120,2358.7624
12121,2358.7613
12122,2358.7655
12123,2362.2375
12124,2358.7640
12125,2358.7646
12126,2358.7660
12127,2362.2400
12128,2362.2417
12129,2362.2383
12130,2362.2390
12131,2362.2406
12132,2362.2422
12133,2362.2448
12134,2362.2427
12135,2362.2432
12136,2362.2437
12137,2362.2454
12138,2362.2459
12139,2362.2463
12140,2362.2478
12141,2362.2493
12142,2362.2502
12143,2362.2468
12144,2362.2483
12145,2362.2508
12146,2365.3531
12147,2362.2519
12148,2362.2513
12149,2362.2525
12150,2365.3538
12151,2365.3581
12152,2365.3550
12153,2365.3560
12154,2365.3569
12155,2365.3587
12156,2365.3592
12157,2365.3597
12158,2365.3618
12159,2365.3603
12160,2365.3609
12161,2365.3639
12162,2365.3623
12163,2365.3653
12164,2365.3628
12165,2365.3667
12166,2365.3643
12167,2368.8261
12168,2365.3657
12169,2368.8272
12170,2368.8281
12171,2368.8312
12172,2368.8302
12173,2368.8287
12174,2368.8292
12175,2368.8321
12176,2368.8317
12177,2368.8326
12178,2368.8331
12179,2368.8366
12180,2368.8345
12181,2368.8335
12182,2368.8354
12183,2368.8371
12184,2368.8376
12185,2368.8380
12186,2368.8394
12187,2368.8419
12188,2368.8385
12189,2368.8409
12190,2368.8399
12191,2371.8437
12192,2371.8399
12193,2371.8427
12194,2371.8458
12195,2371.8507
12196,2371.8498
12197,2371.8486
12198,2371.8472
12199,2371.8527
12200,2371.8513
12201,2371.8536
12202,2371.8518
12203,2371.8562
12204,2371.8552
12205,2374.9744
12206,2371.8542
12207,2374.9766
12208,2371.8568
12209,2374.9751
12210,2374.9757
12211,2374.9783
12212,2374.9808
12213,2374.9799
12214,2374.9771
12215,2374.9830
12216,2374.9813
12217,2374.9819
12218,2374.9852
12219,2374.9835
12220,2374.9840
12221,2374.9865
12222,2378.1568
12223,2374.9856
12224,2378.1555
12225,2378.1590
12226,2378.1574
12227,2378.1579
12228,2378.1616
12229,2378.1595
12230,2378.1600
12231,2378.1605
12232,2378.1626
12233,2378.1635
12234,2378.1646
12235,2378.1656
12236,2378.1670
12237,2378.1661
12238,2378.1685
12239,2378.1695
12240,2378.1676
12241,2381.3193
12242,2381.3203
12243,2381.3213
12244,2378.1700
12245,2381.3233
12246,2381.3248
12247,2381.3218
12248,2381.3223
12249,2381.3238
12250,2381.3258
12251,2381.3290
12252,2381.3270
12253,2381.3280
12254,2384.5519
12255,2381.3300
12256,2384.5542
12257,2381.3295
12258,2384.5525
12259,2384.5530
12260,2384.5551
12261,2384.5585
12262,2384.5564
12263,2384.5574
12264,2384.5594
12265,2384.5604
12266,2384.5613
12267,2384.5622
12268,2388.0511
12269,2388.0530
12270,2384.5627
12271,2388.0541
12272,2388.0519
12273,2388.0564
12274,2388.0546
12275,2388.0552
12276,2388.0592
12277,2388.0569
12278,2388.0608
12279,2388.0580
12280,2388.0624
12281,2388.0598
12282,2388.0643
12283,2388.0613
12284,2388.0628
12285,2388.0633
12286,2388.0648
12287,2388.0653
12288,2387.5809
12289,2387.5816
12290,2390.8527
12291,2387.5823
12292,2390.8517
12293,2387.5830
12294,2390.8550
12295,2390.8533
12296,2390.8571
12297,2390.8538
12298,2390.8555
12299,2390.8560
12300,2390.8576
12301,2390.8605
12302,2390.8581
12303,2390.8587
12304,2390.8594
12305,2390.8610
12306,2390.8627
12307,2394.0260
12308,2394.0246
12309,2390.8614
12310,2394.0284
12311,2394.0268
12312,2394.0302
12313,2394.0274
12314,2394.0291
12315,2394.0325
12316,2394.0336
12317,2394.0308
12318,2394.0315
12319,2394.0360
12320,2394.0342
12321,2394.0347
12322,2394.0378
12323,2394.0407
12324,2394.0365
12325,2394.0396
12326,2394.0383
12327,2397.1702
12328,2397.1747
12329,2397.1720
12330,2397.1759
12331,2397.1733
12332,2397.1780
12333,2397.1765
12334,2397.1771
12335,2397.1795
12336,2397.1785
12337,2397.1812
12338,2397.1822
12339,2397.1799
12340,2397.1838
12341,2397.1828
12342,2400.4086
12343,2400.4097
12344,2397.1843
12345,2397.1849
12346,2400.4119
12347,2400.4104
12348,2400.4129
12349,2400.4110
12350,2400.4154
12351,2400.4165
12352,2400.4135
12353,2400.4142
12354,2400.4193
12355,2400.4170
12356,2400.4177
12357,2400.4183
12358,2400.4200
12359,2400.4206
12360,2400.4228
12361,2400.4210
12362,2400.4218
12363,2403.4713
12364,2403.4726
12365,2400.4234
12366,2403.4737
12367,2403.4761
12368,2403.4743
12369,2403.4776
12370,2403.4749
12371,2403.4792
12372,2403.4767
12373,2403.4808
12374,2403.4782
12375,2403.4824
12376,2403.4797
12377,2403.4813
12378,2403.4844
12379,2403.4829
12380,2403.4835
12381,2406.6392
12382,2406.6404
12383,2406.6424
12384,2406.6380
12385,2406.6452
12386,2406.6464
12387,2406.6430
12388,2406.6475
12389,2410.1055
12390,2406.6480
12391,2410.1078
12392,2406.6490
12393,2410.1063
12394,2410.1069
12395,2410.1094
12396,2410.1120
12397,2410.1111
12398,2410.1084
12399,2410.1100
12400,2410.1127
12401,2410.1133
12402,2410.1138
12403,2410.1161
12404,2410.1143
12405,2410.1149
12406,2410.1181
12407,2410.1166
12408,2410.1172
12409,2410.1213
12410,2410.1187
12411,2410.1192
12412,2410.1197
12413,2410.1218
12414,2413.4201
12415,2410.1223
12416,2410.1229
12417,2413.4218
12418,2413.4207
12419,2413.4245
12420,2413.4235
12421,2413.4260
12422,2413.4225
12423,2413.4280
12424,2413.4251
12425,2413.4266
12426,2413.4270
12427,2413.4295
12428,2413.4305
12429,2413.4314
12430,2413.4284
12431,2416.6629
12432,2416.6644
12433,2416.6654
12434,2416.6663
12435,2416.6634
12436,2416.6668
12437,2416.6703
12438,2416.6688
12439,2416.6673
12440,2416.6678
12441,2416.6729
12442,2416.6708
12443,2416.6712
12444,2416.6717
12445,2416.6738
12446,2416.6764
12447,2416.6774
12448,2416.6754
12449,2416.6743
12450,2419.7189
12451,2419.7175
12452,2419.7206
12453,2419.7216
12454,2419.7196
12455,2419.7242
12456,2419.7222
12457,2419.7227
12458,2419.7232
12459,2419.7251
12460,2419.7261
12461,2419.7271
12462,2419.7280
12463,2419.7299
12464,2419.7285
12465,2419.7290
12466,2423.0006
12467,2423.0034
12468,2423.0045
12469,2423.0022
12470,2423.0071
12471,2423.0051
12472,2423.0056
12473,2423.0061
12474,2423.0076
12475,2423.0095
12476,2423.0081
12477,2423.0114
12478,2423.0086
12479,2423.0100
12480,2423.0105
12481,2423.0119
12482,2423.0124
12483,2423.0135
12484,2423.0149
12485,2423.0158
12486,2426.2752
12487,2423.0140
12488,2423.0164
12489,2423.0169
12490,2426.2762
12491,2426.2768
12492,2426.2788
12493,2426.2773
12494,2426.2803
12495,2426.2778
12496,2426.2793
12497,2426.2817
12498,2426.2831
12499,2426.2840
12500,2426.2808
12501,2426.2859
12502,2426.2845
12503,2426.2873
12504,2426.2850
12505,2429.2720
12506,2426.2864
12507,2426.2878
12508,2429.2739
12509,2429.2748
12510,2429.2761
12511,2429.2728
12512,2429.2776
12513,2429.2766
12514,2429.2791
12515,2429.2801
12516,2432.4693
12517,2429.2781
12518,2432.4718
12519,2432.4728
12520,2432.4702
12521,2432.4708
12522,2432.4733
12523,2432.4742
12524,2432.4757
12525,2432.4769
12526,2432.4778
12527,2432.4747
12528,2432.4783
12529,2432.4788
12530,2432.4808
12531,2432.4823
12532,2432.4793
12533,2432.4798
12534,2432.4812
12535,2435.7950
12536,2435.7970
12537,2435.7980
12538,2432.4827
12539,2435.7959
12540,2435.7994
12541,2435.8004
12542,2435.7985
12543,2435.8014
12544,2435.3109
12545,2435.3127
12546,2435.3136
12547,2435.3095
12548,2435.3116
12549,2435.3159
12550,2435.3144
12551,2438.6959
12552,2435.3149
12553,2435.3164
12554,2438.6986
12555,2438.7001
12556,2438.6967
12557,2438.6973
12558,2438.6991
12559,2438.7020
12560,2438.7030
12561,2438.7005
12562,2438.7010
12563,2438.7051
12564,2438.7035
12565,2438.7071
12566,2438.7041
12567,2438.7055
12568,2438.7060
12569,2438.7076
12570,2441.9442
12571,2438.7089
12572,2438.7085
12573,2441.9465
12574,2441.9483
12575,2441.9493
12576,2441.9452
12577,2441.9471
12578,2441.9520
12579,2441.9499
12580,2441.9504
12581,2441.9509
12582,2441.9534
12583,2441.9525
12584,2441.9549
12585,2441.9559
12586,2441.9578
12587,2441.9540
12588,2445.3377
12589,2441.9564
12590,2445.3390
12591,2445.3401
12592,2445.3420
12593,2445.3410
12594,2445.3430
12595,2445.3439
12596,2445.3446
12597,2445.3452
12598,2445.3480
12599,2445.3458
12600,2445.3464
12601,2445.3470
12602,2445.3485
12603,2445.3490
12604,2445.3515
12605,2445.3495
12606,2445.3535
12607,2445.3548
12608,2445.3521
12609,2445.3526
12610,2445.3552
12611,2445.3557
12612,2448.9090
12613,2445.3563
12614,2448.9111
12615,2448.9124
12616,2448.9146
12617,2448.9100
12618,2448.9131
12619,2448.9136
12620,2448.9152
12621,2448.9189
12622,2448.9170
12623,2448.9157
12624,2448.9180
12625,2448.9210
12626,2448.9194
12627,2448.9200
12628,2448.9230
12629,2451.9678
12630,2451.9691
12631,2448.9215
12632,2451.9713
12633,2451.9697
12634,2451.9703
12635,2451.9730
12636,2451.9741
12637,2451.9720
12638,2451.9751
12639,2451.9766
12640,2451.9775
12641,2451.9756
12642,2451.9784
12643,2455.1631
12644,2451.9789
12645,2451.9795
12646,2455.1658
12647,2455.1641
12648,2455.1648
12649,2455.1686
12650,2455.1664
12651,2455.1674
12652,2455.1704
12653,2455.1717
12654,2455.1727
12655,2455.1692
12656,2455.1743
12657,2458.5142
12658,2455.1733
12659,2458.5155
12660,2455.1750
12661,2458.5179
12662,2458.5188
12663,2458.5163
12664,2458.5169
12665,2458.5202
12666,2458.5229
12667,2458.5238
12668,2458.5219
12669,2458.5207
12670,2458.5244
12671,2458.5266
12672,2458.5276
12673,2458.5250
12674,2458.5257
12675,2461.8709
12676,2458.5282
12677,2458.5287
12678,2461.8735
12679,2461.8718
12680,2461.8725
12681,2461.8754
12682,2461.8740
12683,2461.8772
12684,2461.8745
12685,2461.8760
12686,2461.8787
12687,2461.8817
12688,2461.8777
12689,2461.8808
12690,2461.8792
12691,2461.8842
12692,2461.8832
12693,2461.8823
12694,2465.0497
12695,2465.0531
12696,2465.0512
12697,2465.0522
12698,2465.0551
12699,2465.0566
12700,2465.0537
12701,2465.0542
12702,2465.0556
12703,2465.0586
12704,2465.0571
12705,2465.0602
12706,2465.0576
12707,2465.0590
12708,2465.0623
12709,2465.0607
12710,2465.0612
12711,2468.1016
12712,2468.1042
12713,2468.1032
12714,2465.0628
12715,2468.1058
12716,2468.1072
12717,2468.1048
12718,2468.1083
12719,2468.1063
12720,2468.1108
12721,2468.1094
12722,2468.1122
12723,2468.1099
12724,2468.1113
12725,2468.1136
12726,2468.1127
12727,2471.2876
12728,2471.2866
12729,2468.1142
12730,2471.2893
12731,2471.2881
12732,2471.2902
12733,2471.2885
12734,2471.2918
12735,2471.2926
12736,2471.2906
12737,2471.2910
12738,2471.2930
12739,2471.2934
12740,2471.2938
12741,2471.2941
12742,2471.2956
12743,2471.2968
12744,2471.2945
12745,2471.2949
12746,2471.2960
12747,2471.2971
12748,2471.2989
12749,2474.4709
12750,2471.2975
12751,2471.2979
12752,2474.4695
12753,2474.4714
12754,2474.4720
12755,2474.4730
12756,2474.4725
12757,2474.4735
12758,2474.4755
12759,2474.4745
12760,2474.4740
12761,2474.4775
12762,2474.4760
12763,2474.4790
12764,2474.4766
12765,2474.4781
12766,2474.4805
12767,2474.4831
12768,2474.4795
12769,2474.4821
12770,2474.4810
12771,2474.4836
12772,2474.4841
12773,2477.7416
12774,2477.7442
12775,2474.4845
12776,2477.7432
12777,2477.7457
12778,2477.7482
12779,2477.7447
12780,2477.7472
12781,2477.7463
12782,2477.7498
12783,2481.2708
12784,2477.7488
12785,2481.2691
12786,2481.2724
12787,2481.2751
12788,2481.2714
12789,2481.2742
12790,2481.2729
12791,2481.2757
12792,2481.2767
12793,2481.2777
12794,2481.2786
12795,2481.2796
12796,2481.2817
12797,2481.2800
12798,2481.2839
12799,2481.2806
12800,2480.8054
12801,2480.8062
12802,2480.8077
12803,2480.8083
12804,2480.8092
12805,2480.8097
12806,2484.1125
12807,2480.8109
12808,2480.8103
12809,2480.8115
12810,2484.1135
12811,2484.1163
12812,2484.1141
12813,2484.1147
12814,2484.1152
12815,2484.1185
12816,2484.1195
12817,2484.1169
12818,2484.1174
12819,2484.1204
12820,2484.1219
12821,2484.1230
12822,2484.1242
12823,2484.1209
12824,2484.1246
12825,2484.1269
12826,2484.1251
12827,2487.5694
12828,2484.1257
12829,2487.5729
12830,2487.5708
12831,2487.5740
12832,2487.5719
12833,2487.5745
12834,2487.5750
12835,2487.5754
12836,2487.5770
12837,2487.5760
12838,2487.5786
12839,2487.5795
12840,2487.5811
12841,2487.5777
12842,2487.5833
12843,2487.5801
12844,2487.5817
12845,2487.5823
12846,2490.8946
12847,2490.8986
12848,2490.8970
12849,2487.5837
12850,2490.8956
12851,2490.8992
12852,2490.9014
12853,2490.8998
12854,2490.9005
12855,2490.9024
12856,2490.9034
12857,2490.9056
12858,2490.9046
12859,2490.9065
12860,2490.9075
12861,2490.9084
12862,2490.9093
12863,2494.1366
12864,2490.9098
12865,2490.9104
12866,2490.9110
12867,2494.1374
12868,2494.1397
12869,2494.1380
12870,2494.1385
12871,2494.1414
12872,2494.1434
12873,2494.1404
12874,2494.1425
12875,2494.1455
12876,2494.1440
12877,2494.1446
12878,2494.1469
12879,2494.1496
12880,2494.1460
12881,2494.1487
12882,2494.1475
12883,2497.4107
12884,2497.4082
12885,2497.4095
12886,2494.1502
12887,2497.4112
12888,2497.4119
12889,2497.4147
12890,2497.4137
12891,2497.4156
12892,2497.4125
12893,2497.4171
12894,2497.4192
12895,2497.4162
12896,2497.4182
12897,2497.4213
12898,2497.4197
12899,2500.4910
12900,2497.4202
12901,2500.4919
12902,2500.4886
12903,2500.4958
12904,2500.4942
12905,2500.4991
12906,2500.4931
12907,2500.4972
12908,2500.4965
12909,2504.0180
12910,2500.4998
12911,2500.5004
12912,2500.5008
12913,2504.0217
12914,2504.0195
12915,2504.0237
12916,2504.0203
12917,2504.0253
12918,2504.0225
12919,2504.0291
12920,2504.0282
12921,2504.0322
12922,2504.0259
12923,2504.0307
12924,2504.0344
12925,2507.3422
12926,2507.3434
12927,2504.0327
12928,2507.3451
12929,2507.3462
12930,2507.3441
12931,2507.3472
12932,2507.3493
12933,2507.3477
12934,2507.3483
12935,2507.3507
12936,2507.3498
12937,2507.3517
12938,2507.3526
12939,2507.3547
12940,2507.3537
12941,2507.3561
12942,2507.3574
12943,2507.3552
12944,2510.3964
12945,2510.3986
12946,2510.3945
12947,2510.3953
12948,2510.3970
12949,2510.3992
12950,2510.4013
12951,2510.4023
12952,2510.3997
12953,2510.4002
12954,2510.4042
12955,2510.4028
12956,2510.4061
12957,2510.4033
12958,2510.4047
12959,2510.4052
12960,2510.4066
12961,2510.4071
12962,2510.4075
12963,2510.4080
12964,2510.4085
12965,2510.4089
12966,2510.4094
12967,2513.6074
12968,2510.4099
12969,2513.6097
12970,2513.6107
12971,2513.6082
12972,2513.6087
12973,2513.6112
12974,2513.6130
12975,2513.6157
12976,2513.6117
12977,2513.6147
12978,2513.6136
12979,2513.6177
12980,2513.6192
12981,2513.6163
12982,2513.6168
12983,2513.6182
12984,2513.6211
12985,2513.6197
12986,2513.6202
12987,2516.7415
12988,2516.7434
12989,2516.7383
12990,2516.7398
12991,2516.7469
12992,2516.7453
12993,2516.7458
12994,2516.7490
12995,2516.7500
12996,2516.7475
12997,2516.7480
12998,2516.7515
12999,2516.7539
13000,2516.7505
13001,2516.7530
13002,2516.7521
13003,2516.7544
13004,2520.2338
13005,2516.7549
13006,2516.7554
13007,2520.2349
13008,2520.2454
13009,2520.2471
13010,2520.2486
13011,2520.2438
13012,2520.2493
13013,2520.2530
13014,2520.2501
13015,2520.2509
13016,2520.2517
13017,2520.2538
13018,2520.2546
13019,2520.2577
13020,2520.2553
13021,2520.2591
13022,2520.2560
13023,2520.2954
13024,2520.2942
13025,2520.2599
13026,2520.2924
13027,2523.5462
13028,2523.5439
13029,2523.5452
13030,2520.2959
13031,2523.5480
13032,2523.5496
13033,2523.5510
13034,2523.5469
13035,2523.5486
13036,2523.5515
13037,2523.5530
13038,2527.1646
13039,2523.5520
13040,2527.1634
13041,2527.1668
13042,2527.1683
13043,2527.1658
13044,2527.1652
13045,2527.1673
13046,2527.1688
13047,2527.1698
13048,2527.1693
13049,2527.1722
13050,2527.1703
13051,2527.1713
13052,2527.1708
13053,2527.1727
13054,2527.1732
13055,2527.1736
13056,2526.6589
13057,2526.6608
13058,2526.6578
13059,2526.6620
13060,2526.6594
13061,2526.6624
13062,2526.6630
13063,2526.6636
13064,2526.6641
13065,2530.0578
13066,2526.6645
13067,2530.0595
13068,2530.0606
13069,2530.0585
13070,2530.0633
13071,2530.0613
13072,2530.0618
13073,2530.0623
13074,2530.0674
13075,2530.0643
13076,2530.0655
13077,2530.0664
13078,2530.0706
13079,2530.0686
13080,2530.0680
13081,2530.0697
13082,2530.0711
13083,2533.0987
13084,2533.0974
13085,2533.1009
13086,2533.1020
13087,2533.0993
13088,2533.0999
13089,2533.1025
13090,2533.1030
13091,2533.1045
13092,2533.1035
13093,2533.1054
13094,2533.1066
13095,2533.1091
13096,2533.1082
13097,2533.1108
13098,2533.1117
13099,2533.1097
13100,2536.2587
13101,2536.2606
13102,2536.2616
13103,2533.1122
13104,2536.2595
13105,2536.2633
13106,2536.2650
13107,2536.2660
13108,2536.2622
13109,2536.2639
13110,2536.2677
13111,2536.2699
13112,2536.2665
13113,2536.2688
13114,2536.2723
13115,2536.2705
13116,2539.4268
13117,2536.2711
13118,2536.2728
13119,2539.4280
13120,2539.4302
13121,2539.4313
13122,2539.4290
13123,2539.4322
13124,2539.4333
13125,2539.4342
13126,2539.4351
13127,2539.4371
13128,2539.4381
13129,2539.4356
13130,2539.4362
13131,2539.4391
13132,2542.9121
13133,2542.9191
13134,2542.9150
13135,2542.9182
13136,2542.9166
13137,2542.9197
13138,2542.9236
13139,2542.9203
13140,2542.9215
13141,2542.9227
13142,2542.9250
13143,2542.9276
13144,2542.9267
13145,2542.9241
13146,2542.9255
13147,2542.9286
13148,2542.9281
13149,2545.9803
13150,2545.9832
13151,2545.9842
13152,2545.9822
13153,2545.9810
13154,2545.9848
13155,2545.9884
13156,2545.9874
13157,2545.9853
13158,2545.9858
13159,2545.9894
13160,2545.9889
13161,2545.9899
13162,2545.9914
13163,2545.9934
13164,2545.9904
13165,2545.9925
13166,2545.9962
13167,2545.9940
13168,2545.9950
13169,2549.1993
13170,2549.2021
13171,2549.2030
13172,2549.2011
13173,2549.2000
13174,2549.2036
13175,2549.2053
13176,2549.2072
13177,2549.2082
13178,2549.2041
13179,2549.2059
13180,2549.2108
13181,2549.2088
13182,2549.2093
13183,2549.2098
13184,2552.3482
13185,2552.3489
13186,2552.3514
13187,2552.3496
13188,2552.3503
13189,2552.3535
13190,2552.3546
13191,2552.3525
13192,2552.3520
13193,2552.3569
13194,2552.3583
13195,2552.3593
13196,2552.3552
13197,2552.3573
13198,2552.3597
13199,2552.3602
13200,2552.3607
13201,2552.3612
13202,2552.3631
13203,2552.3622
13204,2552.3617
13205,2555.4113
13206,2555.4076
13207,2555.4092
13208,2555.4139
13209,2555.4120
13210,2555.4152
13211,2555.4168
13212,2555.4182
13213,2555.4191
13214,2555.4203
13215,2555.4216
13216,2555.4241
13217,2555.4254
13218,2555.4263
13219,2555.4221
13220,2558.6916
13221,2558.6927
13222,2555.4267
13223,2558.6949
13224,2558.6933
13225,2558.6963
13226,2558.6939
13227,2558.6954
13228,2558.6983
13229,2558.6968
13230,2558.6973
13231,2558.6998
13232,2558.6988
13233,2558.7012
13234,2558.7021
13235,2558.7002
13236,2558.7031
13237,2558.7045
13238,2558.7054
13239,2558.7064
13240,2558.7036
13241,2561.9208
13242,2561.9186
13243,2561.9193
13244,2561.9198
13245,2561.9213
13246,2561.9245
13247,2561.9225
13248,2561.9256
13249,2561.9236
13250,2561.9262
13251,2561.9266
13252,2561.9271
13253,2561.9291
13254,2561.9276
13255,2561.9307
13256,2561.9281
13257,2561.9326
13258,2561.9296
13259,2561.9312
13260,2561.9317
13261,2561.9330
13262,2565.4446
13263,2565.4481
13264,2565.4459
13265,2565.4471
13266,2565.4502
13267,2565.4516
13268,2565.4486
13269,2565.4492
13270,2565.4507
13271,2565.4521
13272,2565.4525
13273,2565.4544
13274,2565.4558
13275,2565.4530
13276,2565.4535
13277,2565.4549
13278,2565.4563
13279,2565.4568
13280,2565.4572
13281,2565.4577
13282,2565.4582
13283,2565.4586
13284,2565.4612
13285,2565.4591
13286,2565.4597
13287,2565.4602
13288,2565.4617
13289,2568.5987
13290,2568.6014
13291,2568.5977
13292,2568.6005
13293,2568.5993
13294,2568.6035
13295,2568.6045
13296,2568.6019
13297,2568.6026
13298,2568.6073
13299,2568.6051
13300,2568.6057
13301,2568.6063
13302,2568.6095
13303,2568.6079
13304,2571.6669
13305,2568.6084
13306,2568.6101
13307,2568.6105
13308,2571.6680
13309,2571.6698
13310,2571.6710
13311,2571.6721
13312,2571.1905
13313,2571.1963
13314,2571.1974
13315,2571.1945
13316,2571.1953
13317,2574.7019
13318,2571.1979
13319,2571.1991
13320,2571.1986
13321,2574.7026
13322,2574.7046
13323,2574.7031
13324,2574.7061
13325,2574.7036
13326,2574.7051
13327,2574.7082
13328,2574.7066
13329,2574.7098
13330,2574.7071
13331,2574.7087
13332,2574.7119
13333,2574.7102
13334,2574.7108
13335,2574.7150
13336,2574.7124
13337,2574.7129
13338,2574.7134
13339,2577.8271
13340,2577.8260
13341,2577.8295
13342,2577.8286
13343,2577.8276
13344,2577.8317
13345,2577.8332
13346,2577.8301
13347,2577.8307
13348,2577.8353
13349,2577.8338
13350,2577.8368
13351,2577.8344
13352,2577.8359
13353,2577.8398
13354,2577.8374
13355,2577.8380
13356,2577.8385
13357,2581.0040
13358,2581.0058
13359,2581.0068
13360,2581.0027
13361,2581.0090
13362,2581.0074
13363,2581.0080
13364,2581.0102
13365,2581.0116
13366,2581.0125
13367,2581.0135
13368,2581.0107
13369,2581.0141
13370,2581.0162
13371,2581.0152
13372,2581.0147
13373,2584.1895
13374,2581.0166
13375,2584.1912
13376,2581.0172
13377,2584.1901
13378,2584.1923
13379,2584.1963
13380,2584.1951
13381,2584.1940
13382,2584.1929
13383,2584.1985
13384,2584.1997
13385,2584.1967
13386,2584.1974
13387,2584.2023
13388,2584.2003
13389,2584.2009
13390,2584.2014
13391,2584.2029
13392,2584.2034
13393,2587.5976
13394,2584.2039
13395,2587.6007
13396,2587.5996
13397,2587.5984
13398,2587.6022
13399,2587.6052
13400,2587.6013
13401,2587.6040
13402,2587.6028
13403,2587.6057
13404,2587.6064
13405,2587.6085
13406,2587.6070
13407,2587.6100
13408,2587.6076
13409,2587.6091
13410,2587.6121
13411,2587.6105
13412,2590.8117
13413,2587.6111
13414,2587.6126
13415,2587.6131
13416,2590.8148
13417,2590.8125
13418,2590.8131
13419,2590.8139
13420,2590.8154
13421,2590.8159
13422,2590.8164
13423,2590.8185
13424,2590.8169
13425,2590.8205
13426,2590.8174
13427,2590.8191
13428,2590.8196
13429,2590.8211
13430,2590.8227
13431,2590.8248
13432,2590.8217
13433,2590.8239
13434,2590.8273
13435,2590.8254
13436,2590.8260
13437,2590.8264
13438,2593.8885
13439,2593.8907
13440,2593.8897
13441,2593.8874
13442,2593.8924
13443,2593.8913
13444,2593.8938
13445,2593.8949
13446,2593.8966
13447,2593.8928
13448,2593.8984
13449,2593.8955
13450,2593.8971
13451,2593.8975
13452,2593.8989
13453,2593.8994
13454,2596.9083
13455,2593.8999
13456,2596.9106
13457,2596.9044
13458,2596.9096
13459,2596.9142
13460,2596.9122
13461,2596.9131
13462,2596.9169
13463,2596.9147
13464,2596.9158
13465,2600.0679
13466,2600.0728
13467,2600.0706
13468,2596.9174
13469,2600.0763
13470,2600.0734
13471,2600.0774
13472,2600.0742
13473,2600.0789
13474,2600.0800
13475,2600.0779
13476,2600.0810
13477,2600.0824
13478,2600.0834
13479,2600.0843
13480,2600.0814
13481,2600.0847
13482,2603.3024
13483,2600.0852
13484,2603.3037
13485,2603.3048
13486,2603.3063
13487,2603.3077
13488,2603.3096
13489,2603.3053
13490,2603.3082
13491,2603.3086
13492,2603.3115
13493,2603.3101
13494,2603.3106
13495,2603.3134
13496,2603.3120
13497,2603.3124
13498,2603.3145
13499,2606.2227
13500,2609.6595
13501,2609.6604
13502,2609.6574
13503,2609.6584
13504,2609.6616
13505,2609.6633
13506,2609.6644
13507,2609.6656
13508,2609.6623
13509,2609.6662
13510,2609.6671
13511,2609.6708
13512,2609.6688
13513,2609.6699
13514,2609.6676
13515,2612.9713
13516,2609.6714
13517,2609.6724
13518,2609.6729
13519,2612.9744
13520,2612.9722
13521,2612.9728
13522,2612.9734
13523,2612.9781
13524,2612.9766
13525,2612.9750
13526,2612.9755
13527,2612.9792
13528,2612.9787
13529,2612.9813
13530,2612.9796
13531,2612.9802
13532,2612.9828
13533,2612.9844
13534,2612.9819
13535,2612.9853
13536,2612.9833
13537,2616.1979
13538,2616.2005
13539,2616.2016
13540,2616.1994
13541,2616.2042
13542,2616.2027
13543,2616.2032
13544,2616.2022
13545,2616.2048
13546,2616.2053
13547,2616.2058
13548,2616.2063
13549,2616.2078
13550,2616.2068
13551,2616.2105
13552,2616.2095
13553,2616.2114
13554,2616.2083
13555,2616.2151
13556,2616.2142
13557,2616.2120
13558,2616.2131
13559,2619.5468
13560,2616.2157
13561,2616.2162
13562,2619.5483
13563,2619.5515
13564,2619.5496
13565,2619.5505
13566,2619.5539
13567,2619.5548
13568,2619.0488
13569,2619.0496
13570,2619.0533
13571,2619.0554
13572,2619.0544
13573,2619.0521
13574,2619.0570
13575,2622.1090
13576,2622.1080
13577,2619.0559
13578,2622.1065
13579,2622.1096
13580,2622.1114
13581,2622.1126
13582,2622.1102
13583,2622.1138
13584,2622.1153
13585,2625.6563
13586,2622.1143
13587,2625.6579
13588,2625.6596
13589,2625.6613
13590,2625.6624
13591,2625.6584
13592,2625.6601
13593,2625.6639
13594,2625.6629
13595,2625.6670
13596,2625.6660
13597,2625.6645
13598,2625.6651
13599,2625.6679
13600,2625.6674
13601,2625.6696
13602,2625.6685
13603,2625.6721
13604,2625.6712
13605,2628.9191
13606,2625.6702
13607,2625.6732
13608,2625.6727
13609,2628.9200
13610,2628.9217
13611,2628.9207
13612,2628.9227
13613,2628.9238
13614,2628.9248
13615,2628.9257
13616,2628.9266
13617,2628.9275
13618,2628.9285
13619,2628.9294
13620,2628.9308
13621,2628.9318
13622,2632.1043
13623,2628.9299
13624,2628.9323
13625,2632.1071
13626,2632.1087
13627,2632.1097
13628,2632.1053
13629,2632.1077
13630,2632.1103
13631,2632.1119
13632,2632.1109
13633,2632.1146
13634,2632.1135
13635,2632.1125
13636,2632.1167
13637,2632.1176
13638,2632.1152
13639,2632.1157
13640,2635.3963
13641,2632.1182
13642,2632.1188
13643,2632.1193
13644,2635.3992
13645,2635.3973
13646,2635.4004
13647,2635.3980
13648,2635.4022
13649,2635.4033
13650,2635.4010
13651,2635.4065
13652,2635.4043
13653,2635.4049
13654,2635.4056
13655,2635.4071
13656,2635.4076
13657,2635.4080
13658,2635.4085
13659,2635.4126
13660,2635.4090
13661,2635.4099
13662,2635.4108
13663,2639.0131
13664,2639.0144
13665,2639.0154
13666,2639.0163
13667,2639.0184
13668,2639.0169
13669,2639.0175
13670,2639.0206
13671,2639.0189
13672,2639.0197
13673,2639.0228
13674,2639.0241
13675,2639.0218
13676,2639.0213
13677,2639.0262
13678,2639.0247
13679,2639.0277
13680,2639.0253
13681,2639.0268
13682,2642.4766
13683,2642.4803
13684,2642.4781
13685,2642.4791
13686,2642.4825
13687,2642.4816
13688,2642.4809
13689,2642.4840
13690,2642.4831
13691,2642.4878
13692,2642.4867
13693,2642.4849
13694,2642.4855
13695,2642.4904
13696,2642.4884
13697,2642.4890
13698,2642.4895
13699,2642.4909
13700,2642.4929
13701,2645.7052
13702,2642.4915
13703,2645.7065
13704,2645.7091
13705,2645.7071
13706,2645.7076
13707,2645.7081
13708,2645.7105
13709,2645.7120
13710,2645.7096
13711,2645.7130
13712,2645.7110
13713,2645.7150
13714,2645.7136
13715,2645.7141
13716,2648.9196
13717,2648.9182
13718,2648.9220
13719,2648.9232
13720,2648.9203
13721,2648.9208
13722,2648.9254
13723,2648.9269
13724,2648.9237
13725,2648.9279
13726,2648.9259
13727,2648.9284
13728,2648.9289
13729,2648.9299
13730,2652.0888
13731,2652.0899
13732,2652.0875
13733,2652.0919
13734,2652.0904
13735,2652.0933
13736,2652.0909
13737,2652.0954
13738,2652.0924
13739,2652.0939
13740,2652.0944
13741,2652.0968
13742,2652.0982
13743,2652.0992
13744,2652.0958
13745,2652.0973
13746,2652.1006
13747,2655.3629
13748,2652.0997
13749,2655.3613
13750,2655.3639
13751,2655.3677
13752,2655.3658
13753,2655.3667
13754,2655.3645
13755,2655.3687
13756,2655.3682
13757,2655.3712
13758,2655.3692
13759,2655.3703
13760,2655.3698
13761,2655.3717
13762,2655.3722
13763,2655.3727
13764,2655.3746
13765,2655.3760
13766,2655.3732
13767,2655.3737
13768,2655.3751
13769,2655.3764
13770,2655.3769
13771,2655.3783
13772,2658.5116
13773,2655.3774
13774,2658.5126
13775,2658.5102
13776,2658.5131
13777,2658.5136
13778,2658.5141
13779,2658.5155
13780,2658.5146
13781,2658.5176
13782,2658.5186
13783,2658.5161
13784,2658.5166
13785,2658.5192
13786,2658.5201
13787,2658.5233
13788,2658.5212
13789,2658.5223
13790,2658.5247
13791,2661.6207
13792,2658.5237
13793,2661.6194
13794,2658.5252
13795,2661.6224
13796,2661.6238
13797,2661.6214
13798,2661.6248
13799,2661.6262
13800,2661.6253
13801,2661.6276
13802,2661.6287
13803,2661.6302
13804,2661.6266
13805,2661.6293
13806,2661.6322
13807,2664.7823
13808,2661.6308
13809,2661.6313
13810,2664.7843
13811,2664.7873
13812,2664.7862
13813,2664.7832
13814,2664.7849
13815,2664.7884
13816,2664.7879
13817,2664.7890
13818,2664.7910
13819,2664.7919
13820,2664.7895
13821,2664.7901
13822,2664.7941
13823,2664.7968
13824,2664.3005
13825,2664.3038
13826,2664.3025
13827,2664.3054
13828,2664.3059
13829,2667.5275
13830,2667.5249
13831,2667.5285
13832,2667.5265
13833,2667.5302
13834,2667.5321
13835,2667.5291
13836,2667.5312
13837,2667.5341
13838,2667.5326
13839,2667.5331
13840,2667.5363
13841,2667.5346
13842,2667.5378
13843,2667.5351
13844,2667.5369
13845,2671.3105
13846,2671.3131
13847,2671.3143
13848,2671.3120
13849,2671.3158
13850,2671.3148
13851,2671.3179
13852,2671.3167
13853,2671.3195
13854,2671.3204
13855,2671.3185
13856,2671.3224
13857,2671.3210
13858,2674.6040
13859,2671.3214
13860,2671.3235
13861,2671.3241
13862,2674.6059
13863,2674.6088
13864,2674.6048
13865,2674.6076
13866,2674.6065
13867,2674.6093
13868,2674.6098
13869,2674.6124
13870,2674.6104
13871,2674.6109
13872,2674.6115
13873,2674.6130
13874,2674.6151
13875,2674.6142
13876,2674.6137
13877,2674.6176
13878,2674.6185
13879,2674.6157
13880,2674.6164
13881,2677.7206
13882,2677.7189
13883,2677.7196
13884,2677.7226
13885,2677.7246
13886,2677.7211
13887,2677.7217
13888,2677.7231
13889,2677.7263
13890,2677.7288
13891,2677.7251
13892,2677.7279
13893,2677.7269
13894,2677.7294
13895,2677.7320
13896,2677.7300
13897,2677.7306
13898,2680.8051
13899,2677.7325
13900,2677.7330
13901,2677.7335
13902,2680.8094
13903,2680.8063
13904,2680.8073
13905,2680.8080
13906,2680.8130
13907,2680.8103
13908,2680.8162
13909,2680.8114
13910,2680.8139
13911,2680.8146
13912,2680.8193
13913,2680.8212
13914,2680.8171
13915,2680.8179
13916,2680.8244
13917,2680.8220
13918,2680.8228
13919,2683.9595
13920,2683.9583
13921,2683.9618
13922,2683.9628
13923,2683.9601
13924,2683.9608
13925,2683.9634
13926,2683.9674
13927,2683.9645
13928,2683.9655
13929,2683.9665
13930,2683.9689
13931,2683.9713
13932,2683.9679
13933,2683.9703
13934,2683.9694
13935,2687.4619
13936,2687.4632
13937,2683.9719
13938,2687.4642
13939,2687.4656
13940,2687.4647
13941,2687.4676
13942,2687.4687
13943,2687.4661
13944,2687.4667
13945,2687.4714
13946,2687.4705
13947,2687.4693
13948,2687.4725
13949,2687.4729
13950,2687.4735
13951,2687.4756
13952,2690.7259
13953,2687.4740
13954,2687.4746
13955,2690.7284
13956,2690.7265
13957,2690.7270
13958,2690.7275
13959,2690.7289
13960,2690.7304
13961,2690.7294
13962,2690.7313
13963,2690.7323
13964,2690.7341
13965,2690.7351
13966,2690.7360
13967,2690.7329
13968,2690.7385
13969,2690.7375
13970,2690.7365
13971,2693.7523
13972,2690.7390
13973,2693.7549
13974,2693.7539
13975,2693.7529
13976,2693.7558
13977,2693.7568
13978,2693.7579
13979,2693.7588
13980,2693.7607
13981,2696.9707
13982,2693.7593
13983,2693.7598
13984,2696.9690
13985,2696.9719
13986,2696.9749
13987,2696.9729
13988,2696.9735
13989,2696.9740
13990,2696.9774
13991,2696.9756
13992,2696.9795
13993,2696.9764
13994,2696.9809
13995,2696.9779
13996,2696.9800
13997,2696.9829
13998,2696.9814
13999,2700.2438
14000,2696.9820
14001,2696.9834
14002,2700.2551
14003,2700.2445
14004,2700.2562
14005,2700.2451
14006,2700.2583
14007,2700.2593
14008,2700.2568
14009,2700.2574
14010,2700.2598
14011,2700.2604
14012,2700.2608
14013,2700.2613
14014,2700.2647
14015,2700.2628
14016,2700.2637
14017,2700.2618
14018,2703.6203
14019,2703.6214
14020,2700.2664
14021,2700.2652
14022,2703.6219
14023,2703.6225
14024,2703.6235
14025,2703.6253
14026,2703.6265
14027,2703.6275
14028,2703.6240
14029,2703.6280
14030,2703.6286
14031,2703.6297
14032,2703.6291
14033,2703.6311
14034,2703.6335
14035,2703.6301
14036,2703.6325
14037,2703.6316
14038,2703.6355
14039,2706.7309
14040,2703.6341
14041,2703.6346
14042,2706.7332
14043,2706.7371
14044,2706.7355
14045,2706.7318
14046,2706.7339
14047,2706.7423
14048,2706.7394
14049,2706.7379
14050,2706.7409
14051,2706.7445
14052,2706.7459
14053,2706.7431
14054,2706.7473
14055,2709.9549
14056,2706.7482
14057,2706.7490
14058,2706.7498
14059,2709.9559
14060,2709.9575
14061,2709.9584
14062,2709.9594
14063,2709.9565
14064,2709.9609
14065,2709.9599
14066,2709.9624
14067,2709.9634
14068,2709.9652
14069,2709.9662
14070,2709.9639
14071,2709.9643
14072,2709.9667
14073,2709.9682
14074,2709.9673
14075,2713.1783
14076,2713.1772
14077,2713.1755
14078,2713.1761
14079,2713.1788
14080,2712.6909
14081,2712.6897
14082,2712.6927
14083,2712.6939
14084,2712.6954
14085,2712.6915
14086,2712.6970
14087,2712.6944
14088,2712.6959
14089,2712.6984
14090,2712.6974
14091,2712.7016
14092,2712.7004
14093,2716.0807
14094,2712.6989
14095,2716.0843
14096,2716.0829
14097,2716.0865
14098,2716.0817
14099,2716.0854
14100,2716.0849
14101,2716.0887
14102,2716.0870
14103,2716.0876
14104,2716.0901
14105,2716.0910
14106,2716.0892
14107,2716.0920
14108,2719.2391
14109,2719.2407
14110,2719.2377
14111,2719.2417
14112,2719.2397
14113,2719.2423
14114,2719.2437
14115,2719.2448
14116,2719.2469
14117,2719.2428
14118,2719.2454
14119,2719.2460
14120,2719.2474
14121,2719.2479
14122,2719.2489
14123,2719.2504
14124,2719.2494
14125,2722.3389
14126,2722.3401
14127,2722.3368
14128,2722.3378
14129,2722.3428
14130,2722.3407
14131,2722.3418
14132,2722.3413
14133,2722.3443
14134,2722.3466
14135,2722.3475
14136,2722.3454
14137,2722.3503
14138,2722.3488
14139,2722.3494
14140,2722.3481
14141,2722.3509
14142,2725.6529
14143,2722.3519
14144,2722.3531
14145,2725.6518
14146,2725.6556
14147,2725.6535
14148,2725.6541
14149,2725.6546
14150,2725.6577
14151,2725.6586
14152,2725.6562
14153,2725.6567
14154,2725.6609
14155,2725.6592
14156,2725.6630
14157,2725.6598
14158,2725.6615
14159,2725.6621
14160,2725.6636
14161,2725.6658
14162,2725.6641
14163,2725.6646
14164,2728.8220
14165,2728.8238
14166,2728.8247
14167,2728.8208
14168,2728.8226
14169,2728.8252
14170,2728.8280
14171,2728.8258
14172,2728.8264
14173,2728.8270
14174,2728.8297
14175,2728.8285
14176,2728.8319
14177,2728.8330
14178,2728.8304
14179,2728.8310
14180,2728.8344
14181,2728.8335
14182,2732.1072
14183,2732.1083
14184,2728.8350
14185,2728.8355
14186,2732.1089
14187,2732.1109
14188,2732.1094
14189,2732.1125
14190,2732.1100
14191,2732.1115
14192,2732.1135
14193,2732.1147
14194,2732.1157
14195,2732.1166
14196,2732.1181
14197,2732.1196
14198,2732.1206
14199,2732.1171
14200,2732.1186
14201,2732.1210
14202,2732.1216
14203,2732.1222
14204,2735.5961
14205,2735.5978
14206,2732.1227
14207,2735.5989
14208,2735.5967
14209,2735.6005
14210,2735.6030
14211,2735.6021
14212,2735.5996
14213,2735.6010
14214,2735.6035
14215,2735.6039
14216,2735.6054
14217,2735.6067
14218,2735.6077
14219,2735.6044
14220,2738.7776
14221,2735.6081
14222,2735.6087
14223,2738.7800
14224,2738.7783
14225,2738.7814
14226,2738.7789
14227,2738.7805
14228,2738.7834
14229,2738.7819
14230,2738.7844
14231,2738.7825
14232,2738.7853
14233,2738.7863
14234,2738.7888
14235,2738.7879
14236,2738.7904
14237,2738.7868
14238,2741.8001
14239,2738.7893
14240,2741.8016
14241,2741.7989
14242,2741.8031
14243,2741.8006
14244,2741.8022
14245,2741.8046
14246,2745.3847
14247,2741.8037
14248,2745.3836
14249,2741.8052
14250,2745.3862
14251,2745.3890
14252,2745.3879
14253,2745.3852
14254,2745.3867
14255,2745.3910
14256,2745.3895
14257,2745.3900
14258,2745.3930
14259,2745.3915
14260,2745.3940
14261,2745.3921
14262,2745.3954
14263,2745.3964
14264,2745.3945
14265,2748.4922
14266,2745.3969
14267,2748.4947
14268,2745.3974
14269,2748.4937
14270,2748.4965
14271,2748.4952
14272,2748.4985
14273,2748.4995
14274,2748.5015
14275,2748.4973
14276,2748.5001
14277,2748.5006
14278,2748.5029
14279,2748.5020
14280,2748.5044
14281,2748.5053
14282,2751.7767
14283,2748.5035
14284,2748.5058
14285,2751.7793
14286,2751.7773
14287,2751.7778
14288,2751.7783
14289,2751.7798
14290,2751.7803
14291,2751.7825
14292,2751.7808
14293,2751.7839
14294,2751.7813
14295,2751.7853
14296,2751.7830
14297,2751.7872
14298,2751.7843
14299,2751.7858
14300,2751.7863
14301,2751.7891
14302,2751.7877
14303,2755.0433
14304,2751.7882
14305,2755.0453
14306,2755.0461
14307,2755.0438
14308,2755.0444
14309,2755.0483
14310,2755.0475
14311,2755.0464
14312,2755.0468
14313,2755.0499
14314,2755.0487
14315,2755.0491
14316,2755.0510
14317,2755.0503
14318,2755.0522
14319,2755.0530
14320,2755.0515
14321,2758.4390
14322,2755.0535
14323,2755.0538
14324,2755.0542
14325,2758.4397
14326,2758.4422
14327,2758.4407
14328,2758.4403
14329,2758.4412
14330,2758.4431
14331,2758.4463
14332,2758.4443
14333,2758.4453
14334,2758.4481
14335,2758.4502
14336,2757.9617
14337,2757.9639
14338,2757.9678
14339,2757.9654
14340,2757.9661
14341,2757.9667
14342,2757.9682
14343,2757.9687
14344,2757.9693
14345,2757.9697
14346,2760.8897
14347,2760.8924
14348,2760.8912
14349,2760.8885
14350,2760.8902
14351,2760.8936
14352,2760.8967
14353,2760.8947
14354,2760.8957
14355,2760.8988
14356,2760.8972
14357,2760.9003
14358,2760.8977
14359,2763.9848
14360,2760.8993
14361,2763.9870
14362,2760.9007
14363,2763.9855
14364,2763.9860
14365,2763.9885
14366,2763.9875
14367,2763.9911
14368,2763.9896
14369,2763.9921
14370,2763.9931
14371,2767.2595
14372,2767.2584
14373,2763.9936
14374,2767.2616
14375,2767.2601
14376,2767.2636
14377,2767.2607
14378,2767.2622
14379,2767.2627
14380,2767.2642
14381,2767.2664
14382,2767.2681
14383,2767.2649
14384,2767.2655
14385,2767.2669
14386,2770.4982
14387,2770.4971
14388,2767.2687
14389,2767.2692
14390,2770.4988
14391,2770.5014
14392,2770.4994
14393,2770.5000
14394,2770.5005
14395,2770.5038
14396,2770.5047
14397,2770.5020
14398,2770.5026
14399,2770.5069
14400,2770.5053
14401,2770.5087
14402,2770.5059
14403,2773.7808
14404,2770.5075
14405,2770.5092
14406,2773.7825
14407,2773.7851
14408,2773.7842
14409,2773.7815
14410,2773.7830
14411,2773.7861
14412,2773.7886
14413,2773.7897
14414,2773.7877
14415,2773.7865
14416,2773.7913
14417,2773.7925
14418,2773.7935
14419,2773.7944
14420,2777.1703
14421,2773.7949
14422,2777.1720
14423,2777.1731
14424,2777.1747
14425,2777.1711
14426,2777.1768
14427,2777.1737
14428,2777.1752
14429,2777.1758
14430,2777.1789
14431,2777.1774
14432,2777.1798
14433,2777.1780
14434,2777.1819
14435,2777.1829
14436,2777.1804
14437,2777.1810
14438,2780.3827
14439,2777.1834
14440,2780.3844
14441,2777.1840
14442,2780.3833
14443,2780.3869
14444,2780.3849
14445,2780.3855
14446,2780.3860
14447,2780.3874
14448,2780.3898
14449,2780.3880
14450,2780.3915
14451,2780.3886
14452,2780.3929
14453,2780.3903
14454,2780.3944
14455,2780.3920
14456,2780.3935
14457,2783.5147
14458,2783.5171
14459,2783.5182
14460,2783.5159
14461,2783.5208
14462,2783.5188
14463,2783.5196
14464,2783.5224
14465,2783.5234
14466,2783.5243
14467,2783.5213
14468,2783.5257
14469,2783.5248
14470,2783.5271
14471,2783.5281
14472,2783.5261
14473,2783.5304
14474,2783.5286
14475,2786.6974
14476,2783.5293
14477,2786.6989
14478,2786.6963
14479,2786.7005
14480,2786.6979
14481,2786.7025
14482,2786.6995
14483,2786.7010
14484,2786.7015
14485,2786.7029
14486,2786.7034
14487,2786.7039
14488,2786.7044
14489,2786.7063
14490,2786.7049
14491,2786.7054
14492,2790.1044
14493,2786.7068
14494,2790.1059
14495,2786.7073
14496,2790.1073
14497,2790.1049
14498,2790.1064
14499,2790.1097
14500,2790.1078
14501,2790.1083
14502,2790.1088
14503,2790.1114
14504,2790.1130
14505,2790.1102
14506,2790.1139
14507,2790.1120
14508,2790.1144
14509,2793.8258
14510,2793.8236
14511,2793.8268
14512,2793.8248
14513,2793.8304
14514,2793.8273
14515,2793.8285
14516,2793.8294
14517,2793.8318
14518,2793.8309
14519,2793.8341
14520,2793.8332
14521,2793.8361
14522,2793.8323
14523,2793.8346
14524,2793.8351
14525,2793.8366
14526,2796.7982
14527,2793.8371
14528,2796.7996
14529,2796.7971
14530,2796.8010
14531,2796.7987
14532,2796.8001
14533,2796.8029
14534,2796.8015
14535,2796.8020
14536,2796.8038
14537,2796.8060
14538,2796.8069
14539,2796.8050
14540,2796.8078
14541,2800.2307
14542,2800.2319
14543,2800.2328
14544,2800.2351
14545,2800.2334
14546,2800.2370
14547,2800.2340
14548,2800.2356
14549,2800.2360
14550,2800.2389
14551,2800.2375
14552,2800.2379
14553,2800.2408
14554,2800.2422
14555,2800.2393
14556,2800.2398
14557,2800.2412
14558,2800.2426
14559,2800.2431
14560,2800.2452
14561,2803.5674
14562,2800.2436
14563,2800.2441
14564,2800.2457
14565,2803.5696
14566,2803.5711
14567,2803.5681
14568,2803.5687
14569,2803.5701
14570,2803.5716
14571,2803.5721
14572,2803.5726
14573,2803.5731
14574,2803.5736
14575,2803.5756
14576,2803.5740
14577,2803.5766
14578,2803.5745
14579,2803.5786
14580,2803.5776
14581,2803.5807
14582,2803.5818
14583,2803.5796
14584,2803.5791
14585,2803.5822
14586,2803.5827
14587,2803.5832
14588,2806.5384
14589,2806.5366
14590,2806.5394
14591,2806.5373
14592,2805.9374
14593,2805.9384
14594,2805.9406
14595,2805.9418
14596,2805.9434
14597,2805.9392
14598,2805.9422
14599,2805.9454
14600,2805.9440
14601,2805.9445
14602,2805.9471
14603,2809.3956
14604,2809.3945
14605,2805.9460
14606,2809.3977
14607,2809.3986
14608,2809.3961
14609,2809.3967
14610,2809.4002
14611,2809.4023
14612,2809.3992
14613,2809.4013
14614,2809.4034
14615,2809.4066
14616,2809.4045
14617,2809.4056
14618,2813.0016
14619,2813.0030
14620,2809.4071
14621,2809.4077
14622,2813.0052
14623,2813.0036
14624,2813.0066
14625,2813.0041
14626,2813.0084
14627,2813.0057
14628,2813.0107
14629,2813.0072
14630,2813.0090
14631,2813.0095
14632,2816.5164
14633,2813.0112
14634,2813.0118
14635,2816.5189
14636,2816.5172
14637,2816.5179
14638,2816.5217
14639,2816.5194
14640,2816.5200
14641,2816.5207
14642,2816.5222
14643,2816.5227
14644,2816.5232
14645,2816.5237
14646,2816.5253
14647,2816.5280
14648,2816.5270
14649,2816.5242
14650,2816.5259
14651,2816.5295
14652,2816.5310
14653,2816.5286
14654,2816.5319
14655,2819.5234
14656,2819.5212
14657,2819.5249
14658,2819.5221
14659,2819.5265
14660,2819.5240
14661,2819.5282
14662,2819.5255
14663,2819.5270
14664,2819.5291
14665,2819.5300
14666,2819.5309
14667,2819.5319
14668,2819.5345
14669,2819.5323
14670,2819.5329
14671,2819.5336
14672,2819.5350
14673,2822.6156
14674,2822.6135
14675,2822.6120
14676,2822.6145
14677,2822.6161
14678,2822.6166
14679,2822.6182
14680,2822.6198
14681,2822.6207
14682,2822.6172
14683,2822.6227
14684,2822.6237
14685,2822.6212
14686,2822.6218
14687,2825.8598
14688,2825.8623
14689,2822.6243
14690,2822.6249
14691,2825.8608
14692,2825.8639
14693,2825.8654
14694,2825.8665
14695,2825.8629
14696,2825.8644
14697,2825.8671
14698,2825.8677
14699,2825.8683
14700,2825.8697
14701,2825.8714
14702,2825.8688
14703,2825.8724
14704,2825.8703
14705,2825.8740
14706,2825.8729
14707,2829.1049
14708,2829.1038
14709,2829.1072
14710,2829.1022
14711,2829.1062
14712,2829.1055
14713,2829.1094
14714,2829.1078
14715,2829.1118
14716,2829.1084
14717,2829.1100
14718,2829.1105
14719,2829.1125
14720,2829.1155
14721,2829.1133
14722,2829.1138
14723,2829.1143
14724,2829.1160
14725,2829.1164
14726,2829.1169
14727,2829.1184
14728,2832.3465
14729,2829.1174
14730,2832.3478
14731,2832.3493
14732,2832.3484
14733,2832.3511
14734,2832.3520
14735,2832.3498
14736,2832.3535
14737,2832.3545
14738,2832.3554
14739,2832.3525
14740,2832.3573
14741,2832.3559
14742,2832.3563
14743,2832.3587
14744,2832.3603
14745,2832.3578
14746,2832.3612
14747,2832.3593
14748,2835.3900
14749,2835.3880
14750,2835.3889
14751,2835.3916
14752,2835.3930
14753,2835.3940
14754,2835.3906
14755,2835.3921
14756,2838.5640
14757,2835.3945
14758,2838.5655
14759,2835.3951
14760,2838.5676
14761,2838.5686
14762,2838.5662
14763,2838.5667
14764,2838.5705
14765,2838.5691
14766,2838.5696
14767,2838.5720
14768,2838.5711
14769,2838.5730
14770,2838.5739
14771,2838.5760
14772,2838.5751
14773,2841.8581
14774,2841.8594
14775,2841.8628
14776,2841.8619
14777,2841.8600
14778,2841.8606
14779,2841.8649
14780,2841.8633
14781,2841.8665
14782,2841.8639
14783,2841.8687
14784,2841.8654
14785,2841.8671
14786,2841.8676
14787,2841.8707
14788,2841.8692
14789,2841.8697
14790,2841.8726
14791,2841.8711
14792,2845.1968
14793,2841.8716
14794,2845.1994
14795,2841.8731
14796,2845.1978
14797,2845.1984
14798,2845.1999
14799,2845.2019
14800,2845.2004
14801,2845.2034
14802,2845.2010
14803,2845.2049
14804,2845.2025
14805,2845.2040
14806,2845.2074
14807,2845.2055
14808,2845.2060
14809,2845.2065
14810,2845.2079
14811,2845.2094
14812,2848.5874
14813,2848.5887
14814,2845.2083
14815,2848.5904
14816,2848.5914
14817,2848.5923
14818,2848.5894
14819,2848.5942
14820,2848.5928
14821,2848.5933
14822,2848.5963
14823,2848.5974
14824,2848.5948
14825,2848.5954
14826,2848.5989
14827,2848.6009
14828,2848.5979
14829,2848.6000
14830,2851.7022
14831,2851.6995
14832,2851.7004
14833,2851.7010
14834,2851.7045
14835,2851.7055
14836,2851.7027
14837,2851.7032
14838,2851.7070
14839,2851.7060
14840,2851.7085
14841,2851.7094
14842,2851.7075
14843,2851.7121
14844,2851.7099
14845,2851.7105
14846,2851.7111
14847,2854.8533
14848,2851.2191
14849,2854.3630
14850,2854.3642
14851,2854.3607
14852,2854.3614
14853,2854.3647
14854,2854.3671
14855,2854.3652
14856,2854.3658
14857,2854.3686
14858,2854.3695
14859,2854.3710
14860,2854.3676
14861,2854.3725
14862,2854.3747
14863,2854.3715
14864,2854.3735
14865,2857.4769
14866,2857.4797
14867,2857.4813
14868,2857.4784
14869,2857.4835
14870,2857.4818
14871,2857.4850
14872,2857.4824
14873,2857.4840
14874,2857.4870
14875,2857.4855
14876,2857.4861
14877,2860.8130
14878,2857.4875
14879,2860.8162
14880,2860.8152
14881,2860.8140
14882,2860.8177
14883,2860.8206
14884,2860.8168
14885,2860.8194
14886,2860.8183
14887,2860.8222
14888,2860.8237
14889,2860.8212
14890,2860.8247
14891,2860.8227
14892,2860.8252
14893,2863.7947
14894,2860.8263
14895,2860.8270
14896,2860.8276
14897,2863.7957
14898,2863.7975
14899,2863.7964
14900,2863.7992
14901,2863.8003
14902,2863.8018
14903,2863.7981
14904,2863.8008
14905,2863.8039
14906,2863.8024
14907,2863.8055
14908,2863.8029
14909,2863.8070
14910,2863.8044
14911,2863.8061
14912,2866.8976
14913,2863.8077
14914,2863.8082
14915,2863.8087
14916,2866.9002
14917,2866.8984
14918,2866.9018
14919,2866.8990
14920,2866.9034
14921,2866.9008
14922,2866.9024
14923,2866.9057
14924,2866.9040
14925,2866.9046
14926,2866.9072
14927,2866.9100
14928,2866.9063
14929,2866.9089
14930,2866.9078
14931,2870.1903
14932,2866.9106
14933,2870.1924
14934,2866.9112
14935,2870.1912
14936,2870.1934
14937,2870.1949
14938,2870.1958
14939,2870.1968
14940,2870.1939
14941,2870.1973
14942,2870.1978
14943,2870.2022
14944,2870.1990
14945,2870.2002
14946,2870.2012
14947,2870.2026
14948,2870.2032
14949,2870.2037
14950,2870.2057
14951,2873.4524
14952,2873.4510
14953,2870.2046
14954,2873.4540
14955,2873.4531
14956,2873.4551
14957,2873.4560
14958,2873.4575
14959,2873.4584
14960,2873.4565
14961,2873.4605
14962,2873.4590
14963,2873.4596
14964,2873.4621
14965,2873.4636
14966,2873.4612
14967,2873.4646
14968,2873.4627
14969,2876.5763
14970,2876.5785
14971,2873.4652
14972,2873.4657
14973,2876.5773
14974,2876.5807
14975,2876.5822
14976,2876.5792
14977,2876.5798
14978,2876.5812
14979,2876.5829
14980,2876.5845
14981,2876.5859
14982,2876.5835
14983,2876.5870
14984,2876.5850
14985,2876.5874
14986,2876.5879
14987,2876.5884
14988,2876.5893
14989,2880.2451
14990,2880.2464
14991,2880.2476
14992,2880.2496
14993,2880.2506
14994,2880.2481
14995,2880.2486
14996,2880.2530
14997,2880.2510
14998,2880.2516
14999,2880.2520
15000,2885.5279
15001,2885.5287
15002,2885.5309
15003,2885.5293
15004,2885.5299
15005,2885.5330
15006,2885.5315
15007,2885.5320
15008,2885.5344
15009,2885.5335
15010,2885.5361
15011,2889.0863
15012,2889.0847
15013,2885.5350
15014,2889.0889
15015,2889.0869
15016,2889.0875
15017,2889.0879
15018,2889.0895
15019,2889.0905
15020,2889.0899
15021,2889.0914
15022,2889.0940
15023,2889.0950
15024,2889.0931
15025,2889.0919
15026,2889.0955
15027,2889.0966
15028,2889.0975
15029,2889.0960
15030,2889.0993
15031,2889.1002
15032,2889.1016
15033,2889.0980
15034,2889.1007
15035,2892.3863
15036,2889.1021
15037,2892.3890
15038,2892.3877
15039,2892.3912
15040,2892.3903
15041,2892.3929
15042,2892.3938
15043,2892.3917
15044,2892.3957
15045,2892.3967
15046,2892.3943
15047,2892.3948
15048,2892.3981
15049,2892.3992
15050,2892.4001
15051,2892.3972
15052,2895.7962
15053,2892.4005
15054,2895.7988
15055,2895.7998
15056,2895.7971
15057,2895.7978
15058,2895.8002
15059,2895.8024
15060,2895.8038
15061,2895.8007
15062,2895.8013
15063,2895.8029
15064,2895.8052
15065,2895.8062
15066,2895.8043
15067,2895.8071
15068,2895.8081
15069,2899.1445
15070,2899.1458
15071,2899.1470
15072,2899.1494
15073,2899.1475
15074,2899.1480
15075,2899.1485
15076,2899.1499
15077,2899.1504
15078,2899.1539
15079,2899.1520
15080,2899.1509
15081,2899.1529
15082,2899.1544
15083,2899.1578
15084,2899.1569
15085,2899.1560
15086,2899.1548
15087,2899.1588
15088,2899.1583
15089,2899.1593
15090,2899.1598
15091,2902.2655
15092,2899.1603
15093,2902.2675
15094,2902.2685
15095,2902.2663
15096,2902.2701
15097,2902.2711
15098,2902.2691
15099,2902.2720
15100,2902.2741
15101,2902.2725
15102,2902.2761
15103,2902.2731
15104,2901.7900
15105,2901.7906
15106,2901.7921
15107,2901.7943
15108,2901.7927
15109,2905.0635
15110,2905.0622
15111,2905.0663
15112,2905.0654
15113,2905.0688
15114,2905.0641
15115,2905.0669
15116,2905.0673
15117,2905.0694
15118,2905.0699
15119,2905.0704
15120,2905.0709
15121,2905.0714
15122,2905.0719
15123,2905.0724
15124,2905.0743
15125,2905.0728
15126,2905.0733
15127,2905.0767
15128,2905.0747
15129,2905.0752
15130,2905.0757
15131,2905.0772
15132,2905.0788
15133,2905.0776
15134,2905.0797
15135,2905.0806
15136,2907.9930
15137,2907.9940
15138,2907.9908
15139,2907.9917
15140,2907.9945
15141,2907.9961
15142,2907.9974
15143,2907.9983
15144,2907.9951
15145,2908.0004
15146,2907.9988
15147,2907.9994
15148,2908.0025
15149,2911.6763
15150,2908.0009
15151,2908.0015
15152,2911.6789
15153,2911.6810
15154,2911.6773
15155,2911.6779
15156,2911.6798
15157,2911.6831
15158,2911.6815
15159,2911.6820
15160,2911.6852
15161,2911.6836
15162,2911.6843
15163,2911.6881
15164,2911.6858
15165,2911.6864
15166,2911.6869
15167,2911.6887
15168,2911.6989
15169,2914.8267
15170,2914.8288
15171,2911.6997
15172,2911.7003
15173,2914.8277
15174,2914.8294
15175,2914.8315
15176,2914.8300
15177,2914.8305
15178,2914.8331
15179,2914.8321
15180,2914.8346
15181,2914.8356
15182,2914.8336
15183,2914.8371
15184,2914.8361
15185,2914.8380
15186,2914.8391
15187,2917.9413
15188,2917.9398
15189,2917.9436
15190,2917.9425
15191,2917.9453
15192,2917.9463
15193,2917.9472
15194,2917.9443
15195,2917.9500
15196,2917.9490
15197,2917.9515
15198,2917.9478
15199,2917.9536
15200,2917.9505
15201,2917.9521
15202,2917.9527
15203,2921.2875
15204,2917.9542
15205,2921.2891
15206,2921.2901
15207,2921.2927
15208,2921.2918
15209,2921.2943
15210,2921.2906
15211,2921.2958
15212,2921.2933
15213,2921.2973
15214,2921.2948
15215,2921.2964
15216,2921.2989
15217,2921.2979
15218,2921.3013
15219,2921.3022
15220,2921.2995
15221,2921.3002
15222,2924.2198
15223,2924.2207
15224,2924.2213
15225,2924.2220
15226,2924.2249
15227,2924.2231
15228,2924.2266
15229,2924.2237
15230,2924.2282
15231,2924.2255
15232,2924.2292
15233,2924.2272
15234,2924.2311
15235,2924.2323
15236,2924.2297
15237,2924.2333
15238,2927.4667
15239,2927.4678
15240,2927.4654
15241,2927.4687
15242,2927.4710
15243,2927.4719
15244,2927.4699
15245,2927.4739
15246,2927.4754
15247,2927.4729
15248,2927.4724
15249,2927.4744
15250,2927.4759
15251,2927.4763
15252,2927.4789
15253,2927.4769
15254,2927.4774
15255,2927.4779
15256,2927.4804
15257,2927.4793
15258,2930.7919
15259,2930.7932
15260,2927.4809
15261,2930.7960
15262,2930.7939
15263,2930.7944
15264,2930.7981
15265,2930.7965
15266,2930.7972
15267,2930.8000
15268,2930.7986
15269,2930.7991
15270,2930.8019
15271,2930.8005
15272,2930.8010
15273,2930.8044
15274,2930.8025
15275,2930.8034
15276,2930.8029
15277,2934.0100
15278,2930.8049
15279,2930.8059
15280,2930.8054
15281,2934.0109
15282,2934.0119
15283,2934.0149
15284,2934.0130
15285,2934.0140
15286,2934.0169
15287,2934.0178
15288,2934.0154
15289,2934.0160
15290,2934.0188
15291,2937.5036
15292,2937.5021
15293,2937.5046
15294,2937.5062
15295,2937.5080
15296,2937.5071
15297,2937.5052
15298,2937.5100
15299,2937.5090
15300,2937.5085
15301,2937.5120
15302,2937.5129
15303,2937.5110
15304,2937.5105
15305,2937.5145
15306,2937.5176
15307,2937.5134
15308,2937.5167
15309,2937.5151
15310,2940.6478
15311,2940.6486
15312,2940.6491
15313,2940.6512
15314,2940.6535
15315,2940.6497
15316,2940.6525
15317,2940.6555
15318,2940.6541
15319,2940.6546
15320,2942.5389
15321,2942.5410
15322,2942.5421
15323,2940.6560
15324,2942.5398
15325,2943.9857
15326,2942.5432
15327,2943.9868
15328,2943.9843
15329,2946.1949
15330,2943.9879
15331,2943.9884
15332,2943.9873
15333,2946.1958
15334,2946.1974
15335,2946.1999
15336,2946.1987
15337,2946.1964
15338,2946.2008
15339,2946.2044
15340,2946.2025
15341,2946.2034
15342,2946.2013
15343,2946.2048
15344,2946.2073
15345,2946.2053
15346,2946.2058
15347,2946.2063
15348,2947.1760
15349,2947.1769
15350,2947.1775
15351,2949.7573
15352,2947.1779
15353,2947.1785
15354,2947.1789
15355,2949.7582
15356,2949.7587
15357,2949.7592
15358,2949.7612
15359,2949.7634
15360,2949.2542
15361,2949.2588
15362,2949.2559
15363,2949.2593
15364,2949.2609
15365,2949.2599
15366,2949.2626
15367,2949.2636
15368,2949.2659
15369,2949.2614
15370,2949.2642
15371,2949.6928
15372,2952.0199
15373,2949.6906
15374,2949.6915
15375,2952.0185
15376,2952.0218
15377,2952.0230
15378,2952.0206
15379,2952.0240
15380,2952.0261
15381,2952.0276
15382,2952.0246
15383,2952.0252
15384,2952.0266
15385,2952.8846
15386,2952.0280
15387,2955.3647
15388,2955.3634
15389,2955.3664
15390,2952.8855
15391,2955.3654
15392,2955.3679
15393,2955.3670
15394,2955.3700
15395,2955.3712
15396,2955.3685
15397,2955.3727
15398,2955.3736
15399,2955.3746
15400,2955.3717
15401,2955.3761
15402,2955.3752
15403,2956.0223
15404,2956.0211
15405,2956.0184
15406,2956.0196
15407,2958.6201
15408,2958.6172
15409,2958.6182
15410,2958.6188
15411,2958.6224
15412,2958.6207
15413,2959.3745
15414,2958.6213
15415,2958.6230
15416,2959.3771
15417,2959.3755
15418,2959.3793
15419,2959.3761
15420,2959.3782
15421,2959.3817
15422,2959.3799
15423,2961.8480
15424,2959.3805
15425,2959.3822
15426,2959.3827
15427,2961.8489
15428,2961.8496
15429,2961.8501
15430,2961.8528
15431,2961.8506
15432,2961.8512
15433,2961.8518
15434,2961.8532
15435,2961.8558
15436,2961.8537
15437,2962.6643
15438,2961.8543
15439,2961.8564
15440,2962.6665
15441,2962.6686
15442,2962.6676
15443,2962.6652
15444,2962.6714
15445,2962.6692
15446,2962.6698
15447,2962.6704
15448,2964.8749
15449,2964.8727
15450,2964.8737
15451,2964.8769
15452,2964.8781
15453,2964.8755
15454,2964.8790
15455,2965.8231
15456,2968.2712
15457,2964.8795
15458,2964.8803
15459,2965.8241
15460,2968.2746
15461,2968.2723
15462,2968.2730
15463,2968.2736
15464,2968.2757
15465,2968.2773
15466,2968.2782
15467,2968.2791
15468,2968.2762
15469,2968.9031
15470,2968.2816
15471,2968.2797
15472,2968.2804
15473,2968.9041
15474,2971.5390
15475,2971.5418
15476,2971.5405
15477,2968.9052
15478,2971.5439
15479,2971.5454
15480,2971.5424
15481,2971.5429
15482,2971.5445
15483,2971.5480
15484,2971.5464
15485,2971.5470
15486,2971.5490
15487,2972.3378
15488,2972.3388
15489,2972.3365
15490,2974.5646
15491,2972.3400
15492,2974.5659
15493,2972.3394
15494,2974.5670
15495,2974.5680
15496,2974.5690
15497,2974.5699
15498,2974.5708
15499,2974.5718
15500,2974.5727
15501,2974.5736
15502,2974.5751
15503,2974.5760
15504,2974.5741
15505,2975.4903
15506,2975.4883
15507,2977.6989
15508,2975.4892
15509,2977.6975
15510,2977.7013
15511,2977.6995
15512,2977.7000
15513,2977.7023
15514,2977.7049
15515,2977.7058
15516,2977.7039
15517,2977.7028
15518,2977.7067
15519,2978.6118
15520,2978.6092
15521,2978.6108
15522,2977.7072
15523,2981.0698
15524,2981.0685
15525,2978.6124
15526,2978.6129
15527,2981.0704
15528,2981.0710
15529,2981.0715
15530,2981.0734
15531,2981.0725
15532,2981.0720
15533,2981.0759
15534,2981.0739
15535,2981.0744
15536,2981.0749
15537,2981.8475
15538,2981.0764
15539,2981.0768
15540,2981.8499
15541,2981.8484
15542,2981.8489
15543,2981.8520
15544,2981.8505
15545,2984.1732
15546,2981.8510
15547,2984.1757
15548,2984.1746
15549,2984.1766
15550,2984.1776
15551,2985.1449
15552,2985.1436
15553,2984.1780
15554,2984.1787
15555,2985.1477
15556,2985.1455
15557,2985.1461
15558,2985.1465
15559,2985.1486
15560,2985.1496
15561,2985.1505
15562,2985.1514
15563,2987.4229
15564,2987.4243
15565,2987.4253
15566,2987.4263
15567,2987.4278
15568,2988.6097
15569,2987.4268
15570,2988.6110
15571,2988.6131
15572,2988.6140
15573,2988.6116
15574,2988.6121
15575,2990.9617
15576,2990.9632
15577,2988.6145
15578,2988.6152
15579,2990.9650
15580,2990.9659
15581,2990.9669
15582,2990.9638
15583,2990.9688
15584,2990.9674
15585,2991.7071
15586,2990.9679
15587,2991.7054
15588,2991.7061
15589,2991.7076
15590,2991.7080
15591,2994.2546
15592,2994.2582
15593,2994.2563
15594,2994.2572
15595,2994.2552
15596,2994.2602
15597,2994.2587
15598,2994.2592
15599,2994.2616
15600,2994.2607
15601,2994.2626
15602,2994.2637
15603,2994.8888
15604,2994.8877
15605,2994.8898
15606,2994.2642
15607,2997.3377
15608,2997.3364
15609,2997.3403
15610,2994.8905
15611,2997.3434
15612,2997.3387
15613,2997.3412
15614,2997.3421
15615,2997.3487
15616,2996.8264
15617,2996.8250
15618,2996.8276
15619,2996.8290
15620,2997.6624
15621,2997.6728
15622,2996.8300
15623,2997.6717
15624,2997.6629
15625,3000.2475
15626,2997.6733
15627,2997.6739
15628,3000.2505
15629,3000.2543
15630,3000.2562
15631,3000.2571
15632,3000.2519
15633,3000.2591
15634,3000.2582
15635,3000.2624
15636,3000.2608
15637,3001.0496
15638,3000.2596
15639,3001.0517
15640,3000.2630
15641,3001.0502
15642,3001.0508
15643,3001.0524
15644,3003.5992
15645,3001.0530
15646,3003.6019
15647,3001.0535
15648,3003.6002
15649,3003.6008
15650,3003.6042
15651,3003.6031
15652,3003.6025
15653,3003.6071
15654,3003.6049
15655,3003.6061
15656,3003.6055
15657,3004.3636
15658,3003.6076
15659,3004.3649
15660,3003.6083
15661,3006.7088
15662,3004.3671
15663,3006.7099
15664,3004.3660
15665,3006.7110
15666,3007.8258
15667,3006.7133
15668,3006.7115
15669,3006.7122
15670,3007.8276
15671,3007.8300
15672,3007.8287
15673,3007.8266
15674,3007.8316
15675,3007.8306
15676,3007.8332
15677,3007.8342
15678,3007.8322
15679,3010.0620
15680,3010.0635
15681,3010.0645
15682,3010.0654
15683,3010.0625
15684,3010.0660
15685,3010.0666
15686,3010.0671
15687,3011.0390
15688,3011.0406
15689,3011.0416
15690,3011.0426
15691,3011.0442
15692,3011.0452
15693,3011.0432
15694,3011.0461
15695,3013.4230
15696,3013.4243
15697,3013.4253
15698,3011.0468
15699,3013.4269
15700,3013.4281
15701,3013.4260
15702,3013.4292
15703,3014.1760
15704,3014.1743
15705,3014.1750
15706,3014.1778
15707,3016.7399
15708,3016.7386
15709,3014.1767
15710,3016.7415
15711,3016.7405
15712,3016.7430
15713,3016.7441
15714,3016.7456
15715,3016.7420
15716,3016.7472
15717,3016.7446
15718,3016.7461
15719,3017.7307
15720,3017.7334
15721,3017.7343
15722,3019.9289
15723,3017.7315
15724,3017.7352
15725,3017.7357
15726,3019.9296
15727,3019.9312
15728,3019.9330
15729,3019.9301
15730,3019.9339
15731,3019.9318
15732,3019.9344
15733,3019.9369
15734,3019.9348
15735,3019.9354
15736,3019.9360
15737,3019.9374
15738,3019.9379
15739,3020.8254
15740,3019.9383
15741,3019.9389
15742,3019.9393
15743,3020.8271
15744,3020.8261
15745,3023.0946
15746,3023.0957
15747,3023.0980
15748,3020.8277
15749,3023.0962
15750,3023.0970
15751,3023.0997
15752,3023.0984
15753,3023.1012
15754,3023.1034
15755,3023.1002
15756,3023.1066
15757,3023.1045
15758,3024.0348
15759,3023.1054
15760,3023.1070
15761,3024.0364
15762,3026.1034
15763,3026.1045
15764,3024.0354
15765,3026.1061
15766,3026.1051
15767,3026.1090
15768,3026.1080
15769,3026.1100
15770,3026.1066
15771,3026.1119
15772,3026.1109
15773,3026.1133
15774,3026.1142
15775,3026.1124
15776,3027.7437
15777,3027.7448
15778,3027.7471
15779,3027.7459
15780,3029.4287
15781,3029.4298
15782,3029.4270
15783,3029.4277
15784,3029.4307
15785,3030.9855
15786,3030.9866
15787,3030.9875
15788,3029.4312
15789,3030.9880
15790,3030.9886
15791,3030.9901
15792,3030.9917
15793,3030.9927
15794,3030.9891
15795,3030.9907
15796,3032.5233
15797,3032.5248
15798,3030.9932
15799,3030.9936
15800,3032.5238
15801,3032.5267
15802,3032.5253
15803,3032.5282
15804,3032.5258
15805,3032.5272
15806,3034.1111
15807,3034.1096
15808,3034.1101
15809,3034.1133
15810,3034.1117
15811,3034.1147
15812,3034.1123
15813,3034.1138
15814,3035.9020
15815,3035.9049
15816,3034.1152
15817,3035.9038
15818,3035.9028
15819,3035.9058
15820,3035.9074
15821,3035.9083
15822,3035.9093
15823,3035.9064
15824,3039.3967
15825,3037.3445
15826,3039.3979
15827,3037.3432
15828,3039.4014
15829,3039.4003
15830,3039.3986
15831,3039.3991
15832,3039.4035
15833,3039.4019
15834,3039.4025
15835,3039.4044
15836,3039.4059
15837,3039.4068
15838,3039.4078
15839,3039.4049
15840,3040.3896
15841,3040.3902
15842,3042.8555
15843,3040.3912
15844,3042.8535
15845,3042.8546
15846,3042.8586
15847,3042.8566
15848,3042.8577
15849,3042.8562
15850,3042.8608
15851,3042.8592
15852,3042.8617
15853,3042.8597
15854,3042.8636
15855,3042.8627
15856,3043.9599
15857,3043.9609
15858,3043.9625
15859,3043.9634
15860,3043.9614
15861,3046.2827
15862,3046.2843
15863,3043.9639
15864,3043.9644
15865,3046.2833
15866,3046.2848
15867,3046.2852
15868,3046.2859
15869,3046.2864
15870,3046.2869
15871,3046.2879
15872,3045.8234
15873,3045.8254
15874,3045.8239
15875,3045.8265
15876,3045.8244
15877,3045.8282
15878,3045.8293
15879,3046.7725
15880,3045.8271
15881,3046.7742
15882,3046.7752
15883,3049.0202
15884,3046.7731
15885,3046.7757
15886,3046.7762
15887,3049.0217
15888,3049.0232
15889,3049.0241
15890,3049.0208
15891,3049.0222
15892,3049.0246
15893,3049.0260
15894,3049.0275
15895,3049.0286
15896,3049.0251
15897,3049.0266
15898,3049.0291
15899,3049.9360
15900,3049.0295
15901,3049.0301
15902,3049.9349
15903,3049.9365
15904,3052.0741
15905,3049.9371
15906,3049.9376
15907,3049.9382
15908,3052.0748
15909,3052.0752
15910,3052.0776
15911,3052.0758
15912,3052.0791
15913,3052.0765
15914,3052.0782
15915,3053.0418
15916,3053.0435
15917,3053.0446
15918,3053.0408
15919,3053.0467
15920,3053.0476
15921,3053.0451
15922,3053.0458
15923,3055.2984
15924,3055.2996
15925,3055.3006
15926,3053.0483
15927,3056.3376
15928,3055.3011
15929,3056.3395
15930,3055.3022
15931,3056.3383
15932,3056.3410
15933,3056.3401
15934,3056.3420
15935,3056.3431
15936,3056.3451
15937,3056.3460
15938,3056.3436
15939,3056.3441
15940,3056.3466
15941,3056.3472
15942,3058.3721
15943,3056.3477
15944,3056.3484
15945,3056.3489
15946,3058.3742
15947,3058.3732
15948,3059.3896
15949,3059.3908
15950,3059.3878
15951,3059.3935
15952,3059.3914
15953,3059.3920
15954,3059.3925
15955,3059.3957
15956,3059.3941
15957,3059.3948
15958,3062.1559
15959,3062.1607
15960,3062.1621
15961,3062.1595
15962,3062.1578
15963,3062.5716
15964,3062.1627
15965,3062.5731
15966,3062.5741
15967,3062.5722
15968,3062.5757
15969,3062.5772
15970,3062.5747
15971,3062.5784
15972,3062.5763
15973,3062.5790
15974,3065.3609
15975,3065.3621
15976,3062.5796
15977,3062.5802
15978,3065.3627
15979,3065.3654
15980,3065.3632
15981,3065.3638
15982,3065.3643
15983,3065.7673
15984,3065.7685
15985,3065.7656
15986,3065.7662
15987,3065.7696
15988,3065.7724
15989,3065.7733
15990,3065.7713
15991,3065.7701
15992,3065.7739
15993,3065.7747
15994,3065.7753
15995,3065.7758
15996,3065.7764
15997,3065.7769
15998,3065.7773
15999,3068.5197
16000,3068.5208
16001,3068.5217
16002,3068.5226
16003,3069.0978
16004,3068.5232
16005,3068.5238
16006,3068.5244
16007,3069.0985
16008,3069.1000
16009,3069.1015
16010,3069.0990
16011,3069.1024
16012,3069.1006
16013,3069.1043
16014,3069.1029
16015,3069.1054
16016,3069.1034
16017,3071.8055
16018,3071.8065
16019,3069.1058
16020,3069.1063
16021,3071.8071
16022,3071.8076
16023,3071.8081
16024,3071.8086
16025,3071.8090
16026,3072.0969
16027,3071.8102
16028,3071.8096
16029,3071.8107
16030,3072.0975
16031,3072.0994
16032,3072.0980
16033,3072.0985
16034,3072.1004
16035,3072.1037
16036,3072.1014
16037,3072.1026
16038,3072.1061
16039,3072.1070
16040,3072.1042
16041,3072.1051
16042,3074.9581
16043,3074.9562
16044,3075.6105
16045,3074.9571
16046,3074.9586
16047,3075.6121
16048,3075.6111
16049,3075.6152
16050,3075.6143
16051,3075.6127
16052,3075.6133
16053,3075.6157
16054,3075.6162
16055,3075.6188
16056,3075.6167
16057,3075.6173
16058,3075.6178
16059,3075.6193
16060,3075.6213
16061,3079.0781
16062,3075.6199
16063,3075.6204
16064,3079.0803
16065,3079.0788
16066,3079.0822
16067,3079.0793
16068,3079.0808
16069,3079.0813
16070,3079.0842
16071,3079.0827
16072,3079.0832
16073,3079.0858
16074,3079.0883
16075,3079.0847
16076,3079.0874
16077,3079.0863
16078,3081.4389
16079,3079.0893
16080,3079.0888
16081,3082.4275
16082,3082.4304
16083,3081.4396
16084,3082.4293
16085,3082.4281
16086,3082.4329
16087,3082.4314
16088,3082.4309
16089,3082.4319
16090,3082.4334
16091,3082.4350
16092,3082.4338
16093,3082.4370
16094,3082.4381
16095,3082.4355
16096,3082.4360
16097,3085.0576
16098,3085.0588
16099,3082.4385
16100,3082.4390
16101,3085.5551
16102,3085.5565
16103,3085.5533
16104,3085.5539
16105,3085.5555
16106,3085.5571
16107,3085.5577
16108,3085.5596
16109,3085.5582
16110,3085.5587
16111,3085.5610
16112,3088.5075
16113,3088.5063
16114,3085.5601
16115,3088.5098
16116,3088.7448
16117,3088.5080
16118,3088.5085
16119,3088.7474
16120,3088.7454
16121,3088.7459
16122,3088.7464
16123,3088.7478
16124,3088.7494
16125,3088.7510
16126,3088.7519
16127,3088.7484
16128,3088.2524
16129,3088.2570
16130,3088.2547
16131,3088.2559
16132,3088.2554
16133,3091.2862
16134,3088.2575
16135,3088.2581
16136,3091.2885
16137,3091.8468
16138,3091.2870
16139,3091.2875
16140,3091.8503
16141,3091.8487
16142,3091.8530
16143,3091.8492
16144,3091.8514
16145,3091.8519
16146,3091.8557
16147,3091.8540
16148,3091.8571
16149,3091.8586
16150,3094.5301
16151,3094.5312
16152,3091.8594
16153,3094.5334
16154,3094.9487
16155,3094.5323
16156,3094.5317
16157,3094.5339
16158,3094.9498
16159,3094.9537
16160,3094.9516
16161,3094.9527
16162,3094.9503
16163,3094.9547
16164,3094.9541
16165,3094.9563
16166,3094.9553
16167,3094.9580
16168,3094.9589
16169,3098.0275
16170,3094.9569
16171,3098.0290
16172,3094.9595
16173,3098.0307
16174,3098.0318
16175,3098.0297
16176,3098.0340
16177,3098.0324
16178,3098.0331
16179,3098.0357
16180,3098.0367
16181,3098.0376
16182,3098.0346
16183,3098.0390
16184,3101.6013
16185,3098.0381
16186,3101.6027
16187,3101.6042
16188,3101.6052
16189,3101.6061
16190,3101.6032
16191,3101.6071
16192,3101.6087
16193,3101.6098
16194,3101.6107
16195,3101.6075
16196,3101.6113
16197,3101.6119
16198,3101.6126
16199,3101.6132
16200,3101.6138
16201,3101.6142
16202,3101.6163
16203,3101.6147
16204,3101.6189
16205,3101.6154
16206,3101.6174
16207,3101.6180
16208,3104.8846
16209,3101.6195
16210,3101.6200
16211,3104.8867
16212,3104.8879
16213,3104.8890
16214,3104.8856
16215,3104.8911
16216,3104.8920
16217,3104.8896
16218,3104.8901
16219,3104.8937
16220,3104.8947
16221,3104.8926
16222,3104.8956
16223,3107.9524
16224,3104.8961
16225,3104.8967
16226,3104.8973
16227,3108.0250
16228,3108.0274
16229,3108.0258
16230,3108.0264
16231,3108.0296
16232,3108.0280
16233,3108.0286
16234,3108.0320
16235,3108.0303
16236,3108.0336
16237,3108.0309
16238,3108.0346
16239,3108.0357
16240,3111.4199
16241,3111.4214
16242,3111.4224
16243,3108.0363
16244,3111.4257
16245,3111.4247
16246,3111.4230
16247,3111.4236
16248,3111.4264
16249,3111.4270
16250,3111.4296
16251,3111.4275
16252,3111.4281
16253,3111.4287
16254,3111.4301
16255,3111.4315
16256,3111.4306
16257,3111.4344
16258,3111.4334
16259,3111.4320
16260,3114.6636
16261,3114.6657
16262,3114.6669
16263,3111.4349
16264,3114.6646
16265,3114.6689
16266,3114.6674
16267,3114.6679
16268,3114.6709
16269,3114.6694
16270,3114.6719
16271,3114.6728
16272,3114.6742
16273,3114.6752
16274,3114.6733
16275,3114.6773
16276,3114.6757
16277,3117.7294
16278,3114.6764
16279,3117.7327
16280,3114.6779
16281,3117.7315
16282,3117.7343
16283,3117.7365
16284,3117.7333
16285,3117.7355
16286,3117.7380
16287,3117.7404
16288,3117.7370
16289,3117.7391
16290,3117.7424
16291,3117.7409
16292,3117.7433
16293,3117.7414
16294,3121.1597
16295,3121.1609
16296,3121.1634
16297,3121.1643
16298,3121.1614
16299,3121.1619
16300,3121.1663
16301,3121.1672
16302,3121.1649
16303,3121.1654
16304,3121.1692
16305,3121.1677
16306,3123.8542
16307,3121.1683
16308,3123.8560
16309,3121.1697
16310,3123.8549
16311,3124.3893
16312,3123.8565
16313,3124.3916
16314,3124.3926
16315,3124.3901
16316,3124.3907
16317,3124.3930
16318,3124.3953
16319,3124.3942
16320,3124.3936
16321,3124.3978
16322,3124.3958
16323,3124.3968
16324,3124.3963
16325,3124.3983
16326,3124.3988
16327,3127.1145
16328,3124.3993
16329,3127.1174
16330,3127.1193
16331,3127.1152
16332,3127.1227
16333,3127.1205
16334,3127.1210
16335,3127.5680
16336,3127.1232
16337,3127.5696
16338,3127.5719
16339,3127.5686
16340,3127.5749
16341,3127.5733
16342,3127.5740
16343,3127.5770
16344,3127.5790
16345,3127.5800
16346,3127.5754
16347,3127.5774
16348,3130.2656
16349,3130.2676
16350,3130.9091
16351,3130.2663
16352,3130.9080
16353,3130.2682
16354,3130.9096
16355,3130.9111
16356,3130.9101
16357,3130.9132
16358,3130.9142
16359,3130.9116
16360,3130.9121
16361,3130.9178
16362,3130.9168
16363,3130.9146
16364,3130.9152
16365,3130.9182
16366,3130.9187
16367,3130.9197
16368,3130.9192
16369,3133.1602
16370,3133.1608
16371,3134.2418
16372,3134.2408
16373,3134.2430
16374,3133.1614
16375,3134.2440
16376,3137.8282
16377,3137.8293
16378,3137.8303
16379,3137.8332
16380,3137.8308
16381,3137.8349
16382,3137.8314
16383,3137.8366
16384,3137.3370
16385,3137.3386
16386,3139.8395
16387,3139.8408
16388,3139.8375
16389,3139.8383
16390,3139.8435
16391,3139.8414
16392,3139.8419
16393,3139.8426
16394,3139.8457
16395,3139.8485
16396,3139.8475
16397,3139.8447
16398,3139.8463
16399,3139.8495
16400,3139.8490
16401,3143.6125
16402,3143.6156
16403,3143.6146
16404,3143.6136
16405,3143.6175
16406,3143.6161
16407,3143.6166
16408,3143.6190
16409,3143.6205
16410,3143.6180
16411,3143.6214
16412,3143.6195
16413,3143.6230
16414,3143.6253
16415,3143.6220
16416,3143.6241
16417,3146.7479
16418,3146.7494
16419,3146.7469
16420,3146.7462
16421,3146.7485
16422,3146.7500
16423,3146.7516
16424,3146.7536
16425,3146.7546
16426,3146.7505
16427,3146.7522
16428,3146.7574
16429,3146.7550
16430,3146.7557
16431,3146.7563
16432,3146.7600
16433,3146.7579
16434,3146.7586
16435,3146.7591
16436,3150.1001
16437,3146.7606
16438,3146.7613
16439,3150.1019
16440,3150.1030
16441,3150.1041
16442,3150.1007
16443,3150.1062
16444,3150.1047
16445,3150.1053
16446,3150.1073
16447,3150.1098
16448,3150.1089
16449,3150.1108
16450,3150.1077
16451,3150.1114
16452,3150.1125
16453,3153.3009
16454,3153.3034
16455,3153.2990
16456,3150.1129
16457,3153.3018
16458,3153.3042
16459,3153.3050
16460,3153.3058
16461,3153.3064
16462,3153.3096
16463,3153.3070
16464,3153.3077
16465,3153.3084
16466,3153.3115
16467,3153.3145
16468,3153.3130
16469,3153.3102
16470,3153.3172
16471,3153.3160
16472,3153.3153
16473,3153.3184
16474,3156.6473
16475,3156.6483
16476,3156.6459
16477,3156.6509
16478,3156.6490
16479,3156.6524
16480,3156.6497
16481,3156.6543
16482,3156.6514
16483,3156.6532
16484,3156.6558
16485,3156.6590
16486,3156.6600
16487,3156.6579
16488,3156.6564
16489,3156.6621
16490,3156.6606
16491,3160.1576
16492,3156.6612
16493,3156.6630
16494,3156.6635
16495,3160.1583
16496,3160.1603
16497,3160.1614
16498,3160.1625
16499,3160.1588
16500,3166.4312
16501,3166.4318
16502,3166.4325
16503,3166.4355
16504,3166.4330
16505,3166.4342
16506,3166.4336
16507,3166.4379
16508,3166.4392
16509,3166.4361
16510,3166.4368
16511,3166.4413
16512,3166.4398
16513,3166.4425
16514,3166.4439
16515,3169.7984
16516,3166.4461
16517,3169.7997
16518,3166.4447
16519,3169.8002
16520,3169.8006
16521,3169.8015
16522,3169.8025
16523,3169.8057
16524,3169.8046
16525,3169.8030
16526,3169.8035
16527,3169.8062
16528,3169.8071
16529,3169.8088
16530,3169.8097
16531,3173.4327
16532,3169.8076
16533,3173.4348
16534,3173.4359
16535,3173.4334
16536,3173.4383
16537,3173.4364
16538,3173.4368
16539,3173.4373
16540,3173.4404
16541,3173.4389
16542,3173.4394
16543,3173.4427
16544,3173.4408
16545,3173.4413
16546,3173.4418
16547,3173.4431
16548,3173.4446
16549,3176.6455
16550,3176.6466
16551,3173.4436
16552,3173.4451
16553,3176.6473
16554,3176.6499
16555,3176.6479
16556,3176.6484
16557,3176.6488
16558,3176.6503
16559,3176.6509
16560,3176.6519
16561,3176.6539
16562,3176.6550
16563,3176.6530
16564,3176.6566
16565,3176.6581
16566,3176.6554
16567,3176.6591
16568,3176.6572
16569,3176.6596
16570,3180.0961
16571,3176.6600
16572,3176.6616
16573,3176.6606
16574,3180.0971
16575,3180.0982
16576,3180.1022
16577,3180.1000
16578,3180.1013
16579,3180.0987
16580,3180.1028
16581,3180.1060
16582,3180.1051
16583,3180.1035
16584,3180.1041
16585,3180.1081
16586,3180.1066
16587,3180.1072
16588,3183.1931
16589,3183.1946
16590,3180.1086
16591,3183.1956
16592,3183.1971
16593,3183.1981
16594,3183.1962
16595,3183.1990
16596,3183.2005
16597,3183.2014
16598,3183.2024
16599,3183.1995
16600,3183.2163
16601,3183.2028
16602,3183.2145
16603,3183.2153
16604,3183.2169
16605,3186.3570
16606,3183.2174
16607,3183.2179
16608,3186.3598
16609,3186.3615
16610,3186.3580
16611,3186.3587
16612,3186.3630
16613,3186.3643
16614,3186.3652
16615,3186.3621
16616,3186.3679
16617,3186.3658
16618,3186.3663
16619,3186.3669
16620,3186.3701
16621,3186.3686
16622,3186.3691
16623,3189.5369
16624,3189.5383
16625,3189.5393
16626,3189.5403
16627,3189.5421
16628,3189.5431
16629,3189.5408
16630,3189.5440
16631,3189.5455
16632,3189.5464
16633,3189.5445
16634,3189.5475
16635,3189.5489
16636,3189.5498
16637,3192.9416
16638,3189.5479
16639,3192.9426
16640,3192.4364
16641,3192.4394
16642,3192.4420
16643,3192.4409
16644,3192.4399
16645,3192.4438
16646,3192.4468
16647,3192.4458
16648,3192.4426
16649,3192.4444
16650,3192.4473
16651,3192.4491
16652,3192.4479
16653,3195.2294
16654,3195.2309
16655,3192.4496
16656,3192.4502
16657,3195.2316
16658,3195.2321
16659,3195.2337
16660,3195.2326
16661,3195.2357
16662,3195.2370
16663,3195.2342
16664,3195.2390
16665,3195.2375
16666,3195.2380
16667,3195.2409
16668,3195.2395
16669,3198.5343
16670,3195.2400
16671,3195.2415
16672,3195.2420
16673,3198.5353
16674,3198.5359
16675,3198.5364
16676,3198.5370
16677,3198.5377
16678,3198.5387
16679,3198.5424
16680,3198.5399
16681,3198.5409
16682,3198.5433
16683,3198.5458
16684,3198.5468
16685,3198.5447
16686,3198.5478
16687,3198.5522
16688,3198.5500
16689,3198.5512
16690,3198.5483
16691,3198.5534
16692,3198.5528
16693,3201.6495
16694,3201.6505
16695,3201.6482
16696,3201.6476
16697,3201.6528
16698,3201.6510
16699,3201.6516
16700,3201.6544
16701,3201.6559
16702,3201.6532
16703,3201.6569
16704,3201.6550
16705,3201.6585
16706,3204.7099
16707,3204.7110
16708,3201.6574
16709,3201.6595
16710,3204.7133
16711,3204.7117
16712,3204.7155
16713,3204.7122
16714,3204.7170
16715,3204.7139
16716,3204.7191
16717,3204.7160
16718,3204.7176
16719,3204.7180
16720,3204.7208
16721,3204.7219
16722,3204.7197
16723,3204.7231
16724,3208.0000
16725,3208.0019
16726,3208.0029
16727,3204.7236
16728,3208.0008
16729,3208.0044
16730,3208.0059
16731,3208.0068
16732,3208.0035
16733,3208.0078
16734,3208.0108
16735,3208.0089
16736,3208.0098
16737,3208.0122
16738,3211.2285
16739,3211.2295
16740,3208.0113
16741,3208.0128
16742,3211.2300
16743,3211.2305
16744,3211.2334
16745,3211.2318
16746,3211.2355
16747,3211.2346
16748,3211.2378
16749,3211.2392
16750,3211.2361
16751,3211.2367
16752,3211.2383
16753,3211.2413
16754,3211.2398
16755,3211.2404
16756,3214.3519
16757,3214.3551
16758,3211.2418
16759,3211.2424
16760,3214.3570
16761,3214.3560
16762,3214.3590
16763,3214.3603
16764,3214.3575
16765,3214.3624
16766,3214.3634
16767,3214.3609
16768,3214.3614
16769,3214.3655
16770,3214.3640
16771,3214.3670
16772,3214.3645
16773,3217.4002
16774,3214.3661
16775,3217.3987
16776,3217.3992
16777,3217.4007
16778,3217.4026
16779,3217.4011
16780,3217.4045
16781,3217.4017
16782,3217.4031
16783,3217.4036
16784,3220.8597
16785,3217.4059
16786,3217.4050
16787,3220.8587
16788,3220.8602
16789,3220.8607
16790,3220.8612
16791,3220.8617
16792,3220.8657
16793,3220.8627
16794,3220.8637
16795,3220.8646
16796,3220.8682
16797,3220.8695
16798,3220.8662
16799,3220.8673
16800,3223.9887
16801,3223.9871
16802,3223.9902
16803,3223.9877
16804,3223.9893
16805,3223.9922
16806,3223.9907
16807,3223.9936
16808,3223.9911
16809,3223.9926
16810,3223.9951
16811,3223.9941
16812,3223.9968
16813,3223.9977
16814,3223.9956
16815,3223.9987
16816,3227.4582
16817,3227.4596
16818,3227.4606
16819,3227.4626
16820,3227.4610
16821,3227.4635
16822,3227.4617
16823,3227.4660
16824,3227.4644
16825,3227.4674
16826,3227.4684
16827,3227.4702
16828,3227.4665
16829,3227.4688
16830,3227.4693
16831,3227.4722
16832,3227.4707
16833,3227.4713
16834,3230.8163
16835,3227.4727
16836,3227.4735
16837,3227.4740
16838,3230.8188
16839,3230.8168
16840,3230.8173
16841,3230.8178
16842,3230.8198
16843,3230.8227
16844,3230.8208
16845,3230.8218
16846,3230.8241
16847,3230.8268
16848,3230.8259
16849,3230.8232
16850,3230.8246
16851,3233.7210
16852,3233.7220
16853,3230.8273
16854,3233.7231
16855,3233.7251
16856,3233.7236
16857,3233.7242
16858,3233.7273
16859,3233.7256
16860,3233.7291
16861,3233.7262
16862,3233.7278
16863,3233.7282
16864,3233.7311
16865,3233.7296
16866,3233.7320
16867,3233.7302
16868,3236.9003
16869,3236.8993
16870,3233.7326
16871,3236.9018
16872,3236.9034
16873,3236.9009
16874,3236.9044
16875,3236.9024
16876,3236.9058
16877,3236.9079
16878,3236.9070
16879,3236.9048
16880,3236.9101
16881,3236.9084
16882,3236.9121
16883,3236.9090
16884,3236.9106
16885,3236.9111
16886,3236.9127
16887,3240.3255
16888,3236.9132
16889,3236.9137
16890,3236.9142
16891,3240.3261
16892,3240.3266
16893,3240.3271
16894,3240.3289
16895,3240.3311
16896,3239.8290
16897,3239.8314
16898,3239.8351
16899,3239.8330
16900,3239.8335
16901,3239.8342
16902,3239.8356
16903,3239.8397
16904,3239.8372
16905,3239.8387
16906,3239.8361
16907,3243.2249
16908,3239.8402
16909,3239.8408
16910,3243.2272
16911,3243.2281
16912,3243.2256
16913,3243.2262
16914,3243.2292
16915,3243.2323
16916,3243.2333
16917,3243.2314
16918,3243.2302
16919,3246.6930
16920,3246.6942
16921,3246.6952
16922,3246.6962
16923,3246.6988
16924,3246.6967
16925,3246.6972
16926,3246.6977
16927,3246.7013
16928,3246.6993
16929,3246.7023
16930,3246.7002
16931,3246.7046
16932,3246.7055
16933,3246.7028
16934,3246.7034
16935,3246.7086
16936,3246.7060
16937,3246.7065
16938,3246.7070
16939,3246.7092
16940,3246.7096
16941,3249.7952
16942,3246.7102
16943,3249.7938
16944,3249.7932
16945,3249.7968
16946,3249.7957
16947,3249.7996
16948,3249.7984
16949,3249.7974
16950,3249.8006
16951,3249.8042
16952,3249.8023
16953,3249.8032
16954,3249.8011
16955,3249.8066
16956,3249.8047
16957,3249.8052
16958,3249.8057
16959,3249.8072
16960,3249.8076
16961,3253.2773
16962,3253.2784
16963,3253.2795
16964,3253.2805
16965,3253.2829
16966,3253.2810
16967,3253.2815
16968,3253.2820
16969,3253.2845
16970,3253.2860
16971,3253.2876
16972,3253.2834
16973,3253.2850
16974,3253.2881
16975,3253.2898
16976,3253.2919
16977,3253.2928
16978,3253.2938
16979,3256.4601
16980,3256.4616
16981,3253.2943
16982,3253.2948
16983,3256.4607
16984,3256.4631
16985,3256.4642
16986,3256.4621
16987,3256.4656
16988,3256.4671
16989,3256.4647
16990,3256.4680
16991,3256.4662
16992,3256.4707
16993,3256.4696
16994,3256.4716
16995,3256.4686
16996,3256.4721
16997,3260.0454
16998,3256.4727
16999,3260.0488
17000,3260.0476
17001,3260.0461
17002,3260.0466
17003,3260.0494
17004,3260.0519
17005,3260.0500
17006,3260.0509
17007,3260.0530
17008,3260.0535
17009,3260.0551
17010,3260.0576
17011,3260.0541
17012,3260.0567
17013,3260.0597
17014,3260.0581
17015,3260.0587
17016,3263.2632
17017,3260.0602
17018,3263.2649
17019,3263.2661
17020,3263.2639
17021,3263.2679
17022,3263.2693
17023,3263.2702
17024,3263.2667
17025,3263.2683
17026,3263.2712
17027,3263.2744
17028,3263.2724
17029,3263.2735
17030,3263.2753
17031,3266.4986
17032,3266.4965
17033,3266.4976
17034,3263.2758
17035,3266.4996
17036,3266.4991
17037,3266.5011
17038,3266.5001
17039,3266.5042
17040,3266.5032
17041,3266.5017
17042,3266.5023
17043,3266.5067
17044,3266.5047
17045,3266.5051
17046,3266.5056
17047,3266.5072
17048,3266.5077
17049,3269.7388
17050,3266.5081
17051,3266.5086
17052,3269.7409
17053,3269.7395
17054,3269.7429
17055,3269.7400
17056,3269.7415
17057,3269.7419
17058,3269.7433
17059,3269.7438
17060,3269.7463
17061,3269.7443
17062,3269.7449
17063,3269.7454
17064,3269.7492
17065,3269.7473
17066,3269.7478
17067,3269.7482
17068,3269.7497
17069,3269.7515
17070,3269.7501
17071,3269.7506
17072,3272.9497
17073,3269.7520
17074,3269.7525
17075,3272.9519
17076,3272.9534
17077,3272.9544
17078,3272.9503
17079,3272.9524
17080,3272.9566
17081,3272.9550
17082,3272.9581
17083,3272.9554
17084,3272.9597
17085,3272.9570
17086,3272.9608
17087,3272.9617
17088,3276.1066
17089,3276.1079
17090,3276.1096
17091,3272.9622
17092,3276.1085
17093,3276.1106
17094,3276.1127
17095,3276.1136
17096,3276.1117
17097,3276.1159
17098,3276.1141
17099,3276.1147
17100,3276.1183
17101,3276.1164
17102,3276.1169
17103,3276.1174
17104,3276.1188
17105,3276.1207
17106,3279.3017
17107,3276.1193
17108,3276.1197
17109,3279.3034
17110,3279.3048
17111,3279.3060
17112,3279.3024
17113,3279.3039
17114,3279.3064
17115,3279.3080
17116,3279.3090
17117,3279.3069
17118,3279.3099
17119,3279.3119
17120,3279.3128
17121,3279.3105
17122,3279.3109
17123,3282.3708
17124,3279.3133
17125,3279.3138
17126,3282.3718
17127,3282.3740
17128,3282.3729
17129,3282.3750
17130,3282.3769
17131,3282.3778
17132,3282.3755
17133,3282.3760
17134,3282.3792
17135,3282.3818
17136,3282.3783
17137,3282.3808
17138,3282.3798
17139,3285.6093
17140,3285.6104
17141,3282.3823
17142,3285.6113
17143,3285.6123
17144,3285.6138
17145,3285.6148
17146,3285.6157
17147,3285.6129
17148,3285.6162
17149,3285.6167
17150,3285.6194
17151,3285.6172
17152,3285.1191
17153,3285.1198
17154,3285.1218
17155,3285.1248
17156,3285.1227
17157,3285.1238
17158,3288.3527
17159,3285.1259
17160,3288.3549
17161,3285.1253
17162,3288.3532
17163,3288.3537
17164,3288.3564
17165,3288.3575
17166,3288.3554
17167,3288.3587
17168,3288.3602
17169,3288.3593
17170,3288.3630
17171,3288.3619
17172,3288.3607
17173,3291.6965
17174,3288.3636
17175,3288.3640
17176,3291.6976
17177,3291.6992
17178,3291.7004
17179,3291.7017
17180,3291.6982
17181,3291.7106
17182,3291.7133
17183,3291.7143
17184,3291.7123
17185,3291.7112
17186,3294.8716
17187,3291.7149
17188,3294.8739
17189,3291.7153
17190,3294.8724
17191,3294.8729
17192,3294.8754
17193,3294.8763
17194,3294.8744
17195,3294.8773
17196,3294.8794
17197,3294.8779
17198,3294.8809
17199,3294.8785
17200,3294.8831
17201,3294.8800
17202,3294.8815
17203,3297.9423
17204,3294.8837
17205,3297.9447
17206,3297.9436
17207,3297.9478
17208,3297.9468
17209,3297.9454
17210,3297.9495
17211,3297.9484
17212,3297.9505
17213,3297.9514
17214,3297.9528
17215,3297.9537
17216,3297.9551
17217,3297.9519
17218,3297.9542
17219,3297.9567
17220,3297.9557
17221,3301.0238
17222,3301.0228
17223,3301.0217
17224,3301.0248
17225,3301.0258
17226,3301.0267
17227,3301.0277
17228,3301.0297
17229,3301.0282
17230,3301.0288
17231,3301.0320
17232,3301.0302
17233,3301.0334
17234,3301.0308
17235,3301.0366
17236,3301.0356
17237,3301.0340
17238,3301.0346
17239,3304.4726
17240,3304.4756
17241,3301.0371
17242,3304.4744
17243,3304.4734
17244,3304.4775
17245,3304.4802
17246,3304.4762
17247,3304.4786
17248,3304.4817
17249,3304.4807
17250,3304.4834
17251,3304.4843
17252,3307.8349
17253,3304.4823
17254,3307.8370
17255,3304.4849
17256,3307.8391
17257,3307.8357
17258,3307.8375
17259,3307.8381
17260,3307.8397
17261,3307.8402
17262,3307.8407
17263,3307.8412
17264,3307.8433
17265,3307.8442
17266,3307.8416
17267,3307.8422
17268,3307.8462
17269,3307.8471
17270,3307.8447
17271,3307.8453
17272,3310.9147
17273,3307.8476
17274,3310.9160
17275,3310.9169
17276,3310.9179
17277,3310.9188
17278,3310.9205
17279,3310.9215
17280,3310.9194
17281,3310.9229
17282,3310.9244
17283,3310.9254
17284,3310.9220
17285,3310.9235
17286,3310.9259
17287,3310.9265
17288,3310.9270
17289,3310.9275
17290,3310.9279
17291,3314.0033
17292,3314.0049
17293,3310.9284
17294,3314.0059
17295,3314.0039
17296,3314.0064
17297,3314.0091
17298,3314.0071
17299,3314.0077
17300,3314.0082
17301,3314.0111
17302,3314.0096
17303,3314.0101
17304,3314.0130
17305,3314.0116
17306,3317.2599
17307,3314.0120
17308,3317.2614
17309,3317.2588
17310,3317.2604
17311,3317.2628
17312,3317.2637
17313,3317.2650
17314,3317.2619
17315,3317.2672
17316,3317.2655
17317,3317.2686
17318,3317.2661
17319,3317.2706
17320,3317.2677
17321,3317.2691
17322,3317.2696
17323,3320.6419
17324,3317.2710
17325,3320.6436
17326,3317.2715
17327,3320.6426
17328,3320.6458
17329,3320.6473
17330,3320.6442
17331,3320.6447
17332,3320.6463
17333,3320.6496
17334,3320.6505
17335,3320.6483
17336,3320.6478
17337,3320.6519
17338,3320.6510
17339,3323.8284
17340,3323.8273
17341,3320.6525
17342,3320.6530
17343,3323.8295
17344,3323.8310
17345,3323.8319
17346,3323.8328
17347,3323.8300
17348,3323.8334
17349,3323.8338
17350,3323.8363
17351,3323.8343
17352,3323.8349
17353,3323.8353
17354,3323.8367
17355,3323.8386
17356,3323.8400
17357,3323.8372
17358,3323.8377
17359,3323.8391
17360,3327.0251
17361,3323.8405
17362,3323.8410
17363,3323.8415
17364,3327.0267
17365,3327.0258
17366,3327.0282
17367,3327.0292
17368,3327.0273
17369,3327.0303
17370,3327.0328
17371,3327.0338
17372,3327.0319
17373,3327.0307
17374,3327.0362
17375,3327.0343
17376,3327.0352
17377,3327.0382
17378,3327.0367
17379,3327.0372
17380,3330.3524
17381,3327.0386
17382,3327.0391
17383,3327.0396
17384,3330.3531
17385,3330.3536
17386,3330.3541
17387,3330.3557
17388,3330.3546
17389,3330.3578
17390,3330.3588
17391,3330.3568
17392,3330.3562
17393,3330.3602
17394,3330.3611
17395,3330.3621
17396,3330.3592
17397,3330.3634
17398,3330.3658
17399,3330.3625
17400,3330.3649
17401,3330.3639
17402,3330.3664
17403,3333.3701
17404,3333.3711
17405,3330.3668
17406,3333.3691
17407,3333.3734
17408,3332.8780
17409,3332.8792
17410,3332.8748
17411,3332.8770
17412,3332.8812
17413,3332.8797
17414,3332.8828
17415,3332.8801
17416,3332.8817
17417,3332.8849
17418,3332.8833
17419,3332.8837
17420,3336.0177
17421,3336.0144
17422,3336.0160
17423,3336.0166
17424,3336.0184
17425,3336.0193
17426,3336.0213
17427,3336.0223
17428,3336.0198
17429,3336.0204
17430,3336.0237
17431,3339.1862
17432,3336.0227
17433,3339.1853
17434,3339.1874
17435,3339.1892
17436,3339.1884
17437,3339.1866
17438,3339.1908
17439,3339.1921
17440,3339.1896
17441,3339.1900
17442,3339.1911
17443,3339.1924
17444,3339.1940
17445,3339.1928
17446,3339.1933
17447,3339.1952
17448,3342.7615
17449,3342.7603
17450,3339.1944
17451,3342.7644
17452,3342.7621
17453,3342.7627
17454,3342.7633
17455,3342.7650
17456,3342.7655
17457,3342.7677
17458,3342.7660
17459,3342.7666
17460,3342.7697
17461,3342.7682
17462,3342.7688
17463,3342.7719
17464,3342.7703
17465,3342.7708
17466,3342.7742
17467,3342.7725
17468,3342.7731
17469,3342.7758
17470,3346.0325
17471,3342.7748
17472,3346.0311
17473,3346.0356
17474,3346.0339
17475,3346.0345
17476,3346.0332
17477,3346.0363
17478,3346.0384
17479,3346.0368
17480,3346.0374
17481,3346.0406
17482,3346.0421
17483,3346.0390
17484,3346.0396
17485,3346.0412
17486,3346.0443
17487,3346.0457
17488,3346.0427
17489,3346.0433
17490,3346.0447
17491,3349.1399
17492,3349.1410
17493,3349.1420
17494,3349.1429
17495,3349.1445
17496,3349.1454
17497,3349.1435
17498,3349.1463
17499,3349.1478
17500,3349.1493
17501,3349.1468
17502,3349.1502
17503,3349.1484
17504,3349.1507
17505,3349.1516
17506,3352.3033
17507,3352.3047
17508,3352.3021
17509,3349.1521
17510,3352.3085
17511,3352.3065
17512,3352.3053
17513,3352.3076
17514,3352.3090
17515,3352.3111
17516,3352.3120
17517,3352.3096
17518,3352.3101
17519,3352.3141
17520,3355.8263
17521,3352.3126
17522,3352.3132
17523,3352.3146
17524,3355.8280
17525,3355.8299
17526,3355.8316
17527,3355.8270
17528,3355.8288
17529,3355.8322
17530,3355.8328
17531,3355.8351
17532,3355.8333
17533,3355.8360
17534,3355.8371
17535,3355.8400
17536,3355.8391
17537,3355.8380
17538,3355.8435
17539,3358.8941
17540,3355.8413
17541,3355.8418
17542,3355.8448
17543,3358.8963
17544,3358.8948
17545,3358.8953
17546,3358.8988
17547,3358.8968
17548,3358.8973
17549,3358.8978
17550,3358.9009
17551,3358.8993
17552,3358.8998
17553,3358.9018
17554,3361.9696
17555,3361.9685
17556,3361.9661
17557,3361.9717
17558,3361.9742
17559,3361.9707
17560,3361.9732
17561,3361.9762
17562,3361.9808
17563,3361.9747
17564,3361.9799
17565,3361.9776
17566,3361.9822
17567,3365.3043
17568,3365.3028
17569,3365.3035
17570,3365.3018
17571,3365.3071
17572,3365.3047
17573,3365.3054
17574,3365.3063
17575,3365.3086
17576,3365.3106
17577,3365.3075
17578,3365.3098
17579,3365.3091
17580,3365.3110
17581,3365.3113
17582,3365.3117
17583,3365.3129
17584,3365.3121
17585,3368.3419
17586,3368.3429
17587,3368.3403
17588,3368.3409
17589,3368.3444
17590,3368.3486
17591,3368.3435
17592,3368.3473
17593,3368.3462
17594,3368.3496
17595,3368.3500
17596,3368.3529
17597,3368.3547
17598,3368.3559
17599,3368.3513
17600,3368.3573
17601,3371.4500
17602,3371.4530
17603,3371.4518
17604,3371.4555
17605,3371.4535
17606,3371.4540
17607,3371.4544
17608,3371.4560
17609,3371.4564
17610,3371.4584
17611,3371.4593
17612,3371.4569
17613,3371.4574
17614,3371.4613
17615,3371.4603
17616,3371.4599
17617,3371.4631
17618,3371.4617
17619,3371.4646
17620,3371.4622
17621,3374.5957
17622,3371.4637
17623,3371.4651
17624,3374.5974
17625,3374.5986
17626,3374.5964
17627,3374.5996
17628,3374.6015
17629,3374.6001
17630,3374.6029
17631,3374.6005
17632,3374.6046
17633,3374.6020
17634,3374.6034
17635,3374.6060
17636,3374.6051
17637,3374.6080
17638,3374.6090
17639,3374.6065
17640,3374.6070
17641,3377.7629
17642,3377.7639
17643,3377.7649
17644,3377.7614
17645,3377.7661
17646,3377.7681
17647,3377.7692
17648,3377.7672
17649,3377.7718
17650,3377.7696
17651,3377.7706
17652,3377.7701
17653,3377.7723
17654,3377.7727
17655,3377.7732
17656,3377.7748
17657,3381.0983
17658,3381.0994
17659,3377.7737
17660,3377.7753
17661,3381.1020
17662,3381.0999
17663,3381.1005
17664,3380.5946
17665,3380.5961
17666,3380.5970
17667,3380.6007
17668,3380.5988
17669,3380.5998
17670,3380.5976
17671,3380.6022
17672,3380.6011
17673,3380.6017
17674,3380.6028
17675,3380.6059
17676,3380.6033
17677,3380.6039
17678,3380.6048
17679,3380.6079
17680,3380.6064
17681,3380.6068
17682,3383.7734
17683,3380.6084
17684,3383.7757
17685,3380.6088
17686,3383.7742
17687,3383.7747
17688,3383.7771
17689,3383.7786
17690,3383.7762
17691,3383.7796
17692,3383.7776
17693,3383.7802
17694,3383.7823
17695,3383.7808
17696,3383.7813
17697,3386.9490
17698,3386.9506
17699,3386.9516
17700,3386.9477
17701,3386.9496
17702,3386.9520
17703,3386.9542
17704,3386.9526
17705,3386.9532
17706,3386.9563
17707,3386.9547
17708,3386.9553
17709,3386.9578
17710,3386.9569
17711,3386.9602
17712,3386.9590
17713,3390.4225
17714,3390.4238
17715,3386.9606
17716,3390.4247
17717,3390.4256
17718,3390.4276
17719,3390.4266
17720,3390.4291
17721,3390.4301
17722,3390.4310
17723,3390.4281
17724,3390.4330
17725,3390.4315
17726,3390.4321
17727,3390.4345
17728,3390.4336
17729,3390.4360
17730,3390.4370
17731,3390.4351
17732,3393.5023
17733,3393.5012
17734,3393.5039
17735,3393.5051
17736,3393.5029
17737,3393.5078
17738,3393.5057
17739,3393.5063
17740,3393.5069
17741,3393.5095
17742,3393.5105
17743,3393.5115
17744,3393.5084
17745,3393.5130
17746,3393.5121
17747,3393.5151
17748,3393.5141
17749,3396.5481
17750,3396.5492
17751,3396.5467
17752,3396.5458
17753,3396.5498
17754,3396.5514
17755,3396.5542
17756,3396.5532
17757,3396.5504
17758,3396.5520
17759,3396.5569
17760,3396.5547
17761,3396.5584
17762,3396.5558
17763,3396.5575
17764,3396.5606
17765,3396.5590
17766,3399.6713
17767,3396.5595
17768,3396.5611
17769,3399.6744
17770,3399.6723
17771,3399.6730
17772,3399.6763
17773,3399.6780
17774,3399.6790
17775,3399.6751
17776,3399.6769
17777,3399.6811
17778,3399.6821
17779,3399.6796
17780,3399.6802
17781,3399.6836
17782,3402.8651
17783,3402.8665
17784,3399.6826
17785,3402.8682
17786,3402.8672
17787,3402.8713
17788,3402.8704
17789,3402.8729
17790,3402.8688
17791,3402.8744
17792,3402.8719
17793,3402.8760
17794,3402.8735
17795,3402.8750
17796,3402.8780
17797,3402.8765
17798,3402.8797
17799,3402.8771
17800,3405.8799
17801,3402.8786
17802,3405.8773
17803,3405.8782
17804,3405.8817
17805,3405.8831
17806,3405.8804
17807,3405.8841
17808,3405.8822
17809,3405.8863
17810,3405.8846
17811,3405.8850
17812,3405.8877
17813,3405.8868
17814,3409.7430
17815,3409.7448
17816,3409.7471
17817,3409.7482
17818,3409.7457
17819,3409.7508
17820,3409.7488
17821,3409.7493
17822,3409.7498
17823,3409.7513
17824,3409.7537
17825,3409.7528
17826,3409.7518
17827,3409.7546
17828,3409.7551
17829,3409.7555
17830,3412.9013
17831,3409.7571
17832,3409.7561
17833,3412.8999
17834,3412.9018
17835,3412.9056
17836,3412.9047
17837,3412.9035
17838,3412.9023
17839,3412.9076
17840,3412.9061
17841,3412.9067
17842,3412.9102
17843,3412.9081
17844,3412.9086
17845,3412.9091
17846,3412.9106
17847,3412.9116
17848,3412.9111
17849,3412.9130
17850,3415.9907
17851,3415.9924
17852,3412.9121
17853,3412.9135
17854,3415.9930
17855,3415.9940
17856,3415.9935
17857,3415.9944
17858,3415.9964
17859,3415.9949
17860,3415.9983
17861,3415.9954
17862,3415.9969
17863,3415.9974
17864,3415.9988
17865,3415.9993
17866,3416.0003
17867,3416.0037
17868,3416.0018
17869,3416.0028
17870,3416.0008
17871,3416.0042
17872,3416.0051
17873,3419.0289
17874,3419.0302
17875,3419.0313
17876,3419.0333
17877,3419.0318
17878,3419.0323
17879,3419.0347
17880,3419.0363
17881,3419.0373
17882,3419.0338
17883,3419.0353
17884,3419.0409
17885,3419.0384
17886,3419.0423
17887,3419.0399
17888,3422.2125
17889,3419.0413
17890,3419.0428
17891,3422.2145
17892,3422.2155
17893,3422.2164
17894,3422.2134
17895,3422.2178
17896,3422.2169
17897,3422.2194
17898,3422.2203
17899,3422.2217
17900,3422.2184
17901,3422.2236
17902,3422.2208
17903,3422.2227
17904,3422.2222
17905,3422.2241
17906,3422.2245
17907,3422.2250
17908,3425.3672
17909,3422.2255
17910,3422.2260
17911,3425.3697
17912,3425.3681
17913,3425.3718
17914,3425.3686
17915,3425.3702
17916,3425.3708
17917,3425.3723
17918,3425.3728
17919,3425.3734
17920,3424.8635
17921,3424.8641
17922,3424.8689
17923,3424.8662
17924,3424.8649
17925,3424.8678
17926,3424.8708
17927,3424.8731
17928,3424.8719
17929,3424.8696
17930,3427.9234
17931,3427.9214
17932,3427.9251
17933,3427.9223
17934,3427.9267
17935,3427.9239
17936,3427.9256
17937,3427.9283
17938,3427.9297
17939,3427.9313
17940,3427.9272
17941,3427.9288
17942,3427.9317
17943,3427.9322
17944,3427.9340
17945,3427.9355
17946,3427.9364
17947,3427.9328
17948,3427.9346
17949,3430.9115
17950,3430.9151
17951,3430.9167
17952,3430.9139
17953,3430.9126
17954,3430.9183
17955,3430.9173
17956,3434.3547
17957,3434.3562
17958,3434.3589
17959,3434.3580
17960,3434.3568
17961,3434.3612
17962,3434.3627
17963,3434.3601
17964,3434.3595
17965,3434.3618
17966,3434.3633
17967,3434.3663
17968,3434.3653
17969,3434.3639
17970,3434.3644
17971,3434.3669
17972,3434.3675
17973,3434.3680
17974,3434.3695
17975,3434.3684
17976,3437.7125
17977,3437.7140
17978,3434.3701
17979,3434.3707
17980,3437.7146
17981,3437.7166
17982,3437.7157
17983,3437.7187
17984,3437.7178
17985,3437.7210
17986,3437.7220
17987,3437.7201
17988,3437.7193
17989,3437.7246
17990,3437.7226
17991,3437.7236
17992,3437.7269
17993,3437.7285
17994,3437.7252
17995,3437.7258
17996,3437.7275
17997,3440.9244
17998,3437.7292
17999,3440.9259
18000,3444.8599
18001,3444.8607
18002,3444.8614
18003,3444.8636
18004,3444.8620
18005,3444.8649
18006,3444.8626
18007,3444.8687
18008,3444.8678
18009,3444.8654
18010,3444.8665
18011,3444.8723
18012,3444.8703
18013,3444.8693
18014,3444.8712
18015,3444.8728
18016,3444.8732
18017,3444.8762
18018,3444.8737
18019,3444.8753
18020,3444.8748
18021,3448.4221
18022,3448.4255
18023,3448.4267
18024,3448.4244
18025,3448.4231
18026,3448.4273
18027,3448.4288
18028,3448.4299
18029,3448.4279
18030,3448.4308
18031,3448.4333
18032,3448.4313
18033,3448.4318
18034,3448.4324
18035,3448.4339
18036,3448.4345
18037,3448.4350
18038,3448.4354
18039,3448.4387
18040,3448.4369
18041,3448.4359
18042,3448.4378
18043,3451.4614
18044,3451.4634
18045,3451.4663
18046,3451.4623
18047,3451.4652
18048,3451.4640
18049,3451.4685
18050,3451.4669
18051,3451.4675
18052,3451.4695
18053,3451.4710
18054,3451.4720
18055,3451.4729
18056,3454.8005
18057,3454.8024
18058,3454.8034
18059,3454.8044
18060,3454.8014
18061,3454.8064
18062,3454.8049
18063,3454.8083
18064,3454.8054
18065,3454.8069
18066,3454.8073
18067,3454.8103
18068,3454.8088
18069,3454.8093
18070,3454.8122
18071,3454.8108
18072,3454.8136
18073,3454.8113
18074,3454.8127
18075,3457.8565
18076,3454.8141
18077,3454.8146
18078,3457.8593
18079,3457.8574
18080,3457.8602
18081,3457.8581
18082,3457.8619
18083,3457.8628
18084,3457.8643
18085,3457.8609
18086,3461.0084
18087,3457.8633
18088,3457.8648
18089,3461.0104
18090,3461.0128
18091,3461.0093
18092,3461.0115
18093,3461.0143
18094,3461.0160
18095,3461.0169
18096,3461.0133
18097,3461.0148
18098,3461.0206
18099,3461.0185
18100,3461.0174
18101,3461.0196
18102,3464.1871
18103,3464.1842
18104,3464.1851
18105,3464.1861
18106,3464.1876
18107,3464.2005
18108,3464.2021
18109,3464.1883
18110,3464.1988
18111,3464.2042
18112,3464.2250
18113,3464.2028
18114,3464.2261
18115,3464.2222
18116,3464.2279
18117,3467.5610
18118,3467.5597
18119,3464.2268
18120,3467.5640
18121,3467.5620
18122,3467.5626
18123,3467.5631
18124,3467.5660
18125,3467.5675
18126,3467.5645
18127,3467.5650
18128,3467.5665
18129,3467.5694
18130,3467.5708
18131,3467.5680
18132,3467.5685
18133,3467.5699
18134,3467.5713
18135,3467.5722
18136,3467.5718
18137,3467.5727
18138,3470.7065
18139,3470.7085
18140,3467.5732
18141,3467.5738
18142,3470.7073
18143,3470.7105
18144,3470.7119
18145,3470.7090
18146,3470.7095
18147,3470.7110
18148,3470.7124
18149,3470.7144
18150,3470.7129
18151,3470.7134
18152,3470.7162
18153,3470.7148
18154,3470.7153
18155,3470.7181
18156,3470.7167
18157,3470.7172
18158,3473.9902
18159,3470.7186
18160,3473.9927
18161,3470.7193
18162,3473.9911
18163,3473.9916
18164,3473.9939
18165,3473.9954
18166,3473.9964
18167,3473.9973
18168,3473.9944
18169,3473.9979
18170,3473.9983
18171,3473.9988
18172,3473.9993
18173,3473.9998
18174,3474.0025
18175,3474.0011
18176,3473.4841
18177,3473.4852
18178,3473.4867
18179,3473.4887
18180,3473.4872
18181,3476.5086
18182,3473.4877
18183,3476.5118
18184,3476.5106
18185,3476.5136
18186,3476.5146
18187,3476.5157
18188,3476.5124
18189,3476.5166
18190,3476.5181
18191,3476.5206
18192,3476.5196
18193,3476.5186
18194,3476.5231
18195,3476.5216
18196,3476.5211
18197,3476.5222
18198,3479.8521
18199,3479.8540
18200,3476.5237
18201,3476.5243
18202,3479.8530
18203,3479.8546
18204,3479.8551
18205,3479.8555
18206,3479.8560
18207,3479.8596
18208,3479.8585
18209,3479.8575
18210,3479.8565
18211,3479.8602
18212,3479.8620
18213,3479.8608
18214,3479.8637
18215,3479.8647
18216,3479.8662
18217,3479.8628
18218,3483.3397
18219,3479.8653
18220,3483.3425
18221,3483.3436
18222,3483.3408
18223,3483.3414
18224,3483.3452
18225,3483.3467
18226,3483.3442
18227,3483.3477
18228,3483.3458
18229,3483.3506
18230,3483.3482
18231,3483.3488
18232,3483.3494
18233,3486.7732
18234,3486.7747
18235,3486.7780
18236,3486.7759
18237,3486.7769
18238,3486.7802
18239,3486.7826
18240,3486.7816
18241,3486.7791
18242,3486.7807
18243,3486.7831
18244,3486.7846
18245,3486.7836
18246,3486.7855
18247,3486.7865
18248,3489.9054
18249,3489.9068
18250,3486.7869
18251,3486.7875
18252,3489.9076
18253,3489.9098
18254,3489.9107
18255,3489.9082
18256,3489.9088
18257,3489.9131
18258,3489.9142
18259,3489.9113
18260,3489.9119
18261,3489.9162
18262,3489.9147
18263,3489.9178
18264,3489.9153
18265,3492.9981
18266,3489.9167
18267,3489.9183
18268,3489.9190
18269,3493.0018
18270,3492.9990
18271,3493.0000
18272,3493.0007
18273,3493.0035
18274,3493.0023
18275,3493.0071
18276,3493.0058
18277,3493.0040
18278,3493.0046
18279,3493.0084
18280,3493.0078
18281,3493.0099
18282,3493.0120
18283,3493.0089
18284,3493.0110
18285,3493.0149
18286,3493.0126
18287,3493.0137
18288,3493.0132
18289,3496.0692
18290,3496.0726
18291,3496.0701
18292,3496.0708
18293,3496.0714
18294,3496.0750
18295,3496.0732
18296,3496.0773
18297,3496.0738
18298,3496.0756
18299,3496.0762
18300,3496.0798
18301,3496.0778
18302,3496.0783
18303,3496.0789
18304,3499.1473
18305,3496.0816
18306,3496.0805
18307,3499.1488
18308,3499.1494
18309,3499.1510
18310,3499.1500
18311,3499.1535
18312,3499.1526
18313,3499.1515
18314,3499.1552
18315,3499.1573
18316,3499.1541
18317,3499.1564
18318,3499.1587
18319,3499.1608
18320,3499.1578
18321,3499.1599
18322,3502.3810
18323,3499.1613
18324,3502.3835
18325,3499.1618
18326,3502.3818
18327,3502.3824
18328,3502.3840
18329,3502.3845
18330,3502.3865
18331,3502.3892
18332,3502.3849
18333,3502.3882
18334,3502.3870
18335,3502.3907
18336,3502.3922
18337,3502.3897
18338,3502.3931
18339,3502.3912
18340,3502.3936
18341,3502.3960
18342,3502.3941
18343,3502.3946
18344,3502.3950
18345,3505.4157
18346,3505.4184
18347,3505.4204
18348,3505.4166
18349,3505.4194
18350,3505.4230
18351,3505.4209
18352,3505.4214
18353,3505.4219
18354,3505.4235
18355,3505.4249
18356,3505.4271
18357,3505.4280
18358,3505.4240
18359,3505.4260
18360,3508.8516
18361,3505.4285
18362,3508.8535
18363,3508.8557
18364,3508.8524
18365,3508.8546
18366,3508.8572
18367,3508.8591
18368,3508.8562
18369,3508.8581
18370,3508.8607
18371,3508.8596
18372,3512.1900
18373,3512.1913
18374,3508.8612
18375,3512.1936
18376,3512.1920
18377,3512.1954
18378,3512.1926
18379,3512.1942
18380,3512.1976
18381,3512.1959
18382,3512.1965
18383,3512.1991
18384,3512.2005
18385,3512.2015
18386,3512.1981
18387,3512.1995
18388,3512.2020
18389,3512.2034
18390,3515.3118
18391,3515.3131
18392,3512.2025
18393,3512.2039
18394,3515.3137
18395,3515.3143
18396,3515.3163
18397,3515.3147
18398,3515.3174
18399,3515.3153
18400,3515.3196
18401,3515.3205
18402,3515.3179
18403,3515.3184
18404,3515.3210
18405,3515.3215
18406,3515.3220
18407,3515.3239
18408,3515.3225
18409,3515.3248
18410,3515.3230
18411,3515.3272
18412,3515.3263
18413,3515.3253
18414,3518.6623
18415,3518.6666
18416,3518.6645
18417,3518.6656
18418,3518.6632
18419,3518.6681
18420,3518.6671
18421,3518.6676
18422,3518.6686
18423,3518.6701
18424,3518.6710
18425,3518.6691
18426,3518.6720
18427,3518.6827
18428,3518.6816
18429,3518.6851
18430,3518.6862
18431,3518.6833
18432,3518.1082
18433,3518.1110
18434,3518.1117
18435,3518.1129
18436,3518.1148
18437,3521.1654
18438,3521.1667
18439,3518.1137
18440,3521.1639
18441,3521.1672
18442,3521.1678
18443,3521.1693
18444,3521.1687
18445,3521.1698
18446,3521.1705
18447,3521.1720
18448,3521.1736
18449,3521.1748
18450,3521.1709
18451,3521.1725
18452,3521.1766
18453,3521.1778
18454,3521.1752
18455,3521.1757
18456,3521.1787
18457,3521.1801
18458,3521.1810
18459,3521.1819
18460,3521.1792
18461,3524.2127
18462,3524.2141
18463,3524.2173
18464,3524.2153
18465,3524.2164
18466,3524.2195
18467,3524.2185
18468,3524.2180
18469,3524.2215
18470,3524.2230
18471,3524.2201
18472,3524.2206
18473,3524.2221
18474,3524.2263
18475,3524.2236
18476,3524.2246
18477,3524.2253
18478,3524.2268
18479,3527.5154
18480,3524.2274
18481,3527.5170
18482,3524.2280
18483,3527.5201
18484,3527.5190
18485,3527.5210
18486,3527.5177
18487,3527.5225
18488,3527.5234
18489,3527.5215
18490,3527.5250
18491,3527.5276
18492,3527.5240
18493,3527.5267
18494,3527.5256
18495,3527.5282
18496,3530.6026
18497,3527.5288
18498,3530.6053
18499,3527.5294
18500,3530.6035
18501,3530.6042
18502,3530.6060
18503,3530.6072
18504,3530.6066
18505,3530.6088
18506,3530.6103
18507,3530.6112
18508,3530.6077
18509,3530.6094
18510,3530.6117
18511,3533.9321
18512,3530.6123
18513,3533.9336
18514,3530.6129
18515,3533.9362
18516,3533.9352
18517,3533.9342
18518,3533.9378
18519,3533.9402
18520,3533.9368
18521,3533.9392
18522,3533.9422
18523,3533.9407
18524,3533.9413
18525,3533.9443
18526,3533.9457
18527,3533.9427
18528,3533.9433
18529,3533.9448
18530,3537.1709
18531,3537.1682
18532,3537.1691
18533,3537.1698
18534,3537.1734
18535,3537.1715
18536,3537.1746
18537,3537.1721
18538,3537.1767
18539,3537.1777
18540,3537.1752
18541,3537.1757
18542,3537.1783
18543,3537.1798
18544,3537.1788
18545,3537.1824
18546,3537.1835
18547,3537.1803
18548,3537.1809
18549,3540.1720
18550,3540.1733
18551,3540.1744
18552,3540.1707
18553,3540.1761
18554,3540.1752
18555,3540.1789
18556,3540.1779
18557,3540.1768
18558,3540.1819
18559,3540.1795
18560,3540.1801
18561,3540.1807
18562,3540.1824
18563,3540.1845
18564,3543.3275
18565,3543.3262
18566,3540.1830
18567,3543.3290
18568,3543.3281
18569,3543.3300
18570,3543.3310
18571,3543.3340
18572,3543.3331
18573,3543.3357
18574,3543.3316
18575,3543.3346
18576,3543.3377
18577,3543.3362
18578,3543.3396
18579,3543.3367
18580,3543.3382
18581,3543.3386
18582,3546.6463
18583,3543.3400
18584,3546.6484
18585,3546.6494
18586,3546.6503
18587,3546.6472
18588,3546.6518
18589,3546.6527
18590,3546.6508
18591,3546.6549
18592,3546.6564
18593,3546.6532
18594,3546.6540
18595,3546.6554
18596,3546.6569
18597,3546.6592
18598,3546.6573
18599,3546.6578
18600,3546.6583
18601,3546.6596
18602,3549.7952
18603,3549.7986
18604,3549.7976
18605,3546.6601
18606,3549.7963
18607,3549.7991
18608,3549.8016
18609,3549.7996
18610,3549.8001
18611,3549.8006
18612,3549.8021
18613,3549.8045
18614,3549.8059
18615,3549.8026
18616,3549.8036
18617,3549.8050
18618,3549.8091
18619,3549.8065
18620,3549.8080
18621,3549.8070
18622,3549.8096
18623,3553.0545
18624,3549.8100
18625,3549.8106
18626,3553.0574
18627,3553.0554
18628,3553.0559
18629,3553.0564
18630,3553.0580
18631,3553.0585
18632,3553.0609
18633,3553.0599
18634,3553.0590
18635,3553.0619
18636,3553.0624
18637,3553.0644
18638,3553.0628
18639,3553.0659
18640,3553.0634
18641,3556.5744
18642,3553.0649
18643,3556.5759
18644,3553.0663
18645,3556.5769
18646,3556.5778
18647,3556.5808
18648,3556.5799
18649,3556.5783
18650,3556.5829
18651,3556.5813
18652,3556.5844
18653,3556.5819
18654,3559.8122
18655,3556.5834
18656,3559.8152
18657,3556.5849
18658,3559.8131
18659,3559.8137
18660,3559.8158
18661,3559.8180
18662,3559.8163
18663,3559.8168
18664,3559.8199
18665,3559.8209
18666,3559.8185
18667,3559.8190
18668,3559.8218
18669,3559.8228
18670,3559.8238
18671,3559.8247
18672,3562.9067
18673,3562.9080
18674,3559.8252
18675,3559.8257
18676,3562.9095
18677,3562.9085
18678,3562.9111
18679,3562.9122
18680,3562.9131
18681,3562.9101
18682,3562.9145
18683,3562.9154
18684,3562.9136
18685,3562.9180
18686,3562.9160
18687,3562.9165
18688,3562.3829
18689,3562.3815
18690,3565.6407
18691,3565.6422
18692,3565.6445
18693,3565.6388
18694,3565.6429
18695,3565.6434
18696,3565.6450
18697,3565.6456
18698,3565.6477
18699,3565.6492
18700,3565.6462
18701,3565.6467
18702,3565.6482
18703,3565.6514
18704,3565.6498
18705,3565.6504
18706,3565.6529
18707,3565.6519
18708,3568.7461
18709,3568.7474
18710,3565.6535
18711,3565.6541
18712,3568.7503
18713,3568.7520
18714,3568.7480
18715,3568.7487
18716,3568.7509
18717,3568.7548
18718,3568.7526
18719,3568.7532
18720,3568.7537
18721,3568.7581
18722,3568.7557
18723,3568.7590
18724,3568.7570
18725,3568.7595
18726,3568.7606
18727,3568.7612
18728,3568.7601
18729,3568.7616
18730,3572.0469
18731,3572.0491
18732,3568.7622
18733,3568.7628
18734,3572.0480
18735,3572.0498
18736,3572.0504
18737,3572.0509
18738,3572.0515
18739,3572.0521
18740,3572.0541
18741,3572.0526
18742,3572.0558
18743,3572.0532
18744,3572.0569
18745,3572.0578
18746,3572.0598
18747,3572.0607
18748,3572.0582
18749,3572.0588
18750,3572.0628
18751,3572.0613
18752,3572.0618
18753,3575.2365
18754,3572.0636
18755,3572.0641
18756,3572.0647
18757,3575.2374
18758,3575.2381
18759,3575.2387
18760,3575.2408
18761,3575.2393
18762,3575.2399
18763,3575.2418
18764,3575.2446
18765,3575.2473
18766,3575.2430
18767,3575.2462
18768,3575.2451
18769,3575.2479
18770,3575.2494
18771,3579.0969
18772,3579.0954
18773,3575.2485
18774,3575.2500
18775,3579.0992
18776,3579.0977
18777,3579.0983
18778,3579.1005
18779,3579.1044
18780,3579.1023
18781,3579.1032
18782,3579.1011
18783,3579.1074
18784,3579.1052
18785,3579.1059
18786,3579.1064
18787,3579.1079
18788,3582.1648
18789,3582.1622
18790,3582.1631
18791,3582.1638
18792,3582.1666
18793,3582.1654
18794,3582.1688
18795,3582.1697
18796,3582.1673
18797,3582.1679
18798,3582.1708
18799,3582.1738
18800,3582.1719
18801,3582.1729
18802,3582.1752
18803,3585.2555
18804,3582.1743
18805,3585.2543
18806,3585.2585
18807,3585.2574
18808,3585.2562
18809,3585.2568
18810,3585.2591
18811,3585.2631
18812,3585.2603
18813,3585.2613
18814,3585.2622
18815,3585.2636
18816,3585.2652
18817,3585.2661
18818,3585.2642
18819,3585.2670
18820,3585.2692
18821,3585.2675
18822,3588.5524
18823,3585.2681
18824,3588.5541
18825,3585.2697
18826,3588.5557
18827,3588.5566
18828,3588.5576
18829,3588.5547
18830,3588.5585
18831,3588.5594
18832,3588.5711
18833,3588.5725
18834,3588.5744
18835,3588.5697
18836,3588.5757
18837,3588.5732
18838,3591.7573
18839,3591.7583
18840,3591.7560
18841,3591.7604
18842,3591.7613
18843,3591.7589
18844,3591.7595
18845,3591.7638
18846,3591.7619
18847,3591.7629
18848,3591.7624
18849,3591.7643
18850,3591.7648
18851,3591.7671
18852,3591.7652
18853,3591.7661
18854,3591.7685
18855,3594.8094
18856,3591.7676
18857,3594.8080
18858,3591.7691
18859,3594.8101
18860,3594.8126
18861,3594.8116
18862,3594.8135
18863,3594.8106
18864,3594.8158
18865,3594.8141
18866,3594.8169
18867,3594.8146
18868,3594.8194
18869,3594.8185
18870,3594.8174
18871,3594.8218
18872,3594.8199
18873,3594.8204
18874,3594.8209
18875,3598.2966
18876,3594.8223
18877,3594.8229
18878,3598.2985
18879,3598.2975
18880,3598.3004
18881,3598.3013
18882,3598.3028
18883,3598.2994
18884,3598.3042
18885,3598.3019
18886,3598.3033
18887,3598.3061
18888,3598.3047
18889,3598.3052
18890,3598.3080
18891,3598.3095
18892,3598.3066
18893,3598.3071
18894,3598.3085
18895,3601.3262
18896,3601.3292
18897,3601.3281
18898,3601.3270
18899,3601.3302
18900,3601.3322
18901,3601.3336
18902,3601.3308
18903,3601.3312
18904,3601.3326
18905,3601.3340
18906,3605.1847
18907,3605.1879
18908,3601.3345
18909,3605.1870
18910,3605.1857
18911,3605.1884
18912,3605.1889
18913,3605.1911
18914,3605.1895
18915,3605.1901
18916,3605.1930
18917,3605.1916
18918,3605.1921
18919,3605.1940
18920,3605.1955
18921,3605.1965
18922,3605.1974
18923,3605.1945
18924,3605.1980
18925,3605.1998
18926,3608.4588
18927,3608.4601
18928,3605.1987
18929,3608.4620
18930,3608.4630
18931,3608.4609
18932,3608.4640
18933,3608.4659
18934,3608.4645
18935,3608.4649
18936,3608.4677
18937,3608.4663
18938,3608.4668
18939,3608.4687
18940,3608.4719
18941,3608.4698
18942,3608.4708
18943,3608.4736
18944,3611.2842
18945,3607.9657
18946,3611.2829
18947,3611.2854
18948,3611.2867
18949,3611.2878
18950,3611.2888
18951,3611.2905
18952,3611.2894
18953,3611.2922
18954,3611.2933
18955,3611.2910
18956,3611.2950
18957,3611.2961
18958,3611.2938
18959,3611.2976
18960,3611.2998
18961,3614.7930
18962,3611.2982
18963,3611.2987
18964,3611.3004
18965,3614.7939
18966,3614.7966
18967,3614.7946
18968,3614.7951
18969,3614.7956
18970,3614.7985
18971,3614.8006
18972,3614.7996
18973,3614.7971
18974,3614.8023
18975,3614.8011
18976,3614.8046
18977,3614.8057
18978,3614.8028
18979,3614.8035
18980,3614.8062
18981,3614.8089
18982,3614.8068
18983,3614.8073
18984,3614.8080
18985,3618.1602
18986,3618.1624
18987,3618.1648
18988,3618.1636
18989,3618.1611
18990,3618.1670
18991,3618.1686
18992,3618.1655
18993,3618.1661
18994,3618.1677
18995,3618.1692
18996,3618.1697
18997,3618.1702
18998,3618.1725
18999,3618.1713
19000,3618.1707
19001,3618.1741
19002,3621.1811
19003,3621.1824
19004,3618.1731
19005,3621.1841
19006,3621.1863
19007,3621.1831
19008,3621.1853
19009,3621.1892
19010,3621.1869
19011,3621.1881
19012,3621.1875
19013,3621.1898
19014,3621.1905
19015,3621.1914
19016,3621.1930
19017,3621.1939
19018,3621.1948
19019,3621.1920
19020,3621.1963
19021,3621.1954
19022,3624.4513
19023,3624.4527
19024,3624.4549
19025,3621.1968
19026,3624.4534
19027,3624.4540
19028,3624.4580
19029,3624.4556
19030,3624.4562
19031,3624.4567
19032,3624.4602
19033,3624.4620
19034,3624.4587
19035,3624.4593
19036,3624.4609
19037,3627.5103
19038,3627.5082
19039,3627.5121
19040,3627.5091
19041,3627.5142
19042,3627.5110
19043,3627.5158
19044,3627.5127
19045,3627.5175
19046,3627.5148
19047,3627.5163
19048,3627.5190
19049,3630.7892
19050,3630.7905
19051,3627.5180
19052,3627.5196
19053,3630.7912
19054,3630.7918
19055,3630.7933
19056,3630.7944
19057,3630.7953
19058,3630.7924
19059,3630.7968
19060,3630.7984
19061,3630.7993
19062,3630.7958
19063,3630.7974
19064,3630.8021
19065,3630.8000
19066,3630.8032
19067,3630.8011
19068,3633.8706
19069,3633.8696
19070,3633.8680
19071,3633.8717
19072,3633.8732
19073,3633.8747
19074,3633.8722
19075,3633.8757
19076,3633.8738
19077,3633.8762
19078,3633.8802
19079,3633.8773
19080,3633.8782
19081,3633.8792
19082,3633.8807
19083,3637.0866
19084,3637.0851
19085,3637.0859
19086,3637.0871
19087,3637.0901
19088,3637.0876
19089,3637.0882
19090,3637.0888
19091,3637.0906
19092,3637.0912
19093,3637.0917
19094,3637.0927
19095,3637.0947
19096,3637.0957
19097,3637.0937
19098,3637.0972
19099,3637.0962
19100,3637.0981
19101,3637.0991
19102,3637.1005
19103,3637.1014
19104,3637.0995
19105,3640.3380
19106,3640.3399
19107,3637.1019
19108,3637.1030
19109,3640.3388
19110,3640.3414
19111,3640.3438
19112,3640.3429
19113,3640.3405
19114,3640.3419
19115,3640.3459
19116,3640.3470
19117,3640.3443
19118,3640.3449
19119,3640.3493
19120,3640.3475
19121,3643.7012
19122,3640.3481
19123,3643.7039
19124,3640.3497
19125,3643.7021
19126,3643.7027
19127,3643.7061
19128,3643.7044
19129,3643.7050
19130,3643.7080
19131,3643.7095
19132,3643.7065
19133,3643.7071
19134,3643.7085
19135,3643.7109
19136,3643.7099
19137,3643.7123
19138,3643.7134
19139,3646.9062
19140,3643.7114
19141,3646.9074
19142,3643.7139
19143,3646.9095
19144,3646.9086
19145,3646.9112
19146,3646.9122
19147,3646.9100
19148,3646.9143
19149,3646.9128
19150,3646.9163
19151,3646.9134
19152,3646.9148
19153,3646.9153
19154,3646.9168
19155,3646.9178
19156,3650.0668
19157,3650.0657
19158,3650.0678
19159,3650.0642
19160,3650.0698
19161,3650.0688
19162,3650.0707
19163,3650.0717
19164,3650.0723
19165,3650.0744
19166,3650.0728
19167,3653.5105
19168,3650.0735
19169,3650.0750
19170,3653.5137
19171,3653.5114
19172,3653.5121
19173,3653.5127
19174,3653.5159
19175,3653.5143
19176,3653.5177
19177,3653.5150
19178,3653.5165
19179,3653.5204
19180,3653.5183
19181,3653.5189
19182,3653.5195
19183,3653.5209
19184,3653.5214
19185,3653.5224
19186,3653.5246
19187,3653.5255
19188,3653.5234
19189,3656.9127
19190,3656.9140
19191,3656.9150
19192,3656.9160
19193,3656.9182
19194,3656.9208
19195,3656.9173
19196,3656.9198
19197,3656.9226
19198,3656.9236
19199,3656.9246
19200,3656.4189
19201,3656.4240
19202,3656.4200
19203,3656.4216
19204,3656.4221
19205,3659.5185
19206,3656.4245
19207,3659.5217
19208,3659.5207
19209,3659.5229
19210,3659.5195
19211,3659.5256
19212,3659.5247
19213,3659.5274
19214,3659.5235
19215,3659.5262
19216,3659.5284
19217,3659.5301
19218,3659.5312
19219,3659.5321
19220,3659.5289
19221,3662.6099
19222,3659.5326
19223,3659.5333
19224,3659.5337
19225,3662.6108
19226,3662.6125
19227,3662.6146
19228,3662.6115
19229,3662.6136
19230,3662.6165
19231,3662.6151
19232,3662.6175
19233,3662.6156
19234,3662.6195
19235,3662.6205
19236,3662.6180
19237,3662.6186
19238,3662.6210
19239,3662.6216
19240,3662.6222
19241,3662.6227
19242,3665.7114
19243,3662.6232
19244,3662.6243
19245,3662.6237
19246,3665.7124
19247,3665.7135
19248,3665.7145
19249,3665.7156
19250,3665.7165
19251,3665.7181
19252,3665.7196
19253,3665.7171
19254,3665.7206
19255,3665.7187
19256,3665.7211
19257,3665.7218
19258,3665.7228
19259,3665.7233
19260,3665.7264
19261,3665.7254
19262,3665.7238
19263,3665.7245
19264,3669.5378
19265,3683.6599
19266,3683.6572
19267,3683.6586
19268,3683.6614
19269,3683.6624
19270,3683.6633
19271,3683.6605
19272,3683.6650
19273,3683.6681
19274,3683.6672
19275,3683.6639
19276,3683.6656
19277,3683.6687
19278,3683.6693
19279,3686.9222
19280,3683.6698
19281,3683.6704
19282,3683.6710
19283,3686.9231
19284,3686.9239
19285,3686.9245
19286,3686.9265
19287,3686.9254
19288,3686.9288
19289,3686.9276
19290,3686.9298
19291,3686.9307
19292,3686.9323
19293,3686.9336
19294,3686.9312
19295,3686.9351
19296,3686.9361
19297,3686.9342
19298,3686.9371
19299,3690.1856
19300,3686.9376
19301,3690.1869
19302,3686.9381
19303,3690.1892
19304,3690.1882
19305,3690.1901
19306,3690.1910
19307,3690.1925
19308,3690.1934
19309,3690.1915
19310,3690.1949
19311,3690.1977
19312,3690.1939
19313,3690.1965
19314,3690.1954
19315,3693.3079
19316,3693.3092
19317,3693.3102
19318,3690.1982
19319,3693.3119
19320,3693.3129
19321,3693.3138
19322,3693.3109
19323,3693.3153
19324,3693.3170
19325,3693.3180
19326,3693.3143
19327,3693.3159
19328,3693.3202
19329,3696.5633
19330,3693.3187
19331,3693.3193
19332,3693.3208
19333,3696.5641
19334,3696.5647
19335,3696.5868
19336,3696.5652
19337,3696.5657
19338,3696.5840
19339,3696.5887
19340,3696.5898
19341,3696.6093
19342,3696.5875
19343,3696.6145
19344,3696.6155
19345,3696.6112
19346,3696.6124
19347,3696.6172
19348,3699.7008
19349,3699.7018
19350,3696.6160
19351,3699.6997
19352,3699.7023
19353,3699.7028
19354,3699.7053
19355,3699.7033
19356,3699.7038
19357,3699.7043
19358,3699.7067
19359,3699.7088
19360,3699.7078
19361,3699.7058
19362,3699.7106
19363,3699.7127
19364,3699.7118
19365,3699.7093
19366,3702.9805
19367,3702.9817
19368,3699.7133
19369,3699.7138
19370,3702.9839
19371,3702.9823
19372,3702.9849
19373,3702.9829
19374,3702.9874
19375,3702.9883
19376,3702.9859
19377,3702.9864
19378,3702.9889
19379,3702.9909
19380,3702.9894
19381,3702.9900
19382,3702.9929
19383,3706.0570
19384,3702.9914
19385,3702.9920
19386,3702.9934
19387,3706.0577
19388,3706.0592
19389,3706.0607
19390,3706.0582
19391,3706.0616
19392,3706.0597
19393,3706.0636
19394,3706.0622
19395,3706.0651
19396,3706.0627
19397,3706.0641
19398,3709.2937
19399,3709.2920
19400,3709.2926
19401,3709.2957
19402,3709.2972
19403,3709.2942
19404,3709.2947
19405,3709.2962
19406,3709.2986
19407,3709.2976
19408,3709.3005
19409,3709.3014
19410,3709.2990
19411,3709.2995
19412,3712.4582
19413,3709.3019
19414,3709.3024
19415,3712.4609
19416,3712.4637
19417,3712.4650
19418,3712.4671
19419,3712.4705
19420,3712.4676
19421,3712.4691
19422,3712.4696
19423,3712.4710
19424,3712.4715
19425,3712.4741
19426,3712.4720
19427,3712.4725
19428,3712.4764
19429,3712.4746
19430,3712.4751
19431,3712.4755
19432,3712.4774
19433,3715.7943
19434,3715.7954
19435,3715.7964
19436,3715.7978
19437,3715.7995
19438,3715.7969
19439,3715.8004
19440,3715.7984
19441,3715.8010
19442,3715.8025
19443,3715.8015
19444,3715.8040
19445,3715.8051
19446,3715.8071
19447,3715.8030
19448,3715.8056
19449,3715.8061
19450,3715.8090
19451,3719.2429
19452,3715.8075
19453,3715.8081
19454,3719.2447
19455,3719.2436
19456,3718.7520
19457,3718.7530
19458,3718.7501
19459,3718.7507
19460,3718.7548
19461,3718.7538
19462,3718.7573
19463,3718.7564
19464,3718.7583
19465,3718.7553
19466,3718.7593
19467,3718.7662
19468,3722.2672
19469,3722.2685
19470,3722.2710
19471,3722.2722
19472,3722.2690
19473,3722.2695
19474,3722.2727
19475,3722.2733
19476,3722.2758
19477,3722.2738
19478,3722.2743
19479,3722.2748
19480,3722.2778
19481,3722.2762
19482,3722.2791
19483,3722.2768
19484,3722.2810
19485,3722.2819
19486,3722.2795
19487,3722.2801
19488,3725.0928
19489,3722.2824
19490,3722.2829
19491,3722.2834
19492,3725.0947
19493,3725.0935
19494,3725.0970
19495,3725.0989
19496,3725.0952
19497,3725.1024
19498,3725.1000
19499,3725.1006
19500,3730.6477
19501,3730.6504
19502,3730.6488
19503,3730.6517
19504,3730.6494
19505,3730.6538
19506,3730.6549
19507,3730.6523
19508,3730.6529
19509,3730.6554
19510,3730.6564
19511,3730.6569
19512,3730.6596
19513,3730.6574
19514,3730.6580
19515,3730.6586
19516,3730.6602
19517,3730.6607
19518,3730.6626
19519,3733.7065
19520,3730.6612
19521,3730.6617
19522,3733.7083
19523,3733.7072
19524,3733.7097
19525,3733.7107
19526,3733.7088
19527,3733.7122
19528,3733.7137
19529,3733.7112
19530,3733.7147
19531,3733.7127
19532,3733.7167
19533,3733.7152
19534,3733.7158
19535,3737.1796
19536,3733.7172
19537,3733.7177
19538,3733.7182
19539,3737.1803
19540,3737.1825
19541,3737.1809
19542,3737.1815
19543,3737.1851
19544,3737.1830
19545,3737.1836
19546,3737.1840
19547,3737.1867
19548,3737.1876
19549,3737.1855
19550,3737.1885
19551,3737.1900
19552,3740.4096
19553,3740.4107
19554,3737.1890
19555,3740.4128
19556,3740.4112
19557,3740.4138
19558,3740.4119
19559,3740.4164
19560,3740.4153
19561,3740.4143
19562,3740.4185
19563,3740.4176
19564,3740.4169
19565,3740.4201
19566,3740.4190
19567,3740.4233
19568,3740.4222
19569,3740.4208
19570,3740.4213
19571,3743.5163
19572,3743.5189
19573,3743.5199
19574,3740.4237
19575,3743.5239
19576,3743.5209
19577,3743.5222
19578,3743.5227
19579,3743.5253
19580,3743.5269
19581,3743.5243
19582,3743.5285
19583,3743.5316
19584,3743.5292
19585,3743.5307
19586,3743.5337
19587,3743.5322
19588,3746.6647
19589,3743.5327
19590,3746.6665
19591,3746.6674
19592,3746.6688
19593,3746.6655
19594,3746.6702
19595,3746.6679
19596,3746.6719
19597,3746.6693
19598,3746.6729
19599,3746.6708
19600,3746.6739
19601,3746.6748
19602,3746.6770
19603,3746.6780
19604,3746.6754
19605,3746.6761
19606,3749.7786
19607,3749.7758
19608,3749.7825
19609,3749.7835
19610,3749.7810
19611,3749.7815
19612,3749.7860
19613,3749.7841
19614,3749.7846
19615,3749.7851
19616,3749.7886
19617,3749.7865
19618,3749.7900
19619,3749.7871
19620,3749.7910
19621,3749.7891
19622,3753.0850
19623,3753.0838
19624,3753.0870
19625,3749.7915
19626,3753.0856
19627,3753.0861
19628,3753.0875
19629,3753.0880
19630,3753.0899
19631,3753.0885
19632,3753.0914
19633,3753.0889
19634,3753.0923
19635,3753.0904
19636,3753.0941
19637,3753.0952
19638,3753.0929
19639,3753.0979
19640,3753.0958
19641,3753.0964
19642,3753.0970
19643,3756.3437
19644,3756.3453
19645,3753.0984
19646,3756.3463
19647,3756.3443
19648,3756.3468
19649,3756.3489
19650,3756.3474
19651,3756.3506
19652,3756.3480
19653,3756.3530
19654,3756.3495
19655,3756.3511
19656,3756.3515
19657,3756.3534
19658,3756.3540
19659,3756.3549
19660,3759.6857
19661,3759.6879
19662,3759.6889
19663,3756.3556
19664,3759.6903
19665,3759.6912
19666,3759.6922
19667,3759.6932
19668,3759.6946
19669,3759.6937
19670,3759.6960
19671,3759.6969
19672,3759.6983
19673,3759.6950
19674,3762.8735
19675,3762.8750
19676,3762.8697
19677,3762.8720
19678,3762.8755
19679,3762.8761
19680,3762.8772
19681,3762.8783
19682,3762.8792
19683,3762.8835
19684,3762.8815
19685,3762.8826
19686,3762.8799
19687,3762.8840
19688,3762.8855
19689,3762.8845
19690,3762.8869
19691,3762.8881
19692,3762.8896
19693,3762.8906
19694,3762.8886
19695,3766.2715
19696,3766.2726
19697,3766.2653
19698,3766.2736
19699,3766.2762
19700,3766.2742
19701,3766.2748
19702,3766.2753
19703,3766.2767
19704,3766.2786
19705,3766.2800
19706,3766.2772
19707,3766.2777
19708,3766.2791
19709,3766.2806
19710,3766.2813
19711,3766.2882
19712,3768.7424
19713,3768.7436
19714,3765.7674
19715,3768.7448
19716,3768.7458
19717,3768.7469
19718,3768.7480
19719,3768.7494
19720,3768.7485
19721,3768.7510
19722,3768.7521
19723,3768.7535
19724,3768.7499
19725,3768.7552
19726,3768.7526
19727,3768.7541
19728,3768.7571
19729,3768.7557
19730,3768.7562
19731,3771.7416
19732,3771.7388
19733,3771.7395
19734,3771.7400
19735,3771.7421
19736,3771.7449
19737,3771.7431
19738,3771.7477
19739,3771.7437
19740,3771.7482
19741,3771.7487
19742,3774.9543
19743,3774.9566
19744,3774.9554
19745,3774.9531
19746,3774.9576
19747,3774.9615
19748,3774.9594
19749,3774.9603
19750,3774.9582
19751,3774.9635
19752,3774.9621
19753,3774.9626
19754,3774.9631
19755,3774.9664
19756,3774.9653
19757,3774.9711
19758,3774.9641
19759,3774.9702
19760,3774.9693
19761,3774.9716
19762,3778.2372
19763,3774.9721
19764,3774.9727
19765,3778.2404
19766,3778.2385
19767,3778.2436
19768,3778.2453
19769,3778.2423
19770,3778.2468
19771,3778.2458
19772,3778.2477
19773,3778.2493
19774,3778.2509
19775,3778.2522
19776,3778.2544
19777,3778.2554
19778,3778.2528
19779,3778.2535
19780,3781.4070
19781,3781.4058
19782,3781.4082
19783,3778.2559
19784,3781.4106
19785,3781.4088
19786,3781.4097
19787,3781.4128
19788,3781.4111
19789,3781.4117
19790,3781.4153
19791,3781.4133
19792,3781.4139
19793,3781.4143
19794,3781.4181
19795,3781.4164
19796,3781.4158
19797,3781.4170
19798,3784.9669
19799,3781.4187
19800,3781.4192
19801,3784.9695
19802,3784.9678
19803,3784.9710
19804,3784.9684
19805,3784.9727
19806,3784.9701
19807,3784.9715
19808,3784.9752
19809,3784.9732
19810,3784.9738
19811,3784.9742
19812,3784.9757
19813,3784.9779
19814,3788.3612
19815,3784.9762
19816,3784.9768
19817,3784.9784
19818,3788.3635
19819,3788.3655
19820,3788.3619
19821,3788.3625
19822,3788.3639
19823,3788.3676
19824,3788.3660
19825,3788.3692
19826,3788.3666
19827,3788.3681
19828,3788.3715
19829,3788.3698
19830,3788.3704
19831,3788.3738
19832,3791.5481
19833,3788.3719
19834,3788.3726
19835,3791.5497
19836,3791.5513
19837,3791.5487
19838,3791.5523
19839,3791.5504
19840,3791.5548
19841,3791.5530
19842,3791.5539
19843,3791.5572
19844,3791.5553
19845,3791.5558
19846,3791.5562
19847,3791.5581
19848,3791.5591
19849,3791.5612
19850,3791.5602
19851,3794.8882
19852,3794.8895
19853,3794.8905
19854,3794.8914
19855,3794.8934
19856,3794.8919
19857,3794.8949
19858,3794.8925
19859,3794.8940
19860,3794.8963
19861,3794.8973
19862,3794.8988
19863,3794.8954
19864,3794.9004
19865,3794.8994
19866,3794.9023
19867,3794.9033
19868,3798.2159
19869,3794.9009
19870,3798.2188
19871,3798.2177
19872,3798.2202
19873,3798.2166
19874,3798.2222
19875,3798.2193
19876,3798.2208
19877,3798.2213
19878,3798.2244
19879,3798.2227
19880,3798.2232
19881,3798.2253
19882,3798.2274
19883,3798.2285
19884,3798.2264
19885,3801.3400
19886,3798.2296
19887,3798.2301
19888,3798.2291
19889,3801.3427
19890,3801.3409
19891,3801.3437
19892,3801.3415
19893,3801.3454
19894,3801.3465
19895,3801.3486
19896,3801.3443
19897,3801.3470
19898,3801.3475
19899,3801.3491
19900,3801.3496
19901,3801.3510
19902,3801.3501
19903,3801.3541
19904,3801.3525
19905,3801.3516
19906,3804.5891
19907,3804.5930
19908,3804.5910
19909,3804.5920
19910,3804.5898
19911,3804.5935
19912,3804.5950
19913,3804.5966
19914,3804.5941
19915,3804.5978
19916,3804.5956
19917,3804.5995
19918,3804.6005
19919,3804.6014
19920,3804.5984
19921,3808.1486
19922,3808.1514
19923,3804.6018
19924,3808.1505
19925,3808.1493
19926,3808.1520
19927,3808.1545
19928,3808.1525
19929,3808.1564
19930,3808.1535
19931,3808.1583
19932,3808.1551
19933,3808.1568
19934,3808.1573
19935,3808.1589
19936,3808.1594
19937,3808.1599
19938,3811.3357
19939,3811.3404
19940,3811.3389
19941,3808.1605
19942,3811.3378
19943,3811.3461
19944,3811.3410
19945,3811.3433
19946,3811.3444
19947,3811.3481
19948,3811.3500
19949,3811.3465
19950,3811.3471
19951,3811.3524
19952,3814.5960
19953,3811.3505
19954,3814.5971
19955,3814.5985
19956,3814.5976
19957,3814.6001
19958,3814.6027
19959,3814.5991
19960,3814.6017
19961,3814.6044
19962,3814.6065
19963,3814.6033
19964,3814.6055
19965,3814.6093
19966,3814.6069
19967,3814.6084
19968,3814.5166
19969,3817.6529
19970,3814.5187
19971,3814.5199
19972,3814.5194
19973,3817.6554
19974,3817.6536
19975,3817.6542
19976,3817.6582
19977,3817.6559
19978,3817.6565
19979,3817.6571
19980,3817.6587
19981,3817.6597
19982,3817.6603
19983,3817.6644
19984,3817.6614
19985,3817.6624
19986,3817.6634
19987,3817.6650
19988,3817.6654
19989,3817.6660
19990,3817.6666
19991,3817.6673
19992,3818.1861
19993,3817.6677
19994,3817.6683
19995,3818.1887
19996,3818.1866
19997,3818.1871
19998,3818.1876
19999,3818.1891
