tx_idx,latency_ms
0,417.9233
1,417.9275
2,417.9244
3,417.9205
4,417.9253
5,417.9261
6,417.9268
7,417.9216
8,417.9294
9,417.9282
10,417.9311
11,417.9286
12,417.9330
13,417.9337
14,417.9344
15,417.9297
16,417.9304
17,417.9322
18,417.9359
19,417.9315
20,417.9402
21,417.9347
22,417.9381
23,417.9352
24,417.9366
25,417.9374
26,417.9388
27,417.9395
28,417.9428
29,417.9406
30,417.9410
31,417.9443
32,417.9414
33,417.9417
34,417.9421
35,417.9433
36,417.9436
37,417.9464
38,417.9471
39,417.9447
40,417.9483
41,417.9450
42,417.9454
43,417.9490
44,417.9457
45,417.9476
46,417.9512
47,417.9519
48,417.9494
49,417.9497
50,417.9501
51,417.9504
52,417.9545
53,417.9537
54,417.9563
55,417.9570
56,417.9522
57,417.9556
58,417.9526
59,417.9530
60,417.9581
61,417.9548
62,417.9573
63,417.9607
64,417.9592
65,417.9614
66,417.9600
67,417.9622
68,417.9643
69,417.9584
70,417.9651
71,417.9625
72,417.9670
73,417.9629
74,417.9633
75,417.9636
76,417.9654
77,417.9658
78,417.9686
79,417.9661
80,417.9673
81,417.9697
82,417.9704
83,417.9711
84,417.9718
85,417.9678
86,417.9729
87,417.9736
88,417.9689
89,417.9722
90,417.9747
91,417.9754
92,417.9761
93,417.9768
94,417.9793
95,417.9740
96,417.9779
97,417.9786
98,417.9772
99,417.9802
100,417.9821
101,417.9812
102,417.9841
103,417.9851
104,417.9834
105,417.9859
106,417.9882
107,417.9825
108,417.9889
109,417.9873
110,417.9862
111,417.9866
112,417.9904
113,417.9897
114,417.9908
115,417.9912
116,417.9915
117,417.9919
118,417.9923
119,417.9947
120,417.9970
121,417.9954
122,417.9927
123,417.9963
124,417.9935
125,417.9931
126,417.9939
127,417.9979
128,417.9974
129,418.0004
130,418.0017
131,417.9982
132,417.9986
133,418.0025
134,417.9990
135,417.9997
136,417.9994
137,418.0008
138,418.0041
139,418.0062
140,418.0029
141,418.0070
142,418.0078
143,418.0034
144,418.0085
145,418.0053
146,418.0045
147,418.0089
148,418.0115
149,418.0092
150,418.0097
151,418.0108
152,418.0100
153,418.0104
154,418.0130
155,418.0137
156,418.0149
157,418.0156
158,418.0163
159,418.0173
160,418.0119
161,418.0122
162,418.0141
163,418.0198
164,418.0177
165,418.0182
166,418.0185
167,418.0225
168,418.0189
169,418.0209
170,418.0218
171,418.0252
172,418.0259
173,418.0202
174,418.0245
175,418.0229
176,418.0275
177,418.0234
178,418.0282
179,418.0298
180,418.0401
181,418.0307
182,418.0264
183,418.0268
184,418.0286
185,418.0290
186,418.0429
187,418.0407
188,418.0410
189,418.0447
190,418.0414
191,418.0418
192,418.0422
193,418.0440
194,418.0466
195,418.0433
196,418.0491
197,418.0475
198,418.0482
199,418.0452
200,418.0456
201,418.0459
202,418.0520
203,418.0531
204,418.0495
205,418.0499
206,418.0502
207,418.0506
208,418.0509
209,418.0513
210,418.0524
211,418.0534
212,418.0983
213,418.0551
214,418.0993
215,418.0538
216,418.0560
217,418.0543
218,418.0952
219,418.0974
220,418.1045
221,418.0997
222,418.1016
223,418.1053
224,418.1001
225,418.1006
226,418.1026
227,418.1035
228,418.1068
229,418.1105
230,418.1113
231,418.1056
232,418.1081
233,418.1090
234,418.1098
235,418.1061
236,418.1072
237,418.1124
238,418.1162
239,418.1170
240,418.1133
241,418.1140
242,418.1147
243,418.1154
244,418.1116
245,418.1193
246,418.1175
247,418.1182
248,418.1205
249,418.1178
250,418.1212
251,418.1221
252,418.1186
253,418.4492
254,418.4504
255,418.1196
256,417.5034
257,417.5039
258,417.8339
259,417.8365
260,417.8375
261,417.8318
262,417.8385
263,417.8323
264,417.8353
265,417.8329
266,417.8344
267,417.8390
268,417.8410
269,417.8395
270,417.8400
271,417.8451
272,417.8419
273,417.8431
274,417.8460
275,417.8442
276,417.8482
277,417.8491
278,417.8502
279,417.8469
280,417.8464
281,417.8520
282,417.8473
283,417.8529
284,417.8558
285,417.8506
286,417.8567
287,417.8511
288,417.8544
289,417.8535
290,417.8595
291,417.8549
292,417.8572
293,417.8577
294,417.8581
295,417.8630
296,417.8620
297,417.8586
298,417.8601
299,417.8649
300,417.8639
301,417.8605
302,417.8611
303,417.8668
304,417.8682
305,417.8694
306,417.8703
307,417.8712
308,417.8721
309,417.8654
310,417.8658
311,417.8673
312,417.8751
313,417.8786
314,417.8726
315,417.8732
316,417.8736
317,417.8764
318,417.8742
319,417.8776
320,417.8755
321,417.8813
322,417.8791
323,417.8822
324,417.8831
325,417.8797
326,417.8804
327,417.8859
328,417.8850
329,417.8873
330,417.8883
331,417.8836
332,417.8840
333,417.8864
334,417.8932
335,417.8892
336,417.8902
337,417.8941
338,417.8950
339,417.8959
340,417.8913
341,417.8923
342,417.8963
343,417.9002
344,417.8968
345,417.9015
346,417.8975
347,417.8979
348,417.8984
349,417.8988
350,417.8993
351,417.9035
352,417.9006
353,417.9044
354,417.9021
355,417.9025
356,417.9053
357,417.9062
358,417.9071
359,417.9115
360,417.9106
361,417.9076
362,417.9082
363,417.9140
364,417.9086
365,417.9090
366,417.9095
367,417.9124
368,417.9119
369,417.9128
370,417.9149
371,417.9163
372,417.9197
373,417.9206
374,417.9226
375,417.9216
376,417.9154
377,417.9179
378,417.9188
379,417.9168
380,417.9256
381,417.9231
382,417.9285
383,417.9295
384,417.9237
385,417.9242
386,417.9247
387,417.9276
388,417.9260
389,417.9265
390,417.9300
391,417.9327
392,417.9305
393,417.9309
394,417.9359
395,417.9350
396,417.9314
397,417.9318
398,417.9368
399,417.9332
400,417.9337
401,417.9341
402,417.9373
403,417.9396
404,417.9414
405,417.9423
406,417.9377
407,417.9382
408,417.9432
409,417.9405
410,417.9386
411,417.9451
412,417.9461
413,417.9437
414,417.9498
415,417.9470
416,417.9479
417,417.9442
418,417.9488
419,417.9520
420,417.9529
421,417.9538
422,417.9502
423,417.9557
424,417.9548
425,417.9507
426,417.9511
427,417.9584
428,417.9614
429,417.9561
430,417.9623
431,417.9566
432,417.9605
433,417.9571
434,417.9575
435,417.9589
436,417.9651
437,417.9627
438,417.9632
439,417.9660
440,417.9637
441,417.9703
442,417.9641
443,417.9685
444,417.9712
445,417.9665
446,417.9721
447,417.9675
448,417.9694
449,417.9776
450,417.9758
451,417.9726
452,417.9730
453,417.9735
454,417.9739
455,417.9744
456,417.9767
457,417.9781
458,417.9785
459,417.9790
460,417.9819
461,417.9828
462,417.9794
463,417.9838
464,417.9860
465,417.9800
466,417.9806
467,417.9810
468,417.9842
469,417.9879
470,417.9847
471,417.9851
472,417.9902
473,417.9865
474,417.9870
475,417.9923
476,417.9913
477,417.9884
478,417.9889
479,417.9893
480,417.9928
481,417.9932
482,417.9937
483,417.9960
484,417.9983
485,417.9941
486,418.0002
487,417.9993
488,417.9946
489,417.9951
490,417.9974
491,417.9964
492,418.0007
493,418.0011
494,418.0016
495,418.0038
496,418.0067
497,418.0049
498,418.0020
499,418.0025
500,418.0029
501,418.0078
502,418.0058
503,418.0115
504,418.0082
505,418.0133
506,418.0088
507,418.0093
508,418.0097
509,418.0102
510,418.0106
511,418.4716
512,417.4181
513,417.8750
514,417.8806
515,417.8760
516,417.8765
517,417.8781
518,417.8786
519,417.8791
520,417.8829
521,417.8796
522,417.8848
523,417.8858
524,417.8811
525,417.8867
526,417.8815
527,417.8820
528,417.8834
529,417.8839
530,417.8872
531,417.8896
532,417.8924
533,417.8960
534,417.8876
535,417.8934
536,417.8882
537,417.8905
538,417.8914
539,417.8950
540,417.8939
541,417.8965
542,417.8988
543,417.9032
544,417.9003
545,417.8969
546,417.8974
547,417.9012
548,417.9021
549,417.8978
550,417.8992
551,417.9094
552,417.9037
553,417.9041
554,417.9046
555,417.9055
556,417.9085
557,417.9066
558,417.9076
559,417.9099
560,417.9123
561,417.9104
562,417.9143
563,417.9173
564,417.9109
565,417.9154
566,417.9114
567,417.9164
568,417.9127
569,417.9133
570,417.9196
571,417.9178
572,417.9233
573,417.9242
574,417.9182
575,417.9187
576,417.9213
577,417.9223
578,417.9256
579,417.9201
580,417.9270
581,417.9295
582,417.9314
583,417.9246
584,417.9305
585,417.9285
586,417.9261
587,417.9338
588,417.9274
589,417.9361
590,417.9370
591,417.9319
592,417.9324
593,417.9329
594,417.9352
595,417.9403
596,417.9343
597,417.9376
598,417.9417
599,417.9380
600,417.9385
601,417.9390
602,417.9394
603,417.9444
604,417.9453
605,417.9408
606,417.9467
607,417.9422
608,417.9426
609,417.9431
610,417.9435
611,417.9458
612,417.9494
613,417.9503
614,417.9536
615,417.9471
616,417.9527
617,417.9476
618,417.9481
619,417.9485
620,417.9508
621,417.9512
622,417.9540
623,417.9545
624,417.9568
625,417.9549
626,417.9577
627,417.9586
628,417.9554
629,417.9595
630,417.9559
631,417.9604
632,417.9640
633,417.9631
634,417.9654
635,417.9608
636,417.9613
637,417.9617
638,417.9664
639,417.9622
640,417.9691
641,417.9645
642,417.9705
643,417.9668
644,417.9673
645,417.9677
646,417.9728
647,417.9682
648,417.9696
649,417.9719
650,417.9746
651,417.9758
652,417.9767
653,417.9710
654,417.9802
655,417.9733
656,417.9737
657,417.9790
658,417.9772
659,417.9776
660,417.9781
661,417.9825
662,417.9806
663,417.9811
664,417.9839
665,417.9848
666,417.9857
667,417.9815
668,417.9868
669,417.9891
670,417.9900
671,417.9829
672,417.9872
673,417.9877
674,417.9914
675,417.9923
676,417.9881
677,417.9957
678,417.9966
679,417.9905
680,417.9976
681,417.9948
682,417.9928
683,417.9933
684,417.9938
685,418.0001
686,418.0055
687,418.0069
688,418.0027
689,418.0036
690,417.9980
691,418.0016
692,417.9991
693,418.0005
694,418.0129
695,418.0109
696,418.0075
697,418.0081
698,418.0085
699,418.0118
700,418.0094
701,418.0100
702,418.0183
703,418.0165
704,418.0154
705,418.0133
706,418.0174
707,418.0138
708,418.0143
709,418.0202
710,418.0237
711,418.0257
712,418.0188
713,418.0248
714,418.0213
715,418.0193
716,418.0228
717,418.0285
718,418.0262
719,418.0303
720,418.0266
721,418.0271
722,418.0294
723,418.0312
724,418.0276
725,418.0326
726,418.0335
727,418.0354
728,418.0390
729,418.0317
730,418.0369
731,418.0378
732,418.0340
733,418.0345
734,418.0399
735,418.0359
736,418.0436
737,418.0404
738,418.0427
739,418.0408
740,418.0445
741,418.0413
742,418.0418
743,418.0454
744,418.0458
745,418.0463
746,418.0467
747,418.0508
748,418.0472
749,418.0477
750,418.0486
751,418.0490
752,418.0481
753,418.0494
754,418.0499
755,418.0536
756,418.0561
757,418.0513
758,418.0517
759,418.0522
760,418.0570
761,418.0526
762,418.0551
763,418.0542
764,418.0576
765,418.4213
766,418.0580
767,418.4238
768,417.4187
769,417.4193
770,417.7803
771,417.7831
772,417.7850
773,417.7883
774,417.7821
775,417.7855
776,417.7860
777,417.7865
778,417.7869
779,417.7907
780,417.7874
781,417.7888
782,417.7941
783,417.7950
784,417.7931
785,417.7892
786,417.7898
787,417.7912
788,417.7917
789,417.7922
790,417.7975
791,417.8021
792,417.7956
793,417.7984
794,417.8012
795,417.7994
796,417.8003
797,417.7965
798,417.8035
799,417.8097
800,417.8051
801,417.8026
802,417.8060
803,417.8069
804,417.8078
805,417.8088
806,417.8128
807,417.8166
808,417.8139
809,417.8103
810,417.8148
811,417.8109
812,417.8114
813,417.8157
814,417.8175
815,417.8180
816,417.8223
817,417.8185
818,417.8190
819,417.8194
820,417.8214
821,417.8199
822,417.8205
823,417.8232
824,417.8242
825,417.8258
826,417.8267
827,417.8276
828,417.8298
829,417.8289
830,417.8307
831,417.8317
832,417.8246
833,417.8322
834,417.8327
835,417.8331
836,417.8350
837,417.8391
838,417.8400
839,417.8336
840,417.8364
841,417.8341
842,417.8373
843,417.8382
844,417.8354
845,417.8433
846,417.8405
847,417.8419
848,417.8409
849,417.8415
850,417.8424
851,417.8455
852,417.8466
853,417.8490
854,417.8500
855,417.8437
856,417.8442
857,417.8446
858,417.8481
859,417.8471
860,417.8528
861,417.8505
862,417.8510
863,417.8559
864,417.8514
865,417.8541
866,417.8518
867,417.8550
868,417.8582
869,417.8591
870,417.8532
871,417.8564
872,417.8611
873,417.8568
874,417.8630
875,417.8573
876,417.8595
877,417.8639
878,417.8600
879,417.8620
880,417.8668
881,417.8677
882,417.8645
883,417.8649
884,417.8700
885,417.8654
886,417.8709
887,417.8658
888,417.8681
889,417.8736
890,417.8686
891,417.8690
892,417.8714
893,417.8718
894,417.8723
895,417.8760
896,417.8727
897,417.8773
898,417.8797
899,417.8742
900,417.8746
901,417.8751
902,417.8783
903,417.8764
904,417.8818
905,417.8788
906,417.8827
907,417.8838
908,417.8803
909,417.8847
910,417.8857
911,417.8808
912,417.8881
913,417.8890
914,417.8910
915,417.8862
916,417.8924
917,417.8867
918,417.8872
919,417.8934
920,417.8894
921,417.8899
922,417.8915
923,417.8989
924,417.8958
925,417.8998
926,417.8939
927,417.8945
928,417.8969
929,417.8979
930,417.8949
931,417.9003
932,417.9007
933,417.9031
934,417.9012
935,417.9065
936,417.9045
937,417.9074
938,417.9017
939,417.9056
940,417.9022
941,417.9036
942,417.9099
943,417.9136
944,417.9079
945,417.9108
946,417.9084
947,417.9117
948,417.9090
949,417.9126
950,417.9152
951,417.9202
952,417.9163
953,417.9141
954,417.9211
955,417.9173
956,417.9183
957,417.9192
958,417.9239
959,417.9267
960,417.9216
961,417.9295
962,417.9223
963,417.9248
964,417.9228
965,417.9258
966,417.9286
967,417.9272
968,417.9277
969,417.9353
970,417.9323
971,417.9299
972,417.9304
973,417.9334
974,417.9308
975,417.9314
976,417.9344
977,417.9376
978,417.9358
979,417.9362
980,417.9409
981,417.9367
982,417.9420
983,417.9429
984,417.9400
985,417.9380
986,417.9385
987,417.9389
988,417.9434
989,417.9443
990,417.9491
991,417.9461
992,417.9438
993,417.9470
994,417.9447
995,417.9500
996,417.9452
997,417.9479
998,417.9534
999,417.9506
1000,417.9552
1001,417.9512
1002,417.9516
1003,417.9561
1004,417.9521
1005,417.9543
1006,417.9575
1007,417.9584
1008,417.9605
1009,417.9614
1010,417.9566
1011,417.9623
1012,417.9656
1013,417.9634
1014,417.9591
1015,417.9596
1016,417.9638
1017,417.9643
1018,417.9676
1019,417.9647
1020,417.9661
1021,418.3055
1022,417.9666
1023,418.3065
1024,417.6556
1025,417.6568
1026,417.3204
1027,417.3215
1028,417.6612
1029,417.6642
1030,417.6652
1031,417.6622
1032,417.6593
1033,417.6661
1034,417.6598
1035,417.6602
1036,417.6633
1037,417.6720
1038,417.6682
1039,417.6729
1040,417.6691
1041,417.6665
1042,417.6700
1043,417.6710
1044,417.6670
1045,417.6787
1046,417.6739
1047,417.6759
1048,417.6733
1049,417.6778
1050,417.6768
1051,417.6744
1052,417.6749
1053,417.6792
1054,417.6796
1055,417.6861
1056,417.6815
1057,417.6801
1058,417.6805
1059,417.6824
1060,417.6833
1061,417.6843
1062,417.6852
1063,417.6881
1064,417.6890
1065,417.6899
1066,417.6867
1067,417.6871
1068,417.6909
1069,417.6919
1070,417.6928
1071,417.6957
1072,417.6971
1073,417.6980
1074,417.6933
1075,417.6939
1076,417.6943
1077,417.6948
1078,417.6992
1079,417.6962
1080,417.6996
1081,417.7006
1082,417.7080
1083,417.7033
1084,417.7043
1085,417.7052
1086,417.7061
1087,417.7070
1088,417.7021
1089,417.7010
1090,417.7104
1091,417.7084
1092,417.7128
1093,417.7089
1094,417.7137
1095,417.7146
1096,417.7095
1097,417.7119
1098,417.7173
1099,417.7109
1100,417.7200
1101,417.7209
1102,417.7152
1103,417.7162
1104,417.7188
1105,417.7157
1106,417.7233
1107,417.7178
1108,417.7213
1109,417.7219
1110,417.7274
1111,417.7224
1112,417.7256
1113,417.7265
1114,417.7237
1115,417.7242
1116,417.7298
1117,417.7247
1118,417.7321
1119,417.7331
1120,417.7280
1121,417.7284
1122,417.7312
1123,417.7289
1124,417.7302
1125,417.7354
1126,417.7387
1127,417.7396
1128,417.7369
1129,417.7378
1130,417.7335
1131,417.7340
1132,417.7345
1133,417.7359
1134,417.7405
1135,417.7424
1136,417.7401
1137,417.7410
1138,417.7472
1139,417.7415
1140,417.7445
1141,417.7454
1142,417.7463
1143,417.7429
1144,417.7435
1145,417.7504
1146,417.7518
1147,417.7527
1148,417.7477
1149,417.7481
1150,417.7490
1151,417.7495
1152,417.7486
1153,417.7509
1154,417.7555
1155,417.7546
1156,417.7564
1157,417.7594
1158,417.7575
1159,417.7537
1160,417.7532
1161,417.7585
1162,417.7630
1163,417.7599
1164,417.7603
1165,417.7608
1166,417.7639
1167,417.7621
1168,417.7612
1169,417.7617
1170,417.7658
1171,417.7667
1172,417.7677
1173,417.7686
1174,417.7700
1175,417.7644
1176,417.7649
1177,417.7715
1178,417.7724
1179,417.7691
1180,417.7734
1181,417.7743
1182,417.7766
1183,417.7775
1184,417.7705
1185,417.7748
1186,417.7803
1187,417.7813
1188,417.7752
1189,417.7757
1190,417.7780
1191,417.7789
1192,417.7785
1193,417.7794
1194,417.7840
1195,417.7817
1196,417.7868
1197,417.7822
1198,417.7826
1199,417.7831
1200,417.7849
1201,417.7858
1202,417.7891
1203,417.7900
1204,417.7872
1205,417.7914
1206,417.7923
1207,417.7932
1208,417.7877
1209,417.7882
1210,417.7984
1211,417.7951
1212,417.7905
1213,417.7937
1214,417.7993
1215,417.7942
1216,417.7961
1217,417.7972
1218,417.7998
1219,417.8022
1220,417.8061
1221,417.8052
1222,417.8003
1223,417.8008
1224,417.8032
1225,417.8041
1226,417.8012
1227,417.8075
1228,417.8066
1229,417.8109
1230,417.8119
1231,417.8129
1232,417.8098
1233,417.8138
1234,417.8147
1235,417.8080
1236,417.8086
1237,417.8168
1238,417.8193
1239,417.8201
1240,417.8151
1241,417.8176
1242,417.8185
1243,417.8156
1244,417.8160
1245,417.8214
1246,417.8245
1247,417.8253
1248,417.8222
1249,417.8230
1250,417.8260
1251,417.8267
1252,417.8238
1253,417.8285
1254,417.8321
1255,417.8278
1256,417.8271
1257,417.8297
1258,417.8275
1259,417.8305
1260,417.8312
1261,417.8336
1262,417.8373
1263,417.8381
1264,417.8350
1265,417.8325
1266,417.8358
1267,417.8366
1268,417.8328
1269,417.8340
1270,417.8411
1271,417.8389
1272,417.8385
1273,417.8392
1274,417.8396
1275,417.8400
1276,417.8428
1277,417.8403
1278,418.1139
1279,418.1147
1280,417.2164
1281,417.4873
1282,417.4881
1283,417.2170
1284,417.4917
1285,417.4864
1286,417.4940
1287,417.4901
1288,417.4906
1289,417.4925
1290,417.4933
1291,417.4909
1292,417.4983
1293,417.4961
1294,417.4944
1295,417.4990
1296,417.4948
1297,417.4968
1298,417.4952
1299,417.4975
1300,417.4994
1301,417.4997
1302,417.5001
1303,417.5019
1304,417.5004
1305,417.5049
1306,417.5056
1307,417.5008
1308,417.5034
1309,417.5041
1310,417.5012
1311,417.5023
1312,417.5027
1313,417.5072
1314,417.5083
1315,417.5091
1316,417.5098
1317,417.5060
1318,417.5065
1319,417.5105
1320,417.5112
1321,417.5076
1322,417.5156
1323,417.5167
1324,417.5116
1325,417.5133
1326,417.5120
1327,417.5124
1328,417.5141
1329,417.5148
1330,417.5191
1331,417.5171
1332,417.5213
1333,417.5175
1334,417.5199
1335,417.5206
1336,417.5180
1337,417.5183
1338,417.5222
1339,417.5229
1340,417.5233
1341,417.5276
1342,417.5288
1343,417.5266
1344,417.5243
1345,417.5248
1346,417.5251
1347,417.5255
1348,417.5258
1349,417.5279
1350,417.5292
1351,417.5322
1352,417.5295
1353,417.5299
1354,417.5303
1355,417.5349
1356,417.5306
1357,417.5341
1358,417.5311
1359,417.5326
1360,417.5330
1361,417.5369
1362,417.5334
1363,417.5353
1364,417.5376
1365,417.5383
1366,417.5393
1367,417.5357
1368,417.5361
1369,417.5430
1370,417.5415
1371,417.5423
1372,417.5396
1373,417.5400
1374,417.5438
1375,417.5404
1376,417.5408
1377,417.5449
1378,417.5456
1379,417.5463
1380,417.5480
1381,417.5472
1382,417.5531
1383,417.5441
1384,417.5495
1385,417.5502
1386,417.5485
1387,417.5509
1388,417.5517
1389,417.5524
1390,417.5546
1391,417.5535
1392,417.5573
1393,417.5557
1394,417.5539
1395,417.5580
1396,417.5588
1397,417.5566
1398,417.5610
1399,417.5549
1400,417.5621
1401,417.5592
1402,417.5596
1403,417.5599
1404,417.5629
1405,417.5603
1406,417.5640
1407,417.5614
1408,417.5647
1409,417.5678
1410,417.5655
1411,417.5633
1412,417.5663
1413,417.5670
1414,417.5693
1415,417.5700
1416,417.5711
1417,417.5719
1418,417.5681
1419,417.5733
1420,417.5686
1421,417.5726
1422,417.5704
1423,417.5752
1424,417.5737
1425,417.5741
1426,417.5768
1427,417.5745
1428,417.5757
1429,417.5779
1430,417.5761
1431,417.5801
1432,417.5786
1433,417.5794
1434,417.5772
1435,417.5823
1436,417.5830
1437,417.5849
1438,417.5806
1439,417.5856
1440,417.5841
1441,417.5810
1442,417.5814
1443,417.5877
1444,417.5834
1445,417.5884
1446,417.5891
1447,417.5899
1448,417.5860
1449,417.5906
1450,417.5870
1451,417.5917
1452,417.5924
1453,417.5950
1454,417.5957
1455,417.5965
1456,417.5935
1457,417.5943
1458,417.5910
1459,417.5976
1460,417.5928
1461,417.5988
1462,417.6018
1463,417.5996
1464,417.5969
1465,417.6004
1466,417.6011
1467,417.5981
1468,417.6045
1469,417.6022
1470,417.6037
1471,417.6059
1472,417.6067
1473,417.6026
1474,417.6029
1475,417.6033
1476,417.6049
1477,417.6052
1478,417.6089
1479,417.6071
1480,417.6074
1481,417.6078
1482,417.6110
1483,417.6118
1484,417.6125
1485,417.6081
1486,417.6147
1487,417.6093
1488,417.6103
1489,417.6139
1490,417.6162
1491,417.6169
1492,417.6129
1493,417.6132
1494,417.6151
1495,417.6184
1496,417.6176
1497,417.6154
1498,417.6191
1499,417.6198
1500,417.6202
1501,417.6224
1502,417.6228
1503,417.6235
1504,417.6209
1505,417.6213
1506,417.6217
1507,417.6220
1508,417.6247
1509,417.6281
1510,417.6303
1511,417.6239
1512,417.6265
1513,417.6288
1514,417.6296
1515,417.6273
1516,417.6252
1517,417.6308
1518,417.6312
1519,417.6315
1520,417.6339
1521,417.6319
1522,417.6323
1523,417.6350
1524,417.6327
1525,417.6331
1526,417.6357
1527,417.6365
1528,417.6380
1529,417.6343
1530,417.6387
1531,417.9021
1532,417.9029
1533,417.6368
1534,417.6404
1535,417.6372
1536,417.3137
1537,417.0481
1538,417.0486
1539,417.3242
1540,417.3124
1541,417.3252
1542,417.3233
1543,417.3129
1544,417.3141
1545,417.3146
1546,417.3272
1547,417.3256
1548,417.3291
1549,417.3260
1550,417.3299
1551,417.3306
1552,417.3284
1553,417.3264
1554,417.3276
1555,417.3325
1556,417.3310
1557,417.3360
1558,417.3314
1559,417.3352
1560,417.3337
1561,417.3344
1562,417.3318
1563,417.3329
1564,417.3382
1565,417.3401
1566,417.3364
1567,417.3408
1568,417.3394
1569,417.3368
1570,417.3371
1571,417.3375
1572,417.3386
1573,417.3420
1574,417.3465
1575,417.3473
1576,417.3440
1577,417.3412
1578,417.3450
1579,417.3458
1580,417.3432
1581,417.3423
1582,417.3477
1583,417.3493
1584,417.3504
1585,417.3535
1586,417.3513
1587,417.3520
1588,417.3527
1589,417.3481
1590,417.3485
1591,417.3496
1592,417.3547
1593,417.3561
1594,417.3569
1595,417.3576
1596,417.3584
1597,417.3591
1598,417.3539
1599,417.3598
1600,417.3554
1601,417.3618
1602,417.3644
1603,417.3602
1604,417.3637
1605,417.3607
1606,417.3652
1607,417.3611
1608,417.3629
1609,417.3622
1610,417.3656
1611,417.3659
1612,417.3680
1613,417.3721
1614,417.3663
1615,417.3667
1616,417.3694
1617,417.3671
1618,417.3702
1619,417.3713
1620,417.3685
1621,417.3725
1622,417.3750
1623,417.3777
1624,417.3729
1625,417.3734
1626,417.3762
1627,417.3737
1628,417.3741
1629,417.3769
1630,417.3754
1631,417.3800
1632,417.3819
1633,417.3780
1634,417.3827
1635,417.3811
1636,417.3784
1637,417.3788
1638,417.3792
1639,417.3803
1640,417.3831
1641,417.3853
1642,417.3834
1643,417.3864
1644,417.3871
1645,417.3878
1646,417.3838
1647,417.3845
1648,417.3842
1649,417.3856
1650,417.3900
1651,417.3919
1652,417.3882
1653,417.3885
1654,417.3889
1655,417.3927
1656,417.3912
1657,417.3893
1658,417.3905
1659,417.3948
1660,417.3934
1661,417.3938
1662,417.3941
1663,417.3952
1664,417.3945
1665,417.3930
1666,417.3963
1667,417.3983
1668,417.3955
1669,417.3990
1670,417.3998
1671,417.4005
1672,417.3976
1673,417.4012
1674,417.3966
1675,417.4036
1676,417.4055
1677,417.4016
1678,417.4062
1679,417.4023
1680,417.4020
1681,417.4027
1682,417.4048
1683,417.4040
1684,417.4066
1685,417.4082
1686,417.4113
1687,417.4120
1688,417.4070
1689,417.4091
1690,417.4098
1691,417.4074
1692,417.4105
1693,417.4143
1694,417.4170
1695,417.4124
1696,417.4156
1697,417.4163
1698,417.4127
1699,417.4132
1700,417.4135
1701,417.4146
1702,417.4193
1703,417.4216
1704,417.4174
1705,417.4223
1706,417.4181
1707,417.4201
1708,417.4209
1709,417.4186
1710,417.4231
1711,417.4260
1712,417.4252
1713,417.4269
1714,417.4235
1715,417.4276
1716,417.4239
1717,417.4243
1718,417.4283
1719,417.4313
1720,417.4305
1721,417.4324
1722,417.4288
1723,417.4335
1724,417.4292
1725,417.4297
1726,417.4342
1727,417.4364
1728,417.4317
1729,417.4346
1730,417.4349
1731,417.4353
1732,417.4357
1733,417.4382
1734,417.4390
1735,417.4419
1736,417.4401
1737,417.4368
1738,417.4371
1739,417.4375
1740,417.4409
1741,417.4393
1742,417.4446
1743,417.4423
1744,417.4458
1745,417.4427
1746,417.4432
1747,417.4465
1748,417.4435
1749,417.4439
1750,417.4484
1751,417.4450
1752,417.4469
1753,417.4473
1754,417.4502
1755,417.4510
1756,417.4517
1757,417.4476
1758,417.4537
1759,417.4544
1760,417.4491
1761,417.4495
1762,417.4521
1763,417.4524
1764,417.4528
1765,417.4573
1766,417.4548
1767,417.4551
1768,417.4592
1769,417.4555
1770,417.4559
1771,417.4599
1772,417.4562
1773,417.4585
1774,417.4576
1775,417.4580
1776,417.4622
1777,417.4603
1778,417.4630
1779,417.4637
1780,417.4611
1781,417.4607
1782,417.4615
1783,417.4644
1784,417.4666
1785,417.4674
1786,417.4648
1787,417.4652
1788,417.4655
1789,417.4659
1790,417.7041
1791,417.7049
1792,416.8397
1793,417.0785
1794,416.8401
1795,417.0793
1796,417.0800
1797,417.0750
1798,417.0820
1799,417.0773
1800,417.0777
1801,417.0830
1802,417.0804
1803,417.0808
1804,417.0837
1805,417.0812
1806,417.0879
1807,417.0871
1808,417.0857
1809,417.0841
1810,417.0845
1811,417.0902
1812,417.0849
1813,417.0909
1814,417.0883
1815,417.0886
1816,417.0890
1817,417.0927
1818,417.0894
1819,417.0913
1820,417.0948
1821,417.0956
1822,417.0941
1823,417.0916
1824,417.0920
1825,417.0964
1826,417.0931
1827,417.0971
1828,417.0992
1829,417.0999
1830,417.1006
1831,417.1016
1832,417.0984
1833,417.1037
1834,417.1044
1835,417.0975
1836,417.1020
1837,417.1063
1838,417.1070
1839,417.1029
1840,417.1025
1841,417.1048
1842,417.1052
1843,417.1090
1844,417.1055
1845,417.1075
1846,417.1112
1847,417.1119
1848,417.1105
1849,417.1079
1850,417.1083
1851,417.1094
1852,417.1137
1853,417.1144
1854,417.1191
1855,417.1166
1856,417.1175
1857,417.1157
1858,417.1123
1859,417.1127
1860,417.1149
1861,417.1183
1862,417.1195
1863,417.1198
1864,417.1202
1865,417.1206
1866,417.1209
1867,417.1213
1868,417.1233
1869,417.1260
1870,417.1267
1871,417.1222
1872,417.1218
1873,417.1245
1874,417.1225
1875,417.1253
1876,417.1236
1877,417.1294
1878,417.1272
1879,417.1276
1880,417.1283
1881,417.1279
1882,417.1287
1883,417.1318
1884,417.1325
1885,417.1298
1886,417.1344
1887,417.1302
1888,417.1307
1889,417.1337
1890,417.1310
1891,417.1360
1892,417.1330
1893,417.1367
1894,417.1393
1895,417.1348
1896,417.1379
1897,417.1386
1898,417.1352
1899,417.1418
1900,417.1426
1901,417.1371
1902,417.1442
1903,417.1398
1904,417.1435
1905,417.1401
1906,417.1406
1907,417.1461
1908,417.1481
1909,417.1489
1910,417.1446
1911,417.1454
1912,417.1450
1913,417.1474
1914,417.1496
1915,417.1465
1916,417.1500
1917,417.1503
1918,417.1529
1919,417.1547
1920,417.1540
1921,417.1507
1922,417.1511
1923,417.1514
1924,417.1518
1925,417.1521
1926,417.1532
1927,417.1551
1928,417.1582
1929,417.1589
1930,417.1554
1931,417.1558
1932,417.1561
1933,417.1565
1934,417.1569
1935,417.1573
1936,417.1607
1937,417.1615
1938,417.1622
1939,417.1629
1940,417.1593
1941,417.1596
1942,417.1642
1943,417.1600
1944,417.1657
1945,417.1664
1946,417.1672
1947,417.1680
1948,417.1633
1949,417.1687
1950,417.1645
1951,417.1649
1952,417.1702
1953,417.1731
1954,417.1715
1955,417.1738
1956,417.1691
1957,417.1695
1958,417.1746
1959,417.1724
1960,417.1706
1961,417.1750
1962,417.1754
1963,417.1758
1964,417.1784
1965,417.1791
1966,417.1761
1967,417.1798
1968,417.1766
1969,417.1769
1970,417.1773
1971,417.1776
1972,417.1830
1973,417.1802
1974,417.1812
1975,417.1815
1976,417.1841
1977,417.1848
1978,417.1819
1979,417.1823
1980,417.1870
1981,417.1878
1982,417.1885
1983,417.1834
1984,417.1852
1985,417.1856
1986,417.1859
1987,417.1863
1988,417.1888
1989,417.1892
1990,417.1896
1991,417.1899
1992,417.1903
1993,417.1906
1994,417.1910
1995,417.1914
1996,417.1936
1997,417.1917
1998,417.1921
1999,417.1966
2000,417.1924
2001,417.1952
2002,417.1959
2003,417.1929
2004,417.1977
2005,417.1941
2006,417.1944
2007,417.1970
2008,417.1995
2009,417.2003
2010,417.2010
2011,417.2017
2012,417.1981
2013,417.1984
2014,417.2044
2015,417.1988
2016,417.2021
2017,417.2059
2018,417.2025
2019,417.2029
2020,417.2033
2021,417.2036
2022,417.2070
2023,417.2047
2024,417.2051
2025,417.2077
2026,417.2094
2027,417.2062
2028,417.2086
2029,417.2102
2030,417.2135
2031,417.2142
2032,417.2125
2033,417.2157
2034,417.2164
2035,417.2107
2036,417.2172
2037,417.2110
2038,417.2146
2039,417.2192
2040,417.2150
2041,417.2175
2042,417.2211
2043,417.2218
2044,417.5345
2045,417.2179
2046,417.2183
2047,417.5361
2048,416.6232
2049,416.6238
2050,416.9428
2051,416.9413
2052,416.9386
2053,416.9441
2054,416.9421
2055,416.9401
2056,416.9406
2057,416.9456
2058,416.9445
2059,416.9467
2060,416.9475
2061,416.9482
2062,416.9492
2063,416.9534
2064,416.9449
2065,416.9517
2066,416.9460
2067,416.9496
2068,416.9500
2069,416.9526
2070,416.9503
2071,416.9561
2072,416.9537
2073,416.9541
2074,416.9545
2075,416.9548
2076,416.9587
2077,416.9552
2078,416.9580
2079,416.9565
2080,416.9605
2081,416.9613
2082,416.9569
2083,416.9572
2084,416.9591
2085,416.9632
2086,416.9594
2087,416.9598
2088,416.9617
2089,416.9643
2090,416.9620
2091,416.9624
2092,416.9651
2093,416.9636
2094,416.9691
2095,416.9683
2096,416.9675
2097,416.9655
2098,416.9703
2099,416.9658
2100,416.9711
2101,416.9663
2102,416.9737
2103,416.9695
2104,416.9744
2105,416.9730
2106,416.9715
2107,416.9718
2108,416.9763
2109,416.9722
2110,416.9748
2111,416.9752
2112,416.9782
2113,416.9789
2114,416.9756
2115,416.9796
2116,416.9767
2117,416.9770
2118,416.9774
2119,416.9816
2120,416.9823
2121,416.9832
2122,416.9800
2123,416.9839
2124,416.9805
2125,416.9808
2126,416.9847
2127,416.9872
2128,416.9851
2129,416.9854
2130,416.9858
2131,416.9861
2132,416.9865
2133,416.9897
2134,416.9905
2135,416.9929
2136,416.9876
2137,416.9921
2138,416.9881
2139,416.9885
2140,416.9889
2141,416.9909
2142,416.9912
2143,416.9945
2144,416.9957
2145,416.9964
2146,416.9972
2147,416.9979
2148,416.9932
2149,416.9937
2150,416.9987
2151,416.9949
2152,417.0006
2153,416.9991
2154,417.0018
2155,417.0025
2156,416.9994
2157,417.0033
2158,416.9999
2159,417.0040
2160,417.0010
2161,417.0060
2162,417.0045
2163,417.0080
2164,417.0049
2165,417.0053
2166,417.0095
2167,417.0088
2168,417.0073
2169,417.0118
2170,417.0064
2171,417.0099
2172,417.0102
2173,417.0138
2174,417.0106
2175,417.0145
2176,417.0111
2177,417.0123
2178,417.0126
2179,417.0130
2180,417.0172
2181,417.0149
2182,417.0188
2183,417.0153
2184,417.0157
2185,417.0181
2186,417.0161
2187,417.0164
2188,417.0211
2189,417.0218
2190,417.0238
2191,417.0196
2192,417.0192
2193,417.0231
2194,417.0199
2195,417.0203
2196,417.0256
2197,417.0222
2198,417.0286
2199,417.0245
2200,417.0242
2201,417.0249
2202,417.0271
2203,417.0278
2204,417.0260
2205,417.0264
2206,417.0289
2207,417.0293
2208,417.0309
2209,417.0297
2210,417.0332
2211,417.0316
2212,417.0324
2213,417.0300
2214,417.0339
2215,417.0346
2216,417.0365
2217,417.0372
2218,417.0350
2219,417.0354
2220,417.0388
2221,417.0395
2222,417.0403
2223,417.0357
2224,417.0417
2225,417.0425
2226,417.0376
2227,417.0435
2228,417.0454
2229,417.0407
2230,417.0461
2231,417.0468
2232,417.0439
2233,417.0443
2234,417.0484
2235,417.0447
2236,417.0504
2237,417.0520
2238,417.0513
2239,417.0472
2240,417.0497
2241,417.0477
2242,417.0488
2243,417.0528
2244,417.0555
2245,417.0562
2246,417.0570
2247,417.0577
2248,417.0541
2249,417.0548
2250,417.0584
2251,417.0532
2252,417.0611
2253,417.0589
2254,417.0636
2255,417.0643
2256,417.0620
2257,417.0594
2258,417.0597
2259,417.0627
2260,417.0651
2261,417.0658
2262,417.0685
2263,417.0662
2264,417.0666
2265,417.0703
2266,417.0669
2267,417.0710
2268,417.0674
2269,417.0677
2270,417.0688
2271,417.0692
2272,417.0695
2273,417.0714
2274,417.0728
2275,417.0736
2276,417.0717
2277,417.0721
2278,417.0762
2279,417.0769
2280,417.0777
2281,417.0753
2282,417.0787
2283,417.0796
2284,417.0739
2285,417.0744
2286,417.0780
2287,417.0833
2288,417.0817
2289,417.0825
2290,417.0799
2291,417.0803
2292,417.0806
2293,417.0810
2294,417.0848
2295,417.0885
2296,417.0856
2297,417.0837
2298,417.0863
2299,417.0870
2300,417.0841
2301,417.0877
2302,417.3813
2303,417.0888
2304,416.7299
2305,416.4363
2306,416.7306
2307,416.7269
2308,416.7315
2309,416.7274
2310,416.7287
2311,416.7291
2312,416.7319
2313,416.7336
2314,416.7344
2315,416.7351
2316,416.7380
2317,416.7323
2318,416.7365
2319,416.7373
2320,416.7327
2321,416.7406
2322,416.7384
2323,416.7387
2324,416.7391
2325,416.7434
2326,416.7399
2327,416.7425
2328,416.7395
2329,416.7410
2330,416.7414
2331,416.7445
2332,416.7418
2333,416.7472
2334,416.7438
2335,416.7479
2336,416.7500
2337,416.7456
2338,416.7464
2339,416.7449
2340,416.7507
2341,416.7483
2342,416.7487
2343,416.7491
2344,416.7530
2345,416.7539
2346,416.7557
2347,416.7511
2348,416.7515
2349,416.7549
2350,416.7519
2351,416.7523
2352,416.7584
2353,416.7577
2354,416.7560
2355,416.7565
2356,416.7603
2357,416.7569
2358,416.7612
2359,416.7619
2360,416.7588
2361,416.7635
2362,416.7592
2363,416.7595
2364,416.7623
2365,416.7654
2366,416.7661
2367,416.7627
2368,416.7646
2369,416.7695
2370,416.7638
2371,416.7704
2372,416.7687
2373,416.7665
2374,416.7724
2375,416.7680
2376,416.7675
2377,416.7731
2378,416.7708
2379,416.7711
2380,416.7715
2381,416.7739
2382,416.7758
2383,416.7766
2384,416.7751
2385,416.7773
2386,416.7795
2387,416.7780
2388,416.7743
2389,416.7788
2390,416.7806
2391,416.7813
2392,416.7820
2393,416.7828
2394,416.7835
2395,416.7855
2396,416.7844
2397,416.7799
2398,416.7871
2399,416.7859
2400,416.7848
2401,416.7887
2402,416.7864
2403,416.7909
2404,416.7894
2405,416.7901
2406,416.7920
2407,416.7875
2408,416.7878
2409,416.7932
2410,416.7956
2411,416.7913
2412,416.7941
2413,416.7948
2414,416.7980
2415,416.7923
2416,416.7972
2417,416.7959
2418,416.7998
2419,416.7963
2420,416.8006
2421,416.8013
2422,416.7984
2423,416.7991
2424,416.7987
2425,416.8035
2426,416.8016
2427,416.8020
2428,416.8024
2429,416.8066
2430,416.8050
2431,416.8059
2432,416.8027
2433,416.8039
2434,416.8081
2435,416.8088
2436,416.8043
2437,416.8108
2438,416.8116
2439,416.8070
2440,416.8074
2441,416.8101
2442,416.8092
2443,416.8155
2444,416.8148
2445,416.8162
2446,416.8119
2447,416.8123
2448,416.8127
2449,416.8131
2450,416.8135
2451,416.8179
2452,416.8186
2453,416.8166
2454,416.8206
2455,416.8213
2456,416.8221
2457,416.8170
2458,416.8198
2459,416.8241
2460,416.8190
2461,416.8250
2462,416.8226
2463,416.8230
2464,416.8268
2465,416.8261
2466,416.8234
2467,416.8275
2468,416.8282
2469,416.8253
2470,416.8290
2471,416.8327
2472,416.8305
2473,416.8313
2474,416.8320
2475,416.8342
2476,416.8349
2477,416.8294
2478,416.8298
2479,416.8364
2480,416.8356
2481,416.8331
2482,416.8334
2483,416.8378
2484,416.8386
2485,416.8393
2486,416.8400
2487,416.8367
2488,416.8415
2489,416.8371
2490,416.8423
2491,416.8431
2492,416.8439
2493,416.8404
2494,416.8447
2495,416.8408
2496,416.8466
2497,416.8473
2498,416.8481
2499,416.8493
2500,416.8500
2501,416.8507
2502,416.8450
2503,416.8459
2504,416.8484
2505,416.8525
2506,416.8532
2507,416.8550
2508,416.8558
2509,416.8511
2510,416.8516
2511,416.8565
2512,416.8543
2513,416.8535
2514,416.8589
2515,416.8569
2516,416.8604
2517,416.8573
2518,416.8581
2519,416.8611
2520,416.8596
2521,416.8577
2522,416.8635
2523,416.8642
2524,416.8615
2525,416.8660
2526,416.8667
2527,416.8619
2528,416.8623
2529,416.8626
2530,416.8646
2531,416.8649
2532,416.8653
2533,416.8686
2534,416.8710
2535,416.8719
2536,416.8695
2537,416.8703
2538,416.8671
2539,416.8675
2540,416.8678
2541,416.8741
2542,416.8722
2543,416.8726
2544,416.8755
2545,416.8763
2546,416.8772
2547,416.8730
2548,416.8734
2549,416.8744
2550,416.8748
2551,416.8800
2552,416.8808
2553,416.8776
2554,416.8779
2555,416.8783
2556,416.8786
2557,416.8815
2558,416.8790
2559,417.0729
2560,416.4781
2561,416.4789
2562,416.2856
2563,416.4753
2564,416.4796
2565,416.4758
2566,416.4804
2567,416.4770
2568,416.4808
2569,416.4821
2570,416.4834
2571,416.4877
2572,416.4811
2573,416.4847
2574,416.4854
2575,416.4862
2576,416.4869
2577,416.4825
2578,416.4881
2579,416.4885
2580,416.4889
2581,416.4893
2582,416.4943
2583,416.4911
2584,416.4919
2585,416.4897
2586,416.4900
2587,416.4928
2588,416.4904
2589,416.4935
2590,416.4994
2591,416.4967
2592,416.4946
2593,416.4951
2594,416.4975
2595,416.4955
2596,416.4959
2597,416.4983
2598,416.5014
2599,416.4998
2600,416.5029
2601,416.5047
2602,416.5039
2603,416.5002
2604,416.5006
2605,416.5054
2606,416.5017
2607,416.5022
2608,416.5058
2609,416.5062
2610,416.5066
2611,416.5069
2612,416.5073
2613,416.5095
2614,416.5121
2615,416.5080
2616,416.5077
2617,416.5106
2618,416.5084
2619,416.5088
2620,416.5114
2621,416.5099
2622,416.5151
2623,416.5125
2624,416.5169
2625,416.5130
2626,416.5133
2627,416.5137
2628,416.5140
2629,416.5162
2630,416.5189
2631,416.5154
2632,416.5173
2633,416.5208
2634,416.5177
2635,416.5216
2636,416.5181
2637,416.5201
2638,416.5244
2639,416.5193
2640,416.5237
2641,416.5220
2642,416.5224
2643,416.5264
2644,416.5272
2645,416.5228
2646,416.5248
2647,416.5290
2648,416.5253
2649,416.5257
2650,416.5282
2651,416.5304
2652,416.5312
2653,416.5319
2654,416.5275
2655,416.5294
2656,416.5297
2657,416.5345
2658,416.5352
2659,416.5323
2660,416.5326
2661,416.5330
2662,416.5334
2663,416.5337
2664,416.5371
2665,416.5356
2666,416.5378
2667,416.5360
2668,416.5363
2669,416.5386
2670,416.5393
2671,416.5400
2672,416.5419
2673,416.5430
2674,416.5438
2675,416.5404
2676,416.5445
2677,416.5407
2678,416.5452
2679,416.5411
2680,416.5422
2681,416.5478
2682,416.5456
2683,416.5463
2684,416.5466
2685,416.5504
2686,416.5470
2687,416.5511
2688,416.5497
2689,416.5481
2690,416.5485
2691,416.5489
2692,416.5541
2693,416.5515
2694,416.5519
2695,416.5522
2696,416.5555
2697,416.5563
2698,416.5526
2699,416.5530
2700,416.5581
2701,416.5544
2702,416.5589
2703,416.5548
2704,416.5567
2705,416.5571
2706,416.5574
2707,416.5596
2708,416.5607
2709,416.5614
2710,416.5648
2711,416.5655
2712,416.5626
2713,416.5634
2714,416.5641
2715,416.5600
2716,416.5674
2717,416.5618
2718,416.5659
2719,416.5666
2720,416.5688
2721,416.5663
2722,416.5696
2723,416.5703
2724,416.5725
2725,416.5677
2726,416.5733
2727,416.5681
2728,416.5707
2729,416.5711
2730,416.5714
2731,416.5718
2732,416.5752
2733,416.5767
2734,416.5787
2735,416.5737
2736,416.5741
2737,416.5744
2738,416.5779
2739,416.5759
2740,416.5809
2741,416.5790
2742,416.5847
2743,416.5825
2744,416.5794
2745,416.5798
2746,416.5801
2747,416.5818
2748,416.5832
2749,416.5840
2750,416.5851
2751,416.5866
2752,416.5878
2753,416.5885
2754,416.5854
2755,416.5902
2756,416.5909
2757,416.5859
2758,416.5895
2759,416.5870
2760,416.5913
2761,416.5916
2762,416.5943
2763,416.5920
2764,416.5924
2765,416.5927
2766,416.5931
2767,416.5961
2768,416.5954
2769,416.5935
2770,416.5947
2771,416.5970
2772,416.5977
2773,416.5985
2774,416.5992
2775,416.6030
2776,416.6014
2777,416.6037
2778,416.6023
2779,416.5996
2780,416.6000
2781,416.6049
2782,416.6057
2783,416.6094
2784,416.6041
2785,416.6065
2786,416.6072
2787,416.6080
2788,416.6087
2789,416.6113
2790,416.6105
2791,416.6145
2792,416.6153
2793,416.6098
2794,416.6122
2795,416.6129
2796,416.6137
2797,416.6160
2798,416.6167
2799,416.6171
2800,416.6193
2801,416.6212
2802,416.6175
2803,416.6179
2804,416.6182
2805,416.6220
2806,416.6204
2807,416.6186
2808,416.6197
2809,416.6224
2810,416.6228
2811,416.6231
2812,416.6235
2813,416.7557
2814,416.6238
2815,416.7565
2816,416.0047
2817,416.1336
2818,416.1344
2819,416.1368
2820,416.0038
2821,416.1389
2822,416.1412
2823,416.1433
2824,416.1397
2825,416.1372
2826,416.1376
2827,416.1380
2828,416.1405
2829,416.1426
2830,416.1416
2831,416.1437
2832,416.1456
2833,416.1478
2834,416.1463
2835,416.1440
2836,416.1485
2837,416.1444
2838,416.1448
2839,416.1471
2840,416.1509
2841,416.1489
2842,416.1528
2843,416.1493
2844,416.1497
2845,416.1535
2846,416.1543
2847,416.1500
2848,416.1570
2849,416.1514
2850,416.1546
2851,416.1550
2852,416.1555
2853,416.1585
2854,416.1558
2855,416.1563
2856,416.1574
2857,416.1608
2858,416.1616
2859,416.1577
2860,416.1598
2861,416.1633
2862,416.1641
2863,416.1648
2864,416.1589
2865,416.1656
2866,416.1621
2867,416.1665
2868,416.1626
2869,416.1696
2870,416.1703
2871,416.1710
2872,416.1689
2873,416.1670
2874,416.1676
2875,416.1722
2876,416.1680
2877,416.1746
2878,416.1753
2879,416.1763
2880,416.1731
2881,416.1715
2882,416.1739
2883,416.1775
2884,416.1782
2885,416.1798
2886,416.1805
2887,416.1830
2888,416.1768
2889,416.1812
2890,416.1823
2891,416.1786
2892,416.1790
2893,416.1833
2894,416.1860
2895,416.1837
2896,416.1842
2897,416.1875
2898,416.1849
2899,416.1883
2900,416.1890
2901,416.1853
2902,416.1865
2903,416.1908
2904,416.1868
2905,416.1894
2906,416.1897
2907,416.1923
2908,416.1930
2909,416.1901
2910,416.1937
2911,416.1968
2912,416.1953
2913,416.1961
2914,416.1913
2915,416.1979
2916,416.1942
2917,416.1945
2918,416.1986
2919,416.2011
2920,416.1971
2921,416.2019
2922,416.2004
2923,416.1989
2924,416.1993
2925,416.1997
2926,416.2026
2927,416.2049
2928,416.2030
2929,416.2067
2930,416.2034
2931,416.2037
2932,416.2074
2933,416.2041
2934,416.2081
2935,416.2053
2936,416.2056
2937,416.2114
2938,416.2107
2939,416.2085
2940,416.2088
2941,416.2092
2942,416.2122
2943,416.2099
2944,416.2096
2945,416.2147
2946,416.2140
2947,416.2155
2948,416.2162
2949,416.2169
2950,416.2125
2951,416.2133
2952,416.2129
2953,416.2173
2954,416.2176
2955,416.2198
2956,416.2180
2957,416.2288
2958,416.2184
2959,416.2296
2960,416.2209
2961,416.2187
2962,416.2191
2963,416.2315
2964,416.2202
2965,416.2300
2966,416.2318
2967,416.2333
2968,416.2304
2969,416.2341
2970,416.2308
2971,416.2322
2972,416.2364
2973,416.2326
2974,416.2357
2975,416.2404
2976,416.2345
2977,416.2350
2978,416.2389
2979,416.2396
2980,416.2368
2981,416.2371
2982,416.2375
2983,416.2437
2984,416.2408
2985,416.2411
2986,416.2415
2987,416.2418
2988,416.2422
2989,416.2426
2990,416.2429
2991,416.2460
2992,416.2468
2993,416.2475
2994,416.2440
2995,416.2446
2996,416.2484
2997,416.2449
2998,416.2453
2999,416.2491
3000,417.4794
3001,417.4805
3002,417.4837
3003,417.4812
3004,417.4869
3005,417.4881
3006,417.4818
3007,417.4893
3008,417.4855
3009,417.4824
3010,417.4843
3011,417.4917
3012,417.4899
3013,417.4905
3014,417.4972
3015,417.4982
3016,417.4937
3017,417.4949
3018,417.4961
3019,420.7334
3020,420.7347
3021,417.4923
3022,420.7384
3023,417.4998
3024,417.4987
3025,420.7372
3026,417.4992
3027,420.7404
3028,420.7353
3029,420.7360
3030,420.7438
3031,420.7448
3032,420.7420
3033,420.7429
3034,420.7388
3035,420.7462
3036,420.7472
3037,420.7409
3038,420.7498
3039,420.7516
3040,420.7453
3041,420.7489
3042,420.7507
3043,420.7536
3044,420.7546
3045,420.7476
3046,420.7522
3047,424.3313
3048,424.3288
3049,420.7526
3050,424.3302
3051,424.3361
3052,424.3337
3053,424.3371
3054,424.3351
3055,424.3319
3056,424.3386
3057,424.3397
3058,424.3325
3059,424.3413
3060,424.3377
3061,424.3422
3062,424.3431
3063,424.3441
3064,424.3461
3065,424.3402
3066,424.3471
3067,424.3490
3068,424.3446
3069,424.3452
3070,424.3499
3071,424.3511
3072,423.7381
3073,423.7392
3074,423.7319
3075,423.7415
3076,423.7358
3077,423.7424
3078,423.7365
3079,423.7371
3080,423.7398
3081,426.6876
3082,423.7404
3083,426.6855
3084,426.6897
3085,426.6908
3086,426.6919
3087,426.6928
3088,426.6864
3089,426.6949
3090,426.6960
3091,426.6882
3092,426.6934
3093,426.6993
3094,426.7002
3095,426.6939
3096,426.6982
3097,426.6965
3098,426.7023
3099,426.6972
3100,426.7032
3101,426.7073
3102,426.7053
3103,426.7062
3104,426.7008
3105,426.7013
3106,426.7037
3107,426.7042
3108,426.7098
3109,429.8858
3110,429.8868
3111,429.8878
3112,426.7077
3113,426.7083
3114,429.8846
3115,426.7088
3116,426.7103
3117,429.8885
3118,429.8914
3119,429.8965
3120,429.8929
3121,429.8940
3122,429.9007
3123,429.8893
3124,429.8900
3125,429.8952
3126,429.8982
3127,429.9019
3128,429.8996
3129,429.8971
3130,429.9026
3131,429.9057
3132,429.9032
3133,429.9089
3134,429.9098
3135,429.9107
3136,429.9039
3137,429.9079
3138,429.9046
3139,429.9063
3140,429.9069
3141,433.0372
3142,433.0417
3143,433.0430
3144,433.0384
3145,433.0351
3146,433.0361
3147,433.0394
3148,433.0404
3149,433.0468
3150,433.0434
3151,433.0452
3152,433.0440
3153,433.0447
3154,433.0458
3155,433.0484
3156,433.0494
3157,433.0531
3158,433.0540
3159,433.0550
3160,433.0512
3161,433.0522
3162,433.0473
3163,433.0500
3164,433.0575
3165,433.0555
3166,436.1892
3167,436.1905
3168,433.0560
3169,433.0566
3170,436.1866
3171,436.1880
3172,436.1928
3173,433.0584
3174,436.1949
3175,436.1981
3176,436.1961
3177,436.1912
3178,436.1972
3179,436.1938
3180,436.2013
3181,436.2024
3182,436.2055
3183,436.2064
3184,436.1986
3185,436.2044
3186,436.1992
3187,436.2002
3188,436.2029
3189,436.2033
3190,436.2106
3191,436.2069
3192,436.2079
3193,436.2085
3194,436.2129
3195,436.2139
3196,436.2091
3197,436.2096
3198,436.2110
3199,436.2115
3200,436.2119
3201,439.2271
3202,439.2303
3203,436.2144
3204,436.2149
3205,436.2153
3206,439.2292
3207,439.2312
3208,436.2158
3209,439.2281
3210,439.2340
3211,439.2318
3212,439.2323
3213,439.2328
3214,439.2360
3215,439.2373
3216,439.2384
3217,439.2429
3218,439.2400
3219,439.2345
3220,439.2409
3221,439.2351
3222,439.2389
3223,439.2439
3224,439.2420
3225,442.4224
3226,442.4234
3227,442.4199
3228,442.4244
3229,442.4277
3230,442.4256
3231,442.4266
3232,442.4211
3233,442.4313
3234,442.4283
3235,442.4333
3236,442.4289
3237,442.4294
3238,442.4299
3239,442.4304
3240,442.4324
3241,442.4357
3242,442.4367
3243,445.7423
3244,442.4338
3245,445.7437
3246,442.4343
3247,445.7449
3248,442.4348
3249,442.4372
3250,442.4377
3251,445.7481
3252,445.7455
3253,445.7461
3254,445.7527
3255,445.7466
3256,445.7517
3257,445.7471
3258,445.7508
3259,445.7551
3260,445.7486
3261,445.7492
3262,445.7574
3263,445.7532
3264,445.7565
3265,445.7536
3266,445.7541
3267,445.7592
3268,445.7555
3269,445.7601
3270,445.7579
3271,445.7661
3272,445.7632
3273,445.7641
3274,445.7651
3275,445.7607
3276,445.7612
3277,445.7617
3278,445.7622
3279,445.7666
3280,449.1806
3281,449.1828
3282,449.1838
3283,449.1848
3284,445.7671
3285,449.1857
3286,445.7677
3287,449.1867
3288,449.1816
3289,449.1872
3290,449.1877
3291,449.1904
3292,449.1925
3293,449.1935
3294,449.1882
3295,449.1890
3296,449.1895
3297,449.1915
3298,449.1945
3299,449.1976
3300,449.2006
3301,449.1949
3302,449.1954
3303,449.1959
3304,449.1987
3305,449.1997
3306,449.1963
3307,449.2031
3308,449.2011
3309,452.3695
3310,449.2017
3311,452.3708
3312,452.3672
3313,449.2021
3314,452.3685
3315,452.3742
3316,449.2036
3317,452.3713
3318,452.3723
3319,452.3728
3320,452.3718
3321,452.3732
3322,452.3762
3323,452.3747
3324,452.3793
3325,452.3802
3326,452.3811
3327,452.3820
3328,451.8018
3329,451.8050
3330,451.8103
3331,451.8034
3332,451.8141
3333,451.8151
3334,451.8161
3335,451.8173
3336,451.8092
3337,451.8130
3338,451.8109
3339,451.8114
3340,455.0245
3341,451.8189
3342,455.0216
3343,455.0226
3344,451.8177
3345,455.0236
3346,455.0193
3347,455.0205
3348,455.0251
3349,455.0306
3350,455.0256
3351,455.0285
3352,455.0262
3353,455.0267
3354,455.0296
3355,455.0271
3356,455.0276
3357,455.0310
3358,455.0437
3359,455.0315
3360,455.0414
3361,455.0420
3362,455.0460
3363,455.0469
3364,455.0481
3365,455.0426
3366,455.0502
3367,455.0493
3368,455.0442
3369,455.0448
3370,455.0530
3371,455.0540
3372,455.0549
3373,455.0558
3374,455.0507
3375,455.0513
3376,455.0519
3377,458.1105
3378,458.1129
3379,458.1080
3380,458.1089
3381,458.1139
3382,458.1094
3383,458.1150
3384,458.1117
3385,458.1182
3386,458.1155
3387,458.1191
3388,458.1160
3389,458.1203
3390,458.1213
3391,458.1172
3392,458.1166
3393,458.1239
3394,458.1286
3395,458.1217
3396,458.1223
3397,458.1265
3398,458.1277
3399,458.1228
3400,458.1255
3401,458.1244
3402,461.4885
3403,458.1292
3404,461.4925
3405,458.1297
3406,458.1303
3407,461.4904
3408,461.4914
3409,458.1307
3410,461.4893
3411,461.4973
3412,461.4930
3413,461.4991
3414,461.4942
3415,461.4952
3416,461.4936
3417,461.4958
3418,461.4964
3419,461.5007
3420,461.4979
3421,461.5056
3422,461.5067
3423,461.4997
3424,461.5025
3425,461.5035
3426,461.5044
3427,461.5012
3428,461.5101
3429,461.5073
3430,461.5085
3431,465.1894
3432,461.5079
3433,465.1873
3434,465.1884
3435,461.5091
3436,465.1923
3437,461.5109
3438,465.1933
3439,465.1901
3440,465.1961
3441,465.1973
3442,465.1907
3443,465.1982
3444,465.2007
3445,465.1939
3446,465.1945
3447,465.1950
3448,465.2033
3449,465.1987
3450,465.2042
3451,465.1998
3452,465.2013
3453,465.2068
3454,465.2018
3455,465.2024
3456,465.2047
3457,465.2052
3458,468.3793
3459,465.2057
3460,468.3810
3461,465.2072
3462,468.3837
3463,468.3847
3464,465.2077
3465,468.3828
3466,468.3816
3467,468.3880
3468,468.3889
3469,468.3899
3470,468.3917
3471,468.3853
3472,468.3859
3473,468.3864
3474,468.3869
3475,468.3903
3476,468.3908
3477,468.3962
3478,468.3922
3479,468.3977
3480,468.3928
3481,468.3933
3482,468.3938
3483,468.3943
3484,468.3948
3485,468.3968
3486,468.4002
3487,468.4043
3488,468.3982
3489,468.4012
3490,468.3987
3491,468.4022
3492,468.4031
3493,468.3992
3494,471.5377
3495,471.5445
3496,471.5361
3497,471.5396
3498,471.5406
3499,471.5417
3500,471.5426
3501,471.5435
3502,471.5384
3503,471.5478
3504,471.5450
3505,471.5455
3506,471.5460
3507,471.5498
3508,471.5508
3509,471.5464
3510,471.5469
3511,471.5483
3512,471.5489
3513,471.5537
3514,471.5547
3515,471.5513
3516,471.5518
3517,471.5568
3518,471.5577
3519,471.5523
3520,471.5527
3521,471.5551
3522,471.5556
3523,474.5866
3524,474.5880
3525,474.5895
3526,471.5582
3527,474.5904
3528,471.5587
3529,471.5592
3530,471.5596
3531,474.5934
3532,474.5886
3533,474.5909
3534,474.5958
3535,474.5914
3536,474.5948
3537,474.5920
3538,474.5925
3539,474.5939
3540,474.5996
3541,474.5986
3542,474.6028
3543,474.5967
3544,474.5963
3545,474.5972
3546,474.5977
3547,474.6019
3548,474.6001
3549,474.6005
3550,474.6033
3551,474.6061
3552,477.7943
3553,474.6038
3554,477.7969
3555,474.6043
3556,474.6047
3557,477.7957
3558,474.6052
3559,477.8001
3560,477.8016
3561,477.7979
3562,477.8027
3563,477.7985
3564,477.8036
3565,477.7991
3566,477.8045
3567,477.8007
3568,477.8050
3569,477.8055
3570,477.8059
3571,477.8092
3572,477.8064
3573,477.8069
3574,477.8073
3575,477.8111
3576,477.8078
3577,477.8121
3578,477.8083
3579,477.8148
3580,477.8097
3581,477.8158
3582,477.8102
3583,477.8126
3584,477.0988
3585,477.1041
3586,477.0995
3587,480.2226
3588,480.2241
3589,477.1021
3590,480.2255
3591,477.1026
3592,477.1030
3593,480.2265
3594,480.2276
3595,480.2333
3596,480.2304
3597,480.2314
3598,480.2324
3599,480.2342
3600,480.2294
3601,480.2282
3602,480.2361
3603,480.2371
3604,480.2380
3605,480.2391
3606,480.2401
3607,480.2410
3608,480.2347
3609,480.2352
3610,480.2439
3611,480.2414
3612,480.2459
3613,480.2468
3614,480.2419
3615,480.2425
3616,480.2430
3617,480.2450
3618,483.4197
3619,483.4210
3620,483.4239
3621,483.4249
3622,480.2474
3623,480.2479
3624,483.4229
3625,480.2484
3626,483.4217
3627,483.4287
3628,483.4309
3629,483.4255
3630,483.4267
3631,483.4272
3632,483.4261
3633,483.4299
3634,483.4276
3635,483.4337
3636,483.4377
3637,483.4315
3638,483.4387
3639,483.4320
3640,483.4354
3641,483.4365
3642,483.4326
3643,483.4343
3644,483.4392
3645,483.4419
3646,487.3041
3647,487.3052
3648,487.3021
3649,483.4397
3650,483.4403
3651,487.3032
3652,483.4408
3653,487.3081
3654,487.3119
3655,487.3058
3656,487.3129
3657,487.3097
3658,487.3064
3659,487.3070
3660,487.3107
3661,487.3085
3662,487.3136
3663,487.3145
3664,487.3141
3665,487.3166
3666,487.3150
3667,487.3270
3668,487.3279
3669,487.3248
3670,487.3156
3671,487.3292
3672,487.3260
3673,487.3323
3674,487.3172
3675,487.3298
3676,487.3302
3677,490.3970
3678,487.3313
3679,490.3980
3680,487.3308
3681,490.3947
3682,490.3954
3683,490.3960
3684,490.4015
3685,490.4030
3686,490.4040
3687,490.4051
3688,490.3985
3689,490.3991
3690,490.3997
3691,490.4006
3692,490.4020
3693,490.4065
3694,490.4121
3695,490.4056
3696,490.4075
3697,490.4090
3698,490.4154
3699,490.4101
3700,490.4110
3701,490.4145
3702,490.4169
3703,490.4136
3704,490.4126
3705,490.4131
3706,493.5119
3707,493.5107
3708,493.5143
3709,493.5154
3710,493.5164
3711,493.5175
3712,493.5132
3713,493.5185
3714,493.5214
3715,493.5223
3716,493.5190
3717,493.5237
3718,493.5204
3719,493.5246
3720,493.5195
3721,493.5200
3722,493.5266
3723,493.5228
3724,493.5276
3725,493.5305
3726,493.5252
3727,493.5256
3728,493.5286
3729,493.5295
3730,496.5562
3731,496.5576
3732,496.5595
3733,496.5605
3734,493.5309
3735,493.5320
3736,493.5315
3737,496.5615
3738,496.5654
3739,496.5663
3740,496.5645
3741,496.5672
3742,496.5621
3743,496.5628
3744,496.5681
3745,496.5634
3746,496.5705
3747,496.5719
3748,496.5749
3749,496.5686
3750,496.5730
3751,496.5740
3752,496.5691
3753,496.5695
3754,496.5710
3755,496.5772
3756,500.0026
3757,500.0037
3758,500.0047
3759,496.5755
3760,500.0056
3761,500.0012
3762,496.5760
3763,500.0089
3764,500.0105
3765,500.0116
3766,500.0062
3767,500.0125
3768,500.0068
3769,500.0073
3770,500.0078
3771,500.0094
3772,500.0129
3773,500.0134
3774,500.0139
3775,500.0162
3776,500.0182
3777,500.0191
3778,500.0143
3779,500.0148
3780,500.0152
3781,500.0200
3782,500.0167
3783,500.0172
3784,500.0255
3785,500.0235
3786,500.0205
3787,500.0264
3788,500.0212
3789,500.0218
3790,500.0246
3791,500.0223
3792,503.0909
3793,503.0943
3794,503.0917
3795,503.0923
3796,503.0927
3797,503.0959
3798,503.0967
3799,503.0931
3800,503.0936
3801,503.0947
3802,503.0952
3803,503.0979
3804,503.0987
3805,503.1015
3806,503.1023
3807,503.1033
3808,503.1000
3809,503.1008
3810,503.0972
3811,503.1052
3812,503.0991
3813,503.1037
3814,503.1041
3815,503.1089
3816,503.1069
3817,503.1045
3818,503.1077
3819,503.1113
3820,503.1057
3821,503.1061
3822,503.1106
3823,506.1448
3824,503.1093
3825,503.1097
3826,506.1439
3827,506.1411
3828,506.1421
3829,506.1427
3830,506.1473
3831,506.1540
3832,506.1488
3833,506.1455
3834,506.1509
3835,506.1461
3836,506.1500
3837,506.1519
3838,506.1529
3839,506.1544
3840,505.5533
3841,505.5484
3842,505.5496
3843,505.5502
3844,505.5507
3845,505.5512
3846,505.5519
3847,505.5523
3848,505.5538
3849,505.5552
3850,509.0941
3851,505.5543
3852,509.0952
3853,509.0982
3854,509.0962
3855,509.0971
3856,509.0929
3857,509.1002
3858,509.0987
3859,509.1029
3860,509.1038
3861,509.1048
3862,509.1058
3863,509.0992
3864,509.1019
3865,509.1008
3866,509.1085
3867,509.1063
3868,509.1126
3869,509.1069
3870,509.1095
3871,509.1105
3872,509.1114
3873,509.1075
3874,512.2282
3875,512.2294
3876,512.2346
3877,512.2334
3878,509.1136
3879,509.1140
3880,509.1130
3881,512.2320
3882,512.2299
3883,512.2305
3884,512.2417
3885,512.2386
3886,512.2354
3887,512.2429
3888,512.2361
3889,512.2368
3890,512.2374
3891,512.2404
3892,512.2460
3893,512.2435
3894,512.2510
3895,512.2442
3896,512.2478
3897,512.2490
3898,512.2449
3899,512.2501
3900,512.2529
3901,512.2466
3902,512.2516
3903,515.5728
3904,512.2520
3905,515.5705
3906,515.5738
3907,515.5718
3908,515.5769
3909,512.2535
3910,512.2541
3911,515.5801
3912,515.5744
3913,515.5751
3914,515.5756
3915,515.5792
3916,515.5774
3917,515.5830
3918,515.5780
3919,515.5867
3920,515.5807
3921,515.5846
3922,515.5813
3923,515.5856
3924,515.5819
3925,515.5882
3926,515.5892
3927,515.5947
3928,515.5910
3929,515.5873
3930,515.5919
3931,515.5928
3932,515.5937
3933,515.5974
3934,515.5898
3935,518.7923
3936,515.5952
3937,518.7902
3938,518.7912
3939,515.5958
3940,515.5964
3941,518.7883
3942,518.7891
3943,518.7929
3944,518.7955
3945,518.7964
3946,518.7934
3947,518.7940
3948,518.7945
3949,518.7973
3950,518.7983
3951,518.7994
3952,518.8016
3953,518.8025
3954,518.7999
3955,518.8057
3956,518.8036
3957,518.8006
3958,518.8048
3959,518.8067
3960,518.8102
3961,518.8071
3962,518.8077
3963,521.9113
3964,518.8082
3965,518.8088
3966,521.9140
3967,518.8093
3968,521.9129
3969,521.9187
3970,518.8108
3971,521.9156
3972,521.9119
3973,521.9166
3974,521.9198
3975,521.9146
3976,521.9177
3977,521.9202
3978,521.9207
3979,521.9216
3980,521.9212
3981,521.9254
3982,521.9221
3983,521.9226
3984,521.9276
3985,521.9231
3986,521.9235
3987,521.9240
3988,521.9245
3989,521.9295
3990,521.9259
3991,521.9264
3992,521.9280
3993,525.1804
3994,521.9285
3995,525.1816
3996,525.1825
3997,525.1852
3998,525.1863
3999,521.9300
4000,521.9304
4001,525.1831
4002,525.1883
4003,525.1836
4004,525.1841
4005,525.1868
4006,525.1921
4007,525.1931
4008,525.1874
4009,525.1912
4010,525.1891
4011,525.1955
4012,525.1896
4013,525.1901
4014,525.1987
4015,525.1936
4016,525.1941
4017,525.1975
4018,525.1946
4019,525.1960
4020,525.1965
4021,525.2016
4022,525.1992
4023,525.2054
4024,525.2031
4025,525.1996
4026,525.2002
4027,525.2040
4028,525.2006
4029,528.2568
4030,525.2021
4031,528.2553
4032,528.2546
4033,528.2558
4034,528.2589
4035,528.2604
4036,528.2615
4037,528.2646
4038,528.2573
4039,528.2657
4040,528.2637
4041,528.2578
4042,528.2673
4043,528.2621
4044,528.2626
4045,528.2721
4046,528.2662
4047,528.2691
4048,528.2701
4049,528.2711
4050,528.2746
4051,528.2756
4052,528.2678
4053,528.2726
4054,528.2789
4055,528.2779
4056,528.2731
4057,528.2735
4058,528.2760
4059,528.2765
4060,531.2842
4061,528.2770
4062,531.2853
4063,528.2794
4064,531.2816
4065,531.2822
4066,531.2826
4067,531.2831
4068,531.2874
4069,531.2883
4070,531.2930
4071,531.2912
4072,531.2858
4073,531.2921
4074,531.2864
4075,531.2900
4076,534.8230
4077,531.2888
4078,531.2935
4079,534.8264
4080,534.8243
4081,534.8252
4082,531.2940
4083,531.2945
4084,534.8290
4085,534.8300
4086,534.8309
4087,534.8275
4088,534.8330
4089,534.8270
4090,534.8280
4091,534.8339
4092,534.8315
4093,534.8365
4094,534.8374
4095,534.8320
4096,534.2401
4097,534.2411
4098,534.2355
4099,534.2420
4100,534.2364
4101,534.2446
4102,534.2456
4103,534.2390
4104,534.2425
4105,534.2429
4106,534.2435
4107,534.2476
4108,534.2485
4109,537.2578
4110,534.2460
4111,537.2588
4112,534.2465
4113,537.2559
4114,537.2568
4115,537.2542
4116,537.2549
4117,537.2593
4118,537.2627
4119,537.2605
4120,537.2599
4121,537.2654
4122,537.2664
4123,537.2610
4124,537.2675
4125,537.2616
4126,537.2633
4127,537.2639
4128,537.2645
4129,537.2701
4130,537.2726
4131,537.2679
4132,537.2735
4133,537.2747
4134,537.2685
4135,537.2691
4136,537.2717
4137,537.2706
4138,537.2753
4139,537.2757
4140,537.2763
4141,537.2769
4142,537.2783
4143,540.3581
4144,540.3592
4145,540.3602
4146,540.3612
4147,540.3623
4148,537.2773
4149,540.3570
4150,540.3558
4151,540.3654
4152,540.3628
4153,540.3634
4154,540.3670
4155,540.3679
4156,540.3639
4157,540.3688
4158,540.3644
4159,540.3721
4160,540.3712
4161,540.3659
4162,540.3693
4163,540.3697
4164,540.3761
4165,540.3752
4166,540.3702
4167,540.3732
4168,540.3727
4169,540.3736
4170,540.3742
4171,540.3785
4172,543.4230
4173,540.3766
4174,540.3771
4175,543.4241
4176,543.4218
4177,543.4272
4178,540.3776
4179,543.4262
4180,543.4301
4181,543.4311
4182,543.4282
4183,543.4291
4184,543.4251
4185,543.4317
4186,543.4322
4187,543.4341
4188,543.4327
4189,543.4372
4190,543.4332
4191,543.4384
4192,543.4396
4193,543.4408
4194,543.4363
4195,543.4347
4196,543.4352
4197,543.4433
4198,543.4412
4199,543.4475
4200,543.4447
4201,543.4418
4202,543.4424
4203,543.4466
4204,543.4457
4205,546.5902
4206,543.4438
4207,546.5875
4208,546.5919
4209,546.5930
4210,546.5882
4211,546.5940
4212,546.5888
4213,546.5950
4214,546.5959
4215,546.5909
4216,546.5984
4217,546.5994
4218,546.6004
4219,546.6013
4220,546.6022
4221,546.5965
4222,546.6056
4223,546.5970
4224,546.6028
4225,546.6073
4226,546.6033
4227,546.6038
4228,546.6043
4229,546.6083
4230,546.6098
4231,546.6109
4232,546.6062
4233,549.7791
4234,549.7802
4235,549.7811
4236,549.7821
4237,546.6088
4238,549.7858
4239,546.6114
4240,549.7848
4241,549.7877
4242,549.7886
4243,549.7826
4244,549.7833
4245,549.7838
4246,549.7863
4247,549.7867
4248,549.7915
4249,549.7890
4250,549.7934
4251,549.7943
4252,549.7896
4253,549.7901
4254,549.7953
4255,549.7906
4256,549.7920
4257,549.7925
4258,549.7969
4259,549.8020
4260,549.8000
4261,549.7958
4262,549.8010
4263,549.8029
4264,549.7981
4265,549.7990
4266,552.8527
4267,552.8543
4268,549.8033
4269,549.8043
4270,549.8048
4271,549.8052
4272,552.8554
4273,549.8038
4274,552.8534
4275,552.8579
4276,552.8618
4277,552.8559
4278,552.8565
4279,552.8569
4280,552.8596
4281,552.8628
4282,552.8607
4283,552.8584
4284,552.8633
4285,552.8662
4286,556.3156
4287,556.3168
4288,552.8638
4289,556.3135
4290,556.3146
4291,552.8644
4292,552.8649
4293,556.3207
4294,556.3173
4295,556.3217
4296,556.3179
4297,556.3183
4298,556.3188
4299,556.3193
4300,556.3198
4301,556.3232
4302,556.3241
4303,556.3295
4304,556.3257
4305,556.3267
4306,556.3222
4307,556.3276
4308,556.3285
4309,556.3319
4310,556.3246
4311,556.3349
4312,556.3329
4313,556.3300
4314,556.3305
4315,556.3310
4316,556.3339
4317,559.6967
4318,559.6978
4319,559.7004
4320,556.3353
4321,559.6951
4322,559.6995
4323,559.6957
4324,559.7015
4325,559.7045
4326,559.6983
4327,559.7020
4328,559.7069
4329,559.7026
4330,559.7079
4331,559.7031
4332,559.7036
4333,559.7050
4334,559.7054
4335,559.7059
4336,559.7084
4337,559.7103
4338,559.7130
4339,559.7140
4340,559.7149
4341,559.7088
4342,559.7093
4343,559.7158
4344,559.7121
4345,559.7107
4346,559.7163
4347,559.7167
4348,562.7772
4349,562.7741
4350,559.7172
4351,559.7177
4352,562.1630
4353,559.1061
4354,559.1067
4355,562.1641
4356,562.1677
4357,562.1715
4358,562.1724
4359,562.1656
4360,562.1688
4361,562.1661
4362,562.1666
4363,562.1699
4364,562.1756
4365,562.1729
4366,562.1783
4367,562.1793
4368,562.1773
4369,562.1734
4370,562.1739
4371,562.1745
4372,562.1820
4373,562.1761
4374,562.1797
4375,562.1802
4376,565.4086
4377,562.1806
4378,565.4098
4379,562.1811
4380,565.4146
4381,565.4131
4382,562.1826
4383,562.1831
4384,565.4105
4385,565.4111
4386,565.4117
4387,565.4121
4388,565.4150
4389,565.4176
4390,565.4155
4391,565.4216
4392,565.4197
4393,565.4207
4394,565.4186
4395,565.4161
4396,565.4166
4397,565.4245
4398,565.4256
4399,565.4292
4400,565.4273
4401,565.4222
4402,565.4228
4403,565.4283
4404,565.4233
4405,565.4320
4406,565.4262
4407,568.6290
4408,565.4299
4409,565.4304
4410,568.6278
4411,565.4310
4412,568.6301
4413,565.4325
4414,565.4331
4415,568.6328
4416,568.6307
4417,568.6343
4418,568.6372
4419,568.6353
4420,568.6313
4421,568.6318
4422,568.6362
4423,568.6409
4424,568.6398
4425,568.6376
4426,568.6434
4427,568.6382
4428,568.6444
4429,568.6453
4430,568.6388
4431,568.6419
4432,568.6462
4433,568.6425
4434,568.6478
4435,568.6487
4436,568.6497
4437,568.6524
4438,568.6506
4439,568.6515
4440,568.6468
4441,571.6789
4442,571.6806
4443,568.6530
4444,568.6535
4445,571.6815
4446,571.6826
4447,568.6546
4448,568.6542
4449,571.6796
4450,571.6858
4451,571.6831
4452,571.6905
4453,571.6876
4454,571.6837
4455,571.6886
4456,571.6843
4457,571.6848
4458,571.6863
4459,571.6895
4460,571.6930
4461,571.6909
4462,571.6915
4463,571.6920
4464,574.9652
4465,574.9623
4466,574.9635
4467,574.9662
4468,574.9677
4469,571.6936
4470,571.6942
4471,571.6947
4472,574.9694
4473,574.9703
4474,574.9668
4475,574.9713
4476,574.9744
4477,574.9683
4478,574.9754
4479,574.9765
4480,574.9725
4481,574.9730
4482,574.9735
4483,574.9787
4484,574.9771
4485,574.9835
4486,574.9855
4487,574.9846
4488,574.9815
4489,574.9826
4490,574.9777
4491,574.9792
4492,574.9803
4493,574.9861
4494,574.9866
4495,574.9870
4496,578.4019
4497,574.9875
4498,578.4031
4499,574.9880
4500,582.6174
4501,582.6137
4502,582.6144
4503,582.6149
4504,582.6154
4505,582.6195
4506,582.6159
4507,582.6164
4508,582.6229
4509,582.6179
4510,582.6243
4511,582.6185
4512,582.6220
4513,582.6200
4514,582.6205
4515,582.6209
4516,582.6248
4517,582.6290
4518,582.6271
4519,582.6257
4520,582.6253
4521,582.6299
4522,582.6262
4523,582.6281
4524,582.6308
4525,582.6313
4526,582.6318
4527,582.6323
4528,582.6328
4529,585.7386
4530,585.7412
4531,582.6333
4532,582.6338
4533,582.6343
4534,585.7402
4535,585.7376
4536,585.7368
4537,585.7391
4538,585.7443
4539,585.7417
4540,585.7422
4541,585.7428
4542,585.7478
4543,585.7489
4544,585.7469
4545,585.7433
4546,585.7448
4547,585.7520
4548,585.7453
4549,585.7458
4550,585.7493
4551,585.7498
4552,585.7534
4553,585.7502
4554,585.7507
4555,588.9489
4556,588.9500
4557,588.9509
4558,588.9519
4559,585.7525
4560,588.9545
4561,588.9554
4562,585.7540
4563,588.9525
4564,588.9530
4565,588.9535
4566,588.9578
4567,588.9587
4568,588.9559
4569,588.9564
4570,588.9608
4571,588.9618
4572,588.9627
4573,588.9568
4574,588.9592
4575,588.9667
4576,588.9597
4577,588.9656
4578,588.9632
4579,588.9637
4580,588.9697
4581,588.9641
4582,588.9646
4583,588.9671
4584,588.9676
4585,588.9681
4586,588.9721
4587,588.9685
4588,588.9735
4589,588.9744
4590,588.9702
4591,588.9755
4592,588.9707
4593,588.9712
4594,592.1870
4595,588.9726
4596,592.1852
4597,592.1907
4598,592.1859
4599,592.1918
4600,592.1887
4601,592.1898
4602,592.1948
4603,592.1957
4604,592.1875
4605,592.1923
4606,592.1928
4607,592.1997
4608,591.6143
4609,591.6092
4610,591.6119
4611,591.6124
4612,591.6129
4613,591.6179
4614,591.6133
4615,591.6223
4616,591.6160
4617,591.6165
4618,591.6201
4619,591.6169
4620,591.6211
4621,591.6185
4622,591.6190
4623,591.6228
4624,591.6232
4625,591.6237
4626,591.6242
4627,591.6248
4628,591.6253
4629,591.6259
4630,594.5459
4631,594.5492
4632,591.6264
4633,591.6269
4634,594.5472
4635,591.6273
4636,591.6279
4637,594.5482
4638,594.5522
4639,594.5498
4640,594.5502
4641,594.5507
4642,594.5549
4643,594.5558
4644,594.5512
4645,594.5568
4646,594.5528
4647,594.5534
4648,594.5606
4649,594.5539
4650,594.5573
4651,594.5625
4652,594.5579
4653,594.5584
4654,594.5591
4655,594.5596
4656,594.5610
4657,594.5615
4658,594.5655
4659,594.5682
4660,594.5629
4661,594.5635
4662,594.5640
4663,594.5692
4664,594.5646
4665,594.5673
4666,594.5661
4667,597.6931
4668,597.6939
4669,597.6945
4670,597.6950
4671,597.6955
4672,597.6989
4673,597.6960
4674,597.6965
4675,597.7016
4676,597.7026
4677,597.6970
4678,597.6975
4679,597.6980
4680,597.7047
4681,597.6995
4682,597.7000
4683,597.7033
4684,597.7068
4685,597.7038
4686,597.7092
4687,597.7077
4688,597.7107
4689,597.7053
4690,597.7117
4691,597.7058
4692,597.7133
4693,600.7174
4694,597.7144
4695,597.7098
4696,600.7143
4697,600.7154
4698,600.7164
4699,597.7122
4700,597.7150
4701,600.7179
4702,600.7232
4703,600.7195
4704,600.7222
4705,600.7185
4706,600.7190
4707,600.7202
4708,600.7206
4709,600.7211
4710,600.7253
4711,600.7307
4712,600.7270
4713,600.7236
4714,600.7279
4715,600.7242
4716,600.7289
4717,600.7298
4718,600.7259
4719,604.1257
4720,600.7331
4721,604.1212
4722,604.1224
4723,600.7313
4724,604.1234
4725,604.1244
4726,600.7318
4727,604.1320
4728,604.1301
4729,604.1291
4730,604.1263
4731,604.1269
4732,604.1274
4733,604.1311
4734,604.1280
4735,607.3083
4736,604.1360
4737,604.1326
4738,604.1332
4739,604.1338
4740,607.3071
4741,604.1343
4742,604.1348
4743,607.3094
4744,607.3109
4745,607.3118
4746,607.3128
4747,607.3140
4748,607.3170
4749,607.3152
4750,607.3161
4751,607.3099
4752,607.3218
4753,607.3175
4754,607.3180
4755,607.3199
4756,607.3184
4757,607.3227
4758,607.3190
4759,607.3209
4760,607.3232
4761,607.3237
4762,607.3242
4763,607.3247
4764,607.3280
4765,607.3252
4766,607.3261
4767,607.3266
4768,607.3256
4769,607.3271
4770,610.6038
4771,610.6049
4772,610.6059
4773,610.6069
4774,610.6078
4775,610.6088
4776,607.3284
4777,607.3289
4778,610.6103
4779,610.6112
4780,610.6093
4781,610.6175
4782,610.6143
4783,610.6153
4784,610.6164
4785,610.6133
4786,610.6203
4787,610.6117
4788,610.6122
4789,610.6179
4790,610.6184
4791,610.6189
4792,610.6227
4793,610.6193
4794,610.6208
4795,610.6238
4796,610.6212
4797,610.6256
4798,610.6218
4799,610.6247
4800,610.6281
4801,610.6291
4802,610.6300
4803,610.6261
4804,613.7328
4805,610.6266
4806,613.7339
4807,610.6272
4808,613.7306
4809,613.7362
4810,613.7313
4811,613.7318
4812,613.7381
4813,613.7343
4814,613.7348
4815,613.7391
4816,613.7353
4817,613.7419
4818,613.7428
4819,613.7367
4820,613.7395
4821,613.7400
4822,613.7457
4823,613.7409
4824,613.7405
4825,613.7477
4826,613.7433
4827,613.7438
4828,613.7442
4829,613.7487
4830,613.7463
4831,613.7468
4832,613.7513
4833,613.7492
4834,617.0394
4835,617.0426
4836,617.0406
4837,617.0415
4838,613.7498
4839,613.7503
4840,617.0458
4841,613.7517
4842,617.0432
4843,617.0472
4844,617.0438
4845,617.0443
4846,617.0448
4847,617.0482
4848,617.0463
4849,617.0508
4850,617.0518
4851,617.0487
4852,617.0491
4853,617.0496
4854,617.0538
4855,617.0547
4856,617.0528
4857,617.0570
4858,617.0579
4859,617.0589
4860,617.0598
4861,617.0607
4862,617.0561
4863,617.0640
4864,616.4001
4865,616.4103
4866,616.4058
4867,616.4065
4868,616.4072
4869,616.4112
4870,616.4078
4871,619.4368
4872,616.4092
4873,619.4345
4874,619.4389
4875,619.4399
4876,619.4408
4877,619.4352
4878,619.4358
4879,619.4373
4880,619.4379
4881,619.4436
4882,619.4472
4883,619.4483
4884,619.4413
4885,619.4419
4886,619.4425
4887,619.4463
4888,619.4452
4889,619.4442
4890,619.4506
4891,619.4545
4892,619.4487
4893,619.4492
4894,619.4559
4895,619.4496
4896,619.4518
4897,619.4534
4898,622.5850
4899,622.5860
4900,622.5899
4901,622.5871
4902,619.4564
4903,622.5881
4904,622.5890
4905,619.4570
4906,622.5928
4907,622.5953
4908,622.5964
4909,622.5905
4910,622.5974
4911,622.5910
4912,622.5944
4913,622.5915
4914,622.5934
4915,622.5980
4916,622.6017
4917,622.5986
4918,622.6043
4919,622.6053
4920,622.5991
4921,622.5996
4922,622.6001
4923,622.6034
4924,622.6023
4925,622.6079
4926,622.6057
4927,625.7297
4928,622.6063
4929,625.7306
4930,625.7276
4931,622.6068
4932,625.7286
4933,622.6084
4934,625.7344
4935,625.7372
4936,625.7361
4937,625.7313
4938,625.7319
4939,625.7324
4940,625.7329
4941,625.7334
4942,625.7348
4943,625.7377
4944,625.7417
4945,625.7382
4946,625.7388
4947,625.7432
4948,625.7392
4949,625.7398
4950,625.7403
4951,625.7408
4952,625.7423
4953,629.2972
4954,629.3012
4955,625.7437
4956,629.3000
4957,625.7442
4958,625.7448
4959,625.7452
4960,629.2989
4961,629.2979
4962,629.3045
4963,629.3056
4964,629.3088
4965,629.3018
4966,629.3024
4967,629.3028
4968,629.3078
4969,629.3033
4970,629.3062
4971,629.3067
4972,629.3114
4973,629.3139
4974,629.3149
4975,629.3093
4976,629.3130
4977,629.3099
4978,629.3104
4979,629.3158
4980,629.3119
4981,632.7538
4982,632.7623
4983,629.3169
4984,629.3164
4985,632.7582
4986,632.7594
4987,632.7604
4988,632.7613
4989,632.7555
4990,632.7694
4991,632.7629
4992,632.7655
4993,632.7666
4994,632.7634
4995,632.7646
4996,632.7675
4997,632.7684
4998,632.7743
4999,632.7752
5000,632.7698
5001,632.7715
5002,632.7704
5003,632.7724
5004,632.7734
5005,632.7761
5006,635.9848
5007,632.7766
5008,632.7771
5009,635.9869
5010,635.9878
5011,632.7776
5012,632.7780
5013,635.9888
5014,635.9912
5015,635.9859
5016,635.9854
5017,635.9932
5018,635.9942
5019,635.9893
5020,635.9898
5021,635.9902
5022,635.9917
5023,635.9961
5024,635.9922
5025,635.9982
5026,635.9992
5027,635.9947
5028,635.9952
5029,636.0002
5030,636.0012
5031,635.9966
5032,635.9971
5033,636.0051
5034,636.0016
5035,636.0021
5036,639.0974
5037,636.0026
5038,636.0031
5039,636.0037
5040,636.0042
5041,639.0999
5042,639.1020
5043,639.1011
5044,639.0981
5045,639.0987
5046,639.1056
5047,639.1065
5048,639.1046
5049,639.1025
5050,639.1095
5051,639.1030
5052,639.1035
5053,639.1105
5054,639.1079
5055,639.1083
5056,639.1132
5057,639.1074
5058,639.1141
5059,639.1152
5060,639.1111
5061,639.1161
5062,639.1116
5063,639.1122
5064,639.1185
5065,639.1195
5066,639.1204
5067,639.1213
5068,639.1165
5069,639.1170
5070,639.1176
5071,639.1222
5072,642.5094
5073,642.5104
5074,642.5125
5075,642.5078
5076,642.5134
5077,642.5084
5078,642.5144
5079,642.5153
5080,642.5110
5081,642.5116
5082,642.5158
5083,642.5212
5084,642.5221
5085,642.5181
5086,642.5231
5087,642.5162
5088,642.5192
5089,642.5168
5090,642.5201
5091,642.5270
5092,642.5236
5093,642.5241
5094,642.5256
5095,642.5261
5096,642.5246
5097,642.5251
5098,642.5305
5099,642.5275
5100,642.5280
5101,645.4806
5102,642.5284
5103,645.4816
5104,642.5289
5105,645.4795
5106,645.4837
5107,642.5310
5108,642.5315
5109,645.4865
5110,645.4874
5111,645.4828
5112,645.4853
5113,645.4822
5114,645.4905
5115,645.4842
5116,645.4920
5117,645.4879
5118,645.4890
5119,645.4895
5120,644.9025
5121,644.9088
5122,644.9115
5123,644.9065
5124,644.9071
5125,644.9125
5126,644.9134
5127,644.9077
5128,644.9105
5129,644.9093
5130,644.9164
5131,644.9142
5132,648.0284
5133,644.9148
5134,648.0294
5135,648.0305
5136,644.9153
5137,648.0274
5138,644.9170
5139,648.0328
5140,648.0363
5141,648.0384
5142,648.0374
5143,648.0312
5144,648.0343
5145,648.0352
5146,648.0317
5147,648.0333
5148,648.0389
5149,648.0439
5150,648.0393
5151,648.0419
5152,651.2524
5153,648.0400
5154,648.0404
5155,648.0409
5156,648.0430
5157,651.2566
5158,648.0444
5159,651.2577
5160,651.2534
5161,651.2542
5162,651.2548
5163,651.2554
5164,651.2612
5165,651.2583
5166,651.2658
5167,651.2670
5168,651.2644
5169,651.2589
5170,651.2600
5171,651.2631
5172,651.2618
5173,651.2708
5174,651.2756
5175,651.2766
5176,651.2726
5177,651.2740
5178,651.2681
5179,651.2690
5180,651.2696
5181,651.2713
5182,654.6842
5183,654.6867
5184,654.6856
5185,651.2772
5186,651.2777
5187,651.2784
5188,651.2789
5189,654.6879
5190,654.6905
5191,654.6943
5192,654.6884
5193,654.6890
5194,654.6954
5195,654.6895
5196,654.6918
5197,654.6931
5198,654.7002
5199,654.6960
5200,654.7018
5201,654.6966
5202,654.6973
5203,654.7029
5204,654.6979
5205,654.6989
5206,654.7066
5207,654.7007
5208,654.7035
5209,654.7042
5210,658.0932
5211,654.7083
5212,654.7093
5213,654.7049
5214,654.7072
5215,658.0909
5216,658.0921
5217,658.0891
5218,658.0995
5219,658.0961
5220,658.0939
5221,658.1004
5222,658.0945
5223,658.0951
5224,658.0973
5225,658.0986
5226,658.1009
5227,658.1015
5228,658.1041
5229,658.1021
5230,658.1100
5231,658.1089
5232,658.1027
5233,658.1032
5234,658.1068
5235,658.1079
5236,658.1048
5237,658.1053
5238,661.2615
5239,661.2622
5240,661.2645
5241,661.2656
5242,661.2685
5243,661.2666
5244,661.2695
5245,661.2628
5246,661.2635
5247,661.2675
5248,661.2743
5249,661.2701
5250,661.2711
5251,661.2766
5252,661.2717
5253,661.2722
5254,661.2727
5255,661.2732
5256,661.2747
5257,661.2752
5258,661.2757
5259,661.2770
5260,661.2775
5261,661.2780
5262,661.2837
5263,661.2846
5264,661.2808
5265,661.2784
5266,661.2792
5267,661.2818
5268,661.2797
5269,661.2828
5270,664.2850
5271,661.2851
5272,664.2839
5273,661.2856
5274,661.2861
5275,661.2866
5276,664.2821
5277,664.2828
5278,664.2885
5279,664.2920
5280,664.2855
5281,664.2860
5282,664.2865
5283,664.2901
5284,664.2910
5285,664.2870
5286,664.2889
5287,664.2943
5288,664.2925
5289,664.2959
5290,664.2970
5291,664.2979
5292,664.2929
5293,664.2934
5294,664.2988
5295,664.2948
5296,667.5942
5297,667.5953
5298,664.2994
5299,664.2999
5300,664.3004
5301,664.3009
5302,667.5964
5303,667.5974
5304,667.6000
5305,667.6015
5306,667.5980
5307,667.6026
5308,667.6037
5309,667.5986
5310,667.6046
5311,667.5991
5312,667.6006
5313,667.6068
5314,667.6051
5315,667.6057
5316,667.6096
5317,667.6106
5318,667.6116
5319,667.6126
5320,667.6085
5321,667.6073
5322,667.6155
5323,667.6164
5324,670.7816
5325,667.6130
5326,667.6136
5327,670.7827
5328,667.6141
5329,667.6146
5330,667.6169
5331,667.6174
5332,670.7859
5333,670.7832
5334,670.7838
5335,670.7892
5336,670.7843
5337,670.7849
5338,670.7873
5339,670.7883
5340,670.7930
5341,670.7920
5342,670.7864
5343,670.7962
5344,670.7898
5345,670.7905
5346,670.7909
5347,670.7953
5348,670.7935
5349,670.7941
5350,670.7984
5351,670.7967
5352,670.7999
5353,670.8009
5354,670.8019
5355,670.8028
5356,670.8037
5357,670.7972
5358,670.7989
5359,674.2175
5360,670.8042
5361,670.8048
5362,674.2199
5363,670.8053
5364,670.8058
5365,674.2215
5366,670.8063
5367,674.2183
5368,674.2188
5369,674.2246
5370,674.2220
5371,674.2294
5372,674.2263
5373,674.2226
5374,674.2272
5375,674.2232
5376,673.6394
5377,673.6363
5378,673.6432
5379,673.6411
5380,673.6417
5381,673.6422
5382,677.0746
5383,677.0755
5384,677.0725
5385,677.0736
5386,673.6438
5387,673.6444
5388,673.6450
5389,673.6454
5390,677.0761
5391,677.0793
5392,677.0766
5393,677.0809
5394,677.0771
5395,677.0820
5396,677.0777
5397,677.0830
5398,677.0839
5399,677.0799
5400,677.0918
5401,677.0929
5402,677.0962
5403,677.0939
5404,677.0972
5405,677.0844
5406,677.0953
5407,677.0850
5408,677.0988
5409,677.1003
5410,677.1013
5411,677.0978
5412,677.1022
5413,680.1772
5414,677.1034
5415,677.1043
5416,677.0993
5417,677.1049
5418,677.1053
5419,677.1059
5420,677.1064
5421,680.1800
5422,680.1842
5423,680.1779
5424,680.1822
5425,680.1784
5426,680.1854
5427,680.1832
5428,680.1791
5429,680.1806
5430,680.1859
5431,680.1923
5432,680.1865
5433,680.1870
5434,680.1903
5435,680.1893
5436,680.1914
5437,680.1875
5438,680.1880
5439,680.1929
5440,680.1955
5441,683.3237
5442,683.3247
5443,680.1934
5444,683.3258
5445,683.3267
5446,680.1940
5447,680.1946
5448,683.3299
5449,683.3273
5450,683.3314
5451,683.3278
5452,683.3324
5453,683.3284
5454,683.3335
5455,683.3289
5456,683.3366
5457,683.3378
5458,683.3340
5459,683.3347
5460,683.3352
5461,683.3412
5462,683.3357
5463,683.3421
5464,683.3384
5465,683.3442
5466,683.3390
5467,683.3395
5468,683.3401
5469,683.3479
5470,683.3427
5471,683.3433
5472,683.3468
5473,683.3449
5474,683.3455
5475,683.3516
5476,683.3507
5477,683.3485
5478,683.3490
5479,683.3496
5480,686.5339
5481,686.5349
5482,686.5358
5483,686.5310
5484,686.5317
5485,686.5323
5486,686.5328
5487,686.5390
5488,686.5363
5489,686.5369
5490,686.5405
5491,686.5373
5492,686.5415
5493,686.5379
5494,686.5431
5495,686.5471
5496,686.5462
5497,686.5395
5498,686.5436
5499,686.5441
5500,686.5445
5501,686.5492
5502,686.5451
5503,686.5522
5504,686.5532
5505,686.5541
5506,686.5512
5507,686.5477
5508,686.5482
5509,686.5566
5510,686.5497
5511,689.6262
5512,686.5547
5513,686.5552
5514,689.6242
5515,686.5557
5516,689.6252
5517,689.6277
5518,689.6287
5519,689.6339
5520,689.6353
5521,689.6267
5522,689.6309
5523,689.6319
5524,689.6330
5525,689.6292
5526,689.6298
5527,689.6343
5528,689.6419
5529,689.6381
5530,689.6358
5531,689.6392
5532,689.6363
5533,689.6368
5534,689.6401
5535,689.6410
5536,693.1634
5537,693.1644
5538,689.6448
5539,689.6425
5540,693.1607
5541,689.6431
5542,689.6437
5543,693.1621
5544,693.1677
5545,693.1649
5546,693.1687
5547,693.1697
5548,693.1656
5549,693.1706
5550,693.1662
5551,693.1667
5552,693.1733
5553,693.1743
5554,693.1711
5555,693.1766
5556,693.1717
5557,693.1776
5558,693.1786
5559,693.1722
5560,693.1748
5561,693.1753
5562,693.1757
5563,693.1816
5564,693.1840
5565,693.1790
5566,693.1851
5567,693.1795
5568,693.1831
5569,693.1800
5570,693.1805
5571,693.1821
5572,693.1856
5573,696.1918
5574,696.1886
5575,696.1895
5576,696.1952
5577,696.1901
5578,696.1962
5579,696.1906
5580,696.1938
5581,696.1982
5582,696.1923
5583,696.1928
5584,696.1967
5585,696.1972
5586,696.2018
5587,696.2029
5588,696.2008
5589,699.7722
5590,699.7733
5591,696.1987
5592,696.1992
5593,696.1996
5594,699.7768
5595,696.2034
5596,699.7759
5597,699.7787
5598,699.7796
5599,699.7739
5600,699.7744
5601,699.7749
5602,699.7773
5603,699.7824
5604,699.7778
5605,699.7857
5606,699.7802
5607,699.7806
5608,699.7811
5609,699.7839
5610,699.7848
5611,699.7829
5612,699.7895
5613,699.7862
5614,699.7867
5615,699.7872
5616,699.7876
5617,699.7881
5618,699.7909
5619,699.7886
5620,699.7944
5621,699.7900
5622,699.7953
5623,699.7963
5624,699.7926
5625,699.7935
5626,699.7914
5627,702.9428
5628,702.9395
5629,702.9461
5630,702.9413
5631,702.9418
5632,702.3663
5633,702.3671
5634,702.3712
5635,702.3696
5636,702.3701
5637,702.3728
5638,702.3779
5639,702.3769
5640,702.3733
5641,702.3738
5642,702.3743
5643,702.3749
5644,702.3754
5645,702.3759
5646,702.3803
5647,702.3852
5648,702.3784
5649,702.3789
5650,702.3794
5651,702.3818
5652,702.3829
5653,702.3840
5654,702.3807
5655,702.3856
5656,702.3861
5657,705.7500
5658,705.7510
5659,702.3866
5660,702.3870
5661,705.7490
5662,702.3876
5663,702.3881
5664,702.3892
5665,705.7515
5666,705.7550
5667,705.7520
5668,705.7527
5669,705.7579
5670,705.7589
5671,705.7533
5672,705.7566
5673,705.7538
5674,705.7555
5675,705.7619
5676,705.7631
5677,705.7595
5678,705.7600
5679,705.7605
5680,705.7667
5681,705.7676
5682,705.7609
5683,705.7637
5684,705.7641
5685,705.7646
5686,705.7652
5687,705.7656
5688,705.7707
5689,705.7681
5690,705.7686
5691,708.8573
5692,705.7693
5693,705.7698
5694,708.8553
5695,708.8563
5696,708.8535
5697,708.8541
5698,708.8609
5699,708.8580
5700,708.8624
5701,708.8591
5702,708.8637
5703,708.8646
5704,708.8586
5705,708.8599
5706,708.8682
5707,708.8615
5708,708.8652
5709,708.8662
5710,708.8707
5711,708.8667
5712,708.8657
5713,708.8673
5714,708.8687
5715,708.8726
5716,708.8692
5717,708.8698
5718,708.8712
5719,708.8765
5720,708.8742
5721,708.8716
5722,708.8753
5723,712.1562
5724,708.8731
5725,712.1595
5726,712.1583
5727,708.8771
5728,712.1630
5729,712.1639
5730,712.1649
5731,712.1671
5732,712.1602
5733,712.1608
5734,712.1614
5735,712.1620
5736,712.1692
5737,712.1655
5738,712.1662
5739,712.1708
5740,712.1719
5741,712.1677
5742,712.1728
5743,712.1683
5744,712.1699
5745,712.1757
5746,712.1767
5747,712.1814
5748,712.1782
5749,712.1734
5750,712.1741
5751,712.1793
5752,712.1746
5753,712.1772
5754,712.1805
5755,715.3009
5756,715.2972
5757,715.2978
5758,715.2982
5759,715.2988
5760,715.2993
5761,715.3036
5762,715.2998
5763,715.3015
5764,715.3045
5765,715.3055
5766,715.3020
5767,715.3064
5768,715.3025
5769,715.3110
5770,715.3091
5771,715.3101
5772,715.3069
5773,715.3077
5774,715.3135
5775,715.3144
5776,715.3081
5777,715.3116
5778,715.3168
5779,715.3120
5780,715.3125
5781,715.3178
5782,715.3148
5783,715.3153
5784,715.3158
5785,715.3203
5786,715.3183
5787,718.3232
5788,718.3247
5789,715.3189
5790,715.3194
5791,718.3257
5792,718.3276
5793,718.3212
5794,718.3221
5795,718.3286
5796,718.3295
5797,718.3262
5798,718.3267
5799,718.3305
5800,718.3324
5801,718.3334
5802,718.3343
5803,718.3358
5804,718.3367
5805,718.3376
5806,718.3309
5807,718.3314
5808,721.4638
5809,721.4649
5810,718.3349
5811,721.4661
5812,721.4614
5813,721.4628
5814,721.4671
5815,721.4682
5816,721.4701
5817,721.4712
5818,721.4721
5819,721.4686
5820,721.4755
5821,721.4692
5822,721.4745
5823,721.4790
5824,721.4725
5825,721.4731
5826,721.4736
5827,721.4781
5828,721.4760
5829,721.4765
5830,721.4770
5831,721.4814
5832,724.8911
5833,724.8922
5834,724.8932
5835,721.4795
5836,724.8942
5837,721.4800
5838,721.4804
5839,721.4818
5840,724.8975
5841,724.9000
5842,724.8946
5843,724.8991
5844,724.8952
5845,724.8957
5846,724.8961
5847,724.8966
5848,724.8980
5849,724.9029
5850,724.9004
5851,724.9048
5852,724.9059
5853,724.9010
5854,724.9015
5855,724.9069
5856,724.9019
5857,724.9034
5858,724.9039
5859,724.9095
5860,724.9074
5861,727.9783
5862,724.9080
5863,727.9764
5864,724.9084
5865,727.9774
5866,727.9747
5867,724.9101
5868,724.9106
5869,727.9789
5870,727.9804
5871,727.9793
5872,727.9857
5873,727.9819
5874,727.9829
5875,727.9838
5876,727.9848
5877,727.9866
5878,727.9885
5879,727.9809
5880,727.9871
5881,727.9876
5882,727.9899
5883,727.9909
5884,727.9919
5885,727.9929
5886,727.9956
5887,727.9965
5888,727.4158
5889,727.4101
5890,727.4194
5891,727.4145
5892,727.4209
5893,727.4219
5894,730.6298
5895,730.6309
5896,727.4182
5897,730.6285
5898,727.4223
5899,730.6324
5900,727.4228
5901,727.4238
5902,730.6372
5903,730.6314
5904,730.6362
5905,730.6341
5906,730.6351
5907,730.6406
5908,730.6330
5909,730.6416
5910,730.6377
5911,730.6392
5912,730.6381
5913,730.6445
5914,730.6386
5915,730.6464
5916,730.6422
5917,730.6426
5918,730.6431
5919,730.6473
5920,730.6435
5921,730.6449
5922,730.6454
5923,730.6479
5924,730.6505
5925,733.7768
5926,733.7779
5927,733.7789
5928,730.6485
5929,733.7757
5930,730.6490
5931,730.6496
5932,733.7820
5933,733.7847
5934,733.7794
5935,733.7857
5936,733.7800
5937,733.7804
5938,733.7835
5939,733.7810
5940,733.7826
5941,733.7883
5942,733.7862
5943,733.7867
5944,733.7909
5945,733.7919
5946,733.7928
5947,733.7872
5948,733.7937
5949,733.7889
5950,733.7899
5951,733.7962
5952,733.7942
5953,736.9420
5954,733.7986
5955,733.7995
5956,736.9447
5957,733.7947
5958,733.7953
5959,733.7968
5960,733.7973
5961,736.9427
5962,736.9433
5963,736.9437
5964,736.9452
5965,736.9457
5966,736.9488
5967,736.9514
5968,736.9524
5969,736.9461
5970,736.9505
5971,736.9468
5972,736.9474
5973,736.9479
5974,736.9494
5975,736.9544
5976,736.9556
5977,736.9565
5978,736.9529
5979,736.9574
5980,736.9535
5981,736.9585
5982,736.9596
5983,736.9618
5984,736.9601
5985,740.5563
5986,736.9608
5987,740.5503
5988,740.5529
5989,740.5658
5990,740.5551
5991,740.5606
5992,740.5590
5993,740.5625
5994,740.5570
5995,740.5634
5996,740.5643
5997,740.5672
5998,740.5663
5999,740.5683
6000,746.1102
6001,746.1109
6002,746.1131
6003,746.1162
6004,746.1182
6005,746.1115
6006,746.1121
6007,746.1173
6008,746.1143
6009,746.1152
6010,746.1222
6011,746.1188
6012,749.5031
6013,749.5043
6014,746.1207
6015,746.1212
6016,746.1195
6017,746.1201
6018,749.5065
6019,749.5090
6020,749.5100
6021,749.5050
6022,749.5125
6023,749.5109
6024,749.5081
6025,749.5056
6026,749.5070
6027,749.5144
6028,749.5114
6029,749.5153
6030,749.5130
6031,749.5187
6032,749.5135
6033,749.5178
6034,749.5196
6035,749.5159
6036,749.5221
6037,749.5163
6038,749.5168
6039,749.5249
6040,749.5201
6041,749.5240
6042,749.5206
6043,749.5211
6044,752.6902
6045,749.5226
6046,749.5231
6047,752.6882
6048,752.6937
6049,752.6887
6050,752.6928
6051,752.6893
6052,752.6909
6053,752.6970
6054,752.6913
6055,752.6918
6056,752.6942
6057,752.6947
6058,752.6952
6059,752.6956
6060,752.6960
6061,752.6975
6062,752.7001
6063,752.7043
6064,752.7012
6065,752.6979
6066,752.7033
6067,752.6985
6068,752.7021
6069,752.6990
6070,752.7076
6071,755.7711
6072,752.7049
6073,752.7054
6074,755.7701
6075,752.7058
6076,752.7063
6077,752.7067
6078,752.7081
6079,755.7726
6080,755.7779
6081,755.7789
6082,755.7716
6083,755.7748
6084,755.7759
6085,755.7800
6086,755.7769
6087,755.7731
6088,755.7810
6089,755.7826
6090,755.7836
6091,755.7845
6092,755.7854
6093,755.7863
6094,755.7873
6095,755.7882
6096,755.7814
6097,755.7901
6098,755.7886
6099,758.9065
6100,755.7892
6101,758.9088
6102,758.9105
6103,758.9114
6104,758.9053
6105,755.7907
6106,755.7912
6107,758.9154
6108,758.9120
6109,758.9178
6110,758.9130
6111,758.9189
6112,758.9138
6113,758.9143
6114,758.9168
6115,758.9217
6116,758.9159
6117,758.9242
6118,758.9194
6119,758.9199
6120,758.9203
6121,758.9232
6122,758.9208
6123,758.9261
6124,758.9223
6125,758.9247
6126,758.9296
6127,758.9305
6128,758.9278
6129,758.9287
6130,758.9252
6131,762.0867
6132,758.9267
6133,762.0856
6134,758.9310
6135,762.0911
6136,762.0900
6137,758.9317
6138,762.0934
6139,762.0874
6140,762.0880
6141,762.0885
6142,762.0890
6143,762.0955
6144,761.5598
6145,761.5604
6146,761.5662
6147,761.5621
6148,761.5672
6149,761.5683
6150,761.5627
6151,761.5641
6152,761.5646
6153,761.5651
6154,761.5722
6155,761.5687
6156,761.5693
6157,761.5698
6158,761.5707
6159,761.5712
6160,761.5703
6161,761.5751
6162,764.7360
6163,764.7371
6164,761.5727
6165,761.5731
6166,764.7384
6167,761.5736
6168,761.5742
6169,761.5755
6170,764.7408
6171,764.7388
6172,764.7434
6173,764.7443
6174,764.7393
6175,764.7453
6176,764.7424
6177,764.7399
6178,764.7480
6179,764.7414
6180,764.7489
6181,764.7498
6182,764.7464
6183,764.7508
6184,764.7459
6185,764.7470
6186,764.7539
6187,764.7551
6188,764.7565
6189,764.7574
6190,764.7583
6191,764.7513
6192,764.7519
6193,764.7524
6194,764.7556
6195,767.7766
6196,764.7589
6197,767.7803
6198,764.7594
6199,767.7814
6200,764.7600
6201,767.7791
6202,764.7606
6203,767.7774
6204,767.7780
6205,767.7845
6206,767.7884
6207,767.7819
6208,767.7864
6209,767.7824
6210,767.7875
6211,767.7830
6212,767.7836
6213,767.7850
6214,767.7904
6215,770.9967
6216,767.7889
6217,770.9929
6218,767.7895
6219,770.9939
6220,770.9949
6221,770.9958
6222,767.7910
6223,770.9999
6224,771.0025
6225,771.0035
6226,770.9978
6227,771.0044
6228,770.9984
6229,770.9989
6230,771.0015
6231,771.0004
6232,771.0050
6233,771.0057
6234,771.0087
6235,771.0115
6236,771.0062
6237,771.0067
6238,771.0073
6239,774.2896
6240,771.0104
6241,771.0078
6242,771.0093
6243,774.2920
6244,771.0121
6245,771.0126
6246,774.2931
6247,774.2903
6248,774.2958
6249,774.2910
6250,774.2970
6251,774.3011
6252,774.2992
6253,774.2937
6254,774.2943
6255,774.3002
6256,774.2974
6257,774.3042
6258,774.2981
6259,774.3067
6260,774.3017
6261,774.3022
6262,774.3028
6263,774.3076
6264,774.3058
6265,774.3103
6266,774.3048
6267,774.3082
6268,774.3125
6269,774.3135
6270,774.3093
6271,774.3145
6272,774.3088
6273,774.3108
6274,774.3115
6275,777.4967
6276,777.4997
6277,777.5007
6278,777.4946
6279,777.4951
6280,777.4956
6281,777.4978
6282,777.4987
6283,777.5031
6284,777.5012
6285,777.5017
6286,777.5070
6287,777.5022
6288,777.5079
6289,777.5050
6290,777.5060
6291,777.5036
6292,777.5040
6293,777.5099
6294,777.5149
6295,777.5130
6296,777.5140
6297,777.5110
6298,777.5084
6299,777.5119
6300,777.5090
6301,777.5182
6302,777.5158
6303,777.5163
6304,777.5153
6305,780.8757
6306,780.8767
6307,777.5167
6308,777.5173
6309,777.5187
6310,780.8796
6311,777.5191
6312,777.5196
6313,780.8772
6314,780.8777
6315,780.8782
6316,780.8825
6317,780.8786
6318,780.8801
6319,780.8806
6320,780.8810
6321,780.8852
6322,780.8862
6323,780.8815
6324,780.8830
6325,780.8834
6326,780.8894
6327,780.8839
6328,780.8843
6329,780.8867
6330,780.8871
6331,780.8876
6332,780.8880
6333,780.8884
6334,780.8898
6335,780.8951
6336,780.8932
6337,780.8903
6338,780.8908
6339,780.8912
6340,780.8917
6341,780.8942
6342,780.8922
6343,780.8956
6344,780.8960
6345,780.8965
6346,783.9658
6347,783.9693
6348,783.9703
6349,783.9712
6350,783.9722
6351,780.8970
6352,783.9635
6353,783.9683
6354,783.9671
6355,783.9726
6356,783.9731
6357,783.9736
6358,783.9770
6359,783.9791
6360,783.9741
6361,783.9745
6362,783.9750
6363,783.9756
6364,783.9760
6365,783.9781
6366,783.9823
6367,783.9795
6368,783.9837
6369,783.9800
6370,783.9804
6371,783.9846
6372,783.9809
6373,783.9814
6374,786.9927
6375,783.9828
6376,786.9950
6377,783.9851
6378,783.9856
6379,783.9860
6380,786.9959
6381,783.9865
6382,786.9935
6383,786.9940
6384,786.9989
6385,786.9964
6386,786.9970
6387,786.9974
6388,786.9979
6389,787.0009
6390,787.0018
6391,787.0027
6392,787.0045
6393,786.9993
6394,787.0054
6395,787.0063
6396,786.9999
6397,787.0034
6398,787.0091
6399,787.0100
6400,786.4550
6401,786.4562
6402,786.4493
6403,786.4501
6404,786.4540
6405,786.4507
6406,789.5932
6407,789.5944
6408,786.4567
6409,786.4572
6410,789.5966
6411,789.5976
6412,786.4576
6413,786.4581
6414,789.5997
6415,789.6007
6416,789.5949
6417,789.5954
6418,789.6021
6419,789.6036
6420,789.5981
6421,789.5986
6422,789.6011
6423,789.6074
6424,789.6055
6425,789.6064
6426,789.6116
6427,789.6095
6428,789.6040
6429,789.6104
6430,789.6046
6431,789.6085
6432,789.6135
6433,789.6079
6434,789.6121
6435,789.6126
6436,792.8659
6437,792.8707
6438,792.8672
6439,792.8682
6440,792.8697
6441,789.6141
6442,789.6146
6443,789.6150
6444,792.8687
6445,792.8738
6446,792.8712
6447,792.8718
6448,792.8764
6449,792.8774
6450,792.8723
6451,792.8729
6452,792.8753
6453,792.8744
6454,792.8800
6455,792.8812
6456,792.8780
6457,796.3046
6458,796.3056
6459,792.8785
6460,792.8791
6461,796.3033
6462,796.3079
6463,792.8816
6464,796.3068
6465,796.3093
6466,796.3115
6467,796.3124
6468,796.3105
6469,796.3133
6470,796.3165
6471,796.3084
6472,796.3155
6473,796.3139
6474,796.3221
6475,796.3181
6476,796.3145
6477,796.3191
6478,796.3170
6479,796.3231
6480,796.3202
6481,796.3212
6482,796.3255
6483,799.4060
6484,799.4071
6485,799.4080
6486,799.4090
6487,796.3245
6488,796.3236
6489,796.3241
6490,796.3260
6491,799.4111
6492,799.4138
6493,799.4095
6494,799.4158
6495,799.4167
6496,799.4149
6497,799.4101
6498,799.4128
6499,799.4116
6500,799.4173
6501,799.4202
6502,799.4177
6503,799.4255
6504,799.4223
6505,799.4183
6506,799.4193
6507,799.4234
6508,799.4244
6509,799.4207
6510,799.4212
6511,799.4260
6512,799.4270
6513,802.4625
6514,799.4294
6515,799.4274
6516,799.4280
6517,802.4647
6518,802.4657
6519,802.4638
6520,799.4285
6521,802.4684
6522,802.4698
6523,802.4707
6524,802.4716
6525,802.4663
6526,802.4726
6527,802.4675
6528,802.4668
6529,802.4689
6530,802.4731
6531,802.4785
6532,802.4737
6533,802.4746
6534,802.4795
6535,802.4804
6536,802.4757
6537,802.4767
6538,802.4776
6539,802.4823
6540,802.4809
6541,805.7619
6542,802.4814
6543,805.7638
6544,805.7629
6545,805.7598
6546,805.7609
6547,802.4829
6548,802.4835
6549,805.7667
6550,805.7643
6551,805.7648
6552,805.7686
6553,805.7695
6554,805.7652
6555,805.7705
6556,805.7658
6557,805.7672
6558,805.7735
6559,805.7677
6560,805.7745
6561,805.7754
6562,805.7711
6563,805.7715
6564,805.7720
6565,805.7725
6566,805.7784
6567,805.7793
6568,805.7759
6569,805.7764
6570,805.7816
6571,805.7768
6572,805.7826
6573,805.7774
6574,805.7798
6575,808.9975
6576,805.7803
6577,808.9960
6578,805.7831
6579,808.9997
6580,809.0007
6581,805.7835
6582,805.7840
6583,809.0036
6584,808.9981
6585,809.0027
6586,808.9988
6587,809.0013
6588,809.0018
6589,809.0063
6590,809.0073
6591,809.0115
6592,809.0041
6593,809.0094
6594,809.0048
6595,809.0054
6596,809.0103
6597,809.0078
6598,809.0083
6599,809.0120
6600,809.0125
6601,809.0130
6602,809.0134
6603,809.0139
6604,809.0143
6605,809.0148
6606,809.0176
6607,809.0153
6608,809.0157
6609,809.0185
6610,809.0162
6611,809.0195
6612,809.0167
6613,809.0205
6614,812.1271
6615,812.1281
6616,812.1257
6617,812.1302
6618,809.0210
6619,812.1312
6620,809.0214
6621,812.1321
6622,812.1340
6623,812.1292
6624,812.1286
6625,812.1326
6626,812.1331
6627,812.1370
6628,812.1390
6629,812.1381
6630,812.1345
6631,812.1351
6632,812.1356
6633,812.1407
6634,812.1361
6635,812.1426
6636,812.1435
6637,812.1444
6638,812.1395
6639,812.1454
6640,812.1416
6641,812.1493
6642,812.1484
6643,812.1458
6644,812.1517
6645,812.1464
6646,812.1469
6647,812.1474
6648,812.1508
6649,815.1557
6650,812.1498
6651,815.1547
6652,815.1572
6653,815.1527
6654,815.1581
6655,815.1597
6656,814.6286
6657,814.6315
6658,814.6385
6659,814.6394
6660,814.6355
6661,814.6360
6662,814.6410
6663,814.6371
6664,814.6366
6665,814.6376
6666,814.6430
6667,814.6440
6668,814.6449
6669,814.6399
6670,814.6415
6671,817.7114
6672,817.7104
6673,814.6420
6674,817.7091
6675,817.7157
6676,817.7136
6677,817.7166
6678,817.7146
6679,817.7196
6680,817.7185
6681,817.7120
6682,817.7126
6683,817.7210
6684,817.7219
6685,817.7171
6686,817.7176
6687,817.7259
6688,817.7239
6689,817.7250
6690,817.7200
6691,817.7279
6692,817.7224
6693,817.7289
6694,817.7229
6695,817.7270
6696,821.0750
6697,817.7264
6698,821.0739
6699,821.0775
6700,821.0785
6701,821.0794
6702,817.7295
6703,821.0803
6704,821.0757
6705,821.0763
6706,821.0831
6707,821.0853
6708,821.0808
6709,821.0863
6710,821.0874
6711,821.0813
6712,821.0842
6713,821.0821
6714,821.0908
6715,821.0879
6716,821.0885
6717,821.0928
6718,821.0892
6719,821.0937
6720,821.0919
6721,821.0898
6722,821.0957
6723,821.0967
6724,821.0976
6725,821.1001
6726,821.1010
6727,821.1019
6728,821.0943
6729,821.0948
6730,821.0981
6731,821.0986
6732,821.0991
6733,824.1944
6734,824.1984
6735,824.1955
6736,824.1950
6737,824.1960
6738,824.1965
6739,824.1970
6740,824.1974
6741,824.2016
6742,824.1989
6743,824.2054
6744,824.1994
6745,824.2032
6746,824.2001
6747,824.2006
6748,824.2044
6749,824.2081
6750,824.2023
6751,824.2123
6752,824.2059
6753,824.2101
6754,824.2133
6755,824.2065
6756,824.2112
6757,824.2087
6758,824.2092
6759,824.2137
6760,824.2142
6761,824.2146
6762,824.2175
6763,824.2151
6764,827.4963
6765,827.4973
6766,827.4982
6767,824.2161
6768,827.4951
6769,824.2166
6770,827.5003
6771,827.5014
6772,827.5048
6773,827.4988
6774,827.5064
6775,827.4994
6776,827.5030
6777,827.5039
6778,827.5020
6779,827.5097
6780,827.5070
6781,827.5142
6782,827.5076
6783,827.5081
6784,827.5119
6785,827.5129
6786,827.5088
6787,827.5103
6788,827.5108
6789,827.5147
6790,827.5209
6791,827.5172
6792,827.5181
6793,827.5191
6794,827.5153
6795,827.5200
6796,827.5158
6797,827.5163
6798,827.5214
6799,827.5223
6800,830.7578
6801,827.5218
6802,827.5228
6803,830.7603
6804,830.7613
6805,827.5233
6806,830.7622
6807,827.5241
6808,830.7584
6809,830.7589
6810,830.7594
6811,830.7627
6812,830.7641
6813,830.7632
6814,830.7702
6815,830.7711
6816,830.7663
6817,830.7673
6818,830.7683
6819,830.7692
6820,830.7646
6821,830.7652
6822,830.7748
6823,830.7757
6824,830.7716
6825,830.7721
6826,830.7725
6827,830.7730
6828,830.7734
6829,830.7739
6830,830.7780
6831,830.7762
6832,830.7767
6833,833.9425
6834,833.9438
6835,833.9447
6836,830.7771
6837,833.9456
6838,833.9409
6839,833.9415
6840,833.9486
6841,833.9497
6842,833.9461
6843,833.9466
6844,833.9471
6845,833.9506
6846,833.9515
6847,833.9476
6848,833.9546
6849,833.9555
6850,833.9576
6851,833.9521
6852,833.9566
6853,833.9526
6854,833.9532
6855,833.9537
6856,833.9609
6857,833.9581
6858,833.9586
6859,833.9590
6860,833.9628
6861,833.9595
6862,833.9600
6863,833.9640
6864,833.9614
6865,837.0976
6866,833.9619
6867,837.0987
6868,833.9644
6869,833.9649
6870,833.9654
6871,833.9658
6872,837.0966
6873,837.0992
6874,837.0997
6875,837.1001
6876,837.1026
6877,837.1006
6878,837.1066
6879,837.1011
6880,837.1045
6881,837.1075
6882,837.1056
6883,837.1017
6884,837.1031
6885,837.1035
6886,837.1079
6887,837.1093
6888,837.1084
6889,837.1123
6890,837.1088
6891,837.1137
6892,837.1098
6893,837.1102
6894,837.1107
6895,837.1149
6896,837.1112
6897,837.1128
6898,840.1937
6899,840.1978
6900,837.1153
6901,837.1158
6902,837.1163
6903,840.1997
6904,837.1167
6905,837.1172
6906,840.1964
6907,840.2027
6908,840.2054
6909,840.2002
6910,840.2014
6911,840.2064
6912,839.6908
6913,839.6918
6914,839.6876
6915,839.6865
6916,839.6942
6917,842.9687
6918,842.9699
6919,839.6933
6920,839.6924
6921,839.6928
6922,842.9662
6923,842.9675
6924,842.9731
6925,842.9757
6926,842.9704
6927,842.9767
6928,842.9709
6929,842.9747
6930,842.9719
6931,842.9715
6932,842.9736
6933,842.9772
6934,842.9778
6935,842.9812
6936,842.9782
6937,842.9827
6938,842.9793
6939,842.9798
6940,842.9836
6941,842.9847
6942,842.9803
6943,842.9818
6944,842.9871
6945,842.9885
6946,842.9895
6947,842.9851
6948,842.9857
6949,842.9904
6950,842.9913
6951,842.9862
6952,842.9876
6953,846.1982
6954,846.2000
6955,846.2007
6956,842.9918
6957,842.9924
6958,842.9935
6959,842.9941
6960,842.9930
6961,846.1989
6962,846.2033
6963,846.2011
6964,846.2025
6965,846.2067
6966,846.2043
6967,846.2016
6968,846.2050
6969,846.2060
6970,846.2071
6971,846.2075
6972,846.2094
6973,846.2124
6974,846.2133
6975,846.2140
6976,846.2081
6977,846.2086
6978,846.2107
6979,846.2117
6980,846.2099
6981,849.4015
6982,846.2146
6983,849.4053
6984,846.2151
6985,849.4043
6986,846.2156
6987,846.2161
6988,846.2166
6989,849.4022
6990,849.4032
6991,849.4096
6992,849.4059
6993,849.4065
6994,849.4070
6995,849.4076
6996,849.4122
6997,849.4080
6998,849.4086
6999,849.4158
7000,849.4139
7001,849.4102
7002,849.4113
7003,849.4148
7004,849.4129
7005,849.4185
7006,849.4196
7007,849.4170
7008,849.4164
7009,849.4213
7010,849.4224
7011,849.4233
7012,849.4176
7013,852.4471
7014,849.4202
7015,852.4481
7016,852.4461
7017,849.4239
7018,849.4245
7019,852.4491
7020,852.4500
7021,852.4540
7022,852.4569
7023,852.4551
7024,852.4520
7025,852.4560
7026,852.4530
7027,852.4594
7028,852.4505
7029,852.4575
7030,852.4579
7031,852.4585
7032,852.4604
7033,852.4615
7034,852.4625
7035,852.4648
7036,852.4657
7037,852.4688
7038,852.4669
7039,852.4679
7040,852.4631
7041,852.4703
7042,852.4638
7043,855.9508
7044,855.9518
7045,855.9528
7046,855.9538
7047,855.9547
7048,852.4694
7049,855.9576
7050,852.4709
7051,855.9552
7052,855.9557
7053,855.9562
7054,855.9616
7055,855.9567
7056,855.9607
7057,855.9582
7058,855.9639
7059,855.9588
7060,855.9592
7061,855.9597
7062,855.9663
7063,855.9628
7064,855.9622
7065,855.9653
7066,855.9687
7067,855.9696
7068,855.9705
7069,855.9644
7070,855.9667
7071,855.9672
7072,855.9677
7073,855.9735
7074,855.9710
7075,855.9745
7076,855.9754
7077,855.9715
7078,855.9764
7079,855.9725
7080,855.9720
7081,859.0264
7082,859.0275
7083,859.0243
7084,859.0249
7085,859.0300
7086,859.0309
7087,859.0322
7088,859.0253
7089,859.0280
7090,859.0347
7091,859.0284
7092,859.0290
7093,859.0380
7094,859.0327
7095,859.0331
7096,859.0371
7097,859.0336
7098,859.0352
7099,859.0356
7100,859.0361
7101,859.0419
7102,859.0428
7103,859.0385
7104,859.0437
7105,859.0395
7106,859.0400
7107,859.0404
7108,859.0409
7109,862.2172
7110,862.2186
7111,862.2196
7112,859.0442
7113,859.0447
7114,862.2218
7115,859.0452
7116,862.2228
7117,862.2202
7118,862.2208
7119,862.2274
7120,862.2254
7121,862.2264
7122,862.2233
7123,865.5665
7124,862.2297
7125,862.2239
7126,862.2244
7127,862.2283
7128,862.2278
7129,862.2309
7130,862.2288
7131,865.5672
7132,865.5702
7133,865.5732
7134,865.5714
7135,865.5723
7136,865.5677
7137,865.5683
7138,865.5687
7139,865.5693
7140,865.5758
7141,865.5794
7142,865.5737
7143,865.5803
7144,865.5742
7145,865.5776
7146,865.5748
7147,865.5785
7148,865.5764
7149,865.5825
7150,865.5879
7151,865.5808
7152,865.5842
7153,865.5851
7154,865.5815
7155,865.5861
7156,865.5870
7157,865.5830
7158,865.5884
7159,868.7679
7160,868.7667
7161,868.7674
7162,868.7684
7163,868.7753
7164,868.7713
7165,868.7735
7166,868.7690
7167,868.7744
7168,868.2441
7169,868.2448
7170,868.2468
7171,868.2502
7172,868.2507
7173,868.2513
7174,868.2517
7175,868.2533
7176,868.2524
7177,868.2555
7178,868.2564
7179,868.2574
7180,868.2584
7181,868.2601
7182,868.2611
7183,868.2539
7184,868.2544
7185,868.2615
7186,868.2621
7187,871.2198
7188,868.2625
7189,868.2648
7190,871.2209
7191,868.2630
7192,868.2634
7193,871.2186
7194,868.2639
7195,871.2231
7196,871.2280
7197,871.2289
7198,871.2216
7199,871.2222
7200,871.2248
7201,871.2259
7202,871.2270
7203,871.2237
7204,871.2295
7205,871.2314
7206,871.2299
7207,871.2374
7208,871.2329
7209,871.2340
7210,871.2349
7211,871.2358
7212,871.2305
7213,871.2397
7214,871.2320
7215,871.2436
7216,871.2379
7217,871.2408
7218,871.2385
7219,871.2417
7220,871.2427
7221,874.5129
7222,874.5139
7223,874.5095
7224,874.5103
7225,874.5108
7226,874.5114
7227,874.5119
7228,874.5183
7229,874.5144
7230,874.5162
7231,874.5218
7232,874.5197
7233,874.5208
7234,874.5167
7235,874.5173
7236,874.5243
7237,874.5253
7238,874.5264
7239,874.5234
7240,874.5224
7241,874.5229
7242,874.5293
7243,874.5302
7244,874.5332
7245,874.5270
7246,874.5342
7247,874.5355
7248,874.5323
7249,874.5277
7250,874.5382
7251,874.5392
7252,877.6915
7253,877.6941
7254,877.6931
7255,874.5361
7256,877.6904
7257,874.5368
7258,874.5398
7259,874.5403
7260,877.6946
7261,877.6961
7262,877.7007
7263,877.7016
7264,877.6988
7265,877.6997
7266,877.6951
7267,877.6966
7268,877.6972
7269,877.6978
7270,877.7031
7271,877.7088
7272,877.7042
7273,877.7051
7274,877.7021
7275,877.7060
7276,877.7069
7277,877.7079
7278,877.7123
7279,877.7098
7280,877.7137
7281,877.7093
7282,877.7103
7283,877.7146
7284,877.7108
7285,877.7113
7286,877.7128
7287,881.0133
7288,877.7152
7289,877.7162
7290,881.0180
7291,881.0160
7292,877.7167
7293,881.0170
7294,881.0189
7295,881.0210
7296,881.0144
7297,881.0150
7298,881.0194
7299,881.0240
7300,881.0249
7301,881.0199
7302,881.0259
7303,881.0215
7304,881.0220
7305,881.0224
7306,881.0229
7307,881.0284
7308,881.0293
7309,881.0322
7310,881.0332
7311,881.0264
7312,881.0269
7313,881.0313
7314,881.0274
7315,881.0298
7316,881.0302
7317,881.0337
7318,881.0341
7319,881.0362
7320,881.0351
7321,884.0702
7322,881.0346
7323,884.0713
7324,884.0722
7325,884.0732
7326,884.0741
7327,884.0769
7328,884.0674
7329,884.0787
7330,884.0745
7331,884.0750
7332,884.0755
7333,884.0796
7334,884.0760
7335,884.0773
7336,884.0778
7337,884.0816
7338,884.0825
7339,884.0835
7340,884.0869
7341,884.0801
7342,884.0806
7343,884.0845
7344,884.0860
7345,887.5321
7346,887.5335
7347,887.5345
7348,887.5355
7349,887.5365
7350,887.5374
7351,887.5384
7352,884.0874
7353,887.5413
7354,887.5388
7355,887.5427
7356,887.5437
7357,887.5398
7358,887.5447
7359,887.5456
7360,887.5403
7361,887.5418
7362,887.5475
7363,887.5495
7364,887.5504
7365,887.5460
7366,887.5514
7367,887.5466
7368,887.5486
7369,887.5523
7370,887.5542
7371,887.5528
7372,891.0321
7373,891.0331
7374,887.5533
7375,891.0340
7376,891.0300
7377,891.0311
7378,891.0380
7379,891.0370
7380,891.0405
7381,891.0351
7382,891.0361
7383,891.0356
7384,891.0346
7385,891.0396
7386,891.0385
7387,891.0442
7388,891.0412
7389,891.0417
7390,891.0422
7391,891.0470
7392,891.0426
7393,891.0432
7394,891.0461
7395,891.0447
7396,891.0452
7397,891.0486
7398,891.0496
7399,891.0558
7400,891.0518
7401,891.0527
7402,891.0475
7403,891.0536
7404,891.0545
7405,891.0501
7406,891.0506
7407,891.0576
7408,894.1277
7409,891.0565
7410,891.0582
7411,894.1295
7412,891.0587
7413,894.1305
7414,894.1315
7415,891.0595
7416,894.1348
7417,894.1357
7418,894.1285
7419,894.1321
7420,894.1326
7421,894.1330
7422,894.1389
7423,894.1336
7424,893.6224
7425,893.6230
7426,893.6286
7427,893.6235
7428,893.6241
7429,893.6276
7430,893.6256
7431,893.6300
7432,893.6260
7433,893.6266
7434,893.6323
7435,893.6334
7436,893.6290
7437,893.6345
7438,893.6355
7439,893.6305
7440,893.6311
7441,893.6380
7442,897.0474
7443,897.0486
7444,893.6360
7445,897.0498
7446,897.0507
7447,893.6365
7448,893.6370
7449,897.0554
7450,897.0512
7451,897.0517
7452,897.0522
7453,897.0527
7454,897.0532
7455,897.0537
7456,897.0542
7457,897.0579
7458,897.0601
7459,897.0559
7460,897.0564
7461,897.0612
7462,897.0621
7463,897.0569
7464,897.0590
7465,897.0659
7466,897.0674
7467,897.0683
7468,897.0627
7469,897.0633
7470,897.0643
7471,897.0647
7472,897.0638
7473,897.0664
7474,897.0688
7475,897.0731
7476,900.6670
7477,897.0700
7478,900.6681
7479,897.0708
7480,897.0714
7481,897.0722
7482,900.6657
7483,900.6703
7484,900.6737
7485,900.6767
7486,900.6686
7487,900.6748
7488,900.6725
7489,900.6692
7490,900.6758
7491,900.6713
7492,900.6772
7493,900.6798
7494,900.6776
7495,900.6830
7496,900.6809
7497,900.6782
7498,900.6788
7499,900.6819
7500,906.4661
7501,906.4668
7502,906.4745
7503,906.4684
7504,906.4705
7505,906.4716
7506,906.4725
7507,906.4736
7508,906.4674
7509,906.4695
7510,906.4750
7511,906.4767
7512,906.4756
7513,906.4792
7514,906.4815
7515,906.4761
7516,906.4825
7517,906.4834
7518,906.4773
7519,906.4783
7520,906.4803
7521,906.4848
7522,906.4839
7523,909.7777
7524,909.7785
7525,909.7793
7526,909.7801
7527,909.7808
7528,909.7767
7529,909.7826
7530,906.4854
7531,909.7813
7532,909.7843
7533,909.7850
7534,909.7857
7535,909.7865
7536,909.7817
7537,909.7891
7538,909.7898
7539,909.7830
7540,909.7868
7541,909.7872
7542,909.7876
7543,909.7879
7544,909.7883
7545,909.7902
7546,909.7918
7547,909.7906
7548,909.7925
7549,909.7957
7550,909.7934
7551,909.7942
7552,909.7910
7553,909.7949
7554,909.7983
7555,909.7990
7556,909.7961
7557,909.7964
7558,909.7968
7559,909.7971
7560,909.7975
7561,912.9264
7562,909.7994
7563,912.9292
7564,912.9301
7565,909.7997
7566,909.8002
7567,912.9312
7568,912.9282
7569,912.9271
7570,912.9332
7571,912.9317
7572,912.9361
7573,912.9382
7574,912.9322
7575,912.9372
7576,912.9352
7577,912.9401
7578,912.9337
7579,912.9342
7580,912.9386
7581,916.1471
7582,912.9391
7583,916.1461
7584,916.1450
7585,916.1494
7586,912.9406
7587,912.9417
7588,916.1482
7589,916.1537
7590,916.1547
7591,916.1528
7592,916.1516
7593,916.1499
7594,916.1571
7595,916.1580
7596,916.1504
7597,916.1551
7598,916.1556
7599,916.1616
7600,916.1561
7601,916.1606
7602,916.1631
7603,916.1586
7604,916.1591
7605,916.1597
7606,916.1641
7607,916.1672
7608,916.1621
7609,916.1662
7610,916.1697
7611,916.1706
7612,916.1687
7613,916.1646
7614,916.1651
7615,919.3105
7616,916.1676
7617,919.3116
7618,919.3081
7619,919.3126
7620,919.3135
7621,919.3089
7622,919.3095
7623,919.3178
7624,919.3150
7625,919.3159
7626,919.3168
7627,919.3140
7628,919.3197
7629,919.3208
7630,919.3217
7631,919.3188
7632,919.3243
7633,919.3183
7634,919.3253
7635,919.3263
7636,919.3223
7637,919.3228
7638,919.3233
7639,919.3290
7640,919.3268
7641,919.3306
7642,919.3274
7643,919.3316
7644,919.3327
7645,919.3340
7646,919.3279
7647,922.5321
7648,919.3297
7649,922.5333
7650,922.5342
7651,919.3346
7652,919.3352
7653,922.5352
7654,922.5362
7655,922.5405
7656,922.5393
7657,922.5367
7658,922.5419
7659,922.5428
7660,922.5372
7661,922.5377
7662,922.5438
7663,922.5467
7664,922.5458
7665,922.5410
7666,922.5482
7667,922.5491
7668,922.5442
7669,922.5500
7670,922.5448
7671,922.5534
7672,922.5472
7673,922.5525
7674,922.5558
7675,922.5505
7676,922.5510
7677,922.5514
7678,922.5567
7679,922.5538
7680,925.0945
7681,921.8806
7682,925.0967
7683,925.0976
7684,925.0873
7685,925.0988
7686,925.1002
7687,925.0880
7688,925.0953
7689,925.0958
7690,925.1007
7691,925.1012
7692,925.1037
7693,925.1018
7694,925.1023
7695,925.1082
7696,925.1056
7697,925.1027
7698,925.1067
7699,925.1093
7700,925.1042
7701,925.1046
7702,925.1119
7703,925.1157
7704,925.1097
7705,925.1102
7706,925.1107
7707,925.1130
7708,925.1139
7709,925.1148
7710,928.1603
7711,925.1162
7712,925.1167
7713,925.1172
7714,928.1616
7715,928.1628
7716,925.1178
7717,925.1183
7718,928.1683
7719,928.1695
7720,928.1662
7721,928.1673
7722,928.1634
7723,928.1640
7724,928.1646
7725,928.1651
7726,928.1709
7727,928.1758
7728,928.1725
7729,928.1771
7730,928.1736
7731,928.1699
7732,928.1780
7733,928.1749
7734,928.1715
7735,928.1848
7736,928.1809
7737,928.1786
7738,928.1819
7739,928.1828
7740,928.1793
7741,928.1838
7742,928.1799
7743,931.3723
7744,931.3739
7745,931.3700
7746,931.3707
7747,931.3713
7748,931.3749
7749,931.3759
7750,931.3768
7751,931.3729
7752,931.3799
7753,931.3773
7754,931.3779
7755,931.3837
7756,931.3785
7757,931.3827
7758,931.3846
7759,931.3790
7760,931.3805
7761,931.3812
7762,931.3817
7763,931.3852
7764,931.3884
7765,931.3858
7766,931.3863
7767,931.3931
7768,931.3912
7769,931.3869
7770,931.3921
7771,931.3875
7772,934.4999
7773,931.3890
7774,931.3895
7775,931.3937
7776,934.5044
7777,931.3943
7778,934.5063
7779,931.3949
7780,934.5018
7781,934.5106
7782,934.5027
7783,934.5035
7784,934.5067
7785,934.5124
7786,934.5083
7787,934.5138
7788,934.5091
7789,934.5115
7790,934.5178
7791,934.5188
7792,934.5153
7793,937.8197
7794,937.8176
7795,937.8207
7796,937.8216
7797,937.8187
7798,937.8157
7799,937.8163
7800,937.8251
7801,937.8221
7802,937.8270
7803,937.8226
7804,937.8232
7805,937.8279
7806,937.8237
7807,937.8241
7808,937.8256
7809,937.8260
7810,937.8284
7811,937.8307
7812,937.8288
7813,937.8293
7814,937.8359
7815,937.8298
7816,937.8327
7817,937.8347
7818,937.8338
7819,937.8312
7820,937.8389
7821,937.8318
7822,940.8624
7823,937.8369
7824,937.8364
7825,940.8601
7826,937.8374
7827,940.8614
7828,937.8394
7829,937.8398
7830,940.8650
7831,940.8629
7832,940.8664
7833,940.8674
7834,940.8683
7835,940.8635
7836,940.8692
7837,940.8641
7838,940.8655
7839,940.8726
7840,940.8740
7841,940.8697
7842,940.8702
7843,940.8707
7844,940.8711
7845,940.8749
7846,940.8716
7847,940.8731
7848,940.8754
7849,940.8769
7850,940.8795
7851,940.8804
7852,940.8813
7853,940.8832
7854,940.8823
7855,940.8760
7856,940.8786
7857,940.8774
7858,944.0354
7859,944.0418
7860,944.0384
7861,944.0320
7862,944.0398
7863,944.0333
7864,944.0369
7865,944.0407
7866,944.0454
7867,944.0468
7868,944.0424
7869,944.0429
7870,944.0480
7871,944.0489
7872,944.0434
7873,944.0445
7874,944.0459
7875,944.0494
7876,944.0523
7877,944.0498
7878,944.0551
7879,944.0503
7880,944.0509
7881,944.0532
7882,944.0514
7883,944.0541
7884,947.2405
7885,947.2394
7886,947.2432
7887,947.2442
7888,944.0555
7889,944.0560
7890,944.0565
7891,947.2423
7892,947.2473
7893,947.2411
7894,947.2449
7895,947.2454
7896,947.2498
7897,947.2507
7898,947.2459
7899,947.2463
7900,947.2516
7901,947.2477
7902,947.2483
7903,947.2487
7904,947.2525
7905,947.2535
7906,947.2544
7907,947.2554
7908,947.2568
7909,947.2578
7910,947.2587
7911,947.2597
7912,947.2617
7913,947.2559
7914,947.2626
7915,947.2635
7916,947.2602
7917,947.2608
7918,950.3745
7919,950.3755
7920,950.3723
7921,950.3730
7922,950.3771
7923,950.3780
7924,950.3735
7925,950.3790
7926,950.3760
7927,950.3850
7928,950.3830
7929,950.3841
7930,950.3795
7931,950.3800
7932,950.3804
7933,950.3809
7934,950.3820
7935,950.3916
7936,949.8878
7937,949.8909
7938,949.8918
7939,949.8928
7940,949.8886
7941,949.8892
7942,949.8899
7943,949.8967
7944,953.1542
7945,949.8942
7946,949.8947
7947,949.8952
7948,953.1552
7949,949.8956
7950,953.1560
7951,953.1578
7952,953.1585
7953,953.1595
7954,953.1604
7955,953.1611
7956,953.1564
7957,953.1570
7958,953.1618
7959,953.1640
7960,953.1648
7961,953.1623
7962,953.1627
7963,953.1655
7964,953.1664
7965,953.1672
7966,953.1631
7967,953.1691
7968,953.1676
7969,953.1680
7970,953.1711
7971,953.1720
7972,953.1727
7973,953.1703
7974,953.1684
7975,953.1768
7976,953.1760
7977,953.1695
7978,953.1732
7979,953.1736
7980,953.1744
7981,953.1748
7982,953.1752
7983,956.2023
7984,956.1983
7985,956.1990
7986,956.1997
7987,956.2046
7988,956.2002
7989,956.2007
7990,956.2012
7991,956.2090
7992,956.2029
7993,956.2081
7994,956.2035
7995,956.2112
7996,956.2052
7997,956.2058
7998,956.2069
7999,956.2096
8000,956.2133
8001,956.2100
8002,956.2142
8003,959.7922
8004,956.2118
8005,959.7945
8006,956.2123
8007,959.7933
8008,959.7965
8009,959.7976
8010,956.2148
8011,959.7951
8012,959.8007
8013,959.8020
8014,959.7955
8015,959.8029
8016,959.7982
8017,959.7987
8018,959.7992
8019,959.7998
8020,959.8035
8021,959.8040
8022,959.8066
8023,959.8045
8024,959.8117
8025,959.8087
8026,959.8097
8027,959.8107
8028,959.8051
8029,959.8057
8030,959.8071
8031,959.8076
8032,959.8152
8033,962.9884
8034,959.8122
8035,962.9896
8036,959.8128
8037,959.8133
8038,959.8137
8039,959.8143
8040,959.8157
8041,962.9938
8042,962.9928
8043,962.9947
8044,962.9901
8045,962.9956
8046,962.9907
8047,962.9913
8048,962.9918
8049,962.9962
8050,962.9966
8051,963.0020
8052,963.0029
8053,962.9972
8054,962.9990
8055,963.0040
8056,963.0001
8057,962.9979
8058,963.0010
8059,963.0045
8060,963.0077
8061,963.0050
8062,963.0063
8063,966.1676
8064,963.0057
8065,966.1656
8066,966.1667
8067,963.0068
8068,963.0082
8069,966.1698
8070,963.0086
8071,966.1749
8072,966.1719
8073,966.1682
8074,966.1688
8075,966.1730
8076,966.1739
8077,966.1703
8078,966.1710
8079,966.1786
8080,966.1753
8081,966.1758
8082,966.1763
8083,966.1768
8084,966.1801
8085,966.1772
8086,966.1777
8087,966.1844
8088,966.1791
8089,966.1816
8090,966.1825
8091,966.1834
8092,966.1859
8093,966.1806
8094,966.1869
8095,969.4746
8096,969.4716
8097,966.1850
8098,969.4727
8099,969.4737
8100,966.1875
8101,966.1880
8102,969.4782
8103,969.4757
8104,969.4752
8105,969.4762
8106,969.4767
8107,969.4805
8108,969.4772
8109,969.4796
8110,969.4843
8111,969.4786
8112,969.4854
8113,969.4825
8114,969.4834
8115,969.4810
8116,969.4886
8117,969.4816
8118,969.4859
8119,969.4916
8120,969.4864
8121,969.4869
8122,969.4907
8123,969.4874
8124,969.4891
8125,969.4896
8126,969.4945
8127,969.4921
8128,969.4926
8129,969.4966
8130,969.4975
8131,969.4930
8132,969.4935
8133,969.4986
8134,969.4949
8135,969.4955
8136,972.5152
8137,972.5127
8138,972.5133
8139,972.5138
8140,972.5143
8141,972.5167
8142,972.5176
8143,972.5185
8144,972.5205
8145,972.5214
8146,972.5223
8147,972.5158
8148,972.5232
8149,972.5191
8150,972.5196
8151,972.5260
8152,972.5274
8153,972.5237
8154,972.5242
8155,972.5283
8156,972.5246
8157,972.5251
8158,972.5293
8159,972.5265
8160,972.5317
8161,972.5297
8162,972.5304
8163,975.8592
8164,975.8569
8165,975.8601
8166,972.5308
8167,975.8581
8168,972.5322
8169,972.5327
8170,972.5332
8171,975.8607
8172,975.8617
8173,975.8636
8174,975.8697
8175,975.8679
8176,975.8622
8177,975.8648
8178,975.8657
8179,975.8667
8180,975.8627
8181,975.8688
8182,975.8726
8183,975.8702
8184,975.8707
8185,975.8747
8186,975.8711
8187,975.8716
8188,975.8757
8189,975.8768
8190,975.8779
8191,975.8730
8192,975.3968
8193,978.5843
8194,978.5867
8195,978.5857
8196,978.5878
8197,978.5893
8198,978.5938
8199,978.5927
8200,978.5917
8201,978.5898
8202,978.5953
8203,978.5903
8204,978.5908
8205,978.5968
8206,978.5942
8207,978.6020
8208,978.5999
8209,978.6008
8210,978.5974
8211,978.5979
8212,978.6049
8213,978.5984
8214,978.5989
8215,978.6029
8216,978.6025
8217,978.6073
8218,978.6034
8219,978.6039
8220,978.6093
8221,978.6054
8222,978.6059
8223,978.6064
8224,978.6083
8225,982.3052
8226,982.3065
8227,982.3075
8228,978.6098
8229,982.3115
8230,982.3106
8231,978.6104
8232,982.3095
8233,982.3152
8234,982.3079
8235,982.3141
8236,982.3085
8237,982.3120
8238,982.3172
8239,982.3130
8240,982.3125
8241,982.3187
8242,982.3198
8243,982.3207
8244,982.3157
8245,982.3232
8246,982.3241
8247,982.3177
8248,982.3223
8249,985.5186
8250,982.3212
8251,985.5175
8252,985.5196
8253,985.5228
8254,985.5237
8255,982.3253
8256,982.3247
8257,985.5202
8258,985.5207
8259,985.5212
8260,985.5218
8261,985.5242
8262,985.5274
8263,985.5247
8264,985.5291
8265,985.5253
8266,985.5302
8267,985.5259
8268,985.5265
8269,985.5311
8270,985.5280
8271,985.5339
8272,985.5353
8273,985.5317
8274,985.5363
8275,985.5372
8276,985.5323
8277,985.5329
8278,985.5383
8279,985.5344
8280,985.5409
8281,985.5389
8282,988.7110
8283,988.7120
8284,988.7130
8285,985.5394
8286,985.5400
8287,988.7139
8288,988.7088
8289,988.7099
8290,988.7165
8291,988.7181
8292,988.7144
8293,988.7192
8294,988.7201
8295,988.7210
8296,988.7150
8297,988.7156
8298,988.7171
8299,988.7216
8300,988.7220
8301,988.7225
8302,988.7230
8303,988.7234
8304,988.7239
8305,988.7243
8306,988.7272
8307,988.7297
8308,988.7306
8309,988.7248
8310,988.7315
8311,988.7261
8312,988.7255
8313,988.7288
8314,988.7278
8315,988.7321
8316,988.7332
8317,988.7337
8318,988.7363
8319,988.7341
8320,991.5104
8321,988.7347
8322,988.7353
8323,991.5083
8324,991.5117
8325,991.5094
8326,991.5066
8327,991.5072
8328,991.5121
8329,991.5161
8330,991.5126
8331,991.5150
8332,991.5132
8333,991.5136
8334,991.5170
8335,991.5180
8336,991.5141
8337,991.5213
8338,991.5226
8339,991.5185
8340,991.5191
8341,991.5236
8342,991.5196
8343,991.5246
8344,991.5201
8345,991.5217
8346,991.5280
8347,994.9590
8348,991.5251
8349,991.5256
8350,991.5270
8351,994.9601
8352,991.5260
8353,991.5266
8354,994.9631
8355,994.9606
8356,994.9612
8357,994.9662
8358,994.9671
8359,994.9617
8360,994.9622
8361,994.9652
8362,994.9695
8363,994.9636
8364,994.9640
8365,994.9715
8366,994.9724
8367,994.9676
8368,994.9681
8369,994.9685
8370,994.9700
8371,994.9704
8372,994.9754
8373,994.9784
8374,994.9729
8375,994.9735
8376,994.9766
8377,994.9775
8378,994.9739
8379,994.9744
8380,994.9808
8381,994.9788
8382,998.2010
8383,994.9793
8384,998.1981
8385,998.1991
8386,994.9799
8387,998.2000
8388,998.2047
8389,998.1967
8390,998.2015
8391,998.2028
8392,998.2019
8393,998.2024
8394,998.2033
8395,998.2037
8396,998.2076
8397,998.2051
8398,998.2104
8399,998.2056
8400,998.2062
8401,998.2085
8402,998.2067
8403,998.2095
8404,998.2137
8405,998.2147
8406,998.2108
8407,998.2118
8408,998.2113
8409,998.2123
8410,998.2179
8411,998.2128
8412,998.2152
8413,998.2156
8414,998.2161
8415,998.2170
8416,998.2165
8417,998.2213
8418,998.2184
8419,1001.2866
8420,998.2188
8421,998.2193
8422,1001.2877
8423,998.2198
8424,1001.2856
8425,1001.2845
8426,1001.2907
8427,1001.2931
8428,1001.2883
8429,1001.2888
8430,1001.2893
8431,1001.2898
8432,1001.2956
8433,1001.2921
8434,1001.2912
8435,1001.2969
8436,1001.2936
8437,1001.2979
8438,1001.2941
8439,1001.2946
8440,1001.3003
8441,1001.3013
8442,1001.2960
8443,1001.2985
8444,1001.3046
8445,1001.2989
8446,1001.2994
8447,1001.3056
8448,1000.8015
8449,1000.8022
8450,1000.8026
8451,1000.8032
8452,1000.8057
8453,1000.8062
8454,1000.8068
8455,1000.8072
8456,1003.7866
8457,1003.7855
8458,1003.7876
8459,1003.7887
8460,1003.7897
8461,1003.7793
8462,1003.7817
8463,1003.7822
8464,1003.7902
8465,1003.7931
8466,1003.7906
8467,1003.7912
8468,1003.7917
8469,1003.7921
8470,1006.9380
8471,1006.9390
8472,1006.9369
8473,1006.9404
8474,1006.9417
8475,1006.9426
8476,1003.7935
8477,1003.7941
8478,1006.9464
8479,1006.9395
8480,1006.9455
8481,1006.9433
8482,1006.9491
8483,1006.9438
8484,1006.9505
8485,1006.9444
8486,1006.9470
8487,1006.9524
8488,1006.9475
8489,1006.9481
8490,1006.9552
8491,1006.9509
8492,1006.9563
8493,1006.9515
8494,1006.9573
8495,1006.9530
8496,1006.9536
8497,1006.9541
8498,1010.1403
8499,1006.9594
8500,1006.9577
8501,1010.1414
8502,1010.1425
8503,1006.9585
8504,1010.1377
8505,1010.1392
8506,1010.1430
8507,1010.1458
8508,1010.1484
8509,1010.1435
8510,1010.1493
8511,1010.1502
8512,1010.1441
8513,1010.1447
8514,1010.1474
8515,1010.1463
8516,1010.1522
8517,1010.1507
8518,1010.1565
8519,1010.1574
8520,1010.1512
8521,1010.1532
8522,1010.1546
8523,1010.1555
8524,1010.1594
8525,1010.1603
8526,1010.1579
8527,1010.1647
8528,1010.1619
8529,1010.1629
8530,1010.1584
8531,1010.1638
8532,1010.1608
8533,1013.5452
8534,1013.5469
8535,1013.5497
8536,1013.5436
8537,1013.5479
8538,1013.5488
8539,1013.5443
8540,1013.5508
8541,1013.5546
8542,1013.5555
8543,1013.5523
8544,1013.5514
8545,1013.5519
8546,1013.5528
8547,1013.5533
8548,1013.5537
8549,1013.5591
8550,1013.5560
8551,1013.5565
8552,1013.5571
8553,1013.5621
8554,1013.5630
8555,1013.5576
8556,1013.5582
8557,1013.5596
8558,1013.5602
8559,1013.5606
8560,1013.5656
8561,1016.3476
8562,1016.3489
8563,1013.5636
8564,1013.5642
8565,1013.5646
8566,1013.5672
8567,1013.5681
8568,1013.5661
8569,1016.3526
8570,1016.3504
8571,1016.3535
8572,1016.3494
8573,1016.3555
8574,1016.3545
8575,1016.3566
8576,1016.3515
8577,1016.3570
8578,1016.3575
8579,1016.3580
8580,1016.3590
8581,1016.3639
8582,1016.3648
8583,1016.3610
8584,1016.3585
8585,1016.3594
8586,1016.3599
8587,1016.3620
8588,1016.3630
8589,1019.7176
8590,1016.3684
8591,1016.3653
8592,1016.3658
8593,1016.3662
8594,1016.3667
8595,1016.3672
8596,1019.7162
8597,1019.7198
8598,1019.7183
8599,1019.7248
8600,1019.7214
8601,1019.7257
8602,1019.7226
8603,1019.7188
8604,1019.7237
8605,1019.7285
8606,1019.7204
8607,1019.7318
8608,1019.7262
8609,1019.7300
8610,1019.7267
8611,1019.7272
8612,1019.7309
8613,1019.7332
8614,1019.7290
8615,1019.7323
8616,1019.7394
8617,1019.7356
8618,1019.7366
8619,1019.7375
8620,1019.7384
8621,1019.7337
8622,1019.7342
8623,1019.7346
8624,1023.0249
8625,1023.0264
8626,1019.7399
8627,1019.7405
8628,1023.0275
8629,1023.0284
8630,1019.7409
8631,1019.7414
8632,1023.0310
8633,1023.0290
8634,1023.0329
8635,1023.0339
8636,1023.0348
8637,1023.0357
8638,1023.0295
8639,1023.0300
8640,1023.0315
8641,1023.0320
8642,1023.0362
8643,1023.0390
8644,1023.0367
8645,1023.0371
8646,1023.0420
8647,1023.0429
8648,1023.0411
8649,1023.0376
8650,1023.0381
8651,1023.0395
8652,1023.0400
8653,1023.0460
8654,1023.0434
8655,1023.0448
8656,1023.0439
8657,1023.0444
8658,1026.2613
8659,1026.2639
8660,1026.2629
8661,1023.0465
8662,1023.0470
8663,1026.2696
8664,1026.2676
8665,1026.2686
8666,1026.2645
8667,1026.2650
8668,1026.2656
8669,1026.2661
8670,1026.2665
8671,1026.2766
8672,1026.2710
8673,1026.2700
8674,1026.2719
8675,1026.2729
8676,1026.2738
8677,1026.2748
8678,1026.2757
8679,1026.2771
8680,1026.2794
8681,1026.2831
8682,1026.2776
8683,1026.2780
8684,1026.2785
8685,1026.2810
8686,1026.2840
8687,1026.2821
8688,1026.2799
8689,1029.7327
8690,1029.7347
8691,1026.2845
8692,1026.2854
8693,1026.2859
8694,1029.7357
8695,1026.2864
8696,1026.2850
8697,1029.7336
8698,1029.7381
8699,1029.7425
8700,1029.7362
8701,1029.7367
8702,1029.7434
8703,1029.7371
8704,1029.2321
8705,1029.2333
8706,1029.2305
8707,1029.2357
8708,1032.4951
8709,1032.4961
8710,1029.2384
8711,1029.2372
8712,1029.2361
8713,1029.2367
8714,1032.4929
8715,1032.4941
8716,1032.4966
8717,1032.4971
8718,1032.5002
8719,1032.5032
8720,1032.4976
8721,1032.5012
8722,1032.4985
8723,1032.5021
8724,1032.5042
8725,1032.4990
8726,1032.5075
8727,1032.5110
8728,1032.5047
8729,1032.5053
8730,1032.5059
8731,1032.5091
8732,1032.5063
8733,1032.5101
8734,1032.5080
8735,1032.5132
8736,1032.5158
8737,1032.5167
8738,1032.5115
8739,1032.5194
8740,1032.5121
8741,1032.5203
8742,1032.5178
8743,1032.5148
8744,1035.7126
8745,1035.7108
8746,1035.7149
8747,1035.7159
8748,1035.7168
8749,1035.7180
8750,1035.7115
8751,1035.7189
8752,1035.7132
8753,1035.7139
8754,1035.7194
8755,1035.7226
8756,1035.7247
8757,1035.7199
8758,1035.7259
8759,1035.7206
8760,1035.7238
8761,1035.7269
8762,1035.7211
8763,1035.7293
8764,1035.7320
8765,1035.7329
8766,1035.7339
8767,1035.7348
8768,1035.7279
8769,1035.7284
8770,1035.7304
8771,1038.9362
8772,1038.9385
8773,1038.9406
8774,1038.9416
8775,1038.9397
8776,1038.9374
8777,1035.7356
8778,1035.7363
8779,1038.9443
8780,1038.9471
8781,1038.9420
8782,1038.9484
8783,1038.9493
8784,1038.9461
8785,1038.9427
8786,1038.9433
8787,1038.9449
8788,1038.9497
8789,1038.9572
8790,1038.9549
8791,1038.9508
8792,1038.9503
8793,1038.9524
8794,1038.9512
8795,1038.9561
8796,1038.9540
8797,1038.9577
8798,1038.9582
8799,1038.9586
8800,1038.9593
8801,1038.9599
8802,1038.9605
8803,1038.9609
8804,1038.9614
8805,1038.9638
8806,1038.9618
8807,1038.9624
8808,1042.3481
8809,1042.3492
8810,1038.9629
8811,1042.3502
8812,1042.3513
8813,1042.3534
8814,1042.3470
8815,1042.3544
8816,1042.3519
8817,1042.3563
8818,1042.3572
8819,1042.3582
8820,1042.3591
8821,1042.3549
8822,1042.3621
8823,1042.3553
8824,1042.3611
8825,1042.3640
8826,1042.3649
8827,1042.3597
8828,1042.3601
8829,1042.3658
8830,1042.3625
8831,1042.3630
8832,1042.3678
8833,1042.3687
8834,1042.3662
8835,1042.3669
8836,1042.3697
8837,1042.3706
8838,1042.3721
8839,1042.3730
8840,1045.5181
8841,1042.3734
8842,1045.5204
8843,1045.5215
8844,1045.5224
8845,1042.3740
8846,1042.3747
8847,1045.5234
8848,1045.5188
8849,1045.5194
8850,1045.5238
8851,1045.5243
8852,1045.5273
8853,1045.5248
8854,1045.5293
8855,1045.5302
8856,1045.5253
8857,1045.5259
8858,1045.5264
8859,1045.5283
8860,1045.5327
8861,1045.5336
8862,1045.5306
8863,1045.5371
8864,1045.5312
8865,1045.5353
8866,1045.5317
8867,1045.5362
8868,1045.5342
8869,1045.5405
8870,1045.5418
8871,1045.5376
8872,1045.5381
8873,1045.5386
8874,1048.5612
8875,1045.5391
8876,1045.5396
8877,1048.5645
8878,1048.5654
8879,1048.5666
8880,1045.5426
8881,1048.5635
8882,1048.5618
8883,1048.5690
8884,1048.5624
8885,1048.5719
8886,1048.5670
8887,1048.5728
8888,1048.5675
8889,1048.5680
8890,1048.5707
8891,1048.5755
8892,1048.5695
8893,1048.5776
8894,1048.5734
8895,1048.5785
8896,1048.5739
8897,1048.5744
8898,1048.5765
8899,1048.5814
8900,1048.5824
8901,1048.5790
8902,1048.5795
8903,1048.5799
8904,1048.5839
8905,1048.5804
8906,1048.5850
8907,1048.5830
8908,1051.5475
8909,1051.5446
8910,1051.5456
8911,1051.5465
8912,1051.5425
8913,1051.5490
8914,1051.5502
8915,1051.5436
8916,1051.5533
8917,1051.5480
8918,1051.5542
8919,1051.5552
8920,1051.5522
8921,1051.5507
8922,1051.5582
8923,1051.5512
8924,1055.1008
8925,1055.1019
8926,1051.5562
8927,1051.5567
8928,1051.5557
8929,1051.5571
8930,1055.1048
8931,1055.1111
8932,1055.1024
8933,1055.1029
8934,1055.1034
8935,1055.1038
8936,1055.1134
8937,1055.1145
8938,1055.1117
8939,1055.1163
8940,1055.1122
8941,1055.1172
8942,1055.1182
8943,1055.1191
8944,1055.1220
8945,1055.1235
8946,1055.1152
8947,1055.1196
8948,1055.1249
8949,1055.1201
8950,1055.1206
8951,1055.1210
8952,1055.1274
8953,1055.1283
8954,1055.1292
8955,1055.1239
8956,1055.1318
8957,1055.1254
8958,1055.1259
8959,1055.1263
8960,1054.6065
8961,1057.7121
8962,1057.7111
8963,1054.6075
8964,1057.7166
8965,1057.7143
8966,1057.7098
8967,1057.7154
8968,1057.7131
8969,1057.7189
8970,1057.7201
8971,1057.7211
8972,1057.7241
8973,1057.7171
8974,1057.7250
8975,1057.7176
8976,1057.7230
8977,1057.7216
8978,1057.7283
8979,1057.7220
8980,1057.7255
8981,1057.7306
8982,1057.7260
8983,1057.7269
8984,1057.7264
8985,1057.7292
8986,1057.7327
8987,1057.7342
8988,1057.7351
8989,1057.7310
8990,1061.1080
8991,1061.1127
8992,1061.1069
8993,1057.7316
8994,1057.7362
8995,1061.1098
8996,1057.7370
8997,1061.1109
8998,1061.1086
8999,1061.1133
9000,1066.2369
9001,1066.2377
9002,1066.2397
9003,1066.2383
9004,1066.2422
9005,1066.2432
9006,1066.2456
9007,1066.2446
9008,1066.2388
9009,1066.2413
9010,1066.2403
9011,1066.2484
9012,1066.2462
9013,1066.2516
9014,1066.2467
9015,1066.2525
9016,1066.2505
9017,1066.2472
9018,1066.2535
9019,1066.2489
9020,1066.2495
9021,1066.2563
9022,1069.7550
9023,1069.7559
9024,1066.2540
9025,1069.7527
9026,1066.2546
9027,1066.2552
9028,1069.7540
9029,1069.7592
9030,1069.7565
9031,1069.7571
9032,1069.7577
9033,1069.7619
9034,1069.7629
9035,1069.7638
9036,1069.7582
9037,1069.7669
9038,1069.7598
9039,1069.7660
9040,1069.7604
9041,1069.7717
9042,1069.7701
9043,1069.7644
9044,1069.7649
9045,1069.7746
9046,1069.7674
9047,1069.7681
9048,1069.7691
9049,1069.7789
9050,1069.7799
9051,1069.7723
9052,1069.7736
9053,1069.7754
9054,1069.7760
9055,1069.7774
9056,1069.7768
9057,1069.7804
9058,1072.8035
9059,1069.7810
9060,1069.7819
9061,1072.8063
9062,1072.8075
9063,1069.7826
9064,1069.7831
9065,1072.8053
9066,1072.8042
9067,1072.8108
9068,1072.8118
9069,1072.8080
9070,1072.8155
9071,1072.8091
9072,1072.8135
9073,1072.8145
9074,1072.8096
9075,1072.8180
9076,1072.8124
9077,1072.8190
9078,1072.8231
9079,1072.8170
9080,1072.8160
9081,1072.8212
9082,1072.8221
9083,1072.8258
9084,1072.8195
9085,1072.8201
9086,1072.8239
9087,1072.8298
9088,1072.8248
9089,1072.8309
9090,1072.8286
9091,1072.8263
9092,1075.9178
9093,1075.9188
9094,1072.8274
9095,1075.9165
9096,1075.9207
9097,1075.9216
9098,1075.9226
9099,1075.9237
9100,1075.9267
9101,1075.9279
9102,1075.9289
9103,1075.9197
9104,1075.9243
9105,1075.9248
9106,1075.9253
9107,1075.9258
9108,1075.9337
9109,1075.9317
9110,1075.9347
9111,1075.9293
9112,1075.9298
9113,1075.9303
9114,1075.9307
9115,1075.9328
9116,1075.9352
9117,1075.9392
9118,1075.9363
9119,1078.9731
9120,1078.9721
9121,1078.9708
9122,1075.9368
9123,1075.9383
9124,1078.9753
9125,1075.9402
9126,1075.9408
9127,1078.9788
9128,1078.9769
9129,1078.9736
9130,1078.9742
9131,1078.9779
9132,1078.9814
9133,1078.9823
9134,1078.9759
9135,1082.1921
9136,1078.9794
9137,1078.9799
9138,1078.9804
9139,1082.1909
9140,1082.1937
9141,1082.1946
9142,1082.1955
9143,1082.1926
9144,1082.1985
9145,1082.1994
9146,1082.2004
9147,1082.2013
9148,1082.1961
9149,1082.1966
9150,1082.1970
9151,1082.1975
9152,1082.2018
9153,1082.2022
9154,1082.2071
9155,1082.2052
9156,1082.2027
9157,1082.2033
9158,1082.2038
9159,1082.2082
9160,1082.2062
9161,1082.2043
9162,1082.2087
9163,1082.2120
9164,1082.2092
9165,1082.2097
9166,1082.2101
9167,1082.2106
9168,1082.2141
9169,1082.2111
9170,1082.2151
9171,1082.2126
9172,1085.6626
9173,1085.6636
9174,1085.6644
9175,1082.2131
9176,1085.6602
9177,1085.6610
9178,1085.6669
9179,1085.6615
9180,1085.6649
9181,1085.6657
9182,1085.6702
9183,1085.6662
9184,1085.6687
9185,1085.6695
9186,1085.6717
9187,1085.6674
9188,1085.6678
9189,1085.6725
9190,1085.6706
9191,1085.6758
9192,1085.6748
9193,1085.6709
9194,1085.6765
9195,1085.6730
9196,1085.6734
9197,1085.6774
9198,1085.6738
9199,1085.6812
9200,1085.6793
9201,1085.6801
9202,1085.6779
9203,1088.5540
9204,1085.6783
9205,1088.5555
9206,1088.5570
9207,1085.6827
9208,1085.6816
9209,1085.6820
9210,1088.5521
9211,1088.5579
9212,1088.5587
9213,1088.5594
9214,1088.5700
9215,1088.5638
9216,1088.0192
9217,1088.0138
9218,1088.0209
9219,1088.0225
9220,1088.0150
9221,1088.0159
9222,1088.0241
9223,1088.0311
9224,1088.0270
9225,1088.0282
9226,1088.0245
9227,1088.0291
9228,1088.0250
9229,1088.0302
9230,1088.0255
9231,1088.0317
9232,1088.0321
9233,1088.0422
9234,1088.0326
9235,1088.0330
9236,1088.0335
9237,1088.0340
9238,1091.1426
9239,1091.1441
9240,1088.0345
9241,1091.1472
9242,1091.1398
9243,1091.1501
9244,1091.1409
9245,1091.1486
9246,1091.1534
9247,1091.1450
9248,1091.1458
9249,1091.1508
9250,1091.1554
9251,1091.1515
9252,1091.1565
9253,1091.1521
9254,1091.1591
9255,1091.1600
9256,1091.1539
9257,1091.1545
9258,1091.1629
9259,1091.1570
9260,1091.1576
9261,1091.1582
9262,1091.1607
9263,1091.1614
9264,1091.1659
9265,1091.1619
9266,1091.1634
9267,1091.1639
9268,1091.1645
9269,1094.2819
9270,1091.1650
9271,1094.2837
9272,1094.2866
9273,1094.2880
9274,1094.2912
9275,1094.2896
9276,1091.1665
9277,1094.2935
9278,1094.2948
9279,1094.2845
9280,1094.2962
9281,1094.2977
9282,1094.2991
9283,1094.2921
9284,1094.3003
9285,1094.3017
9286,1094.3026
9287,1094.3035
9288,1094.3051
9289,1094.3007
9290,1094.3060
9291,1094.3069
9292,1094.3081
9293,1094.3115
9294,1094.3041
9295,1094.3126
9296,1094.3086
9297,1094.3135
9298,1094.3095
9299,1094.3100
9300,1094.3106
9301,1097.3344
9302,1097.3377
9303,1097.3361
9304,1097.3330
9305,1097.3314
9306,1097.3408
9307,1097.3422
9308,1097.3462
9309,1097.3471
9310,1097.3386
9311,1097.3451
9312,1097.3441
9313,1097.3394
9314,1097.3431
9315,1097.3491
9316,1097.3476
9317,1097.3482
9318,1097.3533
9319,1097.3544
9320,1097.3512
9321,1097.3554
9322,1097.3523
9323,1097.3581
9324,1097.3496
9325,1097.3502
9326,1097.3560
9327,1097.3617
9328,1097.3597
9329,1097.3565
9330,1097.3607
9331,1097.3587
9332,1100.7810
9333,1100.7826
9334,1100.7840
9335,1100.7922
9336,1100.7865
9337,1100.7880
9338,1100.7894
9339,1100.7908
9340,1100.7848
9341,1100.7953
9342,1100.7963
9343,1100.7984
9344,1100.7975
9345,1100.7994
9346,1100.7932
9347,1100.7939
9348,1100.7944
9349,1100.8004
9350,1100.8015
9351,1103.9790
9352,1103.9772
9353,1103.9822
9354,1100.8019
9355,1103.9836
9356,1103.9849
9357,1103.9863
9358,1103.9878
9359,1103.9807
9360,1103.9798
9361,1103.9930
9362,1103.9905
9363,1103.9885
9364,1103.9890
9365,1103.9939
9366,1103.9897
9367,1103.9950
9368,1103.9915
9369,1103.9967
9370,1103.9986
9371,1104.0015
9372,1103.9954
9373,1103.9997
9374,1104.0006
9375,1103.9959
9376,1103.9977
9377,1107.2187
9378,1107.2218
9379,1104.0020
9380,1107.2232
9381,1107.2279
9382,1107.2249
9383,1107.2264
9384,1104.0025
9385,1107.2204
9386,1107.2317
9387,1107.2286
9388,1107.2327
9389,1107.2294
9390,1107.2336
9391,1107.2346
9392,1107.2303
9393,1107.2355
9394,1107.2374
9395,1107.2383
9396,1107.2409
9397,1107.2360
9398,1107.2418
9399,1107.2428
9400,1107.2400
9401,1107.2365
9402,1107.2389
9403,1107.2456
9404,1107.2432
9405,1107.2437
9406,1107.2442
9407,1107.2446
9408,1110.4703
9409,1110.4719
9410,1110.4736
9411,1110.4769
9412,1110.4785
9413,1107.2460
9414,1110.4799
9415,1107.2466
9416,1110.4843
9417,1110.4744
9418,1110.4753
9419,1110.4807
9420,1110.4815
9421,1110.4872
9422,1110.4822
9423,1110.4829
9424,1110.4851
9425,1110.4903
9426,1110.4912
9427,1110.4859
9428,1110.4923
9429,1110.4878
9430,1110.4883
9431,1110.4888
9432,1110.4893
9433,1110.4927
9434,1110.4968
9435,1110.4932
9436,1110.4977
9437,1110.4987
9438,1110.4937
9439,1110.4947
9440,1110.4952
9441,1110.4957
9442,1113.5361
9443,1113.5375
9444,1110.4991
9445,1113.5407
9446,1110.4996
9447,1110.5001
9448,1113.5389
9449,1110.5006
9450,1113.5450
9451,1113.5477
9452,1113.5466
9453,1113.5496
9454,1113.5511
9455,1113.5429
9456,1113.5416
9457,1113.5436
9458,1113.5525
9459,1113.5481
9460,1113.5487
9461,1113.5552
9462,1113.5563
9463,1113.5573
9464,1113.5542
9465,1113.5516
9466,1113.5602
9467,1113.5611
9468,1113.5530
9469,1113.5579
9470,1113.5584
9471,1113.5654
9472,1113.0759
9473,1113.0702
9474,1116.2486
9475,1113.0729
9476,1113.0736
9477,1113.0743
9478,1113.0748
9479,1116.2461
9480,1116.2544
9481,1116.2472
9482,1116.2496
9483,1116.2560
9484,1116.2504
9485,1116.2512
9486,1116.2520
9487,1116.2529
9488,1116.2613
9489,1116.2627
9490,1116.2637
9491,1116.2568
9492,1116.2575
9493,1116.2583
9494,1116.2590
9495,1116.2597
9496,1116.2669
9497,1116.2679
9498,1116.2690
9499,1116.2641
9500,1116.2699
9501,1116.2647
9502,1116.2652
9503,1116.2658
9504,1116.2732
9505,1119.7224
9506,1119.7239
9507,1116.2704
9508,1116.2709
9509,1116.2714
9510,1116.2718
9511,1116.2723
9512,1119.7280
9513,1119.7247
9514,1119.7305
9515,1119.7322
9516,1119.7257
9517,1119.7336
9518,1119.7350
9519,1119.7265
9520,1119.7397
9521,1119.7290
9522,1119.7414
9523,1119.7359
9524,1119.7369
9525,1119.7376
9526,1119.7383
9527,1119.7424
9528,1119.7403
9529,1119.7467
9530,1119.7430
9531,1119.7436
9532,1119.7490
9533,1119.7442
9534,1119.7449
9535,1119.7453
9536,1119.7458
9537,1119.7472
9538,1119.7525
9539,1119.7478
9540,1122.7739
9541,1119.7496
9542,1122.7756
9543,1119.7502
9544,1119.7508
9545,1122.7724
9546,1122.7699
9547,1122.7709
9548,1122.7781
9549,1122.7833
9550,1122.7844
9551,1122.7854
9552,1122.7796
9553,1122.7812
9554,1122.7765
9555,1122.7822
9556,1122.7889
9557,1122.7858
9558,1122.7909
9559,1122.7918
9560,1122.7864
9561,1122.7869
9562,1122.7875
9563,1122.7880
9564,1122.7895
9565,1122.7900
9566,1125.8358
9567,1122.7923
9568,1125.8381
9569,1125.8400
9570,1125.8417
9571,1125.8434
9572,1125.8334
9573,1125.8344
9574,1125.8473
9575,1125.8367
9576,1125.8493
9577,1125.8443
9578,1125.8505
9579,1125.8516
9580,1125.8451
9581,1125.8459
9582,1125.8537
9583,1125.8481
9584,1129.1947
9585,1129.1965
9586,1129.1981
9587,1129.1994
9588,1125.8522
9589,1125.8527
9590,1129.2051
9591,1129.2037
9592,1129.2006
9593,1129.2086
9594,1129.2015
9595,1129.2103
9596,1129.2114
9597,1129.2023
9598,1129.2058
9599,1129.2068
9600,1129.2142
9601,1129.2121
9602,1129.2177
9603,1129.2127
9604,1129.2188
9605,1129.2158
9606,1129.2132
9607,1129.2167
9608,1129.2222
9609,1129.2147
9610,1129.2242
9611,1129.2193
9612,1129.2198
9613,1129.2203
9614,1129.2207
9615,1129.2212
9616,1129.2227
9617,1129.2278
9618,1129.2246
9619,1129.2251
9620,1129.2255
9621,1129.2260
9622,1129.2269
9623,1132.2879
9624,1129.2265
9625,1132.2842
9626,1132.2850
9627,1132.2857
9628,1132.2864
9629,1132.2918
9630,1132.2933
9631,1132.2888
9632,1132.2960
9633,1132.2895
9634,1132.2903
9635,1132.2974
9636,1132.2991
9637,1132.3011
9638,1132.3065
9639,1132.2940
9640,1132.3021
9641,1132.3037
9642,1132.3046
9643,1132.3055
9644,1132.3000
9645,1132.3094
9646,1132.3123
9647,1132.3134
9648,1132.3069
9649,1132.3074
9650,1132.3114
9651,1132.3079
9652,1132.3084
9653,1132.3098
9654,1132.3138
9655,1135.3989
9656,1135.3939
9657,1135.3949
9658,1135.4017
9659,1135.3956
9660,1135.4031
9661,1135.3963
9662,1135.3975
9663,1135.3996
9664,1135.4003
9665,1135.4077
9666,1135.4038
9667,1135.4046
9668,1135.4112
9669,1135.4124
9670,1135.4053
9671,1135.4138
9672,1135.4061
9673,1135.4085
9674,1135.4092
9675,1135.4099
9676,1135.4163
9677,1135.4142
9678,1135.4154
9679,1135.4202
9680,1135.4149
9681,1135.4173
9682,1135.4182
9683,1135.4192
9684,1138.6466
9685,1138.6484
9686,1138.6497
9687,1135.4206
9688,1138.6528
9689,1138.6544
9690,1135.4217
9691,1138.6558
9692,1138.6595
9693,1138.6506
9694,1138.6514
9695,1138.6608
9696,1138.6640
9697,1138.6565
9698,1138.6573
9699,1138.6580
9700,1138.6615
9701,1138.6622
9702,1138.6670
9703,1138.6629
9704,1138.6689
9705,1138.6645
9706,1138.6651
9707,1138.6655
9708,1138.6699
9709,1138.6660
9710,1138.6675
9711,1138.6680
9712,1138.6728
9713,1141.8868
9714,1138.6704
9715,1141.8891
9716,1138.6709
9717,1138.6715
9718,1141.8909
9719,1138.6719
9720,1138.6734
9721,1141.8919
9722,1141.8978
9723,1141.8958
9724,1141.8995
9725,1141.9014
9726,1141.9026
9727,1141.8936
9728,1141.3959
9729,1141.4071
9730,1141.4079
9731,1141.4085
9732,1141.4147
9733,1141.4100
9734,1141.4122
9735,1141.4158
9736,1141.4134
9737,1141.4091
9738,1141.4105
9739,1141.4110
9740,1141.4163
9741,1141.4185
9742,1144.6274
9743,1141.4171
9744,1144.6197
9745,1144.6216
9746,1144.6330
9747,1144.6240
9748,1144.6258
9749,1141.4194
9750,1144.6285
9751,1144.6309
9752,1144.6293
9753,1144.6303
9754,1144.6398
9755,1144.6336
9756,1144.6437
9757,1144.6341
9758,1144.6357
9759,1144.6371
9760,1144.6366
9761,1144.6428
9762,1144.6402
9763,1144.6473
9764,1144.6443
9765,1144.6449
9766,1144.6503
9767,1144.6518
9768,1144.6453
9769,1144.6458
9770,1144.6464
9771,1144.6554
9772,1144.6478
9773,1144.6488
9774,1144.6524
9775,1144.6532
9776,1144.6539
9777,1148.0193
9778,1148.0175
9779,1148.0237
9780,1144.6560
9781,1148.0252
9782,1148.0266
9783,1144.6570
9784,1148.0222
9785,1148.0295
9786,1148.0203
9787,1148.0329
9788,1148.0275
9789,1148.0339
9790,1148.0284
9791,1148.0349
9792,1148.0320
9793,1148.0308
9794,1148.0380
9795,1151.3070
9796,1148.0356
9797,1151.3058
9798,1148.0369
9799,1151.3081
9800,1148.0363
9801,1151.3111
9802,1151.3122
9803,1151.3156
9804,1151.3088
9805,1151.3094
9806,1151.3101
9807,1151.3165
9808,1151.3146
9809,1151.3130
9810,1151.3135
9811,1151.3191
9812,1151.3171
9813,1151.3176
9814,1151.3182
9815,1151.3247
9816,1151.3218
9817,1151.3227
9818,1151.3238
9819,1151.3196
9820,1151.3202
9821,1151.3286
9822,1151.3209
9823,1151.3263
9824,1151.3255
9825,1151.3340
9826,1151.3350
9827,1151.3272
9828,1151.3321
9829,1151.3292
9830,1151.3299
9831,1154.4332
9832,1154.4320
9833,1151.3363
9834,1154.4359
9835,1151.3371
9836,1151.3379
9837,1151.3393
9838,1154.4349
9839,1154.4339
9840,1154.4389
9841,1154.4400
9842,1154.4439
9843,1154.4365
9844,1154.4419
9845,1154.4372
9846,1154.4378
9847,1154.4428
9848,1154.4407
9849,1154.4484
9850,1154.4445
9851,1154.4451
9852,1154.4456
9853,1154.4462
9854,1154.4498
9855,1154.4468
9856,1154.4474
9857,1154.4519
9858,1154.4489
9859,1154.4530
9860,1154.4540
9861,1154.4549
9862,1154.4504
9863,1154.4572
9864,1154.4509
9865,1157.5451
9866,1157.5461
9867,1154.4554
9868,1154.4559
9869,1157.5471
9870,1157.5480
9871,1157.5439
9872,1157.5506
9873,1157.5486
9874,1157.5491
9875,1157.5520
9876,1157.5530
9877,1157.5539
9878,1157.5496
9879,1157.5548
9880,1157.5511
9881,1157.5568
9882,1157.5579
9883,1157.5593
9884,1157.5621
9885,1157.5603
9886,1157.5553
9887,1157.5612
9888,1157.5558
9889,1157.5584
9890,1157.5655
9891,1157.5626
9892,1157.5680
9893,1157.5631
9894,1157.5636
9895,1157.5689
9896,1157.5641
9897,1157.5670
9898,1157.5660
9899,1160.7072
9900,1160.7100
9901,1157.5694
9902,1157.5698
9903,1157.5703
9904,1160.7052
9905,1160.7089
9906,1160.7060
9907,1160.7078
9908,1160.7105
9909,1160.7131
9910,1160.7110
9911,1160.7160
9912,1160.7116
9913,1160.7171
9914,1160.7121
9915,1160.7150
9916,1160.7180
9917,1160.7135
9918,1160.7140
9919,1160.7185
9920,1160.7189
9921,1160.7219
9922,1160.7234
9923,1160.7194
9924,1160.7199
9925,1160.7243
9926,1160.7204
9927,1160.7254
9928,1160.7209
9929,1160.7225
9930,1163.8852
9931,1163.8864
9932,1160.7259
9933,1163.8879
9934,1160.7264
9935,1160.7268
9936,1160.7273
9937,1160.7279
9938,1163.8911
9939,1163.8884
9940,1163.8931
9941,1163.8940
9942,1163.8890
9943,1163.8896
9944,1163.8921
9945,1163.8900
9946,1163.8965
9947,1163.8975
9948,1163.8945
9949,1163.8995
9950,1163.9004
9951,1163.9013
9952,1163.8950
9953,1163.8956
9954,1163.8980
9955,1163.8985
9956,1163.9036
9957,1163.9062
9958,1163.9072
9959,1163.9081
9960,1163.9018
9961,1167.0716
9962,1163.9053
9963,1163.9023
9964,1163.9041
9965,1167.1060
9966,1167.0704
9967,1167.1079
9968,1167.1089
9969,1167.1026
9970,1167.1121
9971,1167.1048
9972,1167.1131
9973,1167.1152
9974,1167.1101
9975,1167.1107
9976,1167.1095
9977,1167.1111
9978,1167.1161
9979,1167.1136
9980,1167.1142
9981,1167.1204
9982,1167.1214
9983,1167.1224
9984,1166.6228
9985,1166.6241
9986,1166.6214
9987,1166.6307
9988,1166.6318
9989,1170.1944
9990,1166.6279
9991,1166.6285
9992,1170.1931
9993,1166.6290
9994,1166.6296
9995,1170.1973
9996,1166.6323
9997,1170.1951
9998,1170.1957
9999,1170.2021
10000,1170.2000
10001,1170.2011
10002,1170.1962
10003,1170.2047
10004,1170.1979
10005,1170.1985
10006,1170.1990
10007,1170.2036
10008,1170.2026
10009,1170.2031
10010,1170.2077
10011,1173.4275
10012,1173.4299
10013,1170.2052
10014,1173.4289
10015,1170.2057
10016,1170.2062
10017,1170.2067
10018,1173.4322
10019,1173.4387
10020,1173.4356
10021,1173.4377
10022,1173.4304
10023,1173.4368
10024,1173.4339
10025,1173.4310
10026,1173.4328
10027,1173.4416
10028,1173.4393
10029,1173.4398
10030,1173.4454
10031,1173.4463
10032,1173.4404
10033,1173.4433
10034,1173.4444
10035,1173.4491
10036,1173.4501
10037,1173.4421
10038,1176.7004
10039,1173.4469
10040,1176.7018
10041,1173.4475
10042,1173.4480
10043,1176.7046
10044,1173.4508
10045,1173.4515
10046,1176.7026
10047,1176.7079
10048,1176.7032
10049,1176.7069
10050,1176.7037
10051,1176.7099
10052,1176.7108
10053,1176.7052
10054,1176.7058
10055,1176.7084
10056,1176.7137
10057,1176.7146
10058,1176.7089
10059,1176.7114
10060,1176.7120
10061,1176.7126
10062,1176.7181
10063,1176.7190
10064,1176.7209
10065,1176.7151
10066,1176.7220
10067,1176.7157
10068,1176.7162
10069,1176.7172
10070,1176.7195
10071,1176.7200
10072,1176.7225
10073,1176.7229
10074,1179.7660
10075,1176.7234
10076,1176.7239
10077,1176.7245
10078,1176.7251
10079,1179.7702
10080,1179.7683
10081,1179.7692
10082,1179.7712
10083,1179.7731
10084,1179.7722
10085,1179.7667
10086,1179.7673
10087,1179.7778
10088,1179.7758
10089,1179.7768
10090,1179.7738
10091,1179.7744
10092,1179.7748
10093,1179.7799
10094,1179.7811
10095,1179.7859
10096,1179.7830
10097,1179.7783
10098,1179.7839
10099,1179.7790
10100,1179.7850
10101,1179.7817
10102,1179.7897
10103,1179.7912
10104,1179.7922
10105,1179.7865
10106,1179.7871
10107,1179.7878
10108,1182.8245
10109,1179.7888
10110,1179.7903
10111,1182.8226
10112,1182.8233
10113,1182.8265
10114,1182.8275
10115,1182.8284
10116,1182.8321
10117,1182.8331
10118,1182.8251
10119,1182.8256
10120,1182.8311
10121,1182.8290
10122,1182.8295
10123,1182.8300
10124,1182.8336
10125,1182.8360
10126,1182.8341
10127,1182.8346
10128,1182.8377
10129,1182.8386
10130,1186.0473
10131,1182.8398
10132,1182.8350
10133,1182.8413
10134,1182.8422
10135,1182.8367
10136,1186.0461
10137,1182.8403
10138,1186.0479
10139,1186.0484
10140,1186.0518
10141,1186.0543
10142,1186.0488
10143,1186.0498
10144,1186.0493
10145,1186.0534
10146,1186.0503
10147,1186.0508
10148,1186.0523
10149,1186.0548
10150,1186.0552
10151,1186.0557
10152,1186.0562
10153,1186.0566
10154,1186.0590
10155,1186.0619
10156,1186.0571
10157,1186.0576
10158,1186.0581
10159,1186.0628
10160,1186.0600
10161,1186.0610
10162,1186.0663
10163,1189.1377
10164,1189.1388
10165,1186.0633
10166,1186.0649
10167,1186.0654
10168,1189.1366
10169,1186.0644
10170,1189.1414
10171,1189.1394
10172,1189.1441
10173,1189.1450
10174,1189.1459
10175,1189.1399
10176,1189.1425
10177,1189.1404
10178,1189.1484
10179,1189.1493
10180,1189.1465
10181,1189.1470
10182,1189.1528
10183,1189.1538
10184,1189.1474
10185,1189.1519
10186,1189.1552
10187,1189.1561
10188,1189.1498
10189,1189.1504
10190,1189.1587
10191,1189.1596
10192,1189.1578
10193,1189.1542
10194,1189.1618
10195,1189.1567
10196,1189.1627
10197,1189.1636
10198,1192.1489
10199,1189.1607
10200,1189.1602
10201,1192.1506
10202,1192.1451
10203,1192.1459
10204,1192.1548
10205,1192.1473
10206,1192.1511
10207,1192.1575
10208,1192.1516
10209,1192.1566
10210,1192.1528
10211,1192.1537
10212,1195.9917
10213,1195.9929
10214,1195.9906
10215,1195.9968
10216,1195.9940
10217,1192.1580
10218,1195.9950
10219,1195.9959
10220,1196.0003
10221,1196.0012
10222,1196.0022
10223,1195.9979
10224,1195.9973
10225,1195.9984
10226,1195.9989
10227,1195.9993
10228,1196.0026
10229,1196.0031
10230,1196.0057
10231,1196.0092
10232,1196.0036
10233,1196.0042
10234,1196.0072
10235,1196.0046
10236,1196.0083
10237,1196.0102
10238,1196.0062
10239,1200.5029
10240,1199.8610
10241,1199.8601
10242,1199.8579
10243,1199.8585
10244,1199.8619
10245,1199.8628
10246,1199.8635
10247,1199.8590
10248,1199.8639
10249,1199.8643
10250,1199.8660
10251,1199.8675
10252,1199.8648
10253,1199.8697
10254,1199.8704
10255,1199.8684
10256,1199.8651
10257,1199.8668
10258,1199.8721
10259,1199.8737
10260,1199.8746
10261,1199.8754
10262,1199.8761
10263,1199.8709
10264,1199.8730
10265,1199.8714
10266,1202.0161
10267,1202.0137
10268,1202.0171
10269,1202.0180
10270,1202.0189
10271,1202.0144
10272,1202.0151
10273,1202.0199
10274,1202.0222
10275,1202.0231
10276,1202.0204
10277,1202.0211
10278,1202.0271
10279,1202.0280
10280,1202.0246
10281,1202.0256
10282,1202.0295
10283,1202.0304
10284,1202.0237
10285,1202.0313
10286,1202.0359
10287,1202.0286
10288,1202.0340
10289,1202.0349
10290,1202.0319
10291,1202.0381
10292,1202.0391
10293,1202.0325
10294,1204.8462
10295,1204.8491
10296,1204.8451
10297,1202.0364
10298,1202.0370
10299,1204.8471
10300,1202.0396
10301,1204.8481
10302,1204.8511
10303,1204.8548
10304,1204.8495
10305,1204.8527
10306,1204.8501
10307,1204.8558
10308,1204.8539
10309,1204.8567
10310,1204.8517
10311,1204.8572
10312,1204.8599
10313,1204.8639
10314,1204.8649
10315,1204.8578
10316,1204.8610
10317,1204.8589
10318,1204.8621
10319,1204.8630
10320,1204.8654
10321,1204.8660
10322,1208.0804
10323,1208.0838
10324,1204.8665
10325,1208.0817
10326,1204.8671
10327,1204.8676
10328,1208.0827
10329,1204.8682
10330,1208.0868
10331,1208.0877
10332,1208.0886
10333,1208.0896
10334,1208.0905
10335,1208.0844
10336,1208.0851
10337,1208.0856
10338,1208.0930
10339,1208.0953
10340,1208.0963
10341,1208.0972
10342,1208.0911
10343,1208.0916
10344,1208.0921
10345,1208.0941
10346,1208.1010
10347,1208.0977
10348,1208.0987
10349,1208.1037
10350,1208.1047
10351,1208.0992
10352,1208.1026
10353,1208.0998
10354,1208.1015
10355,1211.3433
10356,1211.3445
10357,1211.3472
10358,1211.3483
10359,1211.3492
10360,1211.3507
10361,1211.3461
10362,1211.3421
10363,1211.3450
10364,1211.3519
10365,1211.3541
10366,1211.3550
10367,1211.3498
10368,1211.3524
10369,1211.3574
10370,1211.3584
10371,1211.3593
10372,1211.3530
10373,1211.3556
10374,1211.3560
10375,1211.3565
10376,1211.3613
10377,1211.3628
10378,1211.3638
10379,1211.3598
10380,1211.3659
10381,1211.3649
10382,1211.3603
10383,1211.3668
10384,1211.3619
10385,1214.6779
10386,1211.3674
10387,1211.3679
10388,1211.3683
10389,1214.6810
10390,1211.3688
10391,1211.3694
10392,1214.6800
10393,1214.6825
10394,1214.6785
10395,1214.6835
10396,1214.6790
10397,1214.6815
10398,1214.6871
10399,1214.6862
10400,1214.6882
10401,1214.6899
10402,1214.6840
10403,1214.6909
10404,1214.6845
10405,1214.6850
10406,1214.6933
10407,1214.6942
10408,1214.6887
10409,1214.6956
10410,1214.6914
10411,1214.6919
10412,1214.6923
10413,1214.6965
10414,1217.7653
10415,1214.6947
10416,1217.7640
10417,1217.7664
10418,1217.7673
10419,1217.7682
10420,1217.7692
10421,1217.7628
10422,1217.7757
10423,1217.7772
10424,1217.7748
10425,1217.7782
10426,1217.7701
10427,1217.7719
10428,1217.7723
10429,1217.7791
10430,1221.2156
10431,1221.2166
10432,1221.2146
10433,1221.2176
10434,1221.2186
10435,1221.2195
10436,1221.2204
10437,1221.2133
10438,1221.2249
10439,1221.2240
10440,1221.2230
10441,1221.2209
10442,1221.2268
10443,1221.2214
10444,1221.2219
10445,1221.2277
10446,1221.2254
10447,1221.2258
10448,1221.2307
10449,1221.2316
10450,1221.2282
10451,1221.2335
10452,1221.2287
10453,1221.2345
10454,1221.2293
10455,1221.2297
10456,1221.2321
10457,1221.2326
10458,1221.2374
10459,1224.5750
10460,1221.2349
10461,1221.2360
10462,1221.2365
10463,1224.5760
10464,1224.5729
10465,1224.5740
10466,1224.5786
10467,1224.5805
10468,1224.5814
10469,1224.5765
10470,1224.5824
10471,1224.5776
10472,1224.5770
10473,1224.5795
10474,1224.5853
10475,1224.5878
10476,1224.5888
10477,1224.5828
10478,1224.5834
10479,1224.5838
10480,1224.5843
10481,1224.5869
10482,1224.5857
10483,1224.5892
10484,1224.5922
10485,1224.5897
10486,1224.5902
10487,1224.5972
10488,1224.5907
10489,1224.5946
10490,1224.5912
10491,1224.5957
10492,1224.5926
10493,1224.5931
10494,1224.5936
10495,1224.5977
10496,1224.1528
10497,1224.1535
10498,1224.1542
10499,1227.2127
10500,1231.3364
10501,1231.3393
10502,1231.3352
10503,1231.3374
10504,1231.3327
10505,1231.3338
10506,1231.3383
10507,1231.3343
10508,1231.3398
10509,1231.3403
10510,1231.3408
10511,1231.3412
10512,1231.3437
10513,1231.3417
10514,1231.3447
10515,1231.3422
10516,1231.3428
10517,1231.3457
10518,1231.3466
10519,1231.3476
10520,1231.3491
10521,1231.3500
10522,1231.3516
10523,1231.3526
10524,1231.3535
10525,1231.3544
10526,1231.3481
10527,1231.3554
10528,1234.4119
10529,1231.3507
10530,1231.3558
10531,1231.3563
10532,1234.4141
10533,1231.3568
10534,1234.4153
10535,1231.8155
10536,1234.4126
10537,1234.4171
10538,1234.4131
10539,1234.4183
10540,1234.4214
10541,1234.4225
10542,1234.4159
10543,1234.4237
10544,1234.4283
10545,1234.4190
10546,1234.4202
10547,1234.4271
10548,1234.4313
10549,1234.4244
10550,1234.4251
10551,1234.4258
10552,1234.4290
10553,1234.4339
10554,1234.4297
10555,1234.4303
10556,1234.4319
10557,1234.4324
10558,1235.1919
10559,1234.4330
10560,1235.1908
10561,1237.4555
10562,1237.4565
10563,1234.4344
10564,1234.4352
10565,1234.4358
10566,1237.4533
10567,1237.4545
10568,1237.4539
10569,1237.4597
10570,1237.4625
10571,1237.4570
10572,1237.4635
10573,1237.4576
10574,1237.4582
10575,1237.4586
10576,1237.4616
10577,1237.4603
10578,1237.4773
10579,1237.4749
10580,1237.4783
10581,1237.4721
10582,1237.4729
10583,1237.4739
10584,1237.4735
10585,1237.4764
10586,1237.4788
10587,1237.4794
10588,1237.4824
10589,1240.6211
10590,1237.4798
10591,1237.4804
10592,1237.4809
10593,1240.6191
10594,1237.4815
10595,1240.6201
10596,1240.6179
10597,1240.6217
10598,1240.6245
10599,1240.6295
10600,1240.6263
10601,1240.6222
10602,1240.6272
10603,1240.6228
10604,1240.6284
10605,1240.6234
10606,1240.6250
10607,1240.6305
10608,1240.6300
10609,1240.6331
10610,1240.6310
10611,1240.6361
10612,1240.6371
10613,1240.6341
10614,1240.6316
10615,1240.6350
10616,1240.6321
10617,1240.6399
10618,1240.6408
10619,1240.6378
10620,1240.6383
10621,1243.7662
10622,1243.7692
10623,1243.7704
10624,1240.6389
10625,1243.7735
10626,1240.6414
10627,1243.7745
10628,1240.6420
10629,1243.7716
10630,1243.7721
10631,1243.7772
10632,1243.7725
10633,1243.7788
10634,1243.7752
10635,1243.7797
10636,1243.7757
10637,1243.7807
10638,1243.7763
10639,1243.7778
10640,1243.7833
10641,1247.4077
10642,1247.4118
10643,1247.4088
10644,1243.7812
10645,1247.4098
10646,1243.7817
10647,1247.4108
10648,1243.7838
10649,1247.4147
10650,1247.4123
10651,1247.4128
10652,1247.4137
10653,1247.4168
10654,1247.4178
10655,1247.4189
10656,1247.4133
10657,1247.4209
10658,1247.4218
10659,1247.4153
10660,1247.4158
10661,1247.4194
10662,1247.4199
10663,1247.4263
10664,1247.4254
10665,1247.4223
10666,1247.4228
10667,1247.4232
10668,1247.4274
10669,1247.4237
10670,1247.4284
10671,1247.4339
10672,1247.4300
10673,1247.4311
10674,1247.4320
10675,1247.4329
10676,1250.5759
10677,1250.5748
10678,1247.4288
10679,1247.4358
10680,1247.4344
10681,1247.4348
10682,1247.4353
10683,1250.5789
10684,1250.5824
10685,1250.5764
10686,1250.5770
10687,1250.5775
10688,1250.5805
10689,1250.5780
10690,1250.5814
10691,1250.5794
10692,1250.5828
10693,1250.5869
10694,1250.5834
10695,1250.5884
10696,1250.5840
10697,1250.5845
10698,1250.5849
10699,1250.5854
10700,1250.5859
10701,1250.5874
10702,1250.5913
10703,1250.5948
10704,1250.5929
10705,1250.5889
10706,1250.5894
10707,1250.5939
10708,1250.5899
10709,1250.5904
10710,1250.5918
10711,1250.5953
10712,1253.6477
10713,1253.6488
10714,1250.5958
10715,1250.5962
10716,1250.5967
10717,1250.5972
10718,1253.6499
10719,1250.5976
10720,1253.6527
10721,1253.6537
10722,1253.6546
10723,1253.6506
10724,1253.6512
10725,1253.6517
10726,1253.6555
10727,1253.6565
10728,1253.6598
10729,1253.6570
10730,1253.6612
10731,1253.6575
10732,1253.6621
10733,1253.6581
10734,1253.6633
10735,1253.6587
10736,1253.6603
10737,1253.6662
10738,1253.6637
10739,1253.6677
10740,1253.6643
10741,1253.6647
10742,1253.6687
10743,1253.6696
10744,1253.6652
10745,1253.6668
10746,1256.7835
10747,1256.7799
10748,1256.7867
10749,1256.7805
10750,1256.7811
10751,1256.7816
10752,1256.2616
10753,1256.2650
10754,1256.2633
10755,1256.2641
10756,1256.2665
10757,1256.2672
10758,1256.2677
10759,1256.2738
10760,1256.2709
10761,1256.2683
10762,1256.2729
10763,1256.2689
10764,1256.2695
10765,1256.2720
10766,1256.2700
10767,1256.2767
10768,1256.2778
10769,1256.2743
10770,1256.2790
10771,1256.2799
10772,1256.2750
10773,1256.2756
10774,1256.2808
10775,1259.5164
10776,1259.5207
10777,1256.2814
10778,1256.2824
10779,1259.5184
10780,1259.5218
10781,1259.5227
10782,1259.5196
10783,1259.5171
10784,1259.5254
10785,1259.5265
10786,1259.5234
10787,1259.5240
10788,1259.5245
10789,1259.5277
10790,1259.5289
10791,1259.5299
10792,1259.5338
10793,1259.5356
10794,1259.5304
10795,1259.5310
10796,1259.5317
10797,1259.5322
10798,1259.5366
10799,1259.5328
10800,1259.5344
10801,1259.5403
10802,1259.5371
10803,1259.5377
10804,1259.5382
10805,1259.5387
10806,1262.8745
10807,1259.5392
10808,1262.8733
10809,1262.8767
10810,1262.8777
10811,1259.5409
10812,1259.5415
10813,1262.8787
10814,1262.8750
10815,1262.8756
10816,1262.8816
10817,1262.8834
10818,1262.8845
10819,1262.8792
10820,1262.8856
10821,1262.8865
10822,1262.8799
10823,1262.8805
10824,1262.8822
10825,1262.8870
10826,1262.8875
10827,1262.8880
10828,1262.8887
10829,1262.8915
10830,1262.8969
10831,1262.8892
10832,1262.8948
10833,1262.8933
10834,1262.8899
10835,1262.8959
10836,1262.8905
10837,1262.8921
10838,1262.9002
10839,1262.8973
10840,1266.1068
10841,1266.1080
10842,1262.8980
10843,1262.8986
10844,1266.1089
10845,1262.8993
10846,1266.1125
10847,1266.1142
10848,1266.1162
10849,1266.1096
10850,1266.1103
10851,1266.1172
10852,1266.1108
10853,1266.1113
10854,1266.1146
10855,1266.1152
10856,1266.1186
10857,1266.1201
10858,1266.1240
10859,1266.1211
10860,1266.1176
10861,1266.1221
10862,1266.1230
10863,1266.1249
10864,1266.1191
10865,1269.5421
10866,1269.5449
10867,1266.1255
10868,1269.5459
10869,1269.5468
10870,1269.5478
10871,1266.1260
10872,1269.5439
10873,1269.5427
10874,1269.5483
10875,1269.5487
10876,1269.5492
10877,1269.5523
10878,1269.5554
10879,1269.5497
10880,1269.5535
10881,1269.5545
10882,1269.5503
10883,1269.5509
10884,1269.5514
10885,1269.5579
10886,1269.5613
10887,1269.5624
10888,1269.5560
10889,1269.5564
10890,1269.5569
10891,1269.5594
10892,1269.5604
10893,1269.5583
10894,1272.6849
10895,1269.8313
10896,1269.8319
10897,1272.6859
10898,1269.8324
10899,1272.6880
10900,1269.8329
10901,1269.8334
10902,1272.6932
10903,1272.7023
10904,1272.6913
10905,1272.6901
10906,1272.6965
10907,1272.6975
10908,1272.6994
10909,1272.7009
10910,1272.6948
10911,1272.7057
10912,1273.1230
10913,1273.1201
10914,1272.7033
10915,1273.1211
10916,1273.1221
10917,1272.7043
10918,1272.7048
10919,1272.7065
10920,1273.1235
10921,1276.0252
10922,1276.0263
10923,1276.0274
10924,1276.0283
10925,1273.1240
10926,1276.0328
10927,1273.1246
10928,1273.1251
10929,1276.0309
10930,1276.0319
10931,1276.0289
10932,1276.0294
10933,1276.0299
10934,1276.0357
10935,1276.0387
10936,1276.0368
10937,1276.0333
10938,1276.0338
10939,1276.0342
10940,1276.0347
10941,1276.0377
10942,1276.4032
10943,1279.2891
10944,1279.2860
10945,1279.2871
10946,1276.0391
10947,1279.2900
10948,1279.2880
10949,1276.0397
10950,1276.4039
10951,1279.2911
10952,1279.2931
10953,1279.2906
10954,1279.2952
10955,1279.2916
10956,1279.2977
10957,1279.2921
10958,1279.2986
10959,1279.2965
10960,1279.2937
10961,1279.2943
10962,1279.3007
10963,1279.3017
10964,1279.3026
10965,1279.3035
10966,1279.2991
10967,1279.3075
10968,1279.3065
10969,1279.2996
10970,1279.3040
10971,1279.3045
10972,1279.3100
10973,1279.3051
10974,1279.3056
10975,1279.3080
10976,1282.5406
10977,1279.3085
10978,1279.3091
10979,1282.5395
10980,1282.5421
10981,1282.5431
10982,1282.5441
10983,1279.3104
10984,1282.5456
10985,1282.5465
10986,1282.5475
10987,1282.5411
10988,1282.5497
10989,1282.5507
10990,1282.5516
10991,1282.5446
10992,1282.5540
10993,1282.5480
10994,1282.5485
10995,1282.5549
10996,1282.5521
10997,1282.5526
10998,1282.5531
10999,1282.5580
11000,1282.5554
11001,1282.5597
11002,1282.5559
11003,1282.5617
11004,1282.5569
11005,1282.5607
11006,1282.5627
11007,1282.5665
11008,1282.0495
11009,1285.2583
11010,1282.0541
11011,1282.0549
11012,1282.0560
11013,1285.2593
11014,1282.0565
11015,1285.2571
11016,1285.2625
11017,1285.2598
11018,1285.2604
11019,1285.2609
11020,1285.2640
11021,1285.2614
11022,1285.2660
11023,1285.2650
11024,1285.2674
11025,1285.2684
11026,1285.2630
11027,1285.2695
11028,1285.2717
11029,1285.2727
11030,1285.2737
11031,1285.2665
11032,1285.2762
11033,1285.2772
11034,1285.2701
11035,1285.2706
11036,1285.2795
11037,1285.2741
11038,1285.2747
11039,1285.2804
11040,1285.2778
11041,1288.3274
11042,1285.2784
11043,1288.3284
11044,1285.2810
11045,1288.3306
11046,1285.2815
11047,1288.3316
11048,1285.2821
11049,1288.3337
11050,1288.3290
11051,1288.3297
11052,1288.3347
11053,1288.3322
11054,1288.3375
11055,1288.3328
11056,1288.3364
11057,1288.3353
11058,1288.3390
11059,1288.3399
11060,1288.3422
11061,1288.3410
11062,1288.3447
11063,1288.3458
11064,1288.3437
11065,1288.3381
11066,1291.8865
11067,1291.8877
11068,1291.8886
11069,1288.3427
11070,1288.3463
11071,1291.8903
11072,1288.3470
11073,1288.3476
11074,1291.8912
11075,1291.8893
11076,1291.8922
11077,1291.8934
11078,1291.8944
11079,1291.8987
11080,1291.8966
11081,1291.8976
11082,1291.9009
11083,1291.8948
11084,1291.9029
11085,1291.8954
11086,1291.9020
11087,1291.8999
11088,1291.9055
11089,1291.8992
11090,1291.9035
11091,1291.9065
11092,1291.9040
11093,1291.9046
11094,1291.9074
11095,1291.9083
11096,1295.2355
11097,1295.2366
11098,1295.2375
11099,1291.9088
11100,1291.9093
11101,1291.9098
11102,1291.9104
11103,1291.9110
11104,1295.2407
11105,1295.2381
11106,1295.2387
11107,1295.2392
11108,1295.2428
11109,1295.2397
11110,1295.2437
11111,1295.2449
11112,1295.2412
11113,1295.2485
11114,1295.2418
11115,1295.2494
11116,1295.2454
11117,1295.2460
11118,1295.2519
11119,1295.2465
11120,1295.2470
11121,1295.2499
11122,1295.2505
11123,1295.2544
11124,1295.2509
11125,1295.2534
11126,1295.2593
11127,1295.2573
11128,1295.2562
11129,1295.2582
11130,1295.2524
11131,1298.3443
11132,1298.3454
11133,1295.2550
11134,1295.2598
11135,1298.3498
11136,1298.3477
11137,1298.3489
11138,1295.2603
11139,1298.3522
11140,1298.3460
11141,1298.3532
11142,1298.3467
11143,1298.3513
11144,1298.3503
11145,1298.3508
11146,1298.3552
11147,1298.3590
11148,1298.3537
11149,1298.3542
11150,1298.3599
11151,1298.3609
11152,1298.3568
11153,1298.3580
11154,1298.3557
11155,1298.3614
11156,1298.3618
11157,1298.3668
11158,1298.3647
11159,1298.3680
11160,1298.3623
11161,1298.3628
11162,1298.3633
11163,1298.3658
11164,1298.3637
11165,1301.7962
11166,1298.3684
11167,1301.7995
11168,1298.3689
11169,1301.8005
11170,1298.3695
11171,1301.7985
11172,1301.8014
11173,1301.7969
11174,1301.7975
11175,1301.8063
11176,1301.8024
11177,1301.8035
11178,1301.8045
11179,1301.8054
11180,1301.8105
11181,1301.8086
11182,1301.8095
11183,1301.8152
11184,1301.8068
11185,1301.8133
11186,1301.8074
11187,1301.8143
11188,1301.8111
11189,1301.8118
11190,1301.8172
11191,1301.8157
11192,1301.8193
11193,1301.8202
11194,1301.8162
11195,1301.8212
11196,1304.7916
11197,1301.8183
11198,1304.7944
11199,1304.7996
11200,1304.7955
11201,1304.7922
11202,1304.7965
11203,1304.7929
11204,1304.7934
11205,1304.7976
11206,1304.7986
11207,1304.8000
11208,1304.8005
11209,1304.8034
11210,1304.8048
11211,1304.8073
11212,1304.8010
11213,1304.8015
11214,1304.8020
11215,1304.8064
11216,1304.8025
11217,1304.8039
11218,1304.8078
11219,1304.8107
11220,1308.0616
11221,1304.8082
11222,1304.8087
11223,1308.0606
11224,1308.0593
11225,1304.8092
11226,1304.8097
11227,1308.0656
11228,1308.0621
11229,1308.0626
11230,1308.0636
11231,1308.0640
11232,1308.0631
11233,1308.0645
11234,1308.0680
11235,1308.0661
11236,1308.0701
11237,1308.0666
11238,1308.0727
11239,1308.0713
11240,1308.0671
11241,1308.0691
11242,1308.0762
11243,1308.0753
11244,1308.0793
11245,1308.0802
11246,1308.0732
11247,1308.0737
11248,1308.0741
11249,1308.0783
11250,1308.0767
11251,1308.0772
11252,1308.0821
11253,1311.2314
11254,1311.2324
11255,1311.2335
11256,1311.2287
11257,1308.0807
11258,1308.0812
11259,1311.2304
11260,1308.0826
11261,1311.2368
11262,1311.2340
11263,1311.2381
11264,1310.7275
11265,1310.7326
11266,1310.7338
11267,1310.7280
11268,1310.7288
11269,1310.7352
11270,1310.7408
11271,1310.7362
11272,1310.7314
11273,1310.7379
11274,1310.7388
11275,1310.7399
11276,1310.7342
11277,1310.7368
11278,1313.8094
11279,1313.8131
11280,1310.7413
11281,1310.7418
11282,1310.7422
11283,1310.7432
11284,1313.8110
11285,1313.8121
11286,1313.8159
11287,1313.8204
11288,1313.8137
11289,1313.8175
11290,1313.8185
11291,1313.8149
11292,1313.8143
11293,1313.8194
11294,1313.8164
11295,1313.8228
11296,1313.8210
11297,1313.8216
11298,1313.8237
11299,1313.8248
11300,1313.8260
11301,1313.8269
11302,1313.8278
11303,1317.1160
11304,1317.1140
11305,1317.1151
11306,1317.1117
11307,1317.1124
11308,1317.1129
11309,1317.1198
11310,1317.1208
11311,1317.1172
11312,1317.1235
11313,1317.1166
11314,1317.1178
11315,1317.1183
11316,1317.1188
11317,1317.1255
11318,1317.1214
11319,1317.1220
11320,1317.1266
11321,1317.1240
11322,1317.1245
11323,1317.1277
11324,1317.1286
11325,1317.1317
11326,1317.1326
11327,1317.1337
11328,1317.1356
11329,1317.1292
11330,1317.1298
11331,1317.1303
11332,1317.1308
11333,1320.4567
11334,1317.1341
11335,1317.1347
11336,1320.4612
11337,1320.4626
11338,1320.4635
11339,1317.1361
11340,1317.1368
11341,1320.4582
11342,1320.4679
11343,1320.4689
11344,1320.4644
11345,1320.4655
11346,1320.4659
11347,1320.4727
11348,1320.4669
11349,1320.4717
11350,1320.4758
11351,1320.4695
11352,1320.4747
11353,1320.4702
11354,1320.4707
11355,1320.4731
11356,1320.4736
11357,1320.4788
11358,1320.4762
11359,1320.4778
11360,1320.4768
11361,1320.4772
11362,1320.4814
11363,1320.4824
11364,1320.4834
11365,1320.4794
11366,1320.4853
11367,1320.4862
11368,1320.4799
11369,1320.4805
11370,1320.4838
11371,1323.4891
11372,1320.4844
11373,1323.4901
11374,1323.4934
11375,1323.4869
11376,1323.4923
11377,1323.4876
11378,1323.4882
11379,1323.4906
11380,1323.4955
11381,1323.4912
11382,1323.4990
11383,1323.4940
11384,1323.4969
11385,1323.4979
11386,1323.5000
11387,1323.4945
11388,1323.4960
11389,1323.5032
11390,1323.5051
11391,1323.5060
11392,1323.5010
11393,1323.5069
11394,1323.5015
11395,1323.5022
11396,1323.5042
11397,1323.5095
11398,1326.7054
11399,1326.7068
11400,1323.5074
11401,1323.5080
11402,1326.7034
11403,1323.5084
11404,1326.7045
11405,1323.5100
11406,1326.7073
11407,1326.7077
11408,1326.7122
11409,1326.7112
11410,1326.7083
11411,1326.7088
11412,1326.7093
11413,1326.7098
11414,1326.7103
11415,1326.7133
11416,1326.7161
11417,1326.7171
11418,1326.7138
11419,1326.7210
11420,1326.7180
11421,1326.7142
11422,1326.7147
11423,1326.7152
11424,1326.7196
11425,1326.7238
11426,1326.7185
11427,1326.7215
11428,1329.8822
11429,1326.7219
11430,1326.7224
11431,1326.7228
11432,1329.8812
11433,1329.8796
11434,1329.8802
11435,1329.8847
11436,1329.8873
11437,1329.8882
11438,1329.8891
11439,1329.8828
11440,1329.8863
11441,1329.8901
11442,1329.8834
11443,1329.8925
11444,1329.8906
11445,1329.8950
11446,1329.8910
11447,1329.8959
11448,1329.8941
11449,1329.8969
11450,1329.8916
11451,1329.8999
11452,1329.9008
11453,1329.8974
11454,1329.8985
11455,1329.8990
11456,1329.8979
11457,1329.9037
11458,1329.9046
11459,1333.0828
11460,1329.9013
11461,1329.9018
11462,1329.9022
11463,1333.0839
11464,1329.9027
11465,1329.9052
11466,1333.0873
11467,1333.0844
11468,1333.0849
11469,1333.0895
11470,1333.0906
11471,1333.0854
11472,1333.0859
11473,1333.0864
11474,1333.0879
11475,1333.0941
11476,1333.0884
11477,1333.0960
11478,1333.0911
11479,1333.0922
11480,1333.0917
11481,1333.0927
11482,1333.0932
11483,1333.0946
11484,1333.0951
11485,1333.0965
11486,1333.0984
11487,1333.0970
11488,1336.3598
11489,1336.3633
11490,1336.3611
11491,1336.3644
11492,1333.0975
11493,1336.3623
11494,1336.3663
11495,1333.0990
11496,1336.3648
11497,1336.3685
11498,1336.3694
11499,1336.3704
11500,1336.3654
11501,1336.3713
11502,1336.3668
11503,1336.3674
11504,1336.3734
11505,1336.3792
11506,1336.3718
11507,1336.3751
11508,1336.3724
11509,1336.3760
11510,1336.3770
11511,1336.3783
11512,1336.3740
11513,1336.3821
11514,1339.8334
11515,1339.8304
11516,1336.3811
11517,1339.8313
11518,1339.8323
11519,1339.8343
11520,1335.8905
11521,1339.3393
11522,1339.3472
11523,1339.3495
11524,1339.3514
11525,1339.3505
11526,1339.3455
11527,1339.3525
11528,1339.3484
11529,1339.3461
11530,1339.3546
11531,1339.3581
11532,1339.3592
11533,1339.3530
11534,1339.3535
11535,1339.3603
11536,1339.3560
11537,1339.3570
11538,1339.3551
11539,1339.3608
11540,1339.3638
11541,1342.5436
11542,1342.5427
11543,1339.3621
11544,1339.3612
11545,1339.3617
11546,1342.5415
11547,1339.3627
11548,1339.3642
11549,1342.5469
11550,1342.5442
11551,1342.5447
11552,1342.5499
11553,1342.5519
11554,1342.5509
11555,1342.5452
11556,1342.5459
11557,1342.5475
11558,1342.5481
11559,1342.5485
11560,1342.5523
11561,1342.5586
11562,1342.5554
11563,1342.5564
11564,1342.5528
11565,1342.5534
11566,1342.5575
11567,1342.5545
11568,1342.5539
11569,1345.7018
11570,1342.5614
11571,1342.5591
11572,1345.7027
11573,1342.5596
11574,1342.5602
11575,1345.7008
11576,1345.6996
11577,1345.7053
11578,1345.7099
11579,1345.7032
11580,1345.7038
11581,1345.7068
11582,1345.7080
11583,1345.7044
11584,1345.7090
11585,1345.7140
11586,1345.7104
11587,1345.7161
11588,1345.7109
11589,1345.7120
11590,1345.7125
11591,1345.7131
11592,1345.7114
11593,1345.7146
11594,1345.7152
11595,1345.7166
11596,1345.7187
11597,1345.7206
11598,1345.7171
11599,1345.7217
11600,1345.7177
11601,1345.7197
11602,1345.7227
11603,1348.7534
11604,1348.7513
11605,1348.7544
11606,1348.7482
11607,1348.7490
11608,1348.7524
11609,1348.7495
11610,1348.7501
11611,1348.7570
11612,1348.7549
11613,1348.7555
11614,1348.7618
11615,1348.7560
11616,1348.7587
11617,1348.7599
11618,1348.7608
11619,1348.7643
11620,1348.7576
11621,1348.7653
11622,1348.7623
11623,1348.7691
11624,1348.7629
11625,1348.7682
11626,1348.7634
11627,1348.7659
11628,1348.7664
11629,1348.7670
11630,1352.0177
11631,1352.0253
11632,1352.0195
11633,1352.0204
11634,1352.0214
11635,1352.0223
11636,1352.0233
11637,1352.0243
11638,1352.0184
11639,1352.0264
11640,1352.0258
11641,1352.0289
11642,1352.0304
11643,1352.0313
11644,1352.0323
11645,1352.0269
11646,1352.0274
11647,1352.0333
11648,1352.0279
11649,1352.0295
11650,1352.0358
11651,1352.0383
11652,1352.0392
11653,1352.0339
11654,1352.0344
11655,1352.0401
11656,1352.0373
11657,1352.0349
11658,1352.0430
11659,1355.0938
11660,1355.0954
11661,1352.0406
11662,1352.0411
11663,1352.0415
11664,1352.0420
11665,1355.0922
11666,1352.0435
11667,1355.0982
11668,1355.0964
11669,1355.1018
11670,1355.0972
11671,1355.1027
11672,1355.0992
11673,1355.1008
11674,1355.1082
11675,1355.1062
11676,1355.1072
11677,1355.1032
11678,1355.1046
11679,1355.1051
11680,1355.1037
11681,1355.1042
11682,1355.1116
11683,1355.1141
11684,1355.1087
11685,1355.1132
11686,1355.1092
11687,1355.1096
11688,1355.1101
11689,1355.1106
11690,1355.1121
11691,1358.1739
11692,1358.1788
11693,1358.1719
11694,1358.1767
11695,1358.1777
11696,1358.1725
11697,1358.1730
11698,1358.1756
11699,1358.1745
11700,1358.1821
11701,1361.4907
11702,1358.1794
11703,1361.4917
11704,1358.1800
11705,1358.1805
11706,1358.1809
11707,1361.4895
11708,1358.1826
11709,1361.4923
11710,1361.4928
11711,1361.4933
11712,1361.4952
11713,1361.4937
11714,1361.4943
11715,1361.4971
11716,1361.5023
11717,1361.4983
11718,1361.4993
11719,1361.5003
11720,1361.5014
11721,1361.4957
11722,1361.4962
11723,1361.5053
11724,1361.5028
11725,1361.5084
11726,1361.5033
11727,1361.5094
11728,1361.5038
11729,1361.5044
11730,1361.5075
11731,1361.5058
11732,1361.5064
11733,1361.5099
11734,1364.8320
11735,1361.5105
11736,1364.8352
11737,1361.5111
11738,1361.5116
11739,1364.8362
11740,1364.8342
11741,1361.5121
11742,1364.8328
11743,1364.8333
11744,1364.8367
11745,1364.8372
11746,1364.8378
11747,1364.8383
11748,1364.8416
11749,1364.8387
11750,1364.8393
11751,1364.8436
11752,1364.8426
11753,1364.8397
11754,1364.8402
11755,1364.8407
11756,1364.8466
11757,1364.8475
11758,1364.8486
11759,1364.8441
11760,1364.8446
11761,1364.8504
11762,1364.8452
11763,1364.8456
11764,1364.8490
11765,1364.8523
11766,1364.8534
11767,1364.8543
11768,1364.8495
11769,1364.8509
11770,1364.8514
11771,1368.0442
11772,1368.0454
11773,1364.8548
11774,1368.0492
11775,1364.8553
11776,1364.3520
11777,1367.5429
11778,1367.5440
11779,1367.5419
11780,1367.5488
11781,1367.5499
11782,1367.5516
11783,1367.5525
11784,1367.5456
11785,1367.5468
11786,1367.5473
11787,1367.5479
11788,1367.5504
11789,1367.5564
11790,1367.5541
11791,1367.5546
11792,1367.5575
11793,1367.5531
11794,1367.5550
11795,1367.5555
11796,1367.5585
11797,1367.5615
11798,1367.5633
11799,1367.5644
11800,1367.5589
11801,1367.5595
11802,1367.5600
11803,1367.5669
11804,1367.5605
11805,1371.0613
11806,1371.0623
11807,1367.5649
11808,1371.0587
11809,1371.0601
11810,1367.5658
11811,1371.0653
11812,1371.0665
11813,1371.0631
11814,1371.0637
11815,1371.0703
11816,1371.0683
11817,1371.0643
11818,1371.0694
11819,1371.0731
11820,1371.0741
11821,1371.0750
11822,1371.0671
11823,1371.0715
11824,1371.0709
11825,1371.0778
11826,1371.0720
11827,1371.0756
11828,1371.0762
11829,1371.0813
11830,1371.0768
11831,1371.0822
11832,1371.0800
11833,1371.0842
11834,1371.0784
11835,1371.0852
11836,1371.0790
11837,1371.0880
11838,1371.0833
11839,1371.0889
11840,1371.0827
11841,1374.2429
11842,1371.0856
11843,1371.0865
11844,1371.0871
11845,1374.2403
11846,1374.2464
11847,1374.2413
11848,1374.2419
11849,1374.2440
11850,1374.2488
11851,1374.2498
11852,1374.2446
11853,1374.2453
11854,1374.2470
11855,1374.2533
11856,1374.2523
11857,1374.2476
11858,1374.2503
11859,1374.2508
11860,1374.2564
11861,1374.2513
11862,1374.2555
11863,1374.2538
11864,1374.2582
11865,1374.2545
11866,1374.2607
11867,1374.2598
11868,1374.2639
11869,1374.2648
11870,1374.2657
11871,1374.2571
11872,1374.2613
11873,1374.2618
11874,1374.2624
11875,1374.2629
11876,1377.2885
11877,1377.2864
11878,1377.2895
11879,1374.2662
11880,1377.2904
11881,1374.2667
11882,1377.2876
11883,1377.2849
11884,1377.2934
11885,1377.2911
11886,1377.2989
11887,1377.2917
11888,1377.2959
11889,1377.2970
11890,1377.2923
11891,1377.2980
11892,1377.2940
11893,1377.2946
11894,1377.3013
11895,1377.3055
11896,1377.2995
11897,1377.3024
11898,1377.3034
11899,1377.3001
11900,1377.3064
11901,1377.3045
11902,1380.4701
11903,1380.4742
11904,1380.4714
11905,1380.4723
11906,1377.3070
11907,1380.4733
11908,1380.4680
11909,1380.4689
11910,1380.4772
11911,1380.4802
11912,1380.4747
11913,1380.4753
11914,1380.4783
11915,1380.4757
11916,1380.4793
11917,1380.4762
11918,1380.4826
11919,1380.4860
11920,1380.4870
11921,1380.4841
11922,1380.4807
11923,1380.4812
11924,1380.4850
11925,1380.4817
11926,1380.4831
11927,1383.6218
11928,1383.6258
11929,1383.6226
11930,1383.6273
11931,1383.6232
11932,1383.6282
11933,1383.6238
11934,1383.6243
11935,1383.6248
11936,1383.6263
11937,1383.6307
11938,1383.6333
11939,1383.6287
11940,1383.6343
11941,1383.6352
11942,1383.6362
11943,1383.6292
11944,1383.6323
11945,1383.6312
11946,1383.6367
11947,1386.4667
11948,1383.6372
11949,1383.6377
11950,1386.4704
11951,1386.4715
11952,1383.6382
11953,1386.4724
11954,1386.4694
11955,1386.4675
11956,1386.4744
11957,1386.4681
11958,1386.4729
11959,1386.4784
11960,1386.4764
11961,1386.4734
11962,1386.4795
11963,1386.4775
11964,1386.4749
11965,1386.4823
11966,1386.4754
11967,1386.4804
11968,1386.4800
11969,1386.4809
11970,1386.4842
11971,1386.4851
11972,1386.4814
11973,1386.4865
11974,1386.4875
11975,1386.4828
11976,1386.4833
11977,1386.4884
11978,1386.4856
11979,1386.4905
11980,1386.4914
11981,1389.7761
11982,1389.7787
11983,1389.7777
11984,1389.7746
11985,1386.4890
11986,1386.4895
11987,1386.4919
11988,1389.7815
11989,1389.7849
11990,1389.7792
11991,1389.7861
11992,1389.7827
11993,1389.7798
11994,1389.7838
11995,1389.7803
11996,1389.7882
11997,1389.7867
11998,1389.7873
11999,1389.7893
12000,1395.1882
12001,1395.1922
12002,1395.1944
12003,1395.1956
12004,1395.1892
12005,1395.1899
12006,1395.1905
12007,1395.1911
12008,1395.1934
12009,1395.1984
12010,1395.1995
12011,1395.2005
12012,1395.2016
12013,1395.1960
12014,1395.1973
12015,1395.2026
12016,1395.1967
12017,1395.2072
12018,1395.2032
12019,1395.2082
12020,1395.2043
12021,1395.2092
12022,1395.2049
12023,1395.2055
12024,1395.2060
12025,1398.3118
12026,1398.3131
12027,1398.3172
12028,1395.2099
12029,1398.3181
12030,1395.2105
12031,1395.2110
12032,1397.8263
12033,1397.8239
12034,1397.8251
12035,1397.8314
12036,1397.8287
12037,1397.8293
12038,1397.8349
12039,1397.8339
12040,1397.8298
12041,1397.8302
12042,1397.8330
12043,1397.8375
12044,1397.8319
12045,1397.8385
12046,1397.8354
12047,1397.8359
12048,1397.8409
12049,1397.8420
12050,1397.8364
12051,1397.8389
12052,1397.8394
12053,1397.8399
12054,1397.8449
12055,1397.8458
12056,1397.8425
12057,1397.8430
12058,1401.0584
12059,1397.8435
12060,1397.8440
12061,1401.0597
12062,1397.8463
12063,1397.8469
12064,1401.0625
12065,1401.0635
12066,1401.0656
12067,1401.0666
12068,1401.0603
12069,1401.0675
12070,1401.0610
12071,1401.0616
12072,1401.0641
12073,1401.0647
12074,1401.0682
12075,1401.0688
12076,1401.0693
12077,1401.0735
12078,1401.0697
12079,1401.0703
12080,1401.0749
12081,1401.0710
12082,1401.0715
12083,1401.0721
12084,1401.0726
12085,1401.0740
12086,1401.0771
12087,1401.0782
12088,1401.0754
12089,1401.0762
12090,1401.0825
12091,1401.0796
12092,1401.0806
12093,1401.0815
12094,1404.1664
12095,1401.0787
12096,1404.1634
12097,1404.1644
12098,1401.0831
12099,1401.0836
12100,1404.1654
12101,1401.0842
12102,1404.1669
12103,1404.1701
12104,1404.1674
12105,1404.1680
12106,1404.1715
12107,1404.1736
12108,1404.1726
12109,1404.1686
12110,1404.1692
12111,1404.1762
12112,1404.1752
12113,1404.1706
12114,1404.1779
12115,1404.1811
12116,1404.1742
12117,1404.1791
12118,1404.1802
12119,1407.2977
12120,1404.1839
12121,1404.1768
12122,1407.2954
12123,1407.2966
12124,1404.1817
12125,1404.1822
12126,1404.1828
12127,1407.3015
12128,1407.3034
12129,1407.2983
12130,1407.2989
12131,1407.2995
12132,1407.3001
12133,1407.3044
12134,1407.3005
12135,1407.3021
12136,1407.3050
12137,1407.3056
12138,1407.3061
12139,1407.3066
12140,1410.4970
12141,1410.4984
12142,1407.3098
12143,1407.3071
12144,1407.3077
12145,1407.3081
12146,1410.4958
12147,1407.3087
12148,1410.4988
12149,1410.4993
12150,1410.4998
12151,1410.5059
12152,1410.5022
12153,1410.5031
12154,1410.5041
12155,1410.5002
12156,1410.5008
12157,1410.5012
12158,1410.5050
12159,1410.5070
12160,1410.5065
12161,1410.5106
12162,1410.5075
12163,1410.5116
12164,1410.5081
12165,1410.5125
12166,1410.5091
12167,1410.5134
12168,1410.5096
12169,1410.5163
12170,1410.5173
12171,1413.7431
12172,1413.7442
12173,1410.5139
12174,1410.5150
12175,1410.5154
12176,1410.5144
12177,1410.5177
12178,1410.5182
12179,1413.7473
12180,1413.7493
12181,1413.7447
12182,1413.7503
12183,1413.7459
12184,1413.7454
12185,1413.7464
12186,1413.7483
12187,1413.7538
12188,1413.7508
12189,1413.7567
12190,1413.7513
12191,1413.7558
12192,1413.7523
12193,1413.7528
12194,1413.7547
12195,1413.7604
12196,1413.7595
12197,1413.7634
12198,1413.7572
12199,1413.7615
12200,1413.7577
12201,1413.7625
12202,1413.7583
12203,1417.0187
12204,1417.0215
12205,1417.0228
12206,1413.7639
12207,1417.0204
12208,1413.7645
12209,1413.7650
12210,1413.7656
12211,1417.0254
12212,1417.0284
12213,1417.0293
12214,1417.0233
12215,1417.0303
12216,1417.0239
12217,1417.0244
12218,1417.0274
12219,1417.0259
12220,1417.0309
12221,1417.0334
12222,1417.0373
12223,1417.0314
12224,1417.0382
12225,1417.0352
12226,1417.0319
12227,1417.0325
12228,1417.0362
12229,1417.0339
12230,1417.0387
12231,1417.0392
12232,1417.0406
12233,1420.4100
12234,1420.4111
12235,1420.4123
12236,1420.4132
12237,1417.0397
12238,1420.4142
12239,1420.4157
12240,1417.0412
12241,1420.4214
12242,1420.4179
12243,1420.4223
12244,1420.4147
12245,1420.4195
12246,1420.4204
12247,1420.4162
12248,1420.4168
12249,1420.4228
12250,1420.4249
12251,1420.4289
12252,1420.4299
12253,1420.4309
12254,1420.4280
12255,1420.4233
12256,1420.4269
12257,1420.4238
12258,1420.4254
12259,1420.4313
12260,1420.4324
12261,1420.4354
12262,1420.4363
12263,1420.4399
12264,1420.4374
12265,1420.4335
12266,1420.4344
12267,1420.4390
12268,1423.6378
12269,1423.6398
12270,1423.6347
12271,1423.6408
12272,1423.6356
12273,1423.6389
12274,1423.6363
12275,1423.6368
12276,1423.6441
12277,1423.6414
12278,1423.6487
12279,1423.6426
12280,1423.6466
12281,1423.6420
12282,1423.6477
12283,1423.6431
12284,1423.6446
12285,1423.6451
12286,1423.6492
12287,1423.6510
12288,1423.1470
12289,1423.1476
12290,1423.1520
12291,1423.1488
12292,1423.1550
12293,1423.1494
12294,1423.1560
12295,1423.1505
12296,1423.1540
12297,1423.1500
12298,1423.1525
12299,1423.1530
12300,1423.1564
12301,1426.3279
12302,1423.1575
12303,1423.1580
12304,1423.1569
12305,1423.1584
12306,1426.3307
12307,1426.3317
12308,1426.3327
12309,1426.3285
12310,1426.3356
12311,1426.3290
12312,1426.3346
12313,1426.3296
12314,1426.3332
12315,1426.3381
12316,1426.3390
12317,1426.3337
12318,1426.3362
12319,1426.3424
12320,1426.3366
12321,1426.3372
12322,1426.3415
12323,1426.3440
12324,1426.3396
12325,1426.3449
12326,1426.3405
12327,1426.3430
12328,1426.3470
12329,1426.3479
12330,1426.3493
12331,1426.3507
12332,1426.3516
12333,1426.3454
12334,1426.3460
12335,1426.3525
12336,1426.3498
12337,1429.4337
12338,1429.4347
12339,1429.4311
12340,1429.4368
12341,1429.4320
12342,1429.4380
12343,1429.4389
12344,1429.4326
12345,1429.4352
12346,1429.4417
12347,1429.4359
12348,1429.4431
12349,1429.4395
12350,1429.4443
12351,1429.4452
12352,1429.4402
12353,1429.4407
12354,1429.4489
12355,1429.4422
12356,1429.4458
12357,1429.4464
12358,1429.4471
12359,1429.4475
12360,1429.4516
12361,1429.4480
12362,1429.4495
12363,1432.8656
12364,1432.8622
12365,1429.4505
12366,1432.8635
12367,1432.8646
12368,1429.4522
12369,1432.8684
12370,1429.4528
12371,1432.8699
12372,1432.8662
12373,1432.8710
12374,1432.8668
12375,1432.8720
12376,1432.8674
12377,1432.8689
12378,1432.8752
12379,1432.8726
12380,1432.8736
12381,1432.8778
12382,1432.8789
12383,1432.8798
12384,1432.8742
12385,1432.8769
12386,1432.8832
12387,1432.8757
12388,1432.8841
12389,1436.3219
12390,1432.8804
12391,1436.3229
12392,1432.8815
12393,1432.8821
12394,1432.8847
12395,1436.3282
12396,1436.3268
12397,1436.3298
12398,1436.3235
12399,1436.3241
12400,1436.3248
12401,1436.3254
12402,1436.3258
12403,1436.3333
12404,1436.3287
12405,1436.3304
12406,1436.3374
12407,1436.3310
12408,1436.3316
12409,1436.3364
12410,1436.3322
12411,1436.3339
12412,1436.3343
12413,1436.3348
12414,1436.3402
12415,1436.3378
12416,1436.3384
12417,1436.3423
12418,1436.3389
12419,1436.3439
12420,1436.3450
12421,1436.3459
12422,1436.3408
12423,1439.4780
12424,1436.3414
12425,1436.3465
12426,1436.3469
12427,1439.4794
12428,1439.4805
12429,1439.4815
12430,1436.3474
12431,1439.4870
12432,1439.4837
12433,1439.4851
12434,1439.4860
12435,1439.4821
12436,1439.4827
12437,1439.4904
12438,1439.4915
12439,1439.4880
12440,1439.4875
12441,1439.4924
12442,1439.4885
12443,1439.4889
12444,1439.4894
12445,1439.4957
12446,1439.4967
12447,1439.4977
12448,1439.4948
12449,1439.4929
12450,1439.5001
12451,1439.4935
12452,1439.5010
12453,1439.5024
12454,1439.4982
12455,1439.5033
12456,1439.4987
12457,1439.4991
12458,1439.5015
12459,1442.6246
12460,1442.6257
12461,1442.6294
12462,1442.6304
12463,1442.6284
12464,1442.6226
12465,1442.6235
12466,1442.6272
12467,1442.6333
12468,1442.6343
12469,1442.6358
12470,1442.6368
12471,1442.6309
12472,1442.6314
12473,1442.6319
12474,1442.6324
12475,1442.6405
12476,1442.6347
12477,1442.6414
12478,1442.6374
12479,1442.6384
12480,1442.6378
12481,1442.6389
12482,1442.6394
12483,1442.6443
12484,1442.6453
12485,1445.7234
12486,1445.7263
12487,1442.6419
12488,1442.6424
12489,1442.6429
12490,1442.6433
12491,1442.6457
12492,1445.7253
12493,1445.7242
12494,1445.7285
12495,1445.7267
12496,1445.7272
12497,1445.7301
12498,1445.7309
12499,1445.7317
12500,1445.7277
12501,1445.7324
12502,1445.7289
12503,1445.7339
12504,1445.7293
12505,1445.7352
12506,1445.7328
12507,1445.7332
12508,1445.7359
12509,1445.7366
12510,1445.7376
12511,1445.7343
12512,1448.8872
12513,1445.7380
12514,1448.8931
12515,1448.8900
12516,1448.8941
12517,1445.7384
12518,1448.8912
12519,1448.8921
12520,1448.8881
12521,1448.8888
12522,1448.8949
12523,1448.8973
12524,1448.8983
12525,1448.8993
12526,1448.9002
12527,1448.8954
12528,1448.8959
12529,1448.8964
12530,1448.9013
12531,1448.9041
12532,1448.9018
12533,1448.9022
12534,1448.9027
12535,1448.9080
12536,1448.9060
12537,1448.9070
12538,1448.9032
12539,1448.9046
12540,1448.9097
12541,1448.9111
12542,1448.9051
12543,1452.0649
12544,1451.5664
12545,1451.5625
12546,1451.5643
12547,1448.4092
12548,1448.4123
12549,1451.5676
12550,1448.4129
12551,1451.5713
12552,1451.5682
12553,1451.5687
12554,1451.5730
12555,1451.5740
12556,1451.5692
12557,1451.5697
12558,1451.5702
12559,1451.5780
12560,1451.5770
12561,1451.5718
12562,1451.5745
12563,1451.5803
12564,1451.5750
12565,1451.5814
12566,1451.5760
12567,1451.5789
12568,1451.5785
12569,1451.5794
12570,1454.6789
12571,1451.5820
12572,1451.5826
12573,1454.6817
12574,1454.6829
12575,1454.6841
12576,1451.5831
12577,1451.5842
12578,1454.6865
12579,1454.6798
12580,1454.6805
12581,1454.6845
12582,1454.6898
12583,1454.6851
12584,1454.6886
12585,1454.6910
12586,1454.6920
12587,1454.6871
12588,1454.6931
12589,1454.6877
12590,1454.6964
12591,1454.6973
12592,1457.9950
12593,1454.6953
12594,1457.9925
12595,1457.9939
12596,1454.6936
12597,1454.6943
12598,1457.9960
12599,1454.6980
12600,1457.9966
12601,1457.9972
12602,1457.9978
12603,1457.9983
12604,1458.0022
12605,1457.9987
12606,1458.0038
12607,1458.0048
12608,1457.9993
12609,1458.0003
12610,1458.0008
12611,1458.0013
12612,1458.0075
12613,1458.0028
12614,1458.0111
12615,1458.0091
12616,1458.0100
12617,1458.0054
12618,1458.0059
12619,1458.0065
12620,1458.0080
12621,1458.0136
12622,1461.2199
12623,1458.0115
12624,1461.2162
12625,1461.2175
12626,1458.0121
12627,1458.0127
12628,1461.2187
12629,1461.2226
12630,1461.2273
12631,1461.2210
12632,1461.2243
12633,1461.2205
12634,1461.2217
12635,1461.2255
12636,1461.2264
12637,1461.2232
12638,1461.2305
12639,1461.2346
12640,1461.2328
12641,1461.2284
12642,1461.2316
12643,1461.2337
12644,1461.2290
12645,1461.2296
12646,1461.2378
12647,1461.2358
12648,1461.2352
12649,1461.2395
12650,1461.2364
12651,1461.2369
12652,1461.2407
12653,1461.2418
12654,1464.4653
12655,1461.2385
12656,1464.4639
12657,1464.4696
12658,1461.2424
12659,1464.4677
12660,1461.2429
12661,1464.4686
12662,1464.4713
12663,1464.4666
12664,1464.4660
12665,1464.4730
12666,1464.4740
12667,1464.4749
12668,1464.4758
12669,1464.4702
12670,1464.4718
12671,1464.4807
12672,1464.4798
12673,1464.4764
12674,1464.4769
12675,1464.4843
12676,1464.4775
12677,1464.4781
12678,1464.4833
12679,1464.4817
12680,1464.4812
12681,1464.4874
12682,1464.4822
12683,1464.4897
12684,1464.4848
12685,1464.4853
12686,1464.4911
12687,1464.4921
12688,1464.4857
12689,1467.6935
12690,1464.4879
12691,1467.6967
12692,1467.6957
12693,1467.6921
12694,1467.6976
12695,1467.6992
12696,1467.6948
12697,1467.7023
12698,1467.7033
12699,1467.7047
12700,1467.6998
12701,1467.7009
12702,1467.7014
12703,1467.7057
12704,1467.7003
12705,1467.7085
12706,1467.7038
12707,1467.7062
12708,1467.7110
12709,1467.7067
12710,1467.7073
12711,1467.7119
12712,1467.7100
12713,1467.7139
12714,1467.7089
12715,1467.7148
12716,1470.9621
12717,1467.7125
12718,1470.9633
12719,1467.7129
12720,1470.9608
12721,1467.7153
12722,1470.9659
12723,1467.7157
12724,1470.9638
12725,1470.9685
12726,1470.9644
12727,1470.9696
12728,1470.9675
12729,1470.9650
12730,1470.9721
12731,1470.9664
12732,1470.9738
12733,1470.9701
12734,1470.9767
12735,1470.9776
12736,1470.9707
12737,1470.9712
12738,1470.9743
12739,1470.9747
12740,1470.9752
12741,1470.9757
12742,1470.9805
12743,1470.9837
12744,1470.9781
12745,1470.9787
12746,1470.9791
12747,1470.9796
12748,1470.9819
12749,1470.9828
12750,1470.9810
12751,1470.9842
12752,1470.9847
12753,1470.9852
12754,1470.9857
12755,1470.9866
12756,1470.9861
12757,1470.9870
12758,1474.0769
12759,1470.9875
12760,1470.9879
12761,1474.0788
12762,1470.9884
12763,1474.0801
12764,1470.9890
12765,1470.9895
12766,1474.0827
12767,1474.0842
12768,1474.0778
12769,1474.0860
12770,1474.0806
12771,1474.0812
12772,1474.0817
12773,1474.0870
12774,1474.0902
12775,1474.0847
12776,1474.0892
12777,1474.0919
12778,1474.0928
12779,1474.0875
12780,1474.0937
12781,1474.0880
12782,1477.4851
12783,1477.4865
12784,1474.0906
12785,1477.4889
12786,1477.4899
12787,1477.4909
12788,1474.0942
12789,1477.4921
12790,1477.4872
12791,1477.4879
12792,1477.4952
12793,1477.4975
12794,1477.5016
12795,1477.4987
12796,1477.4996
12797,1477.4929
12798,1477.5006
12799,1477.4942
12800,1477.0005
12801,1477.0067
12802,1477.0075
12803,1477.0081
12804,1477.0086
12805,1477.0092
12806,1477.0140
12807,1477.0098
12808,1477.0104
12809,1477.0115
12810,1477.0121
12811,1477.0166
12812,1477.0126
12813,1477.0131
12814,1477.0145
12815,1480.3699
12816,1480.3684
12817,1477.0150
12818,1477.0155
12819,1480.3725
12820,1480.3736
12821,1480.3746
12822,1480.3757
12823,1480.3710
12824,1480.3705
12825,1480.3775
12826,1480.3716
12827,1480.3831
12828,1480.3763
12829,1480.3845
12830,1480.3812
12831,1480.3821
12832,1480.3803
12833,1480.3781
12834,1480.3787
12835,1480.3835
12836,1480.3873
12837,1480.3850
12838,1480.3905
12839,1480.3915
12840,1480.3896
12841,1480.3857
12842,1480.3924
12843,1480.3864
12844,1480.3878
12845,1480.3885
12846,1483.5059
12847,1483.5022
12848,1483.5035
12849,1480.3931
12850,1480.3937
12851,1480.3942
12852,1483.5045
12853,1480.3948
12854,1483.5066
12855,1483.5136
12856,1483.5078
12857,1483.5146
12858,1483.5090
12859,1483.5099
12860,1483.5108
12861,1483.5117
12862,1483.5127
12863,1483.5190
12864,1483.5151
12865,1483.5157
12866,1483.5162
12867,1483.5167
12868,1483.5205
12869,1483.5172
12870,1483.5178
12871,1483.5262
12872,1483.5234
12873,1483.5195
12874,1483.5243
12875,1483.5252
12876,1483.5217
12877,1483.5223
12878,1486.6622
12879,1486.6672
12880,1486.6603
12881,1486.6641
12882,1486.6612
12883,1486.6693
12884,1486.6652
12885,1486.6661
12886,1486.6628
12887,1486.6677
12888,1486.6682
12889,1486.6714
12890,1486.6724
12891,1486.6766
12892,1486.6698
12893,1486.6775
12894,1486.6754
12895,1486.6704
12896,1486.6743
12897,1486.6802
12898,1486.6730
12899,1486.6829
12900,1486.6782
12901,1486.6838
12902,1486.6791
12903,1486.6848
12904,1486.6820
12905,1489.8359
12906,1486.6808
12907,1486.6853
12908,1486.6859
12909,1489.8380
12910,1486.6884
12911,1486.6871
12912,1486.6877
12913,1489.8393
12914,1489.8367
12915,1489.8403
12916,1489.8372
12917,1489.8439
12918,1489.8386
12919,1489.8431
12920,1489.8422
12921,1489.8451
12922,1489.8408
12923,1489.8412
12924,1489.8460
12925,1489.8492
12926,1489.8485
12927,1489.8444
12928,1489.8475
12929,1489.8529
12930,1489.8464
12931,1489.8536
12932,1489.8521
12933,1489.8497
12934,1489.8502
12935,1489.8544
12936,1489.8506
12937,1493.2157
12938,1493.2168
12939,1493.2177
12940,1493.2187
12941,1493.2196
12942,1493.2205
12943,1493.2143
12944,1493.2235
12945,1493.2249
12946,1493.2210
12947,1493.2216
12948,1493.2221
12949,1493.2225
12950,1493.2259
12951,1493.2269
12952,1493.2240
12953,1493.2274
12954,1493.2313
12955,1493.2279
12956,1493.2334
12957,1493.2284
12958,1493.2289
12959,1493.2294
12960,1493.2298
12961,1493.2304
12962,1493.2318
12963,1493.2322
12964,1493.2339
12965,1493.2343
12966,1493.2348
12967,1493.2376
12968,1493.2353
12969,1496.4240
12970,1496.4251
12971,1493.2357
12972,1493.2362
12973,1493.2367
12974,1496.4226
12975,1496.4277
12976,1493.2381
12977,1496.4292
12978,1496.4257
12979,1496.4302
12980,1496.4312
12981,1496.4263
12982,1496.4267
12983,1496.4282
12984,1496.4341
12985,1496.4317
12986,1496.4322
12987,1496.4361
12988,1496.4371
12989,1496.4327
12990,1496.4332
12991,1496.4380
12992,1496.4346
12993,1496.4352
12994,1496.4404
12995,1496.4430
12996,1496.4385
12997,1496.4390
12998,1496.4439
12999,1496.4448
13000,1496.4395
13001,1496.4420
13002,1496.4409
13003,1496.4453
13004,1499.4481
13005,1496.4458
13006,1496.4464
13007,1499.4515
13008,1499.4503
13009,1499.4524
13010,1499.4534
13011,1499.4467
13012,1499.4487
13013,1499.4569
13014,1499.4492
13015,1499.4539
13016,1499.4544
13017,1499.4550
13018,1499.4555
13019,1499.4593
13020,1499.4560
13021,1502.7038
13022,1499.4574
13023,1502.7050
13024,1502.7060
13025,1499.4579
13026,1499.4584
13027,1502.7088
13028,1502.7098
13029,1502.7132
13030,1502.7066
13031,1502.7142
13032,1502.7120
13033,1502.7151
13034,1502.7073
13035,1502.7104
13036,1502.7109
13037,1502.7175
13038,1502.7218
13039,1502.7156
13040,1502.7190
13041,1502.7200
13042,1502.7209
13043,1502.7161
13044,1502.7165
13045,1502.7179
13046,1502.7223
13047,1502.7237
13048,1502.7228
13049,1502.7271
13050,1502.7232
13051,1502.7242
13052,1502.7246
13053,1502.7251
13054,1502.7255
13055,1502.7261
13056,1502.2232
13057,1505.6601
13058,1502.2193
13059,1505.6586
13060,1502.2199
13061,1502.2205
13062,1502.2210
13063,1502.2216
13064,1502.2237
13065,1505.6635
13066,1505.6607
13067,1505.6660
13068,1505.6650
13069,1505.6613
13070,1505.6669
13071,1505.6620
13072,1505.6625
13073,1505.6640
13074,1505.6691
13075,1505.6719
13076,1505.6730
13077,1505.6739
13078,1505.6748
13079,1505.6675
13080,1505.6680
13081,1505.6709
13082,1505.6697
13083,1505.6786
13084,1505.6754
13085,1505.6813
13086,1505.6802
13087,1505.6760
13088,1505.6765
13089,1505.6770
13090,1505.6775
13091,1508.7863
13092,1505.6790
13093,1508.7916
13094,1508.7926
13095,1508.7936
13096,1508.7885
13097,1508.7896
13098,1508.7905
13099,1508.7873
13100,1508.7959
13101,1508.8005
13102,1508.8015
13103,1508.7949
13104,1508.7943
13105,1508.7976
13106,1508.7985
13107,1508.7995
13108,1508.7965
13109,1508.8020
13110,1508.8091
13111,1508.8052
13112,1508.8027
13113,1508.8062
13114,1508.8071
13115,1508.8034
13116,1508.8082
13117,1508.8040
13118,1508.8097
13119,1508.8106
13120,1512.1841
13121,1512.1854
13122,1512.1865
13123,1512.1875
13124,1512.1884
13125,1512.1894
13126,1512.1903
13127,1512.1924
13128,1512.1934
13129,1512.1908
13130,1512.1914
13131,1512.1944
13132,1512.1959
13133,1512.2017
13134,1512.1970
13135,1512.1997
13136,1512.1975
13137,1512.1981
13138,1512.2033
13139,1512.1987
13140,1512.2008
13141,1512.2073
13142,1512.2083
13143,1512.2092
13144,1512.2062
13145,1512.2023
13146,1512.2038
13147,1512.2044
13148,1512.2051
13149,1515.5862
13150,1515.5824
13151,1515.5870
13152,1515.5837
13153,1512.2098
13154,1512.2103
13155,1515.5846
13156,1515.5854
13157,1515.5874
13158,1515.5884
13159,1515.5889
13160,1515.5879
13161,1515.5894
13162,1515.5915
13163,1515.5935
13164,1515.5898
13165,1515.5943
13166,1515.5951
13167,1515.5908
13168,1515.5903
13169,1515.5925
13170,1515.5969
13171,1515.5996
13172,1515.6004
13173,1515.5956
13174,1515.5960
13175,1515.6012
13176,1515.5981
13177,1515.5989
13178,1515.5974
13179,1515.6017
13180,1515.6052
13181,1515.6021
13182,1515.6036
13183,1515.6041
13184,1515.6027
13185,1515.6031
13186,1518.7207
13187,1515.6044
13188,1518.7182
13189,1518.7232
13190,1518.7241
13191,1518.7189
13192,1518.7195
13193,1518.7223
13194,1518.7274
13195,1518.7285
13196,1518.7212
13197,1518.7246
13198,1518.7251
13199,1518.7265
13200,1518.7256
13201,1518.7260
13202,1518.7317
13203,1518.7289
13204,1518.7294
13205,1518.7337
13206,1518.7298
13207,1518.7303
13208,1518.7327
13209,1518.7308
13210,1518.7346
13211,1518.7356
13212,1518.7365
13213,1521.7619
13214,1521.7630
13215,1521.7650
13216,1521.7641
13217,1521.7606
13218,1521.7672
13219,1518.7370
13220,1521.7683
13221,1521.7717
13222,1521.7657
13223,1521.7726
13224,1521.7662
13225,1521.7708
13226,1521.7690
13227,1521.7695
13228,1521.7758
13229,1521.7731
13230,1521.7744
13231,1521.7786
13232,1521.7737
13233,1521.7767
13234,1521.7777
13235,1521.7748
13236,1525.1461
13237,1525.1474
13238,1525.1483
13239,1525.1514
13240,1521.7791
13241,1525.1505
13242,1521.7798
13243,1521.7802
13244,1525.1489
13245,1525.1493
13246,1525.1545
13247,1525.1588
13248,1525.1560
13249,1525.1570
13250,1525.1519
13251,1525.1524
13252,1525.1529
13253,1525.1579
13254,1525.1550
13255,1525.1643
13256,1525.1594
13257,1525.1623
13258,1525.1598
13259,1525.1603
13260,1525.1608
13261,1525.1612
13262,1525.1634
13263,1525.1666
13264,1528.3312
13265,1528.3323
13266,1528.3332
13267,1528.3342
13268,1525.1648
13269,1525.1652
13270,1525.1657
13271,1528.3301
13272,1528.3346
13273,1528.3384
13274,1528.3398
13275,1528.3351
13276,1528.3356
13277,1528.3361
13278,1528.3365
13279,1528.3370
13280,1528.3374
13281,1528.3389
13282,1528.3402
13283,1528.3407
13284,1528.3441
13285,1528.3412
13286,1528.3418
13287,1528.3422
13288,1528.3427
13289,1528.3460
13290,1528.3469
13291,1528.3431
13292,1528.3487
13293,1528.3446
13294,1528.3497
13295,1528.3506
13296,1528.3451
13297,1528.3474
13298,1531.5780
13299,1528.3478
13300,1528.3511
13301,1528.3515
13302,1531.5815
13303,1528.3520
13304,1531.5805
13305,1528.3525
13306,1531.5788
13307,1531.5795
13308,1531.5842
13309,1531.5852
13310,1531.5890
13311,1531.5900
13312,1531.0874
13313,1531.0920
13314,1531.0930
13315,1531.0881
13316,1531.0910
13317,1531.0988
13318,1531.0959
13319,1531.0973
13320,1531.0964
13321,1531.0968
13322,1531.1013
13323,1531.0978
13324,1531.1024
13325,1531.0993
13326,1531.0998
13327,1531.1062
13328,1531.1003
13329,1531.1053
13330,1531.1029
13331,1531.1033
13332,1531.1087
13333,1531.1038
13334,1531.1043
13335,1534.1671
13336,1531.1067
13337,1531.1071
13338,1531.1076
13339,1534.1660
13340,1534.1648
13341,1534.1699
13342,1534.1708
13343,1534.1677
13344,1534.1740
13345,1534.1751
13346,1534.1683
13347,1534.1689
13348,1534.1731
13349,1534.1713
13350,1534.1786
13351,1534.1719
13352,1534.1757
13353,1534.1812
13354,1534.1761
13355,1534.1766
13356,1534.1774
13357,1534.1802
13358,1534.1835
13359,1534.1847
13360,1534.1790
13361,1534.1863
13362,1534.1818
13363,1534.1824
13364,1534.1872
13365,1534.1882
13366,1537.5331
13367,1537.5346
13368,1534.1852
13369,1534.1888
13370,1537.5395
13371,1534.1892
13372,1534.1898
13373,1537.5385
13374,1537.5353
13375,1537.5411
13376,1537.5361
13377,1537.5368
13378,1537.5427
13379,1537.5437
13380,1537.5459
13381,1537.5448
13382,1537.5401
13383,1537.5504
13384,1537.5493
13385,1537.5418
13386,1537.5465
13387,1537.5535
13388,1537.5470
13389,1537.5476
13390,1537.5480
13391,1537.5515
13392,1537.5510
13393,1537.5560
13394,1537.5520
13395,1537.5578
13396,1537.5588
13397,1537.5542
13398,1537.5599
13399,1537.5615
13400,1537.5548
13401,1540.6290
13402,1537.5567
13403,1540.6261
13404,1540.6268
13405,1540.6311
13406,1540.6274
13407,1540.6327
13408,1540.6280
13409,1540.6296
13410,1540.6357
13411,1540.6301
13412,1540.6368
13413,1540.6333
13414,1540.6339
13415,1540.6344
13416,1540.6411
13417,1540.6348
13418,1540.6373
13419,1540.6378
13420,1540.6383
13421,1540.6389
13422,1540.6395
13423,1540.6446
13424,1540.6416
13425,1540.6461
13426,1540.6421
13427,1540.6427
13428,1540.6431
13429,1540.6437
13430,1540.6470
13431,1540.6498
13432,1540.6450
13433,1543.8743
13434,1543.8753
13435,1540.6476
13436,1540.6483
13437,1540.6488
13438,1543.8762
13439,1543.8787
13440,1543.8780
13441,1543.8767
13442,1543.8806
13443,1543.8770
13444,1543.8829
13445,1543.8814
13446,1543.8821
13447,1543.8791
13448,1543.8856
13449,1543.8796
13450,1543.8833
13451,1543.8837
13452,1543.8841
13453,1543.8845
13454,1543.8879
13455,1543.8848
13456,1547.3206
13457,1543.8860
13458,1543.8864
13459,1547.3219
13460,1543.8868
13461,1543.8871
13462,1547.3240
13463,1543.8883
13464,1547.3225
13465,1547.3264
13466,1547.3273
13467,1547.3283
13468,1547.3230
13469,1547.3292
13470,1547.3247
13471,1547.3307
13472,1547.3254
13473,1547.3323
13474,1547.3334
13475,1547.3297
13476,1547.3343
13477,1547.3353
13478,1547.3362
13479,1547.3383
13480,1547.3312
13481,1547.3367
13482,1547.3399
13483,1547.3372
13484,1547.3408
13485,1547.3418
13486,1547.3428
13487,1547.3472
13488,1547.3463
13489,1547.3388
13490,1547.3433
13491,1547.3438
13492,1550.3506
13493,1547.3443
13494,1547.3448
13495,1550.3539
13496,1550.3487
13497,1550.3495
13498,1550.3520
13499,1550.3529
13500,1555.5157
13501,1555.5216
13502,1555.5138
13503,1555.5146
13504,1555.5175
13505,1555.5198
13506,1555.5207
13507,1555.5188
13508,1555.5163
13509,1555.5221
13510,1555.5250
13511,1555.5297
13512,1555.5278
13513,1555.5287
13514,1555.5227
13515,1555.5266
13516,1555.5233
13517,1555.5239
13518,1555.5255
13519,1555.5331
13520,1555.5302
13521,1555.5307
13522,1555.5312
13523,1558.6432
13524,1558.6446
13525,1555.5317
13526,1555.5322
13527,1555.5336
13528,1555.5341
13529,1558.6479
13530,1555.5345
13531,1558.6452
13532,1558.6491
13533,1558.6500
13534,1558.6457
13535,1558.6511
13536,1558.6467
13537,1558.6538
13538,1558.6550
13539,1558.6559
13540,1558.6583
13541,1558.6592
13542,1558.6516
13543,1558.6522
13544,1558.6526
13545,1558.6564
13546,1558.6569
13547,1558.6573
13548,1558.6597
13549,1558.6616
13550,1558.6601
13551,1558.6677
13552,1558.6637
13553,1558.6668
13554,1558.6606
13555,1558.6648
13556,1558.6658
13557,1558.6621
13558,1558.6626
13559,1561.7715
13560,1558.6682
13561,1558.6688
13562,1561.7674
13563,1561.7685
13564,1561.7660
13565,1561.7694
13566,1561.7705
13567,1561.7747
13568,1561.2655
13569,1561.2663
13570,1561.2718
13571,1561.2730
13572,1561.2696
13573,1561.2670
13574,1561.2707
13575,1561.2767
13576,1561.2758
13577,1561.2686
13578,1561.2735
13579,1561.2742
13580,1561.2784
13581,1561.2796
13582,1561.2747
13583,1561.2845
13584,1561.2807
13585,1561.2822
13586,1561.2773
13587,1561.2834
13588,1564.5376
13589,1564.5389
13590,1564.5400
13591,1561.2855
13592,1561.2850
13593,1564.5447
13594,1561.2861
13595,1564.5436
13596,1564.5461
13597,1564.5407
13598,1564.5414
13599,1564.5425
13600,1564.5420
13601,1564.5494
13602,1564.5452
13603,1564.5503
13604,1564.5524
13605,1564.5534
13606,1564.5467
13607,1564.5485
13608,1564.5473
13609,1564.5509
13610,1564.5543
13611,1564.5515
13612,1564.5575
13613,1564.5585
13614,1564.5594
13615,1564.5604
13616,1564.5554
13617,1564.5564
13618,1564.5623
13619,1564.5633
13620,1567.9965
13621,1567.9976
13622,1567.9988
13623,1564.5614
13624,1564.5609
13625,1567.9954
13626,1568.0020
13627,1568.0030
13628,1567.9993
13629,1567.9999
13630,1568.0004
13631,1568.0061
13632,1568.0010
13633,1568.0051
13634,1568.0080
13635,1568.0036
13636,1568.0123
13637,1568.0091
13638,1568.0042
13639,1568.0067
13640,1568.0111
13641,1568.0071
13642,1568.0097
13643,1568.0101
13644,1568.0148
13645,1568.0127
13646,1568.0199
13647,1568.0133
13648,1568.0189
13649,1568.0169
13650,1568.0139
13651,1568.0178
13652,1568.0153
13653,1568.0159
13654,1568.0205
13655,1568.0217
13656,1568.0211
13657,1568.0222
13658,1568.0227
13659,1571.3094
13660,1568.0231
13661,1571.3144
13662,1571.3162
13663,1571.3124
13664,1571.3134
13665,1571.3153
13666,1571.3112
13667,1571.3190
13668,1571.3100
13669,1571.3168
13670,1571.3232
13671,1571.3181
13672,1571.3175
13673,1571.3212
13674,1571.3223
13675,1571.3195
13676,1571.3201
13677,1571.3263
13678,1571.3237
13679,1574.7836
13680,1571.3245
13681,1571.3251
13682,1574.7801
13683,1574.7814
13684,1574.7825
13685,1574.7866
13686,1574.7878
13687,1574.7841
13688,1574.7846
13689,1574.7925
13690,1574.7851
13691,1574.7905
13692,1574.7916
13693,1574.7883
13694,1574.7888
13695,1574.7956
13696,1574.7893
13697,1574.7931
13698,1574.7936
13699,1574.7941
13700,1574.7982
13701,1574.7991
13702,1574.7946
13703,1574.8015
13704,1574.8006
13705,1574.7961
13706,1574.7968
13707,1574.7972
13708,1574.8040
13709,1574.8049
13710,1574.7996
13711,1574.8074
13712,1574.8020
13713,1574.8065
13714,1574.8026
13715,1574.8030
13716,1577.8744
13717,1574.8054
13718,1577.8753
13719,1577.8796
13720,1577.8727
13721,1577.8733
13722,1577.8775
13723,1577.8785
13724,1577.8758
13725,1577.8822
13726,1577.8764
13727,1577.8801
13728,1577.8806
13729,1577.8862
13730,1577.8871
13731,1577.8842
13732,1577.8853
13733,1577.8896
13734,1577.8826
13735,1577.8905
13736,1577.8831
13737,1577.8919
13738,1577.8876
13739,1577.8881
13740,1577.8886
13741,1577.8939
13742,1577.8949
13743,1577.8958
13744,1577.8910
13745,1577.8924
13746,1581.5154
13747,1581.5166
13748,1577.8929
13749,1581.5204
13750,1581.5214
13751,1581.5238
13752,1581.5226
13753,1581.5195
13754,1581.5172
13755,1581.5178
13756,1581.5183
13757,1581.5279
13758,1581.5243
13759,1581.5258
13760,1581.5248
13761,1581.5253
13762,1581.5263
13763,1581.5267
13764,1581.5312
13765,1581.5333
13766,1581.5283
13767,1581.5293
13768,1581.5288
13769,1581.5298
13770,1581.5302
13771,1581.5323
13772,1581.5369
13773,1581.5338
13774,1581.5395
13775,1581.5343
13776,1581.5347
13777,1581.5352
13778,1581.5358
13779,1581.5384
13780,1581.5373
13781,1584.4856
13782,1584.4898
13783,1581.5401
13784,1581.5406
13785,1581.5410
13786,1584.4878
13787,1584.4868
13788,1584.4889
13789,1584.4919
13790,1584.4965
13791,1584.4974
13792,1584.4903
13793,1584.4936
13794,1584.4910
13795,1584.4946
13796,1584.4955
13797,1584.4925
13798,1584.4999
13799,1584.5031
13800,1584.4980
13801,1584.5012
13802,1584.5022
13803,1584.5040
13804,1584.4985
13805,1584.4990
13806,1584.5067
13807,1587.6636
13808,1584.5045
13809,1584.5051
13810,1587.6603
13811,1587.6614
13812,1587.6626
13813,1584.5056
13814,1584.5072
13815,1587.6642
13816,1587.6647
13817,1587.6652
13818,1587.6701
13819,1587.6681
13820,1587.6657
13821,1587.6662
13822,1587.6711
13823,1587.6720
13824,1587.1469
13825,1587.1491
13826,1587.1525
13827,1587.1529
13828,1587.1535
13829,1587.1620
13830,1587.1598
13831,1587.1554
13832,1587.1564
13833,1587.1575
13834,1587.1607
13835,1587.1542
13836,1587.1587
13837,1587.1659
13838,1587.1626
13839,1587.1649
13840,1590.3519
13841,1587.1631
13842,1590.3531
13843,1587.1637
13844,1587.1643
13845,1590.3547
13846,1590.3557
13847,1590.3568
13848,1590.3583
13849,1590.3594
13850,1590.3537
13851,1590.3604
13852,1590.3613
13853,1590.3638
13854,1590.3648
13855,1590.3574
13856,1590.3664
13857,1590.3618
13858,1590.3673
13859,1590.3623
13860,1590.3629
13861,1590.3654
13862,1590.3706
13863,1590.3715
13864,1590.3679
13865,1590.3757
13866,1590.3685
13867,1590.3691
13868,1590.3697
13869,1590.3747
13870,1590.3721
13871,1590.3727
13872,1590.3738
13873,1590.3762
13874,1593.4354
13875,1590.3767
13876,1590.3773
13877,1593.4393
13878,1593.4403
13879,1590.3778
13880,1590.3784
13881,1593.4384
13882,1593.4362
13883,1593.4372
13884,1593.4436
13885,1593.4477
13886,1593.4408
13887,1593.4421
13888,1593.4414
13889,1593.4447
13890,1593.4457
13891,1593.4427
13892,1593.4466
13893,1593.4481
13894,1593.4487
13895,1597.2413
13896,1593.4494
13897,1593.4499
13898,1597.2448
13899,1593.4504
13900,1593.4510
13901,1593.4514
13902,1597.2460
13903,1597.2420
13904,1597.2431
13905,1597.2436
13906,1597.2496
13907,1597.2466
13908,1597.2541
13909,1597.2472
13910,1597.2478
13911,1597.2485
13912,1597.2520
13913,1597.2530
13914,1597.2502
13915,1597.2508
13916,1597.2574
13917,1597.2547
13918,1597.2552
13919,1597.2616
13920,1597.2558
13921,1597.2595
13922,1597.2604
13923,1597.2564
13924,1597.2579
13925,1597.2585
13926,1597.2630
13927,1600.5342
13928,1600.5292
13929,1600.5303
13930,1600.5313
13931,1600.5322
13932,1597.2621
13933,1600.5332
13934,1597.2636
13935,1600.5415
13936,1600.5377
13937,1600.5348
13938,1600.5365
13939,1600.5386
13940,1600.5354
13941,1600.5395
13942,1600.5405
13943,1600.5426
13944,1600.5421
13945,1600.5476
13946,1600.5456
13947,1600.5432
13948,1600.5487
13949,1600.5438
13950,1600.5444
13951,1600.5498
13952,1600.5467
13953,1600.5502
13954,1600.5508
13955,1600.5542
13956,1600.5513
13957,1600.5518
13958,1600.5523
13959,1600.5527
13960,1603.7029
13961,1600.5532
13962,1603.7040
13963,1603.7056
13964,1603.7066
13965,1603.7075
13966,1603.7084
13967,1600.5547
13968,1603.7104
13969,1603.7113
13970,1603.7046
13971,1603.7123
13972,1603.7089
13973,1603.7132
13974,1603.7141
13975,1603.7095
13976,1603.7161
13977,1603.7172
13978,1603.7181
13979,1603.7200
13980,1603.7218
13981,1603.7209
13982,1603.7146
13983,1603.7152
13984,1603.7186
13985,1603.7191
13986,1603.7254
13987,1603.7223
13988,1603.7228
13989,1603.7233
13990,1603.7283
13991,1603.7238
13992,1603.7274
13993,1603.7242
13994,1606.8499
13995,1603.7259
13996,1603.7264
13997,1606.8509
13998,1606.8476
13999,1606.8528
14000,1606.8483
14001,1606.8489
14002,1606.8548
14003,1606.8514
14004,1606.8558
14005,1606.8519
14006,1606.8567
14007,1606.8598
14008,1606.8533
14009,1606.8538
14010,1606.8572
14011,1606.8578
14012,1606.8582
14013,1606.8587
14014,1606.8618
14015,1606.8672
14016,1606.8633
14017,1606.8603
14018,1606.8643
14019,1606.8653
14020,1606.8663
14021,1606.8608
14022,1606.8622
14023,1606.8677
14024,1606.8705
14025,1609.8941
14026,1609.8951
14027,1609.8961
14028,1606.8681
14029,1606.8686
14030,1606.8691
14031,1606.8695
14032,1609.8930
14033,1609.9018
14034,1609.8987
14035,1609.8966
14036,1609.8997
14037,1609.8972
14038,1609.9027
14039,1609.9008
14040,1609.8978
14041,1609.9033
14042,1609.9098
14043,1609.9068
14044,1609.9059
14045,1609.9038
14046,1609.9043
14047,1609.9079
14048,1609.9089
14049,1609.9047
14050,1613.4504
14051,1609.9124
14052,1613.4472
14053,1609.9104
14054,1613.4484
14055,1613.4495
14056,1609.9109
14057,1609.9114
14058,1613.4510
14059,1613.4533
14060,1613.4564
14061,1613.4574
14062,1613.4583
14063,1613.4515
14064,1613.4545
14065,1613.4521
14066,1613.4555
14067,1613.4612
14068,1613.4633
14069,1613.4642
14070,1613.4588
14071,1613.4598
14072,1613.4593
14073,1613.4623
14074,1613.4603
14075,1613.4674
14076,1613.4703
14077,1613.4647
14078,1613.4652
14079,1613.4664
14080,1612.9756
14081,1612.9729
14082,1612.9767
14083,1616.1959
14084,1616.1981
14085,1612.9781
14086,1616.1992
14087,1612.9792
14088,1612.9786
14089,1616.1970
14090,1612.9796
14091,1616.2014
14092,1616.2051
14093,1616.2062
14094,1616.1998
14095,1616.2073
14096,1616.2030
14097,1616.2041
14098,1616.2004
14099,1616.2018
14100,1616.2078
14101,1616.2146
14102,1616.2083
14103,1616.2088
14104,1616.2118
14105,1616.2108
14106,1616.2093
14107,1616.2127
14108,1616.2137
14109,1619.4616
14110,1619.4593
14111,1619.4648
14112,1619.4600
14113,1619.4606
14114,1619.4639
14115,1619.4659
14116,1619.4669
14117,1619.4622
14118,1619.4628
14119,1619.4674
14120,1619.4680
14121,1619.4686
14122,1619.4691
14123,1619.4722
14124,1619.4696
14125,1619.4755
14126,1619.4765
14127,1619.4707
14128,1619.4702
14129,1619.4745
14130,1619.4712
14131,1619.4728
14132,1619.4734
14133,1622.6041
14134,1622.6082
14135,1622.6092
14136,1622.6061
14137,1622.6071
14138,1619.4770
14139,1619.4775
14140,1619.4781
14141,1622.6049
14142,1622.6159
14143,1622.6098
14144,1622.6131
14145,1622.6140
14146,1622.6150
14147,1622.6108
14148,1622.6114
14149,1622.6120
14150,1622.6190
14151,1622.6227
14152,1622.6165
14153,1622.6171
14154,1622.6207
14155,1622.6175
14156,1622.6218
14157,1622.6181
14158,1622.6196
14159,1622.6232
14160,1622.6238
14161,1625.8546
14162,1622.6244
14163,1622.6249
14164,1625.8570
14165,1625.8594
14166,1625.8582
14167,1622.6254
14168,1622.6265
14169,1625.8554
14170,1625.8620
14171,1625.8559
14172,1625.8600
14173,1625.8605
14174,1625.8665
14175,1625.8611
14176,1625.8646
14177,1625.8655
14178,1625.8626
14179,1625.8632
14180,1625.8690
14181,1625.8637
14182,1625.8720
14183,1625.8729
14184,1625.8671
14185,1625.8676
14186,1625.8681
14187,1625.8708
14188,1625.8696
14189,1625.8751
14190,1625.8735
14191,1625.8740
14192,1625.8767
14193,1625.8783
14194,1625.8793
14195,1625.8802
14196,1625.8812
14197,1628.6200
14198,1628.6210
14199,1625.8756
14200,1628.6173
14201,1628.6180
14202,1628.6184
14203,1628.6189
14204,1628.6230
14205,1628.6257
14206,1628.6215
14207,1628.6266
14208,1628.6220
14209,1628.6248
14210,1628.6302
14211,1628.6278
14212,1628.6237
14213,1628.6283
14214,1628.6287
14215,1628.6292
14216,1628.6325
14217,1628.6335
14218,1628.6349
14219,1628.6307
14220,1628.6359
14221,1628.6311
14222,1628.6316
14223,1628.6371
14224,1628.6340
14225,1628.6400
14226,1628.6376
14227,1628.6380
14228,1631.9607
14229,1628.6385
14230,1631.9616
14231,1628.6391
14232,1631.9596
14233,1631.9633
14234,1631.9640
14235,1631.9648
14236,1631.9678
14237,1631.9620
14238,1631.9685
14239,1631.9624
14240,1631.9669
14241,1631.9653
14242,1631.9706
14243,1631.9659
14244,1631.9690
14245,1631.9723
14246,1631.9730
14247,1631.9694
14248,1631.9715
14249,1631.9698
14250,1631.9757
14251,1631.9765
14252,1631.9772
14253,1631.9734
14254,1631.9743
14255,1631.9790
14256,1631.9739
14257,1631.9748
14258,1631.9801
14259,1631.9776
14260,1631.9814
14261,1631.9782
14262,1631.9821
14263,1635.0665
14264,1631.9794
14265,1635.0655
14266,1635.0632
14267,1635.0700
14268,1635.0639
14269,1635.0645
14270,1635.0688
14271,1635.0671
14272,1635.0763
14273,1635.0736
14274,1635.0748
14275,1635.0706
14276,1635.0712
14277,1635.0719
14278,1635.0788
14279,1635.0725
14280,1635.0810
14281,1635.0820
14282,1635.0855
14283,1635.0769
14284,1635.0776
14285,1635.0832
14286,1635.0794
14287,1635.0801
14288,1635.0837
14289,1635.0843
14290,1635.0861
14291,1635.2347
14292,1635.0867
14293,1638.2711
14294,1635.0874
14295,1638.2725
14296,1635.2327
14297,1638.2699
14298,1635.2335
14299,1638.2677
14300,1638.2686
14301,1638.2772
14302,1638.2737
14303,1638.2814
14304,1638.2745
14305,1638.2788
14306,1638.2800
14307,1638.2753
14308,1638.2759
14309,1638.2851
14310,1638.2865
14311,1638.2820
14312,1638.2826
14313,1638.2894
14314,1638.2832
14315,1638.2838
14316,1638.2905
14317,1638.2873
14318,1638.2948
14319,1638.2966
14320,1638.2881
14321,1641.4831
14322,1638.2912
14323,1638.2919
14324,1638.2927
14325,1638.2933
14326,1641.4849
14327,1638.2973
14328,1638.2981
14329,1641.4839
14330,1641.4870
14331,1641.4893
14332,1641.4903
14333,1641.4881
14334,1641.4944
14335,1641.4954
14336,1640.9882
14337,1640.9960
14338,1641.0011
14339,1640.9933
14340,1640.9942
14341,1640.9949
14342,1640.9984
14343,1640.9994
14344,1640.9999
14345,1640.9989
14346,1644.3815
14347,1644.3784
14348,1644.3827
14349,1641.0017
14350,1641.0028
14351,1644.3839
14352,1644.3795
14353,1644.3806
14354,1644.3880
14355,1644.3870
14356,1644.3844
14357,1644.3891
14358,1644.3855
14359,1644.3911
14360,1644.3849
14361,1644.3900
14362,1644.3915
14363,1644.3921
14364,1644.3927
14365,1644.3948
14366,1644.3933
14367,1644.4011
14368,1644.3964
14369,1644.3974
14370,1644.3983
14371,1644.3993
14372,1644.4002
14373,1644.3954
14374,1644.4048
14375,1644.4033
14376,1647.6896
14377,1644.4017
14378,1644.4024
14379,1644.4028
14380,1644.4038
14381,1647.6907
14382,1647.6944
14383,1644.4053
14384,1647.6914
14385,1647.6920
14386,1647.6972
14387,1647.6982
14388,1647.6926
14389,1647.6932
14390,1647.6950
14391,1647.7014
14392,1647.6956
14393,1647.6962
14394,1647.6989
14395,1647.7036
14396,1647.7047
14397,1647.6994
14398,1647.7005
14399,1647.7084
14400,1647.7020
14401,1647.7068
14402,1647.7026
14403,1647.7105
14404,1647.7053
14405,1647.7058
14406,1647.7115
14407,1647.7135
14408,1647.7126
14409,1647.7090
14410,1647.7096
14411,1650.8689
14412,1650.8700
14413,1650.8709
14414,1650.8719
14415,1650.8678
14416,1650.8739
14417,1650.8749
14418,1650.8758
14419,1650.8774
14420,1650.8783
14421,1650.8725
14422,1650.8793
14423,1650.8803
14424,1650.8852
14425,1650.8764
14426,1650.8842
14427,1650.8814
14428,1650.8820
14429,1650.8825
14430,1650.8881
14431,1650.8830
14432,1650.8896
14433,1650.8857
14434,1650.8905
14435,1650.8915
14436,1650.8864
14437,1650.8870
14438,1650.8946
14439,1650.8887
14440,1654.0782
14441,1650.8920
14442,1650.8926
14443,1654.0793
14444,1650.8932
14445,1650.8937
14446,1650.8951
14447,1650.8956
14448,1654.0826
14449,1654.0799
14450,1654.0843
14451,1654.0805
14452,1654.0853
14453,1654.0811
14454,1654.0863
14455,1654.0817
14456,1654.0832
14457,1654.0885
14458,1654.0908
14459,1654.0918
14460,1654.0928
14461,1654.0938
14462,1654.0869
14463,1654.0876
14464,1654.0897
14465,1654.0965
14466,1654.0974
14467,1654.0943
14468,1654.0983
14469,1654.0951
14470,1654.0992
14471,1654.1003
14472,1654.0955
14473,1657.3727
14474,1654.1010
14475,1657.3744
14476,1654.1016
14477,1657.3763
14478,1654.1021
14479,1657.3753
14480,1654.1027
14481,1657.3801
14482,1657.3734
14483,1657.3768
14484,1657.3772
14485,1657.3777
14486,1657.3786
14487,1657.3791
14488,1657.3782
14489,1657.3830
14490,1657.3806
14491,1657.3810
14492,1657.3860
14493,1657.3815
14494,1657.3870
14495,1657.3821
14496,1657.3851
14497,1657.3836
14498,1657.3841
14499,1657.3897
14500,1657.3874
14501,1657.3879
14502,1657.3883
14503,1657.3941
14504,1657.3922
14505,1657.3888
14506,1657.3932
14507,1657.3903
14508,1657.3912
14509,1660.5384
14510,1660.5396
14511,1660.5425
14512,1660.5413
14513,1660.5434
14514,1657.3946
14515,1660.5444
14516,1660.5454
14517,1660.5479
14518,1660.5401
14519,1660.5506
14520,1660.5517
14521,1660.5497
14522,1660.5459
14523,1660.5465
14524,1660.5470
14525,1660.5485
14526,1660.5547
14527,1660.5521
14528,1660.5566
14529,1660.5527
14530,1660.5576
14531,1660.5533
14532,1660.5538
14533,1660.5585
14534,1660.5552
14535,1660.5557
14536,1660.5596
14537,1663.9514
14538,1663.9525
14539,1663.9568
14540,1663.9537
14541,1663.9548
14542,1663.9557
14543,1663.9578
14544,1663.9620
14545,1663.9587
14546,1663.9635
14547,1663.9593
14548,1663.9603
14549,1663.9598
14550,1663.9644
14551,1663.9608
14552,1663.9625
14553,1663.9677
14554,1663.9698
14555,1663.9649
14556,1663.9653
14557,1663.9658
14558,1663.9663
14559,1663.9667
14560,1663.9689
14561,1667.1222
14562,1663.9703
14563,1663.9708
14564,1663.9712
14565,1667.1255
14566,1667.1265
14567,1663.9722
14568,1663.9717
14569,1667.1228
14570,1667.1233
14571,1667.1238
14572,1667.1244
14573,1667.1270
14574,1667.1275
14575,1667.1296
14576,1667.1280
14577,1667.1318
14578,1667.1285
14579,1667.1349
14580,1667.1328
14581,1667.1360
14582,1667.1339
14583,1667.1302
14584,1667.1308
14585,1667.1366
14586,1667.1372
14587,1667.1377
14588,1667.1398
14589,1667.1382
14590,1667.1461
14591,1667.1387
14592,1666.6458
14593,1666.6468
14594,1666.6447
14595,1666.6482
14596,1666.6521
14597,1666.6434
14598,1666.6498
14599,1669.7822
14600,1666.6504
14601,1666.6509
14602,1669.7795
14603,1669.7806
14604,1669.7843
14605,1669.7783
14606,1669.7854
14607,1669.7889
14608,1669.7827
14609,1669.7833
14610,1669.7870
14611,1669.7879
14612,1669.7860
14613,1669.7914
14614,1669.7903
14615,1669.7977
14616,1669.7952
14617,1669.7930
14618,1669.7962
14619,1669.7941
14620,1669.7893
14621,1669.7920
14622,1669.8007
14623,1669.7992
14624,1669.8027
14625,1669.7983
14626,1669.8038
14627,1669.7987
14628,1669.8053
14629,1669.7998
14630,1669.8013
14631,1669.8018
14632,1673.0751
14633,1669.8060
14634,1669.8065
14635,1673.0789
14636,1669.8071
14637,1669.8076
14638,1673.0779
14639,1669.8081
14640,1673.0758
14641,1673.0763
14642,1673.0768
14643,1673.0794
14644,1673.0799
14645,1673.0804
14646,1673.0831
14647,1673.0879
14648,1673.0843
14649,1673.0810
14650,1673.0816
14651,1673.0863
14652,1673.0854
14653,1673.0820
14654,1673.0906
14655,1673.0954
14656,1673.0884
14657,1673.0923
14658,1673.0891
14659,1673.0933
14660,1673.0897
14661,1673.0943
14662,1673.0912
14663,1673.0960
14664,1676.6834
14665,1673.0986
14666,1676.6862
14667,1676.6848
14668,1676.6871
14669,1673.0964
14670,1673.0970
14671,1673.0975
14672,1676.6878
14673,1676.6904
14674,1676.6925
14675,1676.6883
14676,1676.6934
14677,1676.6889
14678,1676.6894
14679,1676.6943
14680,1676.6915
14681,1676.6970
14682,1676.6949
14683,1676.7001
14684,1676.7011
14685,1676.6956
14686,1676.6960
14687,1676.7026
14688,1676.6992
14689,1676.6974
14690,1676.6982
14691,1676.7017
14692,1676.7074
14693,1676.7065
14694,1676.7085
14695,1676.7032
14696,1676.7038
14697,1676.7044
14698,1676.7050
14699,1676.7054
14700,1679.8603
14701,1679.8636
14702,1676.7089
14703,1679.8650
14704,1676.7099
14705,1679.8617
14706,1676.7105
14707,1679.8627
14708,1679.8681
14709,1679.8716
14710,1679.8655
14711,1679.8660
14712,1679.8666
14713,1679.8697
14714,1679.8671
14715,1679.8707
14716,1679.8686
14717,1679.8721
14718,1679.8726
14719,1679.8731
14720,1679.8772
14721,1679.8736
14722,1679.8744
14723,1679.8749
14724,1679.8754
14725,1679.8759
14726,1679.8763
14727,1679.8792
14728,1679.8811
14729,1679.8777
14730,1679.8820
14731,1679.8829
14732,1679.8782
14733,1679.8838
14734,1679.8848
14735,1679.8801
14736,1683.1258
14737,1683.1272
14738,1683.1294
14739,1679.8852
14740,1683.1304
14741,1679.8857
14742,1679.8862
14743,1683.1283
14744,1683.1335
14745,1683.1310
14746,1683.1344
14747,1683.1315
14748,1683.1354
14749,1683.1320
14750,1683.1325
14751,1683.1363
14752,1683.1392
14753,1683.1401
14754,1683.1368
14755,1683.1373
14756,1683.1421
14757,1683.1378
14758,1683.1430
14759,1683.1383
14760,1683.1451
14761,1683.1461
14762,1683.1406
14763,1683.1412
14764,1683.1475
14765,1683.1435
14766,1683.1441
14767,1683.1484
14768,1683.1465
14769,1686.8498
14770,1686.8511
14771,1686.8521
14772,1686.8554
14773,1686.8564
14774,1686.8574
14775,1686.8583
14776,1686.8544
14777,1686.8526
14778,1686.8533
14779,1686.8621
14780,1686.8588
14781,1686.8638
14782,1686.8600
14783,1686.8650
14784,1686.8594
14785,1686.8605
14786,1686.8610
14787,1686.8677
14788,1686.8626
14789,1686.8657
14790,1690.2117
14791,1686.8662
14792,1690.2093
14793,1686.8667
14794,1690.2107
14795,1686.8682
14796,1686.8687
14797,1686.8692
14798,1690.2122
14799,1690.2156
14800,1690.2128
14801,1690.2176
14802,1690.2134
14803,1690.2201
14804,1690.2139
14805,1690.2145
14806,1690.2192
14807,1690.2161
14808,1690.2166
14809,1690.2206
14810,1690.2212
14811,1690.2233
14812,1690.2265
14813,1690.2274
14814,1690.2216
14815,1690.2284
14816,1690.2246
14817,1690.2255
14818,1690.2222
14819,1690.2316
14820,1690.2289
14821,1690.2295
14822,1690.2343
14823,1690.2358
14824,1690.2301
14825,1690.2307
14826,1690.2334
14827,1693.3377
14828,1690.2322
14829,1693.3389
14830,1693.3425
14831,1690.2364
14832,1690.2371
14833,1690.2376
14834,1693.3414
14835,1693.3454
14836,1693.3396
14837,1693.3402
14838,1693.3488
14839,1693.3431
14840,1693.3498
14841,1693.3478
14842,1693.3436
14843,1693.3525
14844,1693.3460
14845,1693.3466
14846,1693.3503
14847,1693.3573
14848,1692.8392
14849,1692.8433
14850,1692.8444
14851,1692.8413
14852,1692.8418
14853,1692.8423
14854,1692.8483
14855,1692.8459
14856,1692.8465
14857,1696.0450
14858,1692.8499
14859,1692.8511
14860,1692.8471
14861,1692.8521
14862,1696.0474
14863,1692.8488
14864,1696.0461
14865,1696.0496
14866,1696.0508
14867,1696.0541
14868,1696.0519
14869,1696.0532
14870,1696.0481
14871,1696.0571
14872,1696.0486
14873,1696.0546
14874,1696.0586
14875,1696.0552
14876,1696.0557
14877,1696.0597
14878,1696.0561
14879,1696.0628
14880,1696.0618
14881,1696.0577
14882,1696.0643
14883,1696.0653
14884,1696.0601
14885,1696.0662
14886,1696.0609
14887,1696.0686
14888,1696.0696
14889,1696.0633
14890,1699.3115
14891,1696.0667
14892,1696.0672
14893,1699.3128
14894,1696.0676
14895,1696.0701
14896,1696.0706
14897,1696.0712
14898,1699.3158
14899,1699.3136
14900,1699.3184
14901,1699.3201
14902,1699.3212
14903,1699.3142
14904,1699.3149
14905,1699.3175
14906,1699.3165
14907,1699.3250
14908,1699.3218
14909,1699.3276
14910,1699.3223
14911,1699.3229
14912,1699.3266
14913,1699.3235
14914,1699.3240
14915,1699.3255
14916,1699.3309
14917,1699.3281
14918,1699.3348
14919,1699.3287
14920,1699.3330
14921,1699.3293
14922,1699.3298
14923,1699.3339
14924,1699.3315
14925,1699.3320
14926,1702.4878
14927,1702.4935
14928,1699.3355
14929,1702.4892
14930,1699.3361
14931,1702.4902
14932,1702.4943
14933,1702.5023
14934,1702.4949
14935,1702.5004
14936,1702.5044
14937,1702.5055
14938,1702.5065
14939,1702.5075
14940,1702.5011
14941,1702.5029
14942,1702.5034
14943,1702.5101
14944,1702.5112
14945,1702.5121
14946,1702.5130
14947,1702.5080
14948,1702.5086
14949,1702.5091
14950,1702.5140
14951,1702.5212
14952,1705.8031
14953,1702.5144
14954,1705.8042
14955,1702.5202
14956,1705.8052
14957,1705.8062
14958,1705.8075
14959,1705.8106
14960,1705.8079
14961,1705.8121
14962,1705.8085
14963,1705.8091
14964,1705.8131
14965,1705.8141
14966,1705.8096
14967,1705.8167
14968,1705.8112
14969,1705.8181
14970,1705.8191
14971,1705.8147
14972,1705.8153
14973,1705.8158
14974,1705.8200
14975,1705.8231
14976,1705.8172
14977,1705.8206
14978,1705.8210
14979,1705.8216
14980,1705.8260
14981,1705.8270
14982,1705.8221
14983,1708.9622
14984,1705.8236
14985,1705.8241
14986,1705.8246
14987,1705.8250
14988,1708.9643
14989,1708.9653
14990,1708.9662
14991,1708.9705
14992,1708.9682
14993,1708.9692
14994,1708.9628
14995,1708.9633
14996,1708.9720
14997,1708.9667
14998,1708.9671
14999,1708.9711
15000,1714.6991
15001,1714.7000
15002,1714.7044
15003,1714.7009
15004,1714.7016
15005,1714.7064
15006,1714.7022
15007,1714.7034
15008,1714.7054
15009,1714.7028
15010,1714.7106
15011,1714.7123
15012,1714.7096
15013,1714.7070
15014,1714.7132
15015,1714.7075
15016,1714.7080
15017,1714.7084
15018,1714.7112
15019,1714.7137
15020,1714.7142
15021,1714.7172
15022,1716.5084
15023,1716.5092
15024,1716.5066
15025,1714.7147
15026,1714.7156
15027,1714.7161
15028,1716.5076
15029,1714.7177
15030,1718.1195
15031,1718.1165
15032,1718.1176
15033,1716.5097
15034,1716.5101
15035,1718.1185
15036,1716.5105
15037,1718.1204
15038,1718.1220
15039,1718.1313
15040,1718.1274
15041,1718.1325
15042,1718.1285
15043,1718.1209
15044,1718.1295
15045,1718.1304
15046,1718.1262
15047,1718.1330
15048,1718.1394
15049,1718.1492
15050,1718.1502
15051,1718.1335
15052,1718.1411
15053,1718.1341
15054,1718.1420
15055,1718.1482
15056,1718.1400
15057,1718.1507
15058,1718.1512
15059,1721.2819
15060,1721.2732
15061,1719.5556
15062,1719.5562
15063,1719.5566
15064,1721.2808
15065,1721.2743
15066,1719.5570
15067,1721.2840
15068,1721.2865
15069,1721.2875
15070,1721.2885
15071,1721.2948
15072,1721.2856
15073,1721.2825
15074,1721.2830
15075,1721.2845
15076,1721.2953
15077,1721.2959
15078,1721.3000
15079,1721.2981
15080,1721.2964
15081,1721.3010
15082,1721.2970
15083,1721.2991
15084,1721.3020
15085,1722.8046
15086,1721.3024
15087,1721.3030
15088,1721.3035
15089,1721.3039
15090,1721.3044
15091,1724.7640
15092,1721.3048
15093,1724.7671
15094,1724.7680
15095,1724.7620
15096,1724.7651
15097,1724.7661
15098,1724.7627
15099,1724.7717
15100,1724.7727
15101,1724.7685
15102,1724.7745
15103,1724.7703
15104,1724.2846
15105,1724.2852
15106,1724.2863
15107,1724.2916
15108,1724.2888
15109,1724.2925
15110,1724.2974
15111,1724.2983
15112,1724.2951
15113,1724.2962
15114,1724.2906
15115,1724.2930
15116,1724.2935
15117,1724.2939
15118,1724.2997
15119,1724.3002
15120,1724.2988
15121,1724.2992
15122,1724.3007
15123,1724.3011
15124,1727.0255
15125,1724.3016
15126,1724.3021
15127,1727.0273
15128,1724.3030
15129,1724.3025
15130,1724.3035
15131,1724.3039
15132,1727.0295
15133,1727.0262
15134,1727.0305
15135,1727.0348
15136,1727.0325
15137,1727.0336
15138,1727.0280
15139,1727.0286
15140,1727.0309
15141,1727.0373
15142,1727.0383
15143,1727.0423
15144,1727.0353
15145,1727.0404
15146,1727.0358
15147,1727.0364
15148,1727.0413
15149,1727.0455
15150,1727.0388
15151,1727.0429
15152,1727.0485
15153,1727.0475
15154,1727.0433
15155,1727.0439
15156,1727.0444
15157,1730.1388
15158,1727.0459
15159,1727.0465
15160,1730.1414
15161,1730.1366
15162,1730.1373
15163,1730.1423
15164,1730.1378
15165,1730.1395
15166,1730.1399
15167,1730.1405
15168,1730.1429
15169,1730.1464
15170,1730.1480
15171,1730.1434
15172,1730.1439
15173,1730.1444
15174,1730.1448
15175,1730.1489
15176,1730.1453
15177,1730.1470
15178,1730.1515
15179,1730.1494
15180,1730.1536
15181,1730.1546
15182,1730.1500
15183,1730.1555
15184,1730.1506
15185,1730.1525
15186,1733.2813
15187,1733.2825
15188,1733.2869
15189,1733.2900
15190,1733.2882
15191,1733.2891
15192,1733.2848
15193,1733.2858
15194,1733.2831
15195,1733.2936
15196,1733.2946
15197,1733.2955
15198,1733.2912
15199,1733.2965
15200,1733.2907
15201,1733.2922
15202,1733.2927
15203,1733.2986
15204,1733.2969
15205,1733.3025
15206,1733.3034
15207,1733.3043
15208,1733.3005
15209,1733.3016
15210,1733.2975
15211,1736.4970
15212,1733.2993
15213,1736.5010
15214,1733.3062
15215,1733.3067
15216,1736.4989
15217,1733.3054
15218,1736.5001
15219,1736.5052
15220,1736.4977
15221,1736.5016
15222,1736.5022
15223,1736.5035
15224,1736.5028
15225,1736.5042
15226,1736.5086
15227,1736.5058
15228,1736.5123
15229,1736.5064
15230,1736.5109
15231,1736.5070
15232,1736.5097
15233,1736.5076
15234,1736.5139
15235,1736.5150
15236,1736.5128
15237,1739.8418
15238,1739.8427
15239,1739.8437
15240,1739.8407
15241,1739.8447
15242,1739.8471
15243,1739.8480
15244,1739.8577
15245,1739.8598
15246,1739.8608
15247,1739.8457
15248,1739.8452
15249,1739.8462
15250,1739.8583
15251,1739.8588
15252,1739.8637
15253,1739.8613
15254,1739.8619
15255,1739.8623
15256,1739.8670
15257,1739.8628
15258,1739.8680
15259,1739.8661
15260,1739.8643
15261,1739.8703
15262,1739.8647
15263,1739.8652
15264,1739.8721
15265,1739.8684
15266,1739.8689
15267,1739.8731
15268,1739.8693
15269,1739.8707
15270,1739.8759
15271,1739.8712
15272,1739.8735
15273,1742.9043
15274,1739.8740
15275,1739.8745
15276,1739.8749
15277,1742.9033
15278,1742.9011
15279,1742.9017
15280,1742.9023
15281,1742.9048
15282,1742.9072
15283,1742.9082
15284,1742.9092
15285,1742.9101
15286,1742.9129
15287,1742.9112
15288,1742.9054
15289,1742.9062
15290,1742.9143
15291,1742.9205
15292,1742.9164
15293,1742.9174
15294,1742.9183
15295,1742.9193
15296,1742.9154
15297,1742.9134
15298,1742.9236
15299,1742.9211
15300,1742.9216
15301,1746.0001
15302,1745.9990
15303,1742.9221
15304,1742.9226
15305,1745.9979
15306,1746.0032
15307,1742.9240
15308,1746.0043
15309,1746.0007
15310,1746.0012
15311,1746.0022
15312,1746.0017
15313,1746.0069
15314,1746.0095
15315,1746.0049
15316,1746.0104
15317,1746.0113
15318,1746.0055
15319,1746.0060
15320,1746.0084
15321,1746.0133
15322,1746.0152
15323,1746.0118
15324,1746.0123
15325,1746.0161
15326,1746.0170
15327,1746.0180
15328,1746.0143
15329,1746.0209
15330,1746.0184
15331,1746.0190
15332,1746.0194
15333,1746.0199
15334,1746.0233
15335,1746.0243
15336,1746.0224
15337,1746.0214
15338,1749.1974
15339,1749.1930
15340,1749.1940
15341,1749.1950
15342,1749.1906
15343,1749.1914
15344,1749.1959
15345,1749.1918
15346,1749.1980
15347,1749.1985
15348,1749.1990
15349,1749.1994
15350,1749.2003
15351,1749.2042
15352,1749.1999
15353,1749.2008
15354,1749.2013
15355,1749.2018
15356,1749.2023
15357,1749.2028
15358,1749.2076
15359,1749.2107
15360,1748.6685
15361,1748.6723
15362,1748.6691
15363,1748.6699
15364,1748.6735
15365,1748.6704
15366,1748.6771
15367,1751.7433
15368,1751.7442
15369,1748.6750
15370,1748.6755
15371,1751.7410
15372,1751.7422
15373,1748.6759
15374,1748.6776
15375,1751.7449
15376,1751.7483
15377,1751.7497
15378,1751.7455
15379,1751.7507
15380,1751.7581
15381,1751.7591
15382,1751.7462
15383,1751.7472
15384,1751.7487
15385,1751.7641
15386,1751.7596
15387,1751.7651
15388,1751.7619
15389,1751.7660
15390,1751.7601
15391,1751.7608
15392,1751.7631
15393,1751.7665
15394,1751.7686
15395,1755.0010
15396,1751.7670
15397,1755.0020
15398,1755.0029
15399,1755.0038
15400,1751.7675
15401,1754.9997
15402,1751.7691
15403,1755.0075
15404,1755.0087
15405,1755.0044
15406,1755.0050
15407,1755.0096
15408,1755.0055
15409,1755.0061
15410,1755.0065
15411,1755.0129
15412,1755.0102
15413,1755.0161
15414,1755.0109
15415,1755.0114
15416,1755.0171
15417,1755.0119
15418,1755.0152
15419,1755.0134
15420,1755.0141
15421,1755.0209
15422,1755.0175
15423,1755.0224
15424,1755.0181
15425,1755.0186
15426,1755.0191
15427,1755.0195
15428,1755.0200
15429,1755.0214
15430,1757.9099
15431,1755.0228
15432,1755.0234
15433,1755.0238
15434,1757.9080
15435,1757.9135
15436,1757.9090
15437,1757.9120
15438,1757.9105
15439,1757.9110
15440,1757.9168
15441,1757.9178
15442,1757.9188
15443,1757.9141
15444,1757.9213
15445,1757.9147
15446,1757.9153
15447,1757.9158
15448,1761.2411
15449,1757.9193
15450,1757.9199
15451,1761.2427
15452,1761.2464
15453,1757.9219
15454,1761.2473
15455,1761.2454
15456,1761.2498
15457,1761.2434
15458,1761.2440
15459,1761.2445
15460,1761.2510
15461,1761.2479
15462,1761.2485
15463,1761.2489
15464,1761.2530
15465,1761.2541
15466,1761.2552
15467,1761.2561
15468,1761.2515
15469,1761.2581
15470,1761.2590
15471,1761.2521
15472,1761.2566
15473,1761.2572
15474,1761.2616
15475,1761.2625
15476,1761.2635
15477,1761.2596
15478,1761.2662
15479,1761.2671
15480,1761.2601
15481,1761.2607
15482,1761.2641
15483,1764.5646
15484,1761.2646
15485,1761.2653
15486,1764.5706
15487,1764.5715
15488,1764.5674
15489,1764.5685
15490,1764.5694
15491,1764.5655
15492,1764.5724
15493,1764.5661
15494,1764.5776
15495,1764.5786
15496,1764.5735
15497,1764.5747
15498,1764.5757
15499,1764.5767
15500,1764.5810
15501,1764.5822
15502,1764.5863
15503,1764.5878
15504,1764.5790
15505,1764.5843
15506,1764.5801
15507,1764.5853
15508,1764.5827
15509,1764.5832
15510,1764.5906
15511,1764.5883
15512,1764.5888
15513,1768.0693
15514,1768.0661
15515,1768.0674
15516,1768.0683
15517,1764.5893
15518,1768.0728
15519,1768.0738
15520,1768.0717
15521,1768.0764
15522,1768.0699
15523,1768.0773
15524,1768.0782
15525,1768.0705
15526,1768.0749
15527,1768.0753
15528,1768.0743
15529,1768.0787
15530,1768.0826
15531,1768.0792
15532,1768.0797
15533,1768.0856
15534,1768.0802
15535,1768.0810
15536,1768.0814
15537,1768.0847
15538,1768.0831
15539,1768.0836
15540,1768.0892
15541,1768.0861
15542,1768.0866
15543,1768.0910
15544,1768.0871
15545,1768.0901
15546,1768.0876
15547,1768.0921
15548,1771.0836
15549,1771.0848
15550,1771.0859
15551,1771.0913
15552,1771.0888
15553,1768.0926
15554,1768.0931
15555,1771.0904
15556,1771.0865
15557,1771.0871
15558,1771.0877
15559,1771.0923
15560,1771.0933
15561,1771.0998
15562,1771.0945
15563,1771.0955
15564,1771.0964
15565,1771.0973
15566,1771.0987
15567,1771.1024
15568,1771.1033
15569,1771.1003
15570,1771.1043
15571,1771.1052
15572,1771.1063
15573,1771.1009
15574,1771.1014
15575,1771.1087
15576,1774.2376
15577,1771.1067
15578,1771.1073
15579,1774.2386
15580,1774.2397
15581,1774.2407
15582,1771.1077
15583,1774.2450
15584,1774.2413
15585,1774.2459
15586,1774.2419
15587,1774.2424
15588,1774.2429
15589,1774.2435
15590,1774.2439
15591,1774.2500
15592,1774.2491
15593,1774.2515
15594,1774.2525
15595,1774.2464
15596,1774.2534
15597,1774.2475
15598,1774.2480
15599,1774.2549
15600,1774.2505
15601,1774.2560
15602,1774.2599
15603,1774.2570
15604,1774.2580
15605,1774.2589
15606,1774.2539
15607,1774.2637
15608,1774.2628
15609,1777.6492
15610,1774.2603
15611,1777.6503
15612,1774.2608
15613,1774.2614
15614,1774.2619
15615,1777.6542
15616,1777.1364
15617,1777.1340
15618,1777.1388
15619,1777.1348
15620,1777.1400
15621,1777.1409
15622,1777.1353
15623,1777.1443
15624,1777.1378
15625,1777.1431
15626,1777.1415
15627,1777.1420
15628,1777.1466
15629,1777.1476
15630,1777.1486
15631,1777.1520
15632,1777.1448
15633,1777.1501
15634,1777.1455
15635,1777.1511
15636,1777.1552
15637,1777.1562
15638,1777.1491
15639,1780.5186
15640,1777.1526
15641,1777.1532
15642,1777.1537
15643,1777.1541
15644,1780.5224
15645,1777.1567
15646,1780.5234
15647,1780.5193
15648,1780.5199
15649,1780.5204
15650,1780.5264
15651,1780.5214
15652,1780.5240
15653,1780.5295
15654,1780.5245
15655,1780.5250
15656,1780.5255
15657,1780.5285
15658,1780.5270
15659,1780.5317
15660,1780.5276
15661,1783.5173
15662,1783.5141
15663,1783.5150
15664,1780.5300
15665,1780.5306
15666,1783.5128
15667,1783.5161
15668,1780.5321
15669,1783.5180
15670,1783.5252
15671,1783.5203
15672,1783.5212
15673,1783.5186
15674,1783.5222
15675,1783.5192
15676,1783.5231
15677,1783.5242
15678,1783.5258
15679,1783.5292
15680,1783.5365
15681,1783.5308
15682,1783.5355
15683,1783.5264
15684,1783.5277
15685,1783.5270
15686,1783.5283
15687,1783.5424
15688,1786.9352
15689,1786.9365
15690,1786.9375
15691,1786.9384
15692,1786.9394
15693,1783.5414
15694,1786.9403
15695,1786.9425
15696,1786.9435
15697,1786.9444
15698,1786.9409
15699,1786.9477
15700,1786.9457
15701,1786.9415
15702,1786.9468
15703,1786.9503
15704,1786.9482
15705,1786.9488
15706,1786.9518
15707,1786.9561
15708,1786.9529
15709,1786.9494
15710,1786.9541
15711,1786.9509
15712,1786.9572
15713,1786.9552
15714,1786.9599
15715,1786.9578
15716,1786.9609
15717,1786.9584
15718,1786.9589
15719,1790.1711
15720,1790.1723
15721,1790.1737
15722,1790.1764
15723,1790.1682
15724,1790.1690
15725,1790.1695
15726,1790.1701
15727,1790.1754
15728,1790.1796
15729,1790.1742
15730,1790.1814
15731,1790.1770
15732,1790.1776
15733,1790.1825
15734,1790.1781
15735,1790.1786
15736,1790.1801
15737,1790.1805
15738,1790.1830
15739,1790.1860
15740,1790.1835
15741,1790.1840
15742,1790.1850
15743,1793.3069
15744,1790.1845
15745,1793.3048
15746,1793.3059
15747,1793.3083
15748,1790.1865
15749,1790.1871
15750,1790.1876
15751,1793.3125
15752,1793.3074
15753,1793.3105
15754,1793.3114
15755,1793.3090
15756,1793.3147
15757,1793.3095
15758,1793.3156
15759,1793.3131
15760,1793.3137
15761,1793.3176
15762,1793.3186
15763,1793.3195
15764,1793.3161
15765,1793.3221
15766,1793.3166
15767,1793.3232
15768,1793.3211
15769,1793.3248
15770,1793.3200
15771,1793.3257
15772,1793.3266
15773,1793.3297
15774,1793.3288
15775,1793.3238
15776,1793.3277
15777,1796.6720
15778,1796.6768
15779,1796.6733
15780,1796.6743
15781,1796.6777
15782,1796.6701
15783,1796.6708
15784,1796.6758
15785,1796.6804
15786,1796.6827
15787,1796.6836
15788,1796.6783
15789,1796.6789
15790,1796.6795
15791,1796.6845
15792,1796.6815
15793,1796.6882
15794,1796.6851
15795,1796.6856
15796,1796.6896
15797,1796.6905
15798,1796.6862
15799,1796.6873
15800,1796.6867
15801,1810.6432
15802,1796.6887
15803,1810.6417
15804,1796.6910
15805,1796.6915
15806,1810.6463
15807,1796.6926
15808,1796.6920
15809,1810.6480
15810,1810.6440
15811,1810.6495
15812,1810.6446
15813,1810.6452
15814,1810.6509
15815,1810.6519
15816,1810.6469
15817,1810.6531
15818,1810.6499
15819,1810.6539
15820,1810.6556
15821,1810.6548
15822,1813.7890
15823,1810.6524
15824,1813.7881
15825,1813.7910
15826,1813.7918
15827,1810.6560
15828,1813.7925
15829,1813.7952
15830,1813.7895
15831,1813.7901
15832,1813.7944
15833,1813.7930
15834,1813.7935
15835,1813.7989
15836,1813.7976
15837,1813.8007
15838,1813.8016
15839,1813.7962
15840,1813.7957
15841,1813.7966
15842,1813.7999
15843,1813.8033
15844,1813.8041
15845,1813.8081
15846,1813.8064
15847,1813.8021
15848,1813.8056
15849,1813.8026
15850,1813.8074
15851,1813.8046
15852,1813.8094
15853,1813.8086
15854,1817.1517
15855,1817.1555
15856,1817.1493
15857,1817.1505
15858,1817.1531
15859,1817.1544
15860,1817.1477
15861,1817.1603
15862,1817.1615
15863,1817.1575
15864,1817.1562
15865,1817.1568
15866,1817.1580
15867,1817.1585
15868,1817.1595
15869,1817.1607
15870,1817.1619
15871,1817.1623
15872,1816.5804
15873,1816.5825
15874,1816.5808
15875,1816.5850
15876,1816.5813
15877,1816.5860
15878,1816.5832
15879,1816.5840
15880,1816.5817
15881,1816.5881
15882,1816.5889
15883,1819.6773
15884,1816.5864
15885,1816.5868
15886,1816.5872
15887,1819.6781
15888,1819.6762
15889,1819.6804
15890,1816.5893
15891,1819.6785
15892,1819.6789
15893,1819.6824
15894,1819.6831
15895,1819.6841
15896,1819.6795
15897,1819.6808
15898,1819.6812
15899,1819.6871
15900,1819.6816
15901,1819.6845
15902,1819.6849
15903,1819.6859
15904,1819.6893
15905,1819.6854
15906,1819.6863
15907,1819.6874
15908,1819.6878
15909,1819.6882
15910,1819.6913
15911,1819.6886
15912,1819.6926
15913,1819.6897
15914,1819.6903
15915,1819.6934
15916,1819.6944
15917,1819.6957
15918,1819.6918
15919,1819.6979
15920,1823.1352
15921,1819.6961
15922,1819.6966
15923,1823.1361
15924,1823.1368
15925,1823.1374
15926,1819.6970
15927,1823.1397
15928,1823.1377
15929,1823.1421
15930,1823.1383
15931,1823.1387
15932,1823.1406
15933,1823.1391
15934,1823.1412
15935,1823.1450
15936,1823.1444
15937,1823.1466
15938,1823.1425
15939,1823.1428
15940,1823.1432
15941,1823.1436
15942,1823.1474
15943,1823.1458
15944,1823.1455
15945,1823.1477
15946,1823.1507
15947,1823.1482
15948,1823.1519
15949,1823.1525
15950,1823.1492
15951,1823.1531
15952,1823.1496
15953,1823.1500
15954,1823.1511
15955,1826.1533
15956,1823.1535
15957,1823.1539
15958,1826.1561
15959,1826.1572
15960,1826.1608
15961,1826.1551
15962,1826.1522
15963,1826.1590
15964,1826.1540
15965,1826.1598
15966,1826.1617
15967,1826.1582
15968,1826.1639
15969,1826.1651
15970,1826.1621
15971,1826.1658
15972,1826.1626
15973,1826.1631
15974,1826.1668
15975,1826.1676
15976,1826.1643
15977,1826.1680
15978,1826.1684
15979,1829.4244
15980,1826.1689
15981,1826.1694
15982,1826.1698
15983,1829.4265
15984,1829.4257
15985,1826.1703
15986,1826.1707
15987,1829.4310
15988,1829.4293
15989,1829.4318
15990,1829.4302
15991,1829.4276
15992,1829.4270
15993,1829.4280
15994,1829.4285
15995,1829.4321
15996,1829.4328
15997,1829.4331
15998,1829.4335
15999,1829.4356
16000,1829.4369
16001,1829.4377
16002,1829.4386
16003,1829.4394
16004,1829.4340
16005,1829.4344
16006,1829.4348
16007,1829.4361
16008,1832.4873
16009,1832.4847
16010,1829.4397
16011,1829.4421
16012,1829.4407
16013,1832.4856
16014,1829.4412
16015,1832.4864
16016,1832.4877
16017,1832.4913
16018,1832.4924
16019,1832.4885
16020,1832.4889
16021,1832.4893
16022,1832.4897
16023,1832.4901
16024,1832.4905
16025,1832.4916
16026,1832.4955
16027,1832.4928
16028,1832.4932
16029,1832.4935
16030,1832.4939
16031,1832.4963
16032,1832.4943
16033,1832.4947
16034,1835.7153
16035,1835.7191
16036,1835.7166
16037,1835.7174
16038,1835.7182
16039,1835.7213
16040,1835.7139
16041,1835.7144
16042,1835.7224
16043,1835.7195
16044,1835.7232
16045,1835.7199
16046,1835.7205
16047,1835.7271
16048,1835.7217
16049,1835.7263
16050,1835.7286
16051,1835.7241
16052,1835.7245
16053,1835.7249
16054,1835.7253
16055,1835.7307
16056,1835.7274
16057,1835.7279
16058,1835.7290
16059,1835.7295
16060,1838.8235
16061,1838.8246
16062,1835.7300
16063,1835.7312
16064,1838.8275
16065,1835.7316
16066,1838.8284
16067,1835.7320
16068,1838.8252
16069,1838.8256
16070,1838.8306
16071,1838.8266
16072,1838.8289
16073,1838.8332
16074,1838.8338
16075,1838.8293
16076,1838.8323
16077,1838.8297
16078,1838.8358
16079,1838.8309
16080,1838.8314
16081,1838.8375
16082,1838.8382
16083,1838.8345
16084,1838.8389
16085,1838.8349
16086,1838.8407
16087,1838.8363
16088,1838.8368
16089,1838.8393
16090,1838.8397
16091,1838.8432
16092,1838.8401
16093,1838.8426
16094,1842.0163
16095,1838.8410
16096,1838.8414
16097,1842.0170
16098,1842.0153
16099,1842.0133
16100,1842.0140
16101,1842.0205
16102,1842.0233
16103,1842.0176
16104,1842.0181
16105,1842.0186
16106,1842.0192
16107,1842.0197
16108,1842.0218
16109,1842.0209
16110,1842.0238
16111,1842.0260
16112,1842.0271
16113,1842.0279
16114,1842.0243
16115,1842.0287
16116,1842.0294
16117,1842.0248
16118,1842.0253
16119,1842.0324
16120,1842.0299
16121,1842.0304
16122,1842.0311
16123,1842.0315
16124,1845.1362
16125,1845.1345
16126,1845.1354
16127,1842.0329
16128,1841.5406
16129,1844.6455
16130,1841.5411
16131,1841.5419
16132,1844.6439
16133,1844.6480
16134,1844.6442
16135,1844.6447
16136,1844.6472
16137,1844.6499
16138,1844.6459
16139,1844.6462
16140,1844.6506
16141,1844.6485
16142,1844.6520
16143,1844.6492
16144,1844.6489
16145,1844.6510
16146,1844.6546
16147,1844.6513
16148,1844.6529
16149,1844.6537
16150,1844.6575
16151,1844.6588
16152,1844.6523
16153,1844.6569
16154,1844.6582
16155,1844.6550
16156,1844.6553
16157,1844.6556
16158,1847.7135
16159,1847.7165
16160,1847.7174
16161,1847.7149
16162,1847.7110
16163,1847.7121
16164,1847.7125
16165,1847.7157
16166,1847.7139
16167,1847.7192
16168,1847.7207
16169,1847.7225
16170,1847.7179
16171,1847.7217
16172,1847.7184
16173,1847.7232
16174,1847.7240
16175,1847.7200
16176,1847.7266
16177,1847.7245
16178,1847.7250
16179,1847.7305
16180,1847.7282
16181,1847.7290
16182,1847.7257
16183,1847.7297
16184,1850.8753
16185,1847.7270
16186,1850.8762
16187,1850.8770
16188,1850.8778
16189,1850.8786
16190,1847.7310
16191,1850.8793
16192,1850.8824
16193,1850.8832
16194,1850.8840
16195,1850.8797
16196,1850.8802
16197,1850.8807
16198,1850.8813
16199,1850.8817
16200,1850.8843
16201,1850.8847
16202,1850.8878
16203,1850.8851
16204,1850.8900
16205,1850.8855
16206,1850.8860
16207,1850.8863
16208,1850.8891
16209,1850.8868
16210,1850.8883
16211,1850.8923
16212,1850.8943
16213,1850.8952
16214,1850.8905
16215,1850.8960
16216,1850.8935
16217,1850.8910
16218,1850.8915
16219,1853.8316
16220,1853.8334
16221,1850.8964
16222,1853.8341
16223,1853.8348
16224,1850.8968
16225,1850.8973
16226,1850.8978
16227,1853.8325
16228,1853.8377
16229,1853.8352
16230,1853.8357
16231,1853.8397
16232,1853.8362
16233,1853.8367
16234,1853.8391
16235,1853.8371
16236,1853.8411
16237,1853.8381
16238,1853.8419
16239,1853.8450
16240,1853.8431
16241,1853.8438
16242,1853.8444
16243,1853.8404
16244,1857.4479
16245,1857.4509
16246,1853.8423
16247,1853.8462
16248,1853.8454
16249,1853.8459
16250,1857.4501
16251,1853.8466
16252,1857.4484
16253,1857.4513
16254,1857.4517
16255,1857.4533
16256,1857.4521
16257,1857.4551
16258,1857.4580
16259,1857.4525
16260,1857.4597
16261,1857.4559
16262,1857.4567
16263,1857.4538
16264,1857.4543
16265,1857.4608
16266,1857.4584
16267,1857.4587
16268,1860.6432
16269,1857.4601
16270,1860.6442
16271,1860.6451
16272,1860.6423
16273,1860.6478
16274,1860.6411
16275,1860.6485
16276,1860.6456
16277,1860.6502
16278,1860.6466
16279,1860.6510
16280,1860.6470
16281,1860.6489
16282,1860.6522
16283,1860.6530
16284,1860.6494
16285,1860.6556
16286,1860.6563
16287,1860.6571
16288,1860.6515
16289,1860.6547
16290,1860.6592
16291,1860.6539
16292,1860.6584
16293,1860.6576
16294,1860.6624
16295,1860.6633
16296,1860.6609
16297,1860.6616
16298,1860.6596
16299,1860.6600
16300,1863.7308
16301,1863.7282
16302,1860.6643
16303,1863.7266
16304,1863.7290
16305,1860.6638
16306,1863.7298
16307,1863.7272
16308,1863.7341
16309,1863.7313
16310,1863.7319
16311,1863.7377
16312,1863.7324
16313,1863.7360
16314,1863.7368
16315,1863.7334
16316,1863.7346
16317,1863.7351
16318,1863.7412
16319,1863.7381
16320,1863.7386
16321,1863.7428
16322,1863.7390
16323,1863.7394
16324,1863.7399
16325,1863.7404
16326,1863.7416
16327,1863.7451
16328,1863.7420
16329,1866.9563
16330,1866.9573
16331,1863.7433
16332,1866.9580
16333,1863.7437
16334,1863.7442
16335,1866.9601
16336,1866.9552
16337,1866.9608
16338,1866.9615
16339,1866.9587
16340,1866.9622
16341,1866.9591
16342,1866.9595
16343,1866.9651
16344,1866.9643
16345,1866.9664
16346,1866.9627
16347,1866.9631
16348,1866.9635
16349,1866.9671
16350,1866.9677
16351,1866.9656
16352,1866.9706
16353,1866.9681
16354,1866.9687
16355,1866.9718
16356,1866.9693
16357,1866.9724
16358,1866.9730
16359,1866.9698
16360,1866.9710
16361,1870.7248
16362,1870.7262
16363,1866.9735
16364,1866.9739
16365,1866.9743
16366,1866.9747
16367,1866.9755
16368,1866.9751
16369,1870.7269
16370,1870.7275
16371,1870.7323
16372,1870.7291
16373,1870.7331
16374,1870.7280
16375,1870.7339
16376,1870.7300
16377,1870.7308
16378,1870.7316
16379,1870.7373
16380,1870.7343
16381,1870.7399
16382,1870.7348
16383,1870.7407
16384,1870.2324
16385,1870.2330
16386,1870.2356
16387,1870.2405
16388,1870.2344
16389,1870.2377
16390,1870.2428
16391,1870.2381
16392,1870.2384
16393,1870.2390
16394,1870.2421
16395,1872.7710
16396,1872.7717
16397,1870.2410
16398,1870.2434
16399,1872.7695
16400,1872.7702
16401,1872.7737
16402,1872.7745
16403,1872.7763
16404,1872.7769
16405,1872.7776
16406,1872.7724
16407,1872.7728
16408,1872.7756
16409,1872.7790
16410,1872.7748
16411,1872.7810
16412,1872.7779
16413,1872.7816
16414,1872.7822
16415,1872.7782
16416,1872.7803
16417,1872.7845
16418,1872.7851
16419,1872.7826
16420,1872.7831
16421,1872.7835
16422,1872.7838
16423,1872.7889
16424,1872.7881
16425,1875.9815
16426,1872.7854
16427,1872.7860
16428,1875.9826
16429,1872.7864
16430,1872.7870
16431,1872.7894
16432,1875.9869
16433,1875.9832
16434,1875.9844
16435,1875.9849
16436,1875.9885
16437,1875.9854
16438,1875.9860
16439,1875.9892
16440,1875.9912
16441,1875.9926
16442,1875.9875
16443,1875.9934
16444,1875.9898
16445,1875.9903
16446,1875.9952
16447,1875.9960
16448,1875.9969
16449,1875.9977
16450,1875.9940
16451,1875.9945
16452,1875.9987
16453,1879.6246
16454,1879.6273
16455,1879.6233
16456,1875.9990
16457,1876.0000
16458,1876.0006
16459,1876.0011
16460,1879.6251
16461,1879.6264
16462,1879.6306
16463,1879.6279
16464,1879.6285
16465,1879.6290
16466,1879.6350
16467,1879.6329
16468,1879.6338
16469,1879.6296
16470,1879.6359
16471,1879.6312
16472,1879.6317
16473,1879.6368
16474,1879.6388
16475,1879.6397
16476,1879.6406
16477,1879.6416
16478,1879.6373
16479,1879.6449
16480,1879.6379
16481,1879.6439
16482,1879.6421
16483,1879.6427
16484,1883.0463
16485,1883.0475
16486,1883.0487
16487,1883.0542
16488,1883.0442
16489,1883.0518
16490,1883.0451
16491,1883.0529
16492,1883.0495
16493,1883.0500
16494,1883.0506
16495,1883.0547
16496,1883.0571
16497,1883.0564
16498,1883.0577
16499,1883.0554
16500,1888.5309
16501,1888.5316
16502,1888.5321
16503,1888.5357
16504,1888.5326
16505,1888.5331
16506,1888.5336
16507,1888.5371
16508,1888.5383
16509,1888.5341
16510,1888.5346
16511,1888.5419
16512,1888.5362
16513,1888.5401
16514,1888.5410
16515,1888.5479
16516,1888.5451
16517,1888.5441
16518,1888.5389
16519,1888.5424
16520,1888.5430
16521,1888.5460
16522,1888.5469
16523,1891.9194
16524,1891.9241
16525,1888.5483
16526,1888.5488
16527,1888.5493
16528,1891.9209
16529,1891.9220
16530,1891.9230
16531,1891.9274
16532,1891.9247
16533,1891.9301
16534,1891.9312
16535,1891.9253
16536,1891.9292
16537,1891.9259
16538,1891.9265
16539,1891.9280
16540,1891.9357
16541,1891.9317
16542,1891.9322
16543,1891.9367
16544,1891.9328
16545,1891.9333
16546,1891.9337
16547,1891.9342
16548,1891.9397
16549,1891.9407
16550,1891.9417
16551,1891.9372
16552,1891.9377
16553,1891.9383
16554,1891.9452
16555,1891.9388
16556,1891.9422
16557,1891.9433
16558,1891.9438
16559,1891.9443
16560,1894.9489
16561,1894.9500
16562,1894.9526
16563,1894.9536
16564,1894.9546
16565,1894.9556
16566,1894.9477
16567,1894.9566
16568,1894.9506
16569,1894.9512
16570,1894.9621
16571,1894.9570
16572,1894.9591
16573,1894.9576
16574,1894.9582
16575,1894.9631
16576,1894.9602
16577,1894.9612
16578,1894.9662
16579,1894.9636
16580,1894.9642
16581,1894.9695
16582,1894.9706
16583,1894.9652
16584,1894.9648
16585,1894.9686
16586,1894.9667
16587,1894.9672
16588,1898.0382
16589,1898.0425
16590,1894.9711
16591,1898.0434
16592,1898.0393
16593,1898.0403
16594,1894.9717
16595,1898.0413
16596,1898.0466
16597,1898.0493
16598,1898.0503
16599,1898.0439
16600,1898.0484
16601,1898.0446
16602,1898.0452
16603,1898.0456
16604,1898.0472
16605,1898.0534
16606,1898.0508
16607,1898.0513
16608,1898.0550
16609,1898.0559
16610,1898.0518
16611,1898.0523
16612,1898.0569
16613,1898.0596
16614,1898.0606
16615,1898.0538
16616,1901.1545
16617,1898.0575
16618,1898.0580
16619,1898.0585
16620,1901.1557
16621,1898.0612
16622,1898.0617
16623,1901.1576
16624,1901.1589
16625,1901.1598
16626,1901.1608
16627,1901.1629
16628,1901.1639
16629,1901.1564
16630,1901.1619
16631,1901.1661
16632,1901.1670
16633,1901.1644
16634,1901.1680
16635,1901.1689
16636,1901.1755
16637,1901.1746
16638,1901.1651
16639,1901.1723
16640,1900.6557
16641,1900.6564
16642,1900.6596
16643,1900.6571
16644,1900.6623
16645,1903.7587
16646,1903.7610
16647,1903.7620
16648,1900.6628
16649,1900.6635
16650,1900.6641
16651,1903.7599
16652,1900.6646
16653,1903.7657
16654,1903.7679
16655,1903.7626
16656,1903.7631
16657,1903.7636
16658,1903.7641
16659,1903.7669
16660,1903.7646
16661,1903.7710
16662,1907.3807
16663,1903.7683
16664,1907.3783
16665,1903.7689
16666,1903.7695
16667,1907.3794
16668,1903.7700
16669,1907.3856
16670,1907.3814
16671,1907.3826
16672,1907.3820
16673,1907.3832
16674,1907.3837
16675,1907.3842
16676,1907.3847
16677,1907.3861
16678,1907.3872
16679,1907.3928
16680,1907.3885
16681,1907.3939
16682,1907.3897
16683,1907.3909
16684,1907.3918
16685,1907.3948
16686,1907.3976
16687,1907.4015
16688,1907.3987
16689,1907.3996
16690,1907.3953
16691,1907.3959
16692,1907.3965
16693,1907.4006
16694,1907.4047
16695,1907.4025
16696,1907.4021
16697,1910.4164
16698,1907.4031
16699,1907.4037
16700,1910.4176
16701,1910.4188
16702,1907.4051
16703,1910.4215
16704,1907.4058
16705,1910.4230
16706,1910.4240
16707,1910.4249
16708,1910.4195
16709,1910.4205
16710,1910.4259
16711,1910.4220
16712,1910.4302
16713,1910.4264
16714,1910.4313
16715,1910.4270
16716,1910.4322
16717,1910.4280
16718,1910.4286
16719,1910.4292
16720,1910.4346
16721,1910.4361
16722,1910.4328
16723,1910.4376
16724,1910.4385
16725,1910.4395
16726,1910.4428
16727,1910.4333
16728,1910.4367
16729,1910.4409
16730,1910.4419
16731,1913.8890
16732,1910.4399
16733,1913.8903
16734,1913.8935
16735,1913.8955
16736,1913.8945
16737,1913.8964
16738,1913.8925
16739,1913.8984
16740,1913.8908
16741,1913.8915
16742,1913.8969
16743,1913.8974
16744,1913.9005
16745,1913.9016
16746,1913.9025
16747,1913.9044
16748,1913.9055
16749,1913.9065
16750,1913.8989
16751,1913.8995
16752,1913.9030
16753,1913.9093
16754,1913.9035
16755,1913.9071
16756,1913.9117
16757,1913.9128
16758,1913.9076
16759,1913.9082
16760,1913.9108
16761,1913.9097
16762,1913.9168
16763,1913.9157
16764,1913.9134
16765,1916.9106
16766,1916.9096
16767,1913.9147
16768,1913.9141
16769,1916.9086
16770,1916.9066
16771,1916.9135
16772,1916.9073
16773,1916.9164
16774,1916.9111
16775,1916.9126
16776,1916.9116
16777,1916.9121
16778,1916.9154
16779,1916.9140
16780,1916.9192
16781,1916.9168
16782,1916.9173
16783,1916.9178
16784,1916.9242
16785,1916.9220
16786,1916.9183
16787,1916.9231
16788,1916.9197
16789,1916.9201
16790,1916.9206
16791,1916.9211
16792,1919.9964
16793,1919.9974
16794,1919.9984
16795,1920.0014
16796,1919.9995
16797,1920.0004
16798,1916.9246
16799,1920.0023
16800,1920.0052
16801,1920.0028
16802,1920.0094
16803,1920.0033
16804,1920.0038
16805,1920.0074
16806,1920.0042
16807,1920.0085
16808,1920.0058
16809,1920.0063
16810,1920.0114
16811,1920.0099
16812,1920.0165
16813,1920.0136
16814,1920.0105
16815,1920.0146
16816,1920.0155
16817,1920.0126
16818,1920.0188
16819,1920.0198
16820,1920.0170
16821,1923.2222
16822,1920.0178
16823,1923.2231
16824,1923.2200
16825,1923.2212
16826,1923.2262
16827,1923.2271
16828,1920.0203
16829,1923.2237
16830,1923.2252
16831,1923.2297
16832,1923.2242
16833,1923.2248
16834,1923.2323
16835,1923.2276
16836,1923.2283
16837,1923.2288
16838,1923.2333
16839,1923.2303
16840,1923.2308
16841,1923.2314
16842,1923.2347
16843,1923.2377
16844,1923.2387
16845,1923.2396
16846,1923.2406
16847,1923.2415
16848,1923.2363
16849,1923.2338
16850,1923.2352
16851,1923.2440
16852,1926.4102
16853,1923.2420
16854,1926.4112
16855,1926.4092
16856,1923.2425
16857,1923.2430
16858,1926.4078
16859,1923.2444
16860,1926.4147
16861,1926.4118
16862,1926.4123
16863,1926.4128
16864,1926.4161
16865,1926.4133
16866,1926.4170
16867,1926.4137
16868,1926.4192
16869,1926.4201
16870,1926.4152
16871,1926.4213
16872,1926.4229
16873,1926.4177
16874,1926.4238
16875,1926.4183
16876,1930.2349
16877,1930.2337
16878,1930.2360
16879,1926.4218
16880,1930.2386
16881,1926.4244
16882,1930.2395
16883,1926.4249
16884,1930.2367
16885,1930.2371
16886,1930.2376
16887,1930.2436
16888,1930.2401
16889,1930.2407
16890,1930.2412
16891,1930.2417
16892,1930.2422
16893,1930.2427
16894,1930.2469
16895,1930.2505
16896,1929.7432
16897,1929.7477
16898,1929.7487
16899,1929.7438
16900,1929.7445
16901,1929.7451
16902,1929.7467
16903,1929.7520
16904,1929.7530
16905,1929.7544
16906,1929.7501
16907,1929.7554
16908,1929.7506
16909,1929.7511
16910,1929.7566
16911,1932.9360
16912,1929.7570
16913,1929.7575
16914,1932.9373
16915,1932.9383
16916,1932.9393
16917,1932.9403
16918,1929.7580
16919,1932.9446
16920,1932.9456
16921,1932.9435
16922,1932.9473
16923,1932.9483
16924,1932.9409
16925,1932.9416
16926,1932.9420
16927,1932.9520
16928,1932.9461
16929,1932.9509
16930,1932.9488
16931,1932.9547
16932,1932.9556
16933,1932.9494
16934,1932.9500
16935,1932.9582
16936,1932.9525
16937,1932.9531
16938,1932.9535
16939,1932.9562
16940,1932.9566
16941,1932.9607
16942,1932.9572
16943,1932.9588
16944,1932.9593
16945,1936.1180
16946,1932.9598
16947,1936.1190
16948,1936.1201
16949,1936.1168
16950,1936.1243
16951,1936.1254
16952,1936.1230
16953,1936.1280
16954,1936.1207
16955,1936.1289
16956,1936.1213
16957,1936.1218
16958,1936.1258
16959,1936.1270
16960,1936.1264
16961,1936.1314
16962,1936.1324
16963,1936.1333
16964,1936.1342
16965,1936.1351
16966,1936.1294
16967,1936.1300
16968,1936.1305
16969,1936.1377
16970,1936.1397
16971,1936.1406
16972,1936.1357
16973,1936.1363
16974,1936.1368
16975,1936.1415
16976,1936.1387
16977,1939.1343
16978,1939.1364
16979,1939.1373
16980,1939.1382
16981,1939.1318
16982,1939.1326
16983,1939.1331
16984,1939.1354
16985,1939.1409
16986,1939.1388
16987,1939.1429
16988,1939.1438
16989,1939.1394
16990,1939.1447
16991,1939.1400
16992,1939.1419
16993,1939.1473
16994,1939.1483
16995,1939.1452
16996,1939.1459
16997,1939.1521
16998,1939.1464
16999,1939.1531
17000,1939.1510
17001,1939.1488
17002,1939.1494
17003,1939.1499
17004,1939.1564
17005,1939.1537
17006,1942.3545
17007,1942.3555
17008,1939.1543
17009,1942.3524
17010,1942.3535
17011,1939.1549
17012,1942.3582
17013,1942.3592
17014,1942.3560
17015,1942.3567
17016,1942.3607
17017,1942.3572
17018,1942.3617
17019,1942.3626
17020,1942.3597
17021,1942.3647
17022,1942.3657
17023,1942.3666
17024,1942.3632
17025,1942.3638
17026,1942.3698
17027,1942.3675
17028,1942.3687
17029,1942.3733
17030,1942.3743
17031,1942.3752
17032,1942.3761
17033,1942.3723
17034,1942.3703
17035,1942.3708
17036,1942.3713
17037,1942.3790
17038,1942.3766
17039,1945.5739
17040,1945.5712
17041,1942.3771
17042,1942.3776
17043,1945.5728
17044,1942.3781
17045,1942.3795
17046,1942.3800
17047,1945.5750
17048,1945.5744
17049,1945.5784
17050,1945.5754
17051,1945.5759
17052,1945.5808
17053,1945.5764
17054,1945.5817
17055,1945.5768
17056,1945.5773
17057,1945.5789
17058,1945.5794
17059,1945.5798
17060,1945.5856
17061,1945.5822
17062,1945.5828
17063,1945.5832
17064,1945.5881
17065,1945.5837
17066,1945.5843
17067,1945.5847
17068,1945.5861
17069,1945.5900
17070,1945.5866
17071,1945.5871
17072,1945.5930
17073,1945.5885
17074,1945.5891
17075,1945.5920
17076,1945.5939
17077,1948.6628
17078,1945.5905
17079,1945.5909
17080,1948.6643
17081,1945.5943
17082,1948.6653
17083,1945.5950
17084,1948.6663
17085,1948.6634
17086,1948.6688
17087,1948.6698
17088,1948.6707
17089,1948.6718
17090,1948.6727
17091,1948.6672
17092,1948.6678
17093,1948.6736
17094,1948.6766
17095,1948.6775
17096,1952.1984
17097,1952.1995
17098,1948.6741
17099,1948.6750
17100,1952.2005
17101,1948.6756
17102,1948.6780
17103,1948.6784
17104,1952.2010
17105,1952.2038
17106,1952.2055
17107,1952.2017
17108,1952.2023
17109,1952.2084
17110,1952.2064
17111,1952.2074
17112,1952.2029
17113,1952.2044
17114,1952.2089
17115,1952.2122
17116,1952.2144
17117,1952.2095
17118,1952.2153
17119,1952.2162
17120,1952.2134
17121,1952.2102
17122,1952.2110
17123,1952.2182
17124,1952.2167
17125,1952.2172
17126,1952.2212
17127,1952.2222
17128,1952.2231
17129,1952.2241
17130,1952.2203
17131,1955.4601
17132,1952.2186
17133,1952.2193
17134,1955.4633
17135,1955.4644
17136,1952.2246
17137,1955.4622
17138,1952.2252
17139,1955.4654
17140,1955.4663
17141,1955.4610
17142,1955.4699
17143,1955.4708
17144,1955.4718
17145,1955.4727
17146,1955.4690
17147,1955.4669
17148,1955.4674
17149,1955.4678
17150,1955.4760
17151,1955.4732
17152,1954.9761
17153,1954.9766
17154,1954.9800
17155,1954.9812
17156,1954.9821
17157,1954.9832
17158,1954.9864
17159,1954.9783
17160,1954.9854
17161,1954.9790
17162,1954.9838
17163,1954.9843
17164,1958.1115
17165,1958.1126
17166,1954.9869
17167,1958.1184
17168,1958.1159
17169,1954.9875
17170,1958.1149
17171,1958.1169
17172,1958.1131
17173,1958.1205
17174,1958.1137
17175,1958.1188
17176,1958.1216
17177,1958.1228
17178,1958.1237
17179,1958.1247
17180,1958.1193
17181,1958.1271
17182,1958.1283
17183,1958.1293
17184,1958.1320
17185,1958.1253
17186,1958.1331
17187,1958.1259
17188,1958.1340
17189,1958.1299
17190,1958.1305
17191,1958.1309
17192,1958.1370
17193,1961.4399
17194,1958.1346
17195,1961.4411
17196,1961.4421
17197,1958.1353
17198,1961.4430
17199,1958.1358
17200,1961.4456
17201,1961.4436
17202,1961.4442
17203,1961.4472
17204,1961.4446
17205,1961.4482
17206,1961.4492
17207,1961.4501
17208,1961.4516
17209,1961.4462
17210,1961.4526
17211,1961.4507
17212,1961.4546
17213,1961.4555
17214,1961.4565
17215,1961.4574
17216,1961.4594
17217,1961.4531
17218,1961.4537
17219,1961.4603
17220,1961.4580
17221,1961.4612
17222,1961.4622
17223,1961.4584
17224,1961.4642
17225,1961.4652
17226,1961.4661
17227,1961.4670
17228,1961.4679
17229,1961.4627
17230,1961.4633
17231,1964.4517
17232,1964.4489
17233,1964.4527
17234,1964.4496
17235,1964.4537
17236,1964.4546
17237,1964.4502
17238,1964.4507
17239,1964.4574
17240,1964.4625
17241,1964.4551
17242,1964.4585
17243,1964.4559
17244,1964.4595
17245,1964.4604
17246,1964.4565
17247,1964.4615
17248,1964.4653
17249,1964.4629
17250,1964.4669
17251,1964.4680
17252,1964.4700
17253,1964.4637
17254,1964.4691
17255,1964.4643
17256,1967.9371
17257,1964.4659
17258,1967.9333
17259,1967.9338
17260,1967.9344
17261,1967.9348
17262,1967.9354
17263,1967.9360
17264,1967.9403
17265,1967.9413
17266,1967.9376
17267,1967.9382
17268,1967.9433
17269,1967.9424
17270,1967.9388
17271,1967.9394
17272,1967.9450
17273,1967.9440
17274,1967.9470
17275,1967.9479
17276,1967.9488
17277,1967.9497
17278,1967.9507
17279,1967.9516
17280,1967.9458
17281,1967.9551
17282,1967.9564
17283,1967.9574
17284,1967.9520
17285,1967.9526
17286,1967.9536
17287,1967.9541
17288,1967.9531
17289,1967.9555
17290,1970.6463
17291,1970.6494
17292,1970.6519
17293,1970.6468
17294,1970.6530
17295,1970.6473
17296,1970.6478
17297,1970.6508
17298,1970.6483
17299,1970.6499
17300,1970.6535
17301,1970.6564
17302,1970.6540
17303,1970.6545
17304,1970.6583
17305,1970.6549
17306,1970.6593
17307,1970.6554
17308,1970.6603
17309,1970.6569
17310,1970.6574
17311,1973.9507
17312,1973.9519
17313,1973.9530
17314,1970.6607
17315,1973.9539
17316,1970.6615
17317,1973.9549
17318,1970.6620
17319,1973.9585
17320,1973.9554
17321,1973.9560
17322,1973.9565
17323,1973.9607
17324,1973.9570
17325,1973.9617
17326,1973.9575
17327,1973.9592
17328,1973.9641
17329,1973.9650
17330,1973.9597
17331,1973.9622
17332,1973.9627
17333,1973.9670
17334,1973.9679
17335,1973.9631
17336,1973.9656
17337,1973.9699
17338,1973.9661
17339,1973.9709
17340,1973.9718
17341,1973.9685
17342,1973.9690
17343,1977.4191
17344,1977.4179
17345,1977.4215
17346,1977.4224
17347,1973.9723
17348,1973.9727
17349,1973.9733
17350,1977.4235
17351,1977.4201
17352,1977.4196
17353,1977.4240
17354,1977.4244
17355,1977.4281
17356,1977.4309
17357,1977.4250
17358,1977.4256
17359,1977.4261
17360,1977.4296
17361,1977.4266
17362,1977.4271
17363,1977.4286
17364,1977.4330
17365,1977.4314
17366,1977.4359
17367,1977.4373
17368,1977.4320
17369,1977.4382
17370,1977.4391
17371,1977.4348
17372,1977.4418
17373,1977.4335
17374,1980.5971
17375,1977.4397
17376,1980.5950
17377,1980.5961
17378,1977.4409
17379,1977.4403
17380,1980.6007
17381,1977.4423
17382,1980.5978
17383,1980.5992
17384,1980.5983
17385,1980.5988
17386,1980.5998
17387,1980.6033
17388,1980.6013
17389,1980.6068
17390,1980.6077
17391,1980.6018
17392,1980.6023
17393,1980.6048
17394,1980.6058
17395,1980.6109
17396,1980.6038
17397,1980.6130
17398,1980.6140
17399,1980.6083
17400,1980.6120
17401,1980.6088
17402,1980.6099
17403,1980.6167
17404,1980.6182
17405,1980.6144
17406,1980.6149
17407,1980.6217
17408,1980.1118
17409,1980.1096
17410,1980.1046
17411,1980.1079
17412,1983.1959
17413,1980.1084
17414,1983.1970
17415,1983.1937
17416,1983.1930
17417,1983.2002
17418,1983.1943
17419,1983.1948
17420,1983.2021
17421,1983.1976
17422,1983.1981
17423,1983.1991
17424,1983.1986
17425,1983.2007
17426,1983.2044
17427,1983.2056
17428,1983.2025
17429,1983.2030
17430,1983.2080
17431,1983.2090
17432,1983.2034
17433,1983.2070
17434,1983.2110
17435,1983.2120
17436,1983.2131
17437,1983.2060
17438,1983.2154
17439,1983.2163
17440,1983.2095
17441,1983.2101
17442,1983.2135
17443,1983.2140
17444,1986.7650
17445,1983.2144
17446,1983.2169
17447,1986.7708
17448,1986.7679
17449,1986.7689
17450,1983.2173
17451,1986.7698
17452,1986.7657
17453,1986.7663
17454,1986.7668
17455,1986.7720
17456,1986.7714
17457,1986.7764
17458,1986.7725
17459,1986.7735
17460,1986.7857
17461,1986.7741
17462,1986.7747
17463,1986.7867
17464,1986.7751
17465,1986.7769
17466,1986.7894
17467,1986.7844
17468,1986.7872
17469,1986.7943
17470,1986.7952
17471,1986.7877
17472,1986.7922
17473,1986.7933
17474,1986.7900
17475,1986.7906
17476,1986.7911
17477,1986.7957
17478,1986.7994
17479,1986.7967
17480,1986.7963
17481,1989.5120
17482,1989.5132
17483,1986.7973
17484,1986.7979
17485,1986.7983
17486,1989.5154
17487,1989.5168
17488,1989.5109
17489,1989.5138
17490,1989.5143
17491,1989.5184
17492,1989.5194
17493,1989.5203
17494,1989.5242
17495,1989.5252
17496,1989.5221
17497,1989.5173
17498,1989.5231
17499,1989.5273
17500,1989.5283
17501,1989.5209
17502,1989.5317
17503,1989.5263
17504,1989.5257
17505,1989.5297
17506,1989.5308
17507,1989.5340
17508,1989.5350
17509,1989.5287
17510,1992.9491
17511,1992.9527
17512,1989.5323
17513,1992.9481
17514,1989.5331
17515,1992.9508
17516,1992.9518
17517,1989.5355
17518,1992.9498
17519,1992.9553
17520,1992.9570
17521,1992.9532
17522,1992.9538
17523,1992.9543
17524,1992.9579
17525,1992.9589
17526,1992.9598
17527,1992.9559
17528,1992.9604
17529,1992.9608
17530,1992.9614
17531,1996.2162
17532,1992.9619
17533,1996.2191
17534,1996.2202
17535,1996.2221
17536,1996.2181
17537,1992.9631
17538,1996.2212
17539,1996.2251
17540,1996.2169
17541,1996.2227
17542,1996.2232
17543,1996.2288
17544,1996.2237
17545,1996.2241
17546,1996.2277
17547,1996.2255
17548,1996.2261
17549,1996.2265
17550,1996.2307
17551,1996.2293
17552,1996.2298
17553,1996.2342
17554,1996.2351
17555,1996.2323
17556,1996.2332
17557,1996.2360
17558,1999.7165
17559,1996.2312
17560,1996.2381
17561,1999.7128
17562,1999.7141
17563,1996.2365
17564,1999.7155
17565,1996.2370
17566,1999.7186
17567,1999.7217
17568,1999.7226
17569,1999.7236
17570,1999.7171
17571,1999.7197
17572,1999.7176
17573,1999.7207
17574,1999.7266
17575,1999.7301
17576,1999.7282
17577,1999.7241
17578,1999.7292
17579,1999.7247
17580,1999.7252
17581,1999.7256
17582,1999.7271
17583,1999.7326
17584,1999.7306
17585,1999.7341
17586,1999.7350
17587,1999.7311
17588,1999.7316
17589,1999.7360
17590,1999.7369
17591,1999.7331
17592,2002.7674
17593,1999.7375
17594,1999.7379
17595,2002.7657
17596,2002.7684
17597,2002.7693
17598,2002.7704
17599,2002.7663
17600,2002.7761
17601,2002.7729
17602,2002.7742
17603,2002.7751
17604,2002.7855
17605,2002.7709
17606,2002.7714
17607,2002.7719
17608,2002.7766
17609,2002.7770
17610,2002.7886
17611,2002.8050
17612,2002.7861
17613,2002.7866
17614,2002.8105
17615,2002.7871
17616,2002.7876
17617,2002.8090
17618,2002.8071
17619,2002.8133
17620,2002.8077
17621,2002.8143
17622,2002.8111
17623,2002.8117
17624,2006.0116
17625,2006.0130
17626,2002.8122
17627,2006.0155
17628,2006.0177
17629,2002.8149
17630,2006.0167
17631,2002.8156
17632,2006.0199
17633,2006.0137
17634,2006.0143
17635,2006.0214
17636,2006.0182
17637,2006.0235
17638,2006.0225
17639,2006.0188
17640,2006.0204
17641,2006.0249
17642,2006.0259
17643,2006.0288
17644,2006.0240
17645,2006.0299
17646,2006.0309
17647,2006.0318
17648,2006.0276
17649,2006.0351
17650,2006.0265
17651,2006.0323
17652,2006.0327
17653,2006.0332
17654,2006.0337
17655,2006.0342
17656,2006.0384
17657,2009.1871
17658,2009.1881
17659,2006.0356
17660,2006.0361
17661,2009.1861
17662,2006.0366
17663,2006.0370
17664,2008.6937
17665,2008.6978
17666,2008.7023
17667,2008.7012
17668,2008.7034
17669,2008.7048
17670,2008.6985
17671,2008.6992
17672,2008.6998
17673,2008.7003
17674,2008.7053
17675,2008.7091
17676,2008.7058
17677,2008.7063
17678,2008.7068
17679,2008.7129
17680,2008.7074
17681,2008.7079
17682,2008.7115
17683,2008.7096
17684,2008.7150
17685,2008.7100
17686,2008.7105
17687,2008.7134
17688,2011.8677
17689,2011.8690
17690,2008.7139
17691,2011.8706
17692,2008.7156
17693,2008.7161
17694,2011.8734
17695,2008.7168
17696,2011.8712
17697,2011.8760
17698,2011.8773
17699,2011.8783
17700,2011.8718
17701,2011.8724
17702,2011.8740
17703,2011.8817
17704,2011.8747
17705,2011.8789
17706,2011.8837
17707,2011.8796
17708,2011.8802
17709,2011.8827
17710,2011.8808
17711,2011.8876
17712,2011.8858
17713,2011.8867
17714,2011.8898
17715,2011.8843
17716,2011.8908
17717,2011.8917
17718,2011.8888
17719,2011.8969
17720,2011.8949
17721,2011.8958
17722,2014.8049
17723,2011.8922
17724,2014.8060
17725,2011.8930
17726,2011.8937
17727,2014.8097
17728,2014.8035
17729,2014.8085
17730,2014.8113
17731,2014.8067
17732,2014.8124
17733,2014.8073
17734,2014.8133
17735,2014.8175
17736,2014.8103
17737,2014.8164
17738,2014.8139
17739,2014.8147
17740,2014.8152
17741,2014.8199
17742,2014.8209
17743,2018.4092
17744,2014.8180
17745,2018.4058
17746,2014.8187
17747,2018.4071
17748,2018.4081
17749,2018.4128
17750,2018.4137
17751,2018.4098
17752,2018.4109
17753,2018.4116
17754,2018.4188
17755,2018.4168
17756,2018.4179
17757,2018.4143
17758,2018.4149
17759,2018.4226
17760,2018.4156
17761,2018.4217
17762,2018.4194
17763,2018.4200
17764,2018.4265
17765,2018.4206
17766,2018.4276
17767,2018.4232
17768,2018.4238
17769,2018.4297
17770,2018.4244
17771,2018.4250
17772,2018.4314
17773,2018.4326
17774,2018.4335
17775,2018.4281
17776,2018.4288
17777,2021.7973
17778,2021.7989
17779,2018.4303
17780,2018.4343
17781,2021.8008
17782,2021.8020
17783,2021.8029
17784,2018.4348
17785,2021.8064
17786,2021.7996
17787,2021.8073
17788,2021.8054
17789,2021.8095
17790,2021.8036
17791,2021.8104
17792,2021.8041
17793,2021.8134
17794,2021.8079
17795,2021.8085
17796,2021.8144
17797,2021.8109
17798,2021.8184
17799,2021.8122
17800,2021.8170
17801,2021.8149
17802,2021.8155
17803,2021.8160
17804,2021.8215
17805,2021.8224
17806,2021.8189
17807,2021.8248
17808,2021.8195
17809,2021.8239
17810,2021.8201
17811,2021.8205
17812,2024.8318
17813,2021.8228
17814,2024.8369
17815,2024.8378
17816,2024.8340
17817,2024.8350
17818,2024.8303
17819,2024.8359
17820,2024.8324
17821,2024.8329
17822,2024.8384
17823,2024.8389
17824,2024.8414
17825,2024.8428
17826,2024.8393
17827,2024.8437
17828,2024.8400
17829,2024.8404
17830,2024.8447
17831,2024.8457
17832,2024.8419
17833,2024.8482
17834,2024.8462
17835,2024.8497
17836,2024.8507
17837,2024.8516
17838,2024.8467
17839,2024.8525
17840,2024.8473
17841,2024.8488
17842,2027.9745
17843,2024.8530
17844,2024.8535
17845,2024.8540
17846,2024.8545
17847,2024.8550
17848,2024.8555
17849,2027.9785
17850,2027.9800
17851,2027.9810
17852,2027.9754
17853,2027.9760
17854,2027.9765
17855,2027.9770
17856,2027.9775
17857,2027.9790
17858,2027.9849
17859,2027.9814
17860,2027.9859
17861,2027.9820
17862,2027.9825
17863,2027.9829
17864,2027.9834
17865,2027.9840
17866,2027.9878
17867,2027.9887
17868,2027.9922
17869,2027.9933
17870,2027.9863
17871,2027.9868
17872,2027.9898
17873,2027.9910
17874,2031.0378
17875,2031.0391
17876,2031.0443
17877,2027.9938
17878,2027.9943
17879,2031.0433
17880,2031.0412
17881,2031.0422
17882,2031.0397
17883,2031.0402
17884,2031.0465
17885,2031.0496
17886,2031.0535
17887,2031.0507
17888,2031.0477
17889,2031.0448
17890,2031.0454
17891,2031.0486
17892,2031.0517
17893,2031.0526
17894,2031.0540
17895,2031.0568
17896,2031.0546
17897,2034.5707
17898,2034.5733
17899,2034.5743
17900,2031.0552
17901,2034.5722
17902,2031.0558
17903,2031.0573
17904,2031.0578
17905,2034.5749
17906,2034.5754
17907,2034.5759
17908,2034.5795
17909,2034.5764
17910,2034.5770
17911,2034.5828
17912,2034.5775
17913,2034.5819
17914,2034.5780
17915,2034.5785
17916,2034.5800
17917,2034.5804
17918,2034.5809
17919,2034.5833
17920,2034.0744
17921,2034.0750
17922,2034.0796
17923,2034.0773
17924,2034.0755
17925,2034.0806
17926,2034.0817
17927,2034.0827
17928,2034.0784
17929,2034.0762
17930,2034.0857
17931,2034.0833
17932,2037.3155
17933,2034.0837
17934,2037.3168
17935,2034.0842
17936,2034.0847
17937,2037.3136
17938,2037.3199
17939,2037.3210
17940,2037.3174
17941,2037.3179
17942,2037.3184
17943,2037.3189
17944,2037.3239
17945,2037.3249
17946,2037.3267
17947,2037.3216
17948,2037.3222
17949,2037.3226
17950,2037.3287
17951,2037.3276
17952,2037.3306
17953,2037.3253
17954,2037.3322
17955,2037.3293
17956,2037.3332
17957,2037.3343
17958,2037.3363
17959,2037.3354
17960,2037.3312
17961,2040.3773
17962,2040.3802
17963,2037.3369
17964,2037.3380
17965,2037.3385
17966,2037.3391
17967,2040.3812
17968,2040.3793
17969,2040.3782
17970,2040.3818
17971,2040.3824
17972,2040.3830
17973,2040.3834
17974,2040.3873
17975,2040.3839
17976,2040.3888
17977,2040.3897
17978,2040.3846
17979,2040.3856
17980,2040.3861
17981,2040.3906
17982,2040.3877
17983,2040.3934
17984,2040.3952
17985,2040.3962
17986,2040.3982
17987,2040.3912
17988,2040.3918
17989,2040.3973
17990,2040.3923
17991,2040.3940
17992,2043.7069
17993,2043.7081
17994,2043.7035
17995,2043.7044
17996,2043.7050
17997,2043.7091
17998,2043.7057
17999,2043.7101
18000,2048.9339
18001,2048.9348
18002,2048.9353
18003,2048.9387
18004,2048.9359
18005,2048.9409
18006,2048.9365
18007,2048.9421
18008,2048.9399
18009,2048.9371
18010,2048.9377
18011,2048.9453
18012,2048.9463
18013,2048.9426
18014,2048.9495
18015,2048.9438
18016,2048.9433
18017,2048.9485
18018,2048.9444
18019,2048.9469
18020,2048.9474
18021,2048.9521
18022,2048.9557
18023,2048.9568
18024,2048.9538
18025,2048.9500
18026,2048.9511
18027,2048.9580
18028,2048.9547
18029,2048.9527
18030,2052.0062
18031,2052.0077
18032,2052.0019
18033,2052.0028
18034,2052.0036
18035,2052.0042
18036,2052.0047
18037,2052.0051
18038,2052.0082
18039,2052.0140
18040,2052.0109
18041,2052.0087
18042,2052.0119
18043,2052.0094
18044,2052.0128
18045,2052.0167
18046,2052.0099
18047,2052.0199
18048,2052.0146
18049,2052.0179
18050,2052.0152
18051,2052.0157
18052,2052.0189
18053,2052.0215
18054,2052.0225
18055,2055.3579
18056,2055.3535
18057,2055.3548
18058,2055.3560
18059,2055.3569
18060,2052.0204
18061,2055.3610
18062,2052.0230
18063,2055.3634
18064,2055.3585
18065,2055.3591
18066,2055.3595
18067,2055.3624
18068,2055.3600
18069,2055.3615
18070,2055.3677
18071,2055.3639
18072,2055.3691
18073,2055.3645
18074,2055.3651
18075,2055.3700
18076,2055.3655
18077,2055.3661
18078,2055.3721
18079,2055.3682
18080,2055.3766
18081,2055.3706
18082,2055.3736
18083,2055.3745
18084,2055.3754
18085,2055.3711
18086,2055.3785
18087,2055.3726
18088,2055.3771
18089,2058.4754
18090,2058.4768
18091,2055.3775
18092,2058.4784
18093,2058.4795
18094,2058.4815
18095,2058.4826
18096,2058.4740
18097,2058.4800
18098,2058.4852
18099,2058.4861
18100,2058.4805
18101,2058.4871
18102,2058.4890
18103,2058.4832
18104,2058.4837
18105,2058.4842
18106,2058.4875
18107,2058.4909
18108,2058.4919
18109,2058.4881
18110,2058.4895
18111,2058.4952
18112,2058.4933
18113,2058.4900
18114,2058.4942
18115,2058.4924
18116,2058.4995
18117,2058.5005
18118,2058.4983
18119,2058.4957
18120,2061.8974
18121,2058.4962
18122,2058.4967
18123,2058.4972
18124,2061.8999
18125,2061.9009
18126,2058.5009
18127,2058.5014
18128,2061.8983
18129,2061.9044
18130,2061.9054
18131,2061.8989
18132,2061.9015
18133,2061.9020
18134,2061.9025
18135,2061.9030
18136,2061.9035
18137,2061.9059
18138,2061.9092
18139,2061.9115
18140,2061.9064
18141,2061.9069
18142,2061.9074
18143,2061.9125
18144,2061.9106
18145,2061.9078
18146,2061.9097
18147,2061.9130
18148,2061.9135
18149,2061.9168
18150,2061.9139
18151,2061.9144
18152,2061.9187
18153,2061.9149
18154,2061.9154
18155,2061.9197
18156,2061.9159
18157,2061.9173
18158,2065.4448
18159,2061.9177
18160,2065.4461
18161,2061.9203
18162,2061.9208
18163,2061.9212
18164,2065.4474
18165,2065.4483
18166,2065.4536
18167,2065.4524
18168,2065.4488
18169,2065.4493
18170,2065.4498
18171,2065.4503
18172,2065.4508
18173,2065.4513
18174,2065.4579
18175,2065.4541
18176,2064.9378
18177,2064.9386
18178,2064.9391
18179,2064.9424
18180,2064.9398
18181,2064.9435
18182,2064.9414
18183,2064.9478
18184,2064.9451
18185,2064.9463
18186,2064.9489
18187,2068.0211
18188,2064.9440
18189,2068.0224
18190,2068.0236
18191,2068.0282
18192,2068.0263
18193,2064.9494
18194,2068.0272
18195,2068.0242
18196,2068.0247
18197,2068.0252
18198,2068.0320
18199,2068.0335
18200,2068.0287
18201,2068.0292
18202,2068.0296
18203,2068.0301
18204,2068.0306
18205,2068.0310
18206,2068.0325
18207,2068.0366
18208,2068.0376
18209,2068.0396
18210,2068.0340
18211,2068.0347
18212,2071.1739
18213,2068.0354
18214,2068.0387
18215,2071.1707
18216,2071.1728
18217,2071.1687
18218,2071.1719
18219,2071.1696
18220,2071.1771
18221,2071.1808
18222,2071.1746
18223,2071.1751
18224,2071.1787
18225,2071.1818
18226,2071.1757
18227,2071.1799
18228,2071.1777
18229,2071.1854
18230,2071.1824
18231,2071.1843
18232,2071.1830
18233,2071.1836
18234,2071.1872
18235,2071.1881
18236,2071.1890
18237,2074.4645
18238,2074.4655
18239,2074.4669
18240,2074.4634
18241,2071.1859
18242,2071.1895
18243,2071.1900
18244,2074.4699
18245,2074.4675
18246,2074.4735
18247,2074.4748
18248,2074.4714
18249,2074.4725
18250,2074.4681
18251,2074.4687
18252,2074.4704
18253,2074.4780
18254,2074.4812
18255,2074.4758
18256,2074.4753
18257,2074.4791
18258,2074.4802
18259,2074.4764
18260,2074.4769
18261,2074.4849
18262,2074.4817
18263,2074.4875
18264,2074.4824
18265,2074.4865
18266,2074.4830
18267,2074.4835
18268,2074.4840
18269,2074.4900
18270,2074.4855
18271,2074.4880
18272,2074.4886
18273,2077.6121
18274,2074.4891
18275,2077.6131
18276,2077.6141
18277,2077.6089
18278,2077.6097
18279,2077.6109
18280,2077.6103
18281,2077.6178
18282,2077.6192
18283,2077.6146
18284,2077.6201
18285,2077.6211
18286,2077.6152
18287,2077.6168
18288,2077.6163
18289,2077.6182
18290,2077.6248
18291,2077.6215
18292,2077.6221
18293,2077.6227
18294,2077.6282
18295,2077.6232
18296,2077.6273
18297,2077.6239
18298,2077.6254
18299,2077.6259
18300,2077.6310
18301,2077.6264
18302,2077.6288
18303,2077.6294
18304,2080.6255
18305,2080.6289
18306,2077.6300
18307,2080.6269
18308,2077.6317
18309,2080.6299
18310,2077.6323
18311,2080.6279
18312,2080.6319
18313,2080.6304
18314,2080.6364
18315,2080.6335
18316,2080.6310
18317,2080.6375
18318,2080.6346
18319,2080.6355
18320,2080.6324
18321,2080.6408
18322,2080.6422
18323,2080.6380
18324,2080.6432
18325,2080.6385
18326,2080.6390
18327,2080.6394
18328,2080.6399
18329,2080.6413
18330,2083.7681
18331,2080.6456
18332,2080.6437
18333,2083.7692
18334,2080.6442
18335,2083.7702
18336,2083.7712
18337,2080.6446
18338,2083.7752
18339,2083.7718
18340,2083.7723
18341,2083.7766
18342,2083.7733
18343,2083.7738
18344,2083.7728
18345,2083.7742
18346,2083.7791
18347,2083.7801
18348,2083.7757
18349,2083.7814
18350,2083.7825
18351,2083.7772
18352,2083.7777
18353,2083.7781
18354,2083.7805
18355,2083.7863
18356,2083.7852
18357,2083.7897
18358,2083.7829
18359,2083.7835
18360,2083.7878
18361,2083.7841
18362,2083.7888
18363,2086.9020
18364,2083.7868
18365,2086.9059
18366,2086.9069
18367,2086.9078
18368,2083.7902
18369,2086.9038
18370,2086.9049
18371,2086.9026
18372,2086.9114
18373,2086.9133
18374,2086.9084
18375,2086.9143
18376,2086.9092
18377,2086.9123
18378,2086.9098
18379,2086.9104
18380,2086.9177
18381,2086.9148
18382,2086.9152
18383,2086.9212
18384,2086.9191
18385,2086.9201
18386,2086.9157
18387,2086.9167
18388,2086.9182
18389,2086.9247
18390,2086.9256
18391,2090.2510
18392,2086.9217
18393,2086.9223
18394,2086.9229
18395,2086.9233
18396,2090.2499
18397,2086.9261
18398,2090.2547
18399,2090.2516
18400,2090.2561
18401,2090.2571
18402,2090.2522
18403,2090.2527
18404,2090.2532
18405,2090.2536
18406,2090.2551
18407,2090.2595
18408,2090.2575
18409,2090.2699
18410,2090.2580
18411,2090.2729
18412,2090.2710
18413,2090.2586
18414,2090.2720
18415,2093.4496
18416,2093.4484
18417,2093.4508
18418,2090.2734
18419,2090.2739
18420,2090.2744
18421,2090.2748
18422,2090.2753
18423,2093.4538
18424,2093.4529
18425,2093.4513
18426,2093.4569
18427,2093.4580
18428,2093.4519
18429,2093.4590
18430,2093.4599
18431,2093.4554
18432,2092.9469
18433,2092.9483
18434,2092.9529
18435,2092.9536
18436,2092.9580
18437,2092.9598
18438,2092.9607
18439,2092.9545
18440,2092.9550
18441,2092.9556
18442,2092.9561
18443,2092.9567
18444,2092.9586
18445,2092.9613
18446,2092.9619
18447,2092.9645
18448,2095.9936
18449,2095.9948
18450,2092.9623
18451,2092.9629
18452,2095.9957
18453,2095.9967
18454,2092.9634
18455,2095.9926
18456,2095.9994
18457,2096.0004
18458,2096.0044
18459,2096.0015
18460,2095.9972
18461,2095.9983
18462,2096.0025
18463,2096.0034
18464,2096.0075
18465,2096.0090
18466,2096.0099
18467,2096.0049
18468,2096.0060
18469,2096.0109
18470,2096.0119
18471,2096.0064
18472,2096.0081
18473,2096.0124
18474,2096.0163
18475,2096.0130
18476,2096.0137
18477,2096.0147
18478,2096.0153
18479,2099.1230
18480,2096.0142
18481,2099.1219
18482,2099.1201
18483,2099.1248
18484,2099.1257
18485,2099.1267
18486,2099.1209
18487,2099.1309
18488,2099.1290
18489,2099.1236
18490,2099.1300
18491,2099.1332
18492,2099.1274
18493,2099.1342
18494,2099.1279
18495,2099.1315
18496,2099.1375
18497,2099.1322
18498,2099.1385
18499,2099.1347
18500,2099.1352
18501,2099.1357
18502,2099.1361
18503,2099.1366
18504,2099.1390
18505,2099.1424
18506,2102.3246
18507,2102.3257
18508,2099.1397
18509,2099.1403
18510,2099.1414
18511,2102.3267
18512,2099.1408
18513,2102.3293
18514,2102.3273
18515,2102.3304
18516,2102.3335
18517,2102.3278
18518,2102.3316
18519,2102.3325
18520,2102.3284
18521,2102.3372
18522,2102.3382
18523,2102.3341
18524,2102.3346
18525,2102.3410
18526,2102.3419
18527,2102.3352
18528,2102.3363
18529,2102.3387
18530,2102.3451
18531,2102.3393
18532,2102.3399
18533,2102.3424
18534,2102.3482
18535,2102.3429
18536,2102.3473
18537,2102.3440
18538,2105.4966
18539,2105.4979
18540,2102.3456
18541,2102.3462
18542,2102.3487
18543,2105.5013
18544,2102.3491
18545,2105.5004
18546,2105.5031
18547,2105.4986
18548,2105.4993
18549,2105.5041
18550,2105.5050
18551,2105.5083
18552,2105.5019
18553,2105.5074
18554,2105.5055
18555,2105.5116
18556,2105.5137
18557,2105.5061
18558,2105.5128
18559,2105.5089
18560,2105.5096
18561,2105.5102
18562,2105.5107
18563,2105.5158
18564,2105.5182
18565,2105.5211
18566,2105.5142
18567,2105.5192
18568,2105.5148
18569,2105.5201
18570,2105.5172
18571,2108.6154
18572,2108.6181
18573,2108.6201
18574,2105.5217
18575,2105.5222
18576,2108.6191
18577,2108.6143
18578,2108.6171
18579,2108.6160
18580,2108.6206
18581,2108.6211
18582,2108.6231
18583,2108.6216
18584,2108.6247
18585,2108.6257
18586,2108.6266
18587,2108.6222
18588,2108.6276
18589,2108.6285
18590,2108.6237
18591,2108.6319
18592,2108.6333
18593,2108.6290
18594,2108.6295
18595,2108.6300
18596,2108.6305
18597,2108.6342
18598,2108.6310
18599,2108.6323
18600,2108.6347
18601,2108.6351
18602,2111.8276
18603,2111.8316
18604,2111.8306
18605,2108.6356
18606,2108.6361
18607,2108.6366
18608,2111.8294
18609,2108.6371
18610,2111.8283
18611,2111.8320
18612,2111.8326
18613,2111.8357
18614,2111.8382
18615,2111.8336
18616,2111.8331
18617,2111.8342
18618,2111.8373
18619,2111.8347
18620,2111.8392
18621,2111.8361
18622,2111.8397
18623,2111.8436
18624,2111.8401
18625,2111.8407
18626,2115.0883
18627,2111.8412
18628,2111.8417
18629,2111.8422
18630,2111.8426
18631,2111.8441
18632,2115.0910
18633,2115.0920
18634,2115.0889
18635,2115.0942
18636,2115.0895
18637,2115.0951
18638,2115.0900
18639,2115.0960
18640,2115.0926
18641,2115.0976
18642,2115.0930
18643,2115.1003
18644,2115.0965
18645,2115.1012
18646,2115.1022
18647,2115.1032
18648,2115.0993
18649,2115.0983
18650,2115.1062
18651,2115.1036
18652,2118.0386
18653,2115.1042
18654,2118.0396
18655,2115.1047
18656,2118.0374
18657,2115.1051
18658,2115.1067
18659,2115.1071
18660,2118.0401
18661,2118.0431
18662,2118.0406
18663,2118.0412
18664,2118.0441
18665,2118.0450
18666,2118.0417
18667,2118.0422
18668,2118.0459
18669,2118.0479
18670,2118.0488
18671,2118.0498
18672,2118.0513
18673,2118.0563
18674,2118.0464
18675,2118.0469
18676,2118.0525
18677,2118.0503
18678,2118.0535
18679,2118.0544
18680,2118.0554
18681,2118.0568
18682,2121.3895
18683,2121.3931
18684,2118.0573
18685,2121.3941
18686,2118.0578
18687,2118.0583
18688,2120.9014
18689,2117.5691
18690,2120.9096
18691,2120.9112
18692,2120.9122
18693,2120.9050
18694,2120.9063
18695,2120.9070
18696,2120.9074
18697,2120.9084
18698,2120.9158
18699,2120.9170
18700,2120.9127
18701,2120.9132
18702,2120.9137
18703,2120.9179
18704,2120.9141
18705,2120.9146
18706,2120.9205
18707,2120.9184
18708,2120.9250
18709,2120.9260
18710,2120.9190
18711,2120.9195
18712,2120.9228
18713,2120.9239
18714,2120.9211
18715,2120.9217
18716,2124.1870
18717,2124.1909
18718,2124.1880
18719,2124.1900
18720,2124.1887
18721,2124.1951
18722,2124.1962
18723,2124.1978
18724,2124.1992
18725,2124.1916
18726,2124.1924
18727,2124.1930
18728,2124.1936
18729,2124.1997
18730,2124.2050
18731,2124.2072
18732,2124.2003
18733,2124.2011
18734,2124.2017
18735,2124.2024
18736,2124.2031
18737,2124.2036
18738,2124.2060
18739,2124.2078
18740,2124.2106
18741,2124.2085
18742,2124.2193
18743,2124.2091
18744,2124.2139
18745,2124.2154
18746,2124.2166
18747,2124.2180
18748,2124.2112
18749,2124.2119
18750,2127.1228
18751,2124.2221
18752,2124.2199
18753,2127.1253
18754,2124.2208
18755,2127.1197
18756,2127.1204
18757,2127.1211
18758,2127.1234
18759,2127.1241
18760,2127.1279
18761,2127.1260
18762,2127.1267
18763,2127.1312
18764,2127.1324
18765,2127.1410
18766,2127.1369
18767,2127.1339
18768,2127.1286
18769,2127.1296
18770,2127.1352
18771,2127.1381
18772,2127.1395
18773,2127.1415
18774,2127.1423
18775,2130.2996
18776,2127.1432
18777,2127.1443
18778,2130.3025
18779,2130.3035
18780,2130.3044
18781,2130.3052
18782,2127.1450
18783,2130.3081
18784,2130.3004
18785,2130.3015
18786,2130.3057
18787,2130.3062
18788,2130.3105
18789,2130.3066
18790,2130.3073
18791,2130.3085
18792,2130.3138
18793,2130.3092
18794,2130.3147
18795,2130.3131
18796,2130.3112
18797,2130.3117
18798,2130.3172
18799,2130.3189
18800,2130.3201
18801,2130.3209
18802,2130.3232
18803,2130.3216
18804,2130.3157
18805,2130.3224
18806,2130.3257
18807,2130.3194
18808,2130.3237
18809,2130.3240
18810,2130.3249
18811,2133.2714
18812,2133.2736
18813,2133.2726
18814,2133.2774
18815,2133.2696
18816,2133.2765
18817,2133.2754
18818,2133.2704
18819,2133.2795
18820,2133.2807
18821,2133.2743
18822,2133.2843
18823,2133.2786
18824,2133.2824
18825,2133.2780
18826,2133.2834
18827,2133.2854
18828,2133.2863
18829,2133.2812
18830,2133.2913
18831,2133.2923
18832,2133.2891
18833,2133.2932
18834,2133.2904
18835,2133.2869
18836,2136.5237
18837,2133.2877
18838,2136.5287
18839,2136.5277
18840,2133.2937
18841,2136.5256
18842,2136.5266
18843,2133.2948
18844,2136.5244
18845,2136.5326
18846,2136.5292
18847,2136.5297
18848,2136.5301
18849,2136.5306
18850,2136.5311
18851,2136.5352
18852,2136.5316
18853,2136.5332
18854,2136.5379
18855,2136.5388
18856,2136.5336
18857,2136.5369
18858,2136.5342
18859,2136.5358
18860,2139.6983
18861,2139.6994
18862,2139.7031
18863,2136.5393
18864,2139.7006
18865,2136.5399
18866,2139.7016
18867,2136.5404
18868,2139.7062
18869,2139.7071
18870,2139.7037
18871,2139.7102
18872,2139.7042
18873,2139.7047
18874,2139.7052
18875,2139.7092
18876,2139.7076
18877,2139.7082
18878,2139.7127
18879,2139.7107
18880,2139.7142
18881,2139.7151
18882,2139.7161
18883,2139.7111
18884,2139.7170
18885,2139.7117
18886,2139.7132
18887,2139.7204
18888,2139.7175
18889,2139.7180
18890,2139.7219
18891,2139.7228
18892,2139.7185
18893,2139.7190
18894,2139.7195
18895,2139.7209
18896,2142.8179
18897,2142.8190
18898,2142.8155
18899,2142.8209
18900,2142.8219
18901,2142.8228
18902,2142.8163
18903,2142.8168
18904,2142.8195
18905,2142.8200
18906,2142.8260
18907,2142.8286
18908,2142.8234
18909,2142.8295
18910,2142.8239
18911,2142.8245
18912,2142.8250
18913,2142.8276
18914,2142.8265
18915,2142.8301
18916,2142.8330
18917,2142.8306
18918,2142.8312
18919,2142.8376
18920,2142.8347
18921,2142.8356
18922,2142.8366
18923,2142.8319
18924,2142.8336
18925,2145.8165
18926,2145.8179
18927,2145.8218
18928,2142.8381
18929,2145.8197
18930,2145.8207
18931,2142.8387
18932,2145.8227
18933,2145.8253
18934,2145.8185
18935,2145.8233
18936,2145.8263
18937,2145.8238
18938,2145.8244
18939,2145.8274
18940,2145.8284
18941,2145.8302
18942,2145.8311
18943,2145.8321
18944,2145.3277
18945,2145.3204
18946,2145.3246
18947,2145.3258
18948,2145.3267
18949,2145.3324
18950,2145.3302
18951,2145.3313
18952,2145.3283
18953,2145.3340
18954,2145.3351
18955,2145.3288
18956,2145.3362
18957,2148.5689
18958,2145.3329
18959,2148.5699
18960,2148.5709
18961,2148.5734
18962,2148.5667
18963,2148.5678
18964,2148.5673
18965,2148.5714
18966,2148.5753
18967,2148.5725
18968,2148.5720
18969,2148.5739
18970,2148.5769
18971,2148.5778
18972,2148.5787
18973,2148.5744
18974,2148.5839
18975,2148.5759
18976,2148.5818
18977,2148.5828
18978,2148.5793
18979,2148.5799
18980,2148.5808
18981,2148.5869
18982,2148.5845
18983,2148.5860
18984,2148.5850
18985,2148.5855
18986,2148.5901
18987,2148.5912
18988,2148.5924
18989,2148.5875
18990,2151.8780
18991,2151.8792
18992,2148.5886
18993,2148.5891
18994,2148.5928
18995,2148.5934
18996,2148.5939
18997,2151.8798
18998,2151.8827
18999,2151.8811
19000,2151.8805
19001,2151.8844
19002,2151.8854
19003,2151.8864
19004,2151.8817
19005,2151.8873
19006,2151.8914
19007,2151.8832
19008,2151.8904
19009,2151.8928
19010,2151.8879
19011,2151.8885
19012,2151.8890
19013,2151.8895
19014,2151.8919
19015,2151.8957
19016,2151.8948
19017,2151.8969
19018,2151.8978
19019,2151.8933
19020,2151.8998
19021,2151.8938
19022,2151.8989
19023,2154.9776
19024,2154.9764
19025,2151.9003
19026,2151.9009
19027,2151.9013
19028,2154.9802
19029,2151.9024
19030,2151.9029
19031,2154.9782
19032,2154.9825
19033,2154.9835
19034,2154.9787
19035,2154.9792
19036,2154.9807
19037,2154.9862
19038,2154.9815
19039,2154.9873
19040,2154.9841
19041,2154.9894
19042,2154.9846
19043,2154.9903
19044,2154.9852
19045,2154.9936
19046,2154.9879
19047,2154.9884
19048,2154.9926
19049,2154.9955
19050,2154.9965
19051,2154.9909
19052,2154.9915
19053,2154.9940
19054,2154.9946
19055,2158.2196
19056,2158.2185
19057,2158.2212
19058,2154.9969
19059,2158.2222
19060,2158.2231
19061,2158.2241
19062,2154.9977
19063,2158.2202
19064,2158.2261
19065,2158.2246
19066,2158.2270
19067,2158.2280
19068,2158.2291
19069,2158.2300
19070,2158.2252
19071,2158.2309
19072,2158.2334
19073,2158.2343
19074,2158.2314
19075,2161.4265
19076,2158.2320
19077,2158.2324
19078,2161.4276
19079,2161.4285
19080,2161.4316
19081,2161.4326
19082,2158.2348
19083,2161.4290
19084,2161.4295
19085,2161.4300
19086,2161.4305
19087,2161.4364
19088,2161.4331
19089,2161.4335
19090,2161.4341
19091,2161.4346
19092,2161.4351
19093,2161.4355
19094,2161.4378
19095,2161.4426
19096,2161.4389
19097,2161.4398
19098,2161.4408
19099,2161.4369
19100,2161.4437
19101,2161.4417
19102,2161.4468
19103,2161.4477
19104,2161.4443
19105,2161.4486
19106,2161.4496
19107,2161.4449
19108,2161.4454
19109,2161.4459
19110,2161.4527
19111,2164.4656
19112,2164.4626
19113,2161.4501
19114,2161.4507
19115,2164.4637
19116,2164.4646
19117,2161.4511
19118,2164.4613
19119,2164.4695
19120,2164.4662
19121,2164.4709
19122,2164.4667
19123,2164.4718
19124,2164.4672
19125,2164.4677
19126,2164.4682
19127,2164.4746
19128,2164.4699
19129,2164.4723
19130,2164.4762
19131,2164.4772
19132,2164.4727
19133,2164.4732
19134,2164.4737
19135,2164.4801
19136,2164.4751
19137,2164.4791
19138,2167.6420
19139,2167.6442
19140,2164.4776
19141,2167.6432
19142,2164.4782
19143,2167.6483
19144,2167.6463
19145,2167.6473
19146,2167.6508
19147,2167.6448
19148,2167.6519
19149,2167.6453
19150,2167.6529
19151,2167.6499
19152,2167.6488
19153,2167.6493
19154,2167.6533
19155,2167.6587
19156,2167.6547
19157,2167.6597
19158,2167.6606
19159,2167.6538
19160,2167.6558
19161,2167.6567
19162,2167.6577
19163,2167.6653
19164,2167.6611
19165,2167.6662
19166,2167.6615
19167,2167.6635
19168,2167.6620
19169,2167.6625
19170,2167.6644
19171,2167.6667
19172,2167.6672
19173,2170.7153
19174,2170.7189
19175,2170.7160
19176,2170.7208
19177,2170.7165
19178,2170.7170
19179,2170.7218
19180,2170.7175
19181,2170.7179
19182,2170.7194
19183,2170.7199
19184,2170.7223
19185,2170.7234
19186,2170.7243
19187,2170.7252
19188,2170.7262
19189,2170.7271
19190,2170.7303
19191,2170.7282
19192,2170.7293
19193,2170.7317
19194,2170.7326
19195,2170.7307
19196,2170.7359
19197,2170.7375
19198,2170.7384
19199,2170.7393
19200,2170.2304
19201,2173.5329
19202,2170.2286
19203,2170.2294
19204,2170.2354
19205,2173.5357
19206,2170.2359
19207,2173.5366
19208,2173.5346
19209,2173.5388
19210,2173.5336
19211,2173.5409
19212,2173.5400
19213,2173.5439
19214,2173.5372
19215,2173.5378
19216,2173.5428
19217,2173.5469
19218,2173.5480
19219,2173.5489
19220,2173.5415
19221,2173.5508
19222,2173.5445
19223,2173.5454
19224,2173.5449
19225,2173.5494
19226,2173.5529
19227,2173.5538
19228,2173.5498
19229,2173.5563
19230,2173.5573
19231,2173.5513
19232,2173.5554
19233,2173.5519
19234,2176.6768
19235,2176.6777
19236,2173.5543
19237,2176.6735
19238,2176.6743
19239,2176.6753
19240,2176.6748
19241,2176.6758
19242,2176.6812
19243,2176.6782
19244,2176.6788
19245,2176.6793
19246,2176.6803
19247,2176.6837
19248,2176.6827
19249,2176.6867
19250,2176.6877
19251,2176.6886
19252,2176.6895
19253,2176.6818
19254,2176.6858
19255,2176.6848
19256,2176.6842
19257,2176.6901
19258,2176.6907
19259,2176.6912
19260,2176.6963
19261,2176.6932
19262,2176.6917
19263,2176.6922
19264,2176.6972
19265,2176.6942
19266,2176.6981
19267,2176.6953
19268,2179.7252
19269,2179.7288
19270,2179.7298
19271,2179.7242
19272,2179.7307
19273,2179.7270
19274,2179.7279
19275,2179.7236
19276,2179.7259
19277,2179.7313
19278,2179.7319
19279,2179.7358
19280,2179.7324
19281,2179.7330
19282,2179.7336
19283,2179.7340
19284,2179.7345
19285,2179.7349
19286,2179.7372
19287,2179.7363
19288,2182.8000
19289,2182.8011
19290,2182.8021
19291,2182.8041
19292,2182.8032
19293,2182.8051
19294,2179.7378
19295,2182.8082
19296,2182.8091
19297,2182.8057
19298,2182.8101
19299,2182.8110
19300,2182.8062
19301,2182.8119
19302,2182.8073
19303,2182.8133
19304,2182.8144
19305,2182.8154
19306,2182.8164
19307,2182.8173
19308,2182.8182
19309,2182.8124
19310,2182.8191
19311,2182.8216
19312,2182.8196
19313,2182.8252
19314,2182.8202
19315,2182.8232
19316,2182.8263
19317,2182.8243
19318,2182.8207
19319,2186.2665
19320,2186.2654
19321,2186.2683
19322,2182.8269
19323,2186.2697
19324,2186.2707
19325,2186.2716
19326,2182.8275
19327,2186.2671
19328,2186.2749
19329,2186.2763
19330,2186.2721
19331,2186.2725
19332,2186.2730
19333,2186.2735
19334,2186.2740
19335,2186.2775
19336,2186.2754
19337,2186.2780
19338,2186.2785
19339,2186.2809
19340,2186.2828
19341,2186.2855
19342,2186.2789
19343,2186.2839
19344,2186.2818
19345,2186.2795
19346,2186.2799
19347,2186.2883
19348,2189.4389
19349,2189.4368
19350,2186.2864
19351,2186.2869
19352,2186.2859
19353,2186.2873
19354,2189.4379
19355,2186.2887
19356,2189.4394
19357,2189.4399
19358,2189.4419
19359,2189.4460
19360,2189.4471
19361,2189.4404
19362,2189.4430
19363,2189.4440
19364,2189.4449
19365,2189.4410
19366,2189.4501
19367,2189.4531
19368,2189.4476
19369,2189.4481
19370,2189.4511
19371,2189.4486
19372,2189.4521
19373,2189.4492
19374,2189.4566
19375,2189.4590
19376,2189.4535
19377,2189.4540
19378,2189.4545
19379,2189.4581
19380,2189.4550
19381,2189.4556
19382,2192.5804
19383,2192.5842
19384,2189.4595
19385,2189.4600
19386,2189.4605
19387,2189.4610
19388,2192.5822
19389,2192.5832
19390,2192.5811
19391,2192.5872
19392,2192.5847
19393,2192.5892
19394,2192.5853
19395,2192.5912
19396,2192.5858
19397,2192.5863
19398,2192.5902
19399,2192.5877
19400,2192.5881
19401,2192.5940
19402,2192.5950
19403,2192.5917
19404,2192.5922
19405,2192.5926
19406,2192.5984
19407,2192.5931
19408,2192.5974
19409,2195.8530
19410,2192.5954
19411,2192.5960
19412,2195.8519
19413,2192.5964
19414,2192.5989
19415,2195.8565
19416,2195.8555
19417,2195.8610
19418,2195.8590
19419,2195.8601
19420,2195.8535
19421,2195.8540
19422,2195.8545
19423,2195.8575
19424,2195.8570
19425,2195.8644
19426,2195.8615
19427,2195.8620
19428,2195.8664
19429,2195.8625
19430,2195.8630
19431,2195.8634
19432,2195.8655
19433,2195.8685
19434,2195.8695
19435,2195.8704
19436,2195.8744
19437,2195.8726
19438,2195.8669
19439,2195.8735
19440,2195.8675
19441,2195.8710
19442,2198.9924
19443,2195.8714
19444,2198.9936
19445,2198.9946
19446,2198.9955
19447,2195.8749
19448,2195.8754
19449,2195.8758
19450,2198.9982
19451,2198.9992
19452,2198.9961
19453,2198.9966
19454,2199.0044
19455,2198.9971
19456,2198.5099
19457,2198.5109
19458,2198.5076
19459,2198.5083
19460,2198.5134
19461,2198.5089
19462,2198.5183
19463,2198.5192
19464,2198.5146
19465,2198.5124
19466,2198.5160
19467,2198.5172
19468,2198.5225
19469,2198.5240
19470,2198.5257
19471,2198.5268
19472,2198.5197
19473,2198.5203
19474,2198.5208
19475,2198.5214
19476,2201.6053
19477,2198.5246
19478,2201.6026
19479,2201.6032
19480,2201.6074
19481,2201.6037
19482,2201.6085
19483,2201.6042
19484,2201.6112
19485,2201.6122
19486,2201.6059
19487,2201.6064
19488,2201.6137
19489,2201.6090
19490,2201.6095
19491,2201.6103
19492,2201.6165
19493,2201.6127
19494,2201.6187
19495,2201.6176
19496,2201.6142
19497,2205.1045
19498,2201.6148
19499,2201.6154
19500,2209.3105
19501,2209.3141
19502,2209.3112
19503,2209.3187
19504,2209.3119
19505,2209.3166
19506,2209.3177
19507,2209.3125
19508,2209.3131
19509,2209.3146
19510,2209.3151
19511,2209.3192
19512,2209.3230
19513,2209.3197
19514,2209.3203
19515,2209.3208
19516,2209.3214
19517,2209.3219
19518,2209.3258
19519,2209.3267
19520,2209.3235
19521,2209.3243
19522,2212.4412
19523,2209.3248
19524,2212.4391
19525,2212.4402
19526,2209.3272
19527,2212.4451
19528,2212.4441
19529,2209.3278
19530,2212.4472
19531,2212.4418
19532,2212.4481
19533,2212.4425
19534,2212.4431
19535,2212.4513
19536,2212.4456
19537,2212.4462
19538,2212.4486
19539,2212.4491
19540,2212.4540
19541,2212.4497
19542,2212.4504
19543,2212.4568
19544,2212.4519
19545,2212.4525
19546,2212.4530
19547,2212.4557
19548,2212.4587
19549,2212.4546
19550,2212.4597
19551,2212.4648
19552,2212.4620
19553,2212.4630
19554,2212.4574
19555,2212.4639
19556,2212.4603
19557,2215.5104
19558,2212.4609
19559,2215.5141
19560,2215.5121
19561,2215.5079
19562,2215.5131
19563,2215.5086
19564,2215.5092
19565,2215.5163
19566,2215.5109
19567,2215.5211
19568,2215.5201
19569,2215.5147
19570,2215.5153
19571,2215.5179
19572,2215.5190
19573,2215.5236
19574,2215.5168
19575,2215.5271
19576,2215.5216
19577,2215.5222
19578,2215.5227
19579,2215.5251
19580,2215.5262
19581,2215.5241
19582,2215.5308
19583,2218.8838
19584,2215.5277
19585,2215.5282
19586,2218.8816
19587,2215.5293
19588,2218.8828
19589,2215.5298
19590,2218.8866
19591,2218.8911
19592,2218.8878
19593,2218.8844
19594,2218.8888
19595,2218.8851
19596,2218.8901
19597,2218.8856
19598,2218.8940
19599,2218.8917
19600,2218.8955
19601,2218.8976
19602,2218.8985
19603,2218.8966
19604,2218.8923
19605,2218.8929
19606,2218.9012
19607,2218.8944
19608,2218.9031
19609,2218.9041
19610,2218.8991
19611,2218.8996
19612,2218.9051
19613,2218.9001
19614,2218.9017
19615,2218.9022
19616,2222.1252
19617,2218.9056
19618,2222.1288
19619,2218.9061
19620,2222.1268
19621,2218.9065
19622,2222.1278
19623,2222.1297
19624,2222.1331
19625,2222.1259
19626,2222.1302
19627,2222.1307
19628,2222.1312
19629,2222.1316
19630,2222.1352
19631,2222.1321
19632,2222.1366
19633,2222.1335
19634,2222.1375
19635,2222.1341
19636,2222.1384
19637,2222.1395
19638,2222.1356
19639,2222.1427
19640,2222.1400
19641,2222.1405
19642,2222.1410
19643,2222.1453
19644,2222.1463
19645,2222.1416
19646,2222.1472
19647,2222.1432
19648,2222.1437
19649,2222.1507
19650,2222.1442
19651,2225.1401
19652,2222.1477
19653,2225.1411
19654,2222.1488
19655,2222.1493
19656,2222.1498
19657,2225.1384
19658,2225.1391
19659,2225.1425
19660,2225.1476
19661,2225.1446
19662,2225.1485
19663,2225.1416
19664,2225.1436
19665,2225.1456
19666,2225.1466
19667,2225.1507
19668,2225.1537
19669,2225.1490
19670,2225.1547
19671,2225.1557
19672,2225.1518
19673,2225.1498
19674,2225.1528
19675,2225.1595
19676,2225.1561
19677,2225.1566
19678,2225.1571
19679,2225.1576
19680,2225.1580
19681,2225.1585
19682,2228.2064
19683,2228.2087
19684,2228.2096
19685,2228.2105
19686,2225.1599
19687,2225.1604
19688,2228.2077
19689,2225.1609
19690,2228.2128
19691,2228.2147
19692,2228.2156
19693,2228.2165
19694,2228.2111
19695,2228.2175
19696,2228.2138
19697,2228.2116
19698,2228.2206
19699,2228.2240
19700,2228.2180
19701,2228.2186
19702,2228.2192
19703,2228.2196
19704,2228.2221
19705,2228.2230
19706,2228.2210
19707,2228.2244
19708,2228.2249
19709,2228.2254
19710,2228.2258
19711,2231.6718
19712,2231.1659
19713,2231.1672
19714,2227.7261
19715,2231.1705
19716,2231.1682
19717,2231.1735
19718,2231.1694
19719,2231.1788
19720,2231.1720
19721,2231.1755
19722,2231.1767
19723,2231.1779
19724,2231.1725
19725,2231.1820
19726,2231.1740
19727,2231.1794
19728,2231.1843
19729,2231.1800
19730,2231.1805
19731,2231.1853
19732,2231.1811
19733,2231.1825
19734,2231.1829
19735,2231.1834
19736,2234.5232
19737,2231.1857
19738,2234.5262
19739,2231.1863
19740,2231.1869
19741,2231.1873
19742,2234.5271
19743,2234.5252
19744,2234.5295
19745,2234.5240
19746,2234.5315
19747,2234.5325
19748,2234.5335
19749,2234.5344
19750,2234.5278
19751,2234.5285
19752,2234.5300
19753,2234.5306
19754,2234.5349
19755,2234.5379
19756,2234.5406
19757,2234.5416
19758,2234.5354
19759,2234.5365
19760,2234.5360
19761,2234.5370
19762,2234.5397
19763,2234.5385
19764,2238.5638
19765,2238.5669
19766,2238.5645
19767,2238.5706
19768,2238.5715
19769,2238.5652
19770,2238.5685
19771,2238.5657
19772,2238.5695
19773,2238.5737
19774,2238.5747
19775,2238.5781
19776,2238.5791
19777,2238.5762
19778,2238.5721
19779,2238.5727
19780,2238.5772
19781,2238.5822
19782,2238.5831
19783,2238.5795
19784,2238.5851
19785,2238.5801
19786,2238.5807
19787,2238.5861
19788,2238.5812
19789,2238.5837
19790,2241.7670
19791,2238.5842
19792,2238.5867
19793,2238.5872
19794,2241.7696
19795,2238.5877
19796,2238.5883
19797,2238.5889
19798,2241.7728
19799,2241.7678
19800,2241.7685
19801,2241.7719
19802,2241.7701
19803,2241.7763
19804,2241.7708
19805,2241.7773
19806,2241.7734
19807,2241.7740
19808,2241.7796
19809,2241.7745
19810,2241.7751
19811,2241.7778
19812,2241.7782
19813,2241.7825
19814,2241.7834
19815,2241.7787
19816,2241.7804
19817,2241.7808
19818,2241.7870
19819,2241.7861
19820,2241.7814
19821,2241.7840
19822,2241.7845
19823,2244.8608
19824,2241.7851
19825,2241.7904
19826,2241.7876
19827,2241.7882
19828,2244.8634
19829,2241.7886
19830,2241.7892
19831,2244.8662
19832,2244.8675
19833,2244.8614
19834,2244.8620
19835,2244.8652
19836,2244.8704
19837,2244.8639
19838,2244.8713
19839,2244.8681
19840,2244.8739
19841,2244.8687
19842,2244.8694
19843,2244.8749
19844,2244.8720
19845,2244.8725
19846,2244.8729
19847,2244.8758
19848,2244.8769
19849,2244.8779
19850,2244.8788
19851,2244.8798
19852,2244.8807
19853,2244.8817
19854,2244.8826
19855,2244.8850
19856,2244.8830
19857,2247.9833
19858,2244.8835
19859,2244.8841
19860,2247.9843
19861,2247.9853
19862,2247.9863
19863,2247.9821
19864,2247.9884
19865,2247.9869
19866,2247.9900
19867,2247.9909
19868,2247.9918
19869,2247.9875
19870,2247.9928
19871,2247.9937
19872,2247.9968
19873,2247.9890
19874,2247.9982
19875,2247.9943
19876,2247.9948
19877,2247.9952
19878,2247.9991
19879,2247.9957
19880,2247.9973
19881,2248.0019
19882,2248.0029
19883,2248.0039
19884,2248.0049
19885,2248.0058
19886,2247.9996
19887,2248.0009
19888,2248.0004
19889,2251.1726
19890,2248.0064
19891,2251.1748
19892,2248.0069
19893,2251.1757
19894,2251.1767
19895,2251.1776
19896,2251.1714
19897,2251.1732
19898,2251.1737
19899,2251.1781
19900,2251.1787
19901,2251.1807
19902,2251.1792
19903,2251.1846
19904,2251.1855
19905,2251.1797
19906,2251.1827
19907,2251.1836
19908,2251.1866
19909,2251.1890
19910,2251.1812
19911,2251.1871
19912,2251.1900
19913,2251.1909
19914,2251.1875
19915,2251.1919
19916,2251.1880
19917,2251.1938
19918,2251.1947
19919,2251.1957
19920,2251.1923
19921,2254.1966
19922,2254.1947
19923,2251.1928
19924,2254.1957
19925,2254.1924
19926,2254.1932
19927,2254.1996
19928,2254.1937
19929,2254.2015
19930,2254.1972
19931,2254.2025
19932,2254.1977
19933,2254.1982
19934,2254.1987
19935,2254.2001
19936,2254.2006
19937,2254.2029
19938,2254.2054
19939,2257.6728
19940,2257.6739
19941,2254.2035
19942,2254.2040
19943,2257.6706
19944,2254.2045
19945,2257.6718
19946,2257.6764
19947,2257.6782
19948,2257.6792
19949,2257.6744
19950,2257.6749
19951,2257.6801
19952,2257.6773
19953,2257.6754
19954,2257.6823
19955,2257.6859
19956,2257.6807
19957,2257.6868
19958,2257.6911
19959,2257.6813
19960,2257.6834
19961,2257.6850
19962,2257.6883
19963,2257.6873
19964,2257.6892
19965,2257.6901
19966,2257.6915
19967,2257.6920
19968,2257.5957
19969,2260.7924
19970,2257.5964
19971,2257.5969
19972,2257.5977
19973,2260.7968
19974,2257.5981
19975,2257.5987
19976,2260.7958
19977,2260.7932
19978,2260.7938
19979,2260.7943
19980,2260.7948
19981,2260.7977
19982,2260.7983
19983,2260.8047
19984,2260.8016
19985,2260.8028
19986,2260.8037
19987,2260.7990
19988,2260.7995
19989,2260.8000
19990,2260.8005
19991,2260.8053
19992,2260.8100
19993,2260.8058
19994,2260.8068
19995,2260.9560
19996,2260.8072
19997,2260.8077
19998,2260.8083
19999,2260.8088
