tx_idx,latency_ms
0,417.1714
1,417.1733
2,417.1745
3,417.1750
4,417.1759
5,417.1767
6,417.1777
7,417.1780
8,417.1788
9,417.1800
10,417.1807
11,417.1812
12,417.1819
13,417.1827
14,417.1834
15,417.1838
16,417.1841
17,417.1848
18,417.1855
19,417.1859
20,417.1866
21,417.1869
22,417.1877
23,417.1880
24,417.1887
25,417.1894
26,417.1901
27,417.1909
28,417.1916
29,417.1919
30,417.1923
31,417.1930
32,417.1933
33,417.1937
34,417.1941
35,417.1944
36,417.1948
37,417.1955
38,417.1962
39,417.1966
40,417.1973
41,417.1976
42,417.1979
43,417.1987
44,417.1990
45,417.1995
46,417.2002
47,417.2009
48,417.2013
49,417.2016
50,417.2020
51,417.2023
52,417.2030
53,417.2037
54,417.2045
55,417.2052
56,417.2055
57,417.2063
58,417.2066
59,417.2071
60,417.2078
61,417.2082
62,417.2085
63,417.2093
64,417.2100
65,417.2112
66,417.2120
67,417.2127
68,417.2134
69,417.2137
70,417.2144
71,417.2148
72,417.2155
73,417.2158
74,417.2162
75,417.2165
76,417.2169
77,417.2172
78,417.2180
79,417.2183
80,417.2187
81,417.2194
82,417.2201
83,417.2208
84,417.2216
85,417.2219
86,417.2226
87,417.2234
88,417.2237
89,417.2241
90,417.2248
91,417.2255
92,417.2262
93,417.2269
94,417.2276
95,417.2280
96,417.2287
97,417.2294
98,417.2298
99,417.2306
100,417.2314
101,417.2321
102,417.2329
103,417.2336
104,417.2343
105,417.2350
106,417.2358
107,417.2361
108,417.2369
109,417.2376
110,417.2379
111,417.2383
112,417.2390
113,417.2398
114,417.2402
115,417.2405
116,417.2409
117,417.2413
118,417.2416
119,417.2423
120,417.2431
121,417.2438
122,417.2442
123,417.2449
124,417.2453
125,417.2457
126,417.2460
127,417.2465
128,417.2470
129,417.2478
130,417.2485
131,417.2489
132,417.2493
133,417.2502
134,417.2506
135,417.2510
136,417.2513
137,417.2517
138,417.2524
139,417.2531
140,417.2535
141,417.2543
142,417.2551
143,417.2554
144,417.2562
145,417.2569
146,417.2573
147,417.2576
148,417.2584
149,417.2587
150,417.2591
151,417.2595
152,417.2598
153,417.2602
154,417.2609
155,417.2616
156,417.2624
157,417.2631
158,417.2638
159,417.2647
160,417.2651
161,417.2654
162,417.2658
163,417.2666
164,417.2670
165,417.2673
166,417.2677
167,417.2684
168,417.2688
169,417.2695
170,417.2703
171,417.2710
172,417.2717
173,417.2721
174,417.2728
175,417.2732
176,417.2739
177,417.2743
178,417.2751
179,417.2758
180,417.2765
181,417.2773
182,417.2776
183,417.2780
184,417.2784
185,417.2788
186,417.2795
187,417.2798
188,417.2802
189,417.2809
190,417.2813
191,417.2817
192,417.2821
193,417.2829
194,417.2836
195,417.2840
196,417.2847
197,417.2854
198,417.2862
199,417.2865
200,417.2869
201,417.2873
202,417.2880
203,417.2892
204,417.2895
205,417.2899
206,417.2902
207,417.2906
208,417.2910
209,417.2913
210,417.2917
211,417.2920
212,417.2928
213,417.2935
214,417.2943
215,417.2946
216,417.2953
217,417.2957
218,417.2964
219,417.2971
220,417.2979
221,417.2983
222,417.2990
223,417.2997
224,417.3001
225,417.3005
226,417.3012
227,417.3019
228,417.3026
229,417.3034
230,417.3041
231,417.3045
232,417.3052
233,417.3059
234,417.3066
235,417.3070
236,417.3074
237,417.3081
238,417.3088
239,417.3096
240,417.3103
241,417.3110
242,417.3117
243,417.3125
244,417.3128
245,417.3135
246,417.3139
247,417.3143
248,417.3150
249,417.3154
250,417.3161
251,417.3169
252,417.3172
253,417.3179
254,417.3187
255,417.3191
256,416.9059
257,416.9067
258,416.9076
259,416.9084
260,416.9092
261,416.9097
262,416.9105
263,416.9109
264,416.9118
265,416.9122
266,416.9126
267,416.9130
268,416.9139
269,416.9144
270,416.9148
271,416.9155
272,416.9163
273,416.9172
274,416.9179
275,416.9187
276,416.9194
277,416.9201
278,416.9210
279,416.9214
280,416.9218
281,416.9225
282,416.9229
283,416.9236
284,416.9244
285,416.9247
286,416.9255
287,416.9258
288,416.9266
289,416.9269
290,416.9276
291,416.9280
292,416.9285
293,416.9289
294,416.9292
295,416.9299
296,416.9307
297,416.9310
298,416.9314
299,416.9322
300,416.9329
301,416.9333
302,416.9337
303,416.9346
304,416.9354
305,416.9362
306,416.9369
307,416.9377
308,416.9384
309,416.9388
310,416.9391
311,416.9395
312,416.9402
313,416.9409
314,416.9413
315,416.9417
316,416.9420
317,416.9428
318,416.9431
319,416.9439
320,416.9442
321,416.9450
322,416.9456
323,416.9464
324,416.9471
325,416.9476
326,416.9479
327,416.9487
328,416.9494
329,416.9501
330,416.9508
331,416.9512
332,416.9516
333,416.9519
334,416.9528
335,416.9535
336,416.9542
337,416.9549
338,416.9557
339,416.9565
340,416.9572
341,416.9579
342,416.9583
343,416.9590
344,416.9594
345,416.9601
346,416.9605
347,416.9609
348,416.9612
349,416.9616
350,416.9620
351,416.9627
352,416.9631
353,416.9638
354,416.9642
355,416.9646
356,416.9653
357,416.9660
358,416.9668
359,416.9675
360,416.9682
361,416.9686
362,416.9690
363,416.9697
364,416.9700
365,416.9704
366,416.9708
367,416.9712
368,416.9715
369,416.9719
370,416.9726
371,416.9733
372,416.9741
373,416.9748
374,416.9757
375,416.9764
376,416.9767
377,416.9775
378,416.9782
379,416.9786
380,416.9793
381,416.9797
382,416.9804
383,416.9811
384,416.9815
385,416.9819
386,416.9822
387,416.9830
388,416.9833
389,416.9837
390,416.9841
391,416.9848
392,416.9852
393,416.9855
394,416.9863
395,416.9870
396,416.9874
397,416.9878
398,416.9885
399,416.9890
400,416.9893
401,416.9897
402,416.9900
403,416.9909
404,416.9917
405,416.9924
406,416.9928
407,416.9932
408,416.9939
409,416.9947
410,416.9950
411,416.9957
412,416.9965
413,416.9968
414,416.9976
415,416.9983
416,416.9990
417,416.9994
418,417.0001
419,417.0008
420,417.0016
421,417.0023
422,417.0026
423,417.0034
424,417.0042
425,417.0045
426,417.0049
427,417.0056
428,417.0064
429,417.0067
430,417.0075
431,417.0081
432,417.0088
433,417.0092
434,417.0096
435,417.0100
436,417.0107
437,417.0111
438,417.0115
439,417.0122
440,417.0126
441,417.0133
442,417.0138
443,417.0147
444,417.0162
445,417.0165
446,417.0184
447,417.0187
448,417.0194
449,417.0204
450,417.0212
451,417.0216
452,417.0220
453,417.0223
454,417.0227
455,417.0238
456,417.0245
457,417.0249
458,417.0253
459,417.0267
460,417.0274
461,417.0281
462,417.0287
463,417.0294
464,417.0301
465,417.0305
466,417.0309
467,417.0312
468,417.0316
469,417.0323
470,417.0327
471,417.0330
472,417.0338
473,417.0341
474,417.0345
475,417.0352
476,417.0360
477,417.0363
478,417.0367
479,417.0370
480,417.0374
481,417.0377
482,417.0381
483,417.0390
484,417.0397
485,417.0401
486,417.0408
487,417.0416
488,417.0420
489,417.0424
490,417.0431
491,417.0434
492,417.0438
493,417.0442
494,417.0445
495,417.0453
496,417.0460
497,417.0467
498,417.0471
499,417.0476
500,417.0479
501,417.0487
502,417.0494
503,417.0501
504,417.0505
505,417.0512
506,417.0516
507,417.0520
508,417.0523
509,417.0527
510,417.0531
511,417.0538
512,416.6635
513,416.6645
514,416.6654
515,416.6659
516,416.6663
517,416.6668
518,416.6671
519,416.6675
520,416.6683
521,416.6686
522,416.6694
523,416.6701
524,416.6705
525,416.6713
526,416.6716
527,416.6720
528,416.6723
529,416.6727
530,416.6731
531,416.6738
532,416.6746
533,416.6753
534,416.6757
535,416.6766
536,416.6769
537,416.6777
538,416.6784
539,416.6791
540,416.6800
541,416.6806
542,416.6813
543,416.6821
544,416.6828
545,416.6832
546,416.6836
547,416.6843
548,416.6851
549,416.6855
550,416.6858
551,416.6865
552,416.6869
553,416.6873
554,416.6876
555,416.6883
556,416.6891
557,416.6899
558,416.6906
559,416.6910
560,416.6917
561,416.6921
562,416.6928
563,416.6935
564,416.6939
565,416.6946
566,416.6950
567,416.6957
568,416.6961
569,416.6964
570,416.6971
571,416.6975
572,416.6982
573,416.6990
574,416.6993
575,416.6997
576,416.7004
577,416.7012
578,416.7019
579,416.7023
580,416.7030
581,416.7041
582,416.7048
583,416.7052
584,416.7059
585,416.7066
586,416.7070
587,416.7079
588,416.7082
589,416.7090
590,416.7097
591,416.7101
592,416.7104
593,416.7108
594,416.7116
595,416.7123
596,416.7127
597,416.7131
598,416.7139
599,416.7143
600,416.7147
601,416.7151
602,416.7155
603,416.7162
604,416.7169
605,416.7173
606,416.7180
607,416.7184
608,416.7188
609,416.7191
610,416.7195
611,416.7199
612,416.7206
613,416.7213
614,416.7221
615,416.7224
616,416.7232
617,416.7235
618,416.7239
619,416.7243
620,416.7246
621,416.7250
622,416.7254
623,416.7257
624,416.7265
625,416.7268
626,416.7276
627,416.7283
628,416.7287
629,416.7294
630,416.7298
631,416.7305
632,416.7313
633,416.7320
634,416.7327
635,416.7331
636,416.7335
637,416.7338
638,416.7351
639,416.7355
640,416.7362
641,416.7367
642,416.7374
643,416.7378
644,416.7381
645,416.7385
646,416.7392
647,416.7396
648,416.7401
649,416.7408
650,416.7415
651,416.7427
652,416.7434
653,416.7438
654,416.7445
655,416.7449
656,416.7452
657,416.7459
658,416.7463
659,416.7467
660,416.7470
661,416.7477
662,416.7481
663,416.7485
664,416.7492
665,416.7499
666,416.7507
667,416.7510
668,416.7518
669,416.7526
670,416.7533
671,416.7536
672,416.7540
673,416.7544
674,416.7551
675,416.7558
676,416.7562
677,416.7570
678,416.7577
679,416.7581
680,416.7589
681,416.7596
682,416.7599
683,416.7603
684,416.7607
685,416.7614
686,416.7621
687,416.7629
688,416.7636
689,416.7644
690,416.7647
691,416.7654
692,416.7658
693,416.7662
694,416.7679
695,416.7687
696,416.7690
697,416.7697
698,416.7701
699,416.7708
700,416.7712
701,416.7718
702,416.7726
703,416.7738
704,416.7751
705,416.7755
706,416.7762
707,416.7765
708,416.7769
709,416.7776
710,416.7783
711,416.7791
712,416.7794
713,416.7802
714,416.7809
715,416.7812
716,416.7822
717,416.7829
718,416.7833
719,416.7840
720,416.7844
721,416.7847
722,416.7854
723,416.7863
724,416.7867
725,416.7874
726,416.7881
727,416.7889
728,416.7896
729,416.7899
730,416.7907
731,416.7914
732,416.7918
733,416.7922
734,416.7929
735,416.7933
736,416.7940
737,416.7943
738,416.7952
739,416.7955
740,416.7962
741,416.7966
742,416.7970
743,416.7977
744,416.7981
745,416.7984
746,416.7988
747,416.7995
748,416.7999
749,416.8003
750,416.8006
751,416.8010
752,416.8013
753,416.8017
754,416.8021
755,416.8028
756,416.8035
757,416.8039
758,416.8043
759,416.8047
760,416.8055
761,416.8059
762,416.8066
763,416.8070
764,416.8073
765,416.8081
766,416.8084
767,416.8091
768,416.4122
769,416.4215
770,416.4220
771,416.4234
772,416.4242
773,416.4251
774,416.4254
775,416.4258
776,416.4262
777,416.4266
778,416.4269
779,416.4277
780,416.4281
781,416.4285
782,416.4292
783,416.4301
784,416.4309
785,416.4312
786,416.4316
787,416.4320
788,416.4324
789,416.4327
790,416.4336
791,416.4344
792,416.4347
793,416.4355
794,416.4362
795,416.4370
796,416.4380
797,416.4383
798,416.4391
799,416.4404
800,416.4414
801,416.4418
802,416.4425
803,416.4436
804,416.4443
805,416.4450
806,416.4464
807,416.4472
808,416.4479
809,416.4483
810,416.4497
811,416.4502
812,416.4507
813,416.4514
814,416.4522
815,416.4526
816,416.4533
817,416.4536
818,416.4540
819,416.4543
820,416.4551
821,416.4554
822,416.4559
823,416.4567
824,416.4579
825,416.4587
826,416.4594
827,416.4601
828,416.4609
829,416.4616
830,416.4624
831,416.4631
832,416.4636
833,416.4640
834,416.4644
835,416.4648
836,416.4655
837,416.4663
838,416.4670
839,416.4674
840,416.4682
841,416.4685
842,416.4693
843,416.4700
844,416.4703
845,416.4711
846,416.4714
847,416.4718
848,416.4722
849,416.4725
850,416.4729
851,416.4737
852,416.4745
853,416.4753
854,416.4760
855,416.4764
856,416.4767
857,416.4771
858,416.4778
859,416.4782
860,416.4789
861,416.4792
862,416.4796
863,416.4806
864,416.4809
865,416.4817
866,416.4820
867,416.4828
868,416.4835
869,416.4842
870,416.4846
871,416.4849
872,416.4860
873,416.4864
874,416.4871
875,416.4875
876,416.4878
877,416.4885
878,416.4889
879,416.4896
880,416.4904
881,416.4911
882,416.4915
883,416.4918
884,416.4925
885,416.4929
886,416.4936
887,416.4940
888,416.4944
889,416.4951
890,416.4955
891,416.4958
892,416.4962
893,416.4965
894,416.4969
895,416.4976
896,416.4980
897,416.4987
898,416.4997
899,416.5000
900,416.5004
901,416.5007
902,416.5015
903,416.5018
904,416.5025
905,416.5030
906,416.5037
907,416.5045
908,416.5048
909,416.5055
910,416.5063
911,416.5066
912,416.5073
913,416.5082
914,416.5097
915,416.5100
916,416.5107
917,416.5111
918,416.5115
919,416.5122
920,416.5126
921,416.5130
922,416.5133
923,416.5141
924,416.5148
925,416.5155
926,416.5159
927,416.5163
928,416.5171
929,416.5179
930,416.5183
931,416.5187
932,416.5190
933,416.5197
934,416.5201
935,416.5208
936,416.5215
937,416.5224
938,416.5227
939,416.5234
940,416.5238
941,416.5242
942,416.5249
943,416.5256
944,416.5260
945,416.5267
946,416.5272
947,416.5279
948,416.5283
949,416.5290
950,416.5297
951,416.5304
952,416.5313
953,416.5316
954,416.5324
955,416.5331
956,416.5338
957,418.2692
958,418.2704
959,418.2712
960,418.2716
961,418.2724
962,418.2728
963,421.7392
964,421.7400
965,421.7412
966,421.7422
967,421.7427
968,421.7432
969,421.7441
970,425.2060
971,425.2069
972,425.2075
973,425.2084
974,425.2089
975,425.2095
976,425.2105
977,425.2114
978,425.2119
979,425.2125
980,428.0977
981,428.0986
982,428.0997
983,428.1006
984,428.1016
985,428.1020
986,428.1025
987,428.1030
988,428.1035
989,428.1040
990,428.1049
991,431.3828
992,431.3837
993,431.3847
994,431.3852
995,431.3862
996,431.3867
997,431.3876
998,431.3886
999,431.3892
1000,435.4339
1001,435.4350
1002,435.4357
1003,435.4370
1004,435.4376
1005,435.4388
1006,435.4402
1007,435.4413
1008,437.9398
1009,437.9412
1010,437.9418
1011,437.9427
1012,437.9437
1013,437.9446
1014,437.9451
1015,437.9456
1016,437.9461
1017,437.9466
1018,441.6083
1019,441.6091
1020,441.6097
1021,441.6107
1022,441.6112
1023,441.6123
1024,440.9612
1025,440.9622
1026,440.9628
1027,440.9634
1028,443.9481
1029,443.9497
1030,443.9508
1031,443.9524
1032,443.9529
1033,443.9539
1034,443.9544
1035,443.9548
1036,451.2263
1037,451.2278
1038,451.2290
1039,451.2299
1040,451.2311
1041,451.2316
1042,454.4806
1043,454.4820
1044,454.4826
1045,454.4836
1046,454.4841
1047,454.4850
1048,454.4855
1049,454.4864
1050,458.5423
1051,458.5431
1052,458.5438
1053,458.5444
1054,458.5448
1055,458.5458
1056,458.5468
1057,458.5473
1058,458.5478
1059,458.5487
1060,461.4842
1061,461.4856
1062,461.4866
1063,461.4876
1064,461.4886
1065,464.7960
1066,464.7969
1067,464.7975
1068,464.7985
1069,464.7995
1070,464.8007
1071,464.8016
1072,468.1971
1073,468.1985
1074,468.1991
1075,468.1997
1076,468.2004
1077,468.2009
1078,468.2019
1079,468.2025
1080,468.2029
1081,468.2039
1082,468.2048
1083,471.5152
1084,471.5166
1085,471.5176
1086,471.5185
1087,471.5195
1088,471.5206
1089,474.5032
1090,474.5046
1091,474.5053
1092,474.5063
1093,474.5068
1094,474.5077
1095,474.5087
1096,474.5092
1097,477.6947
1098,477.6961
1099,477.6966
1100,477.6982
1101,477.6993
1102,477.7000
1103,477.7005
1104,477.7015
1105,477.7021
1106,480.9635
1107,480.9644
1108,480.9650
1109,480.9657
1110,480.9667
1111,480.9672
1112,480.9682
1113,480.9694
1114,480.9700
1115,480.9707
1116,480.9716
1117,480.9721
1118,484.6273
1119,484.6288
1120,484.6294
1121,484.6303
1122,484.6314
1123,484.6320
1124,484.6326
1125,484.6337
1126,484.6349
1127,488.3156
1128,488.3169
1129,488.3179
1130,488.3189
1131,488.3194
1132,488.3199
1133,488.3204
1134,488.3209
1135,488.3219
1136,488.3223
1137,488.3230
1138,488.3239
1139,488.3245
1140,491.9700
1141,491.9714
1142,491.9724
1143,491.9729
1144,491.9734
1145,491.9744
1146,495.0465
1147,495.0481
1148,495.0487
1149,495.0492
1150,495.0497
1151,495.0501
1152,495.0507
1153,495.0512
1154,495.0522
1155,495.0531
1156,495.0540
1157,498.3928
1158,498.3941
1159,498.3947
1160,498.3952
1161,498.3962
1162,498.3972
1163,498.3977
1164,498.3982
1165,498.3986
1166,498.3996
1167,498.4001
1168,498.4006
1169,498.4010
1170,501.8717
1171,501.8730
1172,501.8741
1173,501.8750
1174,501.8760
1175,501.8765
1176,501.8769
1177,505.1524
1178,505.1538
1179,505.1543
1180,505.1553
1181,505.1563
1182,505.1572
1183,505.1582
1184,508.5608
1185,508.5616
1186,508.5627
1187,508.5637
1188,508.5642
1189,508.5646
1190,508.5651
1191,508.5656
1192,508.5661
1193,508.5665
1194,508.5675
1195,508.5683
1196,508.5692
1197,508.5697
1198,511.6173
1199,511.6182
1200,511.6193
1201,511.6203
1202,511.6213
1203,511.6222
1204,511.6227
1205,511.6241
1206,515.2866
1207,515.2879
1208,515.2885
1209,515.2889
1210,515.2901
1211,515.2910
1212,515.2915
1213,515.2920
1214,515.2930
1215,515.2934
1216,518.3813
1217,518.3826
1218,518.3832
1219,518.3842
1220,518.3851
1221,518.3860
1222,518.3865
1223,518.3870
1224,522.1021
1225,522.1035
1226,522.1041
1227,522.1051
1228,522.1055
1229,522.1065
1230,522.1075
1231,525.4333
1232,525.4347
1233,525.4358
1234,525.4367
1235,525.4372
1236,525.4377
1237,528.2416
1238,528.2430
1239,528.2440
1240,528.2445
1241,528.2454
1242,528.2464
1243,528.2469
1244,528.2473
1245,531.9074
1246,531.9088
1247,531.9098
1248,531.9108
1249,531.9123
1250,531.9133
1251,535.0163
1252,535.0177
1253,535.0188
1254,535.0197
1255,535.0202
1256,535.0207
1257,535.0217
1258,535.0222
1259,538.2143
1260,538.2157
1261,538.2167
1262,538.2177
1263,538.2186
1264,538.2196
1265,538.2201
1266,541.8541
1267,541.8556
1268,541.8562
1269,541.8567
1270,541.8577
1271,541.8582
1272,541.8587
1273,541.8591
1274,541.8596
1275,541.8602
1276,541.8612
1277,541.8617
1278,544.9707
1279,544.9723
1280,544.3454
1281,544.3466
1282,544.3478
1283,544.3482
1284,544.3495
1285,544.3499
1286,547.4645
1287,547.4654
1288,547.4660
1289,547.4669
1290,547.4679
1291,547.4684
1292,547.4694
1293,547.4705
1294,547.4710
1295,550.9066
1296,550.9076
1297,550.9087
1298,550.9092
1299,550.9102
1300,550.9107
1301,550.9112
1302,550.9117
1303,550.9127
1304,550.9131
1305,550.9141
1306,554.2234
1307,554.2243
1308,554.2254
1309,554.2265
1310,554.2271
1311,554.2275
1312,554.2281
1313,554.2290
1314,557.2768
1315,557.2782
1316,557.2792
1317,557.2797
1318,557.2803
1319,557.2813
1320,560.3769
1321,560.3778
1322,560.3789
1323,560.3800
1324,560.3805
1325,560.3814
1326,560.3819
1327,560.3824
1328,560.3833
1329,563.6696
1330,563.6710
1331,563.6716
1332,563.6726
1333,563.6731
1334,563.6741
1335,563.6750
1336,563.6755
1337,563.6761
1338,567.0729
1339,567.0745
1340,567.0751
1341,567.0760
1342,567.0769
1343,567.0782
1344,567.0787
1345,567.0793
1346,567.0799
1347,567.0805
1348,567.0810
1349,567.0816
1350,570.1720
1351,570.1735
1352,570.1742
1353,570.1748
1354,570.1754
1355,570.1777
1356,570.1786
1357,570.1796
1358,570.1801
1359,570.1809
1360,570.1815
1361,570.1825
1362,570.1833
1363,570.1840
1364,573.8012
1365,573.8027
1366,573.8039
1367,573.8044
1368,573.8050
1369,573.8060
1370,573.8069
1371,576.9152
1372,576.9161
1373,576.9168
1374,576.9178
1375,576.9184
1376,576.9190
1377,576.9202
1378,576.9215
1379,576.9226
1380,580.1429
1381,580.1444
1382,580.1454
1383,580.1459
1384,580.1469
1385,580.1478
1386,580.1483
1387,600.3010
1388,600.3025
1389,603.4030
1390,603.4043
1391,603.4050
1392,603.4059
1393,603.4069
1394,603.4074
1395,603.4084
1396,606.6559
1397,606.6572
1398,606.6582
1399,606.6588
1400,606.6597
1401,606.6602
1402,606.6607
1403,606.6614
1404,606.6623
1405,606.6628
1406,610.4111
1407,610.4120
1408,610.4131
1409,610.4142
1410,610.4151
1411,610.4158
1412,614.0175
1413,614.0189
1414,614.0199
1415,614.0209
1416,614.0218
1417,614.0227
1418,617.3359
1419,617.3372
1420,617.3378
1421,617.3387
1422,617.3392
1423,617.3401
1424,617.3407
1425,617.3412
1426,617.3422
1427,617.3427
1428,617.3432
1429,620.7197
1430,620.7219
1431,620.7232
1432,620.7242
1433,620.7252
1434,620.7257
1435,620.7267
1436,623.8849
1437,623.8864
1438,623.8871
1439,623.8880
1440,623.8889
1441,623.8894
1442,623.8899
1443,623.8909
1444,623.8914
1445,627.2091
1446,627.2106
1447,627.2116
1448,627.2121
1449,627.2131
1450,627.2136
1451,627.2145
1452,630.4040
1453,630.4053
1454,630.4064
1455,630.4073
1456,630.4084
1457,633.5260
1458,633.5267
1459,633.5278
1460,633.5283
1461,633.5295
1462,633.5307
1463,633.5317
1464,633.5321
1465,636.8246
1466,636.8259
1467,636.8265
1468,636.8275
1469,636.8279
1470,636.8284
1471,636.8294
1472,636.8304
1473,636.8309
1474,636.8314
1475,636.8319
1476,639.9587
1477,639.9596
1478,639.9607
1479,639.9612
1480,639.9617
1481,639.9622
1482,639.9632
1483,639.9642
1484,639.9652
1485,639.9656
1486,643.3163
1487,643.3172
1488,643.3179
1489,643.3189
1490,643.3198
1491,643.3208
1492,643.3213
1493,646.4620
1494,646.4629
1495,646.4640
1496,646.4649
1497,646.4654
1498,646.4663
1499,646.4673
1500,662.2737
1501,662.2746
1502,662.2752
1503,662.2762
1504,662.2771
1505,662.2776
1506,662.2782
1507,662.2787
1508,662.2796
1509,662.2806
1510,665.6104
1511,665.6113
1512,665.6123
1513,665.6133
1514,665.6144
1515,665.6154
1516,665.6159
1517,665.6164
1518,665.6169
1519,665.6173
1520,669.0383
1521,669.0392
1522,669.0398
1523,669.0408
1524,669.0413
1525,669.0418
1526,669.0428
1527,669.0438
1528,669.0447
1529,669.0452
1530,672.0271
1531,672.0287
1532,672.0297
1533,672.0302
1534,672.0312
1535,672.0318
1536,671.4127
1537,671.4131
1538,671.4137
1539,674.7038
1540,674.7048
1541,674.7060
1542,674.7071
1543,674.7076
1544,674.7081
1545,674.7086
1546,674.7097
1547,674.7102
1548,674.7112
1549,674.7117
1550,678.0378
1551,678.0393
1552,678.0404
1553,678.0409
1554,678.0415
1555,678.0426
1556,678.0431
1557,678.0441
1558,678.0446
1559,681.3994
1560,681.4008
1561,681.4019
1562,681.4024
1563,681.4029
1564,681.4039
1565,681.4049
1566,681.4053
1567,684.4414
1568,684.4428
1569,684.4434
1570,684.4443
1571,684.4449
1572,684.4454
1573,684.4463
1574,684.4473
1575,684.4483
1576,687.5612
1577,687.5623
1578,687.5635
1579,687.5645
1580,687.5655
1581,687.5660
1582,687.5665
1583,691.3750
1584,691.3765
1585,691.3775
1586,691.3784
1587,691.3794
1588,694.7558
1589,694.7567
1590,694.7573
1591,694.7579
1592,694.7589
1593,694.7605
1594,694.7614
1595,694.7625
1596,697.8708
1597,697.8722
1598,697.8729
1599,697.8739
1600,697.8744
1601,697.8754
1602,697.8764
1603,697.8769
1604,701.4756
1605,701.4766
1606,701.4778
1607,701.4783
1608,701.4792
1609,701.4797
1610,701.4802
1611,701.4807
1612,701.4817
1613,704.6298
1614,704.6307
1615,704.6313
1616,704.6323
1617,704.6328
1618,704.6337
1619,704.6347
1620,704.6352
1621,704.6358
1622,704.6367
1623,708.3117
1624,708.3126
1625,708.3133
1626,708.3145
1627,708.3151
1628,708.3158
1629,708.3168
1630,708.3172
1631,708.3182
1632,708.3191
1633,711.4165
1634,711.4180
1635,711.4190
1636,711.4195
1637,711.4199
1638,711.4206
1639,711.4212
1640,711.4223
1641,711.4232
1642,711.4237
1643,711.4248
1644,714.9592
1645,714.9605
1646,714.9611
1647,714.9616
1648,714.9625
1649,714.9631
1650,714.9641
1651,714.9653
1652,714.9659
1653,714.9665
1654,714.9671
1655,718.1014
1656,718.1028
1657,718.1034
1658,718.1039
1659,718.1046
1660,718.1051
1661,718.1055
1662,718.1060
1663,718.1065
1664,718.1069
1665,718.1074
1666,718.1083
1667,718.1094
1668,718.1099
1669,721.2828
1670,721.2844
1671,721.2854
1672,721.2864
1673,721.2873
1674,721.2880
1675,724.6691
1676,724.6707
1677,724.6713
1678,724.6723
1679,724.6728
1680,724.6733
1681,724.6738
1682,728.2953
1683,728.2962
1684,728.2967
1685,728.2977
1686,728.2987
1687,728.2997
1688,728.3002
1689,728.3011
1690,731.5732
1691,731.5741
1692,731.5752
1693,731.5761
1694,731.5771
1695,731.5775
1696,731.5785
1697,734.8948
1698,734.8954
1699,734.8959
1700,734.8964
1701,734.8969
1702,734.8978
1703,734.8991
1704,734.8997
1705,734.9007
1706,734.9011
1707,734.9022
1708,738.4316
1709,738.4324
1710,738.4333
1711,738.4351
1712,738.4360
1713,738.4370
1714,738.4380
1715,741.6716
1716,741.6722
1717,741.6727
1718,741.6737
1719,741.6752
1720,741.6762
1721,741.6772
1722,741.6777
1723,745.0685
1724,745.0692
1725,745.0697
1726,745.0706
1727,745.0716
1728,745.0721
1729,745.0726
1730,745.0731
1731,745.0736
1732,745.0741
1733,745.0752
1734,745.0762
1735,748.6665
1736,748.6677
1737,748.6682
1738,748.6688
1739,748.6693
1740,748.6703
1741,748.6709
1742,748.6718
1743,748.6724
1744,748.6733
1745,748.6738
1746,751.7685
1747,751.7697
1748,751.7702
1749,751.7707
1750,751.7717
1751,751.7722
1752,751.7727
1753,751.7732
1754,751.7741
1755,751.7753
1756,755.3383
1757,755.3392
1758,755.3403
1759,755.3413
1760,755.3418
1761,755.3423
1762,755.3428
1763,755.3433
1764,755.3438
1765,755.3448
1766,755.3452
1767,755.3457
1768,758.6653
1769,758.6662
1770,758.6667
1771,758.6677
1772,758.6682
1773,758.6687
1774,758.6692
1775,758.6697
1776,758.6706
1777,758.6711
1778,761.9955
1779,761.9969
1780,761.9974
1781,761.9979
1782,761.9984
1783,761.9994
1784,762.0003
1785,762.0013
1786,765.1074
1787,765.1084
1788,765.1089
1789,765.1094
1790,765.1104
1791,765.1115
1792,764.5258
1793,764.5271
1794,764.5277
1795,764.5288
1796,768.0154
1797,768.0163
1798,768.0176
1799,768.0180
1800,768.0185
1801,768.0200
1802,768.0206
1803,768.0211
1804,768.0222
1805,768.0227
1806,771.1810
1807,771.1824
1808,771.1834
1809,771.1840
1810,771.1844
1811,771.1856
1812,771.1861
1813,771.1872
1814,771.1877
1815,771.1882
1816,771.1887
1817,774.8127
1818,774.8137
1819,774.8144
1820,774.8154
1821,774.8163
1822,774.8173
1823,774.8177
1824,774.8182
1825,774.8192
1826,774.8196
1827,778.2821
1828,778.2835
1829,778.2844
1830,778.2854
1831,778.2864
1832,781.4481
1833,781.4509
1834,781.4519
1835,781.4525
1836,781.4530
1837,781.4540
1838,781.4553
1839,781.4558
1840,781.4564
1841,781.4570
1842,784.6368
1843,784.6382
1844,784.6388
1845,784.6394
1846,784.6409
1847,784.6441
1848,784.6454
1849,784.6459
1850,784.6474
1851,784.6481
1852,787.8452
1853,787.8466
1854,788.1439
1855,788.1449
1856,788.1459
1857,788.1468
1858,791.1644
1859,791.1665
1860,791.1675
1861,791.1692
1862,791.1698
1863,791.1711
1864,791.1720
1865,791.1726
1866,791.1731
1867,791.1735
1868,791.3533
1869,791.3545
1870,794.6334
1871,794.6341
1872,794.6347
1873,794.6368
1874,794.6381
1875,794.6390
1876,794.6396
1877,798.3004
1878,798.3011
1879,798.3017
1880,798.3024
1881,798.3029
1882,798.3034
1883,798.3044
1884,798.3053
1885,798.3058
1886,798.3068
1887,798.3072
1888,798.3077
1889,798.3961
1890,798.3966
1891,801.3449
1892,801.3454
1893,801.3464
1894,801.3474
1895,801.3479
1896,801.3488
1897,801.4272
1898,801.4277
1899,804.5300
1900,804.5311
1901,804.5316
1902,804.5326
1903,804.5331
1904,804.5340
1905,804.5346
1906,804.5352
1907,804.5362
1908,807.9132
1909,807.9142
1910,807.9146
1911,807.9151
1912,807.9165
1913,807.9174
1914,807.9190
1915,807.9196
1916,807.9206
1917,807.9219
1918,807.9228
1919,811.4994
1920,811.5005
1921,811.5010
1922,811.5015
1923,811.5020
1924,811.5027
1925,811.5032
1926,811.5039
1927,811.5043
1928,811.5055
1929,811.5065
1930,811.5070
1931,811.5075
1932,811.5080
1933,811.5084
1934,811.5089
1935,811.5093
1936,814.2735
1937,814.2746
1938,814.2758
1939,814.2767
1940,814.2772
1941,814.2777
1942,814.2787
1943,814.2791
1944,817.4569
1945,817.4580
1946,817.4590
1947,817.4601
1948,817.4605
1949,817.4615
1950,817.4620
1951,817.4624
1952,821.3748
1953,821.3759
1954,821.3770
1955,821.3779
1956,821.3784
1957,821.3789
1958,824.8250
1959,824.8264
1960,824.8269
1961,824.8275
1962,824.8280
1963,824.8286
1964,824.8295
1965,824.8305
1966,824.8310
1967,824.8319
1968,824.8324
1969,824.8329
1970,824.8333
1971,824.8341
1972,828.3662
1973,828.3672
1974,828.3680
1975,828.3689
1976,828.3703
1977,828.3715
1978,828.3720
1979,828.3726
1980,828.3735
1981,828.3745
1982,831.9862
1983,831.9871
1984,831.9877
1985,831.9883
1986,831.9888
1987,831.9893
1988,831.9898
1989,831.9903
1990,831.9908
1991,831.9913
1992,831.9917
1993,831.9922
1994,831.9926
1995,831.9932
1996,831.9942
1997,831.9947
1998,831.9957
1999,831.9966
2000,831.9972
2001,835.0232
2002,835.0246
2003,835.0252
2004,835.0261
2005,835.0266
2006,835.0275
2007,835.0281
2008,835.0290
2009,835.0300
2010,838.5347
2011,838.5360
2012,838.5366
2013,838.5372
2014,838.5382
2015,838.5388
2016,838.5393
2017,838.5403
2018,838.5407
2019,838.5414
2020,838.5420
2021,838.5426
2022,838.5435
2023,841.2453
2024,841.2463
2025,841.2475
2026,841.2488
2027,841.2494
2028,841.2503
2029,841.2513
2030,844.5435
2031,844.5450
2032,844.5461
2033,844.5470
2034,844.5480
2035,844.5485
2036,844.5495
2037,844.5499
2038,847.5159
2039,847.5174
2040,847.5180
2041,847.5187
2042,847.5197
2043,847.5206
2044,847.5217
2045,847.5222
2046,847.5228
2047,850.8568
2048,850.2387
2049,850.2393
2050,850.2404
2051,850.2422
2052,850.2427
2053,850.2440
2054,850.2452
2055,850.2458
2056,850.2463
2057,853.3424
2058,853.3433
2059,853.3448
2060,853.3459
2061,853.3470
2062,857.0109
2063,857.0122
2064,857.0128
2065,857.0138
2066,857.0143
2067,857.0148
2068,857.0153
2069,857.0164
2070,857.0169
2071,857.0179
2072,857.0184
2073,857.0190
2074,857.0195
2075,857.0202
2076,860.6358
2077,860.6368
2078,860.6380
2079,860.6385
2080,860.6394
2081,860.6405
2082,860.6410
2083,860.6416
2084,860.6422
2085,860.6431
2086,860.6440
2087,860.6445
2088,860.6451
2089,864.0532
2090,864.0540
2091,864.0547
2092,864.0558
2093,864.0564
2094,864.0576
2095,864.0585
2096,864.0595
2097,864.0599
2098,867.2453
2099,867.2463
2100,867.2475
2101,867.2480
2102,867.2489
2103,867.2495
2104,867.2505
2105,867.2514
2106,867.2519
2107,867.2526
2108,870.5498
2109,870.5509
2110,870.5516
2111,870.5522
2112,870.5536
2113,870.5546
2114,870.5551
2115,870.5562
2116,870.5567
2117,870.5572
2118,870.5578
2119,870.5587
2120,873.9607
2121,873.9622
2122,873.9629
2123,873.9639
2124,873.9643
2125,873.9649
2126,873.9659
2127,873.9668
2128,873.9673
2129,873.9678
2130,873.9688
2131,873.9693
2132,877.0419
2133,877.0435
2134,877.0448
2135,877.0458
2136,877.0465
2137,877.0475
2138,877.0480
2139,877.0486
2140,877.0491
2141,877.0498
2142,877.0504
2143,880.4679
2144,880.4694
2145,880.4704
2146,880.4715
2147,880.4725
2148,880.4731
2149,880.4736
2150,883.5539
2151,883.5548
2152,883.5559
2153,883.5565
2154,883.5575
2155,883.5585
2156,883.5590
2157,883.5599
2158,883.5604
2159,886.8502
2160,886.8511
2161,886.8523
2162,886.8528
2163,886.8538
2164,886.8543
2165,886.8548
2166,886.8557
2167,890.7270
2168,890.7285
2169,890.7295
2170,890.7300
2171,890.7305
2172,890.7310
2173,890.7320
2174,890.7324
2175,890.7334
2176,890.7338
2177,890.7344
2178,890.7349
2179,893.9074
2180,893.9089
2181,893.9094
2182,893.9103
2183,893.9108
2184,893.9113
2185,893.9123
2186,893.9127
2187,893.9132
2188,893.9142
2189,897.3050
2190,897.3172
2191,897.3184
2192,897.3192
2193,897.3209
2194,897.3216
2195,897.3223
2196,897.3236
2197,897.3244
2198,897.3667
2199,897.3679
2200,897.3684
2201,897.3690
2202,900.9205
2203,900.9218
2204,900.9224
2205,900.9232
2206,900.9237
2207,900.9242
2208,900.9251
2209,900.9256
2210,900.9266
2211,900.9276
2212,904.2485
2213,904.2494
2214,904.2504
2215,904.2514
2216,904.2523
2217,904.2533
2218,904.2538
2219,904.2544
2220,907.4770
2221,907.4784
2222,907.4794
2223,907.4799
2224,907.4809
2225,907.4818
2226,907.4823
2227,910.5422
2228,910.5441
2229,910.5446
2230,910.5457
2231,910.5466
2232,910.5471
2233,910.5476
2234,910.5486
2235,910.5491
2236,913.8252
2237,913.8265
2238,913.8276
2239,913.8280
2240,913.8290
2241,913.8295
2242,913.8301
2243,913.8311
2244,916.9748
2245,916.9761
2246,916.9772
2247,916.9782
2248,916.9791
2249,916.9800
2250,920.8304
2251,920.8313
2252,920.8323
2253,920.8328
2254,920.8338
2255,920.8348
2256,924.3543
2257,924.3554
2258,924.3563
2259,924.3575
2260,924.3588
2261,924.3600
2262,924.3613
2263,924.3619
2264,924.3624
2265,927.7234
2266,927.7243
2267,927.7254
2268,927.7259
2269,927.7265
2270,927.7271
2271,927.7277
2272,927.7282
2273,927.7287
2274,927.7299
2275,927.7309
2276,927.7313
2277,927.7319
2278,930.8119
2279,930.8135
2280,930.8145
2281,930.8155
2282,930.8165
2283,930.8174
2284,930.8179
2285,934.3436
2286,934.3446
2287,934.3456
2288,934.3470
2289,934.3480
2290,934.3486
2291,934.3492
2292,934.3498
2293,934.3504
2294,934.3514
2295,937.3511
2296,937.3525
2297,937.3531
2298,937.3541
2299,937.3551
2300,937.3556
2301,937.3565
2302,940.4756
2303,940.4765
2304,939.8315
2305,939.8321
2306,939.8334
2307,939.8338
2308,939.8351
2309,939.8358
2310,939.8364
2311,939.8369
2312,939.8374
2313,939.8385
2314,943.3083
2315,943.3099
2316,943.3109
2317,943.3114
2318,943.3125
2319,943.3136
2320,943.3141
2321,943.3150
2322,946.5594
2323,946.5603
2324,946.5608
2325,946.5619
2326,946.5624
2327,946.5634
2328,946.5639
2329,946.5645
2330,946.5650
2331,946.5661
2332,946.5666
2333,946.5677
2334,946.5681
2335,950.2162
2336,950.2177
2337,950.2187
2338,950.2197
2339,950.2201
2340,950.2213
2341,950.2218
2342,950.2223
2343,950.2230
2344,953.8531
2345,953.8546
2346,953.8556
2347,953.8561
2348,953.8568
2349,956.0459
2350,956.0468
2351,956.0474
2352,957.0645
2353,957.0661
2354,957.0667
2355,957.0673
2356,957.0684
2357,957.0691
2358,957.0701
2359,959.3053
2360,959.3061
2361,960.4950
2362,960.4959
2363,960.4966
2364,960.4972
2365,960.4984
2366,960.4997
2367,960.5002
2368,960.5011
2369,963.9481
2370,963.9490
2371,963.9501
2372,963.9511
2373,963.9516
2374,963.9527
2375,963.9532
2376,963.9537
2377,963.9546
2378,963.9551
2379,963.9560
2380,963.9567
2381,967.4800
2382,967.4816
2383,967.4826
2384,967.4837
2385,967.4846
2386,967.4855
2387,971.0268
2388,971.0278
2389,971.0288
2390,971.0297
2391,971.0307
2392,971.0317
2393,971.0326
2394,974.7250
2395,974.7263
2396,974.7273
2397,974.7279
2398,974.7289
2399,974.7294
2400,974.7300
2401,974.7309
2402,974.7314
2403,977.8314
2404,977.8329
2405,977.8340
2406,977.8349
2407,977.8354
2408,977.8360
2409,977.8371
2410,977.8382
2411,980.9685
2412,980.9699
2413,980.9710
2414,980.9719
2415,980.9724
2416,980.9734
2417,980.9738
2418,984.3148
2419,984.3157
2420,984.3167
2421,984.3179
2422,984.3184
2423,984.3190
2424,984.3196
2425,984.3206
2426,985.5520
2427,987.6043
2428,987.6051
2429,987.6062
2430,987.6073
2431,987.6084
2432,987.6090
2433,987.6095
2434,987.6105
2435,990.8840
2436,990.8850
2437,990.8861
2438,990.8873
2439,990.8878
2440,990.8883
2441,990.8892
2442,990.8897
2443,990.8907
2444,993.9225
2445,993.9238
2446,993.9244
2447,993.9249
2448,993.9254
2449,993.9259
2450,993.9264
2451,993.9274
2452,993.9283
2453,993.9288
2454,993.9297
2455,997.3299
2456,997.3325
2457,997.3331
2458,997.3353
2459,997.3362
2460,997.3367
2461,997.3376
2462,997.3381
2463,997.3386
2464,1000.3535
2465,1000.3546
2466,1000.3552
2467,1000.3564
2468,1000.3573
2469,1000.3577
2470,1000.3587
2471,1000.3603
2472,1003.8765
2473,1003.8791
2474,1003.8801
2475,1003.8810
2476,1003.8820
2477,1003.8826
2478,1003.8845
2479,1003.8857
2480,1007.4978
2481,1007.4985
2482,1007.4991
2483,1007.5004
2484,1007.5013
2485,1007.5024
2486,1007.5033
2487,1007.5038
2488,1010.6177
2489,1010.6183
2490,1010.6192
2491,1010.6202
2492,1010.6211
2493,1010.6216
2494,1010.6225
2495,1010.6230
2496,1013.7719
2497,1013.7731
2498,1013.7741
2499,1013.7751
2500,1013.7760
2501,1017.7521
2502,1017.7527
2503,1017.7532
2504,1017.7537
2505,1017.7553
2506,1017.7565
2507,1017.7575
2508,1017.7584
2509,1017.7589
2510,1017.7594
2511,1021.3648
2512,1021.3670
2513,1021.3675
2514,1021.3693
2515,1021.3699
2516,1021.3710
2517,1021.3718
2518,1021.3723
2519,1021.3732
2520,1024.7220
2521,1024.7225
2522,1024.7237
2523,1024.7247
2524,1024.7251
2525,1024.7261
2526,1024.7270
2527,1024.7276
2528,1024.7281
2529,1024.7286
2530,1024.7292
2531,1024.7296
2532,1024.7302
2533,1028.0859
2534,1028.0869
2535,1028.0883
2536,1028.0892
2537,1028.0901
2538,1028.0906
2539,1028.0912
2540,1028.0918
2541,1028.0927
2542,1031.3368
2543,1031.3393
2544,1031.3419
2545,1031.3434
2546,1031.3453
2547,1031.3462
2548,1031.3471
2549,1031.3476
2550,1031.3481
2551,1031.3491
2552,1034.6520
2553,1034.6536
2554,1034.6543
2555,1034.6548
2556,1034.6556
2557,1034.6573
2558,1034.6577
2559,1034.6587
2560,1034.0780
2561,1034.0790
2562,1034.0795
2563,1034.0800
2564,1037.6401
2565,1037.6406
2566,1037.6416
2567,1037.6421
2568,1037.6426
2569,1037.6438
2570,1037.6450
2571,1037.6463
2572,1037.6469
2573,1041.1382
2574,1041.1392
2575,1041.1402
2576,1041.1413
2577,1041.1418
2578,1041.1423
2579,1041.1428
2580,1041.1432
2581,1041.1437
2582,1041.1446
2583,1044.3127
2584,1044.3139
2585,1044.3144
2586,1044.3149
2587,1044.3160
2588,1044.3165
2589,1044.3175
2590,1044.3187
2591,1047.6880
2592,1047.6887
2593,1047.6893
2594,1047.6903
2595,1047.6909
2596,1047.6914
2597,1047.6932
2598,1051.0787
2599,1051.0793
2600,1051.0802
2601,1051.0814
2602,1051.0823
2603,1051.0829
2604,1051.0834
2605,1051.0844
2606,1051.0849
2607,1051.0854
2608,1051.0859
2609,1051.0864
2610,1051.0868
2611,1054.0000
2612,1054.0007
2613,1054.0018
2614,1054.0038
2615,1054.0054
2616,1054.0066
2617,1054.0075
2618,1054.0080
2619,1054.0095
2620,1054.0105
2621,1054.0114
2622,1057.3548
2623,1057.3555
2624,1057.3567
2625,1057.3571
2626,1057.3576
2627,1057.3581
2628,1057.3586
2629,1057.3597
2630,1057.3606
2631,1057.3611
2632,1057.3617
2633,1057.3627
2634,1057.3632
2635,1060.7963
2636,1060.7970
2637,1060.7979
2638,1060.7989
2639,1060.7993
2640,1060.8006
2641,1060.8010
2642,1060.8021
2643,1060.8033
2644,1063.9648
2645,1063.9656
2646,1063.9662
2647,1063.9672
2648,1063.9678
2649,1063.9685
2650,1063.9695
2651,1063.9706
2652,1063.9716
2653,1067.2479
2654,1067.2488
2655,1067.2494
2656,1067.2500
2657,1067.2510
2658,1067.2522
2659,1067.2529
2660,1067.2535
2661,1067.2541
2662,1067.2547
2663,1067.2551
2664,1067.2563
2665,1067.2568
2666,1070.3256
2667,1070.3265
2668,1070.3272
2669,1070.3282
2670,1070.3292
2671,1070.3301
2672,1070.3310
2673,1073.4435
2674,1073.4448
2675,1073.4454
2676,1073.4463
2677,1073.4468
2678,1073.4478
2679,1073.4483
2680,1073.4489
2681,1073.4501
2682,1073.4506
2683,1073.4513
2684,1073.4520
2685,1077.0218
2686,1077.0227
2687,1077.0239
2688,1077.0249
2689,1077.0255
2690,1077.0261
2691,1077.0265
2692,1077.0275
2693,1077.0280
2694,1077.0285
2695,1077.0289
2696,1077.0299
2697,1080.5665
2698,1080.5674
2699,1080.5680
2700,1080.5691
2701,1080.5696
2702,1080.5706
2703,1080.5711
2704,1080.5716
2705,1080.5721
2706,1080.5726
2707,1083.5071
2708,1083.5085
2709,1083.5095
2710,1083.5105
2711,1083.5115
2712,1087.1577
2713,1087.1590
2714,1087.1600
2715,1087.1606
2716,1087.1615
2717,1087.1620
2718,1087.1628
2719,1087.1634
2720,1087.1643
2721,1087.1648
2722,1090.4479
2723,1090.4492
2724,1090.4504
2725,1090.4509
2726,1090.4518
2727,1090.4523
2728,1090.4528
2729,1090.4533
2730,1090.4538
2731,1090.4542
2732,1090.4552
2733,1093.9593
2734,1093.9606
2735,1093.9612
2736,1093.9617
2737,1093.9622
2738,1093.9632
2739,1093.9641
2740,1093.9652
2741,1093.9657
2742,1097.2412
2743,1097.2425
2744,1097.2431
2745,1097.2436
2746,1097.2441
2747,1097.2451
2748,1097.2461
2749,1097.2471
2750,1097.2476
2751,1100.4616
2752,1100.4630
2753,1100.4640
2754,1100.4645
2755,1100.4654
2756,1100.4665
2757,1100.4671
2758,1103.6504
2759,1103.6513
2760,1103.6519
2761,1103.6524
2762,1103.6536
2763,1103.6541
2764,1103.6547
2765,1103.6551
2766,1103.6556
2767,1103.6565
2768,1103.6575
2769,1103.6579
2770,1103.6584
2771,1108.0325
2772,1108.0339
2773,1108.0349
2774,1108.0359
2775,1111.5717
2776,1111.5727
2777,1111.5736
2778,1111.5743
2779,1111.5747
2780,1111.5751
2781,1111.5758
2782,1115.1557
2783,1115.1570
2784,1115.1576
2785,1115.1586
2786,1115.1596
2787,1115.1606
2788,1118.2687
2789,1118.2700
2790,1118.2710
2791,1118.2720
2792,1118.2729
2793,1118.2734
2794,1121.4644
2795,1121.4658
2796,1121.4669
2797,1121.4678
2798,1121.4689
2799,1121.4694
2800,1124.6182
2801,1124.6193
2802,1124.6198
2803,1124.6204
2804,1124.6208
2805,1124.6219
2806,1124.6230
2807,1124.6235
2808,1124.6240
2809,1124.6245
2810,1124.6250
2811,1124.6254
2812,1124.6260
2813,1127.7147
2814,1127.7154
2815,1127.7166
2816,1127.0987
2817,1127.1021
2818,1127.1047
2819,1130.3097
2820,1130.3127
2821,1130.3150
2822,1130.3165
2823,1130.3183
2824,1130.3194
2825,1130.3199
2826,1130.3207
2827,1130.3213
2828,1133.6341
2829,1133.6355
2830,1133.6361
2831,1133.6366
2832,1133.6380
2833,1133.6390
2834,1133.6400
2835,1133.6407
2836,1136.8938
2837,1136.8945
2838,1136.8951
2839,1136.8961
2840,1136.8971
2841,1136.8976
2842,1136.8986
2843,1136.8990
2844,1136.8996
2845,1136.9006
2846,1140.7019
2847,1140.7026
2848,1140.7036
2849,1140.7042
2850,1140.7047
2851,1140.7052
2852,1140.7059
2853,1140.7069
2854,1140.7074
2855,1140.7080
2856,1140.7086
2857,1144.3805
2858,1144.3839
2859,1144.3846
2860,1144.3858
2861,1144.3877
2862,1144.3888
2863,1144.3898
2864,1147.4043
2865,1147.4056
2866,1147.4062
2867,1147.4072
2868,1147.4077
2869,1147.4086
2870,1147.4096
2871,1150.5060
2872,1150.5082
2873,1150.5090
2874,1150.5096
2875,1150.5105
2876,1150.5111
2877,1150.5120
2878,1150.5130
2879,1153.7963
2880,1153.7988
2881,1153.7997
2882,1153.8010
2883,1153.8021
2884,1153.8040
2885,1153.8049
2886,1157.2610
2887,1157.4875
2888,1157.4886
2889,1157.4900
2890,1157.4917
2891,1157.4923
2892,1157.4930
2893,1157.4942
2894,1157.4952
2895,1157.4962
2896,1157.4975
2897,1161.1442
2898,1161.1449
2899,1161.1460
2900,1161.1475
2901,1161.1481
2902,1161.1487
2903,1161.1496
2904,1161.1502
2905,1161.1508
2906,1161.1513
2907,1161.1525
2908,1164.5711
2909,1164.5718
2910,1164.5728
2911,1164.5737
2912,1164.5748
2913,1164.5757
2914,1164.5762
2915,1167.8277
2916,1167.8284
2917,1167.8289
2918,1167.8299
2919,1167.8310
2920,1167.8316
2921,1167.8325
2922,1167.8335
2923,1167.8339
2924,1167.8346
2925,1167.8352
2926,1171.3621
2927,1171.3652
2928,1171.3658
2929,1171.3667
2930,1171.3672
2931,1171.3677
2932,1171.3687
2933,1171.3691
2934,1174.5875
2935,1174.5882
2936,1174.5888
2937,1174.5901
2938,1174.5918
2939,1174.5926
2940,1174.5935
2941,1174.5941
2942,1177.6306
2943,1177.6313
2944,1177.6326
2945,1177.6341
2946,1177.6363
2947,1177.6378
2948,1177.6393
2949,1180.8902
2950,1180.8924
2951,1180.8934
2952,1180.8950
2953,1180.8959
2954,1180.8964
2955,1180.8981
2956,1180.8986
2957,1180.8996
2958,1180.9000
2959,1180.9009
2960,1180.9019
2961,1184.0730
2962,1184.0738
2963,1184.0749
2964,1184.0754
2965,1184.0759
2966,1184.0764
2967,1184.0774
2968,1184.0779
2969,1184.0788
2970,1184.0793
2971,1184.0798
2972,1187.1815
2973,1187.1822
2974,1187.1832
2975,1187.1842
2976,1187.1847
2977,1187.1852
2978,1187.1862
2979,1187.1871
2980,1187.1876
2981,1187.1881
2982,1187.1886
2983,1190.8993
2984,1190.9000
2985,1190.9004
2986,1190.9009
2987,1190.9014
2988,1190.9019
2989,1190.9024
2990,1190.9028
2991,1190.9038
2992,1190.9048
2993,1190.9057
2994,1190.9062
2995,1190.9067
2996,1194.2750
2997,1194.2757
2998,1194.2762
2999,1194.2780
3000,1199.4764
3001,1199.4793
3002,1199.4815
3003,1199.4820
3004,1199.4838
3005,1199.4848
3006,1199.4853
3007,1199.4862
3008,1202.9126
3009,1202.9133
3010,1202.9138
3011,1202.9148
3012,1202.9153
3013,1202.9158
3014,1202.9167
3015,1202.9177
3016,1202.9187
3017,1206.4949
3018,1206.4966
3019,1206.4976
3020,1206.4985
3021,1206.4990
3022,1206.5000
3023,1206.5006
3024,1206.5011
3025,1209.5188
3026,1209.5215
3027,1209.5233
3028,1209.5238
3029,1209.5247
3030,1209.5261
3031,1209.5279
3032,1209.5292
3033,1212.8103
3034,1212.8111
3035,1212.8121
3036,1212.8138
3037,1212.8146
3038,1212.8161
3039,1216.4241
3040,1216.4267
3041,1216.4290
3042,1216.4300
3043,1216.4310
3044,1216.4325
3045,1216.4329
3046,1216.4343
3047,1219.9199
3048,1219.9212
3049,1219.9216
3050,1219.9226
3051,1219.9236
3052,1219.9246
3053,1223.1209
3054,1223.1226
3055,1223.1236
3056,1223.1246
3057,1223.1267
3058,1223.1272
3059,1223.1286
3060,1223.1291
3061,1226.4023
3062,1226.4050
3063,1226.4060
3064,1226.4069
3065,1226.4074
3066,1226.4084
3067,1229.3342
3068,1229.3349
3069,1229.3355
3070,1229.3364
3071,1229.3375
3072,1228.6767
3073,1228.6780
3074,1228.6788
3075,1232.1133
3076,1232.1156
3077,1232.1167
3078,1232.1172
3079,1232.1178
3080,1232.1184
3081,1232.1200
3082,1232.1206
3083,1232.1211
3084,1232.1222
3085,1232.1233
3086,1235.6411
3087,1235.6423
3088,1235.6430
3089,1235.6451
3090,1235.6470
3091,1235.6475
3092,1235.6488
3093,1235.6505
3094,1238.9368
3095,1238.9393
3096,1238.9409
3097,1238.9413
3098,1238.9423
3099,1238.9434
3100,1238.9452
3101,1238.9473
3102,1242.2168
3103,1242.2193
3104,1242.2198
3105,1242.2203
3106,1242.2214
3107,1242.2219
3108,1242.2229
3109,1242.2238
3110,1242.2255
3111,1245.5257
3112,1245.5264
3113,1245.5270
3114,1245.5280
3115,1245.5285
3116,1245.5291
3117,1245.5295
3118,1245.5310
3119,1249.0381
3120,1249.0392
3121,1249.0406
3122,1249.0419
3123,1249.0424
3124,1249.0437
3125,1249.0451
3126,1252.2993
3127,1252.3009
3128,1252.3025
3129,1252.3039
3130,1252.3048
3131,1252.3058
3132,1252.3071
3133,1252.3088
3134,1255.8441
3135,1255.8452
3136,1255.8457
3137,1255.8466
3138,1255.8472
3139,1255.8481
3140,1255.8990
3141,1255.9000
3142,1255.9016
3143,1259.0186
3144,1259.0200
3145,1259.0206
3146,1259.0212
3147,1259.0224
3148,1259.0237
3149,1259.0247
3150,1259.0252
3151,1259.0257
3152,1259.0264
3153,1259.0271
3154,1262.0412
3155,1262.0427
3156,1262.0443
3157,1262.0453
3158,1262.0463
3159,1262.0472
3160,1265.6080
3161,1265.6094
3162,1265.7691
3163,1265.7700
3164,1265.7717
3165,1265.7724
3166,1265.7735
3167,1265.7744
3168,1265.7750
3169,1265.7757
3170,1269.0666
3171,1269.0682
3172,1269.0692
3173,1269.0699
3174,1269.0708
3175,1269.0718
3176,1272.1520
3177,1272.1529
3178,1272.1541
3179,1272.1553
3180,1272.1563
3181,1272.1573
3182,1275.3178
3183,1275.3191
3184,1275.3199
3185,1275.3210
3186,1275.3215
3187,1275.3221
3188,1275.3228
3189,1275.3233
3190,1275.3243
3191,1275.3250
3192,1275.3256
3193,1275.3263
3194,1278.4158
3195,1278.4176
3196,1278.4183
3197,1278.4189
3198,1278.4195
3199,1278.4201
3200,1278.4208
3201,1278.4220
3202,1278.4230
3203,1278.4236
3204,1281.6760
3205,1281.6768
3206,1281.6779
3207,1281.6789
3208,1281.6793
3209,1281.6799
3210,1281.6810
3211,1281.6815
3212,1281.6821
3213,1281.6826
3214,1285.1336
3215,1285.1350
3216,1285.1360
3217,1285.1370
3218,1285.1380
3219,1285.1385
3220,1285.1395
3221,1288.2410
3222,1288.2419
3223,1288.2430
3224,1288.2440
3225,1288.2451
3226,1288.2463
3227,1288.2467
3228,1291.5089
3229,1291.5103
3230,1291.5113
3231,1291.5123
3232,1291.5128
3233,1291.5137
3234,1291.5143
3235,1294.6208
3236,1294.6218
3237,1294.6223
3238,1294.6228
3239,1294.6233
3240,1294.6244
3241,1294.6253
3242,1294.6263
3243,1294.6273
3244,1294.6278
3245,1298.1773
3246,1298.1783
3247,1298.1795
3248,1298.1800
3249,1298.1805
3250,1298.1810
3251,1298.1820
3252,1298.1826
3253,1298.1831
3254,1298.1840
3255,1298.1845
3256,1301.1438
3257,1301.1446
3258,1301.1457
3259,1301.1466
3260,1301.1472
3261,1301.1477
3262,1301.1487
3263,1301.1492
3264,1301.1501
3265,1301.1507
3266,1301.1512
3267,1304.6688
3268,1304.6702
3269,1304.6713
3270,1304.6718
3271,1304.6727
3272,1304.6737
3273,1304.6747
3274,1307.8284
3275,1307.8293
3276,1307.8299
3277,1307.8305
3278,1307.8310
3279,1307.8314
3280,1307.8324
3281,1307.8334
3282,1307.8343
3283,1307.8352
3284,1307.8358
3285,1311.3630
3286,1311.3638
3287,1311.3649
3288,1311.3654
3289,1311.3659
3290,1311.3664
3291,1311.3674
3292,1311.3683
3293,1314.3755
3294,1314.3763
3295,1314.3769
3296,1314.3774
3297,1314.3784
3298,1314.3794
3299,1317.4831
3300,1317.4845
3301,1317.4852
3302,1317.4858
3303,1317.4863
3304,1317.4873
3305,1317.4883
3306,1317.4888
3307,1317.4898
3308,1317.4902
3309,1321.0256
3310,1321.0264
3311,1321.0276
3312,1321.0286
3313,1321.0291
3314,1321.0300
3315,1321.0310
3316,1321.0315
3317,1321.0321
3318,1321.0325
3319,1321.0330
3320,1324.0424
3321,1324.0434
3322,1324.0445
3323,1324.0450
3324,1324.0459
3325,1324.0469
3326,1324.0478
3327,1327.2254
3328,1326.6529
3329,1326.6544
3330,1326.6558
3331,1326.6563
3332,1326.6582
3333,1326.6592
3334,1329.7643
3335,1329.7660
3336,1329.7666
3337,1329.7680
3338,1329.7685
3339,1329.7690
3340,1329.7702
3341,1329.7714
3342,1333.0017
3343,1333.0035
3344,1333.0041
3345,1333.0052
3346,1333.0063
3347,1333.0072
3348,1333.0079
3349,1336.2486
3350,1336.2495
3351,1336.2507
3352,1336.2512
3353,1336.2517
3354,1336.2527
3355,1336.2533
3356,1336.2551
3357,1336.2555
3358,1336.2576
3359,1336.2580
3360,1336.2592
3361,1336.2601
3362,1339.3395
3363,1339.3407
3364,1339.3421
3365,1339.3427
3366,1339.3436
3367,1339.3445
3368,1339.3452
3369,1339.3458
3370,1342.5540
3371,1342.5553
3372,1342.5563
3373,1342.5573
3374,1342.5577
3375,1342.5583
3376,1342.5588
3377,1342.5598
3378,1345.7901
3379,1345.7910
3380,1345.7917
3381,1345.7933
3382,1345.7942
3383,1345.7952
3384,1345.7975
3385,1349.4550
3386,1349.4559
3387,1349.4569
3388,1349.4575
3389,1349.4586
3390,1349.4595
3391,1349.4600
3392,1349.4605
3393,1351.1675
3394,1352.5585
3395,1352.5592
3396,1352.5599
3397,1352.5608
3398,1352.5622
3399,1352.5627
3400,1352.5638
3401,1352.5642
3402,1355.1825
3403,1355.1849
3404,1356.0378
3405,1356.0385
3406,1356.0393
3407,1356.0403
3408,1356.0414
3409,1356.0424
3410,1356.0431
3411,1356.0440
3412,1356.0447
3413,1358.3832
3414,1358.3838
3415,1359.5284
3416,1359.5291
3417,1359.5296
3418,1359.5300
3419,1359.5310
3420,1359.5315
3421,1359.5326
3422,1359.5337
3423,1359.5342
3424,1359.5352
3425,1363.1079
3426,1363.1093
3427,1363.1099
3428,1363.1110
3429,1363.1114
3430,1363.1120
3431,1363.1130
3432,1363.1135
3433,1363.1145
3434,1366.5131
3435,1366.5138
3436,1366.5149
3437,1366.5155
3438,1366.5164
3439,1366.5169
3440,1366.5178
3441,1366.5188
3442,1366.5192
3443,1370.1669
3444,1370.1686
3445,1370.1693
3446,1370.1698
3447,1370.1705
3448,1370.1715
3449,1370.1721
3450,1370.1731
3451,1370.1736
3452,1370.1742
3453,1370.1753
3454,1373.3699
3455,1373.3707
3456,1373.3713
3457,1373.3720
3458,1373.3743
3459,1373.3751
3460,1373.3770
3461,1373.3774
3462,1373.3784
3463,1373.3802
3464,1373.3807
3465,1376.7224
3466,1376.7233
3467,1376.7243
3468,1376.7254
3469,1376.7263
3470,1376.7274
3471,1376.7278
3472,1376.7283
3473,1376.7288
3474,1379.9020
3475,1379.9028
3476,1379.9035
3477,1379.9045
3478,1379.9050
3479,1379.9060
3480,1379.9065
3481,1379.9071
3482,1379.9078
3483,1379.9083
3484,1379.9090
3485,1379.9095
3486,1379.9105
3487,1383.5232
3488,1383.5241
3489,1383.5252
3490,1383.5257
3491,1383.5267
3492,1383.5277
3493,1383.5281
3494,1387.0847
3495,1387.0860
3496,1387.0866
3497,1387.0877
3498,1387.0886
3499,1387.0896
3500,1387.0905
3501,1390.7724
3502,1390.7731
3503,1390.7741
3504,1390.7746
3505,1390.7751
3506,1390.7756
3507,1390.7766
3508,1390.7777
3509,1390.7782
3510,1390.7787
3511,1390.7791
3512,1390.7796
3513,1394.0819
3514,1394.0833
3515,1394.0838
3516,1394.0844
3517,1394.0855
3518,1394.0871
3519,1394.0877
3520,1394.0883
3521,1394.0887
3522,1394.0892
3523,1394.0903
3524,1397.4954
3525,1397.4968
3526,1397.4973
3527,1397.4983
3528,1397.4987
3529,1397.4993
3530,1397.4999
3531,1397.5008
3532,1397.5013
3533,1397.5017
3534,1397.5027
3535,1397.5032
3536,1401.3305
3537,1401.3314
3538,1401.3319
3539,1401.3325
3540,1401.3336
3541,1401.3345
3542,1401.3355
3543,1401.3360
3544,1401.3365
3545,1401.3371
3546,1401.3376
3547,1401.3386
3548,1404.1296
3549,1404.1305
3550,1404.1311
3551,1404.1321
3552,1404.1331
3553,1404.1337
3554,1404.1347
3555,1404.1352
3556,1404.1356
3557,1404.1366
3558,1404.1371
3559,1407.5551
3560,1407.5562
3561,1407.5567
3562,1407.5577
3563,1407.5582
3564,1407.5591
3565,1407.5596
3566,1407.5606
3567,1407.5611
3568,1410.7185
3569,1410.7192
3570,1410.7197
3571,1410.7207
3572,1410.7212
3573,1410.7218
3574,1410.7223
3575,1410.7233
3576,1410.7238
3577,1410.7247
3578,1410.7252
3579,1410.7261
3580,1413.7563
3581,1413.7579
3582,1413.7584
3583,1413.7589
3584,1413.1390
3585,1413.1403
3586,1413.1410
3587,1413.1423
3588,1413.1434
3589,1413.1439
3590,1416.7874
3591,1416.7882
3592,1416.7887
3593,1416.7897
3594,1416.7909
3595,1416.7920
3596,1420.0845
3597,1420.0857
3598,1420.0869
3599,1420.0878
3600,1420.0888
3601,1420.0895
3602,1423.4834
3603,1423.4846
3604,1423.4856
3605,1423.4868
3606,1423.4877
3607,1423.4888
3608,1423.4894
3609,1426.5702
3610,1426.5714
3611,1426.5719
3612,1426.5728
3613,1426.5738
3614,1426.5743
3615,1426.5749
3616,1426.5755
3617,1426.5765
3618,1429.9763
3619,1429.9776
3620,1429.9786
3621,1429.9795
3622,1429.9800
3623,1429.9806
3624,1429.9816
3625,1429.9821
3626,1429.9827
3627,1433.3151
3628,1433.3169
3629,1433.3174
3630,1433.3179
3631,1433.3185
3632,1433.3191
3633,1433.3202
3634,1433.3207
3635,1433.3217
3636,1433.3227
3637,1433.3231
3638,1436.7329
3639,1436.7334
3640,1436.7344
3641,1436.7354
3642,1436.7359
3643,1436.7364
3644,1436.7370
3645,1436.7379
3646,1436.7396
3647,1440.0289
3648,1440.0300
3649,1440.0306
3650,1440.0311
3651,1440.0321
3652,1440.0326
3653,1440.0338
3654,1440.0347
3655,1440.0352
3656,1443.6089
3657,1443.6100
3658,1443.6105
3659,1443.6111
3660,1443.6123
3661,1443.6128
3662,1443.6134
3663,1443.6140
3664,1443.6146
3665,1443.6155
3666,1443.6160
3667,1443.6170
3668,1446.9172
3669,1446.9183
3670,1446.9200
3671,1446.9219
3672,1446.9232
3673,1446.9241
3674,1446.9246
3675,1446.9251
3676,1446.9259
3677,1450.2087
3678,1450.2094
3679,1450.2106
3680,1450.2111
3681,1450.2117
3682,1450.2127
3683,1450.2132
3684,1450.2142
3685,1453.4354
3686,1453.4368
3687,1453.4378
3688,1453.4383
3689,1453.4389
3690,1453.4394
3691,1453.4401
3692,1453.4407
3693,1453.4419
3694,1456.4973
3695,1456.4980
3696,1456.4989
3697,1456.5001
3698,1456.5010
3699,1456.5020
3700,1459.6701
3701,1459.6712
3702,1459.6723
3703,1459.6729
3704,1459.6735
3705,1459.6739
3706,1459.6749
3707,1459.6754
3708,1459.6768
3709,1462.9463
3710,1462.9477
3711,1462.9487
3712,1462.9498
3713,1462.9508
3714,1462.9517
3715,1466.7309
3716,1466.7318
3717,1466.7328
3718,1466.7334
3719,1466.7344
3720,1466.7349
3721,1466.7354
3722,1466.7365
3723,1466.7370
3724,1466.7379
3725,1469.9185
3726,1469.9193
3727,1469.9199
3728,1469.9210
3729,1469.9222
3730,1469.9239
3731,1469.9249
3732,1473.0732
3733,1473.0742
3734,1473.0747
3735,1473.0753
3736,1473.0758
3737,1473.0770
3738,1473.0781
3739,1473.0791
3740,1476.3558
3741,1476.3573
3742,1476.3578
3743,1476.3584
3744,1476.3594
3745,1476.3600
3746,1476.3612
3747,1476.3623
3748,1479.7603
3749,1479.7609
3750,1479.7620
3751,1479.7629
3752,1479.7634
3753,1479.7638
3754,1479.7644
3755,1479.7654
3756,1479.7663
3757,1482.8955
3758,1482.8966
3759,1482.8971
3760,1482.8981
3761,1482.8990
3762,1482.8995
3763,1486.8556
3764,1486.8568
3765,1486.8578
3766,1486.8583
3767,1486.8592
3768,1486.8597
3769,1486.8604
3770,1486.8608
3771,1486.8613
3772,1486.8618
3773,1486.8623
3774,1486.8627
3775,1489.9062
3776,1489.9073
3777,1489.9083
3778,1489.9089
3779,1489.9095
3780,1489.9100
3781,1489.9110
3782,1489.9115
3783,1489.9120
3784,1489.9130
3785,1493.4309
3786,1493.4316
3787,1493.4326
3788,1493.4332
3789,1493.4337
3790,1493.4347
3791,1493.4351
3792,1493.4357
3793,1493.4367
3794,1493.4372
3795,1493.4377
3796,1493.4389
3797,1496.4505
3798,1496.4517
3799,1496.4522
3800,1496.4528
3801,1496.4534
3802,1496.4544
3803,1496.4555
3804,1496.4572
3805,1496.4588
3806,1499.8010
3807,1499.8021
3808,1499.8030
3809,1499.8040
3810,1499.8046
3811,1499.8055
3812,1499.8060
3813,1499.8066
3814,1499.8071
3815,1503.1246
3816,1503.1258
3817,1503.1264
3818,1503.1275
3819,1503.1284
3820,1503.1289
3821,1503.1294
3822,1503.1306
3823,1506.4364
3824,1506.4370
3825,1506.4378
3826,1506.4394
3827,1506.4401
3828,1506.4411
3829,1506.4416
3830,1506.4433
3831,1506.4444
3832,1506.4453
3833,1506.4458
3834,1509.9269
3835,1509.9276
3836,1509.9285
3837,1509.9296
3838,1509.9333
3839,1509.9340
3840,1509.3434
3841,1509.3442
3842,1509.3448
3843,1509.3459
3844,1509.3470
3845,1512.3877
3846,1512.3883
3847,1512.3888
3848,1512.3894
3849,1512.3904
3850,1512.3915
3851,1512.3920
3852,1512.3931
3853,1512.3943
3854,1515.7079
3855,1515.7093
3856,1515.7104
3857,1515.7114
3858,1515.7119
3859,1519.4518
3860,1519.4531
3861,1519.4543
3862,1519.4552
3863,1519.4558
3864,1519.4573
3865,1519.4578
3866,1522.6489
3867,1522.6498
3868,1522.6511
3869,1522.6516
3870,1522.6525
3871,1522.6537
3872,1522.6546
3873,1522.6551
3874,1525.9134
3875,1525.9147
3876,1525.9158
3877,1525.9167
3878,1525.9173
3879,1525.9179
3880,1525.9183
3881,1525.9193
3882,1525.9198
3883,1525.9204
3884,1529.3951
3885,1529.3964
3886,1529.3970
3887,1529.3980
3888,1529.3985
3889,1529.4093
3890,1529.4098
3891,1529.4107
3892,1529.4117
3893,1529.4122
3894,1532.7450
3895,1532.7457
3896,1532.7466
3897,1532.7477
3898,1532.7483
3899,1532.7493
3900,1532.7503
3901,1532.7507
3902,1532.7513
3903,1536.1298
3904,1536.1307
3905,1536.1318
3906,1536.1328
3907,1536.1338
3908,1536.1349
3909,1536.1378
3910,1536.1384
3911,1539.4083
3912,1539.4089
3913,1539.4095
3914,1539.4101
3915,1539.4112
3916,1539.4117
3917,1539.4128
3918,1539.4133
3919,1539.4145
3920,1539.4150
3921,1539.4162
3922,1542.3870
3923,1542.3883
3924,1542.3888
3925,1542.3897
3926,1542.3907
3927,1542.3917
3928,1545.9820
3929,1545.9827
3930,1545.9837
3931,1545.9848
3932,1545.9857
3933,1545.9867
3934,1545.9879
3935,1549.0665
3936,1549.0671
3937,1549.0695
3938,1549.0704
3939,1549.0712
3940,1549.0720
3941,1549.0726
3942,1549.0735
3943,1549.0739
3944,1552.5024
3945,1552.5036
3946,1552.5041
3947,1552.5047
3948,1552.5054
3949,1552.5063
3950,1552.5077
3951,1552.5090
3952,1556.0055
3953,1556.0067
3954,1556.0073
3955,1556.0082
3956,1556.0093
3957,1556.0097
3958,1556.0108
3959,1559.2634
3960,1559.2645
3961,1559.2652
3962,1559.2658
3963,1559.2668
3964,1559.2674
3965,1559.2683
3966,1559.2699
3967,1559.2704
3968,1559.2721
3969,1562.6002
3970,1562.6008
3971,1562.6018
3972,1562.6024
3973,1562.6033
3974,1562.6042
3975,1562.6047
3976,1562.6057
3977,1562.6061
3978,1562.6066
3979,1562.6071
3980,1565.7548
3981,1565.7576
3982,1565.7591
3983,1565.7599
3984,1565.7608
3985,1565.7629
3986,1565.7636
3987,1565.7640
3988,1565.7653
3989,1565.7665
3990,1565.7670
3991,1565.7675
3992,1565.7679
3993,1568.8549
3994,1568.8555
3995,1568.8566
3996,1568.8576
3997,1568.8585
3998,1568.8595
3999,1568.8599
4000,1568.8604
4001,1568.8608
4002,1572.1842
4003,1572.1848
4004,1572.1853
4005,1572.1858
4006,1572.1868
4007,1572.1878
4008,1572.1883
4009,1572.1893
4010,1572.1897
4011,1572.1907
4012,1572.1936
4013,1575.3582
4014,1575.3593
4015,1575.3598
4016,1575.3603
4017,1575.3613
4018,1575.3618
4019,1575.3625
4020,1575.3630
4021,1575.3640
4022,1575.3644
4023,1575.3654
4024,1578.8840
4025,1578.8855
4026,1578.8867
4027,1578.8883
4028,1578.8891
4029,1578.8902
4030,1578.8907
4031,1578.8918
4032,1578.8924
4033,1578.8931
4034,1578.8940
4035,1578.8963
4036,1582.4824
4037,1582.4835
4038,1582.4840
4039,1582.4850
4040,1582.4860
4041,1582.4864
4042,1582.4874
4043,1582.4879
4044,1585.5756
4045,1585.5770
4046,1585.5775
4047,1585.5801
4048,1585.5815
4049,1589.1887
4050,1589.1899
4051,1589.1908
4052,1589.1913
4053,1589.1919
4054,1589.1928
4055,1589.1937
4056,1589.1997
4057,1589.2003
4058,1589.2008
4059,1589.2013
4060,1592.6904
4061,1592.6911
4062,1592.6921
4063,1592.6926
4064,1592.6931
4065,1592.6936
4066,1592.6941
4067,1592.6947
4068,1592.6957
4069,1592.6966
4070,1592.6977
4071,1596.2076
4072,1596.2082
4073,1596.2092
4074,1596.2097
4075,1596.2107
4076,1596.2117
4077,1596.2122
4078,1596.2127
4079,1596.2138
4080,1599.6053
4081,1599.6065
4082,1599.6070
4083,1599.6075
4084,1599.6085
4085,1599.6094
4086,1599.6103
4087,1599.6108
4088,1603.0962
4089,1603.0969
4090,1603.0974
4091,1603.0983
4092,1603.0988
4093,1603.0998
4094,1603.1007
4095,1603.1013
4096,1602.4943
4097,1605.7282
4098,1605.7289
4099,1605.7306
4100,1605.7310
4101,1605.7320
4102,1605.7329
4103,1605.7335
4104,1605.7340
4105,1605.7345
4106,1605.7351
4107,1605.7362
4108,1609.2071
4109,1609.2083
4110,1609.2088
4111,1609.2098
4112,1609.2103
4113,1609.2113
4114,1609.2123
4115,1609.2127
4116,1609.2133
4117,1609.2138
4118,1612.8400
4119,1612.8414
4120,1612.8423
4121,1612.8433
4122,1612.8443
4123,1612.8448
4124,1612.8463
4125,1612.8468
4126,1612.8476
4127,1612.8481
4128,1612.8487
4129,1612.8499
4130,1616.2672
4131,1616.2679
4132,1616.2689
4133,1616.2698
4134,1616.2704
4135,1616.2709
4136,1616.2719
4137,1616.2725
4138,1616.2730
4139,1616.2737
4140,1616.2743
4141,1616.2748
4142,1619.6956
4143,1619.6971
4144,1619.6981
4145,1619.6990
4146,1623.0585
4147,1623.0596
4148,1623.0602
4149,1623.0612
4150,1623.0617
4151,1623.0627
4152,1623.0632
4153,1623.0639
4154,1623.0649
4155,1626.4605
4156,1626.4613
4157,1626.4622
4158,1626.4627
4159,1626.4637
4160,1626.4648
4161,1626.4653
4162,1626.4658
4163,1626.4663
4164,1626.4673
4165,1630.1976
4166,1630.1983
4167,1630.1989
4168,1630.1995
4169,1630.2000
4170,1630.2005
4171,1630.2015
4172,1630.2025
4173,1630.2030
4174,1630.2036
4175,1630.2046
4176,1630.2057
4177,1633.4615
4178,1633.4623
4179,1633.4632
4180,1633.4643
4181,1633.4653
4182,1633.4662
4183,1633.4671
4184,1636.6013
4185,1636.6021
4186,1636.6026
4187,1636.6036
4188,1636.6041
4189,1636.6050
4190,1636.6055
4191,1636.6065
4192,1636.6074
4193,1639.9546
4194,1639.9574
4195,1639.9579
4196,1639.9602
4197,1639.9612
4198,1639.9616
4199,1639.9626
4200,1639.9636
4201,1639.9641
4202,1639.9652
4203,1643.3564
4204,1643.3577
4205,1643.3586
4206,1643.3592
4207,1643.3600
4208,1643.3610
4209,1643.3621
4210,1643.3626
4211,1646.5527
4212,1646.5535
4213,1646.5545
4214,1646.5560
4215,1646.5565
4216,1646.5590
4217,1646.5600
4218,1649.7462
4219,1649.7473
4220,1649.7483
4221,1649.7492
4222,1649.7501
4223,1649.7507
4224,1649.7521
4225,1649.7535
4226,1652.8828
4227,1652.8837
4228,1652.8842
4229,1652.8852
4230,1652.8863
4231,1652.8872
4232,1652.8878
4233,1656.4122
4234,1656.4135
4235,1656.4145
4236,1656.4154
4237,1656.4159
4238,1656.4169
4239,1656.4174
4240,1659.6679
4241,1659.6690
4242,1659.6700
4243,1659.6705
4244,1659.6710
4245,1659.6715
4246,1659.6719
4247,1659.6724
4248,1659.6734
4249,1659.6738
4250,1659.6748
4251,1663.4614
4252,1663.4621
4253,1663.4627
4254,1663.4636
4255,1663.4641
4256,1663.4646
4257,1663.4651
4258,1663.4660
4259,1663.4670
4260,1663.4680
4261,1663.4684
4262,1666.8219
4263,1666.8231
4264,1666.8244
4265,1666.8253
4266,1666.8262
4267,1666.8272
4268,1670.0000
4269,1670.0006
4270,1670.0011
4271,1670.0016
4272,1670.0032
4273,1670.0036
4274,1670.0041
4275,1670.0052
4276,1670.0061
4277,1670.0065
4278,1670.0070
4279,1670.0075
4280,1673.1487
4281,1673.1498
4282,1673.1508
4283,1673.1513
4284,1673.1518
4285,1673.1527
4286,1673.1537
4287,1676.3226
4288,1676.3232
4289,1676.3242
4290,1676.3251
4291,1676.3256
4292,1676.3262
4293,1676.3272
4294,1676.3276
4295,1676.3294
4296,1676.3299
4297,1676.3304
4298,1679.5705
4299,1679.5712
4300,1679.5718
4301,1679.5728
4302,1679.5738
4303,1679.5748
4304,1679.5760
4305,1682.6922
4306,1682.6941
4307,1682.6951
4308,1682.6960
4309,1682.6970
4310,1682.6974
4311,1682.6984
4312,1685.7241
4313,1685.7248
4314,1685.7253
4315,1685.7258
4316,1685.7272
4317,1685.7283
4318,1688.8631
4319,1688.8644
4320,1688.8655
4321,1688.8665
4322,1688.8684
4323,1688.8689
4324,1688.8709
4325,1691.9642
4326,1691.9648
4327,1691.9653
4328,1691.9663
4329,1691.9668
4330,1691.9678
4331,1691.9683
4332,1691.9689
4333,1691.9693
4334,1691.9698
4335,1691.9703
4336,1691.9707
4337,1691.9717
4338,1695.2487
4339,1695.2498
4340,1695.2507
4341,1695.2518
4342,1695.2530
4343,1695.2540
4344,1695.2551
4345,1695.2556
4346,1695.2561
4347,1695.2566
4348,1698.6553
4349,1698.6562
4350,1698.6567
4351,1698.6571
4352,1698.0740
4353,1698.0747
4354,1698.0752
4355,1698.0766
4356,1698.0777
4357,1701.5399
4358,1701.5411
4359,1701.5421
4360,1701.5440
4361,1701.5445
4362,1701.5450
4363,1701.5668
4364,1701.5680
4365,1701.5686
4366,1705.0499
4367,1705.0512
4368,1705.0523
4369,1705.0528
4370,1705.0532
4371,1705.0538
4372,1705.0548
4373,1705.0553
4374,1705.0557
4375,1705.0562
4376,1705.0571
4377,1708.1373
4378,1708.1384
4379,1708.1389
4380,1708.1402
4381,1708.1411
4382,1708.1417
4383,1708.1424
4384,1708.1429
4385,1708.1435
4386,1708.1439
4387,1708.1444
4388,1708.1450
4389,1711.3172
4390,1711.3187
4391,1711.3202
4392,1711.3222
4393,1711.3231
4394,1711.3243
4395,1711.3252
4396,1711.3257
4397,1714.5286
4398,1714.5299
4399,1714.5309
4400,1714.5321
4401,1714.5327
4402,1714.5332
4403,1714.5342
4404,1714.5347
4405,1717.9452
4406,1717.9463
4407,1717.9476
4408,1717.9481
4409,1717.9488
4410,1717.9499
4411,1717.9508
4412,1717.9518
4413,1717.9530
4414,1717.9535
4415,1721.1003
4416,1721.1022
4417,1721.1047
4418,1721.1058
4419,1721.1071
4420,1721.1082
4421,1724.1167
4422,1724.1177
4423,1724.1188
4424,1724.1197
4425,1724.1202
4426,1724.1212
4427,1724.1216
4428,1727.7105
4429,1727.7117
4430,1727.7123
4431,1727.7128
4432,1727.7137
4433,1727.7142
4434,1727.7162
4435,1727.7173
4436,1731.0853
4437,1731.0865
4438,1731.0875
4439,1731.0887
4440,1731.0894
4441,1731.0903
4442,1734.2794
4443,1734.2801
4444,1734.2808
4445,1734.2818
4446,1734.2829
4447,1734.2835
4448,1734.2842
4449,1734.2848
4450,1734.2857
4451,1734.2862
4452,1737.4455
4453,1737.4469
4454,1737.4474
4455,1737.4491
4456,1737.4496
4457,1737.4508
4458,1737.4514
4459,1737.4524
4460,1737.4541
4461,1737.4546
4462,1737.4553
4463,1740.5072
4464,1740.5089
4465,1740.5114
4466,1740.5123
4467,1740.5238
4468,1740.5252
4469,1743.6470
4470,1743.6479
4471,1743.6486
4472,1743.6498
4473,1743.6508
4474,1743.6513
4475,1743.6524
4476,1743.6533
4477,1743.6538
4478,1747.1495
4479,1747.1508
4480,1747.1514
4481,1747.1520
4482,1747.1525
4483,1747.1535
4484,1747.1541
4485,1747.1550
4486,1747.1560
4487,1750.8263
4488,1750.8277
4489,1750.8288
4490,1750.8293
4491,1750.8300
4492,1750.8305
4493,1750.8311
4494,1750.8317
4495,1750.8322
4496,1750.8331
4497,1750.8336
4498,1753.8341
4499,1753.8349
4500,1758.5329
4501,1758.5336
4502,1758.5342
4503,1758.5347
4504,1758.5352
4505,1758.5369
4506,1758.5374
4507,1758.5389
4508,1758.5399
4509,1758.5404
4510,1758.5413
4511,1758.5422
4512,1762.5509
4513,1762.5516
4514,1762.5521
4515,1762.5527
4516,1762.5531
4517,1762.5541
4518,1762.5551
4519,1762.5556
4520,1762.5561
4521,1765.6997
4522,1765.7023
4523,1765.7040
4524,1765.7056
4525,1765.7060
4526,1765.7065
4527,1765.7070
4528,1765.7076
4529,1765.7085
4530,1765.7095
4531,1768.9404
4532,1768.9424
4533,1768.9432
4534,1768.9449
4535,1768.9458
4536,1768.9464
4537,1768.9469
4538,1768.9491
4539,1768.9496
4540,1768.9505
4541,1768.9512
4542,1768.9525
4543,1771.9825
4544,1771.9834
4545,1771.9838
4546,1771.9843
4547,1771.9851
4548,1771.9856
4549,1771.9859
4550,1771.9863
4551,1771.9867
4552,1771.9880
4553,1771.9884
4554,1771.9887
4555,1775.4489
4556,1775.4504
4557,1775.4515
4558,1775.4525
4559,1775.4532
4560,1775.4542
4561,1778.5840
4562,1778.5846
4563,1778.5852
4564,1778.5857
4565,1778.5862
4566,1778.5872
4567,1778.5881
4568,1778.5886
4569,1778.5891
4570,1778.5901
4571,1781.6777
4572,1781.6791
4573,1781.6796
4574,1781.6801
4575,1781.6812
4576,1781.6817
4577,1781.6827
4578,1781.6832
4579,1781.6837
4580,1781.6846
4581,1781.6851
4582,1784.8563
4583,1784.8570
4584,1784.8575
4585,1784.8579
4586,1784.8589
4587,1784.8594
4588,1784.8603
4589,1784.8613
4590,1784.8618
4591,1787.9013
4592,1787.9020
4593,1787.9024
4594,1787.9034
4595,1787.9038
4596,1787.9043
4597,1787.9050
4598,1787.9054
4599,1787.9062
4600,1787.9070
4601,1791.4997
4602,1791.5008
4603,1791.5019
4604,1791.5024
4605,1791.5033
4606,1791.5038
4607,1791.5048
4608,1790.9324
4609,1790.9330
4610,1790.9335
4611,1790.9340
4612,1790.9346
4613,1794.6583
4614,1794.6591
4615,1794.6602
4616,1794.6608
4617,1794.6613
4618,1794.6625
4619,1794.6631
4620,1794.6645
4621,1794.6651
4622,1794.6656
4623,1794.6661
4624,1794.6666
4625,1794.6670
4626,1794.6677
4627,1794.6681
4628,1794.6687
4629,1794.6691
4630,1798.1605
4631,1798.1619
4632,1798.1635
4633,1798.1640
4634,1798.1661
4635,1798.1666
4636,1798.1683
4637,1801.2856
4638,1801.2870
4639,1801.2877
4640,1801.2884
4641,1801.2889
4642,1801.2901
4643,1801.2923
4644,1801.2928
4645,1804.4323
4646,1804.4330
4647,1804.4335
4648,1804.4346
4649,1804.4352
4650,1804.4358
4651,1804.4370
4652,1804.4376
4653,1804.4382
4654,1804.4388
4655,1804.4393
4656,1804.4399
4657,1804.4405
4658,1804.4421
4659,1807.8227
4660,1807.8235
4661,1807.8241
4662,1807.8246
4663,1807.8260
4664,1807.8266
4665,1807.8278
4666,1807.8283
4667,1807.8289
4668,1807.8295
4669,1807.8299
4670,1807.8304
4671,1807.8309
4672,1807.8320
4673,1807.8325
4674,1807.8330
4675,1811.4792
4676,1811.4804
4677,1811.4809
4678,1811.4815
4679,1811.4820
4680,1811.4830
4681,1811.4836
4682,1811.4841
4683,1811.4846
4684,1811.4859
4685,1811.4864
4686,1811.4873
4687,1814.8560
4688,1814.8571
4689,1814.8577
4690,1814.8587
4691,1814.8592
4692,1814.8604
4693,1814.8613
4694,1818.1776
4695,1818.1798
4696,1818.1812
4697,1818.1834
4698,1818.1844
4699,1818.1853
4700,1818.1863
4701,1818.1869
4702,1818.1889
4703,1818.1895
4704,1821.6245
4705,1821.6251
4706,1821.6257
4707,1821.6264
4708,1821.6272
4709,1821.6278
4710,1821.6287
4711,1821.6298
4712,1821.6308
4713,1821.6313
4714,1821.6322
4715,1821.6327
4716,1825.3638
4717,1825.3654
4718,1825.3659
4719,1825.3671
4720,1825.3680
4721,1825.3689
4722,1828.4920
4723,1828.4926
4724,1828.4936
4725,1828.4946
4726,1828.4952
4727,1828.4962
4728,1828.4972
4729,1831.5659
4730,1831.5665
4731,1831.5671
4732,1831.5683
4733,1831.5692
4734,1831.5697
4735,1831.5708
4736,1831.5717
4737,1831.5722
4738,1831.5727
4739,1831.5731
4740,1835.0021
4741,1835.0029
4742,1835.0035
4743,1835.0044
4744,1835.0055
4745,1835.0069
4746,1838.5106
4747,1838.5116
4748,1838.5126
4749,1838.5137
4750,1838.5146
4751,1838.5151
4752,1841.7489
4753,1841.7495
4754,1841.7500
4755,1841.7509
4756,1841.7515
4757,1841.7525
4758,1841.7530
4759,1841.7539
4760,1841.7544
4761,1841.7548
4762,1841.7553
4763,1841.7558
4764,1844.9835
4765,1844.9842
4766,1844.9870
4767,1844.9877
4768,1844.9881
4769,1844.9886
4770,1844.9896
4771,1844.9905
4772,1844.9915
4773,1844.9924
4774,1848.6553
4775,1848.6566
4776,1848.6572
4777,1848.6577
4778,1848.6586
4779,1848.6596
4780,1848.6600
4781,1848.6623
4782,1851.8258
4783,1851.8268
4784,1851.8278
4785,1851.8294
4786,1851.8305
4787,1851.8310
4788,1851.8322
4789,1851.8328
4790,1851.8333
4791,1851.8338
4792,1855.3181
4793,1855.3188
4794,1855.3194
4795,1855.3205
4796,1855.3210
4797,1855.3219
4798,1855.3224
4799,1855.3233
4800,1855.3243
4801,1858.5528
4802,1858.5539
4803,1858.5544
4804,1858.5553
4805,1858.5558
4806,1858.5567
4807,1858.5572
4808,1858.5578
4809,1858.5587
4810,1861.7329
4811,1861.7356
4812,1861.7377
4813,1861.7382
4814,1861.7389
4815,1861.7400
4816,1861.7405
4817,1861.7414
4818,1861.7429
4819,1861.7434
4820,1861.7441
4821,1861.7447
4822,1865.2531
4823,1865.2539
4824,1865.2545
4825,1865.2558
4826,1865.2563
4827,1865.2570
4828,1865.2575
4829,1865.2647
4830,1865.2654
4831,1865.2660
4832,1865.2676
4833,1865.2682
4834,1868.4644
4835,1868.4655
4836,1868.4666
4837,1868.4675
4838,1868.4680
4839,1868.4685
4840,1871.9678
4841,1871.9684
4842,1871.9689
4843,1871.9699
4844,1871.9705
4845,1871.9711
4846,1871.9717
4847,1871.9730
4848,1872.0809
4849,1872.0828
4850,1875.0913
4851,1875.0920
4852,1875.0927
4853,1875.0934
4854,1875.0947
4855,1875.0959
4856,1875.2881
4857,1875.2892
4858,1878.2788
4859,1878.2800
4860,1878.2809
4861,1878.2819
4862,1878.2825
4863,1878.4616
4864,1877.8069
4865,1881.0469
4866,1881.0478
4867,1881.0485
4868,1881.0490
4869,1881.0500
4870,1881.0506
4871,1881.0519
4872,1881.0524
4873,1881.0531
4874,1881.0543
4875,1881.0553
4876,1884.4898
4877,1884.4904
4878,1884.4910
4879,1884.4915
4880,1884.4919
4881,1884.4933
4882,1884.4944
4883,1884.4956
4884,1884.4961
4885,1884.4967
4886,1884.4973
4887,1887.6952
4888,1887.6966
4889,1887.6971
4890,1887.6986
4891,1887.7006
4892,1887.7012
4893,1887.7017
4894,1887.7039
4895,1887.7043
4896,1890.8864
4897,1890.8876
4898,1890.8886
4899,1890.8897
4900,1890.8907
4901,1890.8916
4902,1894.0372
4903,1894.0387
4904,1894.0397
4905,1894.0402
4906,1894.0412
4907,1894.0421
4908,1894.0432
4909,1897.2846
4910,1897.2864
4911,1897.2872
4912,1897.2884
4913,1897.2889
4914,1897.2898
4915,1897.2906
4916,1897.2920
4917,1897.2925
4918,1897.2938
4919,1900.7025
4920,1900.7034
4921,1900.7041
4922,1900.7047
4923,1900.7058
4924,1900.7064
4925,1900.7075
4926,1900.7080
4927,1900.7089
4928,1900.7094
4929,1904.2150
4930,1904.2163
4931,1904.2168
4932,1904.2178
4933,1904.2183
4934,1904.2193
4935,1907.5197
4936,1907.5211
4937,1907.5217
4938,1907.5223
4939,1907.5229
4940,1907.5235
4941,1907.5240
4942,1907.5244
4943,1907.5249
4944,1907.5260
4945,1907.5265
4946,1907.5271
4947,1907.5281
4948,1908.3426
4949,1908.3433
4950,1908.3439
4951,1908.3445
4952,1910.5498
4953,1910.5511
4954,1910.5522
4955,1910.5527
4956,1910.5536
4957,1910.5542
4958,1910.5546
4959,1910.5551
4960,1911.3790
4961,1911.3798
4962,1913.8918
4963,1913.8932
4964,1913.8941
4965,1913.8947
4966,1913.8952
4967,1913.8958
4968,1913.8968
4969,1913.8972
4970,1913.8979
4971,1913.8985
4972,1917.3994
4973,1917.4007
4974,1917.4017
4975,1917.4024
4976,1917.4034
4977,1917.4039
4978,1917.4045
4979,1917.4054
4980,1917.4059
4981,1920.7675
4982,1920.7686
4983,1920.7690
4984,1920.7696
4985,1920.7706
4986,1920.7718
4987,1920.7728
4988,1923.8556
4989,1923.8563
4990,1923.8575
4991,1923.8580
4992,1923.8593
4993,1923.8619
4994,1923.8624
4995,1923.8633
4996,1927.3645
4997,1927.3656
4998,1927.3669
4999,1927.3686
5000,1927.3691
5001,1927.3700
5002,1927.3704
5003,1930.4139
5004,1930.4150
5005,1930.4163
5006,1930.4173
5007,1930.4178
5008,1930.4184
5009,1930.4194
5010,1933.4932
5011,1933.4938
5012,1933.4945
5013,1933.4957
5014,1933.4967
5015,1933.4972
5016,1933.4978
5017,1933.4991
5018,1933.5000
5019,1936.5771
5020,1936.5779
5021,1936.5784
5022,1936.5789
5023,1936.5799
5024,1936.5804
5025,1936.5813
5026,1939.9205
5027,1939.9216
5028,1939.9230
5029,1939.9240
5030,1939.9262
5031,1939.9267
5032,1939.9279
5033,1939.9297
5034,1939.9306
5035,1939.9312
5036,1943.0873
5037,1943.0882
5038,1943.0895
5039,1943.0904
5040,1943.0908
5041,1943.0922
5042,1943.0932
5043,1943.0942
5044,1943.0946
5045,1943.0952
5046,1943.0962
5047,1946.7034
5048,1946.7046
5049,1946.7051
5050,1946.7060
5051,1946.7065
5052,1946.7071
5053,1946.7080
5054,1946.7085
5055,1946.7090
5056,1946.7099
5057,1946.7104
5058,1950.0283
5059,1950.0295
5060,1950.0300
5061,1950.0309
5062,1950.0314
5063,1950.0319
5064,1950.0328
5065,1950.0338
5066,1953.1713
5067,1953.1725
5068,1953.1730
5069,1953.1735
5070,1953.1740
5071,1953.1749
5072,1953.1759
5073,1953.1768
5074,1956.5067
5075,1956.5074
5076,1956.5084
5077,1956.5090
5078,1956.5099
5079,1956.5109
5080,1956.5114
5081,1956.5120
5082,1956.5125
5083,1956.5136
5084,1960.0648
5085,1960.0659
5086,1960.0668
5087,1960.0675
5088,1960.0684
5089,1960.0689
5090,1960.0699
5091,1963.0200
5092,1963.0206
5093,1963.0212
5094,1963.0217
5095,1963.0222
5096,1963.0226
5097,1963.0231
5098,1963.0243
5099,1963.0248
5100,1963.0253
5101,1963.0262
5102,1963.0267
5103,1963.0276
5104,1963.0281
5105,1966.2381
5106,1966.2395
5107,1966.2401
5108,1966.2411
5109,1966.2420
5110,1966.2430
5111,1966.2435
5112,1966.2444
5113,1966.2450
5114,1969.6268
5115,1969.6277
5116,1969.6288
5117,1969.6294
5118,1969.6298
5119,1969.6303
5120,1968.9566
5121,1968.9578
5122,1968.9591
5123,1968.9596
5124,1968.9602
5125,1972.8329
5126,1972.8348
5127,1972.8355
5128,1972.8365
5129,1972.8371
5130,1972.8383
5131,1972.8389
5132,1976.1642
5133,1976.1651
5134,1976.1661
5135,1976.1673
5136,1976.1680
5137,1976.1689
5138,1976.1694
5139,1976.1704
5140,1979.5222
5141,1979.5235
5142,1979.5245
5143,1979.5251
5144,1979.5292
5145,1979.5303
5146,1979.5308
5147,1979.5355
5148,1979.5361
5149,1983.1782
5150,1983.1790
5151,1983.1800
5152,1983.1811
5153,1983.1815
5154,1983.1820
5155,1983.1825
5156,1983.1835
5157,1983.1846
5158,1983.1851
5159,1986.6960
5160,1986.6967
5161,1986.6974
5162,1986.6980
5163,1986.6990
5164,1986.6999
5165,1986.7003
5166,1986.7012
5167,1986.7024
5168,1986.7033
5169,1989.6506
5170,1989.6516
5171,1989.6526
5172,1989.6534
5173,1989.6544
5174,1989.6552
5175,1989.6559
5176,1992.8370
5177,1992.8383
5178,1992.8387
5179,1992.8394
5180,1992.8400
5181,1992.8405
5182,1992.8413
5183,1992.8430
5184,1992.8440
5185,1992.8444
5186,1995.9010
5187,1995.9017
5188,1995.9022
5189,1995.9054
5190,1995.9064
5191,1995.9072
5192,1995.9076
5193,1995.9080
5194,1995.9088
5195,1995.9092
5196,1999.4440
5197,1999.4456
5198,1999.4465
5199,1999.4469
5200,1999.4477
5201,1999.4483
5202,1999.4489
5203,1999.4499
5204,1999.4504
5205,1999.4508
5206,2003.0488
5207,2003.0493
5208,2003.0498
5209,2003.0504
5210,2003.0511
5211,2003.0521
5212,2003.0530
5213,2003.0535
5214,2003.0540
5215,2003.0547
5216,2006.7045
5217,2006.7060
5218,2006.7071
5219,2009.8255
5220,2009.8262
5221,2009.8268
5222,2009.8272
5223,2009.8276
5224,2009.8282
5225,2009.8290
5226,2009.8294
5227,2009.8298
5228,2009.8306
5229,2012.9905
5230,2012.9923
5231,2012.9935
5232,2012.9942
5233,2012.9950
5234,2012.9962
5235,2012.9977
5236,2012.9984
5237,2012.9991
5238,2012.9998
5239,2013.0005
5240,2016.3689
5241,2016.3699
5242,2016.3706
5243,2016.3713
5244,2016.3719
5245,2016.3723
5246,2016.3727
5247,2016.3733
5248,2020.0811
5249,2020.0817
5250,2020.0821
5251,2020.0828
5252,2020.0831
5253,2020.0834
5254,2020.0837
5255,2020.0840
5256,2020.0843
5257,2020.0846
5258,2020.0849
5259,2020.0856
5260,2020.0860
5261,2020.0863
5262,2020.0869
5263,2020.0875
5264,2023.3595
5265,2023.3606
5266,2023.3609
5267,2023.3616
5268,2023.3620
5269,2023.3626
5270,2023.3632
5271,2023.3635
5272,2023.3643
5273,2023.3646
5274,2023.3649
5275,2023.3653
5276,2023.3656
5277,2023.3659
5278,2026.7190
5279,2026.7199
5280,2026.7203
5281,2026.7207
5282,2026.7210
5283,2026.7218
5284,2026.7225
5285,2026.7228
5286,2026.7232
5287,2026.7238
5288,2026.7241
5289,2030.1525
5290,2030.1533
5291,2030.1540
5292,2030.1543
5293,2030.1547
5294,2030.1553
5295,2030.1556
5296,2030.1562
5297,2030.1569
5298,2033.2330
5299,2033.2337
5300,2033.2341
5301,2033.2345
5302,2033.2353
5303,2033.2362
5304,2033.2368
5305,2033.2374
5306,2033.2378
5307,2036.5557
5308,2036.5566
5309,2036.5570
5310,2036.5577
5311,2036.5580
5312,2036.5583
5313,2036.5589
5314,2036.5598
5315,2036.5602
5316,2039.4968
5317,2039.4988
5318,2039.4996
5319,2039.5004
5320,2042.8546
5321,2042.8552
5322,2042.8562
5323,2042.8568
5324,2042.8575
5325,2042.8579
5326,2042.8583
5327,2042.8589
5328,2042.8594
5329,2042.8597
5330,2042.8602
5331,2045.9777
5332,2045.9791
5333,2045.9797
5334,2045.9804
5335,2045.9814
5336,2045.9819
5337,2045.9825
5338,2045.9836
5339,2045.9853
5340,2049.3297
5341,2049.3318
5342,2049.3329
5343,2049.3349
5344,2049.3359
5345,2049.3368
5346,2049.3378
5347,2049.3397
5348,2049.3406
5349,2049.3417
5350,2049.3436
5351,2052.4000
5352,2052.4016
5353,2052.4024
5354,2052.4032
5355,2052.4038
5356,2052.4044
5357,2055.5818
5358,2055.5826
5359,2055.5835
5360,2055.5841
5361,2055.5845
5362,2055.5853
5363,2055.5858
5364,2055.5862
5365,2055.5870
5366,2055.5875
5367,2055.5880
5368,2055.5885
5369,2058.9370
5370,2058.9382
5371,2058.9403
5372,2058.9410
5373,2058.9413
5374,2058.9421
5375,2058.9425
5376,2058.3598
5377,2058.3605
5378,2061.7453
5379,2061.7467
5380,2061.7473
5381,2061.7477
5382,2061.7487
5383,2061.7496
5384,2061.7513
5385,2061.7523
5386,2061.7529
5387,2061.7534
5388,2064.8702
5389,2064.8707
5390,2064.8711
5391,2064.8719
5392,2064.8723
5393,2064.8733
5394,2064.8738
5395,2064.8748
5396,2064.8752
5397,2064.8761
5398,2068.4147
5399,2068.4155
5400,2068.4171
5401,2068.4181
5402,2068.4190
5403,2068.4199
5404,2071.6451
5405,2071.6458
5406,2071.6468
5407,2071.6473
5408,2071.6482
5409,2071.6492
5410,2074.8320
5411,2074.8327
5412,2074.8337
5413,2074.8345
5414,2074.8353
5415,2078.0856
5416,2078.0862
5417,2078.0868
5418,2078.0876
5419,2078.0882
5420,2078.0887
5421,2078.0896
5422,2078.0906
5423,2078.0910
5424,2078.0926
5425,2078.0931
5426,2081.2528
5427,2081.2540
5428,2081.2545
5429,2081.2551
5430,2081.2557
5431,2081.2566
5432,2081.2575
5433,2081.2581
5434,2081.2592
5435,2081.2604
5436,2084.7070
5437,2084.7078
5438,2084.7084
5439,2084.7090
5440,2084.7099
5441,2084.7111
5442,2084.7120
5443,2084.7128
5444,2084.7139
5445,2088.0168
5446,2088.0174
5447,2088.0180
5448,2088.0190
5449,2088.0195
5450,2088.0206
5451,2088.0211
5452,2088.0222
5453,2088.0226
5454,2088.0236
5455,2088.0241
5456,2091.5469
5457,2091.5483
5458,2091.5489
5459,2091.5495
5460,2091.5501
5461,2091.5511
5462,2091.5515
5463,2091.5525
5464,2091.5530
5465,2091.5540
5466,2091.5545
5467,2094.6417
5468,2094.6425
5469,2094.6436
5470,2094.6441
5471,2094.6448
5472,2094.6459
5473,2094.6466
5474,2094.6472
5475,2094.6483
5476,2094.6494
5477,2094.6500
5478,2097.7564
5479,2097.7572
5480,2097.7581
5481,2097.7591
5482,2097.7600
5483,2097.7605
5484,2097.7611
5485,2097.7617
5486,2097.7623
5487,2097.7639
5488,2097.7644
5489,2100.8195
5490,2100.8207
5491,2100.8214
5492,2100.8223
5493,2100.8228
5494,2100.8237
5495,2100.8247
5496,2103.9445
5497,2103.9452
5498,2103.9458
5499,2103.9464
5500,2103.9468
5501,2103.9477
5502,2103.9482
5503,2103.9495
5504,2103.9504
5505,2103.9514
5506,2107.6002
5507,2107.6009
5508,2107.6015
5509,2107.6025
5510,2107.6030
5511,2107.6039
5512,2107.6044
5513,2107.6049
5514,2107.6058
5515,2107.6064
5516,2111.3401
5517,2111.3413
5518,2111.3422
5519,2111.3432
5520,2111.3442
5521,2111.3446
5522,2114.7413
5523,2114.7425
5524,2114.7437
5525,2114.7442
5526,2114.7447
5527,2114.7453
5528,2114.7462
5529,2114.7472
5530,2114.7477
5531,2118.1148
5532,2118.1155
5533,2118.1161
5534,2118.1171
5535,2118.1180
5536,2118.1190
5537,2118.1200
5538,2121.2636
5539,2121.2643
5540,2121.2653
5541,2121.2658
5542,2121.2663
5543,2121.2672
5544,2121.2682
5545,2121.2687
5546,2121.2696
5547,2124.6520
5548,2124.6527
5549,2124.6537
5550,2124.6542
5551,2124.6548
5552,2124.6558
5553,2124.6568
5554,2124.6573
5555,2124.6583
5556,2124.6588
5557,2128.1792
5558,2128.1807
5559,2128.1813
5560,2128.1818
5561,2128.1823
5562,2128.1828
5563,2128.1838
5564,2128.1848
5565,2128.1853
5566,2128.1863
5567,2128.1868
5568,2131.7472
5569,2131.7478
5570,2131.7483
5571,2131.7488
5572,2131.7493
5573,2131.7503
5574,2131.7508
5575,2131.7513
5576,2131.7523
5577,2131.7528
5578,2131.7537
5579,2131.7543
5580,2134.8806
5581,2134.8818
5582,2134.8823
5583,2134.8829
5584,2134.8834
5585,2134.8840
5586,2134.8849
5587,2134.8859
5588,2134.8869
5589,2138.2696
5590,2138.2707
5591,2138.2712
5592,2138.2718
5593,2138.2723
5594,2138.2732
5595,2138.2737
5596,2138.2746
5597,2138.2758
5598,2141.7542
5599,2141.7559
5600,2141.7565
5601,2141.7578
5602,2141.7586
5603,2141.7596
5604,2141.7609
5605,2141.7621
5606,2141.7632
5607,2141.7644
5608,2141.7649
5609,2144.9125
5610,2144.9137
5611,2144.9142
5612,2144.9151
5613,2144.9156
5614,2144.9160
5615,2144.9165
5616,2144.9170
5617,2144.9175
5618,2144.9185
5619,2148.0239
5620,2148.0250
5621,2148.0255
5622,2148.0264
5623,2148.0274
5624,2148.0283
5625,2151.1371
5626,2151.1377
5627,2151.1393
5628,2151.1399
5629,2151.1408
5630,2151.1412
5631,2151.1421
5632,2150.5793
5633,2150.5803
5634,2150.5821
5635,2150.5836
5636,2150.5840
5637,2150.5846
5638,2153.7775
5639,2153.7794
5640,2153.7801
5641,2153.7807
5642,2153.7813
5643,2153.7821
5644,2153.7827
5645,2153.7833
5646,2153.7842
5647,2153.7854
5648,2153.7859
5649,2153.7864
5650,2153.7870
5651,2156.8973
5652,2156.8984
5653,2156.8994
5654,2156.9000
5655,2156.9005
5656,2156.9010
5657,2156.9019
5658,2156.9031
5659,2156.9036
5660,2156.9040
5661,2160.4176
5662,2160.4183
5663,2160.4189
5664,2160.4194
5665,2160.4200
5666,2160.4211
5667,2160.4217
5668,2160.4223
5669,2160.4232
5670,2160.4247
5671,2160.4252
5672,2160.4263
5673,2163.5787
5674,2163.5794
5675,2163.5819
5676,2163.5838
5677,2163.5844
5678,2163.5850
5679,2163.5860
5680,2163.5870
5681,2163.5896
5682,2163.5901
5683,2163.5906
5684,2163.5911
5685,2163.5920
5686,2166.6899
5687,2166.6906
5688,2166.6917
5689,2166.6923
5690,2166.6930
5691,2166.6942
5692,2166.6947
5693,2166.6953
5694,2166.6962
5695,2166.6972
5696,2166.6976
5697,2166.6982
5698,2170.2686
5699,2170.2720
5700,2170.2739
5701,2170.2745
5702,2170.2758
5703,2170.2768
5704,2170.2773
5705,2170.2778
5706,2170.2800
5707,2170.2806
5708,2170.2821
5709,2170.2828
5710,2173.8945
5711,2173.8955
5712,2173.8961
5713,2173.8968
5714,2173.8976
5715,2173.8995
5716,2173.9008
5717,2173.9015
5718,2173.9019
5719,2173.9044
5720,2173.9066
5721,2173.9074
5722,2173.9084
5723,2177.5314
5724,2177.5324
5725,2177.5339
5726,2177.5353
5727,2177.5360
5728,2177.5376
5729,2180.7373
5730,2180.7384
5731,2180.7393
5732,2180.7398
5733,2180.7405
5734,2180.7411
5735,2180.7416
5736,2180.7426
5737,2183.7879
5738,2183.7886
5739,2183.7898
5740,2183.7908
5741,2183.7912
5742,2183.7922
5743,2183.7926
5744,2183.7932
5745,2183.7941
5746,2187.0980
5747,2187.0994
5748,2187.1008
5749,2187.1017
5750,2187.1029
5751,2187.1038
5752,2187.1051
5753,2187.1060
5754,2187.1069
5755,2190.4743
5756,2190.4749
5757,2190.4753
5758,2190.4758
5759,2190.4770
5760,2190.4782
5761,2190.4795
5762,2190.4800
5763,2190.4805
5764,2190.4820
5765,2190.4830
5766,2190.4835
5767,2193.5043
5768,2193.5055
5769,2193.5067
5770,2193.5081
5771,2193.5096
5772,2193.5103
5773,2193.5108
5774,2193.5117
5775,2196.9023
5776,2196.9039
5777,2196.9044
5778,2196.9057
5779,2196.9066
5780,2196.9071
5781,2196.9082
5782,2196.9087
5783,2196.9095
5784,2196.9100
5785,2196.9110
5786,2196.9114
5787,2199.9101
5788,2199.9113
5789,2199.9117
5790,2199.9122
5791,2199.9132
5792,2199.9146
5793,2199.9152
5794,2199.9158
5795,2199.9170
5796,2203.2506
5797,2203.2513
5798,2203.2518
5799,2203.2527
5800,2203.2537
5801,2203.2546
5802,2203.2556
5803,2206.4254
5804,2206.4263
5805,2206.4273
5806,2206.4278
5807,2206.4283
5808,2206.4292
5809,2206.4302
5810,2206.4306
5811,2209.6720
5812,2209.6729
5813,2209.6734
5814,2209.6744
5815,2209.6753
5816,2209.6763
5817,2209.6772
5818,2212.7743
5819,2212.7769
5820,2212.7790
5821,2212.7795
5822,2212.7818
5823,2212.7828
5824,2215.9355
5825,2215.9377
5826,2215.9398
5827,2215.9423
5828,2215.9432
5829,2215.9442
5830,2215.9452
5831,2215.9466
5832,2215.9481
5833,2219.1047
5834,2219.1079
5835,2219.1095
5836,2219.1105
5837,2219.1110
5838,2219.1115
5839,2219.1120
5840,2219.1129
5841,2219.1139
5842,2219.1143
5843,2222.7052
5844,2222.7058
5845,2222.7070
5846,2222.7078
5847,2222.7088
5848,2222.7094
5849,2222.7103
5850,2222.7107
5851,2222.7117
5852,2222.7134
5853,2222.7152
5854,2222.7156
5855,2225.8126
5856,2225.8135
5857,2225.8141
5858,2225.8146
5859,2225.8158
5860,2225.8163
5861,2225.8172
5862,2225.8178
5863,2225.8187
5864,2225.8192
5865,2225.8201
5866,2229.2935
5867,2229.2947
5868,2229.2954
5869,2229.2961
5870,2229.2973
5871,2229.2979
5872,2229.2991
5873,2229.3003
5874,2229.3015
5875,2232.8270
5876,2232.8286
5877,2232.8295
5878,2232.8305
5879,2232.8310
5880,2232.8315
5881,2232.8319
5882,2232.8329
5883,2235.8835
5884,2235.8849
5885,2235.8859
5886,2235.8869
5887,2235.8878
5888,2235.3188
5889,2235.3194
5890,2238.9752
5891,2238.9763
5892,2238.9776
5893,2238.9787
5894,2238.9798
5895,2238.9809
5896,2238.9815
5897,2242.2045
5898,2242.2054
5899,2242.2069
5900,2242.2081
5901,2242.2087
5902,2242.2109
5903,2242.2114
5904,2242.2125
5905,2242.2136
5906,2245.6503
5907,2245.6520
5908,2245.6526
5909,2245.6538
5910,2245.6543
5911,2245.6548
5912,2245.6553
5913,2245.6563
5914,2245.6568
5915,2249.5114
5916,2249.5124
5917,2249.5130
5918,2249.5135
5919,2249.5145
5920,2249.5150
5921,2249.5155
5922,2249.5160
5923,2249.5165
5924,2249.5176
5925,2249.5187
5926,2252.8177
5927,2252.8191
5928,2252.8197
5929,2252.8207
5930,2252.8211
5931,2252.8217
5932,2252.8227
5933,2252.8238
5934,2252.8243
5935,2256.2451
5936,2256.2460
5937,2256.2467
5938,2256.2476
5939,2256.2483
5940,2256.2489
5941,2256.2501
5942,2256.2506
5943,2256.2513
5944,2256.2523
5945,2256.2532
5946,2259.6968
5947,2259.6977
5948,2259.6989
5949,2259.6994
5950,2259.6999
5951,2259.7009
5952,2259.7014
5953,2259.7024
5954,2259.7033
5955,2263.1135
5956,2263.1150
5957,2263.1156
5958,2263.1163
5959,2263.1168
5960,2263.1175
5961,2263.1181
5962,2263.1187
5963,2263.1192
5964,2263.1198
5965,2263.1203
5966,2263.1212
5967,2263.1221
5968,2266.2988
5969,2266.2997
5970,2266.3007
5971,2266.3013
5972,2266.3019
5973,2266.3025
5974,2266.3031
5975,2266.3041
5976,2266.3051
5977,2266.3060
5978,2266.3065
5979,2269.7723
5980,2269.7733
5981,2269.7749
5982,2269.7758
5983,2269.7768
5984,2269.7773
5985,2269.7782
5986,2269.7787
5987,2273.0676
5988,2273.0692
5989,2273.0702
5990,2273.0711
5991,2273.0721
5992,2273.0731
5993,2276.6849
5994,2276.6859
5995,2276.6869
5996,2276.6879
5997,2276.6889
5998,2276.6894
5999,2276.6904
6000,2283.9600
6001,2283.9609
6002,2283.9623
6003,2283.9635
6004,2283.9645
6005,2283.9650
6006,2283.9656
6007,2287.6755
6008,2287.6770
6009,2287.6780
6010,2287.6789
6011,2287.6795
6012,2290.8953
6013,2290.8969
6014,2290.8975
6015,2290.8981
6016,2290.8989
6017,2290.8994
6018,2290.9003
6019,2290.9014
6020,2290.9025
6021,2290.9030
6022,2294.5336
6023,2294.5351
6024,2294.5361
6025,2294.5366
6026,2294.5371
6027,2294.5380
6028,2294.5385
6029,2294.5396
6030,2294.5401
6031,2297.9776
6032,2297.9785
6033,2297.9801
6034,2297.9812
6035,2297.9818
6036,2297.9827
6037,2297.9832
6038,2297.9837
6039,2297.9846
6040,2297.9851
6041,2301.5515
6042,2301.5524
6043,2301.5530
6044,2301.5540
6045,2301.5545
6046,2301.5550
6047,2301.5555
6048,2301.5565
6049,2301.5570
6050,2301.5579
6051,2301.5585
6052,2301.5589
6053,2304.7510
6054,2304.7519
6055,2304.7526
6056,2304.7530
6057,2304.7536
6058,2304.7540
6059,2304.7545
6060,2304.7550
6061,2304.7555
6062,2304.7565
6063,2304.7574
6064,2304.7583
6065,2304.7588
6066,2308.2314
6067,2308.2323
6068,2308.2338
6069,2308.2343
6070,2308.2353
6071,2308.2363
6072,2308.2368
6073,2308.2373
6074,2308.2383
6075,2308.2387
6076,2308.2393
6077,2311.2353
6078,2311.2360
6079,2311.2368
6080,2311.2375
6081,2311.2385
6082,2311.2389
6083,2311.2397
6084,2314.4188
6085,2314.4196
6086,2314.4204
6087,2314.4208
6088,2314.4215
6089,2314.4223
6090,2314.4230
6091,2317.9783
6092,2317.9798
6093,2317.9808
6094,2317.9818
6095,2317.9827
6096,2317.9833
6097,2321.4184
6098,2321.4189
6099,2321.4200
6100,2321.4204
6101,2321.4211
6102,2321.4220
6103,2325.2407
6104,2325.2420
6105,2325.2425
6106,2325.2433
6107,2325.2444
6108,2325.2449
6109,2325.2459
6110,2325.2464
6111,2325.2474
6112,2325.2479
6113,2325.2484
6114,2328.6141
6115,2328.6160
6116,2328.6166
6117,2328.6177
6118,2328.6181
6119,2328.6187
6120,2328.6191
6121,2328.6201
6122,2328.6206
6123,2328.6218
6124,2328.6223
6125,2328.6229
6126,2332.2622
6127,2332.2634
6128,2332.2644
6129,2332.2653
6130,2332.2658
6131,2332.2669
6132,2332.2674
6133,2335.4404
6134,2335.4409
6135,2335.4419
6136,2335.4427
6137,2335.4430
6138,2335.4440
6139,2335.4444
6140,2335.4449
6141,2335.4455
6142,2335.4460
6143,2335.4467
6144,2334.9241
6145,2338.0881
6146,2338.0912
6147,2338.0925
6148,2338.0940
6149,2338.0962
6150,2338.0967
6151,2338.0973
6152,2338.0981
6153,2338.0984
6154,2338.0994
6155,2338.1001
6156,2338.1014
6157,2341.1977
6158,2341.1988
6159,2341.1999
6160,2341.2010
6161,2341.2021
6162,2341.2045
6163,2341.2067
6164,2341.2072
6165,2341.2077
6166,2341.2091
6167,2341.2096
6168,2341.2104
6169,2344.3011
6170,2344.3023
6171,2344.3029
6172,2344.3041
6173,2344.3050
6174,2344.3055
6175,2344.3073
6176,2347.7243
6177,2347.7249
6178,2347.7259
6179,2347.7264
6180,2347.7271
6181,2347.7278
6182,2347.7282
6183,2347.7290
6184,2347.7295
6185,2347.7300
6186,2350.9454
6187,2350.9465
6188,2350.9473
6189,2350.9481
6190,2350.9489
6191,2350.9501
6192,2350.9506
6193,2350.9515
6194,2350.9530
6195,2354.2661
6196,2354.2667
6197,2354.2676
6198,2354.2680
6199,2354.2688
6200,2354.2692
6201,2354.2699
6202,2354.2703
6203,2354.2708
6204,2354.2712
6205,2358.2350
6206,2358.2367
6207,2358.2375
6208,2358.2387
6209,2358.2393
6210,2358.2403
6211,2358.2410
6212,2358.2417
6213,2358.2424
6214,2361.4025
6215,2361.4039
6216,2361.4046
6217,2361.4057
6218,2361.4062
6219,2361.4072
6220,2361.4081
6221,2364.5489
6222,2364.5516
6223,2364.5526
6224,2364.5550
6225,2364.5559
6226,2364.5569
6227,2364.5578
6228,2364.5583
6229,2364.5594
6230,2368.2749
6231,2368.2761
6232,2368.2770
6233,2368.2778
6234,2368.2787
6235,2368.2813
6236,2368.2818
6237,2368.2826
6238,2368.2838
6239,2368.2859
6240,2368.2873
6241,2371.3723
6242,2371.3730
6243,2371.3738
6244,2371.3742
6245,2371.3747
6246,2371.3756
6247,2371.3761
6248,2371.3771
6249,2371.3776
6250,2371.3786
6251,2374.8556
6252,2374.8568
6253,2374.8573
6254,2374.8579
6255,2374.8588
6256,2374.8594
6257,2374.8604
6258,2374.8609
6259,2374.8618
6260,2374.8622
6261,2374.8627
6262,2377.7991
6263,2377.8002
6264,2377.8014
6265,2377.8024
6266,2377.8031
6267,2377.8035
6268,2377.8045
6269,2380.9957
6270,2380.9963
6271,2380.9970
6272,2380.9974
6273,2380.9979
6274,2380.9983
6275,2380.9993
6276,2381.0000
6277,2381.0008
6278,2381.0012
6279,2381.0016
6280,2381.0021
6281,2384.5720
6282,2384.5734
6283,2384.5744
6284,2384.5749
6285,2384.5754
6286,2384.5763
6287,2384.5768
6288,2384.5778
6289,2387.8226
6290,2387.8238
6291,2387.8244
6292,2387.8250
6293,2387.8259
6294,2387.8269
6295,2387.8279
6296,2391.7674
6297,2391.7686
6298,2391.7695
6299,2391.7706
6300,2391.7711
6301,2391.7731
6302,2391.7736
6303,2391.7742
6304,2391.7746
6305,2395.3918
6306,2395.3930
6307,2395.3936
6308,2395.3942
6309,2395.3947
6310,2395.3957
6311,2395.3962
6312,2395.3968
6313,2395.3974
6314,2395.3978
6315,2395.3985
6316,2395.3994
6317,2395.3999
6318,2395.4004
6319,2395.4008
6320,2395.4013
6321,2398.8259
6322,2398.8272
6323,2398.8277
6324,2398.8283
6325,2398.8287
6326,2398.8298
6327,2398.8303
6328,2398.8307
6329,2398.8312
6330,2398.8317
6331,2398.8322
6332,2398.8327
6333,2398.8331
6334,2398.8336
6335,2398.8345
6336,2402.1668
6337,2402.1675
6338,2402.1681
6339,2402.1687
6340,2402.1692
6341,2402.1703
6342,2402.1709
6343,2402.1713
6344,2402.1718
6345,2402.1728
6346,2402.1737
6347,2402.1746
6348,2405.3014
6349,2405.3025
6350,2405.3036
6351,2405.3041
6352,2405.3046
6353,2405.3056
6354,2405.3061
6355,2405.3066
6356,2405.3071
6357,2405.3075
6358,2405.3085
6359,2408.9527
6360,2408.9546
6361,2408.9554
6362,2408.9559
6363,2408.9578
6364,2408.9583
6365,2408.9593
6366,2408.9606
6367,2408.9610
6368,2408.9620
6369,2408.9624
6370,2408.9637
6371,2412.0396
6372,2412.0403
6373,2412.0408
6374,2412.0418
6375,2412.0423
6376,2412.0434
6377,2412.0439
6378,2412.0443
6379,2412.0448
6380,2412.0555
6381,2412.0565
6382,2412.0573
6383,2412.0580
6384,2415.3799
6385,2415.3860
6386,2415.3865
6387,2415.3870
6388,2415.3875
6389,2415.3884
6390,2415.3894
6391,2415.3904
6392,2415.3915
6393,2415.3919
6394,2418.8162
6395,2418.8175
6396,2418.8180
6397,2418.8187
6398,2418.8196
6399,2418.8207
6400,2418.2700
6401,2421.3645
6402,2421.3651
6403,2421.3656
6404,2421.3667
6405,2421.3673
6406,2421.3683
6407,2421.3697
6408,2421.3703
6409,2421.3708
6410,2421.3719
6411,2424.8836
6412,2424.8842
6413,2424.8848
6414,2424.8858
6415,2424.8868
6416,2424.8873
6417,2424.8878
6418,2424.8887
6419,2428.2437
6420,2428.2443
6421,2428.2448
6422,2428.2453
6423,2428.2462
6424,2428.2477
6425,2428.2487
6426,2431.6059
6427,2431.6075
6428,2431.6079
6429,2431.6090
6430,2431.6095
6431,2431.6101
6432,2431.6110
6433,2431.6115
6434,2431.6120
6435,2431.6124
6436,2431.6134
6437,2435.2251
6438,2435.2263
6439,2435.2273
6440,2435.2283
6441,2435.2289
6442,2435.2295
6443,2435.2301
6444,2435.2307
6445,2435.2317
6446,2435.2324
6447,2435.2329
6448,2438.8054
6449,2438.8067
6450,2438.8072
6451,2438.8077
6452,2438.8087
6453,2438.8098
6454,2438.8111
6455,2438.8126
6456,2438.8135
6457,2442.1537
6458,2442.1548
6459,2442.1553
6460,2442.1559
6461,2442.1569
6462,2442.1578
6463,2442.1583
6464,2442.1595
6465,2445.3782
6466,2445.3794
6467,2445.3804
6468,2445.3813
6469,2445.3822
6470,2445.3832
6471,2445.3837
6472,2449.0171
6473,2449.0176
6474,2449.0186
6475,2449.0207
6476,2449.0212
6477,2449.0228
6478,2449.0234
6479,2449.0247
6480,2452.2634
6481,2452.2646
6482,2452.2656
6483,2452.2665
6484,2452.2675
6485,2452.2685
6486,2455.8713
6487,2455.8720
6488,2455.8726
6489,2455.8732
6490,2455.8739
6491,2455.8748
6492,2455.8760
6493,2455.8766
6494,2455.8775
6495,2455.8785
6496,2459.3778
6497,2459.3784
6498,2459.3795
6499,2459.3800
6500,2459.3805
6501,2459.3815
6502,2459.3820
6503,2462.5392
6504,2462.5405
6505,2462.5410
6506,2462.5416
6507,2462.5427
6508,2462.5439
6509,2462.5445
6510,2462.5451
6511,2462.5457
6512,2462.5463
6513,2465.8862
6514,2465.8875
6515,2465.8881
6516,2465.8887
6517,2465.8896
6518,2465.8908
6519,2465.8929
6520,2465.8934
6521,2469.1522
6522,2469.1550
6523,2469.1572
6524,2469.1581
6525,2469.1687
6526,2469.1697
6527,2469.1702
6528,2469.1718
6529,2469.1727
6530,2469.1732
6531,2472.5771
6532,2472.5777
6533,2472.5786
6534,2472.5796
6535,2472.5805
6536,2472.5815
6537,2475.7379
6538,2475.7391
6539,2475.7400
6540,2475.7405
6541,2475.7415
6542,2475.7419
6543,2475.7429
6544,2478.8716
6545,2478.8727
6546,2478.8737
6547,2478.8743
6548,2478.8749
6549,2478.8760
6550,2478.8765
6551,2478.8770
6552,2478.8779
6553,2482.4190
6554,2482.4196
6555,2482.4206
6556,2482.4211
6557,2482.4215
6558,2482.4228
6559,2482.4233
6560,2482.4243
6561,2482.4252
6562,2482.4257
6563,2482.4263
6564,2482.4267
6565,2485.4322
6566,2485.4334
6567,2485.4344
6568,2485.4349
6569,2485.4354
6570,2485.4364
6571,2485.4368
6572,2485.4378
6573,2485.4383
6574,2485.4387
6575,2488.8897
6576,2488.8903
6577,2488.8912
6578,2488.8917
6579,2488.8927
6580,2488.8937
6581,2488.8941
6582,2488.8946
6583,2488.8955
6584,2488.8960
6585,2492.2657
6586,2492.2663
6587,2492.2669
6588,2492.2674
6589,2492.2683
6590,2492.2693
6591,2492.2713
6592,2492.2718
6593,2495.8167
6594,2495.8174
6595,2495.8179
6596,2495.8189
6597,2495.8194
6598,2495.8199
6599,2495.8203
6600,2495.8208
6601,2495.8213
6602,2495.8218
6603,2495.8223
6604,2495.8228
6605,2495.8233
6606,2495.8242
6607,2495.8247
6608,2495.8252
6609,2499.2324
6610,2499.2330
6611,2499.2339
6612,2499.2344
6613,2499.2353
6614,2499.2365
6615,2499.2375
6616,2502.5263
6617,2502.5274
6618,2502.5280
6619,2502.5289
6620,2502.5300
6621,2502.5309
6622,2502.5318
6623,2502.5323
6624,2502.5328
6625,2502.5335
6626,2502.5340
6627,2505.9268
6628,2505.9282
6629,2505.9291
6630,2505.9297
6631,2505.9302
6632,2505.9307
6633,2505.9316
6634,2505.9321
6635,2509.2362
6636,2509.2375
6637,2509.2384
6638,2509.2390
6639,2509.2400
6640,2509.2409
6641,2509.2419
6642,2512.7512
6643,2512.7518
6644,2512.7527
6645,2512.7533
6646,2512.7538
6647,2512.7543
6648,2512.7553
6649,2512.7562
6650,2512.7567
6651,2512.7577
6652,2516.2140
6653,2516.2147
6654,2516.2156
6655,2516.2167
6656,2515.7137
6657,2515.7143
6658,2515.7153
6659,2515.7165
6660,2515.7171
6661,2515.7177
6662,2519.1591
6663,2519.1608
6664,2519.1613
6665,2519.1619
6666,2519.1631
6667,2519.1652
6668,2519.1670
6669,2519.1675
6670,2519.1684
6671,2519.1694
6672,2522.5568
6673,2522.5575
6674,2522.5580
6675,2522.5591
6676,2522.5602
6677,2522.5613
6678,2522.5623
6679,2525.7899
6680,2525.7910
6681,2525.7917
6682,2525.7922
6683,2525.7932
6684,2525.7941
6685,2525.7946
6686,2525.7951
6687,2529.3868
6688,2529.3879
6689,2529.3889
6690,2529.3894
6691,2529.3904
6692,2529.3909
6693,2529.3918
6694,2529.3923
6695,2529.3928
6696,2532.9363
6697,2532.9369
6698,2532.9379
6699,2532.9391
6700,2532.9400
6701,2532.9410
6702,2532.9415
6703,2536.3955
6704,2536.3961
6705,2536.3967
6706,2536.3978
6707,2536.3987
6708,2536.3992
6709,2536.4012
6710,2536.4022
6711,2536.4036
6712,2539.5177
6713,2539.5183
6714,2539.5193
6715,2539.5198
6716,2539.5203
6717,2539.5212
6718,2539.5217
6719,2539.5227
6720,2539.5238
6721,2539.5244
6722,2543.0005
6723,2543.0016
6724,2543.0026
6725,2543.0035
6726,2543.0044
6727,2543.0054
6728,2546.3718
6729,2546.3725
6730,2546.3730
6731,2546.3736
6732,2546.3743
6733,2546.3749
6734,2546.3759
6735,2546.3765
6736,2546.3771
6737,2546.3777
6738,2546.3783
6739,2546.3789
6740,2546.3794
6741,2546.3860
6742,2546.3868
6743,2546.3879
6744,2546.3883
6745,2549.8462
6746,2549.8469
6747,2549.8475
6748,2549.8484
6749,2549.8494
6750,2549.8498
6751,2549.8509
6752,2549.8514
6753,2549.8523
6754,2553.1418
6755,2553.1424
6756,2553.1434
6757,2553.1439
6758,2553.1444
6759,2553.1449
6760,2553.1454
6761,2553.1459
6762,2553.1469
6763,2553.1474
6764,2553.1483
6765,2553.1493
6766,2556.7261
6767,2556.7268
6768,2556.7278
6769,2556.7283
6770,2556.7292
6771,2556.7302
6772,2556.7311
6773,2556.7316
6774,2560.0590
6775,2560.0597
6776,2560.0606
6777,2560.0616
6778,2560.0621
6779,2560.0630
6780,2560.0635
6781,2563.7248
6782,2563.7255
6783,2563.7262
6784,2563.7274
6785,2563.7291
6786,2563.7296
6787,2563.7310
6788,2563.7315
6789,2563.7321
6790,2563.7330
6791,2567.0484
6792,2567.0495
6793,2567.0505
6794,2567.0511
6795,2567.0520
6796,2567.0525
6797,2567.0530
6798,2567.0534
6799,2567.0539
6800,2567.0549
6801,2567.0554
6802,2567.0559
6803,2570.6825
6804,2570.6836
6805,2570.6841
6806,2570.6851
6807,2570.6856
6808,2570.6861
6809,2570.6866
6810,2570.6870
6811,2570.6875
6812,2570.6884
6813,2570.6889
6814,2570.6898
6815,2574.1178
6816,2574.1188
6817,2574.1198
6818,2574.1208
6819,2574.1217
6820,2574.1222
6821,2574.1227
6822,2577.4093
6823,2577.4105
6824,2577.4110
6825,2577.4116
6826,2577.4121
6827,2577.4125
6828,2577.4130
6829,2577.4135
6830,2577.4145
6831,2577.4150
6832,2577.4155
6833,2577.4164
6834,2580.3764
6835,2580.3776
6836,2580.3781
6837,2580.3791
6838,2580.3795
6839,2580.3800
6840,2580.3810
6841,2580.3821
6842,2580.3825
6843,2580.3830
6844,2580.3835
6845,2583.8118
6846,2583.8129
6847,2583.8134
6848,2583.8144
6849,2583.8154
6850,2583.8163
6851,2583.8168
6852,2587.0101
6853,2587.0110
6854,2587.0121
6855,2587.0126
6856,2587.0135
6857,2587.0154
6858,2587.0161
6859,2587.0165
6860,2587.0177
6861,2587.0183
6862,2587.0191
6863,2587.0217
6864,2587.0221
6865,2590.3282
6866,2590.3288
6867,2590.3298
6868,2590.3303
6869,2590.3309
6870,2590.3313
6871,2590.3319
6872,2590.3324
6873,2590.3328
6874,2590.3333
6875,2590.3337
6876,2590.3347
6877,2590.3352
6878,2590.3361
6879,2593.2593
6880,2593.2604
6881,2593.2614
6882,2593.2623
6883,2593.2629
6884,2593.2635
6885,2593.2640
6886,2593.2645
6887,2593.2650
6888,2593.2654
6889,2596.3740
6890,2596.3747
6891,2596.3756
6892,2596.3761
6893,2596.3772
6894,2596.3776
6895,2596.3786
6896,2596.3790
6897,2596.3798
6898,2596.3808
6899,2600.3906
6900,2600.3912
6901,2600.3918
6902,2600.3922
6903,2600.3935
6904,2600.3940
6905,2600.3945
6906,2600.3956
6907,2600.3965
6908,2600.3975
6909,2600.3985
6910,2600.3993
6911,2604.0208
6912,2603.5192
6913,2603.5202
6914,2603.5216
6915,2603.5227
6916,2603.5243
6917,2603.5263
6918,2607.0763
6919,2607.0770
6920,2607.0775
6921,2607.0780
6922,2607.0795
6923,2607.0807
6924,2607.0818
6925,2607.0828
6926,2607.0833
6927,2610.6407
6928,2610.6413
6929,2610.6424
6930,2610.6429
6931,2610.6433
6932,2610.6439
6933,2610.6444
6934,2610.6449
6935,2610.6459
6936,2610.6464
6937,2610.6473
6938,2610.6479
6939,2610.6485
6940,2614.0134
6941,2614.0156
6942,2614.0161
6943,2614.0174
6944,2614.0187
6945,2614.0196
6946,2614.0207
6947,2614.0213
6948,2614.0219
6949,2617.2566
6950,2617.2578
6951,2617.2585
6952,2617.2621
6953,2617.2679
6954,2617.2690
6955,2617.2703
6956,2617.2708
6957,2617.2714
6958,2617.2720
6959,2620.2981
6960,2620.2988
6961,2620.2994
6962,2620.3004
6963,2620.3010
6964,2620.3020
6965,2620.3029
6966,2620.3041
6967,2620.3046
6968,2623.7622
6969,2623.7634
6970,2623.7640
6971,2623.7650
6972,2623.7659
6973,2623.7669
6974,2623.7678
6975,2626.8471
6976,2626.8477
6977,2626.8483
6978,2626.8493
6979,2626.8504
6980,2626.8514
6981,2626.8524
6982,2626.8529
6983,2626.8539
6984,2626.8544
6985,2630.5003
6986,2630.5008
6987,2630.5015
6988,2630.5032
6989,2630.5038
6990,2630.5043
6991,2630.5052
6992,2630.5057
6993,2630.5063
6994,2630.5069
6995,2630.5083
6996,2630.5092
6997,2630.5097
6998,2630.5108
6999,2633.4626
7000,2633.4638
7001,2633.4645
7002,2633.4652
7003,2633.4663
7004,2633.4669
7005,2633.4679
7006,2637.1154
7007,2637.1161
7008,2637.1167
7009,2637.1178
7010,2637.1190
7011,2637.1199
7012,2637.1207
7013,2637.1217
7014,2637.1223
7015,2640.4347
7016,2640.4359
7017,2640.4367
7018,2640.4376
7019,2640.4385
7020,2640.4395
7021,2640.4412
7022,2643.5617
7023,2643.5628
7024,2643.5638
7025,2643.5648
7026,2643.5658
7027,2643.5668
7028,2643.5673
7029,2646.9388
7030,2646.9395
7031,2646.9401
7032,2646.9410
7033,2646.9425
7034,2646.9436
7035,2646.9448
7036,2650.0028
7037,2650.0039
7038,2650.0049
7039,2650.0059
7040,2650.0065
7041,2650.0163
7042,2650.0218
7043,2653.1047
7044,2653.1057
7045,2653.1066
7046,2653.1076
7047,2653.1086
7048,2653.1092
7049,2653.1102
7050,2656.2715
7051,2656.2723
7052,2656.2729
7053,2656.2734
7054,2656.2746
7055,2656.2751
7056,2656.2760
7057,2656.2765
7058,2656.2775
7059,2656.2781
7060,2656.2786
7061,2656.2790
7062,2659.3500
7063,2659.3508
7064,2659.3517
7065,2659.3527
7066,2659.3541
7067,2659.3554
7068,2659.3567
7069,2659.3572
7070,2659.3577
7071,2659.3582
7072,2659.3587
7073,2662.9114
7074,2662.9125
7075,2662.9137
7076,2662.9147
7077,2662.9152
7078,2662.9161
7079,2662.9166
7080,2662.9172
7081,2662.9183
7082,2666.6242
7083,2666.6250
7084,2666.6255
7085,2666.6265
7086,2666.6275
7087,2666.6285
7088,2666.6290
7089,2669.7400
7090,2669.7435
7091,2669.7452
7092,2669.7458
7093,2669.7468
7094,2669.7476
7095,2669.7485
7096,2669.7494
7097,2669.7500
7098,2669.7509
7099,2669.7518
7100,2669.7524
7101,2672.7732
7102,2672.7745
7103,2672.7750
7104,2672.7760
7105,2672.7765
7106,2672.7770
7107,2672.7777
7108,2672.7783
7109,2672.7792
7110,2672.7802
7111,2676.1863
7112,2676.1869
7113,2676.1875
7114,2676.1890
7115,2676.1895
7116,2676.1906
7117,2676.1911
7118,2676.1917
7119,2676.1926
7120,2676.1936
7121,2679.5890
7122,2679.5898
7123,2679.5908
7124,2679.5918
7125,2679.5923
7126,2679.5929
7127,2679.5934
7128,2679.5939
7129,2679.5949
7130,2679.5953
7131,2679.5964
7132,2679.5973
7133,2683.1730
7134,2683.1741
7135,2683.1751
7136,2683.1757
7137,2683.1763
7138,2683.1769
7139,2683.1775
7140,2683.1784
7141,2683.1794
7142,2683.1799
7143,2686.5798
7144,2686.5808
7145,2686.5823
7146,2686.5830
7147,2686.5844
7148,2686.5852
7149,2686.5866
7150,2686.5880
7151,2686.5888
7152,2689.9228
7153,2689.9239
7154,2689.9244
7155,2689.9254
7156,2689.9264
7157,2689.9269
7158,2689.9275
7159,2689.9280
7160,2689.9284
7161,2689.9289
7162,2689.9293
7163,2689.9304
7164,2693.5325
7165,2693.5338
7166,2693.5343
7167,2693.5353
7168,2693.0124
7169,2693.0130
7170,2693.0141
7171,2693.0146
7172,2693.0152
7173,2693.0157
7174,2693.0162
7175,2693.0173
7176,2696.0788
7177,2696.0801
7178,2696.0811
7179,2696.0823
7180,2696.0833
7181,2696.0847
7182,2699.5594
7183,2699.5601
7184,2699.5606
7185,2699.5611
7186,2699.5616
7187,2699.5627
7188,2699.5639
7189,2699.5652
7190,2702.7906
7191,2702.7912
7192,2702.7918
7193,2702.7932
7194,2702.7937
7195,2702.7947
7196,2702.7957
7197,2702.7966
7198,2705.8847
7199,2705.8861
7200,2705.8877
7201,2705.8892
7202,2705.8906
7203,2705.8915
7204,2705.8921
7205,2705.8930
7206,2705.8935
7207,2709.1751
7208,2709.1764
7209,2709.1779
7210,2709.1789
7211,2709.1799
7212,2709.1803
7213,2709.1813
7214,2712.3178
7215,2712.3193
7216,2712.3198
7217,2712.3208
7218,2712.3213
7219,2712.3222
7220,2712.3232
7221,2715.4985
7222,2715.4997
7223,2715.5002
7224,2715.5008
7225,2715.5014
7226,2715.5020
7227,2715.5025
7228,2715.5034
7229,2715.5039
7230,2715.5045
7231,2715.5054
7232,2718.6716
7233,2718.6730
7234,2718.6735
7235,2718.6740
7236,2718.6749
7237,2718.6761
7238,2718.6772
7239,2718.6777
7240,2718.6783
7241,2718.6789
7242,2722.0926
7243,2722.0936
7244,2722.0946
7245,2722.0954
7246,2722.0964
7247,2722.0971
7248,2722.0978
7249,2725.3216
7250,2725.3227
7251,2725.3238
7252,2725.3247
7253,2725.3256
7254,2725.3265
7255,2725.3277
7256,2728.9843
7257,2728.9850
7258,2728.9857
7259,2728.9863
7260,2728.9869
7261,2728.9878
7262,2728.9891
7263,2728.9902
7264,2728.9913
7265,2732.2313
7266,2732.2319
7267,2732.2325
7268,2732.2330
7269,2732.2335
7270,2732.2345
7271,2732.2358
7272,2735.3618
7273,2735.3629
7274,2735.3634
7275,2735.3644
7276,2735.3654
7277,2735.3663
7278,2738.8489
7279,2738.8497
7280,2738.8507
7281,2738.8514
7282,2738.8521
7283,2738.8532
7284,2738.8537
7285,2738.8544
7286,2738.8550
7287,2738.8559
7288,2738.8564
7289,2738.8570
7290,2742.0250
7291,2742.0262
7292,2742.0267
7293,2742.0278
7294,2742.0288
7295,2742.0298
7296,2742.0303
7297,2742.0310
7298,2742.0315
7299,2745.3575
7300,2745.3587
7301,2745.3593
7302,2745.3602
7303,2745.3607
7304,2745.3612
7305,2745.3617
7306,2745.3622
7307,2745.3633
7308,2745.3643
7309,2748.8756
7310,2748.8770
7311,2748.8775
7312,2748.8780
7313,2748.8801
7314,2748.8808
7315,2748.8813
7316,2748.8821
7317,2748.8828
7318,2748.8834
7319,2748.8844
7320,2748.8848
7321,2751.9178
7322,2751.9185
7323,2751.9195
7324,2751.9205
7325,2751.9214
7326,2751.9223
7327,2754.9894
7328,2754.9900
7329,2754.9910
7330,2754.9914
7331,2754.9919
7332,2754.9924
7333,2754.9933
7334,2754.9938
7335,2754.9942
7336,2754.9947
7337,2754.9956
7338,2758.0040
7339,2758.0052
7340,2758.0062
7341,2758.0066
7342,2758.0072
7343,2758.0082
7344,2758.0092
7345,2761.1909
7346,2761.1920
7347,2761.1929
7348,2761.1939
7349,2761.1948
7350,2761.1958
7351,2764.9586
7352,2764.9593
7353,2764.9602
7354,2764.9607
7355,2764.9617
7356,2764.9626
7357,2764.9632
7358,2768.1762
7359,2768.1773
7360,2768.1778
7361,2768.1784
7362,2768.1794
7363,2768.1804
7364,2771.2180
7365,2771.2186
7366,2771.2195
7367,2771.2200
7368,2771.2210
7369,2771.2223
7370,2771.2232
7371,2771.2236
7372,2774.4338
7373,2774.4349
7374,2774.4354
7375,2774.4363
7376,2774.4374
7377,2774.4384
7378,2774.4393
7379,2778.1621
7380,2778.1632
7381,2778.1638
7382,2778.1643
7383,2778.1648
7384,2778.1653
7385,2778.1664
7386,2778.1669
7387,2778.1678
7388,2778.1683
7389,2778.1687
7390,2778.1692
7391,2781.3180
7392,2781.3187
7393,2781.3198
7394,2781.3213
7395,2781.3219
7396,2781.3234
7397,2781.3244
7398,2781.3260
7399,2781.3274
7400,2784.6692
7401,2784.6703
7402,2784.6708
7403,2784.6718
7404,2784.6727
7405,2784.6732
7406,2784.6741
7407,2784.6745
7408,2784.6758
7409,2784.6767
7410,2784.6772
7411,2788.1120
7412,2788.1126
7413,2788.1136
7414,2788.1145
7415,2788.1150
7416,2788.1161
7417,2788.1171
7418,2788.1176
7419,2788.1180
7420,2788.1185
7421,2788.1190
7422,2791.6878
7423,2791.6885
7424,2791.1790
7425,2791.1802
7426,2791.1813
7427,2791.1819
7428,2791.1826
7429,2791.1836
7430,2791.1841
7431,2791.1853
7432,2791.1858
7433,2791.1862
7434,2794.3294
7435,2794.3305
7436,2794.3314
7437,2794.3330
7438,2794.3345
7439,2794.3353
7440,2794.3362
7441,2794.3377
7442,2797.4596
7443,2797.4608
7444,2797.4614
7445,2797.4625
7446,2797.4639
7447,2797.4646
7448,2797.4651
7449,2800.6372
7450,2800.6379
7451,2800.6385
7452,2800.6390
7453,2800.6395
7454,2800.6400
7455,2800.6406
7456,2800.6411
7457,2800.6421
7458,2800.6431
7459,2800.6436
7460,2800.6447
7461,2804.1636
7462,2804.1648
7463,2804.1654
7464,2804.1666
7465,2804.1678
7466,2804.1687
7467,2807.4666
7468,2807.4674
7469,2807.4680
7470,2807.4686
7471,2807.4691
7472,2807.4697
7473,2807.4701
7474,2807.4706
7475,2807.4716
7476,2807.4725
7477,2807.4730
7478,2807.4739
7479,2807.4744
7480,2807.4748
7481,2807.4753
7482,2810.6661
7483,2810.6673
7484,2810.6685
7485,2810.6702
7486,2810.6713
7487,2810.6842
7488,2810.6852
7489,2813.7807
7490,2813.7818
7491,2813.7824
7492,2813.7828
7493,2813.7841
7494,2813.7846
7495,2813.7858
7496,2813.7870
7497,2813.7876
7498,2813.7884
7499,2817.2207
7500,2821.1852
7501,2821.1861
7502,2821.1872
7503,2821.1884
7504,2821.1896
7505,2821.1910
7506,2821.1920
7507,2824.8943
7508,2824.8950
7509,2824.8960
7510,2824.8965
7511,2824.8969
7512,2824.8975
7513,2824.8984
7514,2824.8994
7515,2824.8999
7516,2824.9011
7517,2828.2862
7518,2828.2868
7519,2828.2875
7520,2828.2885
7521,2828.2897
7522,2828.2903
7523,2828.2912
7524,2828.2923
7525,2831.4482
7526,2831.4494
7527,2831.4504
7528,2831.4513
7529,2831.4523
7530,2831.4529
7531,2831.4534
7532,2834.5440
7533,2834.5453
7534,2834.5463
7535,2834.5473
7536,2834.5478
7537,2834.5487
7538,2837.9716
7539,2837.9722
7540,2837.9729
7541,2837.9735
7542,2837.9741
7543,2837.9746
7544,2837.9750
7545,2837.9757
7546,2837.9766
7547,2837.9771
7548,2837.9780
7549,2841.5028
7550,2841.5039
7551,2841.5048
7552,2841.5054
7553,2841.5063
7554,2841.5073
7555,2841.5083
7556,2844.6125
7557,2844.6131
7558,2844.6136
7559,2844.6142
7560,2844.6147
7561,2844.6165
7562,2844.6170
7563,2844.6180
7564,2844.6194
7565,2844.6199
7566,2844.6204
7567,2847.7132
7568,2847.7144
7569,2847.7149
7570,2847.7159
7571,2847.7164
7572,2847.7173
7573,2847.7183
7574,2847.7188
7575,2851.0039
7576,2851.0050
7577,2851.0062
7578,2851.0068
7579,2851.0074
7580,2851.0079
7581,2851.0088
7582,2851.0093
7583,2851.0103
7584,2854.2727
7585,2854.2740
7586,2854.2745
7587,2854.2752
7588,2854.2762
7589,2854.2771
7590,2854.2783
7591,2857.4701
7592,2857.4714
7593,2857.4719
7594,2857.4729
7595,2857.4739
7596,2857.4745
7597,2857.4749
7598,2857.4754
7599,2857.4764
7600,2857.4769
7601,2860.8560
7602,2860.8571
7603,2860.8576
7604,2860.8581
7605,2860.8586
7606,2860.8598
7607,2860.8607
7608,2860.8612
7609,2860.8622
7610,2864.3880
7611,2864.3891
7612,2864.3900
7613,2864.3906
7614,2864.3912
7615,2864.3922
7616,2864.3929
7617,2864.3939
7618,2864.3944
7619,2867.4265
7620,2867.4276
7621,2867.4282
7622,2867.4287
7623,2867.4297
7624,2867.4309
7625,2867.4320
7626,2870.5936
7627,2870.5942
7628,2870.5952
7629,2870.5962
7630,2870.5972
7631,2870.5976
7632,2874.4578
7633,2874.4584
7634,2874.4594
7635,2874.4603
7636,2874.4608
7637,2874.4614
7638,2874.4620
7639,2874.4629
7640,2874.4634
7641,2874.4645
7642,2874.4651
7643,2877.9689
7644,2877.9701
7645,2877.9710
7646,2877.9715
7647,2877.9725
7648,2877.9730
7649,2877.9739
7650,2881.1154
7651,2881.1165
7652,2881.1177
7653,2881.1196
7654,2881.1208
7655,2881.1220
7656,2881.1233
7657,2881.1238
7658,2884.3489
7659,2884.3501
7660,2884.3506
7661,2884.3511
7662,2884.3521
7663,2884.3531
7664,2884.3541
7665,2884.3546
7666,2887.5665
7667,2887.5706
7668,2887.5722
7669,2887.5732
7670,2887.5736
7671,2887.5749
7672,2887.5755
7673,2887.5769
7674,2890.8629
7675,2890.8635
7676,2890.8642
7677,2890.8648
7678,2890.8657
7679,2890.8662
7680,2890.3702
7681,2890.3707
7682,2890.3719
7683,2893.6175
7684,2893.6182
7685,2893.6194
7686,2893.6205
7687,2893.6210
7688,2893.6215
7689,2893.6220
7690,2893.6225
7691,2893.6230
7692,2893.6241
7693,2893.6247
7694,2893.6251
7695,2896.9000
7696,2896.9012
7697,2896.9017
7698,2896.9026
7699,2896.9036
7700,2896.9041
7701,2896.9046
7702,2896.9058
7703,2900.3073
7704,2900.3079
7705,2900.3084
7706,2900.3089
7707,2900.3098
7708,2900.3108
7709,2900.3117
7710,2900.3127
7711,2900.3132
7712,2900.3137
7713,2900.3145
7714,2903.8445
7715,2903.8459
7716,2903.8465
7717,2903.8472
7718,2903.8481
7719,2903.8493
7720,2907.5132
7721,2907.5144
7722,2907.5150
7723,2907.5156
7724,2907.5333
7725,2907.5350
7726,2907.5364
7727,2907.5385
7728,2910.6821
7729,2910.6834
7730,2910.6845
7731,2910.6852
7732,2910.6862
7733,2910.6871
7734,2910.6878
7735,2913.8582
7736,2913.8596
7737,2913.8601
7738,2913.8611
7739,2913.8723
7740,2913.8729
7741,2913.8739
7742,2913.8744
7743,2917.3191
7744,2917.3202
7745,2917.3207
7746,2917.3212
7747,2917.3217
7748,2917.3228
7749,2917.3240
7750,2917.3249
7751,2917.3254
7752,2920.8082
7753,2920.8088
7754,2920.8095
7755,2920.8105
7756,2920.8111
7757,2920.8121
7758,2920.8131
7759,2920.8135
7760,2920.8141
7761,2920.8147
7762,2920.8153
7763,2920.8160
7764,2924.0837
7765,2924.0843
7766,2924.0849
7767,2924.0859
7768,2924.0869
7769,2924.0874
7770,2924.0888
7771,2924.0893
7772,2924.0903
7773,2924.0908
7774,2927.2985
7775,2927.2992
7776,2927.3002
7777,2927.3007
7778,2927.3016
7779,2927.3021
7780,2927.3027
7781,2927.3037
7782,2927.3042
7783,2927.3048
7784,2927.3053
7785,2930.4354
7786,2930.4362
7787,2930.4373
7788,2930.4379
7789,2930.4385
7790,2930.4394
7791,2930.4405
7792,2930.4414
7793,2933.7870
7794,2933.7881
7795,2933.7890
7796,2933.7899
7797,2933.7909
7798,2933.7914
7799,2933.7919
7800,2937.0201
7801,2937.0208
7802,2937.0218
7803,2937.0223
7804,2937.0230
7805,2937.0242
7806,2937.0246
7807,2937.0251
7808,2937.0256
7809,2937.0261
7810,2937.0266
7811,2937.0276
7812,2937.0281
7813,2937.0285
7814,2940.3767
7815,2940.3774
7816,2940.3784
7817,2940.3794
7818,2940.3804
7819,2940.3809
7820,2944.2374
7821,2944.2380
7822,2944.2391
7823,2944.2395
7824,2944.2400
7825,2944.2410
7826,2944.2415
7827,2944.2424
7828,2944.2429
7829,2944.2434
7830,2947.5252
7831,2947.5259
7832,2947.5268
7833,2947.5278
7834,2947.5288
7835,2947.5293
7836,2947.5302
7837,2947.5307
7838,2947.5312
7839,2950.8486
7840,2950.8498
7841,2950.8503
7842,2950.8508
7843,2950.8513
7844,2950.8518
7845,2950.8528
7846,2950.8532
7847,2950.8537
7848,2950.8542
7849,2950.8552
7850,2950.8567
7851,2954.6557
7852,2954.6568
7853,2954.6578
7854,2954.6588
7855,2954.6593
7856,2954.6602
7857,2954.6608
7858,2957.7867
7859,2957.7878
7860,2957.7889
7861,2957.7893
7862,2957.7903
7863,2957.7908
7864,2957.7917
7865,2961.0177
7866,2961.0212
7867,2961.0222
7868,2961.0227
7869,2961.0233
7870,2961.0242
7871,2961.0260
7872,2961.0265
7873,2961.0274
7874,2961.0278
7875,2961.0288
7876,2964.6246
7877,2964.6261
7878,2964.6278
7879,2964.6283
7880,2964.6289
7881,2964.6299
7882,2964.6303
7883,2964.6312
7884,2964.6322
7885,2967.9284
7886,2967.9296
7887,2967.9305
7888,2967.9310
7889,2967.9315
7890,2967.9320
7891,2967.9330
7892,2967.9340
7893,2967.9344
7894,2967.9349
7895,2967.9354
7896,2971.5360
7897,2971.5371
7898,2971.5376
7899,2971.5381
7900,2971.5391
7901,2971.5396
7902,2971.5401
7903,2971.5406
7904,2971.5416
7905,2974.9353
7906,2974.9364
7907,2974.9373
7908,2974.9383
7909,2974.9393
7910,2978.5386
7911,2978.5397
7912,2978.5408
7913,2978.5414
7914,2978.5423
7915,2978.5434
7916,2978.5438
7917,2978.5444
7918,2981.7323
7919,2981.7334
7920,2981.7340
7921,2981.7347
7922,2981.7357
7923,2981.7367
7924,2981.7372
7925,2981.7382
7926,2981.7387
7927,2985.0354
7928,2985.0365
7929,2985.0375
7930,2985.0380
7931,2985.0386
7932,2985.0391
7933,2985.0395
7934,2985.0400
7935,2985.0410
7936,2984.5638
7937,2984.5649
7938,2988.0494
7939,2988.0509
7940,2988.0515
7941,2988.0519
7942,2988.0525
7943,2988.0541
7944,2988.0558
7945,2988.0565
7946,2988.0570
7947,2988.0575
7948,2988.0586
7949,2988.0591
7950,2991.5203
7951,2991.5214
7952,2991.5224
7953,2991.5233
7954,2991.5245
7955,2991.5255
7956,2991.5260
7957,2994.7664
7958,2994.7692
7959,2994.7704
7960,2994.7715
7961,2994.7720
7962,2994.7725
7963,2994.7748
7964,2997.7711
7965,2997.7723
7966,2997.7728
7967,2997.7737
7968,2997.7742
7969,2997.7747
7970,2997.7756
7971,2997.7771
7972,3001.0747
7973,3001.0758
7974,3001.0763
7975,3001.0773
7976,3001.0786
7977,3001.0791
7978,3001.0819
7979,3001.0827
7980,3001.0833
7981,3001.0837
7982,3001.0842
7983,3004.2439
7984,3004.2628
7985,3004.2651
7986,3004.2657
7987,3004.2679
7988,3004.2685
7989,3004.2692
7990,3004.2696
7991,3004.2706
7992,3004.2713
7993,3007.6159
7994,3007.6165
7995,3007.6177
7996,3007.6181
7997,3007.6187
7998,3007.6193
7999,3007.6199
8000,3007.6208
8001,3007.6213
8002,3007.6223
8003,3011.0366
8004,3011.0375
8005,3011.0386
8006,3011.0391
8007,3011.0400
8008,3011.0410
8009,3011.0419
8010,3011.0424
8011,3011.0430
8012,3014.5027
8013,3014.5040
8014,3014.5045
8015,3014.5078
8016,3014.5085
8017,3014.5092
8018,3014.5097
8019,3014.5102
8020,3014.5108
8021,3014.5113
8022,3014.5122
8023,3014.5126
8024,3017.5763
8025,3017.5776
8026,3017.5786
8027,3017.5795
8028,3017.5800
8029,3017.5806
8030,3017.5811
8031,3017.5817
8032,3017.5826
8033,3021.0451
8034,3021.0458
8035,3021.0469
8036,3021.0473
8037,3021.0479
8038,3021.0484
8039,3021.0491
8040,3021.0496
8041,3021.0506
8042,3021.0517
8043,3021.0527
8044,3024.2048
8045,3024.2067
8046,3024.2072
8047,3024.2086
8048,3024.2093
8049,3024.2099
8050,3024.2103
8051,3024.2123
8052,3024.2133
8053,3024.2141
8054,3024.2150
8055,3027.6599
8056,3027.6610
8057,3027.6616
8058,3027.6631
8059,3027.6636
8060,3027.6646
8061,3027.6651
8062,3027.6655
8063,3027.6666
8064,3027.6671
8065,3031.2345
8066,3031.2356
8067,3031.2363
8068,3031.2368
8069,3031.2378
8070,3031.2383
8071,3031.2394
8072,3031.2403
8073,3031.2408
8074,3031.2413
8075,3034.7364
8076,3034.7375
8077,3034.7381
8078,3034.7385
8079,3034.7395
8080,3034.7400
8081,3034.7405
8082,3034.7410
8083,3034.7414
8084,3034.7424
8085,3034.7428
8086,3034.7434
8087,3037.8605
8088,3037.8612
8089,3037.8621
8090,3037.8631
8091,3037.8642
8092,3037.8651
8093,3037.8656
8094,3041.4686
8095,3041.4697
8096,3041.4707
8097,3041.4711
8098,3041.4721
8099,3044.8472
8100,3044.8480
8101,3044.8491
8102,3044.8505
8103,3044.8511
8104,3044.8517
8105,3044.8523
8106,3044.8528
8107,3044.8537
8108,3044.8542
8109,3044.8552
8110,3048.2146
8111,3048.2170
8112,3048.2197
8113,3048.2209
8114,3048.2219
8115,3048.2224
8116,3048.2233
8117,3048.2238
8118,3048.2246
8119,3051.5988
8120,3051.5994
8121,3051.6000
8122,3051.6011
8123,3051.6015
8124,3051.6021
8125,3051.6026
8126,3051.6037
8127,3051.6043
8128,3051.6048
8129,3051.6059
8130,3051.6070
8131,3054.7458
8132,3054.7465
8133,3054.7478
8134,3054.7483
8135,3054.7489
8136,3054.7500
8137,3054.7505
8138,3054.7510
8139,3054.7515
8140,3054.7520
8141,3054.7529
8142,3054.7539
8143,3058.2137
8144,3058.2148
8145,3058.2157
8146,3058.2168
8147,3058.2174
8148,3058.2185
8149,3058.2189
8150,3058.2194
8151,3061.5825
8152,3061.5839
8153,3061.5844
8154,3061.5850
8155,3061.5859
8156,3061.5864
8157,3061.5869
8158,3061.5883
8159,3061.5888
8160,3061.5897
8161,3061.5902
8162,3061.5908
8163,3065.1922
8164,3065.1933
8165,3065.1944
8166,3065.1949
8167,3065.1958
8168,3065.1963
8169,3065.1968
8170,3065.1972
8171,3065.1978
8172,3065.1983
8173,3065.1992
8174,3068.6320
8175,3068.6330
8176,3068.6336
8177,3068.6345
8178,3068.6355
8179,3068.6366
8180,3068.6371
8181,3071.8032
8182,3071.8044
8183,3071.8050
8184,3071.8055
8185,3071.8065
8186,3071.8069
8187,3071.8078
8188,3071.8088
8189,3071.8191
8190,3075.5994
8191,3075.6001
8192,3075.1281
8193,3075.1291
8194,3075.1302
8195,3075.1314
8196,3078.4737
8197,3078.4751
8198,3078.4761
8199,3078.4772
8200,3078.4781
8201,3078.4788
8202,3078.4799
8203,3081.6737
8204,3081.6744
8205,3081.6755
8206,3081.6760
8207,3081.6772
8208,3081.6782
8209,3081.6792
8210,3081.6798
8211,3081.6804
8212,3085.1515
8213,3085.1521
8214,3085.1526
8215,3085.1530
8216,3085.1535
8217,3085.1545
8218,3085.1550
8219,3085.1555
8220,3085.1564
8221,3085.1569
8222,3085.1574
8223,3085.1578
8224,3085.1588
8225,3088.2261
8226,3088.2275
8227,3088.2286
8228,3088.2293
8229,3088.2304
8230,3088.2316
8231,3088.2320
8232,3091.4282
8233,3091.4295
8234,3091.4301
8235,3091.4312
8236,3091.4316
8237,3091.4321
8238,3091.4332
8239,3091.4337
8240,3091.4343
8241,3091.4409
8242,3094.8497
8243,3094.8508
8244,3094.8513
8245,3094.8523
8246,3094.8534
8247,3094.8539
8248,3094.8550
8249,3097.9131
8250,3097.9137
8251,3097.9149
8252,3097.9158
8253,3097.9170
8254,3097.9179
8255,3097.9185
8256,3097.9191
8257,3097.9195
8258,3097.9200
8259,3100.9681
8260,3100.9688
8261,3100.9693
8262,3100.9703
8263,3100.9708
8264,3100.9719
8265,3100.9724
8266,3100.9733
8267,3100.9738
8268,3100.9743
8269,3103.9965
8270,3103.9972
8271,3103.9982
8272,3103.9993
8273,3103.9997
8274,3104.0007
8275,3104.0016
8276,3104.0021
8277,3104.0027
8278,3107.4210
8279,3107.4216
8280,3107.4226
8281,3107.4231
8282,3107.4240
8283,3107.4251
8284,3110.7993
8285,3110.8001
8286,3110.8007
8287,3110.8016
8288,3110.8022
8289,3110.8027
8290,3110.8042
8291,3110.8051
8292,3110.8057
8293,3114.3810
8294,3114.3842
8295,3114.3904
8296,3114.3910
8297,3114.3915
8298,3114.3920
8299,3114.3926
8300,3114.3932
8301,3114.3937
8302,3114.3941
8303,3114.3946
8304,3114.3950
8305,3114.3955
8306,3114.3964
8307,3117.7133
8308,3117.8837
8309,3117.8842
8310,3117.8852
8311,3117.8857
8312,3117.8862
8313,3117.8871
8314,3117.8876
8315,3117.8883
8316,3117.8887
8317,3117.8893
8318,3120.7364
8319,3120.7374
8320,3120.7385
8321,3120.7391
8322,3121.0712
8323,3121.0723
8324,3121.0741
8325,3121.0751
8326,3121.0759
8327,3121.0765
8328,3121.0774
8329,3123.7771
8330,3123.7777
8331,3124.6998
8332,3124.7005
8333,3124.7011
8334,3124.7020
8335,3124.7030
8336,3124.7036
8337,3124.7046
8338,3128.1520
8339,3128.1527
8340,3128.1533
8341,3128.1543
8342,3128.1548
8343,3128.1558
8344,3128.1563
8345,3128.1568
8346,3128.1578
8347,3128.1588
8348,3131.2602
8349,3131.2609
8350,3131.2614
8351,3131.2624
8352,3131.2629
8353,3131.2634
8354,3131.2643
8355,3131.2648
8356,3131.2653
8357,3131.2663
8358,3131.2672
8359,3133.7379
8360,3133.7386
8361,3134.4187
8362,3134.4198
8363,3134.4203
8364,3134.4208
8365,3134.4220
8366,3134.4230
8367,3134.4235
8368,3134.4240
8369,3134.4244
8370,3137.2534
8371,3137.2539
8372,3137.2549
8373,3137.5781
8374,3137.5786
8375,3137.5793
8376,3137.5804
8377,3137.5814
8378,3140.5815
8379,3140.5822
8380,3140.5832
8381,3140.5838
8382,3140.5848
8383,3140.5852
8384,3140.6967
8385,3140.6978
8386,3140.6983
8387,3143.9486
8388,3143.9498
8389,3143.9503
8390,3143.9508
8391,3143.9513
8392,3143.9545
8393,3143.9551
8394,3143.9556
8395,3143.9561
8396,3143.9571
8397,3143.9576
8398,3144.1987
8399,3144.1992
8400,3144.1998
8401,3147.4755
8402,3147.4761
8403,3147.4771
8404,3147.4781
8405,3147.4791
8406,3147.4796
8407,3147.4801
8408,3147.4806
8409,3147.4835
8410,3150.8376
8411,3150.8382
8412,3150.8388
8413,3150.8393
8414,3150.8399
8415,3150.8404
8416,3150.8408
8417,3150.8421
8418,3150.8426
8419,3150.8437
8420,3150.8441
8421,3150.8446
8422,3151.1824
8423,3151.1829
8424,3151.1839
8425,3154.0195
8426,3154.0206
8427,3154.0217
8428,3154.0222
8429,3154.0227
8430,3154.0232
8431,3154.0237
8432,3154.0246
8433,3154.1780
8434,3154.1785
8435,3157.3882
8436,3157.3888
8437,3157.3897
8438,3157.3902
8439,3157.3913
8440,3157.3922
8441,3157.3934
8442,3157.3960
8443,3157.3967
8444,3157.3976
8445,3157.3981
8446,3157.3987
8447,3160.7603
8448,3160.2595
8449,3160.2601
8450,3160.2607
8451,3160.2614
8452,3160.2620
8453,3160.2625
8454,3160.2630
8455,3160.2635
8456,3160.2646
8457,3160.2658
8458,3160.2669
8459,3163.9077
8460,3163.9089
8461,3163.9095
8462,3163.9099
8463,3163.9104
8464,3163.9109
8465,3163.9119
8466,3163.9123
8467,3163.9128
8468,3163.9133
8469,3163.9138
8470,3164.0207
8471,3166.9731
8472,3166.9743
8473,3166.9754
8474,3166.9765
8475,3166.9775
8476,3166.9780
8477,3167.2429
8478,3167.2442
8479,3170.2510
8480,3170.2522
8481,3170.2527
8482,3170.2538
8483,3170.2544
8484,3170.2554
8485,3170.2560
8486,3170.2565
8487,3170.4054
8488,3170.4060
8489,3170.4066
8490,3173.6440
8491,3173.6450
8492,3173.6461
8493,3173.6467
8494,3173.6479
8495,3173.6483
8496,3173.6489
8497,3173.6495
8498,3173.6504
8499,3173.8762
8500,3173.8767
8501,3177.2357
8502,3177.2371
8503,3177.2376
8504,3177.2386
8505,3177.2396
8506,3177.2401
8507,3177.2988
8508,3180.4734
8509,3180.4747
8510,3180.4759
8511,3180.4773
8512,3180.4779
8513,3180.4792
8514,3180.5225
8515,3180.5232
8516,3180.5243
8517,3180.5248
8518,3183.9201
8519,3183.9214
8520,3183.9219
8521,3183.9231
8522,3183.9244
8523,3183.9255
8524,3183.9266
8525,3187.5007
8526,3187.5014
8527,3187.5024
8528,3187.5033
8529,3187.5043
8530,3187.5048
8531,3187.5058
8532,3187.5063
8533,3190.9622
8534,3190.9633
8535,3190.9644
8536,3190.9648
8537,3190.9657
8538,3190.9667
8539,3190.9672
8540,3194.0636
8541,3194.0646
8542,3194.1836
8543,3194.1842
8544,3194.1849
8545,3194.1855
8546,3194.1861
8547,3194.1867
8548,3194.1872
8549,3197.3001
8550,3197.3008
8551,3197.3015
8552,3197.3021
8553,3197.3033
8554,3197.3044
8555,3197.3050
8556,3197.3055
8557,3197.6121
8558,3197.6127
8559,3197.6132
8560,3197.6141
8561,3200.4359
8562,3200.4371
8563,3200.4376
8564,3200.4383
8565,3200.4390
8566,3200.4400
8567,3200.9400
8568,3200.9405
8569,3200.9416
8570,3203.8594
8571,3203.8605
8572,3203.8610
8573,3203.8620
8574,3204.2174
8575,3204.2186
8576,3204.2197
8577,3207.2291
8578,3207.2298
8579,3207.2303
8580,3207.2308
8581,3207.2318
8582,3207.2329
8583,3207.4021
8584,3207.4027
8585,3207.4032
8586,3207.4036
8587,3207.4049
8588,3210.6065
8589,3210.6094
8590,3210.6114
8591,3210.6131
8592,3210.6139
8593,3211.0215
8594,3211.0221
8595,3211.0225
8596,3211.0236
8597,3211.0245
8598,3211.0250
8599,3213.7009
8600,3213.7020
8601,3214.2879
8602,3214.2889
8603,3214.2895
8604,3214.2905
8605,3214.2916
8606,3217.4162
8607,3217.4174
8608,3217.4179
8609,3217.4189
8610,3217.4194
8611,3217.4202
8612,3217.4211
8613,3217.4221
8614,3217.4226
8615,3217.4231
8616,3220.7896
8617,3220.7909
8618,3220.7919
8619,3220.7928
8620,3220.7938
8621,3220.7943
8622,3220.7947
8623,3220.7952
8624,3224.0190
8625,3224.0200
8626,3224.0206
8627,3224.0212
8628,3224.0221
8629,3224.0231
8630,3224.0236
8631,3224.0240
8632,3224.0251
8633,3224.0256
8634,3227.5201
8635,3227.5213
8636,3227.5223
8637,3227.5233
8638,3227.5237
8639,3227.5242
8640,3227.5248
8641,3227.5253
8642,3227.5258
8643,3231.2729
8644,3231.2735
8645,3231.2740
8646,3231.3723
8647,3231.3733
8648,3231.3743
8649,3231.3748
8650,3231.3753
8651,3231.3758
8652,3231.3763
8653,3234.5457
8654,3234.5466
8655,3234.5478
8656,3234.5484
8657,3234.5491
8658,3234.6293
8659,3234.6303
8660,3234.6313
8661,3234.6318
8662,3234.6324
8663,3234.6335
8664,3237.7482
8665,3238.0229
8666,3238.0235
8667,3238.0241
8668,3238.0245
8669,3238.0250
8670,3238.0256
8671,3238.0273
8672,3238.0283
8673,3238.0288
8674,3238.0297
8675,3241.7056
8676,3241.7067
8677,3241.7077
8678,3241.7087
8679,3241.7092
8680,3241.7101
8681,3241.7111
8682,3244.8927
8683,3244.8934
8684,3244.8940
8685,3244.8950
8686,3244.8960
8687,3244.8970
8688,3244.8975
8689,3244.8985
8690,3247.9278
8691,3247.9285
8692,3247.9290
8693,3247.9295
8694,3247.9305
8695,3247.9310
8696,3247.9316
8697,3247.9322
8698,3247.9331
8699,3247.9341
8700,3247.9346
8701,3247.9351
8702,3251.0802
8703,3251.0813
8704,3250.5694
8705,3250.5711
8706,3250.5723
8707,3250.5734
8708,3250.5750
8709,3250.5766
8710,3253.6716
8711,3253.6723
8712,3253.6728
8713,3253.6734
8714,3253.6745
8715,3253.6760
8716,3253.6765
8717,3253.6769
8718,3253.6780
8719,3253.6790
8720,3253.6795
8721,3257.2100
8722,3257.2114
8723,3257.2129
8724,3257.2153
8725,3257.2157
8726,3257.2175
8727,3257.2186
8728,3257.2191
8729,3257.2197
8730,3257.2207
8731,3260.4609
8732,3260.4617
8733,3260.4630
8734,3260.4635
8735,3260.4644
8736,3260.4654
8737,3263.7082
8738,3263.7089
8739,3263.7100
8740,3263.7104
8741,3263.7114
8742,3263.7124
8743,3263.7129
8744,3267.1516
8745,3267.1522
8746,3267.1532
8747,3267.1544
8748,3267.1553
8749,3267.1567
8750,3267.1572
8751,3270.6710
8752,3270.6716
8753,3270.6723
8754,3270.6729
8755,3270.6739
8756,3270.6749
8757,3270.6753
8758,3270.6764
8759,3270.6769
8760,3270.6778
8761,3273.8499
8762,3273.8505
8763,3273.8516
8764,3273.8527
8765,3273.8538
8766,3273.8548
8767,3276.9784
8768,3276.9791
8769,3276.9799
8770,3276.9808
8771,3276.9818
8772,3276.9828
8773,3276.9838
8774,3280.1019
8775,3280.1030
8776,3280.1040
8777,3280.1046
8778,3280.1052
8779,3280.1067
8780,3280.1076
8781,3280.1081
8782,3283.3048
8783,3283.3059
8784,3283.3070
8785,3283.3075
8786,3283.3081
8787,3283.3087
8788,3283.3093
8789,3283.3104
8790,3283.3114
8791,3283.3119
8792,3283.3125
8793,3286.9257
8794,3286.9264
8795,3286.9275
8796,3286.9284
8797,3286.9289
8798,3286.9295
8799,3286.9299
8800,3286.9305
8801,3286.9311
8802,3286.9316
8803,3286.9321
8804,3286.9326
8805,3286.9335
8806,3286.9340
8807,3286.9345
8808,3290.3068
8809,3290.3080
8810,3290.3084
8811,3290.3095
8812,3290.3106
8813,3290.3116
8814,3290.3121
8815,3293.3299
8816,3293.3307
8817,3293.3316
8818,3293.3326
8819,3293.3337
8820,3293.3346
8821,3293.3351
8822,3297.1324
8823,3297.1330
8824,3297.1340
8825,3297.1349
8826,3297.1360
8827,3297.1364
8828,3297.1370
8829,3300.4613
8830,3300.4619
8831,3300.4625
8832,3300.4635
8833,3300.4645
8834,3300.4649
8835,3300.4656
8836,3300.4675
8837,3300.4688
8838,3303.7424
8839,3303.7435
8840,3303.7446
8841,3303.7451
8842,3303.7461
8843,3303.7474
8844,3303.7484
8845,3306.8970
8846,3306.8978
8847,3306.8989
8848,3306.8994
8849,3306.8999
8850,3306.9004
8851,3306.9010
8852,3306.9019
8853,3306.9024
8854,3306.9033
8855,3306.9042
8856,3306.9047
8857,3309.9782
8858,3309.9789
8859,3309.9799
8860,3309.9808
8861,3309.9819
8862,3309.9823
8863,3309.9832
8864,3309.9837
8865,3313.2820
8866,3313.2826
8867,3313.2835
8868,3313.2841
8869,3313.2850
8870,3313.2860
8871,3313.2864
8872,3313.2871
8873,3313.2876
8874,3313.2887
8875,3313.2900
8876,3313.2904
8877,3316.8274
8878,3316.8285
8879,3316.8295
8880,3316.8300
8881,3316.8309
8882,3316.8314
8883,3316.8323
8884,3316.8328
8885,3320.0594
8886,3320.0602
8887,3320.0612
8888,3320.0618
8889,3320.0624
8890,3320.0634
8891,3320.0644
8892,3320.0649
8893,3320.0658
8894,3320.0663
8895,3323.7055
8896,3323.7062
8897,3323.7067
8898,3323.7077
8899,3323.7088
8900,3323.7098
8901,3323.7103
8902,3323.7107
8903,3323.7113
8904,3323.7122
8905,3323.7127
8906,3327.0060
8907,3327.0193
8908,3327.0203
8909,3327.0215
8910,3327.0225
8911,3327.0235
8912,3327.0239
8913,3330.7555
8914,3330.7572
8915,3330.7577
8916,3330.7587
8917,3330.7592
8918,3330.7601
8919,3334.0082
8920,3334.0093
8921,3334.0098
8922,3334.0109
8923,3334.0113
8924,3334.0123
8925,3334.0132
8926,3334.0137
8927,3334.0143
8928,3334.0148
8929,3334.0153
8930,3337.6747
8931,3337.6759
8932,3337.6764
8933,3337.6770
8934,3337.6775
8935,3337.6782
8936,3337.6791
8937,3337.6802
8938,3337.6807
8939,3337.6816
8940,3337.6821
8941,3341.1726
8942,3341.1736
8943,3341.1745
8944,3341.1755
8945,3341.1764
8946,3341.1769
8947,3341.1774
8948,3344.3885
8949,3344.3891
8950,3344.3897
8951,3344.3903
8952,3344.3913
8953,3344.3923
8954,3344.3933
8955,3344.3938
8956,3344.3948
8957,3344.3953
8958,3344.3957
8959,3347.4771
8960,3346.9691
8961,3346.9703
8962,3346.9713
8963,3346.9719
8964,3346.9732
8965,3346.9742
8966,3346.9747
8967,3350.1901
8968,3350.1919
8969,3350.1929
8970,3350.1941
8971,3350.1953
8972,3350.1971
8973,3350.1976
8974,3353.9503
8975,3353.9510
8976,3353.9521
8977,3353.9526
8978,3353.9537
8979,3353.9542
8980,3353.9547
8981,3353.9557
8982,3353.9563
8983,3353.9567
8984,3353.9572
8985,3357.3863
8986,3357.3875
8987,3357.3887
8988,3357.3903
8989,3357.3908
8990,3357.3917
8991,3357.3929
8992,3360.9538
8993,3360.9544
8994,3360.9550
8995,3360.9559
8996,3360.9565
8997,3360.9576
8998,3360.9581
8999,3360.9587
9000,3367.1025
9001,3367.1033
9002,3367.1044
9003,3367.1051
9004,3367.1061
9005,3367.1070
9006,3370.7169
9007,3370.7181
9008,3370.7186
9009,3370.7196
9010,3370.7202
9011,3370.7211
9012,3370.7217
9013,3370.7226
9014,3370.7234
9015,3375.3394
9016,3375.3405
9017,3375.3411
9018,3375.3421
9019,3375.3426
9020,3375.3433
9021,3375.3442
9022,3375.3455
9023,3377.4049
9024,3377.4056
9025,3377.4066
9026,3377.4072
9027,3377.4078
9028,3377.4089
9029,3377.4100
9030,3377.4105
9031,3377.4110
9032,3377.4116
9033,3377.4126
9034,3380.8341
9035,3380.8352
9036,3380.8357
9037,3380.8366
9038,3380.8373
9039,3380.8382
9040,3380.8387
9041,3380.8397
9042,3384.2071
9043,3384.2078
9044,3384.2084
9045,3384.2094
9046,3384.2100
9047,3384.2105
9048,3384.2111
9049,3384.2121
9050,3384.2133
9051,3384.2139
9052,3384.2145
9053,3384.2150
9054,3384.2155
9055,3384.2160
9056,3384.2165
9057,3384.2169
9058,3387.6514
9059,3387.6520
9060,3387.6526
9061,3387.6536
9062,3387.6549
9063,3387.6555
9064,3387.6561
9065,3387.6573
9066,3387.6580
9067,3387.6590
9068,3391.1132
9069,3391.1138
9070,3391.1147
9071,3391.1152
9072,3391.1162
9073,3391.1172
9074,3391.1177
9075,3391.1187
9076,3391.1192
9077,3394.6100
9078,3394.6112
9079,3394.6116
9080,3394.6122
9081,3394.6138
9082,3394.6148
9083,3394.6158
9084,3394.6162
9085,3394.6168
9086,3394.6173
9087,3397.8990
9088,3397.8998
9089,3397.9007
9090,3397.9018
9091,3397.9024
9092,3397.9033
9093,3397.9046
9094,3397.9050
9095,3397.9055
9096,3401.4974
9097,3401.4985
9098,3401.4995
9099,3401.5004
9100,3404.8377
9101,3404.8388
9102,3404.8398
9103,3404.8403
9104,3404.8408
9105,3404.8413
9106,3404.8418
9107,3404.8423
9108,3404.8432
9109,3404.8526
9110,3408.3660
9111,3408.3667
9112,3408.3672
9113,3408.3677
9114,3408.3682
9115,3408.3693
9116,3408.3698
9117,3408.3707
9118,3408.3712
9119,3408.3721
9120,3408.3731
9121,3411.8622
9122,3411.8629
9123,3411.8635
9124,3411.8644
9125,3411.8649
9126,3411.8655
9127,3411.8665
9128,3411.8677
9129,3411.8682
9130,3411.8692
9131,3411.8703
9132,3415.3376
9133,3415.3411
9134,3415.3416
9135,3415.3426
9136,3415.3431
9137,3415.3436
9138,3415.3441
9139,3415.3451
9140,3415.3464
9141,3418.8410
9142,3418.8420
9143,3418.8425
9144,3418.8435
9145,3418.8445
9146,3418.8455
9147,3418.8465
9148,3421.9467
9149,3421.9472
9150,3421.9477
9151,3421.9482
9152,3421.9487
9153,3421.9492
9154,3421.9502
9155,3421.9511
9156,3421.9516
9157,3421.9521
9158,3421.9525
9159,3421.9535
9160,3425.1494
9161,3425.1501
9162,3425.1507
9163,3425.1518
9164,3425.1523
9165,3425.1528
9166,3425.1532
9167,3425.1537
9168,3425.1547
9169,3425.1552
9170,3425.1561
9171,3425.1567
9172,3428.2174
9173,3428.2187
9174,3428.2196
9175,3428.2201
9176,3428.2206
9177,3428.2211
9178,3428.2221
9179,3428.2226
9180,3428.2231
9181,3428.2237
9182,3428.2247
9183,3428.2252
9184,3431.6865
9185,3431.6876
9186,3431.6885
9187,3431.6890
9188,3431.6896
9189,3431.6905
9190,3431.6909
9191,3431.6919
9192,3434.9315
9193,3434.9320
9194,3434.9330
9195,3434.9336
9196,3434.9341
9197,3434.9350
9198,3434.9355
9199,3438.0686
9200,3438.0697
9201,3438.0707
9202,3438.0712
9203,3438.0723
9204,3438.0727
9205,3438.0737
9206,3441.5831
9207,3441.5837
9208,3441.5842
9209,3441.5847
9210,3441.5852
9211,3441.5857
9212,3441.5861
9213,3441.5866
9214,3441.5875
9215,3441.5885
9216,3440.7072
9217,3440.7079
9218,3443.8122
9219,3443.8135
9220,3443.8140
9221,3443.8146
9222,3443.8151
9223,3443.8160
9224,3443.8170
9225,3443.8181
9226,3443.8186
9227,3447.2035
9228,3447.2042
9229,3447.2112
9230,3447.2118
9231,3447.2123
9232,3447.2128
9233,3447.2138
9234,3447.2143
9235,3447.2148
9236,3447.2153
9237,3447.2587
9238,3447.2605
9239,3450.3499
9240,3450.3508
9241,3450.3519
9242,3450.3525
9243,3450.3535
9244,3450.3540
9245,3450.3550
9246,3450.3559
9247,3450.3564
9248,3450.3569
9249,3450.3574
9250,3453.7996
9251,3453.8002
9252,3453.8025
9253,3453.8034
9254,3453.8048
9255,3453.8057
9256,3453.8073
9257,3453.8081
9258,3453.8093
9259,3453.8099
9260,3453.8105
9261,3453.8112
9262,3456.9809
9263,3456.9816
9264,3456.9826
9265,3456.9832
9266,3456.9838
9267,3456.9845
9268,3456.9852
9269,3456.9864
9270,3456.9874
9271,3456.9884
9272,3456.9893
9273,3460.2616
9274,3460.2630
9275,3460.2643
9276,3460.2654
9277,3460.2664
9278,3460.2673
9279,3460.2678
9280,3463.4180
9281,3463.4198
9282,3463.4211
9283,3463.4216
9284,3463.4226
9285,3463.4238
9286,3463.4249
9287,3467.0281
9288,3467.0295
9289,3467.0300
9290,3467.0309
9291,3467.0319
9292,3470.2682
9293,3470.2693
9294,3470.2699
9295,3470.2708
9296,3470.2713
9297,3470.2723
9298,3470.2728
9299,3470.2733
9300,3470.2737
9301,3473.6504
9302,3473.6515
9303,3473.6524
9304,3473.6534
9305,3473.6539
9306,3473.6548
9307,3473.6558
9308,3477.2939
9309,3477.2950
9310,3477.2955
9311,3477.2964
9312,3477.2974
9313,3477.2978
9314,3477.2984
9315,3477.2994
9316,3477.2999
9317,3477.3005
9318,3480.6996
9319,3480.7007
9320,3480.7020
9321,3480.7029
9322,3480.7049
9323,3480.7058
9324,3480.7063
9325,3483.8636
9326,3483.8643
9327,3483.8652
9328,3483.8664
9329,3483.8668
9330,3483.8680
9331,3483.8685
9332,3483.8694
9333,3487.1741
9334,3487.1752
9335,3487.1761
9336,3487.1771
9337,3487.1780
9338,3487.1789
9339,3490.7025
9340,3490.7032
9341,3490.7041
9342,3490.7051
9343,3490.7060
9344,3490.7071
9345,3490.7080
9346,3493.8003
9347,3493.8010
9348,3493.8015
9349,3493.8025
9350,3493.8034
9351,3493.8043
9352,3493.8053
9353,3497.0801
9354,3497.0808
9355,3497.0818
9356,3497.0828
9357,3497.0837
9358,3497.0848
9359,3497.0853
9360,3497.0859
9361,3500.3125
9362,3500.3139
9363,3500.3144
9364,3500.3149
9365,3500.3165
9366,3500.3173
9367,3500.3183
9368,3504.2441
9369,3504.2452
9370,3504.2461
9371,3504.2471
9372,3504.2476
9373,3504.2486
9374,3504.2495
9375,3507.3941
9376,3507.3952
9377,3507.3963
9378,3507.3973
9379,3507.3978
9380,3507.3988
9381,3507.3997
9382,3511.0414
9383,3511.0425
9384,3511.0430
9385,3511.0435
9386,3511.0444
9387,3511.0449
9388,3511.0458
9389,3511.0463
9390,3511.0472
9391,3514.3653
9392,3514.3664
9393,3514.3677
9394,3514.3691
9395,3514.3706
9396,3514.3719
9397,3514.3727
9398,3517.5138
9399,3517.5149
9400,3517.5158
9401,3517.5164
9402,3517.5168
9403,3517.5178
9404,3517.5182
9405,3517.5187
9406,3517.5192
9407,3517.5197
9408,3517.5206
9409,3520.9367
9410,3520.9379
9411,3520.9389
9412,3520.9398
9413,3520.9403
9414,3520.9412
9415,3520.9417
9416,3524.4054
9417,3524.4061
9418,3524.4066
9419,3524.4072
9420,3524.4077
9421,3524.4086
9422,3524.4091
9423,3524.4096
9424,3524.4100
9425,3524.4110
9426,3524.4120
9427,3524.4125
9428,3527.5038
9429,3527.5045
9430,3527.5050
9431,3527.5055
9432,3527.5060
9433,3527.5064
9434,3527.5075
9435,3527.5080
9436,3527.5090
9437,3527.5099
9438,3527.5104
9439,3527.5110
9440,3527.5115
9441,3527.5120
9442,3530.4688
9443,3530.4708
9444,3530.4716
9445,3530.4743
9446,3530.4748
9447,3530.4762
9448,3530.4771
9449,3530.4776
9450,3530.4792
9451,3533.8035
9452,3533.8047
9453,3533.8056
9454,3533.8071
9455,3533.8076
9456,3533.8085
9457,3533.8096
9458,3538.8551
9459,3538.8558
9460,3538.8564
9461,3538.8574
9462,3538.8583
9463,3538.8593
9464,3538.8603
9465,3538.8608
9466,3541.0118
9467,3541.0129
9468,3541.0134
9469,3541.0140
9470,3541.0145
9471,3541.0155
9472,3540.5382
9473,3540.5387
9474,3540.5399
9475,3540.5405
9476,3540.5412
9477,3540.5418
9478,3544.0963
9479,3544.0970
9480,3544.0980
9481,3544.0986
9482,3544.0990
9483,3544.1003
9484,3544.1008
9485,3544.1014
9486,3544.1018
9487,3544.1023
9488,3544.1034
9489,3544.1046
9490,3547.3631
9491,3547.3638
9492,3547.3644
9493,3547.3648
9494,3547.3653
9495,3547.3658
9496,3547.3669
9497,3547.3679
9498,3547.3691
9499,3547.3697
9500,3550.4620
9501,3550.4631
9502,3550.4637
9503,3550.4643
9504,3550.4652
9505,3550.4663
9506,3550.4672
9507,3550.4677
9508,3550.4682
9509,3550.4687
9510,3550.4693
9511,3550.4697
9512,3553.8161
9513,3553.8168
9514,3553.8178
9515,3553.8191
9516,3553.8197
9517,3553.8207
9518,3553.8216
9519,3553.8221
9520,3557.0359
9521,3557.0366
9522,3557.0383
9523,3557.0388
9524,3557.0399
9525,3557.0408
9526,3557.0418
9527,3557.0428
9528,3557.0432
9529,3557.0446
9530,3557.0451
9531,3557.0460
9532,3560.1683
9533,3560.1690
9534,3560.1701
9535,3560.1707
9536,3560.1712
9537,3560.1716
9538,3560.1729
9539,3560.1735
9540,3560.1744
9541,3560.1749
9542,3560.1758
9543,3560.1763
9544,3560.1773
9545,3563.2098
9546,3563.2104
9547,3563.2111
9548,3563.2123
9549,3563.2132
9550,3563.2142
9551,3563.2152
9552,3566.2358
9553,3566.2371
9554,3566.2376
9555,3566.2385
9556,3566.2396
9557,3566.2401
9558,3566.2410
9559,3569.7158
9560,3569.7165
9561,3569.7172
9562,3569.7177
9563,3569.7183
9564,3569.7189
9565,3569.7195
9566,3569.7204
9567,3569.7209
9568,3569.7218
9569,3573.0249
9570,3573.0260
9571,3573.0269
9572,3573.0275
9573,3573.0279
9574,3573.0289
9575,3573.0294
9576,3573.0303
9577,3573.0308
9578,3576.3476
9579,3576.3489
9580,3576.3495
9581,3576.3501
9582,3576.3511
9583,3576.3515
9584,3576.3525
9585,3576.3534
9586,3579.5019
9587,3579.5030
9588,3579.5035
9589,3579.5041
9590,3579.5050
9591,3579.5060
9592,3579.5064
9593,3579.5074
9594,3579.5078
9595,3582.8647
9596,3582.8659
9597,3582.8663
9598,3582.8670
9599,3582.8677
9600,3582.8687
9601,3582.8693
9602,3582.8707
9603,3582.8714
9604,3582.8727
9605,3586.3861
9606,3586.3882
9607,3586.3900
9608,3586.3913
9609,3586.3922
9610,3586.3932
9611,3586.3938
9612,3586.3943
9613,3586.3948
9614,3586.3952
9615,3586.3957
9616,3586.3961
9617,3589.5454
9618,3589.5460
9619,3589.5465
9620,3589.5470
9621,3589.5475
9622,3589.5480
9623,3589.5489
9624,3589.5494
9625,3589.5499
9626,3589.5504
9627,3589.5509
9628,3589.5513
9629,3589.5522
9630,3589.5532
9631,3589.5536
9632,3592.9549
9633,3592.9556
9634,3592.9561
9635,3592.9570
9636,3592.9580
9637,3592.9591
9638,3592.9600
9639,3592.9605
9640,3596.1642
9641,3596.1654
9642,3596.1665
9643,3596.1680
9644,3596.1688
9645,3596.1697
9646,3599.2811
9647,3599.2823
9648,3599.2828
9649,3599.2833
9650,3599.2843
9651,3599.2847
9652,3599.2852
9653,3599.2857
9654,3599.2862
9655,3599.2872
9656,3599.2877
9657,3599.2883
9658,3602.4240
9659,3602.4247
9660,3602.4256
9661,3602.4261
9662,3602.4266
9663,3602.4271
9664,3602.4276
9665,3602.4286
9666,3602.4290
9667,3602.4296
9668,3602.4305
9669,3606.0332
9670,3606.0339
9671,3606.0349
9672,3606.0354
9673,3606.0358
9674,3606.0363
9675,3606.0368
9676,3606.0378
9677,3606.0382
9678,3606.0387
9679,3609.1774
9680,3609.1781
9681,3609.1792
9682,3609.1801
9683,3609.1811
9684,3609.1821
9685,3609.1831
9686,3612.7669
9687,3612.7692
9688,3612.7704
9689,3612.7724
9690,3612.7729
9691,3612.7739
9692,3612.7752
9693,3612.7760
9694,3612.7769
9695,3616.2459
9696,3616.2470
9697,3616.2475
9698,3616.2480
9699,3616.2485
9700,3616.2490
9701,3616.2495
9702,3616.2504
9703,3616.2509
9704,3616.2518
9705,3616.2523
9706,3616.2527
9707,3616.2533
9708,3619.3190
9709,3619.3197
9710,3619.3202
9711,3619.3206
9712,3619.3217
9713,3619.3227
9714,3619.3232
9715,3619.3242
9716,3619.3246
9717,3619.3251
9718,3619.3260
9719,3619.3265
9720,3622.3489
9721,3622.3495
9722,3622.3505
9723,3622.3515
9724,3622.3525
9725,3622.3535
9726,3622.3544
9727,3625.5935
9728,3625.1054
9729,3625.1065
9730,3625.1070
9731,3625.1076
9732,3625.1089
9733,3625.1095
9734,3625.1104
9735,3625.1115
9736,3628.3614
9737,3628.3621
9738,3628.3626
9739,3628.3632
9740,3628.3637
9741,3628.3648
9742,3628.3661
9743,3628.3666
9744,3628.3678
9745,3628.3694
9746,3631.8344
9747,3631.8357
9748,3631.8367
9749,3631.8372
9750,3631.8377
9751,3631.8382
9752,3631.8387
9753,3631.8392
9754,3631.8403
9755,3631.8409
9756,3631.8418
9757,3631.8424
9758,3634.9540
9759,3634.9548
9760,3634.9553
9761,3634.9564
9762,3634.9569
9763,3634.9579
9764,3634.9584
9765,3634.9590
9766,3634.9601
9767,3634.9612
9768,3634.9618
9769,3634.9623
9770,3638.0444
9771,3638.0457
9772,3638.0462
9773,3638.0467
9774,3638.0473
9775,3638.0479
9776,3638.0483
9777,3638.0495
9778,3638.0504
9779,3641.7986
9780,3641.7993
9781,3641.8003
9782,3641.8016
9783,3641.8022
9784,3641.8032
9785,3641.8042
9786,3641.8046
9787,3645.3208
9788,3645.3215
9789,3645.3224
9790,3645.3229
9791,3645.3239
9792,3645.3249
9793,3645.3254
9794,3645.3263
9795,3648.4911
9796,3648.4920
9797,3648.4929
9798,3648.4935
9799,3648.4944
9800,3648.4951
9801,3648.4961
9802,3648.4972
9803,3651.8559
9804,3651.8567
9805,3651.8572
9806,3651.8578
9807,3651.8588
9808,3651.8599
9809,3651.8604
9810,3651.8614
9811,3651.8624
9812,3651.8628
9813,3651.8634
9814,3651.8640
9815,3654.8083
9816,3654.8097
9817,3654.8107
9818,3654.8116
9819,3654.8122
9820,3654.8128
9821,3654.8137
9822,3654.8143
9823,3654.8148
9824,3654.8153
9825,3658.1840
9826,3658.1870
9827,3658.1875
9828,3658.1891
9829,3658.1897
9830,3658.1905
9831,3658.1919
9832,3658.1935
9833,3658.1943
9834,3661.5215
9835,3661.5222
9836,3661.5229
9837,3661.5234
9838,3661.5244
9839,3661.5249
9840,3661.5259
9841,3661.5271
9842,3661.5281
9843,3661.5289
9844,3665.1864
9845,3665.1871
9846,3665.1877
9847,3665.1886
9848,3665.1891
9849,3665.1901
9850,3665.1906
9851,3665.1911
9852,3665.1916
9853,3665.1921
9854,3665.1931
9855,3665.1936
9856,3665.1946
9857,3668.3343
9858,3668.3351
9859,3668.3360
9860,3668.3371
9861,3668.3380
9862,3668.3385
9863,3668.3394
9864,3668.3399
9865,3671.5171
9866,3671.5183
9867,3671.5188
9868,3671.5192
9869,3671.5202
9870,3671.5211
9871,3671.5216
9872,3674.8641
9873,3674.8647
9874,3674.8652
9875,3674.8662
9876,3674.8674
9877,3674.8684
9878,3674.8694
9879,3678.3147
9880,3678.3153
9881,3678.3163
9882,3678.3174
9883,3678.3184
9884,3678.3194
9885,3681.4974
9886,3681.4980
9887,3681.4990
9888,3681.4995
9889,3681.5001
9890,3681.5011
9891,3681.5016
9892,3681.5025
9893,3681.5029
9894,3681.5034
9895,3681.5043
9896,3684.6640
9897,3684.6651
9898,3684.6657
9899,3684.6666
9900,3684.6677
9901,3684.6682
9902,3684.6687
9903,3684.6693
9904,3684.6697
9905,3687.8054
9906,3687.8060
9907,3687.8065
9908,3687.8070
9909,3687.8079
9910,3687.8084
9911,3687.8093
9912,3687.8098
9913,3687.8108
9914,3687.8113
9915,3691.3483
9916,3691.3494
9917,3691.3500
9918,3691.3505
9919,3691.3510
9920,3691.3515
9921,3691.3524
9922,3691.3539
9923,3691.3543
9924,3691.3548
9925,3691.3557
9926,3694.4796
9927,3694.4832
9928,3694.4837
9929,3694.4846
9930,3694.4857
9931,3694.4868
9932,3694.4873
9933,3694.4884
9934,3694.4889
9935,3694.4895
9936,3694.4900
9937,3694.4905
9938,3697.8885
9939,3697.8892
9940,3697.8902
9941,3697.8912
9942,3697.8917
9943,3697.8921
9944,3697.8931
9945,3697.8936
9946,3697.8945
9947,3701.3473
9948,3701.3479
9949,3701.3488
9950,3701.3504
9951,3701.3515
9952,3701.3520
9953,3701.3529
9954,3701.3534
9955,3701.3544
9956,3701.3565
9957,3704.6259
9958,3704.6271
9959,3704.6281
9960,3704.6286
9961,3704.6296
9962,3704.6309
9963,3704.6314
9964,3704.6319
9965,3708.1191
9966,3708.1198
9967,3708.1207
9968,3708.1217
9969,3708.1222
9970,3708.1232
9971,3711.1611
9972,3711.1622
9973,3711.1639
9974,3711.1644
9975,3711.1655
9976,3711.1665
9977,3711.1670
9978,3711.1684
9979,3711.1691
9980,3711.1698
9981,3714.3770
9982,3714.3782
9983,3714.3791
9984,3713.8874
9985,3713.8886
9986,3713.8891
9987,3717.0790
9988,3717.0813
9989,3717.0823
9990,3717.0828
9991,3717.0832
9992,3717.0855
9993,3717.0866
9994,3717.0871
9995,3717.0886
9996,3717.0891
9997,3720.2505
9998,3720.2512
9999,3720.2525
10000,3720.2543
10001,3720.2554
10002,3720.2559
10003,3720.2573
10004,3720.2579
10005,3720.2584
10006,3720.2589
10007,3720.2593
10008,3723.2780
10009,3723.2786
10010,3723.2800
10011,3723.2814
10012,3723.2823
10013,3723.2829
10014,3723.2844
10015,3723.2856
10016,3723.2863
10017,3723.2868
10018,3726.7229
10019,3726.7250
10020,3726.7265
10021,3726.7276
10022,3726.7284
10023,3726.7299
10024,3726.7313
10025,3729.8883
10026,3729.8902
10027,3729.8930
10028,3729.8936
10029,3729.8946
10030,3729.8979
10031,3729.8998
10032,3729.9011
10033,3729.9026
10034,3733.3017
10035,3733.3026
10036,3733.3034
10037,3733.3039
10038,3733.3048
10039,3733.3052
10040,3733.3066
10041,3733.3072
10042,3733.3080
10043,3736.7180
10044,3736.7187
10045,3736.7193
10046,3736.7200
10047,3736.7209
10048,3736.7215
10049,3736.7225
10050,3736.7231
10051,3736.7242
10052,3736.7252
10053,3736.7256
10054,3736.7262
10055,3739.7669
10056,3739.7683
10057,3739.7696
10058,3739.7701
10059,3739.7707
10060,3739.7712
10061,3739.7717
10062,3739.7729
10063,3739.7741
10064,3743.5509
10065,3743.5515
10066,3743.5527
10067,3743.5532
10068,3743.5539
10069,3743.5544
10070,3743.5549
10071,3743.5555
10072,3743.5564
10073,3743.5569
10074,3743.5583
10075,3743.5589
10076,3743.5600
10077,3743.5608
10078,3746.6456
10079,3746.6468
10080,3746.6479
10081,3746.6489
10082,3746.6499
10083,3749.8764
10084,3749.8775
10085,3749.8781
10086,3749.8788
10087,3749.8797
10088,3749.8811
10089,3749.8821
10090,3749.8826
10091,3749.8832
10092,3749.8839
10093,3753.2667
10094,3753.2687
10095,3753.2703
10096,3753.2718
10097,3753.2727
10098,3753.2742
10099,3753.2752
10100,3756.5465
10101,3756.5471
10102,3756.5482
10103,3756.5492
10104,3756.5502
10105,3756.5507
10106,3756.5513
10107,3756.5519
10108,3756.5529
10109,3756.5534
10110,3756.5539
10111,3759.5080
10112,3759.5092
10113,3759.5101
10114,3759.5111
10115,3759.5120
10116,3759.5130
10117,3762.6847
10118,3762.6854
10119,3762.6865
10120,3762.6881
10121,3762.6885
10122,3762.6898
10123,3762.6903
10124,3762.6907
10125,3762.6917
10126,3762.6922
10127,3762.6934
10128,3762.6943
10129,3765.7431
10130,3765.7556
10131,3765.7571
10132,3765.7576
10133,3765.7586
10134,3765.7595
10135,3765.7600
10136,3769.3243
10137,3769.3249
10138,3769.3255
10139,3769.3260
10140,3769.3270
10141,3769.3279
10142,3769.3284
10143,3769.3289
10144,3769.3294
10145,3769.3303
10146,3769.3308
10147,3769.3314
10148,3769.3318
10149,3769.3323
10150,3769.3328
10151,3769.3333
10152,3769.3337
10153,3772.3916
10154,3772.3944
10155,3772.3966
10156,3772.3971
10157,3772.3984
10158,3772.3995
10159,3772.4007
10160,3772.4022
10161,3775.4839
10162,3775.4850
10163,3775.4866
10164,3775.4876
10165,3775.4886
10166,3775.4894
10167,3775.4900
10168,3775.4911
10169,3775.4915
10170,3779.1028
10171,3779.1036
10172,3779.1047
10173,3779.1056
10174,3779.1066
10175,3779.1073
10176,3782.7125
10177,3782.7132
10178,3782.7142
10179,3782.7152
10180,3782.7157
10181,3782.7162
10182,3782.7171
10183,3782.7180
10184,3782.7185
10185,3786.1769
10186,3786.1781
10187,3786.1790
10188,3786.1795
10189,3786.1804
10190,3786.1818
10191,3786.1828
10192,3789.2801
10193,3789.2807
10194,3789.2819
10195,3789.2825
10196,3789.2834
10197,3789.2843
10198,3789.2853
10199,3789.2857
10200,3789.2864
10201,3792.5778
10202,3792.5784
10203,3792.5789
10204,3792.5799
10205,3792.5804
10206,3792.5809
10207,3792.5819
10208,3792.5824
10209,3792.5834
10210,3792.5840
10211,3792.5846
10212,3792.5855
10213,3796.2999
10214,3796.3012
10215,3796.3022
10216,3796.3036
10217,3796.3041
10218,3796.3050
10219,3799.4173
10220,3799.4186
10221,3799.4195
10222,3799.4207
10223,3799.4212
10224,3799.4218
10225,3799.4223
10226,3799.4228
10227,3799.4233
10228,3799.4237
10229,3799.4242
10230,3802.4711
10231,3802.4739
10232,3802.4744
10233,3802.4751
10234,3802.4762
10235,3802.4768
10236,3802.4777
10237,3802.4787
10238,3802.4792
10239,3802.4796
10240,3805.1681
10241,3805.1694
10242,3805.1700
10243,3805.1710
10244,3805.1719
10245,3805.1729
10246,3805.1738
10247,3805.1742
10248,3805.1746
10249,3805.1750
10250,3808.7219
10251,3808.7236
10252,3808.7242
10253,3808.7254
10254,3808.7280
10255,3808.7293
10256,3808.7304
10257,3811.9239
10258,3811.9251
10259,3811.9260
10260,3811.9271
10261,3815.3408
10262,3815.3420
10263,3815.3427
10264,3815.3438
10265,3815.3443
10266,3815.3452
10267,3815.3457
10268,3815.3467
10269,3818.9603
10270,3818.9615
10271,3818.9620
10272,3818.9627
10273,3818.9637
10274,3818.9652
10275,3818.9662
10276,3818.9667
10277,3818.9673
10278,3821.7607
10279,3821.7625
10280,3821.7637
10281,3821.7646
10282,3821.7656
10283,3821.7665
10284,3821.7670
10285,3825.4014
10286,3825.4041
10287,3825.4048
10288,3825.4060
10289,3825.4074
10290,3825.4080
10291,3825.4092
10292,3828.6213
10293,3828.6227
10294,3828.6236
10295,3828.6246
10296,3828.6260
10297,3828.6265
10298,3828.6273
10299,3828.6284
10300,3828.6297
10301,3831.8830
10302,3831.8847
10303,3831.8863
10304,3831.8872
10305,3831.8890
10306,3831.8898
10307,3831.8919
10308,3835.0486
10309,3835.0505
10310,3835.0517
10311,3835.0523
10312,3835.0533
10313,3835.0542
10314,3835.0552
10315,3835.0557
10316,3838.3118
10317,3838.3129
10318,3838.3140
10319,3838.3150
10320,3838.3155
10321,3838.3161
10322,3838.3171
10323,3841.3973
10324,3841.3979
10325,3841.3989
10326,3841.3994
10327,3841.3999
10328,3841.4008
10329,3841.4015
10330,3841.4032
10331,3844.8265
10332,3844.8276
10333,3844.8286
10334,3844.8296
10335,3844.8301
10336,3844.8306
10337,3844.8312
10338,3848.3167
10339,3848.3179
10340,3848.3191
10341,3848.3200
10342,3848.3204
10343,3848.3209
10344,3848.3213
10345,3848.3220
10346,3851.3842
10347,3851.3850
10348,3851.3862
10349,3851.3887
10350,3851.3911
10351,3851.3917
10352,3851.3942
10353,3851.3958
10354,3851.3968
10355,3854.4825
10356,3854.4838
10357,3854.4848
10358,3854.4858
10359,3854.4873
10360,3854.4882
10361,3858.0223
10362,3858.0230
10363,3858.0236
10364,3858.0244
10365,3858.0257
10366,3858.0266
10367,3858.0271
10368,3858.0276
10369,3858.0284
10370,3861.5519
10371,3861.5530
10372,3861.5537
10373,3861.5541
10374,3861.5546
10375,3861.5552
10376,3861.5561
10377,3861.5570
10378,3861.5581
10379,3861.5586
10380,3865.0053
10381,3865.0064
10382,3865.0068
10383,3865.0078
10384,3865.0083
10385,3865.0093
10386,3865.0098
10387,3865.0104
10388,3865.0110
10389,3865.0123
10390,3868.1016
10391,3868.1023
10392,3868.1032
10393,3868.1041
10394,3868.1046
10395,3868.1057
10396,3868.1061
10397,3868.1078
10398,3868.1219
10399,3871.6291
10400,3871.6302
10401,3871.6311
10402,3871.6318
10403,3871.6327
10404,3871.6334
10405,3871.6340
10406,3871.6348
10407,3875.0967
10408,3875.0977
10409,3875.0988
10410,3875.0994
10411,3875.0999
10412,3875.1007
10413,3875.1018
10414,3875.1028
10415,3875.1033
10416,3878.3135
10417,3878.3149
10418,3878.3156
10419,3878.3164
10420,3881.7222
10421,3881.7228
10422,3881.7236
10423,3881.7244
10424,3881.7250
10425,3881.7256
10426,3881.7261
10427,3881.7264
10428,3881.7269
10429,3885.0338
10430,3885.0352
10431,3885.0359
10432,3885.0365
10433,3885.0372
10434,3885.0378
10435,3888.7570
10436,3888.7584
10437,3888.7591
10438,3888.7604
10439,3888.7615
10440,3888.7631
10441,3888.7637
10442,3891.9209
10443,3891.9215
10444,3891.9222
10445,3891.9231
10446,3891.9236
10447,3891.9242
10448,3891.9254
10449,3891.9263
10450,3891.9267
10451,3891.9276
10452,3891.9280
10453,3895.8414
10454,3895.8420
10455,3895.8429
10456,3895.8433
10457,3895.8437
10458,3895.8443
10459,3895.8451
10460,3895.8457
10461,3895.8461
10462,3895.8466
10463,3895.8472
10464,3898.8628
10465,3898.8637
10466,3898.8645
10467,3898.8653
10468,3898.8661
10469,3898.8666
10470,3902.3431
10471,3902.3436
10472,3902.3441
10473,3902.3449
10474,3902.3460
10475,3902.3468
10476,3902.3477
10477,3902.3482
10478,3902.3488
10479,3902.3492
10480,3902.3497
10481,3905.9564
10482,3905.9570
10483,3905.9576
10484,3905.9587
10485,3905.9590
10486,3905.9595
10487,3905.9603
10488,3905.9607
10489,3905.9615
10490,3905.9620
10491,3905.9628
10492,3905.9637
10493,3909.0510
10494,3909.0517
10495,3909.0522
10496,3908.5961
10497,3908.5968
10498,3908.5973
10499,3908.5984
10500,3914.2091
10501,3914.2105
10502,3914.2117
10503,3914.2127
10504,3914.2132
10505,3914.2138
10506,3917.5366
10507,3917.5372
10508,3917.5377
10509,3917.5383
10510,3917.5388
10511,3917.5393
10512,3917.5403
10513,3917.5408
10514,3917.5419
10515,3917.5427
10516,3917.5434
10517,3920.5868
10518,3920.5880
10519,3920.5893
10520,3920.5902
10521,3920.5911
10522,3920.5921
10523,3924.1817
10524,3924.1829
10525,3924.1838
10526,3924.1844
10527,3924.1854
10528,3924.1864
10529,3924.1868
10530,3924.1873
10531,3924.1878
10532,3927.5103
10533,3927.5108
10534,3927.5118
10535,3927.5123
10536,3927.5129
10537,3927.5138
10538,3927.5143
10539,3927.5152
10540,3927.5163
10541,3930.9219
10542,3930.9225
10543,3930.9235
10544,3930.9245
10545,3930.9250
10546,3930.9256
10547,3930.9267
10548,3930.9279
10549,3930.9283
10550,3930.9290
10551,3930.9295
10552,3930.9302
10553,3934.5306
10554,3934.5316
10555,3934.5323
10556,3934.5332
10557,3934.5337
10558,3934.5349
10559,3934.5354
10560,3934.5363
10561,3934.5373
10562,3934.5383
10563,3934.5389
10564,3934.5395
10565,3937.5982
10566,3937.5989
10567,3937.5995
10568,3937.6000
10569,3937.6010
10570,3937.6019
10571,3937.6024
10572,3937.6034
10573,3937.6038
10574,3937.6043
10575,3937.6049
10576,3937.6058
10577,3940.7968
10578,3940.7981
10579,3940.7991
10580,3940.8000
10581,3940.8005
10582,3940.8012
10583,3940.8018
10584,3940.8024
10585,3940.8033
10586,3940.8039
10587,3940.8046
10588,3944.2254
10589,3944.2268
10590,3944.2273
10591,3944.2279
10592,3944.2285
10593,3944.2297
10594,3944.2303
10595,3944.2316
10596,3944.2321
10597,3944.2327
10598,3944.2336
10599,3947.7412
10600,3947.7422
10601,3947.7428
10602,3947.7437
10603,3947.7442
10604,3947.7451
10605,3947.7456
10606,3947.7461
10607,3947.7466
10608,3947.7470
10609,3947.7479
10610,3947.7484
10611,3951.5569
10612,3951.5582
10613,3951.5592
10614,3951.5598
10615,3951.5608
10616,3951.5613
10617,3955.0616
10618,3955.0629
10619,3955.0635
10620,3955.0641
10621,3955.0651
10622,3955.0660
10623,3955.0671
10624,3955.0676
10625,3958.3460
10626,3958.3467
10627,3958.3479
10628,3958.3484
10629,3958.3490
10630,3958.3495
10631,3958.3505
10632,3958.3510
10633,3958.3519
10634,3958.3525
10635,3958.3534
10636,3958.3540
10637,3961.9205
10638,3961.9212
10639,3961.9217
10640,3961.9226
10641,3961.9236
10642,3961.9245
10643,3961.9255
10644,3961.9260
10645,3965.1880
10646,3965.1887
10647,3965.1896
10648,3965.1901
10649,3965.1910
10650,3965.1915
10651,3965.1919
10652,3965.1924
10653,3965.1934
10654,3965.1944
10655,3968.7753
10656,3968.7768
10657,3968.7793
10658,3968.7804
10659,3968.7810
10660,3968.7816
10661,3968.7820
10662,3968.7825
10663,3968.7837
10664,3968.7847
10665,3968.7856
10666,3968.7861
10667,3971.8687
10668,3971.8708
10669,3971.8713
10670,3971.8727
10671,3971.8736
10672,3971.8750
10673,3971.8760
10674,3975.4641
10675,3975.4653
10676,3975.4663
10677,3975.4672
10678,3975.4677
10679,3975.4684
10680,3975.4689
10681,3975.4694
10682,3975.4699
10683,3975.4709
10684,3978.9150
10685,3978.9157
10686,3978.9163
10687,3978.9167
10688,3978.9177
10689,3978.9183
10690,3978.9192
10691,3978.9198
10692,3978.9202
10693,3978.9213
10694,3978.9217
10695,3978.9232
10696,3982.0500
10697,3982.0524
10698,3982.0529
10699,3982.0534
10700,3982.0544
10701,3982.0548
10702,3982.0561
10703,3982.0582
10704,3982.0591
10705,3982.0604
10706,3982.0608
10707,3982.0618
10708,3982.0623
10709,3985.0774
10710,3985.0780
10711,3985.0784
10712,3985.0794
10713,3985.0804
10714,3985.0810
10715,3985.0816
10716,3985.0821
10717,3985.0826
10718,3988.4277
10719,3988.4284
10720,3988.4294
10721,3988.4306
10722,3988.4315
10723,3988.4321
10724,3988.4326
10725,3988.4330
10726,3988.4340
10727,3992.2325
10728,3992.2337
10729,3992.2342
10730,3992.2352
10731,3992.2356
10732,3992.2366
10733,3992.2371
10734,3992.2380
10735,3992.2385
10736,3992.2390
10737,3995.5646
10738,3995.5662
10739,3995.5673
10740,3995.5678
10741,3995.5696
10742,3995.5705
10743,3995.5715
10744,3995.5720
10745,3995.5734
10746,3995.5754
10747,3998.7934
10748,3998.7946
10749,3998.7951
10750,3998.7956
10751,3998.7961
10752,3998.2932
10753,3998.2944
10754,3998.2951
10755,3998.2956
10756,3998.2961
10757,3998.2967
10758,3998.2973
10759,3998.2984
10760,4001.7589
10761,4001.7605
10762,4001.7615
10763,4001.7620
10764,4001.7638
10765,4001.7655
10766,4001.7664
10767,4001.7680
10768,4001.7702
10769,4001.7708
10770,4004.9409
10771,4004.9420
10772,4004.9425
10773,4004.9430
10774,4004.9440
10775,4004.9451
10776,4004.9461
10777,4004.9466
10778,4004.9472
10779,4008.2836
10780,4008.2848
10781,4008.2858
10782,4008.2867
10783,4008.2872
10784,4008.2882
10785,4011.4269
10786,4011.4275
10787,4011.4281
10788,4011.4286
10789,4011.4297
10790,4011.4313
10791,4011.4324
10792,4011.4333
10793,4014.8099
10794,4014.8105
10795,4014.8123
10796,4014.8131
10797,4014.8141
10798,4014.8152
10799,4014.8157
10800,4014.8163
10801,4014.8173
10802,4014.8181
10803,4014.8187
10804,4014.8193
10805,4014.8197
10806,4014.8221
10807,4014.8226
10808,4018.2128
10809,4018.2141
10810,4018.2151
10811,4018.2157
10812,4018.2163
10813,4018.2172
10814,4018.2177
10815,4018.2183
10816,4018.2194
10817,4022.1673
10818,4022.1687
10819,4022.1692
10820,4022.1702
10821,4022.1712
10822,4022.1717
10823,4022.1726
10824,4022.1733
10825,4022.1741
10826,4022.1745
10827,4025.2344
10828,4025.2351
10829,4025.2361
10830,4025.2371
10831,4025.2377
10832,4025.2391
10833,4025.2401
10834,4025.2406
10835,4028.5234
10836,4028.5240
10837,4028.5245
10838,4028.5257
10839,4028.5261
10840,4028.5277
10841,4028.5286
10842,4028.5291
10843,4028.5298
10844,4028.5313
10845,4031.5721
10846,4031.5732
10847,4031.5742
10848,4031.5751
10849,4031.5757
10850,4031.5762
10851,4034.6928
10852,4034.6934
10853,4034.6939
10854,4034.6946
10855,4034.6959
10856,4034.6969
10857,4034.6986
10858,4034.6999
10859,4034.7018
10860,4034.7023
10861,4038.1829
10862,4038.1841
10863,4038.1851
10864,4038.1857
10865,4038.1867
10866,4038.1876
10867,4038.1881
10868,4041.4802
10869,4041.4814
10870,4041.4823
10871,4041.4828
10872,4041.4837
10873,4041.4842
10874,4041.4851
10875,4041.4856
10876,4041.4866
10877,4041.4875
10878,4044.9371
10879,4044.9377
10880,4044.9388
10881,4044.9398
10882,4044.9404
10883,4044.9409
10884,4044.9414
10885,4044.9424
10886,4044.9433
10887,4048.3314
10888,4048.3341
10889,4048.3347
10890,4048.3352
10891,4048.3364
10892,4048.3375
10893,4048.3380
10894,4048.3401
10895,4048.3406
10896,4048.3418
10897,4048.3434
10898,4051.3723
10899,4051.3735
10900,4051.3740
10901,4051.3744
10902,4051.3754
10903,4051.3763
10904,4051.3774
10905,4051.3779
10906,4054.5583
10907,4054.5594
10908,4054.5604
10909,4054.5613
10910,4054.5618
10911,4058.2642
10912,4058.2653
10913,4058.2663
10914,4058.2670
10915,4058.2681
10916,4058.2690
10917,4058.2696
10918,4058.2701
10919,4061.4079
10920,4061.4085
10921,4061.4099
10922,4061.4109
10923,4061.4120
10924,4061.4131
10925,4061.4148
10926,4064.8836
10927,4064.8841
10928,4064.8847
10929,4064.8856
10930,4064.8867
10931,4064.8872
10932,4064.8877
10933,4064.8882
10934,4064.8894
10935,4064.8904
10936,4068.4107
10937,4068.4112
10938,4068.4117
10939,4068.4122
10940,4068.4127
10941,4068.4137
10942,4068.4147
10943,4068.4156
10944,4068.4169
10945,4072.0162
10946,4072.0170
10947,4072.0179
10948,4072.0190
10949,4072.0194
10950,4072.0200
10951,4072.0205
10952,4072.0214
10953,4072.0220
10954,4072.0229
10955,4072.0234
10956,4075.6509
10957,4075.6516
10958,4075.6525
10959,4075.6535
10960,4075.6540
10961,4075.6545
10962,4075.6554
10963,4075.6564
10964,4078.9054
10965,4078.9064
10966,4078.9069
10967,4078.9084
10968,4078.9093
10969,4078.9106
10970,4078.9112
10971,4078.9119
10972,4078.9128
10973,4078.9133
10974,4078.9141
10975,4078.9146
10976,4082.4210
10977,4082.4215
10978,4082.4221
10979,4082.4232
10980,4082.4242
10981,4082.4252
10982,4082.4261
10983,4082.4266
10984,4085.6903
10985,4085.6917
10986,4085.6927
10987,4085.6932
10988,4085.6941
10989,4085.6951
10990,4089.3982
10991,4089.3990
10992,4089.4001
10993,4089.4006
10994,4089.4011
10995,4089.4021
10996,4089.4027
10997,4089.4032
10998,4089.4037
10999,4092.3631
11000,4092.3645
11001,4092.3659
11002,4092.3665
11003,4092.3677
11004,4092.3682
11005,4092.3691
11006,4092.3703
11007,4095.9133
11008,4095.3983
11009,4095.3996
11010,4095.4001
11011,4095.4007
11012,4095.4013
11013,4095.4024
11014,4095.4029
11015,4095.4033
11016,4095.4044
11017,4095.4050
11018,4095.4057
11019,4095.4063
11020,4098.5425
11021,4098.5434
11022,4098.5446
11023,4098.5457
11024,4098.5466
11025,4098.5477
11026,4098.5482
11027,4101.7524
11028,4101.7537
11029,4101.7547
11030,4101.7559
11031,4101.7565
11032,4101.7576
11033,4104.8351
11034,4104.8361
11035,4104.8367
11036,4104.8378
11037,4104.8384
11038,4104.8388
11039,4104.8398
11040,4104.8403
11041,4104.8413
11042,4104.8417
11043,4104.8427
11044,4107.9584
11045,4107.9598
11046,4107.9604
11047,4107.9613
11048,4107.9618
11049,4107.9628
11050,4107.9633
11051,4107.9639
11052,4107.9651
11053,4107.9657
11054,4111.2359
11055,4111.2368
11056,4111.2379
11057,4111.2384
11058,4111.2394
11059,4111.2404
11060,4111.2414
11061,4114.3884
11062,4114.3898
11063,4114.3908
11064,4114.3918
11065,4114.3923
11066,4130.1258
11067,4130.1273
11068,4130.1283
11069,4130.1288
11070,4130.1293
11071,4130.1302
11072,4133.2630
11073,4133.2638
11074,4133.2650
11075,4133.2656
11076,4133.2666
11077,4133.2678
11078,4133.2689
11079,4136.6086
11080,4136.6099
11081,4136.6110
11082,4136.6120
11083,4136.6127
11084,4136.6136
11085,4136.6141
11086,4139.8462
11087,4139.8471
11088,4139.8481
11089,4139.8486
11090,4139.8492
11091,4139.8506
11092,4139.8512
11093,4139.8518
11094,4139.8529
11095,4139.8539
11096,4143.3232
11097,4143.3246
11098,4143.3256
11099,4143.3262
11100,4143.3267
11101,4143.3273
11102,4143.3284
11103,4143.3290
11104,4143.3299
11105,4143.3304
11106,4143.3310
11107,4143.3317
11108,4143.3328
11109,4143.3334
11110,4146.8758
11111,4146.8771
11112,4146.8777
11113,4146.8786
11114,4146.8791
11115,4146.8801
11116,4146.8805
11117,4146.8812
11118,4146.8821
11119,4146.8826
11120,4146.8831
11121,4146.8837
11122,4146.8843
11123,4150.1241
11124,4150.1251
11125,4150.1263
11126,4150.1279
11127,4150.1289
11128,4150.1298
11129,4150.1308
11130,4150.1314
11131,4153.6983
11132,4153.7000
11133,4153.7008
11134,4153.7014
11135,4153.7025
11136,4153.7035
11137,4153.7046
11138,4153.7050
11139,4153.7060
11140,4156.8324
11141,4156.8338
11142,4156.8344
11143,4156.8349
11144,4156.8353
11145,4156.8359
11146,4156.8370
11147,4156.8379
11148,4156.8385
11149,4156.8391
11150,4156.8400
11151,4159.8883
11152,4159.8897
11153,4159.8908
11154,4159.8913
11155,4159.8919
11156,4159.8925
11157,4159.8934
11158,4159.8944
11159,4163.4622
11160,4163.4630
11161,4163.4636
11162,4163.4641
11163,4163.4652
11164,4163.4657
11165,4163.4666
11166,4163.4671
11167,4163.4680
11168,4163.4685
11169,4166.7508
11170,4166.7524
11171,4166.7538
11172,4166.7548
11173,4166.7553
11174,4166.7558
11175,4166.7567
11176,4166.7577
11177,4166.7592
11178,4170.2858
11179,4170.2871
11180,4170.2883
11181,4170.2892
11182,4170.2902
11183,4170.2912
11184,4170.2917
11185,4173.6133
11186,4173.6143
11187,4173.6154
11188,4173.6161
11189,4173.6166
11190,4173.6177
11191,4173.6183
11192,4173.6193
11193,4173.6202
11194,4173.6207
11195,4176.7841
11196,4176.7855
11197,4176.7865
11198,4176.7875
11199,4176.7884
11200,4176.7894
11201,4176.7899
11202,4180.2422
11203,4180.2431
11204,4180.2436
11205,4180.2446
11206,4180.2456
11207,4180.2461
11208,4180.2467
11209,4180.2483
11210,4180.2498
11211,4183.7510
11212,4183.7519
11213,4183.7525
11214,4183.7530
11215,4183.7539
11216,4183.7544
11217,4183.7550
11218,4183.7554
11219,4183.7565
11220,4183.7574
11221,4183.7579
11222,4183.7584
11223,4183.7593
11224,4187.2492
11225,4187.2501
11226,4187.2506
11227,4187.2518
11228,4187.2524
11229,4187.2529
11230,4187.2534
11231,4187.2539
11232,4187.2544
11233,4187.2548
11234,4187.2558
11235,4187.2563
11236,4187.2573
11237,4187.2578
11238,4187.2587
11239,4190.5767
11240,4190.5776
11241,4190.5786
11242,4190.5796
11243,4190.5805
11244,4190.5815
11245,4190.5824
11246,4193.7148
11247,4193.7156
11248,4193.7162
11249,4193.7172
11250,4193.7178
11251,4193.7183
11252,4193.7193
11253,4193.7204
11254,4197.2327
11255,4197.2340
11256,4197.2350
11257,4197.2355
11258,4197.2360
11259,4197.2370
11260,4197.2375
11261,4197.2384
11262,4197.2389
11263,4200.4612
11264,4199.9679
11265,4199.9690
11266,4199.9702
11267,4199.9713
11268,4199.9718
11269,4199.9728
11270,4199.9739
11271,4199.9750
11272,4202.9554
11273,4202.9572
11274,4202.9584
11275,4202.9595
11276,4202.9601
11277,4202.9606
11278,4202.9616
11279,4202.9626
11280,4202.9631
11281,4206.0474
11282,4206.0484
11283,4206.0491
11284,4206.0501
11285,4206.0517
11286,4206.0527
11287,4206.0536
11288,4206.0542
11289,4206.0553
11290,4209.6104
11291,4209.6113
11292,4209.6121
11293,4209.6131
11294,4209.6137
11295,4209.6150
11296,4209.6155
11297,4209.6160
11298,4209.6170
11299,4209.6181
11300,4212.7313
11301,4212.7326
11302,4212.7337
11303,4212.7347
11304,4212.7356
11305,4212.7366
11306,4212.7372
11307,4212.7378
11308,4212.7383
11309,4216.4433
11310,4216.4448
11311,4216.4454
11312,4216.4464
11313,4216.4468
11314,4216.4473
11315,4216.4479
11316,4216.4484
11317,4216.4493
11318,4216.4498
11319,4216.4504
11320,4216.4513
11321,4216.4519
11322,4216.4526
11323,4219.7855
11324,4219.7870
11325,4219.7881
11326,4219.7890
11327,4219.7900
11328,4219.7909
11329,4219.7914
11330,4219.7919
11331,4219.7924
11332,4222.8550
11333,4222.8564
11334,4222.8570
11335,4222.8575
11336,4222.8585
11337,4222.8598
11338,4226.1320
11339,4226.1329
11340,4226.1336
11341,4226.1342
11342,4226.1352
11343,4226.1365
11344,4226.1371
11345,4226.1377
11346,4226.1481
11347,4226.1493
11348,4226.1499
11349,4229.3090
11350,4229.3107
11351,4229.3114
11352,4229.3123
11353,4229.3128
11354,4229.3133
11355,4229.3140
11356,4229.3146
11357,4229.3155
11358,4229.3161
11359,4229.3166
11360,4229.3173
11361,4229.3178
11362,4229.3189
11363,4232.7652
11364,4232.7665
11365,4232.7672
11366,4232.7682
11367,4232.7692
11368,4232.7697
11369,4232.7702
11370,4232.7709
11371,4232.7719
11372,4232.7723
11373,4235.8754
11374,4235.8769
11375,4235.8775
11376,4235.8785
11377,4235.8790
11378,4235.8795
11379,4235.8800
11380,4235.8809
11381,4235.8814
11382,4235.8823
11383,4235.8828
11384,4239.1741
11385,4239.1753
11386,4239.1762
11387,4239.1767
11388,4239.1772
11389,4239.1782
11390,4239.1795
11391,4239.1805
11392,4239.1810
11393,4242.6752
11394,4242.6758
11395,4242.6764
11396,4242.6773
11397,4242.6783
11398,4242.6792
11399,4242.6802
11400,4242.6806
11401,4242.6811
11402,4245.7652
11403,4245.7659
11404,4245.7668
11405,4245.7675
11406,4245.7679
11407,4245.7684
11408,4245.7695
11409,4245.7707
11410,4245.7712
11411,4245.7717
11412,4245.7723
11413,4245.7728
11414,4245.7740
11415,4245.7754
11416,4249.2124
11417,4249.2148
11418,4249.2165
11419,4249.2175
11420,4249.2188
11421,4249.2193
11422,4249.2198
11423,4249.2203
11424,4249.2213
11425,4249.2235
11426,4252.3290
11427,4252.3297
11428,4252.3307
11429,4252.3312
11430,4252.3317
11431,4252.3322
11432,4252.3338
11433,4252.3343
11434,4252.3349
11435,4252.3359
11436,4252.3370
11437,4255.6240
11438,4255.6252
11439,4255.6264
11440,4255.6274
11441,4255.6287
11442,4255.6295
11443,4259.2950
11444,4259.2956
11445,4259.2966
11446,4259.2971
11447,4259.2981
11448,4259.2991
11449,4259.3000
11450,4259.3006
11451,4262.6481
11452,4262.6493
11453,4262.6498
11454,4262.6503
11455,4262.6508
11456,4262.6513
11457,4262.6522
11458,4262.6533
11459,4265.7307
11460,4265.7332
11461,4265.7337
11462,4265.7343
11463,4265.7354
11464,4265.7365
11465,4265.7371
11466,4265.7392
11467,4265.7396
11468,4265.7402
11469,4265.7411
11470,4268.8506
11471,4268.8513
11472,4268.8518
11473,4268.8523
11474,4268.8528
11475,4268.8537
11476,4268.8542
11477,4268.8551
11478,4268.8556
11479,4268.8560
11480,4268.8565
11481,4268.8570
11482,4268.8575
11483,4268.8580
11484,4268.8586
11485,4268.8590
11486,4271.7872
11487,4271.7901
11488,4271.7921
11489,4271.7934
11490,4271.7943
11491,4271.7953
11492,4271.7958
11493,4271.7970
11494,4275.3835
11495,4275.3842
11496,4275.3848
11497,4275.3857
11498,4275.3867
11499,4275.3876
11500,4275.3881
11501,4275.3890
11502,4275.3895
11503,4275.3900
11504,4278.6313
11505,4278.6323
11506,4278.6329
11507,4278.6339
11508,4278.6344
11509,4278.6353
11510,4278.6363
11511,4281.7258
11512,4281.7264
11513,4281.7282
11514,4281.7292
11515,4281.7304
11516,4281.7309
11517,4281.7318
11518,4285.1971
11519,4285.1987
11520,4284.7060
11521,4284.7069
11522,4284.7086
11523,4284.7100
11524,4284.7116
11525,4288.0654
11526,4288.0662
11527,4288.0673
11528,4288.0684
11529,4288.0690
11530,4288.0702
11531,4291.2897
11532,4291.2919
11533,4291.2924
11534,4291.2932
11535,4291.2951
11536,4291.2963
11537,4294.5258
11538,4294.5265
11539,4294.5270
11540,4294.5284
11541,4294.5293
11542,4294.5304
11543,4294.5310
11544,4294.5315
11545,4294.5320
11546,4294.5329
11547,4294.5335
11548,4297.5986
11549,4297.6019
11550,4297.6028
11551,4297.6036
11552,4297.6048
11553,4297.6067
11554,4297.6077
11555,4297.6085
11556,4297.6092
11557,4297.6096
11558,4300.8270
11559,4300.8279
11560,4300.8285
11561,4300.8296
11562,4300.8307
11563,4300.8316
11564,4300.8321
11565,4300.8326
11566,4300.8339
11567,4300.8343
11568,4300.8349
11569,4304.2874
11570,4304.2888
11571,4304.2893
11572,4304.2903
11573,4304.2908
11574,4304.2913
11575,4304.2923
11576,4304.2932
11577,4307.6355
11578,4307.6368
11579,4307.6374
11580,4307.6380
11581,4307.6391
11582,4307.6401
11583,4307.6406
11584,4307.6415
11585,4310.9414
11586,4310.9422
11587,4310.9433
11588,4310.9439
11589,4310.9445
11590,4310.9451
11591,4310.9460
11592,4310.9465
11593,4310.9470
11594,4310.9475
11595,4310.9480
11596,4310.9490
11597,4310.9500
11598,4310.9504
11599,4314.0566
11600,4314.0573
11601,4314.0583
11602,4314.0594
11603,4314.0605
11604,4314.0615
11605,4314.0624
11606,4317.3143
11607,4317.3165
11608,4317.3190
11609,4317.3208
11610,4317.3217
11611,4317.3238
11612,4317.3248
11613,4317.3259
11614,4317.3280
11615,4317.3300
11616,4317.3317
11617,4320.7784
11618,4320.7796
11619,4320.7805
11620,4320.7811
11621,4320.7820
11622,4320.7825
11623,4320.7835
11624,4320.7839
11625,4324.1183
11626,4324.1191
11627,4324.1197
11628,4324.1203
11629,4324.1209
11630,4324.1233
11631,4324.1251
11632,4327.1715
11633,4327.1726
11634,4327.1735
11635,4327.1745
11636,4327.1755
11637,4330.5043
11638,4330.5048
11639,4330.5053
11640,4330.5058
11641,4330.5065
11642,4330.5076
11643,4330.5083
11644,4330.5092
11645,4330.5096
11646,4330.5102
11647,4333.9109
11648,4333.9116
11649,4333.9122
11650,4333.9131
11651,4333.9141
11652,4333.9151
11653,4333.9157
11654,4333.9162
11655,4333.9171
11656,4337.3418
11657,4337.3425
11658,4337.3434
11659,4337.3444
11660,4337.3454
11661,4337.3459
11662,4337.3465
11663,4337.3470
11664,4337.3475
11665,4337.3484
11666,4337.3489
11667,4340.8288
11668,4340.8296
11669,4340.8306
11670,4340.8311
11671,4340.8320
11672,4340.8330
11673,4340.8339
11674,4344.0828
11675,4344.0856
11676,4344.0866
11677,4344.0878
11678,4344.0883
11679,4344.0887
11680,4344.0893
11681,4344.0898
11682,4344.0907
11683,4344.0917
11684,4344.0922
11685,4347.6147
11686,4347.6158
11687,4347.6167
11688,4347.6175
11689,4347.6182
11690,4347.6190
11691,4347.6204
11692,4347.6220
11693,4347.6229
11694,4347.6245
11695,4347.6262
11696,4350.8255
11697,4350.8262
11698,4350.8287
11699,4350.8292
11700,4350.8305
11701,4350.8314
11702,4350.8322
11703,4350.8332
11704,4350.8336
11705,4350.8341
11706,4350.8348
11707,4354.2990
11708,4354.2997
11709,4354.3002
11710,4354.3007
11711,4354.3012
11712,4354.3024
11713,4354.3029
11714,4354.3034
11715,4354.3044
11716,4354.3054
11717,4354.3064
11718,4357.7488
11719,4357.7499
11720,4357.7509
11721,4357.7515
11722,4357.7519
11723,4357.7529
11724,4357.7535
11725,4361.7184
11726,4361.7193
11727,4361.7203
11728,4361.7208
11729,4361.7214
11730,4361.7223
11731,4361.7228
11732,4361.7234
11733,4361.7239
11734,4361.7248
11735,4361.7253
11736,4364.8469
11737,4364.8475
11738,4364.8480
11739,4364.8492
11740,4364.8503
11741,4364.8507
11742,4364.8512
11743,4364.8517
11744,4364.8522
11745,4364.8527
11746,4364.8531
11747,4364.8536
11748,4364.8547
11749,4364.8552
11750,4364.8557
11751,4368.2571
11752,4368.2582
11753,4368.2587
11754,4368.2594
11755,4368.2600
11756,4368.2611
11757,4368.2623
11758,4368.2634
11759,4368.2640
11760,4368.2645
11761,4371.7774
11762,4371.7780
11763,4371.7786
11764,4371.7796
11765,4371.7806
11766,4371.7819
11767,4371.7828
11768,4371.7833
11769,4371.7839
11770,4371.7845
11771,4371.7854
11772,4375.2126
11773,4375.2132
11774,4375.2142
11775,4375.2148
11776,4374.7032
11777,4374.7045
11778,4374.7059
11779,4374.7064
11780,4374.7076
11781,4378.1073
11782,4378.1087
11783,4378.1097
11784,4378.1102
11785,4378.1107
11786,4378.1112
11787,4378.1117
11788,4378.1122
11789,4378.1133
11790,4378.1138
11791,4378.1144
11792,4378.1155
11793,4381.2400
11794,4381.2419
11795,4381.2441
11796,4381.2453
11797,4381.2463
11798,4381.2479
11799,4381.2488
11800,4381.2493
11801,4381.2499
11802,4381.2504
11803,4384.5959
11804,4384.5966
11805,4384.5976
11806,4384.5985
11807,4384.5990
11808,4384.6001
11809,4384.6011
11810,4384.6016
11811,4388.0234
11812,4388.0246
11813,4388.0253
11814,4388.0259
11815,4388.0269
11816,4388.0278
11817,4388.0283
11818,4388.0294
11819,4391.0764
11820,4391.0775
11821,4391.0785
11822,4391.0790
11823,4391.0795
11824,4391.0799
11825,4391.0809
11826,4391.0813
11827,4391.0819
11828,4391.0825
11829,4394.2991
11830,4394.2998
11831,4394.3008
11832,4394.3019
11833,4394.3029
11834,4394.3035
11835,4397.9107
11836,4397.9114
11837,4397.9124
11838,4397.9129
11839,4397.9138
11840,4397.9143
11841,4397.9152
11842,4397.9157
11843,4397.9162
11844,4397.9169
11845,4397.9176
11846,4397.9186
11847,4401.2066
11848,4401.2079
11849,4401.2085
11850,4401.2098
11851,4401.2107
11852,4401.2112
11853,4401.2118
11854,4401.2124
11855,4401.2133
11856,4401.2144
11857,4401.2154
11858,4401.2160
11859,4404.1432
11860,4404.1444
11861,4404.1449
11862,4404.1461
11863,4404.1466
11864,4404.1476
11865,4404.1480
11866,4404.1490
11867,4407.3119
11868,4407.3131
11869,4407.3141
11870,4407.3150
11871,4407.3155
11872,4407.3160
11873,4407.3164
11874,4407.3171
11875,4407.3176
11876,4407.3186
11877,4410.7043
11878,4410.7054
11879,4410.7060
11880,4410.7070
11881,4410.7074
11882,4410.7084
11883,4410.7090
11884,4410.7102
11885,4410.7106
11886,4414.0711
11887,4414.0730
11888,4414.0754
11889,4414.0767
11890,4414.0773
11891,4414.0799
11892,4414.0805
11893,4414.0815
11894,4414.0829
11895,4417.3722
11896,4417.3728
11897,4417.3738
11898,4417.3748
11899,4417.3755
11900,4417.3764
11901,4417.3774
11902,4420.5163
11903,4420.5173
11904,4420.5183
11905,4420.5192
11906,4420.5197
11907,4420.5207
11908,4420.5212
11909,4420.5216
11910,4423.7273
11911,4423.7296
11912,4423.7301
11913,4423.7307
11914,4423.7316
11915,4423.7321
11916,4423.7330
11917,4423.7335
11918,4423.7345
11919,4427.0590
11920,4427.0603
11921,4427.0613
11922,4427.0618
11923,4427.0624
11924,4427.0634
11925,4427.0639
11926,4430.1904
11927,4430.1910
11928,4430.1919
11929,4430.1924
11930,4430.1934
11931,4430.1939
11932,4430.1948
11933,4430.1953
11934,4430.1958
11935,4430.1963
11936,4430.1968
11937,4433.5440
11938,4433.5451
11939,4433.5456
11940,4433.5470
11941,4433.5484
11942,4433.5494
11943,4433.5498
11944,4436.6803
11945,4436.6809
11946,4436.6815
11947,4436.6824
11948,4436.6829
11949,4436.6834
11950,4436.6845
11951,4436.6856
11952,4436.6861
11953,4436.6870
11954,4440.0604
11955,4440.0611
11956,4440.0622
11957,4440.0628
11958,4440.0633
11959,4440.0642
11960,4440.0652
11961,4440.0657
11962,4440.0666
11963,4443.6673
11964,4443.6686
11965,4443.6695
11966,4443.6700
11967,4443.6705
11968,4443.6710
11969,4443.6715
11970,4443.6725
11971,4443.6735
11972,4443.6739
11973,4443.6749
11974,4447.1552
11975,4447.1559
11976,4447.1564
11977,4447.1573
11978,4447.1578
11979,4447.1588
11980,4447.1598
11981,4447.1608
11982,4450.6800
11983,4450.6814
11984,4450.6827
11985,4450.6833
11986,4450.6840
11987,4450.6846
11988,4450.6867
11989,4450.6878
11990,4450.6883
11991,4453.8362
11992,4453.8374
11993,4453.8379
11994,4453.8389
11995,4453.8394
11996,4453.8403
11997,4453.8408
11998,4453.8412
11999,4453.8422
12000,4460.6093
12001,4460.6123
12002,4460.6134
12003,4460.6144
12004,4460.6149
12005,4460.6156
12006,4460.6161
12007,4460.6168
12008,4460.6178
12009,4463.8527
12010,4463.8538
12011,4463.8548
12012,4463.8557
12013,4463.8563
12014,4463.8568
12015,4467.2898
12016,4467.2923
12017,4467.2939
12018,4467.2948
12019,4467.2963
12020,4467.2972
12021,4467.2985
12022,4467.2993
12023,4467.3003
12024,4470.3678
12025,4470.3710
12026,4470.3729
12027,4470.3739
12028,4470.3754
12029,4470.3763
12030,4470.3768
12031,4470.3779
12032,4473.1079
12033,4473.1087
12034,4473.1094
12035,4473.1105
12036,4473.1112
12037,4473.1118
12038,4473.1129
12039,4473.1139
12040,4473.1144
12041,4473.1149
12042,4473.1161
12043,4476.7830
12044,4476.7837
12045,4476.7847
12046,4476.7852
12047,4476.7857
12048,4476.7867
12049,4476.7879
12050,4476.7884
12051,4476.7889
12052,4476.7894
12053,4476.7900
12054,4479.8019
12055,4479.8032
12056,4479.8037
12057,4479.8042
12058,4479.8052
12059,4479.8057
12060,4479.8063
12061,4479.8073
12062,4479.8078
12063,4479.8083
12064,4482.9030
12065,4482.9048
12066,4482.9061
12067,4482.9071
12068,4482.9081
12069,4482.9092
12070,4482.9097
12071,4482.9103
12072,4482.9108
12073,4482.9112
12074,4482.9118
12075,4482.9122
12076,4485.9390
12077,4485.9401
12078,4485.9406
12079,4485.9413
12080,4485.9423
12081,4485.9427
12082,4485.9433
12083,4485.9439
12084,4485.9445
12085,4485.9450
12086,4485.9460
12087,4485.9471
12088,4489.0054
12089,4489.0061
12090,4489.0072
12091,4489.0085
12092,4489.0105
12093,4489.0118
12094,4492.1764
12095,4492.1771
12096,4492.1781
12097,4492.1791
12098,4492.1796
12099,4492.1801
12100,4492.1811
12101,4492.1816
12102,4492.1822
12103,4492.1832
12104,4492.1837
12105,4495.2098
12106,4495.2111
12107,4495.2121
12108,4495.2131
12109,4495.2136
12110,4495.2140
12111,4495.2150
12112,4498.4262
12113,4498.4269
12114,4498.4281
12115,4498.4292
12116,4498.4298
12117,4498.4307
12118,4498.4316
12119,4502.3022
12120,4502.3039
12121,4502.3046
12122,4502.3056
12123,4502.3065
12124,4502.3070
12125,4502.3076
12126,4502.3082
12127,4505.9403
12128,4505.9419
12129,4505.9427
12130,4505.9435
12131,4505.9443
12132,4505.9454
12133,4505.9472
12134,4505.9481
12135,4505.9489
12136,4505.9496
12137,4505.9502
12138,4505.9508
12139,4505.9513
12140,4505.9523
12141,4509.3313
12142,4509.3337
12143,4509.3342
12144,4509.3354
12145,4509.3369
12146,4509.3379
12147,4509.3390
12148,4509.3396
12149,4509.3401
12150,4509.3408
12151,4509.3420
12152,4512.4345
12153,4512.4357
12154,4512.4366
12155,4512.4372
12156,4512.4378
12157,4512.4383
12158,4512.4393
12159,4512.4397
12160,4512.4403
12161,4512.4418
12162,4512.4424
12163,4515.8963
12164,4515.8970
12165,4515.8980
12166,4515.8985
12167,4515.8995
12168,4515.9000
12169,4515.9009
12170,4515.9020
12171,4519.3805
12172,4519.3816
12173,4519.3821
12174,4519.3827
12175,4519.3832
12176,4519.3837
12177,4519.3842
12178,4519.3846
12179,4519.3856
12180,4519.3866
12181,4519.3870
12182,4519.3880
12183,4522.4722
12184,4522.4736
12185,4522.4743
12186,4522.4755
12187,4522.4777
12188,4522.4792
12189,4522.4806
12190,4522.4815
12191,4522.4827
12192,4522.4834
12193,4522.4857
12194,4525.7919
12195,4525.7956
12196,4525.7979
12197,4525.7994
12198,4525.8005
12199,4525.8014
12200,4525.8024
12201,4528.9560
12202,4528.9568
12203,4528.9577
12204,4528.9587
12205,4528.9597
12206,4528.9602
12207,4528.9611
12208,4528.9616
12209,4528.9621
12210,4528.9626
12211,4532.3171
12212,4532.3181
12213,4532.3191
12214,4532.3196
12215,4532.3206
12216,4532.3211
12217,4532.3216
12218,4532.3225
12219,4532.3230
12220,4532.3236
12221,4535.8209
12222,4535.8242
12223,4535.8255
12224,4535.8271
12225,4535.8281
12226,4535.8290
12227,4539.0058
12228,4539.0070
12229,4539.0075
12230,4539.0082
12231,4539.0087
12232,4539.0097
12233,4539.0117
12234,4539.0139
12235,4542.4262
12236,4542.4274
12237,4542.4279
12238,4542.4291
12239,4542.4300
12240,4542.4305
12241,4542.4315
12242,4545.6141
12243,4545.6152
12244,4545.6157
12245,4545.6167
12246,4545.6177
12247,4545.6181
12248,4545.6187
12249,4545.6192
12250,4545.6202
12251,4549.1323
12252,4549.1352
12253,4549.1370
12254,4549.1381
12255,4549.1387
12256,4549.1398
12257,4549.1409
12258,4549.1414
12259,4549.1426
12260,4552.4844
12261,4552.4876
12262,4552.4901
12263,4552.4910
12264,4552.4926
12265,4552.4935
12266,4555.9087
12267,4555.9099
12268,4555.9106
12269,4555.9114
12270,4555.9118
12271,4555.9126
12272,4555.9130
12273,4559.1853
12274,4559.1860
12275,4559.1865
12276,4559.1875
12277,4559.1879
12278,4559.1886
12279,4559.1890
12280,4559.1897
12281,4559.1901
12282,4559.1909
12283,4559.1913
12284,4562.2747
12285,4562.2754
12286,4562.2759
12287,4562.2764
12288,4561.7904
12289,4561.7910
12290,4561.7927
12291,4561.7932
12292,4561.7942
12293,4561.7949
12294,4561.7959
12295,4561.7966
12296,4564.8078
12297,4564.8086
12298,4564.8091
12299,4564.8096
12300,4564.8101
12301,4564.8112
12302,4564.8117
12303,4564.8122
12304,4564.8127
12305,4564.8132
12306,4564.8143
12307,4564.8152
12308,4564.8165
12309,4567.8704
12310,4567.8717
12311,4567.8722
12312,4567.8738
12313,4567.8743
12314,4567.8749
12315,4567.8759
12316,4571.0863
12317,4571.0869
12318,4571.0875
12319,4571.0885
12320,4571.0890
12321,4571.0896
12322,4571.0905
12323,4571.0915
12324,4571.0922
12325,4574.6147
12326,4574.6166
12327,4574.6173
12328,4574.6185
12329,4574.6203
12330,4574.6215
12331,4574.6229
12332,4577.9152
12333,4577.9159
12334,4577.9165
12335,4577.9175
12336,4577.9180
12337,4577.9189
12338,4577.9199
12339,4577.9205
12340,4577.9215
12341,4577.9220
12342,4581.1516
12343,4581.1527
12344,4581.1532
12345,4581.1638
12346,4581.1653
12347,4581.1667
12348,4581.1677
12349,4581.1683
12350,4581.1693
12351,4584.4961
12352,4584.4968
12353,4584.4974
12354,4584.4984
12355,4584.4989
12356,4584.4996
12357,4584.5001
12358,4584.5006
12359,4584.5011
12360,4584.5021
12361,4584.5025
12362,4584.5034
12363,4584.5044
12364,4587.5954
12365,4587.5982
12366,4587.5996
12367,4587.6009
12368,4587.6013
12369,4587.6027
12370,4587.6036
12371,4587.6045
12372,4587.6051
12373,4590.8866
12374,4590.8875
12375,4590.8888
12376,4590.8895
12377,4590.8910
12378,4590.8924
12379,4590.8936
12380,4590.8949
12381,4590.8970
12382,4590.8985
12383,4594.3753
12384,4594.3765
12385,4594.3779
12386,4594.3794
12387,4594.3803
12388,4594.3817
12389,4594.3831
12390,4594.3840
12391,4597.4981
12392,4597.4988
12393,4597.4994
12394,4597.5005
12395,4597.5017
12396,4597.5029
12397,4597.5039
12398,4597.5045
12399,4597.5050
12400,4597.5057
12401,4597.5062
12402,4597.5067
12403,4600.6047
12404,4600.6055
12405,4600.6061
12406,4600.6070
12407,4600.6076
12408,4600.6083
12409,4600.6092
12410,4600.6097
12411,4600.6106
12412,4600.6112
12413,4600.6118
12414,4600.6127
12415,4600.6133
12416,4600.6140
12417,4603.7358
12418,4603.7364
12419,4603.7374
12420,4603.7385
12421,4603.7396
12422,4603.7400
12423,4607.6500
12424,4607.6507
12425,4607.6512
12426,4607.6517
12427,4607.6527
12428,4607.6536
12429,4607.6548
12430,4607.6552
12431,4607.6562
12432,4610.9175
12433,4610.9204
12434,4610.9214
12435,4610.9223
12436,4610.9228
12437,4610.9238
12438,4610.9257
12439,4610.9268
12440,4610.9279
12441,4614.3557
12442,4614.3563
12443,4614.3568
12444,4614.3575
12445,4614.3584
12446,4614.3594
12447,4614.3603
12448,4614.3613
12449,4614.3618
12450,4617.5540
12451,4617.5547
12452,4617.5557
12453,4617.5568
12454,4617.5574
12455,4617.5585
12456,4617.5590
12457,4617.5595
12458,4617.5600
12459,4617.5609
12460,4621.0371
12461,4621.0386
12462,4621.0395
12463,4621.0405
12464,4621.0410
12465,4621.0415
12466,4621.0424
12467,4624.1057
12468,4624.1090
12469,4624.1118
12470,4624.1127
12471,4624.1146
12472,4624.1152
12473,4624.1159
12474,4624.1165
12475,4624.1177
12476,4624.1185
12477,4627.5266
12478,4627.5273
12479,4627.5278
12480,4627.5283
12481,4627.5288
12482,4627.5293
12483,4627.5302
12484,4627.5313
12485,4627.5322
12486,4627.5332
12487,4627.5336
12488,4627.5341
12489,4630.8150
12490,4630.8157
12491,4630.8161
12492,4630.8171
12493,4630.8176
12494,4630.8186
12495,4630.8191
12496,4630.8196
12497,4630.8205
12498,4633.8071
12499,4633.8087
12500,4633.8104
12501,4633.8124
12502,4633.8130
12503,4633.8142
12504,4633.8147
12505,4633.8168
12506,4633.8183
12507,4633.8190
12508,4637.1966
12509,4637.1993
12510,4637.2003
12511,4637.2008
12512,4637.2020
12513,4637.2025
12514,4640.5830
12515,4640.5852
12516,4640.5862
12517,4640.5867
12518,4640.5883
12519,4640.5892
12520,4640.5897
12521,4640.5904
12522,4643.7392
12523,4643.7420
12524,4643.7430
12525,4643.7441
12526,4643.7450
12527,4643.7455
12528,4643.7460
12529,4643.7465
12530,4646.9972
12531,4647.0003
12532,4647.0009
12533,4647.0014
12534,4647.0020
12535,4647.0030
12536,4647.0040
12537,4647.0050
12538,4647.0055
12539,4647.0059
12540,4650.5252
12541,4650.5265
12542,4650.5275
12543,4650.5288
12544,4650.0243
12545,4650.0259
12546,4653.2238
12547,4653.2245
12548,4653.2250
12549,4653.2262
12550,4653.2267
12551,4653.2279
12552,4653.2285
12553,4653.2290
12554,4653.2301
12555,4653.2311
12556,4653.2316
12557,4656.3498
12558,4656.3504
12559,4656.3519
12560,4656.3530
12561,4656.3535
12562,4656.3540
12563,4656.3549
12564,4656.3555
12565,4656.3566
12566,4656.3571
12567,4656.3576
12568,4659.5117
12569,4659.5124
12570,4659.5134
12571,4659.5139
12572,4659.5145
12573,4659.5162
12574,4659.5174
12575,4659.5184
12576,4659.5189
12577,4659.5195
12578,4662.9148
12579,4662.9157
12580,4662.9163
12581,4662.9168
12582,4662.9180
12583,4662.9186
12584,4662.9195
12585,4662.9205
12586,4662.9214
12587,4662.9219
12588,4666.2673
12589,4666.2679
12590,4666.2689
12591,4666.2699
12592,4666.2708
12593,4666.2719
12594,4669.4890
12595,4669.4901
12596,4669.4906
12597,4669.4913
12598,4669.4923
12599,4669.4928
12600,4669.4934
12601,4669.4939
12602,4669.4945
12603,4669.4951
12604,4669.4960
12605,4669.4965
12606,4672.8359
12607,4672.8378
12608,4672.8384
12609,4672.8391
12610,4672.8398
12611,4672.8406
12612,4672.8420
12613,4672.8430
12614,4676.0550
12615,4676.0571
12616,4676.0580
12617,4676.0588
12618,4676.0593
12619,4676.0600
12620,4676.0605
12621,4676.0614
12622,4676.0638
12623,4676.0643
12624,4679.4656
12625,4679.4668
12626,4679.4673
12627,4679.4678
12628,4679.4689
12629,4679.4700
12630,4679.4709
12631,4679.4714
12632,4682.8788
12633,4682.8805
12634,4682.8816
12635,4682.8843
12636,4682.8857
12637,4682.8862
12638,4682.8874
12639,4682.8895
12640,4686.0443
12641,4686.0450
12642,4686.0460
12643,4686.0469
12644,4686.0474
12645,4686.0479
12646,4686.0489
12647,4686.0494
12648,4686.0499
12649,4686.0511
12650,4686.0515
12651,4689.0559
12652,4689.0572
12653,4689.0582
12654,4689.0592
12655,4689.0597
12656,4689.0607
12657,4689.0616
12658,4692.1842
12659,4692.1853
12660,4692.1858
12661,4692.1867
12662,4692.1877
12663,4692.1882
12664,4692.1887
12665,4692.1897
12666,4695.4566
12667,4695.4578
12668,4695.4588
12669,4695.4595
12670,4695.4605
12671,4695.4622
12672,4695.4642
12673,4695.4648
12674,4695.4653
12675,4698.8269
12676,4698.8282
12677,4698.8290
12678,4698.8301
12679,4698.8315
12680,4698.8326
12681,4698.8355
12682,4698.8360
12683,4698.8374
12684,4698.8378
12685,4698.8383
12686,4698.8392
12687,4702.2936
12688,4702.2942
12689,4702.2959
12690,4702.2964
12691,4702.2973
12692,4702.2992
12693,4702.2997
12694,4702.3018
12695,4705.5593
12696,4705.5604
12697,4705.5614
12698,4705.5623
12699,4709.2822
12700,4709.2851
12701,4709.2866
12702,4709.2878
12703,4709.2903
12704,4709.2909
12705,4709.2923
12706,4709.2930
12707,4709.2938
12708,4709.2954
12709,4709.2959
12710,4709.2965
12711,4712.3744
12712,4712.3776
12713,4712.3794
12714,4712.3801
12715,4712.3825
12716,4712.3840
12717,4712.3846
12718,4715.4092
12719,4715.4097
12720,4715.4107
12721,4715.4112
12722,4715.4122
12723,4715.4127
12724,4715.4132
12725,4715.4141
12726,4715.4146
12727,4718.5112
12728,4718.5122
12729,4718.5127
12730,4718.5137
12731,4718.5141
12732,4718.5151
12733,4718.5156
12734,4718.5166
12735,4721.7982
12736,4721.8006
12737,4721.8013
12738,4721.8025
12739,4721.8033
12740,4721.8039
12741,4721.8044
12742,4721.8053
12743,4721.8065
12744,4721.8070
12745,4721.8074
12746,4721.8086
12747,4721.8099
12748,4721.8110
12749,4725.4363
12750,4725.4384
12751,4725.4391
12752,4725.4396
12753,4725.4408
12754,4725.4412
12755,4725.4417
12756,4725.4422
12757,4725.4427
12758,4725.4436
12759,4725.4441
12760,4725.4446
12761,4725.4455
12762,4725.4460
12763,4725.4469
12764,4725.4475
12765,4725.4480
12766,4728.5903
12767,4728.5913
12768,4728.5918
12769,4728.5940
12770,4728.5948
12771,4728.5957
12772,4728.5964
12773,4728.5982
12774,4728.6000
12775,4728.6004
12776,4732.0146
12777,4732.0157
12778,4732.0166
12779,4732.0170
12780,4732.0178
12781,4732.0184
12782,4732.0195
12783,4735.1959
12784,4735.1966
12785,4735.1975
12786,4735.1984
12787,4735.1995
12788,4735.2000
12789,4735.2012
12790,4735.2017
12791,4735.2023
12792,4738.4431
12793,4738.4442
12794,4738.4454
12795,4738.4463
12796,4738.4473
12797,4741.6156
12798,4741.6167
12799,4741.6173
12800,4741.1310
12801,4741.1318
12802,4741.1323
12803,4741.1329
12804,4741.1335
12805,4741.1341
12806,4741.1353
12807,4741.1359
12808,4741.1364
12809,4741.1370
12810,4741.1375
12811,4744.4568
12812,4744.4575
12813,4744.4582
12814,4744.4587
12815,4744.4598
12816,4744.4608
12817,4744.4613
12818,4744.4618
12819,4744.4629
12820,4744.4642
12821,4747.7444
12822,4747.7457
12823,4747.7462
12824,4747.7467
12825,4747.7480
12826,4747.7484
12827,4747.7493
12828,4747.7498
12829,4747.7507
12830,4751.2756
12831,4751.2766
12832,4751.2778
12833,4751.2783
12834,4751.2789
12835,4751.2793
12836,4751.2803
12837,4751.2808
12838,4751.2818
12839,4754.3378
12840,4754.3387
12841,4754.3391
12842,4754.3398
12843,4754.3403
12844,4754.3408
12845,4754.3412
12846,4754.3422
12847,4754.3436
12848,4757.6837
12849,4757.6843
12850,4757.6848
12851,4757.6853
12852,4757.6861
12853,4757.6867
12854,4757.6874
12855,4757.6888
12856,4757.6897
12857,4757.6905
12858,4761.0050
12859,4761.0059
12860,4761.0068
12861,4761.0076
12862,4761.0084
12863,4761.0091
12864,4764.1266
12865,4764.1273
12866,4764.1277
12867,4764.1281
12868,4764.1289
12869,4764.1294
12870,4764.1298
12871,4764.1307
12872,4764.1317
12873,4764.1322
12874,4764.1329
12875,4767.5615
12876,4767.5621
12877,4767.5627
12878,4767.5634
12879,4767.5646
12880,4767.5649
12881,4767.5657
12882,4767.5661
12883,4767.5669
12884,4770.9075
12885,4770.9084
12886,4770.9088
12887,4770.9092
12888,4770.9098
12889,4770.9107
12890,4770.9117
12891,4770.9125
12892,4770.9130
12893,4774.8827
12894,4774.8840
12895,4774.8845
12896,4774.8856
12897,4774.8865
12898,4774.8870
12899,4778.5250
12900,4778.5255
12901,4778.5264
12902,4778.5268
12903,4778.5275
12904,4778.5284
12905,4778.5292
12906,4778.5296
12907,4778.5300
12908,4778.5306
12909,4782.1160
12910,4782.1166
12911,4782.1170
12912,4782.1176
12913,4782.1185
12914,4782.1190
12915,4782.1198
12916,4782.1202
12917,4782.1210
12918,4782.1214
12919,4785.2280
12920,4785.2289
12921,4785.2299
12922,4785.2303
12923,4785.2308
12924,4785.2316
12925,4785.2324
12926,4788.3884
12927,4788.3891
12928,4788.3901
12929,4788.3911
12930,4788.3916
12931,4788.3926
12932,4788.3937
12933,4788.3941
12934,4788.3947
12935,4791.6093
12936,4791.6102
12937,4791.6113
12938,4791.6122
12939,4791.6132
12940,4791.6142
12941,4791.6151
12942,4795.3588
12943,4795.3594
12944,4795.3604
12945,4795.3613
12946,4795.3618
12947,4795.3623
12948,4795.3628
12949,4795.3633
12950,4795.3642
12951,4795.3652
12952,4795.3657
12953,4795.3661
12954,4799.0307
12955,4799.0313
12956,4799.0324
12957,4799.0328
12958,4799.0333
12959,4799.0337
12960,4799.0341
12961,4799.0346
12962,4799.0350
12963,4799.0355
12964,4799.0359
12965,4799.0363
12966,4799.0367
12967,4799.0375
12968,4799.0378
12969,4799.0387
12970,4802.3963
12971,4802.3970
12972,4802.3975
12973,4802.3980
12974,4802.3996
12975,4802.4005
12976,4802.4012
12977,4802.4021
12978,4802.4026
12979,4802.4037
12980,4805.8424
12981,4805.8430
12982,4805.8437
12983,4805.8442
12984,4805.8456
12985,4805.8460
12986,4805.8466
12987,4805.8474
12988,4805.8482
12989,4805.8486
12990,4805.8489
12991,4809.1074
12992,4809.1082
12993,4809.1087
12994,4809.1096
12995,4809.1108
12996,4809.1114
12997,4809.1124
12998,4809.1135
12999,4812.7834
13000,4812.7843
13001,4812.7862
13002,4812.7869
13003,4812.7877
13004,4812.7890
13005,4812.7898
13006,4812.7906
13007,4812.7920
13008,4812.7938
13009,4815.9876
13010,4815.9890
13011,4815.9898
13012,4815.9905
13013,4815.9916
13014,4815.9923
13015,4815.9929
13016,4815.9936
13017,4815.9944
13018,4815.9951
13019,4815.9962
13020,4815.9971
13021,4815.9984
13022,4815.9991
13023,4819.4344
13024,4819.4358
13025,4819.4366
13026,4819.4374
13027,4819.4385
13028,4819.4399
13029,4819.4411
13030,4819.4418
13031,4822.6784
13032,4822.6814
13033,4822.6828
13034,4822.6832
13035,4822.6837
13036,4822.6844
13037,4822.6854
13038,4822.6864
13039,4822.6869
13040,4826.0666
13041,4826.0684
13042,4826.0698
13043,4826.0706
13044,4826.0716
13045,4826.0725
13046,4826.0733
13047,4826.0742
13048,4826.0750
13049,4826.0765
13050,4826.0774
13051,4826.0783
13052,4826.0797
13053,4826.0806
13054,4826.0813
13055,4826.0821
13056,4828.8486
13057,4828.8499
13058,4828.8505
13059,4828.8515
13060,4828.8520
13061,4828.8524
13062,4828.8529
13063,4828.8535
13064,4828.8540
13065,4828.8550
13066,4828.8554
13067,4828.8564
13068,4832.5344
13069,4832.5352
13070,4832.5361
13071,4832.5368
13072,4832.5374
13073,4832.5379
13074,4832.5390
13075,4832.5402
13076,4832.5413
13077,4835.5953
13078,4835.5966
13079,4835.5972
13080,4835.5982
13081,4835.5992
13082,4835.5997
13083,4835.6008
13084,4835.6013
13085,4835.6022
13086,4838.7475
13087,4838.7483
13088,4838.7489
13089,4838.7494
13090,4838.7500
13091,4838.7509
13092,4838.7514
13093,4838.7524
13094,4838.7535
13095,4838.7544
13096,4842.1634
13097,4842.1646
13098,4842.1656
13099,4842.1661
13100,4842.1672
13101,4845.5037
13102,4845.5048
13103,4845.5053
13104,4845.5059
13105,4845.5070
13106,4845.5086
13107,4845.5096
13108,4845.5101
13109,4845.5107
13110,4848.7435
13111,4848.7448
13112,4848.7454
13113,4848.7464
13114,4848.7474
13115,4848.7479
13116,4848.7488
13117,4848.7493
13118,4848.7499
13119,4851.8900
13120,4851.8912
13121,4851.8922
13122,4851.8934
13123,4851.8947
13124,4851.8957
13125,4855.2457
13126,4855.2469
13127,4855.2478
13128,4855.2489
13129,4855.2494
13130,4855.2501
13131,4855.2510
13132,4855.2523
13133,4858.7479
13134,4858.7490
13135,4858.7499
13136,4858.7505
13137,4858.7510
13138,4858.7520
13139,4858.7524
13140,4858.7533
13141,4861.8844
13142,4861.8860
13143,4861.8874
13144,4861.8888
13145,4861.8895
13146,4861.8903
13147,4861.8910
13148,4861.8919
13149,4861.8932
13150,4865.1531
13151,4865.1542
13152,4865.1552
13153,4865.1558
13154,4865.1563
13155,4865.1572
13156,4865.1585
13157,4865.1590
13158,4865.1595
13159,4865.1601
13160,4865.1606
13161,4865.1613
13162,4869.2875
13163,4869.2897
13164,4869.2905
13165,4869.2922
13166,4869.2939
13167,4869.2948
13168,4869.2957
13169,4869.2970
13170,4871.8469
13171,4871.8485
13172,4871.8501
13173,4871.8518
13174,4871.8526
13175,4871.8536
13176,4875.4209
13177,4875.4234
13178,4875.4240
13179,4875.4250
13180,4875.4261
13181,4875.4267
13182,4875.4272
13183,4875.4278
13184,4875.4284
13185,4875.4290
13186,4875.4300
13187,4875.4305
13188,4875.4312
13189,4878.9263
13190,4878.9287
13191,4878.9292
13192,4878.9298
13193,4878.9309
13194,4878.9321
13195,4878.9330
13196,4878.9337
13197,4878.9341
13198,4878.9346
13199,4878.9350
13200,4878.9356
13201,4878.9362
13202,4882.5732
13203,4882.5739
13204,4882.5745
13205,4882.5755
13206,4882.5759
13207,4882.5764
13208,4882.5773
13209,4882.5778
13210,4882.5787
13211,4885.7059
13212,4885.7070
13213,4885.7080
13214,4885.7089
13215,4885.7101
13216,4888.8914
13217,4888.8929
13218,4888.8944
13219,4888.8952
13220,4888.8967
13221,4888.8982
13222,4888.8989
13223,4892.0369
13224,4892.0376
13225,4892.0387
13226,4892.0398
13227,4892.0403
13228,4892.0414
13229,4892.0419
13230,4892.0425
13231,4892.0434
13232,4892.0439
13233,4892.0448
13234,4895.1376
13235,4895.1385
13236,4895.1396
13237,4895.1406
13238,4895.1416
13239,4895.1425
13240,4895.1430
13241,4895.1439
13242,4898.3177
13243,4898.3183
13244,4898.3189
13245,4898.3194
13246,4898.3204
13247,4898.3214
13248,4898.3228
13249,4898.3239
13250,4898.3244
13251,4898.3248
13252,4898.3258
13253,4901.5926
13254,4901.5936
13255,4901.5949
13256,4901.5959
13257,4901.5980
13258,4901.5989
13259,4901.5997
13260,4901.6004
13261,4901.6011
13262,4901.6026
13263,4901.6039
13264,4904.8838
13265,4904.8851
13266,4904.8860
13267,4904.8869
13268,4904.8875
13269,4904.8879
13270,4904.8884
13271,4904.8889
13272,4904.8894
13273,4908.4241
13274,4908.4255
13275,4908.4260
13276,4908.4265
13277,4908.4270
13278,4908.4275
13279,4908.4280
13280,4908.4285
13281,4908.4290
13282,4908.4295
13283,4908.4299
13284,4908.4309
13285,4908.4313
13286,4908.4318
13287,4908.4323
13288,4908.4327
13289,4911.5864
13290,4911.5891
13291,4911.5896
13292,4911.5908
13293,4911.5913
13294,4911.5923
13295,4911.5942
13296,4911.5947
13297,4911.5953
13298,4914.8695
13299,4914.8701
13300,4914.8706
13301,4914.8712
13302,4914.8722
13303,4914.8726
13304,4914.8737
13305,4914.8742
13306,4914.8746
13307,4914.8751
13308,4914.8763
13309,4914.8773
13310,4918.3051
13311,4918.3063
13312,4917.8245
13313,4917.8256
13314,4917.8270
13315,4917.8277
13316,4917.8283
13317,4917.8294
13318,4917.8300
13319,4917.8305
13320,4917.8309
13321,4917.8314
13322,4921.2380
13323,4921.2392
13324,4921.2405
13325,4921.2410
13326,4921.2416
13327,4921.2428
13328,4921.2433
13329,4921.2444
13330,4921.2449
13331,4921.2454
13332,4921.2467
13333,4921.2471
13334,4921.2476
13335,4924.7080
13336,4924.7088
13337,4924.7093
13338,4924.7098
13339,4924.7109
13340,4924.7114
13341,4924.7124
13342,4924.7133
13343,4924.7138
13344,4924.7149
13345,4927.9739
13346,4927.9745
13347,4927.9749
13348,4927.9756
13349,4927.9760
13350,4927.9769
13351,4927.9773
13352,4927.9779
13353,4927.9786
13354,4927.9790
13355,4927.9794
13356,4927.9799
13357,4931.0830
13358,4931.0842
13359,4931.0852
13360,4931.0857
13361,4931.0868
13362,4931.0874
13363,4931.0879
13364,4931.0888
13365,4934.3213
13366,4934.3225
13367,4934.3235
13368,4934.3240
13369,4934.3246
13370,4934.3257
13371,4934.3263
13372,4934.3269
13373,4934.3278
13374,4934.3283
13375,4937.6596
13376,4937.6603
13377,4937.6609
13378,4937.6619
13379,4937.6635
13380,4937.6645
13381,4937.6660
13382,4937.6670
13383,4941.6153
13384,4941.6169
13385,4941.6177
13386,4941.6185
13387,4941.6195
13388,4941.6201
13389,4941.6207
13390,4941.6217
13391,4941.6223
13392,4941.6228
13393,4944.6741
13394,4944.6748
13395,4944.6760
13396,4944.6771
13397,4944.6775
13398,4944.6785
13399,4944.6794
13400,4944.6799
13401,4947.8377
13402,4947.8383
13403,4947.8389
13404,4947.8396
13405,4947.8405
13406,4947.8410
13407,4947.8421
13408,4947.8426
13409,4947.8433
13410,4947.8443
13411,4947.8447
13412,4951.1473
13413,4951.1481
13414,4951.1487
13415,4951.1492
13416,4951.1502
13417,4951.1507
13418,4951.1513
13419,4951.1520
13420,4951.1525
13421,4951.1531
13422,4951.1536
13423,4951.1548
13424,4951.1553
13425,4951.1566
13426,4951.1570
13427,4951.1576
13428,4951.1582
13429,4951.1586
13430,4954.5914
13431,4954.5928
13432,4954.5934
13433,4954.5944
13434,4954.5953
13435,4954.5958
13436,4954.5963
13437,4954.5969
13438,4954.5979
13439,4957.8963
13440,4957.8980
13441,4957.8987
13442,4957.9000
13443,4957.9009
13444,4957.9024
13445,4957.9042
13446,4961.0683
13447,4961.0690
13448,4961.0701
13449,4961.0706
13450,4961.0712
13451,4961.0717
13452,4961.0723
13453,4961.0727
13454,4961.0739
13455,4961.0744
13456,4961.0753
13457,4961.0758
13458,4961.0763
13459,4964.5403
13460,4964.5409
13461,4964.5414
13462,4964.5423
13463,4964.5429
13464,4964.5436
13465,4964.5445
13466,4964.5456
13467,4964.5465
13468,4964.5471
13469,4968.1084
13470,4968.1091
13471,4968.1103
13472,4968.1109
13473,4968.1117
13474,4968.1125
13475,4968.1130
13476,4968.1138
13477,4971.4293
13478,4971.4320
13479,4971.4339
13480,4971.4348
13481,4971.4360
13482,4971.4369
13483,4971.4374
13484,4971.4383
13485,4974.7869
13486,4974.7895
13487,4974.7912
13488,4974.7928
13489,4974.7933
13490,4974.7938
13491,4974.7943
13492,4978.6597
13493,4978.6625
13494,4978.6630
13495,4978.6656
13496,4978.6661
13497,4978.6666
13498,4978.6676
13499,4978.6687
13500,4986.5356
13501,4986.5368
13502,4986.5373
13503,4986.5378
13504,4986.5390
13505,4986.5399
13506,4986.5408
13507,4989.8874
13508,4989.8885
13509,4989.8891
13510,4989.8901
13511,4989.8910
13512,4989.8920
13513,4989.8930
13514,4989.8934
13515,4993.4754
13516,4993.4765
13517,4993.4773
13518,4993.4781
13519,4993.4795
13520,4993.4803
13521,4993.4810
13522,4993.4817
13523,4993.4830
13524,4993.4844
13525,4993.4852
13526,4993.4861
13527,4993.4869
13528,4993.4876
13529,4996.5132
13530,4996.5139
13531,4996.5145
13532,4996.5159
13533,4996.5170
13534,4996.5175
13535,4996.5185
13536,4996.5191
13537,4996.5202
13538,4999.8420
13539,4999.8428
13540,4999.8436
13541,4999.8444
13542,4999.8448
13543,4999.8452
13544,4999.8456
13545,4999.8461
13546,4999.8465
13547,4999.8469
13548,4999.8474
13549,4999.8482
13550,5002.9211
13551,5002.9220
13552,5002.9228
13553,5002.9236
13554,5002.9239
13555,5002.9247
13556,5006.1009
13557,5006.1014
13558,5006.1019
13559,5006.1027
13560,5006.1030
13561,5006.1035
13562,5006.1043
13563,5006.1053
13564,5006.1060
13565,5009.4494
13566,5009.4503
13567,5009.4511
13568,5008.9438
13569,5008.9443
13570,5008.9454
13571,5008.9464
13572,5012.2880
13573,5012.2885
13574,5012.2896
13575,5012.2907
13576,5012.2915
13577,5012.2919
13578,5012.2925
13579,5012.2930
13580,5015.4015
13581,5015.4027
13582,5015.4032
13583,5015.4041
13584,5018.4134
13585,5018.4145
13586,5018.4151
13587,5018.4161
13588,5018.4170
13589,5018.4180
13590,5021.6410
13591,5021.6417
13592,5021.6422
13593,5021.6432
13594,5021.6436
13595,5021.6446
13596,5021.6454
13597,5021.6458
13598,5021.6464
13599,5021.6469
13600,5021.6472
13601,5024.7565
13602,5024.7571
13603,5024.7581
13604,5024.7589
13605,5024.7597
13606,5024.7601
13607,5024.7605
13608,5024.7610
13609,5024.7615
13610,5024.7623
13611,5024.7627
13612,5028.3895
13613,5028.3907
13614,5028.3917
13615,5028.3926
13616,5028.3936
13617,5028.3945
13618,5031.9092
13619,5031.9103
13620,5031.9113
13621,5031.9122
13622,5031.9134
13623,5031.9139
13624,5031.9145
13625,5035.2785
13626,5035.2796
13627,5035.2807
13628,5035.2812
13629,5035.2818
13630,5035.2824
13631,5035.2833
13632,5035.2838
13633,5035.2847
13634,5038.6386
13635,5038.6392
13636,5038.6400
13637,5038.6408
13638,5038.6412
13639,5038.6416
13640,5038.6426
13641,5038.6430
13642,5038.6434
13643,5038.6439
13644,5038.6448
13645,5041.7986
13646,5041.7996
13647,5041.8000
13648,5041.8008
13649,5041.8018
13650,5041.8024
13651,5041.8031
13652,5041.8035
13653,5041.8040
13654,5041.8050
13655,5041.8055
13656,5044.9772
13657,5044.9782
13658,5044.9788
13659,5044.9799
13660,5044.9806
13661,5044.9819
13662,5044.9830
13663,5044.9845
13664,5048.1639
13665,5048.1649
13666,5048.1657
13667,5048.1665
13668,5048.1671
13669,5048.1676
13670,5051.7788
13671,5051.7795
13672,5051.7801
13673,5051.7811
13674,5051.7818
13675,5051.7823
13676,5051.7829
13677,5051.7836
13678,5051.7840
13679,5054.9984
13680,5054.9991
13681,5054.9997
13682,5055.0006
13683,5055.0016
13684,5055.0027
13685,5055.0037
13686,5058.2731
13687,5058.2738
13688,5058.2744
13689,5058.2754
13690,5058.2758
13691,5058.2768
13692,5058.2777
13693,5058.2782
13694,5058.2788
13695,5058.2801
13696,5061.3717
13697,5061.3724
13698,5061.3731
13699,5061.3737
13700,5061.3750
13701,5061.3760
13702,5061.3767
13703,5061.3776
13704,5061.3787
13705,5061.3792
13706,5064.5549
13707,5064.5556
13708,5064.5565
13709,5064.5575
13710,5064.5580
13711,5064.5591
13712,5064.5596
13713,5064.5605
13714,5064.5610
13715,5064.5615
13716,5068.0035
13717,5068.0042
13718,5068.0054
13719,5068.0064
13720,5068.0068
13721,5068.0073
13722,5068.0082
13723,5068.0092
13724,5068.0097
13725,5071.3646
13726,5071.3653
13727,5071.3658
13728,5071.3664
13729,5071.3674
13730,5071.3683
13731,5071.3694
13732,5071.3705
13733,5074.6805
13734,5074.6828
13735,5074.6837
13736,5074.6854
13737,5074.6863
13738,5074.6878
13739,5074.6886
13740,5074.6893
13741,5074.6906
13742,5074.6916
13743,5078.1923
13744,5078.1948
13745,5078.1953
13746,5078.1968
13747,5078.1984
13748,5078.1996
13749,5078.2006
13750,5078.2015
13751,5081.5554
13752,5081.5565
13753,5081.5574
13754,5081.5580
13755,5081.5584
13756,5081.5589
13757,5081.5598
13758,5081.5603
13759,5081.5609
13760,5081.5614
13761,5081.5620
13762,5081.5625
13763,5081.5631
13764,5085.3221
13765,5085.3252
13766,5085.3277
13767,5085.3283
13768,5085.3292
13769,5085.3304
13770,5085.3310
13771,5085.3325
13772,5088.4958
13773,5088.4971
13774,5088.4981
13775,5088.4986
13776,5088.4991
13777,5088.4996
13778,5088.5008
13779,5088.5018
13780,5088.5022
13781,5088.5033
13782,5088.5043
13783,5091.5421
13784,5091.5428
13785,5091.5445
13786,5091.5455
13787,5091.5466
13788,5091.5481
13789,5091.5490
13790,5094.7777
13791,5094.7788
13792,5094.7793
13793,5094.7803
13794,5094.7808
13795,5094.7817
13796,5094.7826
13797,5094.7831
13798,5097.9843
13799,5097.9854
13800,5097.9859
13801,5097.9869
13802,5097.9880
13803,5097.9890
13804,5097.9895
13805,5097.9900
13806,5101.5327
13807,5101.5341
13808,5101.5346
13809,5101.5353
13810,5101.5368
13811,5101.5378
13812,5101.5388
13813,5101.5393
13814,5101.5398
13815,5101.5403
13816,5101.5409
13817,5104.4269
13818,5104.4289
13819,5104.4301
13820,5104.4310
13821,5104.4322
13822,5104.4331
13823,5104.4348
13824,5103.9414
13825,5107.2546
13826,5107.2554
13827,5107.2559
13828,5107.2564
13829,5107.2577
13830,5107.2589
13831,5107.2600
13832,5107.2610
13833,5110.6683
13834,5110.6695
13835,5110.6700
13836,5110.6715
13837,5110.6725
13838,5110.6731
13839,5110.6736
13840,5110.6747
13841,5110.6752
13842,5114.1505
13843,5114.1512
13844,5114.1517
13845,5114.1527
13846,5114.1537
13847,5114.1548
13848,5114.1558
13849,5117.2763
13850,5117.2788
13851,5117.2797
13852,5117.2822
13853,5117.2845
13854,5120.8093
13855,5120.8102
13856,5120.8113
13857,5120.8118
13858,5120.8127
13859,5120.8132
13860,5120.8139
13861,5120.8145
13862,5120.8154
13863,5124.3078
13864,5124.3085
13865,5124.3094
13866,5124.3099
13867,5124.3104
13868,5124.3109
13869,5124.3119
13870,5124.3124
13871,5124.3130
13872,5124.3136
13873,5124.3142
13874,5124.3156
13875,5124.3162
13876,5124.3168
13877,5127.7752
13878,5127.7764
13879,5127.7768
13880,5127.7779
13881,5127.7791
13882,5127.7798
13883,5127.7803
13884,5127.7815
13885,5130.8708
13886,5130.8716
13887,5130.8726
13888,5130.8732
13889,5130.8741
13890,5130.8751
13891,5130.8756
13892,5130.8766
13893,5130.8770
13894,5130.8776
13895,5134.1010
13896,5134.1016
13897,5134.1022
13898,5134.1032
13899,5134.1036
13900,5134.1044
13901,5134.1050
13902,5134.1059
13903,5134.1064
13904,5134.1070
13905,5134.1076
13906,5134.1085
13907,5134.1092
13908,5137.2821
13909,5137.2846
13910,5137.2853
13911,5137.2865
13912,5137.2874
13913,5137.2885
13914,5137.2898
13915,5137.2907
13916,5137.2916
13917,5137.2921
13918,5137.2926
13919,5140.3658
13920,5140.3664
13921,5140.3676
13922,5140.3686
13923,5140.3690
13924,5140.3696
13925,5140.3702
13926,5140.3711
13927,5140.3721
13928,5144.0169
13929,5144.0179
13930,5144.0189
13931,5144.0199
13932,5144.0204
13933,5144.0213
13934,5144.0218
13935,5147.0047
13936,5147.0058
13937,5147.0063
13938,5147.0072
13939,5147.0082
13940,5147.0087
13941,5147.0097
13942,5150.4165
13943,5150.4187
13944,5150.4194
13945,5150.4204
13946,5150.4221
13947,5150.4226
13948,5150.4257
13949,5150.4261
13950,5150.4272
13951,5150.4284
13952,5153.9186
13953,5153.9193
13954,5153.9199
13955,5153.9209
13956,5153.9216
13957,5153.9222
13958,5153.9228
13959,5153.9233
13960,5153.9242
13961,5153.9247
13962,5156.9243
13963,5156.9254
13964,5156.9265
13965,5156.9274
13966,5156.9283
13967,5160.1017
13968,5160.1036
13969,5160.1045
13970,5160.1050
13971,5160.1070
13972,5160.1074
13973,5160.1093
13974,5163.3178
13975,5163.3185
13976,5163.3203
13977,5163.3216
13978,5163.3226
13979,5163.3235
13980,5166.5999
13981,5166.6013
13982,5166.6023
13983,5166.6028
13984,5166.6034
13985,5166.6047
13986,5166.6062
13987,5166.6070
13988,5166.6078
13989,5166.6085
13990,5166.6094
13991,5166.6099
13992,5169.7045
13993,5169.7051
13994,5169.7063
13995,5169.7067
13996,5169.7072
13997,5169.7082
13998,5169.7087
13999,5169.7097
14000,5169.7102
14001,5169.7107
14002,5172.9786
14003,5172.9792
14004,5172.9802
14005,5172.9807
14006,5172.9817
14007,5172.9828
14008,5172.9834
14009,5172.9839
14010,5172.9843
14011,5172.9849
14012,5172.9855
14013,5172.9860
14014,5176.0786
14015,5176.0798
14016,5176.0809
14017,5176.0814
14018,5176.0823
14019,5176.0841
14020,5179.0939
14021,5179.0959
14022,5179.0969
14023,5179.0980
14024,5179.0995
14025,5179.1010
14026,5179.1028
14027,5179.1040
14028,5179.1047
14029,5179.1054
14030,5179.1060
14031,5182.1540
14032,5182.1550
14033,5182.1574
14034,5182.1584
14035,5182.1592
14036,5182.1603
14037,5182.1608
14038,5182.1618
14039,5185.4258
14040,5185.4280
14041,5185.4285
14042,5185.4301
14043,5185.4313
14044,5185.4326
14045,5185.4331
14046,5185.4336
14047,5185.4345
14048,5189.0588
14049,5189.0594
14050,5189.0604
14051,5189.0614
14052,5189.0624
14053,5189.0629
14054,5192.3735
14055,5192.3750
14056,5192.3755
14057,5192.3761
14058,5192.3766
14059,5192.3776
14060,5192.3789
14061,5192.3798
14062,5195.9879
14063,5195.9886
14064,5195.9897
14065,5195.9902
14066,5195.9911
14067,5195.9921
14068,5195.9931
14069,5199.2199
14070,5199.2211
14071,5199.2219
14072,5199.2228
14073,5199.2248
14074,5199.2257
14075,5199.2271
14076,5199.2288
14077,5199.2296
14078,5199.2304
14079,5199.2311
14080,5201.9505
14081,5201.9527
14082,5201.9549
14083,5201.9567
14084,5201.9590
14085,5201.9595
14086,5201.9623
14087,5201.9629
14088,5201.9643
14089,5205.4417
14090,5205.4426
14091,5205.4438
14092,5205.4449
14093,5205.4461
14094,5205.4468
14095,5205.4478
14096,5208.5837
14097,5208.5849
14098,5208.5855
14099,5208.5860
14100,5208.5866
14101,5208.5875
14102,5208.5880
14103,5208.5885
14104,5208.5894
14105,5208.5909
14106,5208.5915
14107,5212.1852
14108,5212.1864
14109,5212.1873
14110,5212.1878
14111,5212.1887
14112,5212.1893
14113,5212.1899
14114,5212.1914
14115,5215.5995
14116,5215.6008
14117,5215.6013
14118,5215.6019
14119,5215.6026
14120,5215.6032
14121,5215.6038
14122,5215.6043
14123,5215.6052
14124,5215.6063
14125,5215.6075
14126,5215.6086
14127,5218.7018
14128,5218.7025
14129,5218.7036
14130,5218.7041
14131,5218.7047
14132,5218.7054
14133,5218.7063
14134,5218.7076
14135,5218.7092
14136,5221.9584
14137,5221.9595
14138,5221.9601
14139,5221.9605
14140,5221.9612
14141,5221.9618
14142,5221.9628
14143,5221.9632
14144,5221.9642
14145,5225.5346
14146,5225.5357
14147,5225.5362
14148,5225.5368
14149,5225.5374
14150,5225.5384
14151,5225.5399
14152,5225.5404
14153,5225.5410
14154,5228.7544
14155,5228.7549
14156,5228.7559
14157,5228.7564
14158,5228.7568
14159,5228.7573
14160,5228.7578
14161,5228.7587
14162,5228.7592
14163,5228.7597
14164,5228.7608
14165,5228.7618
14166,5232.1127
14167,5232.1133
14168,5232.1139
14169,5232.1144
14170,5232.1153
14171,5232.1157
14172,5232.1163
14173,5232.1168
14174,5232.1177
14175,5232.1181
14176,5232.1190
14177,5232.1199
14178,5232.1203
14179,5232.1207
14180,5235.5915
14181,5235.5922
14182,5235.5933
14183,5235.5941
14184,5235.5945
14185,5235.5950
14186,5235.5955
14187,5235.5962
14188,5235.5966
14189,5235.5974
14190,5235.5978
14191,5235.5982
14192,5239.0004
14193,5239.0013
14194,5239.0022
14195,5239.0030
14196,5239.0039
14197,5239.0046
14198,5242.2498
14199,5242.2504
14200,5242.2509
14201,5242.2514
14202,5242.2520
14203,5242.2525
14204,5242.2533
14205,5242.2542
14206,5242.2547
14207,5242.2554
14208,5242.2558
14209,5242.2566
14210,5245.6484
14211,5245.6493
14212,5245.6498
14213,5245.6502
14214,5245.6506
14215,5245.6509
14216,5245.6517
14217,5245.6525
14218,5245.6535
14219,5245.6539
14220,5248.7987
14221,5248.7992
14222,5248.7996
14223,5248.8004
14224,5248.8007
14225,5248.8015
14226,5248.8019
14227,5248.8023
14228,5248.8031
14229,5248.8034
14230,5248.8042
14231,5248.8046
14232,5252.1155
14233,5252.1164
14234,5252.1172
14235,5252.1180
14236,5252.1191
14237,5252.1194
14238,5252.1202
14239,5252.1206
14240,5255.8151
14241,5255.8158
14242,5255.8167
14243,5255.8171
14244,5255.8176
14245,5255.8183
14246,5255.8192
14247,5258.9406
14248,5258.9422
14249,5258.9427
14250,5258.9435
14251,5258.9443
14252,5258.9451
14253,5258.9456
14254,5258.9460
14255,5262.5019
14256,5262.5026
14257,5262.5030
14258,5262.5038
14259,5262.5043
14260,5262.5056
14261,5262.5060
14262,5262.5068
14263,5262.5076
14264,5262.5082
14265,5265.7421
14266,5265.7431
14267,5265.7442
14268,5265.7448
14269,5265.7453
14270,5265.7462
14271,5265.7467
14272,5265.7477
14273,5265.7486
14274,5268.9399
14275,5268.9408
14276,5268.9414
14277,5268.9420
14278,5268.9430
14279,5268.9434
14280,5268.9445
14281,5268.9455
14282,5268.9465
14283,5268.9470
14284,5268.9477
14285,5272.2939
14286,5272.2946
14287,5272.2951
14288,5272.2955
14289,5272.2960
14290,5272.2964
14291,5272.2972
14292,5272.2975
14293,5272.2985
14294,5272.2989
14295,5272.2998
14296,5272.3002
14297,5272.3010
14298,5272.3014
14299,5272.3018
14300,5275.3145
14301,5275.3156
14302,5275.3161
14303,5275.3170
14304,5275.3174
14305,5275.3182
14306,5275.3190
14307,5275.3194
14308,5275.3198
14309,5278.4726
14310,5278.4740
14311,5278.4744
14312,5278.4750
14313,5278.4758
14314,5278.4762
14315,5278.4766
14316,5278.4774
14317,5278.4778
14318,5278.4785
14319,5281.7757
14320,5281.7765
14321,5281.7773
14322,5281.7781
14323,5281.7786
14324,5281.7790
14325,5281.7794
14326,5281.7801
14327,5281.7805
14328,5281.7810
14329,5281.7814
14330,5281.7822
14331,5281.7829
14332,5285.1240
14333,5285.1250
14334,5285.1259
14335,5285.1269
14336,5284.6393
14337,5284.6404
14338,5284.6413
14339,5284.6424
14340,5288.0869
14341,5288.0875
14342,5288.0880
14343,5288.0884
14344,5288.0889
14345,5288.0893
14346,5288.0903
14347,5288.0911
14348,5288.0919
14349,5288.0924
14350,5288.0928
14351,5291.4924
14352,5291.4938
14353,5291.4949
14354,5291.4959
14355,5291.4970
14356,5291.4975
14357,5294.7906
14358,5294.7914
14359,5294.7925
14360,5294.7929
14361,5294.7937
14362,5294.7941
14363,5294.7946
14364,5294.7952
14365,5294.7959
14366,5294.7964
14367,5294.7973
14368,5298.0514
14369,5298.0525
14370,5298.0535
14371,5298.0542
14372,5298.0552
14373,5298.0560
14374,5298.0568
14375,5298.0572
14376,5301.7419
14377,5301.7426
14378,5301.7432
14379,5301.7438
14380,5301.7443
14381,5301.7451
14382,5301.7460
14383,5301.7464
14384,5301.7469
14385,5301.7473
14386,5301.7483
14387,5301.7492
14388,5301.7502
14389,5301.7507
14390,5305.1196
14391,5305.1211
14392,5305.1219
14393,5305.1226
14394,5305.1231
14395,5305.1243
14396,5305.1256
14397,5305.1263
14398,5305.1269
14399,5305.1278
14400,5305.1284
14401,5308.0031
14402,5308.0037
14403,5308.0048
14404,5308.0053
14405,5308.0060
14406,5308.0069
14407,5308.0079
14408,5308.0089
14409,5308.0094
14410,5308.0099
14411,5311.2038
14412,5311.2051
14413,5311.2061
14414,5311.2070
14415,5311.2076
14416,5311.2087
14417,5311.2097
14418,5314.5978
14419,5314.5989
14420,5314.5999
14421,5314.6005
14422,5314.6016
14423,5314.6026
14424,5314.6035
14425,5317.7972
14426,5317.7984
14427,5317.7989
14428,5317.7996
14429,5317.8002
14430,5317.8011
14431,5317.8017
14432,5317.8031
14433,5317.8037
14434,5317.8048
14435,5321.5307
14436,5321.5315
14437,5321.5321
14438,5321.5331
14439,5321.5337
14440,5321.5347
14441,5321.5352
14442,5321.5357
14443,5324.7247
14444,5324.7264
14445,5324.7273
14446,5324.7279
14447,5324.7289
14448,5324.7304
14449,5324.7309
14450,5324.7319
14451,5324.7323
14452,5324.7333
14453,5324.7338
14454,5324.7347
14455,5324.7352
14456,5324.7357
14457,5328.2845
14458,5328.2871
14459,5328.2896
14460,5328.2911
14461,5328.2920
14462,5328.2935
14463,5328.2940
14464,5328.2950
14465,5331.7237
14466,5331.7248
14467,5331.7253
14468,5331.7262
14469,5331.7267
14470,5331.7276
14471,5331.7285
14472,5331.7289
14473,5334.8656
14474,5334.8672
14475,5334.8681
14476,5334.8686
14477,5334.8696
14478,5334.8700
14479,5334.8709
14480,5334.8714
14481,5334.8723
14482,5334.8732
14483,5334.8737
14484,5334.8742
14485,5334.8746
14486,5334.8751
14487,5334.8755
14488,5337.8994
14489,5337.9005
14490,5337.9010
14491,5337.9015
14492,5337.9024
14493,5337.9029
14494,5337.9038
14495,5337.9043
14496,5337.9052
14497,5337.9057
14498,5337.9062
14499,5341.1928
14500,5341.1937
14501,5341.1942
14502,5341.1947
14503,5341.1956
14504,5341.1966
14505,5341.1971
14506,5341.1983
14507,5341.1987
14508,5341.1993
14509,5341.2003
14510,5344.5167
14511,5344.5178
14512,5344.5190
14513,5344.5199
14514,5344.5206
14515,5344.5216
14516,5344.5225
14517,5348.0637
14518,5348.0644
14519,5348.0653
14520,5348.0664
14521,5348.0673
14522,5348.0679
14523,5348.0684
14524,5348.0689
14525,5348.0695
14526,5348.0704
14527,5348.0710
14528,5351.5186
14529,5351.5202
14530,5351.5221
14531,5351.5232
14532,5351.5240
14533,5351.5250
14534,5351.5260
14535,5351.5267
14536,5351.5276
14537,5354.7194
14538,5354.7205
14539,5354.7222
14540,5354.7234
14541,5358.2964
14542,5358.2979
14543,5358.2989
14544,5358.3005
14545,5358.3010
14546,5358.3022
14547,5358.3029
14548,5358.3035
14549,5358.3046
14550,5361.5266
14551,5361.5272
14552,5361.5277
14553,5361.5287
14554,5361.5297
14555,5361.5303
14556,5361.5308
14557,5361.5314
14558,5361.5319
14559,5361.5324
14560,5361.5334
14561,5364.7417
14562,5364.7424
14563,5364.7430
14564,5364.7435
14565,5364.7446
14566,5364.7456
14567,5364.7461
14568,5364.7466
14569,5364.7471
14570,5364.7475
14571,5364.7480
14572,5364.7486
14573,5364.7491
14574,5364.7495
14575,5364.7504
14576,5364.7509
14577,5368.2060
14578,5368.2066
14579,5368.2076
14580,5368.2087
14581,5368.2096
14582,5368.2106
14583,5368.2110
14584,5368.2115
14585,5368.2120
14586,5368.2124
14587,5368.2129
14588,5371.7528
14589,5371.7534
14590,5371.7544
14591,5371.7549
14592,5371.2399
14593,5371.2411
14594,5371.2428
14595,5374.2721
14596,5374.2734
14597,5374.2739
14598,5374.2744
14599,5374.2760
14600,5374.2766
14601,5374.2772
14602,5374.2783
14603,5374.2795
14604,5377.4300
14605,5377.4307
14606,5377.4322
14607,5377.4333
14608,5377.4340
14609,5377.4346
14610,5377.4356
14611,5377.4365
14612,5377.4371
14613,5380.5428
14614,5380.5440
14615,5380.5449
14616,5380.5459
14617,5380.5470
14618,5380.5480
14619,5384.0892
14620,5384.0899
14621,5384.0905
14622,5384.0915
14623,5384.0920
14624,5384.0929
14625,5384.0934
14626,5384.0943
14627,5384.0949
14628,5384.0960
14629,5384.0965
14630,5384.0972
14631,5384.0978
14632,5387.9604
14633,5387.9610
14634,5387.9616
14635,5387.9625
14636,5387.9630
14637,5387.9635
14638,5387.9645
14639,5387.9650
14640,5387.9657
14641,5387.9663
14642,5387.9667
14643,5387.9672
14644,5387.9678
14645,5387.9682
14646,5391.5808
14647,5391.5820
14648,5391.5831
14649,5391.5837
14650,5391.5842
14651,5391.5851
14652,5391.5861
14653,5391.5866
14654,5394.7480
14655,5394.7491
14656,5394.7496
14657,5394.7506
14658,5394.7511
14659,5394.7522
14660,5394.7527
14661,5394.7537
14662,5394.7541
14663,5394.7547
14664,5398.0322
14665,5398.0351
14666,5398.0377
14667,5398.0386
14668,5398.0396
14669,5398.0401
14670,5398.0410
14671,5398.0421
14672,5398.0426
14673,5401.4069
14674,5401.4081
14675,5401.4086
14676,5401.4096
14677,5401.4101
14678,5401.4107
14679,5401.4116
14680,5401.4129
14681,5401.4139
14682,5404.4316
14683,5404.4327
14684,5404.4338
14685,5404.4343
14686,5404.4350
14687,5404.4360
14688,5404.4373
14689,5404.4377
14690,5404.4384
14691,5404.4390
14692,5407.5535
14693,5407.5558
14694,5407.5568
14695,5407.5577
14696,5407.5588
14697,5407.5596
14698,5407.5605
14699,5407.5610
14700,5407.5621
14701,5407.5632
14702,5407.5642
14703,5410.7883
14704,5410.7889
14705,5410.7898
14706,5410.7903
14707,5410.7913
14708,5410.7922
14709,5410.7931
14710,5410.7936
14711,5410.7942
14712,5410.7951
14713,5414.2358
14714,5414.2380
14715,5414.2405
14716,5414.2421
14717,5414.2428
14718,5414.2436
14719,5414.2455
14720,5414.2472
14721,5414.2488
14722,5414.2501
14723,5414.2507
14724,5414.2518
14725,5414.2527
14726,5414.2541
14727,5414.2552
14728,5417.2057
14729,5417.2064
14730,5417.2074
14731,5417.2084
14732,5417.2089
14733,5417.2098
14734,5417.2110
14735,5417.2114
14736,5420.3587
14737,5420.3598
14738,5420.3614
14739,5420.3619
14740,5420.3630
14741,5420.3634
14742,5420.3639
14743,5424.2980
14744,5424.2991
14745,5424.2996
14746,5424.3006
14747,5424.3010
14748,5424.3020
14749,5424.3025
14750,5424.3031
14751,5424.3040
14752,5427.6018
14753,5427.6028
14754,5427.6034
14755,5427.6039
14756,5427.6048
14757,5427.6053
14758,5427.6062
14759,5427.6067
14760,5427.6077
14761,5430.9049
14762,5430.9057
14763,5430.9062
14764,5430.9071
14765,5430.9076
14766,5430.9082
14767,5430.9091
14768,5430.9096
14769,5430.9107
14770,5430.9117
14771,5434.4867
14772,5434.4897
14773,5434.4908
14774,5434.4922
14775,5434.4931
14776,5434.4949
14777,5437.8565
14778,5437.8572
14779,5437.8583
14780,5437.8588
14781,5437.8597
14782,5437.8602
14783,5437.8611
14784,5437.8617
14785,5437.8622
14786,5437.8627
14787,5440.8187
14788,5440.8194
14789,5440.8199
14790,5440.8216
14791,5440.8221
14792,5440.8231
14793,5440.8236
14794,5440.8246
14795,5440.8250
14796,5440.8255
14797,5440.8260
14798,5440.8265
14799,5444.3088
14800,5444.3094
14801,5444.3104
14802,5444.3108
14803,5444.3118
14804,5444.3123
14805,5444.3129
14806,5444.3138
14807,5444.3144
14808,5444.3150
14809,5444.3155
14810,5444.3160
14811,5447.5046
14812,5447.5059
14813,5447.5068
14814,5447.5073
14815,5447.5083
14816,5447.5093
14817,5447.5103
14818,5447.5107
14819,5450.9694
14820,5450.9700
14821,5450.9705
14822,5450.9715
14823,5450.9725
14824,5450.9730
14825,5450.9735
14826,5450.9745
14827,5450.9755
14828,5450.9760
14829,5454.3089
14830,5454.3105
14831,5454.3111
14832,5454.3117
14833,5454.3123
14834,5454.3133
14835,5454.3142
14836,5454.3147
14837,5454.3153
14838,5458.2141
14839,5458.2148
14840,5458.2160
14841,5458.2170
14842,5458.2175
14843,5458.2184
14844,5458.2190
14845,5458.2195
14846,5458.2201
14847,5461.2015
14848,5460.7029
14849,5460.7042
14850,5460.7055
14851,5460.7060
14852,5460.7065
14853,5460.7070
14854,5460.7083
14855,5460.7088
14856,5460.7094
14857,5460.7103
14858,5463.8914
14859,5463.8928
14860,5463.8935
14861,5463.8946
14862,5463.8958
14863,5463.8963
14864,5463.8974
14865,5463.8984
14866,5467.4606
14867,5467.4619
14868,5467.4632
14869,5467.4643
14870,5467.4648
14871,5467.4658
14872,5467.4663
14873,5467.4668
14874,5467.4677
14875,5470.5774
14876,5470.5781
14877,5470.5792
14878,5470.5797
14879,5470.5807
14880,5470.5816
14881,5470.5821
14882,5470.5831
14883,5473.7051
14884,5473.7057
14885,5473.7067
14886,5473.7073
14887,5473.7083
14888,5473.7093
14889,5473.7098
14890,5473.7107
14891,5473.7113
14892,5473.7119
14893,5477.1601
14894,5477.1608
14895,5477.1614
14896,5477.1620
14897,5477.1627
14898,5477.1636
14899,5477.1641
14900,5477.1736
14901,5477.1747
14902,5477.1757
14903,5477.1762
14904,5477.1767
14905,5480.7892
14906,5480.7898
14907,5480.7907
14908,5480.7914
14909,5480.7926
14910,5480.7931
14911,5480.7937
14912,5480.7946
14913,5480.7951
14914,5480.7956
14915,5480.7961
14916,5483.8391
14917,5483.8397
14918,5483.8407
14919,5483.8413
14920,5483.8425
14921,5483.8430
14922,5483.8436
14923,5483.8448
14924,5483.8454
14925,5483.8460
14926,5483.8470
14927,5487.2081
14928,5487.2088
14929,5487.2097
14930,5487.2102
14931,5487.2111
14932,5487.2118
14933,5487.2134
14934,5487.2138
14935,5487.2144
14936,5491.0385
14937,5491.0398
14938,5491.0408
14939,5491.0417
14940,5491.0424
14941,5491.0429
14942,5491.0434
14943,5491.0444
14944,5494.5778
14945,5494.5790
14946,5494.5800
14947,5494.5805
14948,5494.5810
14949,5494.5815
14950,5494.5824
14951,5494.5834
14952,5497.8341
14953,5497.8348
14954,5497.8357
14955,5497.8362
14956,5497.8373
14957,5497.8382
14958,5497.8393
14959,5501.2753
14960,5501.2760
14961,5501.2769
14962,5501.2775
14963,5501.2780
14964,5501.2790
14965,5501.2804
14966,5501.2809
14967,5501.2818
14968,5501.2823
14969,5504.8894
14970,5504.8905
14971,5504.8910
14972,5504.8916
14973,5504.8922
14974,5504.8932
14975,5504.8944
14976,5504.8950
14977,5504.8956
14978,5504.8961
14979,5504.8967
14980,5508.2220
14981,5508.2233
14982,5508.2238
14983,5508.2250
14984,5508.2255
14985,5508.2260
14986,5508.2264
14987,5508.2269
14988,5508.2279
14989,5508.2288
14990,5511.7216
14991,5511.7243
14992,5511.7254
14993,5511.7269
14994,5511.7274
14995,5511.7279
14996,5511.7291
14997,5511.7296
14998,5511.7301
14999,5511.7306
15000,5518.6936
15001,5518.6942
15002,5518.6952
15003,5518.6957
15004,5518.6963
15005,5518.6973
15006,5518.6978
15007,5518.6983
15008,5518.6993
15009,5518.6998
15010,5521.8147
15011,5521.8166
15012,5521.8179
15013,5521.8184
15014,5521.8198
15015,5521.8202
15016,5521.8207
15017,5521.8215
15018,5521.8220
15019,5521.8229
15020,5521.8234
15021,5521.8244
15022,5525.2705
15023,5525.2716
15024,5525.2726
15025,5525.2731
15026,5525.2736
15027,5525.2741
15028,5525.2750
15029,5525.2756
15030,5525.2768
15031,5529.1835
15032,5529.1846
15033,5529.1852
15034,5529.1856
15035,5529.1867
15036,5529.1873
15037,5529.1882
15038,5532.4150
15039,5532.4161
15040,5532.4171
15041,5532.4181
15042,5532.4191
15043,5532.4196
15044,5535.5721
15045,5535.5732
15046,5535.5737
15047,5535.5743
15048,5535.5753
15049,5535.5762
15050,5535.5773
15051,5535.5777
15052,5538.9447
15053,5538.9453
15054,5538.9463
15055,5538.9473
15056,5538.9478
15057,5538.9483
15058,5538.9488
15059,5538.9497
15060,5538.9507
15061,5538.9511
15062,5538.9516
15063,5538.9521
15064,5542.5023
15065,5542.5034
15066,5542.5040
15067,5542.5049
15068,5542.5059
15069,5542.5068
15070,5545.8788
15071,5545.8799
15072,5545.8809
15073,5545.8814
15074,5545.8819
15075,5545.8823
15076,5545.8829
15077,5545.8833
15078,5545.8842
15079,5545.8853
15080,5545.8858
15081,5549.2933
15082,5549.2940
15083,5549.2949
15084,5549.2960
15085,5549.2969
15086,5549.2974
15087,5549.2979
15088,5549.2984
15089,5549.2988
15090,5549.2993
15091,5549.3004
15092,5549.3009
15093,5552.9734
15094,5552.9746
15095,5552.9751
15096,5552.9768
15097,5552.9780
15098,5552.9788
15099,5552.9797
15100,5556.3738
15101,5556.3745
15102,5556.3754
15103,5556.3759
15104,5555.8805
15105,5555.8811
15106,5555.8817
15107,5555.8830
15108,5555.8836
15109,5555.8847
15110,5559.0609
15111,5559.0624
15112,5559.0635
15113,5559.0648
15114,5559.0652
15115,5559.0657
15116,5559.0662
15117,5559.0667
15118,5559.0672
15119,5559.0676
15120,5559.0681
15121,5559.0687
15122,5559.0692
15123,5559.0700
15124,5562.6954
15125,5562.6966
15126,5562.6971
15127,5562.6987
15128,5562.6998
15129,5562.7003
15130,5562.7008
15131,5562.7012
15132,5562.7022
15133,5562.7027
15134,5566.1428
15135,5566.1438
15136,5566.1449
15137,5566.1459
15138,5566.1463
15139,5566.1469
15140,5566.1475
15141,5566.1485
15142,5569.3650
15143,5569.3661
15144,5569.3667
15145,5569.3677
15146,5569.3682
15147,5569.3688
15148,5569.3699
15149,5569.3711
15150,5569.3715
15151,5569.3722
15152,5572.8772
15153,5572.8786
15154,5572.8791
15155,5572.8798
15156,5572.8803
15157,5572.8813
15158,5572.8818
15159,5572.8824
15160,5572.8834
15161,5572.8838
15162,5572.8845
15163,5572.8857
15164,5575.9688
15165,5575.9694
15166,5575.9700
15167,5575.9705
15168,5575.9710
15169,5575.9722
15170,5575.9732
15171,5575.9737
15172,5575.9743
15173,5575.9749
15174,5575.9755
15175,5575.9765
15176,5575.9771
15177,5575.9776
15178,5579.1967
15179,5579.1973
15180,5579.1985
15181,5579.1995
15182,5579.2000
15183,5579.2009
15184,5579.2014
15185,5579.2023
15186,5582.4287
15187,5582.4297
15188,5582.4307
15189,5582.4316
15190,5582.4325
15191,5582.4335
15192,5585.9481
15193,5585.9493
15194,5585.9498
15195,5585.9508
15196,5585.9517
15197,5585.9528
15198,5585.9532
15199,5589.1157
15200,5589.1164
15201,5589.1170
15202,5589.1176
15203,5589.1187
15204,5589.1194
15205,5589.1203
15206,5589.1215
15207,5589.1225
15208,5592.5150
15209,5592.5160
15210,5592.5165
15211,5592.5175
15212,5592.5180
15213,5592.5189
15214,5592.5194
15215,5592.5203
15216,5592.5218
15217,5592.5223
15218,5595.9056
15219,5595.9067
15220,5595.9072
15221,5595.9077
15222,5595.9082
15223,5595.9087
15224,5595.9093
15225,5595.9098
15226,5595.9107
15227,5595.9112
15228,5599.4239
15229,5599.4245
15230,5599.4254
15231,5599.4259
15232,5599.4268
15233,5599.4273
15234,5599.4282
15235,5599.4294
15236,5602.3759
15237,5602.3769
15238,5602.3779
15239,5602.3789
15240,5602.3798
15241,5602.3810
15242,5606.0004
15243,5606.0023
15244,5606.0037
15245,5606.0046
15246,5606.0056
15247,5606.0062
15248,5606.0068
15249,5606.0073
15250,5606.0078
15251,5606.0082
15252,5609.4432
15253,5609.4458
15254,5609.4464
15255,5609.4468
15256,5609.4479
15257,5609.4484
15258,5609.4494
15259,5609.4516
15260,5609.4521
15261,5609.4530
15262,5609.4535
15263,5609.4545
15264,5613.0260
15265,5613.0267
15266,5613.0273
15267,5613.0283
15268,5613.0288
15269,5613.0293
15270,5613.0303
15271,5613.0308
15272,5613.0313
15273,5613.0322
15274,5613.0327
15275,5613.0331
15276,5613.0340
15277,5616.1687
15278,5616.1693
15279,5616.1698
15280,5616.1703
15281,5616.1708
15282,5616.1717
15283,5616.1727
15284,5616.1737
15285,5616.1746
15286,5619.4028
15287,5619.4040
15288,5619.4045
15289,5619.4050
15290,5619.4060
15291,5619.4070
15292,5619.4079
15293,5622.5998
15294,5622.6012
15295,5622.6023
15296,5622.6032
15297,5622.6037
15298,5622.6047
15299,5622.6052
15300,5622.6057
15301,5625.8143
15302,5625.8159
15303,5625.8169
15304,5625.8177
15305,5625.8191
15306,5625.8205
15307,5625.8214
15308,5625.8224
15309,5625.8229
15310,5625.8234
15311,5625.8239
15312,5625.8244
15313,5629.6437
15314,5629.6448
15315,5629.6453
15316,5629.6464
15317,5629.6473
15318,5629.6478
15319,5629.6483
15320,5633.0777
15321,5633.0788
15322,5633.0799
15323,5633.0808
15324,5633.0817
15325,5633.0832
15326,5633.0843
15327,5636.7460
15328,5636.7471
15329,5636.7483
15330,5636.7488
15331,5636.7493
15332,5636.7498
15333,5636.7503
15334,5636.7512
15335,5636.7522
15336,5639.7906
15337,5639.7912
15338,5639.7924
15339,5639.7939
15340,5639.7956
15341,5639.7972
15342,5639.7978
15343,5639.7984
15344,5643.2394
15345,5643.2401
15346,5643.2405
15347,5643.2410
15348,5643.2416
15349,5643.2421
15350,5643.2425
15351,5643.2434
15352,5643.2438
15353,5643.2442
15354,5643.2445
15355,5643.2450
15356,5643.2455
15357,5643.2459
15358,5643.2467
15359,5643.2483
15360,5642.7311
15361,5646.0890
15362,5646.0899
15363,5646.0906
15364,5646.0918
15365,5646.0926
15366,5646.0938
15367,5646.0948
15368,5646.0958
15369,5646.0964
15370,5646.0970
15371,5649.7178
15372,5649.7189
15373,5649.7194
15374,5649.7198
15375,5649.7202
15376,5649.7212
15377,5649.7221
15378,5649.7226
15379,5649.7233
15380,5652.9000
15381,5652.9011
15382,5652.9018
15383,5652.9023
15384,5652.9028
15385,5652.9038
15386,5652.9043
15387,5652.9052
15388,5652.9062
15389,5656.1891
15390,5656.1900
15391,5656.1906
15392,5656.1916
15393,5656.1922
15394,5656.1932
15395,5656.1944
15396,5656.1956
15397,5656.1966
15398,5659.5335
15399,5659.5348
15400,5659.5354
15401,5659.5363
15402,5659.5368
15403,5659.5378
15404,5659.5389
15405,5659.5394
15406,5659.5405
15407,5662.9301
15408,5662.9309
15409,5662.9318
15410,5662.9324
15411,5662.9336
15412,5662.9341
15413,5662.9350
15414,5662.9355
15415,5662.9361
15416,5662.9371
15417,5666.0252
15418,5666.0264
15419,5666.0269
15420,5666.0277
15421,5666.0286
15422,5666.0291
15423,5666.0301
15424,5666.0306
15425,5666.0311
15426,5666.0316
15427,5669.2548
15428,5669.2555
15429,5669.2560
15430,5669.2570
15431,5669.2576
15432,5669.2582
15433,5669.2589
15434,5669.2594
15435,5669.2607
15436,5669.2612
15437,5669.2621
15438,5669.2627
15439,5669.2632
15440,5672.5877
15441,5672.5888
15442,5672.5898
15443,5672.5903
15444,5672.5912
15445,5672.5920
15446,5672.5925
15447,5672.5931
15448,5672.5941
15449,5672.5946
15450,5672.5953
15451,5675.8838
15452,5675.8852
15453,5675.8859
15454,5675.8868
15455,5675.8878
15456,5675.8888
15457,5675.8892
15458,5675.8898
15459,5675.8904
15460,5679.3359
15461,5679.3385
15462,5679.3392
15463,5679.3404
15464,5679.3423
15465,5679.3446
15466,5679.3455
15467,5679.3466
15468,5679.3478
15469,5682.5362
15470,5682.5373
15471,5682.5379
15472,5682.5385
15473,5682.5391
15474,5682.5400
15475,5682.5412
15476,5682.5422
15477,5682.5428
15478,5686.0704
15479,5686.0715
15480,5686.0720
15481,5686.0726
15482,5686.0732
15483,5686.0741
15484,5686.0746
15485,5686.0752
15486,5686.0761
15487,5686.0772
15488,5689.2170
15489,5689.2182
15490,5689.2191
15491,5689.2196
15492,5689.2206
15493,5689.2211
15494,5689.2221
15495,5692.3107
15496,5692.3119
15497,5692.3129
15498,5692.3139
15499,5692.3148
15500,5692.3158
15501,5695.8772
15502,5695.8782
15503,5695.8792
15504,5695.8798
15505,5695.8807
15506,5695.8813
15507,5695.8823
15508,5695.8828
15509,5699.2238
15510,5699.2250
15511,5699.2255
15512,5699.2260
15513,5699.2270
15514,5699.2280
15515,5702.3811
15516,5702.3822
15517,5702.3827
15518,5702.3836
15519,5702.3845
15520,5702.3855
15521,5702.3864
15522,5705.6239
15523,5705.6250
15524,5705.6259
15525,5705.6264
15526,5705.6269
15527,5705.6275
15528,5705.6280
15529,5705.6285
15530,5705.6294
15531,5705.6299
15532,5705.6304
15533,5705.6314
15534,5708.7307
15535,5708.7314
15536,5708.7319
15537,5708.7329
15538,5708.7334
15539,5708.7340
15540,5708.7349
15541,5708.7354
15542,5708.7359
15543,5708.7368
15544,5708.7373
15545,5708.7383
15546,5711.7430
15547,5711.7443
15548,5711.7453
15549,5711.7463
15550,5711.7472
15551,5711.7482
15552,5715.2746
15553,5715.2752
15554,5715.2757
15555,5715.2768
15556,5715.2773
15557,5715.2778
15558,5715.2783
15559,5715.2793
15560,5715.2803
15561,5715.2812
15562,5718.6347
15563,5718.6358
15564,5718.6368
15565,5718.6378
15566,5718.6391
15567,5718.6400
15568,5722.1566
15569,5722.1579
15570,5722.1594
15571,5722.1610
15572,5722.1626
15573,5722.1633
15574,5722.1644
15575,5722.1663
15576,5725.5168
15577,5725.5175
15578,5725.5180
15579,5725.5190
15580,5725.5200
15581,5725.5210
15582,5725.5215
15583,5725.5224
15584,5725.5229
15585,5728.7693
15586,5728.7698
15587,5728.7703
15588,5728.7709
15589,5728.7714
15590,5728.7719
15591,5728.7728
15592,5728.7738
15593,5728.7748
15594,5731.9379
15595,5731.9384
15596,5731.9394
15597,5731.9399
15598,5731.9403
15599,5731.9413
15600,5731.9419
15601,5735.0330
15602,5735.0340
15603,5735.0353
15604,5735.0363
15605,5735.0372
15606,5735.0377
15607,5735.0388
15608,5739.0043
15609,5739.0059
15610,5739.0064
15611,5739.0074
15612,5739.0079
15613,5739.0084
15614,5739.0089
15615,5739.0098
15616,5738.4803
15617,5738.4810
15618,5741.8334
15619,5741.8341
15620,5741.8354
15621,5741.8365
15622,5741.8370
15623,5741.8381
15624,5741.8386
15625,5741.8396
15626,5741.8402
15627,5741.8408
15628,5745.2383
15629,5745.2394
15630,5745.2405
15631,5745.2415
15632,5745.2421
15633,5745.2430
15634,5745.2436
15635,5748.4358
15636,5748.4369
15637,5748.4379
15638,5748.4384
15639,5748.4393
15640,5748.4398
15641,5748.4403
15642,5748.4408
15643,5748.4412
15644,5748.4422
15645,5748.4427
15646,5752.0332
15647,5752.0338
15648,5752.0344
15649,5752.0350
15650,5752.0360
15651,5752.0365
15652,5752.0371
15653,5752.0381
15654,5752.0386
15655,5752.0391
15656,5752.0397
15657,5752.0407
15658,5752.0412
15659,5755.1620
15660,5755.1629
15661,5755.1642
15662,5755.1651
15663,5755.1661
15664,5755.1666
15665,5755.1671
15666,5755.1681
15667,5758.4061
15668,5758.4069
15669,5758.4075
15670,5758.4085
15671,5758.4097
15672,5758.4106
15673,5758.4113
15674,5758.4122
15675,5761.4680
15676,5761.4690
15677,5761.4702
15678,5761.4709
15679,5761.4718
15680,5761.4728
15681,5764.6405
15682,5764.6417
15683,5764.6422
15684,5764.6429
15685,5764.6435
15686,5764.6442
15687,5764.6451
15688,5767.8998
15689,5767.9010
15690,5767.9020
15691,5767.9029
15692,5767.9039
15693,5767.9044
15694,5771.4103
15695,5771.4115
15696,5771.4125
15697,5771.4134
15698,5771.4140
15699,5771.4150
15700,5774.7178
15701,5774.7185
15702,5774.7195
15703,5774.7206
15704,5774.7211
15705,5774.7218
15706,5774.7230
15707,5774.7242
15708,5777.8808
15709,5777.8816
15710,5777.8825
15711,5777.8831
15712,5777.8841
15713,5777.8850
15714,5777.8860
15715,5777.8864
15716,5781.1474
15717,5781.1480
15718,5781.1487
15719,5781.1496
15720,5781.1508
15721,5781.1519
15722,5781.1528
15723,5781.1536
15724,5784.3235
15725,5784.3243
15726,5784.3249
15727,5784.3259
15728,5784.3275
15729,5784.3282
15730,5784.3291
15731,5784.3296
15732,5784.3302
15733,5784.3311
15734,5784.3316
15735,5787.4418
15736,5787.4425
15737,5787.4430
15738,5787.4435
15739,5787.4451
15740,5787.4457
15741,5787.4463
15742,5787.4468
15743,5787.4478
15744,5787.4482
15745,5787.4495
15746,5787.4505
15747,5791.0710
15748,5791.0720
15749,5791.0726
15750,5791.0731
15751,5791.0740
15752,5791.0746
15753,5791.0757
15754,5791.0767
15755,5791.0771
15756,5791.0781
15757,5791.0785
15758,5794.5666
15759,5794.5675
15760,5794.5682
15761,5794.5692
15762,5794.5703
15763,5794.5712
15764,5794.5717
15765,5794.5727
15766,5794.5731
15767,5797.7801
15768,5797.7814
15769,5797.7824
15770,5797.7829
15771,5797.7838
15772,5801.7372
15773,5801.7382
15774,5801.7394
15775,5801.7400
15776,5801.7409
15777,5801.7418
15778,5805.1530
15779,5805.1541
15780,5805.1551
15781,5805.1560
15782,5805.1566
15783,5805.1571
15784,5805.1581
15785,5808.2495
15786,5808.2508
15787,5808.2519
15788,5808.2524
15789,5808.2531
15790,5808.2536
15791,5808.2546
15792,5808.2556
15793,5811.4778
15794,5811.4785
15795,5811.4791
15796,5811.4802
15797,5811.4812
15798,5811.4818
15799,5811.4824
15800,5811.4831
15801,5811.4840
15802,5811.4845
15803,5811.4854
15804,5811.4860
15805,5814.5483
15806,5814.5495
15807,5814.5500
15808,5814.5505
15809,5814.5515
15810,5814.5520
15811,5814.5529
15812,5814.5534
15813,5814.5540
15814,5814.5550
15815,5817.8310
15816,5817.8318
15817,5817.8327
15818,5817.8332
15819,5817.8342
15820,5817.8352
15821,5817.8362
15822,5821.0520
15823,5821.0526
15824,5821.0536
15825,5821.0546
15826,5821.0555
15827,5821.0560
15828,5821.0570
15829,5824.2641
15830,5824.2646
15831,5824.2652
15832,5824.2663
15833,5824.2668
15834,5824.2674
15835,5824.2683
15836,5824.2696
15837,5824.2706
15838,5827.5368
15839,5827.5376
15840,5827.5383
15841,5827.5389
15842,5827.5399
15843,5827.5409
15844,5827.5419
15845,5827.5429
15846,5830.7510
15847,5830.7518
15848,5830.7528
15849,5830.7534
15850,5830.7544
15851,5830.7548
15852,5830.7558
15853,5830.7563
15854,5834.4576
15855,5834.4590
15856,5834.4600
15857,5834.4610
15858,5834.4620
15859,5837.8483
15860,5837.8492
15861,5837.8503
15862,5837.8514
15863,5837.8519
15864,5837.8530
15865,5837.8536
15866,5837.8542
15867,5837.8548
15868,5837.8555
15869,5837.8559
15870,5837.8564
15871,5837.8569
15872,5837.3919
15873,5837.3928
15874,5837.3933
15875,5840.8319
15876,5840.8327
15877,5840.8342
15878,5840.8354
15879,5840.8365
15880,5840.8371
15881,5840.8383
15882,5843.9122
15883,5843.9135
15884,5843.9141
15885,5843.9146
15886,5843.9151
15887,5843.9160
15888,5843.9170
15889,5843.9180
15890,5843.9184
15891,5843.9190
15892,5843.9196
15893,5847.4430
15894,5847.4443
15895,5847.4460
15896,5847.4465
15897,5847.4470
15898,5847.4475
15899,5847.4485
15900,5847.4489
15901,5847.4496
15902,5847.4502
15903,5847.4507
15904,5847.4517
15905,5850.5563
15906,5850.5572
15907,5850.5577
15908,5850.5583
15909,5850.5587
15910,5850.5599
15911,5850.5605
15912,5850.5614
15913,5850.5619
15914,5850.5624
15915,5850.5634
15916,5853.5745
15917,5853.5759
15918,5853.5765
15919,5853.5775
15920,5853.5784
15921,5853.5789
15922,5853.5796
15923,5853.5808
15924,5856.7665
15925,5856.7678
15926,5856.7683
15927,5856.7693
15928,5856.7698
15929,5856.7709
15930,5856.7714
15931,5856.7720
15932,5856.7730
15933,5859.8540
15934,5859.8554
15935,5859.8566
15936,5859.8576
15937,5859.8586
15938,5859.8592
15939,5859.8597
15940,5859.8603
15941,5859.8609
15942,5863.3273
15943,5863.3283
15944,5863.3289
15945,5863.3296
15946,5863.3307
15947,5863.3313
15948,5863.3323
15949,5863.3332
15950,5863.3337
15951,5863.3346
15952,5863.3351
15953,5863.3357
15954,5866.3624
15955,5866.3638
15956,5866.3645
15957,5866.3652
15958,5866.3668
15959,5866.3680
15960,5870.2060
15961,5870.2073
15962,5870.2080
15963,5870.2092
15964,5870.2096
15965,5870.2106
15966,5870.2116
15967,5870.2120
15968,5873.6185
15969,5873.6201
15970,5873.6206
15971,5873.6216
15972,5873.6221
15973,5873.6226
15974,5873.6235
15975,5873.6245
15976,5873.6250
15977,5873.6256
15978,5876.7119
15979,5876.7137
15980,5876.7145
15981,5876.7151
15982,5876.7157
15983,5876.7170
15984,5876.7182
15985,5876.7187
15986,5876.7193
15987,5879.9585
15988,5879.9602
15989,5879.9612
15990,5879.9621
15991,5879.9627
15992,5879.9632
15993,5879.9638
15994,5879.9645
15995,5879.9649
15996,5879.9654
15997,5879.9659
15998,5879.9663
15999,5883.0718
16000,5883.0732
16001,5883.0742
16002,5883.0755
16003,5883.0764
16004,5883.0770
16005,5883.0776
16006,5883.0781
16007,5883.0788
16008,5886.2453
16009,5886.2468
16010,5886.2475
16011,5886.2486
16012,5886.2491
16013,5886.2500
16014,5886.2505
16015,5886.2515
16016,5886.2520
16017,5889.6502
16018,5889.6515
16019,5889.6521
16020,5889.6526
16021,5889.6531
16022,5889.6536
16023,5889.6541
16024,5889.6546
16025,5889.6550
16026,5889.6560
16027,5889.6565
16028,5889.6571
16029,5889.6576
16030,5889.6581
16031,5889.6590
16032,5892.7031
16033,5892.7039
16034,5892.7050
16035,5892.7060
16036,5892.7070
16037,5892.7079
16038,5892.7089
16039,5896.3091
16040,5896.3099
16041,5896.3106
16042,5896.3116
16043,5896.3121
16044,5896.3132
16045,5896.3137
16046,5896.3141
16047,5896.3151
16048,5896.3156
16049,5896.3165
16050,5899.8778
16051,5899.8787
16052,5899.8793
16053,5899.8798
16054,5899.8803
16055,5899.8815
16056,5899.8820
16057,5899.8825
16058,5899.8830
16059,5899.8835
16060,5899.8845
16061,5899.8854
16062,5899.8859
16063,5899.8864
16064,5903.3780
16065,5903.3788
16066,5903.3798
16067,5903.3803
16068,5903.3808
16069,5903.3813
16070,5903.3824
16071,5903.3828
16072,5903.3835
16073,5906.8450
16074,5906.8463
16075,5906.8469
16076,5906.8478
16077,5906.8483
16078,5906.8492
16079,5906.8497
16080,5906.8502
16081,5906.8511
16082,5910.1387
16083,5910.1396
16084,5910.1409
16085,5910.1414
16086,5910.1423
16087,5910.1428
16088,5910.1433
16089,5910.1438
16090,5910.1443
16091,5910.1452
16092,5910.1458
16093,5910.1469
16094,5913.9751
16095,5913.9759
16096,5913.9765
16097,5913.9774
16098,5913.9786
16099,5913.9791
16100,5913.9797
16101,5913.9809
16102,5913.9819
16103,5913.9823
16104,5913.9828
16105,5913.9833
16106,5917.0842
16107,5917.0851
16108,5917.0868
16109,5917.0873
16110,5917.0879
16111,5917.0889
16112,5917.0898
16113,5917.0907
16114,5917.0912
16115,5920.2006
16116,5920.2019
16117,5920.2025
16118,5920.2030
16119,5920.2042
16120,5920.2047
16121,5920.2053
16122,5920.2059
16123,5920.2063
16124,5920.2073
16125,5923.4057
16126,5923.4071
16127,5923.4077
16128,5922.9091
16129,5922.9106
16130,5922.9112
16131,5922.9120
16132,5922.9124
16133,5922.9136
16134,5922.9141
16135,5922.9148
16136,5926.1930
16137,5926.1944
16138,5926.1950
16139,5926.1956
16140,5926.1966
16141,5926.1972
16142,5926.1984
16143,5926.1988
16144,5926.1994
16145,5926.1999
16146,5926.2013
16147,5926.2019
16148,5929.6270
16149,5929.6285
16150,5929.6296
16151,5929.6311
16152,5929.6316
16153,5929.6328
16154,5932.7976
16155,5932.7985
16156,5932.7991
16157,5932.7996
16158,5932.8006
16159,5932.8016
16160,5932.8026
16161,5932.8035
16162,5932.8040
16163,5932.8045
16164,5932.8051
16165,5936.2948
16166,5936.2957
16167,5936.2970
16168,5936.2980
16169,5936.2989
16170,5936.2995
16171,5939.5454
16172,5939.5462
16173,5939.5472
16174,5939.5481
16175,5939.5487
16176,5939.5496
16177,5939.5501
16178,5939.5507
16179,5942.9156
16180,5942.9175
16181,5942.9185
16182,5942.9191
16183,5942.9201
16184,5942.9210
16185,5942.9215
16186,5946.3994
16187,5946.4008
16188,5946.4018
16189,5946.4028
16190,5946.4033
16191,5946.4042
16192,5946.4053
16193,5950.0893
16194,5950.0907
16195,5950.0914
16196,5950.0920
16197,5950.0926
16198,5950.0931
16199,5950.0937
16200,5950.0942
16201,5950.0947
16202,5950.0956
16203,5950.0962
16204,5950.0973
16205,5950.0977
16206,5950.0982
16207,5950.0987
16208,5953.5395
16209,5953.5404
16210,5953.5410
16211,5953.5423
16212,5953.5435
16213,5953.5447
16214,5953.5453
16215,5953.5462
16216,5956.8543
16217,5956.8551
16218,5956.8558
16219,5956.8569
16220,5956.8581
16221,5956.8586
16222,5956.8596
16223,5956.8605
16224,5956.8609
16225,5956.8615
16226,5956.8621
16227,5960.0170
16228,5960.0184
16229,5960.0191
16230,5960.0196
16231,5960.0208
16232,5960.0213
16233,5960.0219
16234,5960.0229
16235,5960.0234
16236,5960.0245
16237,5960.0249
16238,5963.4510
16239,5963.4523
16240,5963.4534
16241,5963.4543
16242,5963.4552
16243,5963.4558
16244,5963.4567
16245,5967.2878
16246,5967.2887
16247,5967.2893
16248,5967.2900
16249,5967.2906
16250,5967.2915
16251,5967.2920
16252,5967.2927
16253,5967.2932
16254,5967.2939
16255,5967.2948
16256,5967.2954
16257,5967.2964
16258,5970.3757
16259,5970.3766
16260,5970.3777
16261,5970.3793
16262,5970.3802
16263,5970.3807
16264,5970.3813
16265,5970.3823
16266,5973.6832
16267,5973.6841
16268,5973.6852
16269,5973.6857
16270,5973.6867
16271,5976.7685
16272,5976.7698
16273,5976.7709
16274,5976.7714
16275,5976.7723
16276,5976.7729
16277,5976.7738
16278,5976.7743
16279,5979.7691
16280,5979.7700
16281,5979.7707
16282,5979.7716
16283,5979.7727
16284,5979.7733
16285,5979.7744
16286,5979.7755
16287,5983.0088
16288,5983.0097
16289,5983.0109
16290,5983.0118
16291,5983.0123
16292,5983.0133
16293,5983.0138
16294,5983.0147
16295,5986.2295
16296,5986.2308
16297,5986.2318
16298,5986.2323
16299,5986.2329
16300,5986.2338
16301,5986.2349
16302,5986.2354
16303,5986.2359
16304,5989.7344
16305,5989.7352
16306,5989.7362
16307,5989.7368
16308,5989.7377
16309,5989.7382
16310,5989.7387
16311,5989.7397
16312,5989.7402
16313,5989.7411
16314,5993.4273
16315,5993.4281
16316,5993.4287
16317,5993.4292
16318,5993.4301
16319,5993.4306
16320,5993.4311
16321,5993.4321
16322,5993.4327
16323,5993.4332
16324,5993.4337
16325,5993.4342
16326,5993.4346
16327,5993.4356
16328,5993.4361
16329,5996.6317
16330,5996.6330
16331,5996.6337
16332,5996.6347
16333,5996.6352
16334,5996.6357
16335,5996.6366
16336,5996.6371
16337,5996.6381
16338,5999.9536
16339,5999.9545
16340,5999.9555
16341,5999.9560
16342,5999.9565
16343,5999.9574
16344,5999.9584
16345,5999.9595
16346,5999.9599
16347,5999.9605
16348,5999.9610
16349,6003.4856
16350,6003.4869
16351,6003.4875
16352,6003.4885
16353,6003.4890
16354,6003.4895
16355,6003.4904
16356,6003.4910
16357,6003.4919
16358,6007.2186
16359,6007.2195
16360,6007.2207
16361,6007.2216
16362,6007.2226
16363,6007.2231
16364,6007.2236
16365,6007.2241
16366,6007.2245
16367,6007.2250
16368,6007.2255
16369,6007.2259
16370,6007.2264
16371,6010.8145
16372,6010.8173
16373,6010.8189
16374,6010.8200
16375,6010.8210
16376,6010.8222
16377,6010.8231
16378,6015.1460
16379,6015.1474
16380,6015.1481
16381,6015.1492
16382,6015.1497
16383,6015.1506
16384,6014.6542
16385,6014.6548
16386,6014.6566
16387,6017.3125
16388,6017.3134
16389,6017.3139
16390,6017.3148
16391,6017.3153
16392,6017.3158
16393,6017.3162
16394,6017.3172
16395,6017.3184
16396,6017.3196
16397,6017.3201
16398,6017.3211
16399,6020.4324
16400,6020.4334
16401,6020.4346
16402,6020.4357
16403,6020.4368
16404,6020.4378
16405,6023.5352
16406,6023.5360
16407,6023.5365
16408,6023.5375
16409,6023.5386
16410,6023.5391
16411,6023.5403
16412,6023.5408
16413,6023.5421
16414,6027.0183
16415,6027.0197
16416,6027.0207
16417,6027.0222
16418,6027.0234
16419,6027.0240
16420,6027.0247
16421,6027.0251
16422,6027.0256
16423,6027.0266
16424,6030.4412
16425,6030.4424
16426,6030.4430
16427,6030.4436
16428,6030.4449
16429,6030.4454
16430,6030.4461
16431,6030.4466
16432,6030.4476
16433,6030.4481
16434,6030.4486
16435,6030.4492
16436,6033.4774
16437,6033.4783
16438,6033.4789
16439,6033.4799
16440,6033.4811
16441,6033.4823
16442,6033.4828
16443,6033.4838
16444,6033.4844
16445,6033.4850
16446,6036.8671
16447,6036.8699
16448,6036.8710
16449,6036.8730
16450,6036.8735
16451,6036.8754
16452,6036.8764
16453,6040.0923
16454,6040.0934
16455,6040.0948
16456,6040.0954
16457,6040.0959
16458,6040.0964
16459,6040.0969
16460,6040.0973
16461,6040.0984
16462,6043.3869
16463,6043.3876
16464,6043.3882
16465,6043.3889
16466,6043.3899
16467,6043.3911
16468,6043.3921
16469,6043.3926
16470,6046.5135
16471,6046.5142
16472,6046.5148
16473,6046.5158
16474,6046.5168
16475,6046.5178
16476,6046.5190
16477,6050.0576
16478,6050.0584
16479,6050.0594
16480,6050.0599
16481,6050.0608
16482,6050.0613
16483,6050.0618
16484,6050.0628
16485,6050.0641
16486,6053.4640
16487,6053.4665
16488,6053.4671
16489,6053.4687
16490,6053.4692
16491,6053.4704
16492,6053.4713
16493,6053.4718
16494,6053.4723
16495,6053.4730
16496,6053.4739
16497,6057.0928
16498,6057.0939
16499,6057.0944
16500,6061.7423
16501,6061.7430
16502,6061.7436
16503,6061.7446
16504,6061.7452
16505,6061.7458
16506,6061.7463
16507,6061.7473
16508,6061.7484
16509,6061.7491
16510,6061.7496
16511,6061.7510
16512,6064.7867
16513,6064.7878
16514,6064.7889
16515,6064.7899
16516,6064.7912
16517,6064.7921
16518,6068.0867
16519,6068.0874
16520,6068.0880
16521,6068.0890
16522,6068.0900
16523,6068.0910
16524,6068.0921
16525,6068.0926
16526,6068.0931
16527,6068.0936
16528,6071.2993
16529,6071.3010
16530,6071.3023
16531,6071.3037
16532,6071.3046
16533,6071.3062
16534,6071.3078
16535,6074.5310
16536,6074.5322
16537,6074.5327
16538,6074.5332
16539,6074.5337
16540,6074.5347
16541,6074.5352
16542,6074.5362
16543,6074.5372
16544,6074.5377
16545,6074.5381
16546,6074.5386
16547,6074.5391
16548,6077.7568
16549,6077.7594
16550,6077.7604
16551,6077.7621
16552,6077.7626
16553,6077.7635
16554,6077.7645
16555,6077.7652
16556,6077.7658
16557,6077.7662
16558,6077.7676
16559,6077.7683
16560,6081.3658
16561,6081.3670
16562,6081.3680
16563,6081.3689
16564,6081.3699
16565,6085.0201
16566,6085.0208
16567,6085.0217
16568,6085.0223
16569,6085.0229
16570,6085.0239
16571,6085.0247
16572,6085.0257
16573,6085.0263
16574,6085.0268
16575,6085.0278
16576,6088.6148
16577,6088.6159
16578,6088.6169
16579,6088.6174
16580,6088.6181
16581,6088.6194
16582,6088.6204
16583,6088.6209
16584,6088.6214
16585,6092.1147
16586,6092.1155
16587,6092.1161
16588,6092.1172
16589,6092.1184
16590,6092.1189
16591,6092.1198
16592,6092.1208
16593,6095.1483
16594,6095.1489
16595,6095.1499
16596,6095.1509
16597,6095.1519
16598,6095.1528
16599,6095.1533
16600,6098.2339
16601,6098.2345
16602,6098.2352
16603,6098.2360
16604,6098.2371
16605,6098.2389
16606,6098.2394
16607,6098.2400
16608,6098.2411
16609,6098.2423
16610,6098.2428
16611,6098.2439
16612,6101.4419
16613,6101.4438
16614,6101.4453
16615,6101.4459
16616,6101.4473
16617,6101.4480
16618,6101.4492
16619,6101.4500
16620,6101.4509
16621,6101.4519
16622,6101.4525
16623,6104.9194
16624,6104.9205
16625,6104.9215
16626,6104.9225
16627,6104.9235
16628,6104.9244
16629,6104.9249
16630,6108.6660
16631,6108.6684
16632,6108.6699
16633,6108.6706
16634,6108.6722
16635,6108.6732
16636,6108.6741
16637,6112.1233
16638,6112.1240
16639,6112.1250
16640,6111.6197
16641,6111.6204
16642,6111.6220
16643,6111.6228
16644,6111.6233
16645,6114.8901
16646,6114.8924
16647,6114.8944
16648,6114.8950
16649,6114.8962
16650,6114.8975
16651,6114.8997
16652,6114.9006
16653,6118.1021
16654,6118.1033
16655,6118.1038
16656,6118.1042
16657,6118.1048
16658,6118.1053
16659,6118.1063
16660,6118.1069
16661,6118.1084
16662,6118.1097
16663,6118.1101
16664,6121.7582
16665,6121.7589
16666,6121.7594
16667,6121.7605
16668,6121.7610
16669,6121.7620
16670,6121.7624
16671,6121.7630
16672,6121.7635
16673,6121.7641
16674,6121.7646
16675,6121.7655
16676,6121.7660
16677,6121.7665
16678,6121.7675
16679,6124.9559
16680,6124.9570
16681,6124.9581
16682,6124.9591
16683,6124.9602
16684,6124.9612
16685,6128.6709
16686,6128.6721
16687,6128.6731
16688,6128.6740
16689,6128.6750
16690,6128.6755
16691,6128.6761
16692,6128.6767
16693,6131.9172
16694,6131.9197
16695,6131.9203
16696,6131.9221
16697,6131.9234
16698,6131.9239
16699,6131.9246
16700,6131.9256
16701,6131.9267
16702,6131.9272
16703,6135.5511
16704,6135.5518
16705,6135.5539
16706,6135.5561
16707,6135.5571
16708,6135.5576
16709,6135.5592
16710,6135.5602
16711,6135.5607
16712,6138.7429
16713,6138.7435
16714,6138.7445
16715,6138.7450
16716,6138.7460
16717,6138.7464
16718,6138.7470
16719,6138.7481
16720,6138.7493
16721,6138.7504
16722,6138.7511
16723,6142.2738
16724,6142.2750
16725,6142.2764
16726,6142.2774
16727,6142.2779
16728,6142.2792
16729,6142.2808
16730,6145.5482
16731,6145.5497
16732,6145.5509
16733,6145.5523
16734,6145.5537
16735,6148.8291
16736,6148.8303
16737,6148.8313
16738,6148.8323
16739,6148.8333
16740,6148.8339
16741,6148.8345
16742,6148.8352
16743,6151.8981
16744,6151.8992
16745,6151.9007
16746,6151.9017
16747,6151.9027
16748,6151.9036
16749,6155.5132
16750,6155.5139
16751,6155.5145
16752,6155.5151
16753,6155.5162
16754,6155.5167
16755,6155.5172
16756,6155.5185
16757,6155.5200
16758,6155.5206
16759,6155.5212
16760,6155.5221
16761,6158.7244
16762,6158.7254
16763,6158.7264
16764,6158.7269
16765,6158.7279
16766,6158.7288
16767,6158.7294
16768,6158.7299
16769,6161.9297
16770,6161.9304
16771,6161.9313
16772,6161.9319
16773,6161.9329
16774,6161.9334
16775,6161.9339
16776,6161.9344
16777,6161.9348
16778,6161.9357
16779,6161.9362
16780,6161.9373
16781,6165.0661
16782,6165.0667
16783,6165.0672
16784,6165.0683
16785,6165.0694
16786,6165.0698
16787,6165.0708
16788,6165.0713
16789,6165.0718
16790,6165.0723
16791,6165.0727
16792,6168.1990
16793,6168.2001
16794,6168.2011
16795,6168.2021
16796,6168.2032
16797,6168.2041
16798,6168.2046
16799,6171.8573
16800,6171.8583
16801,6171.8590
16802,6171.8600
16803,6171.8609
16804,6171.8614
16805,6171.8623
16806,6171.8628
16807,6171.8637
16808,6171.8643
16809,6171.8656
16810,6175.2845
16811,6175.2851
16812,6175.2869
16813,6175.2881
16814,6175.2891
16815,6175.2901
16816,6175.2910
16817,6178.3777
16818,6178.3793
16819,6178.3803
16820,6178.3808
16821,6178.3817
16822,6178.3822
16823,6181.5938
16824,6181.5948
16825,6181.5958
16826,6181.5968
16827,6181.5978
16828,6184.8935
16829,6184.8943
16830,6184.8949
16831,6184.8958
16832,6184.8963
16833,6184.8968
16834,6184.8978
16835,6184.8983
16836,6184.8988
16837,6184.8994
16838,6184.9003
16839,6184.9008
16840,6184.9013
16841,6184.9018
16842,6188.0222
16843,6188.0235
16844,6188.0245
16845,6188.0254
16846,6188.0264
16847,6188.0273
16848,6191.5429
16849,6191.5436
16850,6191.5442
16851,6191.5451
16852,6191.5461
16853,6191.5466
16854,6191.5481
16855,6191.5490
16856,6191.5496
16857,6191.5502
16858,6195.1607
16859,6195.1613
16860,6195.1623
16861,6195.1628
16862,6195.1633
16863,6195.1638
16864,6195.1647
16865,6195.1652
16866,6195.1663
16867,6195.1667
16868,6198.2752
16869,6198.2766
16870,6198.2771
16871,6198.2781
16872,6198.2800
16873,6198.2805
16874,6198.2814
16875,6198.2825
16876,6201.7304
16877,6201.7315
16878,6201.7325
16879,6201.7330
16880,6201.7339
16881,6201.7344
16882,6201.7353
16883,6201.7358
16884,6201.7363
16885,6201.7367
16886,6201.7372
16887,6205.2474
16888,6205.2481
16889,6205.2486
16890,6205.2491
16891,6205.2496
16892,6205.2501
16893,6205.2506
16894,6205.2515
16895,6205.2525
16896,6204.7422
16897,6204.7435
16898,6204.7453
16899,6204.7459
16900,6207.9778
16901,6207.9786
16902,6207.9791
16903,6207.9804
16904,6207.9815
16905,6207.9827
16906,6207.9832
16907,6207.9843
16908,6207.9848
16909,6207.9853
16910,6211.2853
16911,6211.2866
16912,6211.2872
16913,6211.2879
16914,6211.2890
16915,6211.2900
16916,6211.2919
16917,6214.9762
16918,6214.9770
16919,6214.9781
16920,6214.9791
16921,6214.9800
16922,6218.2087
16923,6218.2098
16924,6218.2103
16925,6218.2108
16926,6218.2114
16927,6218.2124
16928,6218.2129
16929,6218.2138
16930,6218.2144
16931,6218.2155
16932,6221.5974
16933,6221.5981
16934,6221.5988
16935,6221.5998
16936,6221.6002
16937,6221.6009
16938,6221.6015
16939,6221.6019
16940,6221.6024
16941,6221.6033
16942,6221.6039
16943,6221.6045
16944,6221.6050
16945,6221.6062
16946,6221.6067
16947,6224.9327
16948,6224.9359
16949,6224.9375
16950,6224.9384
16951,6224.9400
16952,6224.9413
16953,6224.9422
16954,6228.2503
16955,6228.2514
16956,6228.2520
16957,6228.2530
16958,6228.2536
16959,6228.2540
16960,6228.2545
16961,6228.2555
16962,6228.2565
16963,6228.2575
16964,6231.5281
16965,6231.5292
16966,6231.5297
16967,6231.5302
16968,6231.5307
16969,6231.5316
16970,6231.5328
16971,6231.5337
16972,6231.5344
16973,6231.5350
16974,6231.5355
16975,6235.0079
16976,6235.0092
16977,6235.0103
16978,6235.0113
16979,6235.0122
16980,6235.0132
16981,6238.1061
16982,6238.1084
16983,6238.1089
16984,6238.1115
16985,6238.1136
16986,6238.1146
16987,6238.1178
16988,6238.1204
16989,6238.1209
16990,6241.5531
16991,6241.5560
16992,6241.5576
16993,6241.5587
16994,6241.5609
16995,6241.5627
16996,6241.5637
16997,6241.5653
16998,6241.5659
16999,6244.7940
17000,6244.7954
17001,6244.7960
17002,6244.7965
17003,6244.7976
17004,6244.7986
17005,6244.7991
17006,6244.8000
17007,6247.9015
17008,6247.9024
17009,6247.9034
17010,6247.9044
17011,6247.9049
17012,6247.9059
17013,6251.4847
17014,6251.4853
17015,6251.4858
17016,6251.4865
17017,6251.4873
17018,6251.4881
17019,6251.4888
17020,6251.4892
17021,6251.4900
17022,6254.9969
17023,6254.9981
17024,6254.9987
17025,6254.9993
17026,6255.0002
17027,6255.0012
17028,6255.0023
17029,6258.4524
17030,6258.4536
17031,6258.4546
17032,6258.4555
17033,6258.4565
17034,6258.4571
17035,6258.4576
17036,6258.4581
17037,6261.9707
17038,6261.9715
17039,6261.9725
17040,6261.9735
17041,6261.9740
17042,6261.9745
17043,6261.9761
17044,6261.9766
17045,6261.9770
17046,6261.9775
17047,6261.9779
17048,6261.9784
17049,6265.4725
17050,6265.4747
17051,6265.4753
17052,6265.4767
17053,6265.4772
17054,6265.4781
17055,6265.4786
17056,6265.4791
17057,6265.4796
17058,6265.4801
17059,6265.4806
17060,6265.4816
17061,6265.4821
17062,6265.4826
17063,6265.4830
17064,6268.9051
17065,6268.9059
17066,6268.9064
17067,6268.9069
17068,6268.9076
17069,6268.9088
17070,6268.9093
17071,6268.9099
17072,6268.9108
17073,6268.9113
17074,6268.9118
17075,6268.9129
17076,6272.3111
17077,6272.3138
17078,6272.3157
17079,6272.3167
17080,6272.3176
17081,6272.3185
17082,6272.3194
17083,6272.3200
17084,6272.3222
17085,6272.3228
17086,6275.6078
17087,6275.6089
17088,6275.6099
17089,6275.6108
17090,6275.6118
17091,6275.6123
17092,6275.6130
17093,6278.7798
17094,6278.7810
17095,6278.7821
17096,6278.7830
17097,6278.7840
17098,6278.7845
17099,6278.7850
17100,6282.0752
17101,6282.0759
17102,6282.0765
17103,6282.0771
17104,6282.0777
17105,6282.0788
17106,6282.0800
17107,6282.0805
17108,6282.0812
17109,6285.1033
17110,6285.1045
17111,6285.1056
17112,6285.1061
17113,6285.1067
17114,6285.1071
17115,6285.1089
17116,6288.7316
17117,6288.7327
17118,6288.7342
17119,6288.7357
17120,6288.7373
17121,6288.7382
17122,6288.7391
17123,6288.7405
17124,6288.7414
17125,6288.7426
17126,6292.0335
17127,6292.0346
17128,6292.0355
17129,6292.0363
17130,6292.0371
17131,6292.0379
17132,6295.1307
17133,6295.1316
17134,6295.1325
17135,6295.1338
17136,6295.1347
17137,6295.1361
17138,6295.1369
17139,6295.1386
17140,6298.3885
17141,6298.3893
17142,6298.3903
17143,6298.3918
17144,6298.3929
17145,6298.3949
17146,6301.5014
17147,6301.5021
17148,6301.5027
17149,6301.5032
17150,6301.5050
17151,6301.5056
17152,6301.0057
17153,6301.0063
17154,6301.0075
17155,6301.0085
17156,6301.0096
17157,6304.6237
17158,6304.6251
17159,6304.6257
17160,6304.6268
17161,6304.6274
17162,6304.6280
17163,6304.6285
17164,6304.6294
17165,6304.6308
17166,6304.6313
17167,6308.1938
17168,6308.1950
17169,6308.1956
17170,6308.1969
17171,6308.1981
17172,6308.1986
17173,6308.2000
17174,6311.2498
17175,6311.2504
17176,6325.0121
17177,6325.0134
17178,6325.0156
17179,6325.0165
17180,6325.0176
17181,6328.7283
17182,6328.7296
17183,6328.7307
17184,6328.7317
17185,6328.7321
17186,6328.7332
17187,6328.7339
17188,6331.7899
17189,6331.7905
17190,6331.7911
17191,6331.7917
17192,6331.7929
17193,6331.7940
17194,6331.7946
17195,6331.7963
17196,6331.7972
17197,6331.7977
17198,6334.9869
17199,6334.9876
17200,6334.9886
17201,6334.9891
17202,6334.9895
17203,6334.9905
17204,6334.9910
17205,6334.9920
17206,6334.9930
17207,6334.9939
17208,6338.5471
17209,6338.5477
17210,6338.5487
17211,6338.5491
17212,6338.5501
17213,6338.5510
17214,6338.5520
17215,6338.5529
17216,6342.0600
17217,6342.0608
17218,6342.0615
17219,6342.0624
17220,6342.0631
17221,6342.0641
17222,6342.0653
17223,6342.0658
17224,6342.0668
17225,6345.1501
17226,6345.1512
17227,6345.1522
17228,6345.1531
17229,6345.1536
17230,6345.1542
17231,6345.1551
17232,6345.1557
17233,6345.1569
17234,6348.2893
17235,6348.2905
17236,6348.2915
17237,6348.2920
17238,6348.2927
17239,6348.2936
17240,6348.2956
17241,6348.2962
17242,6351.5548
17243,6351.5553
17244,6351.5563
17245,6351.5573
17246,6351.5577
17247,6351.5588
17248,6351.5611
17249,6351.5615
17250,6354.7264
17251,6354.7276
17252,6354.7287
17253,6354.7292
17254,6354.7301
17255,6354.7306
17256,6358.1581
17257,6358.1587
17258,6358.1593
17259,6358.1599
17260,6358.1607
17261,6358.1614
17262,6358.1620
17263,6358.1625
17264,6358.1634
17265,6358.1648
17266,6358.1654
17267,6358.1660
17268,6358.1670
17269,6361.4792
17270,6361.4798
17271,6361.4804
17272,6361.4813
17273,6361.4818
17274,6361.4829
17275,6361.4841
17276,6361.4850
17277,6364.5091
17278,6364.5102
17279,6364.5111
17280,6364.5117
17281,6364.5127
17282,6364.5136
17283,6364.5146
17284,6364.5150
17285,6364.5156
17286,6367.6020
17287,6367.6025
17288,6367.6030
17289,6367.6035
17290,6367.6040
17291,6367.6050
17292,6367.6060
17293,6367.6065
17294,6367.6075
17295,6367.6080
17296,6367.6085
17297,6371.1119
17298,6371.1127
17299,6371.1132
17300,6371.1137
17301,6371.1147
17302,6371.1153
17303,6371.1158
17304,6371.1167
17305,6371.1172
17306,6371.1181
17307,6371.1186
17308,6371.1196
17309,6371.1201
17310,6371.1205
17311,6374.6523
17312,6374.6536
17313,6374.6546
17314,6374.6551
17315,6374.6561
17316,6374.6566
17317,6374.6575
17318,6374.6580
17319,6374.6590
17320,6377.8462
17321,6377.8467
17322,6377.8480
17323,6377.8495
17324,6377.8512
17325,6377.8526
17326,6377.8534
17327,6377.8545
17328,6377.8555
17329,6377.8565
17330,6377.8571
17331,6377.8577
17332,6377.8582
17333,6381.1817
17334,6381.1828
17335,6381.1833
17336,6381.1838
17337,6381.1848
17338,6381.1853
17339,6381.1863
17340,6381.1873
17341,6381.1877
17342,6381.1882
17343,6384.4668
17344,6384.4679
17345,6384.4690
17346,6384.4699
17347,6384.4704
17348,6384.4710
17349,6384.4714
17350,6384.4724
17351,6384.4729
17352,6384.4734
17353,6384.4738
17354,6384.4744
17355,6387.9864
17356,6387.9875
17357,6387.9880
17358,6387.9885
17359,6387.9890
17360,6387.9900
17361,6387.9905
17362,6387.9910
17363,6387.9916
17364,6391.2120
17365,6391.2125
17366,6391.2136
17367,6391.2150
17368,6391.2155
17369,6391.2165
17370,6391.2174
17371,6394.3257
17372,6394.3268
17373,6394.3273
17374,6394.3283
17375,6394.3288
17376,6394.3297
17377,6394.3307
17378,6394.3311
17379,6394.3317
17380,6397.5983
17381,6397.5989
17382,6397.5995
17383,6397.5999
17384,6397.6005
17385,6397.6011
17386,6397.6015
17387,6397.6026
17388,6397.6032
17389,6397.6041
17390,6397.6051
17391,6397.6056
17392,6397.6062
17393,6397.6072
17394,6400.9675
17395,6400.9685
17396,6400.9690
17397,6400.9700
17398,6400.9710
17399,6400.9715
17400,6400.9726
17401,6400.9731
17402,6400.9736
17403,6404.3436
17404,6404.3448
17405,6404.3453
17406,6404.3461
17407,6404.3474
17408,6403.7452
17409,6403.7482
17410,6403.7488
17411,6403.7503
17412,6406.8555
17413,6406.8562
17414,6406.8574
17415,6406.8584
17416,6406.8589
17417,6406.8601
17418,6406.8606
17419,6406.8611
17420,6406.8624
17421,6406.8628
17422,6406.8633
17423,6406.8638
17424,6406.8643
17425,6406.8649
17426,6406.8658
17427,6410.2756
17428,6410.2763
17429,6410.2768
17430,6410.2779
17431,6410.2789
17432,6410.2794
17433,6410.2803
17434,6410.2812
17435,6410.2822
17436,6413.7916
17437,6413.7922
17438,6413.7931
17439,6413.7942
17440,6413.7947
17441,6413.7952
17442,6413.7957
17443,6413.7961
17444,6413.7971
17445,6413.7976
17446,6413.7981
17447,6413.7991
17448,6417.1285
17449,6417.1296
17450,6417.1300
17451,6417.1311
17452,6417.1317
17453,6417.1323
17454,6417.1329
17455,6417.1334
17456,6417.1339
17457,6417.1354
17458,6417.1359
17459,6417.1364
17460,6420.3458
17461,6420.3463
17462,6420.3469
17463,6420.3481
17464,6420.3487
17465,6420.3493
17466,6420.3502
17467,6420.3507
17468,6420.3513
17469,6423.6762
17470,6423.6777
17471,6423.6782
17472,6423.6793
17473,6423.6803
17474,6423.6809
17475,6423.6814
17476,6423.6821
17477,6423.6826
17478,6423.6836
17479,6423.6840
17480,6423.6846
17481,6427.2089
17482,6427.2101
17483,6427.2106
17484,6427.2112
17485,6427.2119
17486,6427.2128
17487,6427.2138
17488,6427.2143
17489,6427.2150
17490,6427.2154
17491,6427.2165
17492,6430.1481
17493,6430.1493
17494,6430.1502
17495,6430.1512
17496,6430.1521
17497,6430.1527
17498,6430.1536
17499,6433.6112
17500,6433.6125
17501,6433.6130
17502,6433.6142
17503,6433.6146
17504,6433.6152
17505,6433.6163
17506,6433.6177
17507,6436.9939
17508,6436.9949
17509,6436.9955
17510,6436.9965
17511,6436.9974
17512,6436.9979
17513,6436.9995
17514,6437.0000
17515,6440.8012
17516,6440.8024
17517,6440.8031
17518,6440.8037
17519,6440.8046
17520,6440.8066
17521,6440.8072
17522,6440.8080
17523,6440.8089
17524,6440.8098
17525,6443.9479
17526,6443.9491
17527,6443.9496
17528,6443.9502
17529,6443.9508
17530,6443.9514
17531,6443.9524
17532,6443.9529
17533,6443.9539
17534,6443.9549
17535,6447.3897
17536,6447.3908
17537,6447.3914
17538,6447.3923
17539,6447.3934
17540,6447.3940
17541,6447.3945
17542,6447.3950
17543,6447.3960
17544,6450.5197
17545,6450.5203
17546,6450.5212
17547,6450.5217
17548,6450.5222
17549,6450.5226
17550,6450.5236
17551,6450.5240
17552,6450.5245
17553,6450.5254
17554,6450.5263
17555,6454.4018
17556,6454.4030
17557,6454.4039
17558,6454.4049
17559,6454.4054
17560,6457.9477
17561,6457.9487
17562,6457.9497
17563,6457.9502
17564,6457.9512
17565,6457.9517
17566,6457.9526
17567,6461.1500
17568,6461.1510
17569,6461.1520
17570,6461.1525
17571,6461.1535
17572,6461.1539
17573,6461.1548
17574,6464.3176
17575,6464.3186
17576,6464.3196
17577,6464.3202
17578,6464.3211
17579,6464.3216
17580,6464.3222
17581,6464.3227
17582,6464.3231
17583,6464.3241
17584,6464.3246
17585,6467.8366
17586,6467.8377
17587,6467.8382
17588,6467.8387
17589,6467.8397
17590,6467.8407
17591,6467.8412
17592,6467.8422
17593,6467.8427
17594,6467.8432
17595,6467.8437
17596,6471.2498
17597,6471.2509
17598,6471.2519
17599,6471.2524
17600,6471.2533
17601,6471.2543
17602,6471.2552
17603,6474.9724
17604,6474.9734
17605,6474.9740
17606,6474.9750
17607,6474.9760
17608,6474.9765
17609,6474.9771
17610,6474.9780
17611,6474.9794
17612,6474.9798
17613,6474.9804
17614,6474.9819
17615,6477.9854
17616,6477.9860
17617,6477.9870
17618,6477.9875
17619,6477.9885
17620,6477.9890
17621,6477.9900
17622,6477.9904
17623,6477.9909
17624,6477.9919
17625,6481.5211
17626,6481.5218
17627,6481.5227
17628,6481.5237
17629,6481.5242
17630,6481.5251
17631,6481.5256
17632,6481.5265
17633,6481.5270
17634,6481.5275
17635,6484.9918
17636,6484.9925
17637,6484.9934
17638,6484.9944
17639,6484.9949
17640,6484.9956
17641,6484.9970
17642,6484.9986
17643,6488.8708
17644,6488.8714
17645,6488.8723
17646,6488.8734
17647,6488.8743
17648,6492.0116
17649,6492.0127
17650,6492.0133
17651,6492.0138
17652,6492.0143
17653,6492.0148
17654,6492.0153
17655,6492.0158
17656,6492.0167
17657,6492.0177
17658,6492.0187
17659,6492.0191
17660,6495.1663
17661,6495.1674
17662,6495.1679
17663,6495.1684
17664,6494.6734
17665,6494.6740
17666,6494.6751
17667,6494.6763
17668,6494.6775
17669,6498.0107
17670,6498.0114
17671,6498.0120
17672,6498.0125
17673,6498.0131
17674,6498.0136
17675,6498.0147
17676,6498.0151
17677,6498.0156
17678,6498.0162
17679,6498.0174
17680,6498.0178
17681,6498.0183
17682,6498.0197
17683,6498.0202
17684,6501.4259
17685,6501.4280
17686,6501.4285
17687,6501.4290
17688,6501.4309
17689,6501.4323
17690,6501.4328
17691,6501.4344
17692,6501.4349
17693,6501.4360
17694,6501.4369
17695,6504.4790
17696,6504.4797
17697,6504.4809
17698,6504.4818
17699,6504.4837
17700,6504.4842
17701,6504.4853
17702,6504.4858
17703,6504.4867
17704,6504.4872
17705,6504.4884
17706,6507.8561
17707,6507.8569
17708,6507.8575
17709,6507.8587
17710,6507.8593
17711,6507.8604
17712,6507.8615
17713,6507.8625
17714,6511.0421
17715,6511.0428
17716,6511.0438
17717,6511.0448
17718,6511.0458
17719,6511.0478
17720,6511.0489
17721,6515.4746
17722,6515.4756
17723,6515.4762
17724,6515.4771
17725,6515.4777
17726,6515.4783
17727,6515.4793
17728,6515.4797
17729,6515.4807
17730,6517.9509
17731,6517.9516
17732,6517.9526
17733,6517.9531
17734,6517.9540
17735,6517.9550
17736,6517.9555
17737,6517.9564
17738,6517.9569
17739,6517.9573
17740,6517.9579
17741,6521.8380
17742,6521.8392
17743,6521.8408
17744,6521.8413
17745,6521.8423
17746,6521.8427
17747,6525.3402
17748,6525.3413
17749,6525.3424
17750,6525.3434
17751,6525.3439
17752,6525.3444
17753,6525.3448
17754,6525.3458
17755,6528.7554
17756,6528.7571
17757,6528.7580
17758,6528.7586
17759,6528.7600
17760,6528.7605
17761,6528.7620
17762,6528.7625
17763,6528.7631
17764,6528.7640
17765,6531.8454
17766,6531.8468
17767,6531.8473
17768,6531.8482
17769,6531.8491
17770,6531.8496
17771,6531.8505
17772,6531.8514
17773,6531.8524
17774,6535.2149
17775,6535.2156
17776,6535.2163
17777,6535.2173
17778,6535.2182
17779,6535.2187
17780,6535.2193
17781,6535.2205
17782,6535.2217
17783,6538.6260
17784,6538.6266
17785,6538.6282
17786,6538.6287
17787,6538.6297
17788,6538.6307
17789,6538.6316
17790,6538.6321
17791,6541.9649
17792,6541.9655
17793,6541.9664
17794,6541.9669
17795,6541.9676
17796,6541.9685
17797,6541.9691
17798,6541.9700
17799,6541.9705
17800,6541.9714
17801,6541.9718
17802,6541.9723
17803,6545.0181
17804,6545.0191
17805,6545.0206
17806,6545.0211
17807,6545.0221
17808,6545.0225
17809,6545.0234
17810,6545.0239
17811,6545.0244
17812,6548.1591
17813,6548.1597
17814,6548.1608
17815,6548.1618
17816,6548.1627
17817,6548.1637
17818,6548.1641
17819,6551.3797
17820,6551.3803
17821,6551.3809
17822,6551.3820
17823,6551.3824
17824,6551.3834
17825,6551.3844
17826,6551.3848
17827,6551.3858
17828,6551.3862
17829,6551.3867
17830,6554.3842
17831,6554.3854
17832,6554.3860
17833,6554.3869
17834,6554.3874
17835,6554.3883
17836,6558.1055
17837,6558.1073
17838,6558.1078
17839,6558.1099
17840,6558.1105
17841,6558.1115
17842,6558.1129
17843,6558.1136
17844,6558.1142
17845,6558.1147
17846,6558.1151
17847,6558.1157
17848,6558.1162
17849,6561.6728
17850,6561.6739
17851,6561.6748
17852,6561.6754
17853,6561.6759
17854,6561.6764
17855,6561.6770
17856,6561.6775
17857,6561.6780
17858,6561.6789
17859,6561.6794
17860,6561.6803
17861,6564.7078
17862,6564.7084
17863,6564.7090
17864,6564.7095
17865,6564.7100
17866,6564.7110
17867,6564.7119
17868,6564.7129
17869,6564.7139
17870,6564.7144
17871,6564.7149
17872,6568.3540
17873,6568.3552
17874,6568.3562
17875,6568.3573
17876,6568.3583
17877,6568.3588
17878,6568.3594
17879,6571.5938
17880,6571.5949
17881,6571.5960
17882,6571.5965
17883,6571.5971
17884,6571.5982
17885,6571.5992
17886,6574.6995
17887,6574.7005
17888,6574.7014
17889,6574.7019
17890,6574.7026
17891,6574.7036
17892,6574.7046
17893,6577.9294
17894,6577.9299
17895,6577.9309
17896,6577.9315
17897,6577.9325
17898,6577.9334
17899,6577.9344
17900,6577.9348
17901,6581.2748
17902,6581.2754
17903,6581.2760
17904,6581.2765
17905,6581.2770
17906,6581.2775
17907,6581.2780
17908,6581.2789
17909,6581.2794
17910,6581.2800
17911,6581.2809
17912,6581.2814
17913,6581.2823
17914,6581.2830
17915,6581.2836
17916,6581.2841
17917,6581.2846
17918,6581.2851
17919,6584.3226
17920,6583.8174
17921,6583.8185
17922,6583.8200
17923,6583.8226
17924,6583.8232
17925,6583.8243
17926,6583.8257
17927,6587.1389
17928,6587.1404
17929,6587.1410
17930,6587.1420
17931,6587.1427
17932,6587.1437
17933,6587.1441
17934,6587.1453
17935,6587.1458
17936,6587.1463
17937,6591.5827
17938,6591.5839
17939,6591.5849
17940,6591.5854
17941,6591.5859
17942,6591.5864
17943,6591.5869
17944,6591.5880
17945,6595.1948
17946,6595.1961
17947,6595.1968
17948,6595.1974
17949,6595.1978
17950,6595.1990
17951,6595.2001
17952,6595.2010
17953,6595.2015
17954,6598.7989
17955,6598.7996
17956,6598.8006
17957,6598.8016
17958,6598.8026
17959,6598.8035
17960,6598.8040
17961,6602.2020
17962,6602.2034
17963,6602.2039
17964,6602.2045
17965,6602.2051
17966,6602.2062
17967,6602.2074
17968,6602.2087
17969,6602.2092
17970,6602.2098
17971,6602.2105
17972,6602.2111
17973,6602.2115
17974,6605.4763
17975,6605.4772
17976,6605.4784
17977,6605.4793
17978,6605.4799
17979,6605.4803
17980,6605.4814
17981,6605.4824
17982,6605.4829
17983,6605.4838
17984,6608.8138
17985,6608.8148
17986,6608.8159
17987,6608.8166
17988,6608.8171
17989,6608.8183
17990,6608.8188
17991,6608.8193
17992,6608.8204
17993,6612.1358
17994,6612.1371
17995,6612.1392
17996,6612.1407
17997,6612.1416
17998,6612.1422
17999,6612.1431
18000,6618.0575
18001,6618.0584
18002,6618.0590
18003,6618.0600
18004,6618.0605
18005,6618.0614
18006,6618.0620
18007,6618.0630
18008,6618.0639
18009,6618.0644
18010,6618.0649
18011,6621.4031
18012,6621.4048
18013,6621.4055
18014,6621.4065
18015,6621.4069
18016,6621.4075
18017,6621.4085
18018,6621.4090
18019,6621.4096
18020,6621.4101
18021,6621.4111
18022,6624.8632
18023,6624.8645
18024,6624.8656
18025,6624.8662
18026,6624.8668
18027,6624.8677
18028,6624.8689
18029,6624.8694
18030,6628.1964
18031,6628.1977
18032,6628.1983
18033,6628.1988
18034,6628.1998
18035,6628.2003
18036,6628.2008
18037,6628.2013
18038,6628.2018
18039,6628.2027
18040,6628.2036
18041,6631.2040
18042,6631.2054
18043,6631.2059
18044,6631.2069
18045,6631.2079
18046,6631.2084
18047,6634.5342
18048,6634.5351
18049,6634.5362
18050,6634.5367
18051,6634.5378
18052,6634.5389
18053,6634.5400
18054,6634.5409
18055,6637.7110
18056,6637.7126
18057,6637.7136
18058,6637.7146
18059,6637.7155
18060,6637.7161
18061,6637.7171
18062,6640.8701
18063,6640.8715
18064,6640.8721
18065,6640.8726
18066,6640.8731
18067,6640.8742
18068,6640.8746
18069,6640.8751
18070,6640.8761
18071,6640.8765
18072,6640.8774
18073,6640.8780
18074,6644.0203
18075,6644.0218
18076,6644.0224
18077,6644.0229
18078,6644.0238
18079,6644.0243
18080,6644.0258
18081,6644.0262
18082,6644.0272
18083,6647.2830
18084,6647.2844
18085,6647.2849
18086,6647.2859
18087,6647.2864
18088,6647.2869
18089,6647.2878
18090,6647.2888
18091,6647.2893
18092,6650.5492
18093,6650.5505
18094,6650.5517
18095,6650.5528
18096,6650.5533
18097,6650.5538
18098,6650.5548
18099,6653.7269
18100,6653.7278
18101,6653.7288
18102,6653.7297
18103,6653.7303
18104,6653.7309
18105,6653.7314
18106,6653.7319
18107,6653.7330
18108,6653.7341
18109,6653.7346
18110,6653.7351
18111,6657.2256
18112,6657.2270
18113,6657.2275
18114,6657.2288
18115,6657.2294
18116,6657.2305
18117,6657.2314
18118,6660.3835
18119,6660.3844
18120,6660.3854
18121,6660.3859
18122,6660.3865
18123,6660.3869
18124,6660.3881
18125,6660.3890
18126,6660.3895
18127,6660.3900
18128,6660.3905
18129,6663.7443
18130,6663.7456
18131,6663.7462
18132,6663.7468
18133,6663.7472
18134,6663.7478
18135,6663.7482
18136,6663.7487
18137,6663.7492
18138,6663.7502
18139,6667.1435
18140,6667.1444
18141,6667.1450
18142,6667.1455
18143,6667.1465
18144,6667.1475
18145,6667.1479
18146,6667.1484
18147,6667.1489
18148,6667.1494
18149,6667.1503
18150,6667.1507
18151,6667.1512
18152,6670.2559
18153,6670.2568
18154,6670.2574
18155,6670.2585
18156,6670.2590
18157,6670.2595
18158,6670.2604
18159,6670.2609
18160,6670.2618
18161,6670.2623
18162,6670.2628
18163,6670.2634
18164,6673.5260
18165,6673.5273
18166,6673.5285
18167,6673.5294
18168,6673.5299
18169,6673.5304
18170,6673.5309
18171,6673.5314
18172,6673.5320
18173,6673.5325
18174,6676.8197
18175,6676.8206
18176,6676.3046
18177,6676.3052
18178,6676.3059
18179,6676.3070
18180,6676.3077
18181,6676.3092
18182,6676.3096
18183,6676.3107
18184,6676.3118
18185,6679.6942
18186,6679.6957
18187,6679.6967
18188,6679.6974
18189,6679.6984
18190,6679.6995
18191,6679.7004
18192,6683.5381
18193,6683.5390
18194,6683.5401
18195,6683.5407
18196,6683.5412
18197,6683.5417
18198,6683.5427
18199,6683.5437
18200,6683.5442
18201,6683.5448
18202,6683.5453
18203,6683.5461
18204,6683.5465
18205,6683.5470
18206,6683.5475
18207,6686.7130
18208,6686.7145
18209,6686.7155
18210,6686.7160
18211,6686.7166
18212,6686.7177
18213,6686.7182
18214,6686.7192
18215,6689.9457
18216,6689.9471
18217,6689.9477
18218,6689.9486
18219,6689.9491
18220,6689.9501
18221,6689.9511
18222,6689.9515
18223,6689.9520
18224,6693.2317
18225,6693.2333
18226,6693.2339
18227,6693.2351
18228,6693.2356
18229,6693.2365
18230,6693.2371
18231,6693.2376
18232,6693.2380
18233,6693.2386
18234,6693.2395
18235,6696.7317
18236,6696.7332
18237,6696.7342
18238,6696.7351
18239,6696.7360
18240,6700.6190
18241,6700.6198
18242,6700.6204
18243,6700.6210
18244,6700.6225
18245,6700.6231
18246,6700.6240
18247,6700.6250
18248,6700.6260
18249,6704.2315
18250,6704.2324
18251,6704.2330
18252,6704.2337
18253,6704.2347
18254,6704.2359
18255,6704.2365
18256,6704.2371
18257,6704.2383
18258,6704.2394
18259,6704.2401
18260,6704.2410
18261,6707.8325
18262,6707.8333
18263,6707.8344
18264,6707.8349
18265,6707.8358
18266,6707.8363
18267,6707.8368
18268,6707.8374
18269,6707.8383
18270,6707.8389
18271,6707.8395
18272,6707.8400
18273,6710.9635
18274,6710.9645
18275,6710.9658
18276,6710.9667
18277,6710.9673
18278,6710.9679
18279,6710.9685
18280,6710.9696
18281,6710.9705
18282,6710.9717
18283,6710.9723
18284,6714.4694
18285,6714.4707
18286,6714.4713
18287,6714.4719
18288,6714.4725
18289,6714.4732
18290,6714.4742
18291,6714.4746
18292,6714.4752
18293,6714.4757
18294,6714.4767
18295,6714.4771
18296,6714.4788
18297,6717.6700
18298,6717.6707
18299,6717.6712
18300,6717.6722
18301,6717.6726
18302,6717.6731
18303,6717.6735
18304,6717.6743
18305,6717.6753
18306,6717.6757
18307,6717.6766
18308,6717.6771
18309,6721.2059
18310,6721.2068
18311,6721.2078
18312,6721.2088
18313,6721.2093
18314,6721.2103
18315,6721.2114
18316,6721.2120
18317,6724.5525
18318,6724.5539
18319,6724.5550
18320,6724.5555
18321,6724.5565
18322,6724.5574
18323,6724.5579
18324,6727.6718
18325,6727.6726
18326,6727.6732
18327,6727.6737
18328,6727.6741
18329,6727.6746
18330,6727.6757
18331,6727.6767
18332,6727.6772
18333,6727.6782
18334,6727.6786
18335,6727.6796
18336,6731.1939
18337,6731.1948
18338,6731.1958
18339,6731.1964
18340,6731.1969
18341,6731.1978
18342,6731.1984
18343,6731.1989
18344,6731.1994
18345,6731.1999
18346,6731.2010
18347,6734.8641
18348,6734.8651
18349,6734.8661
18350,6734.8671
18351,6734.8676
18352,6734.8681
18353,6734.8686
18354,6734.8691
18355,6734.8701
18356,6738.4081
18357,6738.4094
18358,6738.4100
18359,6738.4105
18360,6738.4115
18361,6738.4120
18362,6738.4129
18363,6738.4139
18364,6738.4144
18365,6741.9640
18366,6741.9655
18367,6741.9665
18368,6741.9670
18369,6741.9681
18370,6741.9690
18371,6741.9695
18372,6745.0390
18373,6745.0403
18374,6745.0409
18375,6745.0418
18376,6745.0423
18377,6745.0433
18378,6745.0438
18379,6745.0443
18380,6745.0452
18381,6745.0457
18382,6745.0462
18383,6748.3599
18384,6748.3614
18385,6748.3624
18386,6748.3629
18387,6748.3634
18388,6748.3640
18389,6748.3649
18390,6748.3659
18391,6751.7880
18392,6751.7889
18393,6751.7894
18394,6751.7899
18395,6751.7906
18396,6751.7921
18397,6751.7926
18398,6751.7944
18399,6751.7951
18400,6751.7970
18401,6751.7992
18402,6754.9565
18403,6754.9574
18404,6754.9580
18405,6754.9585
18406,6754.9590
18407,6754.9605
18408,6754.9612
18409,6754.9625
18410,6754.9634
18411,6754.9648
18412,6754.9661
18413,6754.9669
18414,6758.6184
18415,6758.6198
18416,6758.6208
18417,6758.6219
18418,6758.6224
18419,6758.6228
18420,6758.6233
18421,6758.6240
18422,6758.6245
18423,6758.6254
18424,6761.9937
18425,6761.9946
18426,6761.9956
18427,6761.9966
18428,6761.9971
18429,6761.9981
18430,6761.9990
18431,6761.9996
18432,6761.5083
18433,6761.5091
18434,6761.5098
18435,6761.5108
18436,6765.0145
18437,6765.0160
18438,6765.0172
18439,6765.0177
18440,6765.0183
18441,6765.0188
18442,6765.0194
18443,6765.0199
18444,6765.0205
18445,6765.0211
18446,6765.0217
18447,6765.0227
18448,6768.3430
18449,6768.3447
18450,6768.3454
18451,6768.3459
18452,6768.3469
18453,6771.4395
18454,6771.4404
18455,6771.4410
18456,6771.4421
18457,6771.4431
18458,6771.4440
18459,6771.4449
18460,6771.4454
18461,6771.4460
18462,6774.8231
18463,6774.8244
18464,6774.8254
18465,6774.8265
18466,6774.8274
18467,6774.8279
18468,6774.8284
18469,6777.9830
18470,6777.9846
18471,6777.9852
18472,6777.9857
18473,6777.9863
18474,6777.9873
18475,6777.9878
18476,6777.9884
18477,6777.9891
18478,6777.9897
18479,6777.9909
18480,6777.9914
18481,6781.1492
18482,6781.1502
18483,6781.1514
18484,6781.1524
18485,6781.1533
18486,6781.1539
18487,6781.1548
18488,6784.2007
18489,6784.2016
18490,6784.2027
18491,6784.2039
18492,6784.2045
18493,6784.2054
18494,6784.2059
18495,6784.2064
18496,6784.2073
18497,6784.2078
18498,6787.6435
18499,6787.6445
18500,6787.6451
18501,6787.6457
18502,6787.6462
18503,6787.6467
18504,6787.6473
18505,6787.6485
18506,6787.6494
18507,6787.6505
18508,6787.6512
18509,6787.6519
18510,6787.6529
18511,6790.9752
18512,6790.9762
18513,6790.9779
18514,6790.9785
18515,6790.9794
18516,6790.9805
18517,6790.9811
18518,6790.9821
18519,6794.3692
18520,6794.3701
18521,6794.3711
18522,6794.3720
18523,6794.3725
18524,6794.3730
18525,6794.3739
18526,6794.3748
18527,6794.3753
18528,6794.3759
18529,6794.3764
18530,6797.9032
18531,6797.9041
18532,6797.9048
18533,6797.9055
18534,6797.9072
18535,6797.9077
18536,6797.9088
18537,6797.9093
18538,6797.9103
18539,6797.9113
18540,6797.9119
18541,6801.1547
18542,6801.1556
18543,6801.1567
18544,6801.1572
18545,6801.1586
18546,6801.1597
18547,6801.1603
18548,6801.1608
18549,6804.3917
18550,6804.3935
18551,6804.3947
18552,6804.3952
18553,6804.3964
18554,6804.3969
18555,6807.6088
18556,6807.6101
18557,6807.6107
18558,6807.6117
18559,6807.6126
18560,6807.6133
18561,6807.6139
18562,6807.6145
18563,6807.6155
18564,6807.6166
18565,6811.0029
18566,6811.0037
18567,6811.0047
18568,6811.0052
18569,6811.0062
18570,6811.0072
18571,6811.0081
18572,6814.2619
18573,6814.2632
18574,6814.2638
18575,6814.2643
18576,6814.2653
18577,6814.2658
18578,6814.2667
18579,6814.2672
18580,6814.2677
18581,6814.2681
18582,6814.2691
18583,6814.2695
18584,6817.7717
18585,6817.7735
18586,6817.7745
18587,6817.7750
18588,6817.7760
18589,6817.7770
18590,6817.7775
18591,6821.2163
18592,6821.2176
18593,6821.2181
18594,6821.2187
18595,6821.2192
18596,6821.2198
18597,6821.2207
18598,6821.2213
18599,6821.2217
18600,6821.2223
18601,6821.2227
18602,6821.2237
18603,6824.2308
18604,6824.2321
18605,6824.2327
18606,6824.2332
18607,6824.2336
18608,6824.2346
18609,6824.2351
18610,6824.2355
18611,6824.2360
18612,6824.2365
18613,6824.2374
18614,6824.2384
18615,6827.2887
18616,6827.2895
18617,6827.2901
18618,6827.2915
18619,6827.2921
18620,6827.2931
18621,6827.2936
18622,6827.2942
18623,6827.2951
18624,6827.2956
18625,6827.2961
18626,6830.3280
18627,6830.3289
18628,6830.3295
18629,6830.3301
18630,6830.3306
18631,6830.3311
18632,6830.3321
18633,6830.3330
18634,6830.3335
18635,6830.3345
18636,6830.3350
18637,6833.4884
18638,6833.4896
18639,6833.4907
18640,6833.4912
18641,6833.4922
18642,6833.4927
18643,6833.4937
18644,6833.4941
18645,6833.4951
18646,6836.8200
18647,6836.8210
18648,6836.8220
18649,6836.8225
18650,6836.8234
18651,6836.8240
18652,6840.5632
18653,6840.5638
18654,6840.5648
18655,6840.5653
18656,6840.5666
18657,6840.5671
18658,6840.5678
18659,6840.5682
18660,6840.5688
18661,6840.5698
18662,6840.5704
18663,6840.5710
18664,6843.9129
18665,6843.9142
18666,6843.9148
18667,6843.9154
18668,6843.9163
18669,6843.9173
18670,6843.9183
18671,6847.1408
18672,6847.1419
18673,6847.1428
18674,6847.1433
18675,6847.1438
18676,6847.1448
18677,6847.1452
18678,6847.1462
18679,6850.8354
18680,6850.8365
18681,6850.8371
18682,6850.8381
18683,6850.8391
18684,6850.8397
18685,6850.8406
18686,6850.8411
18687,6850.8418
18688,6853.7018
18689,6853.7025
18690,6853.7037
18691,6853.7048
18692,6853.7061
18693,6853.7066
18694,6853.7072
18695,6853.7078
18696,6853.7083
18697,6853.7094
18698,6853.7104
18699,6857.4707
18700,6857.4714
18701,6857.4720
18702,6857.4725
18703,6857.4736
18704,6857.4741
18705,6857.4746
18706,6857.4755
18707,6857.4760
18708,6857.4772
18709,6857.4782
18710,6860.5747
18711,6860.5754
18712,6860.5766
18713,6860.5777
18714,6860.5782
18715,6860.5788
18716,6860.5794
18717,6860.5803
18718,6860.5810
18719,6860.5815
18720,6860.5821
18721,6863.5636
18722,6863.5650
18723,6863.5659
18724,6863.5669
18725,6863.5674
18726,6863.5680
18727,6863.5685
18728,6863.5691
18729,6863.5697
18730,6863.5706
18731,6867.0544
18732,6867.0552
18733,6867.0558
18734,6867.0563
18735,6867.0570
18736,6867.0577
18737,6867.0582
18738,6867.0586
18739,6867.0591
18740,6867.0600
18741,6867.0605
18742,6867.0615
18743,6867.0619
18744,6867.0629
18745,6870.5060
18746,6870.5071
18747,6870.5081
18748,6870.5086
18749,6870.5092
18750,6870.5102
18751,6870.5107
18752,6870.5112
18753,6873.6316
18754,6873.6323
18755,6873.6329
18756,6873.6337
18757,6873.6343
18758,6873.6347
18759,6873.6352
18760,6873.6363
18761,6873.6367
18762,6873.6373
18763,6873.6387
18764,6877.1452
18765,6877.1462
18766,6877.1474
18767,6877.1483
18768,6877.1488
18769,6877.1495
18770,6877.1505
18771,6880.3571
18772,6880.3581
18773,6880.3587
18774,6880.3593
18775,6880.3604
18776,6880.3610
18777,6880.3616
18778,6880.3627
18779,6880.3638
18780,6883.8286
18781,6883.8297
18782,6883.8303
18783,6883.8312
18784,6883.8317
18785,6883.8323
18786,6883.8328
18787,6883.8335
18788,6883.8344
18789,6883.8349
18790,6883.8355
18791,6883.8361
18792,6886.9999
18793,6887.0006
18794,6887.0017
18795,6887.0027
18796,6887.0031
18797,6887.0037
18798,6887.0046
18799,6887.0057
18800,6890.2740
18801,6890.2751
18802,6890.2761
18803,6890.2771
18804,6890.2777
18805,6890.2789
18806,6893.4516
18807,6893.4523
18808,6893.4529
18809,6893.4536
18810,6893.4542
18811,6893.4552
18812,6893.4565
18813,6893.4574
18814,6893.4584
18815,6893.4590
18816,6896.8773
18817,6896.8786
18818,6896.8791
18819,6896.8801
18820,6896.8822
18821,6896.8828
18822,6896.8839
18823,6896.8844
18824,6900.0720
18825,6900.0727
18826,6900.0737
18827,6900.0748
18828,6900.0757
18829,6900.0763
18830,6900.0772
18831,6903.2723
18832,6903.2734
18833,6903.2744
18834,6903.2758
18835,6903.2763
18836,6903.2772
18837,6903.2778
18838,6906.3770
18839,6906.3781
18840,6906.3786
18841,6906.3796
18842,6906.3806
18843,6906.3811
18844,6906.3816
18845,6910.3989
18846,6910.3995
18847,6910.4000
18848,6910.4005
18849,6910.4010
18850,6910.4015
18851,6910.4025
18852,6910.4031
18853,6910.4037
18854,6910.4046
18855,6910.4057
18856,6910.4061
18857,6913.5481
18858,6913.5488
18859,6913.5494
18860,6913.5504
18861,6913.5513
18862,6913.5523
18863,6913.5528
18864,6913.5537
18865,6913.5542
18866,6916.8430
18867,6916.8438
18868,6916.8448
18869,6916.8459
18870,6916.8464
18871,6916.8473
18872,6916.8485
18873,6916.8490
18874,6916.8495
18875,6916.8504
18876,6916.8510
18877,6916.8515
18878,6920.4043
18879,6920.4052
18880,6920.4065
18881,6920.4081
18882,6920.4096
18883,6920.4104
18884,6920.4118
18885,6920.4125
18886,6920.4134
18887,6923.8304
18888,6923.8310
18889,6923.8315
18890,6923.8327
18891,6923.8338
18892,6923.8343
18893,6923.8348
18894,6923.8353
18895,6923.8357
18896,6923.8369
18897,6923.8378
18898,6923.8383
18899,6927.2539
18900,6927.2550
18901,6927.2560
18902,6927.2565
18903,6927.2570
18904,6927.2575
18905,6927.2580
18906,6927.2590
18907,6927.2599
18908,6927.2604
18909,6930.7232
18910,6930.7239
18911,6930.7245
18912,6930.7251
18913,6930.7260
18914,6930.7265
18915,6930.7271
18916,6930.7280
18917,6930.7285
18918,6930.7290
18919,6930.7300
18920,6930.7309
18921,6934.2985
18922,6934.2999
18923,6934.3008
18924,6934.3015
18925,6934.3027
18926,6934.3037
18927,6934.3051
18928,6934.3056
18929,6937.5059
18930,6937.5070
18931,6937.5075
18932,6937.5085
18933,6937.5095
18934,6937.5100
18935,6937.5105
18936,6937.5114
18937,6937.5120
18938,6937.5126
18939,6940.8521
18940,6940.8533
18941,6940.8544
18942,6940.8554
18943,6944.5742
18944,6944.0714
18945,6944.0722
18946,6944.0735
18947,6944.0746
18948,6944.0758
18949,6947.1139
18950,6947.1165
18951,6947.1177
18952,6947.1187
18953,6947.1205
18954,6947.1230
18955,6947.1242
18956,6950.3158
18957,6950.3175
18958,6950.3180
18959,6950.3191
18960,6950.3204
18961,6950.3213
18962,6950.3218
18963,6950.3224
18964,6950.3231
18965,6950.3236
18966,6954.0481
18967,6954.0489
18968,6954.0495
18969,6954.0499
18970,6954.0509
18971,6954.0519
18972,6954.0530
18973,6954.0535
18974,6954.0547
18975,6954.0552
18976,6957.3047
18977,6957.3059
18978,6957.3065
18979,6957.3070
18980,6957.3076
18981,6957.3086
18982,6957.3092
18983,6957.3097
18984,6957.3104
18985,6957.3109
18986,6957.3125
18987,6960.3461
18988,6960.3475
18989,6960.3480
18990,6960.3488
18991,6960.3496
18992,6960.3500
18993,6960.3505
18994,6960.3512
18995,6960.3519
18996,6960.3524
18997,6960.3528
18998,6963.3976
18999,6963.3983
19000,6963.3988
19001,6963.4004
19002,6963.4011
19003,6963.4021
19004,6963.4026
19005,6963.4033
19006,6966.7361
19007,6966.7372
19008,6966.7381
19009,6966.7389
19010,6966.7393
19011,6966.7398
19012,6966.7403
19013,6966.7408
19014,6966.7413
19015,6966.7422
19016,6969.8727
19017,6969.8737
19018,6969.8745
19019,6969.8749
19020,6969.8758
19021,6969.8762
19022,6969.8769
19023,6973.1225
19024,6973.1237
19025,6973.1241
19026,6973.1246
19027,6973.1251
19028,6973.1260
19029,6973.1264
19030,6973.1269
19031,6973.1273
19032,6973.1281
19033,6976.6479
19034,6976.6485
19035,6976.6491
19036,6976.6497
19037,6976.6505
19038,6976.6510
19039,6976.6518
19040,6976.6522
19041,6976.6530
19042,6976.6534
19043,6980.3406
19044,6980.3412
19045,6980.3419
19046,6980.3423
19047,6980.3431
19048,6980.3438
19049,6980.3444
19050,6980.3451
19051,6980.3455
19052,6980.3460
19053,6980.3464
19054,6980.3467
19055,6983.8267
19056,6983.8276
19057,6983.8293
19058,6983.8297
19059,6983.8306
19060,6983.8315
19061,6983.8323
19062,6987.0655
19063,6987.0663
19064,6987.0671
19065,6987.0676
19066,6987.0685
19067,6987.0695
19068,6987.0703
19069,6990.3102
19070,6990.3109
19071,6990.3115
19072,6990.3122
19073,6990.3129
19074,6990.3132
19075,6990.3138
19076,6990.3141
19077,6990.3145
19078,6993.7597
19079,6993.7608
19080,6993.7616
19081,6993.7624
19082,6993.7628
19083,6993.7632
19084,6993.7636
19085,6993.7640
19086,6993.7644
19087,6993.7652
19088,6993.7655
19089,6996.7916
19090,6996.7922
19091,6996.7928
19092,6996.7932
19093,6996.7936
19094,6996.7947
19095,6996.7955
19096,6996.7963
19097,7000.1367
19098,7000.1378
19099,7000.1383
19100,7000.1396
19101,7000.1404
19102,7003.2324
19103,7003.2345
19104,7003.2350
19105,7003.2366
19106,7003.2378
19107,7003.2384
19108,7003.2390
19109,7003.2395
19110,7006.7491
19111,7006.7510
19112,7006.7522
19113,7006.7527
19114,7006.7533
19115,7006.7543
19116,7006.7557
19117,7006.7563
19118,7006.7568
19119,7010.2471
19120,7010.2479
19121,7010.2486
19122,7010.2489
19123,7010.2496
19124,7010.2500
19125,7010.2503
19126,7010.2507
19127,7010.2513
19128,7010.2516
19129,7010.2520
19130,7013.4113
19131,7013.4129
19132,7013.4134
19133,7013.4141
19134,7013.4147
19135,7013.4158
19136,7013.4165
19137,7013.4179
19138,7013.4189
19139,7016.8314
19140,7016.8326
19141,7016.8338
19142,7016.8344
19143,7016.8355
19144,7016.8366
19145,7016.8377
19146,7020.2187
19147,7020.2196
19148,7020.2206
19149,7020.2212
19150,7020.2221
19151,7020.2228
19152,7020.2233
19153,7020.2243
19154,7020.2250
19155,7020.2262
19156,7023.1921
19157,7023.1936
19158,7023.1946
19159,7023.1953
19160,7023.1965
19161,7023.1976
19162,7026.6116
19163,7026.6132
19164,7026.6138
19165,7026.6147
19166,7026.6153
19167,7026.6164
19168,7026.6170
19169,7026.6175
19170,7026.6184
19171,7026.6190
19172,7026.6196
19173,7029.8088
19174,7029.8105
19175,7029.8112
19176,7029.8124
19177,7029.8129
19178,7029.8136
19179,7029.8147
19180,7029.8156
19181,7029.8162
19182,7029.8167
19183,7029.8173
19184,7029.8179
19185,7032.8597
19186,7032.8614
19187,7032.8625
19188,7032.8637
19189,7032.8647
19190,7035.8323
19191,7035.8334
19192,7035.8342
19193,7035.8349
19194,7039.1880
19195,7039.1887
19196,7039.1897
19197,7039.1907
19198,7039.1917
19199,7039.1927
19200,7042.2110
19201,7042.2125
19202,7042.2132
19203,7042.2138
19204,7042.2148
19205,7042.2160
19206,7042.2167
19207,7042.2177
19208,7042.2188
19209,7045.3770
19210,7045.3776
19211,7045.3786
19212,7045.3801
19213,7045.3811
19214,7045.3816
19215,7045.3820
19216,7045.3829
19217,7048.6123
19218,7048.6135
19219,7048.6145
19220,7048.6150
19221,7048.6161
19222,7048.6166
19223,7048.6172
19224,7048.6177
19225,7048.6181
19226,7048.6191
19227,7052.0774
19228,7052.0781
19229,7052.0790
19230,7052.0800
19231,7052.0805
19232,7052.0814
19233,7052.0819
19234,7052.0828
19235,7055.4239
19236,7055.4245
19237,7055.4250
19238,7055.4257
19239,7055.4263
19240,7055.4269
19241,7055.4274
19242,7055.4284
19243,7055.4288
19244,7055.4295
19245,7055.4302
19246,7055.4308
19247,7055.4317
19248,7055.4328
19249,7058.9090
19250,7058.9100
19251,7058.9110
19252,7058.9120
19253,7058.9125
19254,7058.9134
19255,7058.9139
19256,7058.9145
19257,7058.9151
19258,7058.9157
19259,7058.9162
19260,7062.4832
19261,7062.4842
19262,7062.4847
19263,7062.4854
19264,7062.4864
19265,7062.4878
19266,7062.4888
19267,7065.6687
19268,7065.6698
19269,7065.6708
19270,7065.6717
19271,7065.6722
19272,7065.6733
19273,7068.7899
19274,7068.7910
19275,7068.7915
19276,7068.7922
19277,7068.7928
19278,7068.7935
19279,7068.7944
19280,7068.7950
19281,7068.7956
19282,7068.7962
19283,7068.7968
19284,7068.7973
19285,7068.7977
19286,7072.3863
19287,7072.3870
19288,7072.3880
19289,7072.3889
19290,7072.3899
19291,7075.3230
19292,7075.3241
19293,7075.3250
19294,7075.3256
19295,7075.3265
19296,7075.3274
19297,7075.3279
19298,7078.4292
19299,7078.4308
19300,7078.4313
19301,7078.4323
19302,7078.4328
19303,7078.4338
19304,7078.4348
19305,7081.4194
19306,7081.4204
19307,7081.4214
19308,7081.4223
19309,7081.4228
19310,7081.4243
19311,7081.4253
19312,7084.5553
19313,7084.5564
19314,7084.5570
19315,7084.5581
19316,7084.5591
19317,7084.5601
19318,7084.5606
19319,7087.6779
19320,7087.6790
19321,7087.6801
19322,7087.6806
19323,7087.6821
19324,7087.6835
19325,7087.6844
19326,7090.8874
19327,7090.8881
19328,7090.8890
19329,7090.8901
19330,7090.8905
19331,7090.8912
19332,7090.8919
19333,7090.8924
19334,7090.8929
19335,7090.8940
19336,7090.8945
19337,7090.8950
19338,7090.8955
19339,7094.0897
19340,7094.0909
19341,7094.0920
19342,7094.0925
19343,7094.0934
19344,7094.0944
19345,7094.0949
19346,7094.0954
19347,7097.4675
19348,7097.4695
19349,7097.4705
19350,7097.4714
19351,7097.4718
19352,7097.4723
19353,7097.4731
19354,7097.4741
19355,7097.4746
19356,7097.4752
19357,7097.4757
19358,7097.4766
19359,7100.9351
19360,7100.9361
19361,7100.9366
19362,7100.9376
19363,7100.9387
19364,7100.9396
19365,7100.9401
19366,7104.8700
19367,7104.8728
19368,7104.8738
19369,7104.8743
19370,7104.8753
19371,7104.8768
19372,7104.8777
19373,7104.8782
19374,7108.2960
19375,7108.2971
19376,7108.2976
19377,7108.2981
19378,7108.2986
19379,7108.2998
19380,7108.3003
19381,7108.3007
19382,7108.3017
19383,7108.3027
19384,7108.3031
19385,7108.3036
19386,7111.3795
19387,7111.3803
19388,7111.3814
19389,7111.3824
19390,7111.3829
19391,7111.3838
19392,7111.3843
19393,7111.3853
19394,7111.3858
19395,7114.7785
19396,7114.7794
19397,7114.7800
19398,7114.7810
19399,7114.7815
19400,7114.7820
19401,7114.7829
19402,7114.7839
19403,7114.7844
19404,7114.7849
19405,7114.7854
19406,7114.7870
19407,7117.8102
19408,7117.8117
19409,7117.8127
19410,7117.8132
19411,7117.8137
19412,7117.8147
19413,7117.8152
19414,7117.8156
19415,7117.8166
19416,7121.1794
19417,7121.1807
19418,7121.1818
19419,7121.1827
19420,7121.1832
19421,7121.1837
19422,7121.1842
19423,7121.1847
19424,7121.1852
19425,7121.1861
19426,7121.1866
19427,7121.1873
19428,7124.6601
19429,7124.6609
19430,7124.6616
19431,7124.6621
19432,7124.6632
19433,7124.6641
19434,7124.6656
19435,7124.6665
19436,7127.8292
19437,7127.8307
19438,7127.8313
19439,7127.8323
19440,7127.8328
19441,7127.8332
19442,7127.8342
19443,7127.8347
19444,7127.8356
19445,7131.2077
19446,7131.2090
19447,7131.2097
19448,7131.2101
19449,7131.2108
19450,7131.2117
19451,7131.2127
19452,7131.2132
19453,7131.2137
19454,7131.2148
19455,7131.2153
19456,7134.0394
19457,7134.0414
19458,7134.0420
19459,7134.0425
19460,7134.0437
19461,7134.0443
19462,7134.0454
19463,7134.0466
19464,7137.6628
19465,7137.6637
19466,7137.6649
19467,7137.6660
19468,7137.6673
19469,7141.2720
19470,7141.2733
19471,7141.2745
19472,7141.2750
19473,7141.2756
19474,7141.2761
19475,7141.2771
19476,7141.2781
19477,7141.2787
19478,7141.2791
19479,7141.2796
19480,7144.6213
19481,7144.6221
19482,7144.6233
19483,7144.6239
19484,7144.6250
19485,7144.6259
19486,7144.6265
19487,7144.6270
19488,7144.6279
19489,7144.6287
19490,7144.6291
19491,7147.7244
19492,7147.7260
19493,7147.7266
19494,7147.7276
19495,7147.7285
19496,7147.7291
19497,7147.7300
19498,7147.7305
19499,7147.7311
19500,7155.5677
19501,7155.5690
19502,7155.5697
19503,7155.5714
19504,7155.5720
19505,7155.5730
19506,7155.5740
19507,7155.5745
19508,7158.7338
19509,7158.7347
19510,7158.7355
19511,7158.7362
19512,7158.7375
19513,7158.7380
19514,7158.7385
19515,7158.7391
19516,7158.7398
19517,7158.7404
19518,7158.7413
19519,7158.7423
19520,7158.7428
19521,7158.7439
19522,7162.0534
19523,7162.0543
19524,7162.0554
19525,7162.0563
19526,7162.0569
19527,7162.0578
19528,7162.0589
19529,7162.0593
19530,7165.3685
19531,7165.3693
19532,7165.3703
19533,7165.3708
19534,7165.3713
19535,7165.3722
19536,7165.3728
19537,7165.3733
19538,7165.3740
19539,7165.3747
19540,7165.3758
19541,7165.3763
19542,7165.3769
19543,7168.5990
19544,7168.5999
19545,7168.6005
19546,7168.6012
19547,7168.6021
19548,7168.6033
19549,7168.6038
19550,7168.6049
19551,7168.6060
19552,7171.8682
19553,7171.8695
19554,7171.8701
19555,7171.8711
19556,7171.8717
19557,7171.8727
19558,7171.8732
19559,7171.8741
19560,7175.1740
19561,7175.1748
19562,7175.1758
19563,7175.1763
19564,7175.1770
19565,7175.1779
19566,7175.1784
19567,7175.1795
19568,7175.1804
19569,7175.1809
19570,7175.1814
19571,7179.1989
19572,7179.2005
19573,7179.2015
19574,7179.2021
19575,7179.2030
19576,7179.2036
19577,7179.2040
19578,7182.2824
19579,7182.2837
19580,7182.2849
19581,7182.2855
19582,7182.2865
19583,7182.2875
19584,7182.2881
19585,7182.2886
19586,7185.2901
19587,7185.2911
19588,7185.2925
19589,7185.2930
19590,7185.2940
19591,7185.2949
19592,7185.2959
19593,7185.2964
19594,7188.5134
19595,7188.5143
19596,7188.5155
19597,7188.5160
19598,7188.5169
19599,7188.5174
19600,7188.5184
19601,7188.5193
19602,7191.7990
19603,7191.8003
19604,7191.8009
19605,7191.8014
19606,7191.8024
19607,7191.8029
19608,7191.8038
19609,7191.8049
19610,7191.8054
19611,7191.8060
19612,7195.2031
19613,7195.2039
19614,7195.2045
19615,7195.2050
19616,7195.2059
19617,7195.2064
19618,7195.2074
19619,7195.2079
19620,7195.2088
19621,7195.2093
19622,7198.8423
19623,7198.8438
19624,7198.8449
19625,7198.8454
19626,7198.8458
19627,7198.8464
19628,7198.8469
19629,7198.8473
19630,7198.8485
19631,7198.8489
19632,7198.8498
19633,7198.8503
19634,7202.1262
19635,7202.1272
19636,7202.1282
19637,7202.1291
19638,7202.1297
19639,7202.1306
19640,7202.1311
19641,7202.1316
19642,7202.1321
19643,7202.1332
19644,7205.5981
19645,7205.5992
19646,7205.6002
19647,7205.6007
19648,7205.6012
19649,7205.6022
19650,7205.6027
19651,7205.6041
19652,7205.6046
19653,7205.6055
19654,7205.6060
19655,7205.6065
19656,7208.6952
19657,7208.6961
19658,7208.6967
19659,7208.6977
19660,7208.6987
19661,7208.6996
19662,7208.7006
19663,7208.7011
19664,7211.7899
19665,7211.7912
19666,7211.7924
19667,7211.7933
19668,7215.4742
19669,7215.4750
19670,7215.4761
19671,7215.4770
19672,7215.4780
19673,7215.4785
19674,7215.4795
19675,7218.8914
19676,7218.8923
19677,7218.8928
19678,7218.8934
19679,7218.8939
19680,7218.8944
19681,7218.8950
19682,7218.8960
19683,7218.8969
19684,7218.8978
19685,7218.8988
19686,7218.8993
19687,7221.8248
19688,7221.8262
19689,7221.8268
19690,7221.8278
19691,7221.8289
19692,7221.8299
19693,7224.8898
19694,7224.8907
19695,7224.8923
19696,7224.8933
19697,7224.8939
19698,7224.8948
19699,7224.8958
19700,7224.8963
19701,7224.8968
19702,7224.8973
19703,7224.8978
19704,7228.3690
19705,7228.3703
19706,7228.3709
19707,7228.3714
19708,7228.3719
19709,7228.3724
19710,7228.3729
19711,7228.3739
19712,7227.8706
19713,7227.8718
19714,7227.8723
19715,7231.4561
19716,7231.4575
19717,7231.4587
19718,7231.4598
19719,7231.4610
19720,7231.4615
19721,7234.6295
19722,7234.6309
19723,7234.6320
19724,7234.6325
19725,7234.6335
19726,7234.6341
19727,7234.6346
19728,7234.6357
19729,7234.6362
19730,7234.6367
19731,7238.1452
19732,7238.1459
19733,7238.1464
19734,7238.1468
19735,7238.1473
19736,7238.1483
19737,7238.1488
19738,7238.1504
19739,7238.1508
19740,7238.1515
19741,7238.1520
19742,7238.1529
19743,7241.4296
19744,7241.4308
19745,7241.4314
19746,7241.4324
19747,7241.4342
19748,7241.4355
19749,7241.4364
19750,7244.6173
19751,7244.6180
19752,7244.6186
19753,7244.6192
19754,7244.6197
19755,7244.6211
19756,7244.6221
19757,7244.6230
19758,7244.6235
19759,7244.6242
19760,7247.7501
19761,7247.7509
19762,7247.7519
19763,7247.7525
19764,7247.7531
19765,7247.7541
19766,7247.7547
19767,7247.7560
19768,7251.2061
19769,7251.2067
19770,7251.2077
19771,7251.2082
19772,7251.2092
19773,7251.2104
19774,7251.2113
19775,7254.4715
19776,7254.4726
19777,7254.4737
19778,7254.4742
19779,7254.4747
19780,7254.4757
19781,7254.4767
19782,7257.7181
19783,7257.7189
19784,7257.7199
19785,7257.7204
19786,7257.7210
19787,7257.7221
19788,7257.7226
19789,7257.7232
19790,7257.7242
19791,7257.7247
19792,7257.7253
19793,7257.7259
19794,7260.8310
19795,7260.8317
19796,7260.8324
19797,7260.8330
19798,7260.8342
19799,7260.8347
19800,7260.8353
19801,7260.8364
19802,7260.8368
19803,7260.8378
19804,7260.8383
19805,7263.9863
19806,7263.9869
19807,7263.9875
19808,7263.9885
19809,7263.9891
19810,7263.9897
19811,7263.9902
19812,7263.9908
19813,7263.9918
19814,7263.9929
19815,7263.9934
19816,7263.9940
19817,7263.9951
19818,7267.4703
19819,7267.4726
19820,7267.4732
19821,7267.4738
19822,7267.4744
19823,7267.4753
19824,7267.4758
19825,7267.4768
19826,7267.4772
19827,7267.4778
19828,7270.6042
19829,7270.6049
19830,7270.6055
19831,7270.6069
19832,7270.6078
19833,7270.6083
19834,7270.6089
19835,7270.6100
19836,7270.6111
19837,7270.6116
19838,7274.1288
19839,7274.1295
19840,7274.1305
19841,7274.1309
19842,7274.1315
19843,7274.1325
19844,7274.1331
19845,7274.1336
19846,7274.1340
19847,7274.1351
19848,7277.1287
19849,7277.1298
19850,7277.1308
19851,7277.1319
19852,7277.1328
19853,7280.3641
19854,7280.3650
19855,7280.3658
19856,7280.3662
19857,7280.3674
19858,7280.3680
19859,7280.3684
19860,7283.6729
19861,7283.6742
19862,7283.6752
19863,7283.6758
19864,7283.6767
19865,7283.6772
19866,7286.8806
19867,7286.8819
19868,7286.8830
19869,7286.8835
19870,7286.8844
19871,7286.8854
19872,7290.1413
19873,7290.1421
19874,7290.1433
19875,7290.1440
19876,7290.1447
19877,7290.1454
19878,7290.1465
19879,7290.1469
19880,7290.1475
19881,7290.1485
19882,7290.1497
19883,7293.6776
19884,7293.6788
19885,7293.6798
19886,7293.6805
19887,7293.6810
19888,7293.6816
19889,7293.6829
19890,7293.6834
19891,7293.6844
19892,7293.6850
19893,7297.0544
19894,7297.0555
19895,7297.0566
19896,7297.0570
19897,7297.0576
19898,7297.0582
19899,7297.0587
19900,7297.0593
19901,7297.0603
19902,7297.0607
19903,7300.0463
19904,7300.0474
19905,7300.0479
19906,7300.0488
19907,7300.0498
19908,7300.0508
19909,7303.2389
19910,7303.2396
19911,7303.2401
19912,7303.2411
19913,7303.2422
19914,7303.2432
19915,7303.2442
19916,7303.2447
19917,7303.2457
19918,7306.4670
19919,7306.4680
19920,7306.4685
19921,7306.4695
19922,7306.4709
19923,7306.4715
19924,7306.4726
19925,7306.4730
19926,7306.4735
19927,7309.7960
19928,7309.7967
19929,7309.7977
19930,7309.7982
19931,7309.7992
19932,7309.7997
19933,7309.8003
19934,7309.8010
19935,7309.8016
19936,7309.8021
19937,7309.8026
19938,7309.8035
19939,7309.8046
19940,7313.3937
19941,7313.3950
19942,7313.3958
19943,7313.3973
19944,7313.3982
19945,7313.3995
19946,7313.4008
19947,7313.4024
19948,7317.1624
19949,7317.1631
19950,7317.1638
19951,7317.1648
19952,7317.1660
19953,7317.1665
19954,7317.1674
19955,7320.4811
19956,7320.4817
19957,7320.4827
19958,7320.4836
19959,7320.4841
19960,7320.4851
19961,7320.4861
19962,7323.7291
19963,7323.7298
19964,7323.7308
19965,7323.7318
19966,7323.7323
19967,7323.7330
19968,7323.6366
19969,7323.6383
19970,7323.6389
19971,7323.6395
19972,7323.6402
19973,7323.6414
19974,7326.8274
19975,7326.8282
19976,7326.8293
19977,7326.8299
19978,7326.8305
19979,7326.8311
19980,7326.8317
19981,7326.8329
19982,7326.8337
19983,7326.8348
19984,7326.8359
19985,7330.5843
19986,7330.5856
19987,7330.5863
19988,7330.5869
19989,7330.5874
19990,7330.5880
19991,7330.5885
19992,7330.5896
19993,7330.5901
19994,7330.5907
19995,7330.5919
19996,7330.5925
19997,7330.5930
19998,7330.5934
19999,7330.5940
