workload,skew,mode,workers,isolation,pg_retry_jitter,tps,source_run,trial,total_queries,shared_buffers,db_rows,reset_time_ms,reset_mode,restore_write_mib,settle_wait_s,settle_qd1_median_us,settle_qd8_median_us,settle_wr_median_us,wall_time_ms,wall_including_drains_ms,completed_tps,device,device_window_ms,device_read_mib,device_write_mib,device_read_ios,device_read_await_ms,device_write_ios,checkpoint_ms,checkpoint_write_ms,checkpoint_sync_ms,checkpoint_total_ms,checkpoint_sync_files,checkpoint_longest_sync_ms,checkpoint_write_mib,blks_read,blks_hit,hit_ratio_pct,blk_read_time_ms,blk_write_time_ms,buffers_backend,divergence_count,permanent_failures,validated_completed_queries,merkle_verify,workload_sha256,artifact_dir,retry_attempts,retry_backoff_requested_ms,retry_exhausted,fanout,partitions,split_threshold,merge_threshold,baseline_node_rows,baseline_leaf_rows,campaign,fillfactor
a,0.0,pg,1,serializable,on,1454.0167211922937,runs/pg_serializable,1,20000,32MB,100000000,41338.89377999731,delta,2.5234375,30.0,107.59049999999999,241.8465,392.728,13755,13755,1454.01,/sys/devices/pci0000:00/0000:00:02.2/0000:23:00.0/nvme/nvme0/nvme0n1/nvme0n1p2,14019.341644001543,328.67578125,280.1796875,40816,0.1482996863974912,26432,164.15546099597123,14.0,113.0,145.0,30,23.0,105.83984375,43366,135308,75.7289812731567,6451.75,97.98899999999958,12610,0,0,20000,N/A,7a031904b743e46ac36c81f8ee675141eec90f2831dd31f8788bed7a36bd1b83,/work/ARIABC/AriaBC/Final_Results/OOM_100M/runs/pg_serializable/a_s0.0_pg_w1_t1,0,0,0,,,,,,,published_20260929,
a,0.0,pg,4,serializable,on,2942.4746211563925,runs/pg_serializable,1,20000,32MB,100000000,107363.06900999625,delta,326.875,30.0,109.42,242.929,393.481,6797,6797,2942.48,/sys/devices/pci0000:00/0000:00:02.2/0000:23:00.0/nvme/nvme0/nvme0n1/nvme0n1p2,7064.155236999795,328.05078125,245.4296875,40710,0.3761483664947187,20950,204.6722269951715,13.0,154.0,187.0,30,43.0,129.125,43300,133065,75.44864343832393,15835.266000000003,136.22600000000057,15781,0,0,20000,N/A,7a031904b743e46ac36c81f8ee675141eec90f2831dd31f8788bed7a36bd1b83,/work/ARIABC/AriaBC/Final_Results/OOM_100M/runs/pg_serializable/a_s0.0_pg_w4_t1,0,0,0,,,,,,,published_20260929,
a,0.0,pg,8,serializable,on,4373.496610540127,runs/pg_serializable,1,20000,32MB,100000000,105561.95654300245,delta,55.140625,30.0,109.28450000000001,244.4065,391.7865,4573,4573,4372.87,/sys/devices/pci0000:00/0000:00:02.2/0000:23:00.0/nvme/nvme0/nvme0n1/nvme0n1p2,4838.886279998405,327.87109375,216.703125,40646,0.5306057176597944,14753,196.8018449988449,13.0,147.0,179.0,30,31.0,136.69921875,43269,133402,75.50871393720531,22148.924999999996,149.85199999999895,16803,0,0,20000,N/A,7a031904b743e46ac36c81f8ee675141eec90f2831dd31f8788bed7a36bd1b83,/work/ARIABC/AriaBC/Final_Results/OOM_100M/runs/pg_serializable/a_s0.0_pg_w8_t1,0,0,0,,,,,,,published_20260929,
a,0.0,pg,16,serializable,on,5961.251862891208,runs/pg_serializable,1,20000,32MB,100000000,111830.65814399743,delta,762.95703125,30.0,105.612,243.1135,392.27750000000003,3355,3355,5961.25,/sys/devices/pci0000:00/0000:00:02.2/0000:23:00.0/nvme/nvme0/nvme0n1/nvme0n1p2,3616.1654709940194,327.50390625,192.21875,40620,0.8100689315608075,8881,201.0704380008974,13.0,151.0,184.0,30,32.0,140.5234375,43280,134480,75.65256525652565,33513.82800000001,160.91100000000006,17287,0,0,20000,N/A,7a031904b743e46ac36c81f8ee675141eec90f2831dd31f8788bed7a36bd1b83,/work/ARIABC/AriaBC/Final_Results/OOM_100M/runs/pg_serializable/a_s0.0_pg_w16_t1,1,0,0,,,,,,,published_20260929,
a,0.0,pg_rc,1,read committed,on,1449.5904906863811,runs/pg_read_committed,1,20000,32MB,100000000,105665.78454400587,delta,92.671875,30.0,103.8745,243.7305,392.438,13797,13797,1449.59,/sys/devices/pci0000:00/0000:00:02.2/0000:23:00.0/nvme/nvme0/nvme0n1/nvme0n1p2,14064.109727005416,327.38671875,279.16015625,40558,0.1508703584989398,26301,179.79104299593018,14.0,127.0,161.0,30,23.0,105.84375,43367,135307,75.72842159463605,6599.768000000004,96.57899999999972,12609,0,0,20000,N/A,7a031904b743e46ac36c81f8ee675141eec90f2831dd31f8788bed7a36bd1b83,/work/ARIABC/AriaBC/Final_Results/OOM_100M/runs/pg_read_committed/a_s0.0_pg_rc_w1_t1,0,0,0,,,,,,,published_20260929,
a,0.0,pg_rc,4,read committed,on,2984.1838257236645,runs/pg_read_committed,1,20000,32MB,100000000,38958.46790900396,delta,1.7265625,30.0,103.082,247.98250000000002,391.70550000000003,6702,6702,2984.02,/sys/devices/pci0000:00/0000:00:02.2/0000:23:00.0/nvme/nvme0/nvme0n1/nvme0n1p2,6968.442299999879,327.28125,244.21484375,40555,0.36984342251263713,20760,317.27441000111867,13.0,139.0,301.0,30,29.0,129.0234375,43299,133107,75.4549164994388,15589.562999999995,138.54700000000048,15784,0,0,20000,N/A,7a031904b743e46ac36c81f8ee675141eec90f2831dd31f8788bed7a36bd1b83,/work/ARIABC/AriaBC/Final_Results/OOM_100M/runs/pg_read_committed/a_s0.0_pg_rc_w4_t1,0,0,0,,,,,,,published_20260929,
a,0.0,pg_rc,8,read committed,on,4067.520846044336,runs/pg_read_committed,1,20000,32MB,100000000,105818.54058099998,delta,92.29296875,30.0,105.44149999999999,243.285,393.55550000000005,4917,4917,4067.08,/sys/devices/pci0000:00/0000:00:02.2/0000:23:00.0/nvme/nvme0/nvme0n1/nvme0n1p2,5182.519360998413,327.26171875,217.7421875,40554,0.5857128766582828,14771,231.8181899972842,13.0,182.0,214.0,30,40.0,135.13671875,43283,133487,75.51451038072071,24393.96,149.22999999999956,16615,0,0,20000,N/A,7a031904b743e46ac36c81f8ee675141eec90f2831dd31f8788bed7a36bd1b83,/work/ARIABC/AriaBC/Final_Results/OOM_100M/runs/pg_read_committed/a_s0.0_pg_rc_w8_t1,0,0,0,,,,,,,published_20260929,
a,0.0,pg_rc,16,read committed,on,5982.650314089142,runs/pg_read_committed,1,20000,32MB,100000000,111402.2630430045,delta,762.95703125,30.0,103.3935,246.0495,393.2645,3343,3343,5982.7,/sys/devices/pci0000:00/0000:00:02.2/0000:23:00.0/nvme/nvme0/nvme0n1/nvme0n1p2,3608.6959390013362,327.24609375,191.859375,40556,0.8166239274090147,8819,215.96589100226993,13.0,168.0,200.0,30,44.0,140.56640625,43304,134579,75.65590865906242,33779.636,158.48599999999897,17289,0,0,20000,N/A,7a031904b743e46ac36c81f8ee675141eec90f2831dd31f8788bed7a36bd1b83,/work/ARIABC/AriaBC/Final_Results/OOM_100M/runs/pg_read_committed/a_s0.0_pg_rc_w16_t1,0,0,0,,,,,,,published_20260929,
a,0.0,bcdb_det,1,deterministic (serializable),,1427.2461285948762,runs/det_merkle,1,20000,32MB,100000000,41360.46401099884,delta,2.45703125,30.0,104.15950000000001,242.397,392.052,14013,14013,1427.17,/sys/devices/pci0000:00/0000:00:02.2/0000:23:00.0/nvme/nvme0/nvme0n1/nvme0n1p2,14280.609999997978,328.7890625,279.03125,40792,0.1498578152578937,26296,180.43109700010973,16.0,128.0,163.0,30,23.0,106.29296875,43964,135201,75.46172522535093,6531.150999999998,95.8680000000004,12513,0,0,20000,N/A,7a031904b743e46ac36c81f8ee675141eec90f2831dd31f8788bed7a36bd1b83,/work/ARIABC/AriaBC/Final_Results/OOM_100M/runs/det_merkle/a_s0.0_bcdb_det_w1_t1,,,,,,,,,,published_20260929,
a,0.0,bcdb_det,4,deterministic (serializable),,3078.8177339901476,runs/det_merkle,1,20000,32MB,100000000,111957.14658399811,delta,762.5859375,30.0,103.22800000000001,244.9275,392.103,6496,6496,3078.76,/sys/devices/pci0000:00/0000:00:02.2/0000:23:00.0/nvme/nvme0/nvme0n1/nvme0n1p2,6807.226180000725,327.1875,243.1796875,40555,0.3000123289360128,20503,410.31186299733236,15.0,359.0,392.0,30,188.0,130.1328125,43820,132880,75.20090548953027,12771.205999999998,134.47600000000057,15701,0,0,20000,N/A,7a031904b743e46ac36c81f8ee675141eec90f2831dd31f8788bed7a36bd1b83,/work/ARIABC/AriaBC/Final_Results/OOM_100M/runs/det_merkle/a_s0.0_bcdb_det_w4_t1,,,,,,,,,,published_20260929,
a,0.0,bcdb_det,8,deterministic (serializable),,3743.215422047539,runs/det_merkle,1,20000,32MB,100000000,39235.26917500203,delta,1.53515625,30.0,105.56200000000001,245.123,393.18899999999996,5343,5343,3743.01,/sys/devices/pci0000:00/0000:00:02.2/0000:23:00.0/nvme/nvme0/nvme0n1/nvme0n1p2,5608.074913001474,327.03515625,216.421875,40546,0.5159325210871603,14300,247.93964700074866,15.0,196.0,230.0,30,80.0,135.296875,43883,133583,75.27244655314257,21559.536999999997,145.6180000000004,16329,0,0,20000,N/A,7a031904b743e46ac36c81f8ee675141eec90f2831dd31f8788bed7a36bd1b83,/work/ARIABC/AriaBC/Final_Results/OOM_100M/runs/det_merkle/a_s0.0_bcdb_det_w8_t1,,,,,,,,,,published_20260929,
a,0.0,bcdb_det,16,deterministic (serializable),,4977.600796416127,runs/det_merkle,1,20000,32MB,100000000,38912.543438000284,delta,2.0234375,30.0,104.926,244.031,392.4135,4018,4018,4977.04,/sys/devices/pci0000:00/0000:00:02.2/0000:23:00.0/nvme/nvme0/nvme0n1/nvme0n1p2,4289.331165997282,327.3515625,193.00390625,40557,0.7190867174593781,9051,196.35527100035688,15.0,149.0,182.0,30,32.0,139.1171875,43735,135515,75.60111576011158,29825.055999999997,159.1170000000002,16870,0,0,20000,N/A,7a031904b743e46ac36c81f8ee675141eec90f2831dd31f8788bed7a36bd1b83,/work/ARIABC/AriaBC/Final_Results/OOM_100M/runs/det_merkle/a_s0.0_bcdb_det_w16_t1,,,,,,,,,,published_20260929,
a,0.0,bcdb_merkle,1,deterministic (serializable),,907.3586788857635,runs/det_merkle,1,20000,32MB,100000000,54048.35377200288,delta,139.59375,30.0,105.7125,243.3495,392.74850000000004,22042,22042,907.32,/sys/devices/pci0000:00/0000:00:02.2/0000:23:00.0/nvme/nvme0/nvme0n1/nvme0n1p2,22316.877139001008,676.390625,487.96875,80882,0.15375485274844836,30276,377.6004899991676,15.0,316.0,360.0,38,96.0,285.37890625,113970,503748,81.54983341913301,12976.386999999995,277.9290000000001,40508,0,0,20000,PASS,7a031904b743e46ac36c81f8ee675141eec90f2831dd31f8788bed7a36bd1b83,/work/ARIABC/AriaBC/Final_Results/OOM_100M/runs/det_merkle/a_s0.0_bcdb_merkle_w1_t1,,,,32,200,32,8,,,published_20260929,
a,0.0,bcdb_merkle,4,deterministic (serializable),,1786.3522686673812,runs/det_merkle,1,20000,32MB,100000000,216054.39147400102,delta,963.47265625,30.0,104.24,241.211,394.00649999999996,11196,11196,1786.29,/sys/devices/pci0000:00/0000:00:02.2/0000:23:00.0/nvme/nvme0/nvme0n1/nvme0n1p2,11461.965173999488,674.12109375,442.91796875,80455,0.2577714250201976,24257,459.0361250011483,15.0,394.0,439.0,38,108.0,319.59375,113331,501437,81.5652408713531,21480.160000000003,337.60599999999977,45563,0,0,20000,PASS,7a031904b743e46ac36c81f8ee675141eec90f2831dd31f8788bed7a36bd1b83,/work/ARIABC/AriaBC/Final_Results/OOM_100M/runs/det_merkle/a_s0.0_bcdb_merkle_w4_t1,,,,32,200,32,8,,,published_20260929,
a,0.0,bcdb_merkle,8,deterministic (serializable),,2165.2051531882644,runs/det_merkle,1,20000,32MB,100000000,39324.97408599738,delta,2.09765625,30.0,104.58,244.667,393.4395,9237,9237,2165.07,/sys/devices/pci0000:00/0000:00:02.2/0000:23:00.0/nvme/nvme0/nvme0n1/nvme0n1p2,9505.996678002703,674.1171875,426.0390625,80458,0.4182306296452808,21259,480.88723800174193,15.0,415.0,465.0,38,124.0,325.55859375,113406,502719,81.59367011564211,34145.34299999999,361.6900000000005,46473,0,0,20000,PASS,7a031904b743e46ac36c81f8ee675141eec90f2831dd31f8788bed7a36bd1b83,/work/ARIABC/AriaBC/Final_Results/OOM_100M/runs/det_merkle/a_s0.0_bcdb_merkle_w8_t1,,,,32,200,32,8,,,published_20260929,
a,0.0,bcdb_merkle,16,deterministic (serializable),,2536.461636017755,runs/det_merkle,1,20000,32MB,100000000,39057.92633799865,delta,2.69140625,30.0,103.844,244.53699999999998,391.527,7885,7885,2536.29,/sys/devices/pci0000:00/0000:00:02.2/0000:23:00.0/nvme/nvme0/nvme0n1/nvme0n1p2,8236.567929998273,673.3125,407.875,80440,0.7172550969666832,17476,446.60226000269176,15.0,382.0,429.0,38,145.0,330.2890625,113163,506018,81.7237609035161,57775.381,383.5149999999994,47191,0,0,20000,PASS,7a031904b743e46ac36c81f8ee675141eec90f2831dd31f8788bed7a36bd1b83,/work/ARIABC/AriaBC/Final_Results/OOM_100M/runs/det_merkle/a_s0.0_bcdb_merkle_w16_t1,,,,32,200,32,8,,,published_20260929,
a,0.99,pg,1,serializable,on,2208.7244616234125,runs/pg_serializable,1,20000,32MB,100000000,107392.54556100059,delta,327.39453125,30.0,104.906,246.6605,394.0155,9055,9055,2208.68,/sys/devices/pci0000:00/0000:00:02.2/0000:23:00.0/nvme/nvme0/nvme0n1/nvme0n1p2,9326.026383998396,148.14453125,177.4453125,17210,0.12463683904706566,23748,124.59542299620807,19.0,75.0,106.0,30,31.0,42.921875,19505,128491,86.8205897456688,2109.9420000000027,31.868000000000393,4155,0,0,20000,N/A,a3f07805d1b15666b9ef9ce62daa7f441b622c08d151bc1c8d5ab67cfc97559b,/work/ARIABC/AriaBC/Final_Results/OOM_100M/runs/pg_serializable/a_s0.99_pg_w1_t1,0,0,0,,,,,,,published_20260929,
a,0.99,pg,4,serializable,on,4470.272686633884,runs/pg_serializable,1,20000,32MB,100000000,108465.57526099787,delta,697.0390625,30.0,104.06899999999999,243.459,391.936,4474,4474,4469.89,/sys/devices/pci0000:00/0000:00:02.2/0000:23:00.0/nvme/nvme0/nvme0n1/nvme0n1p2,4752.3618989944225,148.99609375,142.3125,17100,0.3551461988304094,16648,100.64911399967968,17.0,57.0,85.0,30,15.0,54.25,19605,127506,86.67332830311805,6118.036,52.99799999999959,6078,0,0,20000,N/A,a3f07805d1b15666b9ef9ce62daa7f441b622c08d151bc1c8d5ab67cfc97559b,/work/ARIABC/AriaBC/Final_Results/OOM_100M/runs/pg_serializable/a_s0.99_pg_w4_t1,66,81,0,,,,,,,published_20260929,
a,0.99,pg,8,serializable,on,6961.364427427776,runs/pg_serializable,1,20000,32MB,100000000,130359.85246899509,delta,329.015625,30.0,102.7765,246.79,391.20399999999995,2873,2873,6961.24,/sys/devices/pci0000:00/0000:00:02.2/0000:23:00.0/nvme/nvme0/nvme0n1/nvme0n1p2,3143.3492500000284,146.56640625,113.75,17019,0.490334332216934,9993,142.28080499742646,16.0,93.0,120.0,30,40.0,57.3203125,19663,128369,86.71706117596196,8448.511999999995,60.37700000000041,6604,0,0,20000,N/A,a3f07805d1b15666b9ef9ce62daa7f441b622c08d151bc1c8d5ab67cfc97559b,/work/ARIABC/AriaBC/Final_Results/OOM_100M/runs/pg_serializable/a_s0.99_pg_w8_t1,192,400,0,,,,,,,published_20260929,
a,0.99,pg,16,serializable,on,9779.9511002445,runs/pg_serializable,1,20000,32MB,100000000,41220.9466649947,delta,2.56640625,30.0,105.5625,243.675,392.2125,2045,2045,9777.98,/sys/devices/pci0000:00/0000:00:02.2/0000:23:00.0/nvme/nvme0/nvme0n1/nvme0n1p2,2311.3564169980236,146.9453125,94.5078125,17046,0.6672533145606008,5495,125.21667800319847,15.0,80.0,108.0,30,17.0,59.984375,19673,132379,87.06166311525004,11413.770000000004,67.21700000000055,7105,0,0,20000,N/A,a3f07805d1b15666b9ef9ce62daa7f441b622c08d151bc1c8d5ab67cfc97559b,/work/ARIABC/AriaBC/Final_Results/OOM_100M/runs/pg_serializable/a_s0.99_pg_w16_t1,586,2776,0,,,,,,,published_20260929,
a,0.99,pg_rc,1,read committed,on,2086.158339417962,runs/pg_read_committed,1,20000,32MB,100000000,41186.721440004476,delta,2.53515625,30.0,105.733,244.191,392.58799999999997,9587,9587,2086.05,/sys/devices/pci0000:00/0000:00:02.2/0000:23:00.0/nvme/nvme0/nvme0n1/nvme0n1p2,9851.680866995594,147.046875,179.41015625,17026,0.15188535181487137,23999,89.41948400024557,20.0,42.0,75.0,30,10.0,41.703125,19495,128484,86.82583339527906,2672.2679999999964,30.040999999999258,3955,0,0,20000,N/A,a3f07805d1b15666b9ef9ce62daa7f441b622c08d151bc1c8d5ab67cfc97559b,/work/ARIABC/AriaBC/Final_Results/OOM_100M/runs/pg_read_committed/a_s0.99_pg_rc_w1_t1,0,0,0,,,,,,,published_20260929,
a,0.99,pg_rc,4,read committed,on,4660.918200885574,runs/pg_read_committed,1,20000,32MB,100000000,105544.86727499898,delta,55.12109375,30.0,103.5135,245.0335,392.334,4291,4291,4660.39,/sys/devices/pci0000:00/0000:00:02.2/0000:23:00.0/nvme/nvme0/nvme0n1/nvme0n1p2,4567.672024000785,146.84375,141.94921875,17033,0.364527681559326,16699,101.9558890038752,16.0,59.0,86.0,30,15.0,53.765625,19622,127162,86.63205798997166,6325.609000000004,53.649999999999636,6053,0,0,20000,N/A,a3f07805d1b15666b9ef9ce62daa7f441b622c08d151bc1c8d5ab67cfc97559b,/work/ARIABC/AriaBC/Final_Results/OOM_100M/runs/pg_read_committed/a_s0.99_pg_rc_w4_t1,0,0,0,,,,,,,published_20260929,
a,0.99,pg_rc,8,read committed,on,6646.726487205052,runs/pg_read_committed,1,20000,32MB,100000000,41363.99414700281,delta,2.58984375,30.0,103.2775,242.803,393.605,3009,3009,6646.02,/sys/devices/pci0000:00/0000:00:02.2/0000:23:00.0/nvme/nvme0/nvme0n1/nvme0n1p2,3298.693748001824,146.8359375,113.94921875,17024,0.5887570488721805,10078,107.48195100313751,16.0,63.0,90.0,30,16.0,57.34375,19624,128102,86.71594709123647,10089.696000000004,60.33499999999913,6595,0,0,20000,N/A,a3f07805d1b15666b9ef9ce62daa7f441b622c08d151bc1c8d5ab67cfc97559b,/work/ARIABC/AriaBC/Final_Results/OOM_100M/runs/pg_read_committed/a_s0.99_pg_rc_w8_t1,0,0,0,,,,,,,published_20260929,
a,0.99,pg_rc,16,read committed,on,11487.650775416427,runs/pg_read_committed,1,20000,32MB,100000000,125137.37986599881,delta,7.109375,30.0,102.4865,245.04250000000002,392.22249999999997,1741,1741,11482.06,/sys/devices/pci0000:00/0000:00:02.2/0000:23:00.0/nvme/nvme0/nvme0n1/nvme0n1p2,2009.5250360027421,146.87890625,93.4296875,17035,0.6477839741708248,5347,107.98048600554466,17.0,64.0,93.0,30,17.0,60.80859375,19637,129328,86.81770885778539,11091.908000000003,66.21099999999933,6977,0,0,20000,N/A,a3f07805d1b15666b9ef9ce62daa7f441b622c08d151bc1c8d5ab67cfc97559b,/work/ARIABC/AriaBC/Final_Results/OOM_100M/runs/pg_read_committed/a_s0.99_pg_rc_w16_t1,0,0,0,,,,,,,published_20260929,
a,0.99,bcdb_det,1,deterministic (serializable),,2149.38205265986,runs/det_merkle,1,20000,32MB,100000000,108009.06999600193,delta,326.609375,30.0,146.333,272.284,392.9445,9305,9305,2149.21,/sys/devices/pci0000:00/0000:00:02.2/0000:23:00.0/nvme/nvme0/nvme0n1/nvme0n1p2,9578.108915000485,147.30859375,177.62890625,17031,0.11778521519581939,23778,93.82655999797862,23.0,43.0,78.0,30,10.0,43.46875,19595,133286,87.18284155650473,2106.3960000000006,29.431000000000495,3906,0,0,20000,N/A,a3f07805d1b15666b9ef9ce62daa7f441b622c08d151bc1c8d5ab67cfc97559b,/work/ARIABC/AriaBC/Final_Results/OOM_100M/runs/det_merkle/a_s0.99_bcdb_det_w1_t1,,,,,,,,,,published_20260929,
a,0.99,bcdb_det,4,deterministic (serializable),,3907.7764751856193,runs/det_merkle,1,20000,32MB,100000000,193573.29725899763,delta,332.0625,30.0,145.6765,261.7875,392.16099999999994,5118,5118,3907.41,/sys/devices/pci0000:00/0000:00:02.2/0000:23:00.0/nvme/nvme0/nvme0n1/nvme0n1p2,5400.4137519987125,146.76953125,149.07421875,17017,0.2994652406417112,18118,120.13163400115445,33.0,54.0,99.0,30,14.0,52.15234375,19737,133063,87.08311518324608,5204.477000000006,47.8179999999993,5484,0,0,20000,N/A,a3f07805d1b15666b9ef9ce62daa7f441b622c08d151bc1c8d5ab67cfc97559b,/work/ARIABC/AriaBC/Final_Results/OOM_100M/runs/det_merkle/a_s0.99_bcdb_det_w4_t1,,,,,,,,,,published_20260929,
a,0.99,bcdb_det,8,deterministic (serializable),,5178.663904712585,runs/det_merkle,1,20000,32MB,100000000,41240.65579300077,delta,2.43359375,30.0,105.928,242.748,392.068,3862,3862,5178.28,/sys/devices/pci0000:00/0000:00:02.2/0000:23:00.0/nvme/nvme0/nvme0n1/nvme0n1p2,4246.860224000557,147.2578125,124.921875,17104,0.44480823199251635,12398,108.42658999899868,18.0,58.0,90.0,30,15.0,55.09765625,19707,134457,87.21685996730754,7651.468000000001,49.69800000000032,5987,0,0,20000,N/A,a3f07805d1b15666b9ef9ce62daa7f441b622c08d151bc1c8d5ab67cfc97559b,/work/ARIABC/AriaBC/Final_Results/OOM_100M/runs/det_merkle/a_s0.99_bcdb_det_w8_t1,,,,,,,,,,published_20260929,
a,0.99,bcdb_det,16,deterministic (serializable),,7296.607077708865,runs/det_merkle,1,20000,32MB,100000000,107187.86160400123,delta,326.53125,30.0,103.4485,243.535,392.36350000000004,2741,2741,7295.74,/sys/devices/pci0000:00/0000:00:02.2/0000:23:00.0/nvme/nvme0/nvme0n1/nvme0n1p2,3010.9929049976927,146.5859375,105.30078125,17028,0.537820061075875,7837,110.51393599700532,20.0,62.0,92.0,30,17.0,58.7578125,19758,137094,87.40341213373117,9209.178,53.524999999999636,6449,0,0,20000,N/A,a3f07805d1b15666b9ef9ce62daa7f441b622c08d151bc1c8d5ab67cfc97559b,/work/ARIABC/AriaBC/Final_Results/OOM_100M/runs/det_merkle/a_s0.99_bcdb_det_w16_t1,,,,,,,,,,published_20260929,
a,0.99,bcdb_merkle,1,deterministic (serializable),,1318.652337311268,runs/det_merkle,1,20000,32MB,100000000,131246.2384270002,delta,1718.36328125,30.0,103.924,244.316,393.365,15167,15167,1318.6,/sys/devices/pci0000:00/0000:00:02.2/0000:23:00.0/nvme/nvme0/nvme0n1/nvme0n1p2,15432.922538999264,393.359375,321.01953125,45594,0.14484361977453172,26912,316.87629299995024,16.0,172.0,209.0,38,68.0,159.58203125,66755,452343,87.14019318124902,6890.730000000003,163.6849999999995,24839,0,0,20000,PASS,a3f07805d1b15666b9ef9ce62daa7f441b622c08d151bc1c8d5ab67cfc97559b,/work/ARIABC/AriaBC/Final_Results/OOM_100M/runs/det_merkle/a_s0.99_bcdb_merkle_w1_t1,,,,32,200,32,8,,,published_20260929,
a,0.99,bcdb_merkle,4,deterministic (serializable),,2272.4690376093627,runs/det_merkle,1,20000,32MB,100000000,120529.05634999843,delta,955.94921875,30.0,103.975,243.24450000000002,392.473,8801,8801,2272.29,/sys/devices/pci0000:00/0000:00:02.2/0000:23:00.0/nvme/nvme0/nvme0n1/nvme0n1p2,9071.065722997446,393.14453125,294.80078125,45585,0.25394318306460456,23305,257.4098069999309,16.0,203.0,238.0,38,76.0,175.77734375,66391,462753,87.45313185068714,11840.715000000004,203.3209999999999,27630,0,0,20000,PASS,a3f07805d1b15666b9ef9ce62daa7f441b622c08d151bc1c8d5ab67cfc97559b,/work/ARIABC/AriaBC/Final_Results/OOM_100M/runs/det_merkle/a_s0.99_bcdb_merkle_w4_t1,,,,32,200,32,8,,,published_20260929,
a,0.99,bcdb_merkle,8,deterministic (serializable),,2916.7274318214963,runs/det_merkle,1,20000,32MB,100000000,53529.31861699835,delta,139.60546875,30.0,102.9375,244.38150000000002,391.4015,6857,6857,2916.37,/sys/devices/pci0000:00/0000:00:02.2/0000:23:00.0/nvme/nvme0/nvme0n1/nvme0n1p2,7173.87805099861,392.94140625,277.5625,45581,0.36640266777824093,19876,280.17529499993543,16.0,225.0,260.0,38,78.0,180.8359375,66076,471029,87.6977499743998,16957.797999999995,218.1929999999993,28479,0,0,20000,PASS,a3f07805d1b15666b9ef9ce62daa7f441b622c08d151bc1c8d5ab67cfc97559b,/work/ARIABC/AriaBC/Final_Results/OOM_100M/runs/det_merkle/a_s0.99_bcdb_merkle_w8_t1,,,,32,200,32,8,,,published_20260929,
a,0.99,bcdb_merkle,16,deterministic (serializable),,3908.5401602501465,runs/det_merkle,1,20000,32MB,100000000,123852.96078399915,delta,956.25390625,30.0,106.10300000000001,244.23649999999998,392.5135,5117,5117,3908.11,/sys/devices/pci0000:00/0000:00:02.2/0000:23:00.0/nvme/nvme0/nvme0n1/nvme0n1p2,5384.100840001338,393.234375,255.06640625,45623,0.500953466453324,15145,298.31417400055216,21.0,241.0,282.0,38,87.0,186.63671875,65972,480950,87.93758524981624,22932.84500000001,225.54600000000028,29332,0,0,20000,PASS,a3f07805d1b15666b9ef9ce62daa7f441b622c08d151bc1c8d5ab67cfc97559b,/work/ARIABC/AriaBC/Final_Results/OOM_100M/runs/det_merkle/a_s0.99_bcdb_merkle_w16_t1,,,,32,200,32,8,,,published_20260929,
a,1.2,pg,1,serializable,on,2731.867231252561,runs/pg_serializable,1,20000,32MB,100000000,107290.44621600042,delta,327.23046875,30.0,112.2045,246.45499999999998,393.65549999999996,7321,7321,2731.67,/sys/devices/pci0000:00/0000:00:02.2/0000:23:00.0/nvme/nvme0/nvme0n1/nvme0n1p2,7619.959100004053,47.12109375,101.26953125,4636,0.1486194995685936,20469,54.29136299790116,26.0,3.0,39.0,30,0.0,14.5625,4299,119990,96.54112592425717,547.0630000000019,0.020000000000436557,45,0,0,20000,N/A,4f763c4243628beba2cf3841e69b2056e518dcb24ad3bc1c9ff7d255ff9700f2,/work/ARIABC/AriaBC/Final_Results/OOM_100M/runs/pg_serializable/a_s1.2_pg_w1_t1,0,0,0,,,,,,,published_20260929,
a,1.2,pg,4,serializable,on,5849.66364434045,runs/pg_serializable,1,20000,32MB,100000000,187760.417685,delta,60.27734375,30.0,111.43299999999999,245.583,393.0685,3419,3419,5849.43,/sys/devices/pci0000:00/0000:00:02.2/0000:23:00.0/nvme/nvme0/nvme0n1/nvme0n1p2,3680.156704002002,45.83984375,72.62890625,4458,0.3746074472857784,13050,60.43238200072665,17.0,11.0,37.0,30,1.0,13.578125,4302,129469,96.7840563350801,1602.1960000000036,0.886000000000422,136,0,0,20000,N/A,4f763c4243628beba2cf3841e69b2056e518dcb24ad3bc1c9ff7d255ff9700f2,/work/ARIABC/AriaBC/Final_Results/OOM_100M/runs/pg_serializable/a_s1.2_pg_w4_t1,1721,6715,0,,,,,,,published_20260929,
a,1.2,pg,8,serializable,on,7908.264136022143,runs/pg_serializable,1,20000,32MB,100000000,38988.91284099955,delta,1.75390625,30.0,103.0315,246.72899999999998,393.28700000000003,2529,2529,7906.28,/sys/devices/pci0000:00/0000:00:02.2/0000:23:00.0/nvme/nvme0/nvme0n1/nvme0n1p2,2840.687206000439,45.83203125,55.72265625,4463,0.500560161326462,8540,49.10713600111194,16.0,10.0,35.0,30,1.0,13.1171875,4308,150164,97.21114506188823,2139.364999999998,0.6260000000002037,116,0,0,20000,N/A,4f763c4243628beba2cf3841e69b2056e518dcb24ad3bc1c9ff7d255ff9700f2,/work/ARIABC/AriaBC/Final_Results/OOM_100M/runs/pg_serializable/a_s1.2_pg_w8_t1,5042,53964,0,,,,,,,published_20260929,
a,1.2,pg,16,serializable,on,9803.921568627451,runs/pg_serializable,1,20000,32MB,100000000,107217.89528999943,delta,327.36328125,30.0,104.9305,244.005,393.719,2040,2040,9799.3,/sys/devices/pci0000:00/0000:00:02.2/0000:23:00.0/nvme/nvme0/nvme0n1/nvme0n1p2,2300.7431240039296,45.7421875,48.5078125,4460,0.5661434977578476,6610,44.83134600013727,15.0,8.0,31.0,30,1.0,11.30078125,4331,194923,97.82639244381544,2437.6330000000016,0.41200000000026193,102,0,0,20000,N/A,4f763c4243628beba2cf3841e69b2056e518dcb24ad3bc1c9ff7d255ff9700f2,/work/ARIABC/AriaBC/Final_Results/OOM_100M/runs/pg_serializable/a_s1.2_pg_w16_t1,11926,218685,0,,,,,,,published_20260929,
a,1.2,pg_rc,1,read committed,on,2770.083102493075,runs/pg_read_committed,1,20000,32MB,100000000,107174.16941400006,delta,326.99609375,30.0,104.6455,244.79250000000002,392.894,7220,7220,2769.95,/sys/devices/pci0000:00/0000:00:02.2/0000:23:00.0/nvme/nvme0/nvme0n1/nvme0n1p2,7489.666836001561,45.90234375,100.75390625,4456,0.1436265709156194,20406,52.615453001635615,19.0,10.0,38.0,30,1.0,15.05859375,4299,120006,96.54157113551345,578.6869999999981,0.24899999999979627,71,0,0,20000,N/A,4f763c4243628beba2cf3841e69b2056e518dcb24ad3bc1c9ff7d255ff9700f2,/work/ARIABC/AriaBC/Final_Results/OOM_100M/runs/pg_read_committed/a_s1.2_pg_rc_w1_t1,0,0,0,,,,,,,published_20260929,
a,1.2,pg_rc,4,read committed,on,6397.952655150352,runs/pg_read_committed,1,20000,32MB,100000000,107344.22281999286,delta,327.23828125,30.0,105.0915,243.8,392.8035,3126,3126,6396.54,/sys/devices/pci0000:00/0000:00:02.2/0000:23:00.0/nvme/nvme0/nvme0n1/nvme0n1p2,3391.379713997594,45.85546875,69.94140625,4452,0.394429469901168,12610,49.05926899664337,17.0,8.0,34.0,30,1.0,13.609375,4304,123253,96.62582218145613,1692.3179999999993,0.3029999999998836,78,0,0,20000,N/A,4f763c4243628beba2cf3841e69b2056e518dcb24ad3bc1c9ff7d255ff9700f2,/work/ARIABC/AriaBC/Final_Results/OOM_100M/runs/pg_read_committed/a_s1.2_pg_rc_w4_t1,0,0,0,,,,,,,published_20260929,
a,1.2,pg_rc,8,read committed,on,9960.1593625498,runs/pg_read_committed,1,20000,32MB,100000000,105621.64069899882,delta,56.09765625,30.0,106.0535,242.31799999999998,393.877,2008,2008,9958.36,/sys/devices/pci0000:00/0000:00:02.2/0000:23:00.0/nvme/nvme0/nvme0n1/nvme0n1p2,2280.935529997805,45.8203125,50.48828125,4462,0.44217839533841324,7774,63.97506599751068,17.0,24.0,49.0,30,13.0,13.6796875,4315,131744,96.82858171822518,1901.3430000000008,0.9249999999992724,150,0,0,20000,N/A,4f763c4243628beba2cf3841e69b2056e518dcb24ad3bc1c9ff7d255ff9700f2,/work/ARIABC/AriaBC/Final_Results/OOM_100M/runs/pg_read_committed/a_s1.2_pg_rc_w8_t1,0,0,0,,,,,,,published_20260929,
a,1.2,pg_rc,16,read committed,on,11185.682326621923,runs/pg_read_committed,1,20000,32MB,100000000,39088.89352499682,delta,1.7734375,30.0,104.9205,245.00099999999998,392.11,1788,1788,11184.34,/sys/devices/pci0000:00/0000:00:02.2/0000:23:00.0/nvme/nvme0/nvme0n1/nvme0n1p2,2056.9005489960546,45.80078125,48.6796875,4451,0.41698494720287577,7193,51.355791998503264,17.0,11.0,35.0,30,0.0,13.25390625,4378,168979,97.47457558679488,1785.2669999999998,0.261000000000422,146,0,0,20000,N/A,4f763c4243628beba2cf3841e69b2056e518dcb24ad3bc1c9ff7d255ff9700f2,/work/ARIABC/AriaBC/Final_Results/OOM_100M/runs/pg_read_committed/a_s1.2_pg_rc_w16_t1,0,0,0,,,,,,,published_20260929,
a,1.2,bcdb_det,1,deterministic (serializable),,2641.658961828028,runs/det_merkle,1,20000,32MB,100000000,107466.59316200021,delta,326.53125,30.0,146.1135,273.115,393.52,7571,7571,2641.42,/sys/devices/pci0000:00/0000:00:02.2/0000:23:00.0/nvme/nvme0/nvme0n1/nvme0n1p2,7838.209609999467,45.7109375,99.35546875,4449,0.1434030119127894,20228,1204.0918489983596,1022.0,48.0,1141.0,30,30.0,17.60546875,4303,128704,96.76483192613922,575.9429999999993,0.01900000000023283,45,0,0,20000,N/A,4f763c4243628beba2cf3841e69b2056e518dcb24ad3bc1c9ff7d255ff9700f2,/work/ARIABC/AriaBC/Final_Results/OOM_100M/runs/det_merkle/a_s1.2_bcdb_det_w1_t1,,,,,,,,,,published_20260929,
a,1.2,bcdb_det,4,deterministic (serializable),,4692.632566870014,runs/det_merkle,1,20000,32MB,100000000,105843.11816199988,delta,54.90234375,30.0,104.76599999999999,244.272,392.99,4262,4262,4692.01,/sys/devices/pci0000:00/0000:00:02.2/0000:23:00.0/nvme/nvme0/nvme0n1/nvme0n1p2,4602.596492997691,45.94140625,80.92578125,4456,0.3141831238779174,15592,52.345301999594085,23.0,2.0,34.0,30,1.0,17.5625,4306,135784,96.92626168891427,1321.6779999999999,0.021000000000640284,48,0,0,20000,N/A,4f763c4243628beba2cf3841e69b2056e518dcb24ad3bc1c9ff7d255ff9700f2,/work/ARIABC/AriaBC/Final_Results/OOM_100M/runs/det_merkle/a_s1.2_bcdb_det_w4_t1,,,,,,,,,,published_20260929,
a,1.2,bcdb_det,8,deterministic (serializable),,6651.1473229132025,runs/det_merkle,1,20000,32MB,100000000,107823.02476100085,delta,92.0859375,30.0,104.1595,240.7895,391.24,3007,3007,6649.57,/sys/devices/pci0000:00/0000:00:02.2/0000:23:00.0/nvme/nvme0/nvme0n1/nvme0n1p2,3641.152600001078,45.75390625,62.6875,4452,0.33513027852650495,10958,256.1360159998003,37.0,8.0,56.0,30,1.0,17.74609375,4310,143165,97.07747075775555,1426.5570000000007,0.021000000000640284,51,0,0,20000,N/A,4f763c4243628beba2cf3841e69b2056e518dcb24ad3bc1c9ff7d255ff9700f2,/work/ARIABC/AriaBC/Final_Results/OOM_100M/runs/det_merkle/a_s1.2_bcdb_det_w8_t1,,,,,,,,,,published_20260929,
a,1.2,bcdb_det,16,deterministic (serializable),,7880.220646178093,runs/det_merkle,1,20000,32MB,100000000,136901.67769799882,delta,55.0546875,60.0,102.577,239.52249999999998,392.5335,2538,2538,7878.0,/sys/devices/pci0000:00/0000:00:02.2/0000:23:00.0/nvme/nvme0/nvme0n1/nvme0n1p2,2824.9443839995365,45.75390625,53.1328125,4451,0.4039541676027859,8526,70.3660180006409,22.0,5.0,36.0,30,1.0,17.1796875,4314,153502,97.26643686318243,1727.4879999999976,0.02599999999983993,55,0,0,20000,N/A,4f763c4243628beba2cf3841e69b2056e518dcb24ad3bc1c9ff7d255ff9700f2,/work/ARIABC/AriaBC/Final_Results/OOM_100M/runs/det_merkle/a_s1.2_bcdb_det_w16_t1,,,,,,,,,,published_20260929,
a,1.2,bcdb_merkle,1,deterministic (serializable),,1987.8739687903787,runs/det_merkle,1,20000,32MB,100000000,124919.81728999963,delta,957.78125,30.0,105.3315,240.4995,392.093,10061,10061,1987.8,/sys/devices/pci0000:00/0000:00:02.2/0000:23:00.0/nvme/nvme0/nvme0n1/nvme0n1p2,10327.373348998663,151.58984375,181.296875,16946,0.1317124985247256,24068,91.36933000263525,18.0,46.0,75.0,38,18.0,43.83984375,21589,387706,94.72532036794976,2314.8169999999955,34.373999999999796,4963,0,0,20000,PASS,4f763c4243628beba2cf3841e69b2056e518dcb24ad3bc1c9ff7d255ff9700f2,/work/ARIABC/AriaBC/Final_Results/OOM_100M/runs/det_merkle/a_s1.2_bcdb_merkle_w1_t1,,,,32,200,32,8,,,published_20260929,
a,1.2,bcdb_merkle,4,deterministic (serializable),,3000.3000300030003,runs/det_merkle,1,20000,32MB,100000000,136208.6209650006,delta,152.82421875,30.0,104.6505,249.43099999999998,391.327,6666,6666,2999.98,/sys/devices/pci0000:00/0000:00:02.2/0000:23:00.0/nvme/nvme0/nvme0n1/nvme0n1p2,7006.673545998638,152.4375,162.3046875,16997,0.2804612578690357,20764,112.00278600153979,18.0,57.0,86.0,38,23.0,50.68359375,21530,407862,94.98593359913552,4842.616999999998,47.72199999999975,6182,0,0,20000,PASS,4f763c4243628beba2cf3841e69b2056e518dcb24ad3bc1c9ff7d255ff9700f2,/work/ARIABC/AriaBC/Final_Results/OOM_100M/runs/det_merkle/a_s1.2_bcdb_merkle_w4_t1,,,,32,200,32,8,,,published_20260929,
a,1.2,bcdb_merkle,8,deterministic (serializable),,3768.607499528924,runs/det_merkle,1,20000,32MB,100000000,120842.06986599747,delta,153.71875,30.0,104.2755,241.4915,391.6875,5307,5307,3768.52,/sys/devices/pci0000:00/0000:00:02.2/0000:23:00.0/nvme/nvme0/nvme0n1/nvme0n1p2,5855.9961630016915,152.3125,146.33203125,17012,0.36115683047260755,17244,233.91755100237788,18.0,61.0,90.0,38,25.0,54.82421875,21417,423736,95.1888451835661,6218.969000000005,51.625,6727,0,0,20000,PASS,4f763c4243628beba2cf3841e69b2056e518dcb24ad3bc1c9ff7d255ff9700f2,/work/ARIABC/AriaBC/Final_Results/OOM_100M/runs/det_merkle/a_s1.2_bcdb_merkle_w8_t1,,,,32,200,32,8,,,published_20260929,
a,1.2,bcdb_merkle,16,deterministic (serializable),,4531.037607612143,runs/det_merkle,1,20000,32MB,100000000,114224.44121799708,delta,149.85546875,30.0,103.8495,242.438,392.2025,4414,4414,4531.05,/sys/devices/pci0000:00/0000:00:02.2/0000:23:00.0/nvme/nvme0/nvme0n1/nvme0n1p2,4685.626586000581,152.69140625,134.06640625,17040,0.38949530516431924,14605,135.30875899959938,31.0,68.0,112.0,38,26.0,57.00390625,21446,444244,95.39479052588632,6708.8269999999975,55.65300000000025,7142,0,0,20000,PASS,4f763c4243628beba2cf3841e69b2056e518dcb24ad3bc1c9ff7d255ff9700f2,/work/ARIABC/AriaBC/Final_Results/OOM_100M/runs/det_merkle/a_s1.2_bcdb_merkle_w16_t1,,,,32,200,32,8,,,published_20260929,
b,0.99,pg,1,serializable,on,4220.299641274531,runs/pg_serializable,1,20000,32MB,100000000,107482.15670399804,delta,327.44921875,30.0,104.8005,243.30349999999999,392.5025,4739,4739,4219.88,/sys/devices/pci0000:00/0000:00:02.2/0000:23:00.0/nvme/nvme0/nvme0n1/nvme0n1p2,4993.343349000497,147.49609375,22.71484375,17186,0.13470266495985103,2782,38.545302995771635,4.0,11.0,23.0,30,0.0,3.390625,19593,89576,82.0525973490643,2398.168000000005,0.35599999999976717,56,0,0,20000,N/A,983f19f6c60e9a602d47968b1c1b8ff0badda0e023f82d0d49dc6030e1f1e91c,/work/ARIABC/AriaBC/Final_Results/OOM_100M/runs/pg_serializable/b_s0.99_pg_w1_t1,0,0,0,,,,,,,published_20260929,
b,0.99,pg,4,serializable,on,11092.623405435386,runs/pg_serializable,1,20000,32MB,100000000,111745.70626300556,delta,763.42578125,30.0,103.9195,246.14,392.6185,1803,1803,11092.11,/sys/devices/pci0000:00/0000:00:02.2/0000:23:00.0/nvme/nvme0/nvme0n1/nvme0n1p2,2142.6387180035817,147.80859375,20.6640625,17228,0.23328302762944045,2495,41.51915399415884,5.0,14.0,26.0,30,1.0,4.74609375,19545,88931,81.98218960876139,4076.564999999995,2.0560000000004948,232,0,0,20000,N/A,983f19f6c60e9a602d47968b1c1b8ff0badda0e023f82d0d49dc6030e1f1e91c,/work/ARIABC/AriaBC/Final_Results/OOM_100M/runs/pg_serializable/b_s0.99_pg_w4_t1,1,1,0,,,,,,,published_20260929,
b,0.99,pg,8,serializable,on,15772.870662460567,runs/pg_serializable,1,20000,32MB,100000000,106026.50874399842,delta,98.66796875,30.0,147.45499999999998,272.03700000000003,394.235,1268,1268,15769.7,/sys/devices/pci0000:00/0000:00:02.2/0000:23:00.0/nvme/nvme0/nvme0n1/nvme0n1p2,1520.9097749975626,147.20703125,19.2578125,17178,0.4114565141460007,2276,43.064687997684814,4.0,15.0,27.0,30,1.0,5.21875,19638,89535,82.01203594295293,7121.010999999999,3.213999999999942,348,0,0,20000,N/A,983f19f6c60e9a602d47968b1c1b8ff0badda0e023f82d0d49dc6030e1f1e91c,/work/ARIABC/AriaBC/Final_Results/OOM_100M/runs/pg_serializable/b_s0.99_pg_w8_t1,2,2,0,,,,,,,published_20260929,
b,0.99,pg,16,serializable,on,17683.465959328027,runs/pg_serializable,1,20000,32MB,100000000,38918.073135995655,delta,1.77734375,30.0,105.367,245.42399999999998,391.89750000000004,1131,1131,17673.6,/sys/devices/pci0000:00/0000:00:02.2/0000:23:00.0/nvme/nvme0/nvme0n1/nvme0n1p2,1385.3547779945075,147.6484375,17.79296875,17160,0.7647435897435897,1962,45.64932500215946,4.0,18.0,31.0,30,1.0,6.125,19546,91021,82.32203098573716,13086.855000000003,4.3879999999990105,441,0,0,20000,N/A,983f19f6c60e9a602d47968b1c1b8ff0badda0e023f82d0d49dc6030e1f1e91c,/work/ARIABC/AriaBC/Final_Results/OOM_100M/runs/pg_serializable/b_s0.99_pg_w16_t1,7,3,0,,,,,,,published_20260929,
b,0.99,pg_rc,1,read committed,on,4031.4452731304173,runs/pg_read_committed,1,20000,32MB,100000000,111571.16065599985,delta,763.44921875,30.0,104.294,244.3655,393.073,4961,4961,4030.98,/sys/devices/pci0000:00/0000:00:02.2/0000:23:00.0/nvme/nvme0/nvme0n1/nvme0n1p2,5217.5025989999995,147.48828125,23.29296875,17185,0.1515274949083503,2853,33.81157600233564,4.0,7.0,20.0,30,0.0,2.9609375,19584,89986,82.12649447841562,2663.2449999999953,0.16499999999905413,35,0,0,20000,N/A,983f19f6c60e9a602d47968b1c1b8ff0badda0e023f82d0d49dc6030e1f1e91c,/work/ARIABC/AriaBC/Final_Results/OOM_100M/runs/pg_read_committed/b_s0.99_pg_rc_w1_t1,0,0,0,,,,,,,published_20260929,
b,0.99,pg_rc,4,read committed,on,12026.458208057727,runs/pg_read_committed,1,20000,32MB,100000000,41273.005768001894,delta,2.46875,30.0,103.4585,241.07600000000002,392.645,1663,1663,12020.84,/sys/devices/pci0000:00/0000:00:02.2/0000:23:00.0/nvme/nvme0/nvme0n1/nvme0n1p2,2040.0198900024407,147.59765625,20.7734375,17182,0.24473285996973576,2510,40.57207099685911,4.0,14.0,26.0,30,1.0,4.81640625,19569,88971,81.9707020453289,4255.6600000000035,2.4359999999996944,264,0,0,20000,N/A,983f19f6c60e9a602d47968b1c1b8ff0badda0e023f82d0d49dc6030e1f1e91c,/work/ARIABC/AriaBC/Final_Results/OOM_100M/runs/pg_read_committed/b_s0.99_pg_rc_w4_t1,0,0,0,,,,,,,published_20260929,
b,0.99,pg_rc,8,read committed,on,16353.229762878169,runs/pg_read_committed,1,20000,32MB,100000000,106036.48648699891,delta,92.24609375,30.0,104.52,244.0445,392.777,1223,1223,16349.93,/sys/devices/pci0000:00/0000:00:02.2/0000:23:00.0/nvme/nvme0/nvme0n1/nvme0n1p2,1480.3168619982898,147.4375,18.81640625,17182,0.399895239203818,2199,44.66550000506686,4.0,16.0,29.0,30,1.0,6.13671875,19594,89605,82.05661224003883,6924.1730000000025,4.2039999999997235,446,0,0,20000,N/A,983f19f6c60e9a602d47968b1c1b8ff0badda0e023f82d0d49dc6030e1f1e91c,/work/ARIABC/AriaBC/Final_Results/OOM_100M/runs/pg_read_committed/b_s0.99_pg_rc_w8_t1,0,0,0,,,,,,,published_20260929,
b,0.99,pg_rc,16,read committed,on,18639.32898415657,runs/pg_read_committed,1,20000,32MB,100000000,189264.3799150028,delta,332.14453125,30.0,103.2735,245.87,392.845,1073,1073,18626.72,/sys/devices/pci0000:00/0000:00:02.2/0000:23:00.0/nvme/nvme0/nvme0n1/nvme0n1p2,1328.9176800026326,147.4609375,17.140625,17164,0.7781402936378466,1871,45.86186200322118,5.0,16.0,30.0,30,1.0,6.12109375,19540,90972,82.3186622267265,13362.843,4.427999999999884,464,0,0,20000,N/A,983f19f6c60e9a602d47968b1c1b8ff0badda0e023f82d0d49dc6030e1f1e91c,/work/ARIABC/AriaBC/Final_Results/OOM_100M/runs/pg_read_committed/b_s0.99_pg_rc_w16_t1,0,0,0,,,,,,,published_20260929,
b,0.99,bcdb_det,1,deterministic (serializable),,4030.6328093510683,runs/det_merkle,1,20000,32MB,100000000,107301.90587199831,delta,327.12890625,30.0,106.13300000000001,242.95850000000002,393.053,4962,4962,4030.61,/sys/devices/pci0000:00/0000:00:02.2/0000:23:00.0/nvme/nvme0/nvme0n1/nvme0n1p2,5234.119763998024,147.359375,22.75,17180,0.13847497089639116,2787,36.424347999854945,5.0,5.0,20.0,30,0.0,3.24609375,19588,90406,82.19175591395894,2470.934000000001,0.11199999999917054,33,0,0,20000,N/A,983f19f6c60e9a602d47968b1c1b8ff0badda0e023f82d0d49dc6030e1f1e91c,/work/ARIABC/AriaBC/Final_Results/OOM_100M/runs/det_merkle/b_s0.99_bcdb_det_w1_t1,,,,,,,,,,published_20260929,
b,0.99,bcdb_det,4,deterministic (serializable),,8357.709987463435,runs/det_merkle,1,20000,32MB,100000000,105529.75649200016,delta,55.25,30.0,103.54849999999999,242.654,391.317,2393,2393,8356.17,/sys/devices/pci0000:00/0000:00:02.2/0000:23:00.0/nvme/nvme0/nvme0n1/nvme0n1p2,2723.242908999964,147.51953125,21.89453125,17161,0.2054658819416118,2676,39.608924998901784,5.0,11.0,25.0,30,0.0,3.765625,19586,89950,82.11912065439672,3601.6749999999956,0.23799999999937427,46,0,0,20000,N/A,983f19f6c60e9a602d47968b1c1b8ff0badda0e023f82d0d49dc6030e1f1e91c,/work/ARIABC/AriaBC/Final_Results/OOM_100M/runs/det_merkle/b_s0.99_bcdb_det_w4_t1,,,,,,,,,,published_20260929,
b,0.99,bcdb_det,8,deterministic (serializable),,10822.510822510823,runs/det_merkle,1,20000,32MB,100000000,41645.04202399985,delta,1.53515625,30.0,103.9245,243.80599999999998,393.68100000000004,1848,1848,10819.8,/sys/devices/pci0000:00/0000:00:02.2/0000:23:00.0/nvme/nvme0/nvme0n1/nvme0n1p2,2466.63172999979,147.40625,20.71875,17161,0.28529805955363907,2512,154.05583699975978,5.0,14.0,30.0,30,1.0,4.71875,19556,90956,82.30418416099609,4966.754000000001,1.977999999999156,218,0,0,20000,N/A,983f19f6c60e9a602d47968b1c1b8ff0badda0e023f82d0d49dc6030e1f1e91c,/work/ARIABC/AriaBC/Final_Results/OOM_100M/runs/det_merkle/b_s0.99_bcdb_det_w8_t1,,,,,,,,,,published_20260929,
b,0.99,bcdb_det,16,deterministic (serializable),,13821.7000691085,runs/det_merkle,1,20000,32MB,100000000,105679.07285900219,delta,101.1171875,30.0,107.726,243.8005,391.8115,1447,1447,13819.77,/sys/devices/pci0000:00/0000:00:02.2/0000:23:00.0/nvme/nvme0/nvme0n1/nvme0n1p2,1764.8898549996375,147.39453125,19.26953125,17168,0.38595060577819196,2276,48.71586599983857,4.0,16.0,28.0,30,1.0,5.734375,19638,92362,82.46607142857142,6740.5,2.92200000000048,314,0,0,20000,N/A,983f19f6c60e9a602d47968b1c1b8ff0badda0e023f82d0d49dc6030e1f1e91c,/work/ARIABC/AriaBC/Final_Results/OOM_100M/runs/det_merkle/b_s0.99_bcdb_det_w16_t1,,,,,,,,,,published_20260929,
b,0.99,bcdb_merkle,1,deterministic (serializable),,3402.5178632187817,runs/det_merkle,1,20000,32MB,100000000,125543.61561000042,delta,956.0078125,30.0,101.935,242.963,394.44100000000003,5878,5878,3402.36,/sys/devices/pci0000:00/0000:00:02.2/0000:23:00.0/nvme/nvme0/nvme0n1/nvme0n1p2,6138.7877839988505,185.5546875,50.9921875,21830,0.13540998625744388,4209,62.902961999498075,9.0,21.0,39.0,38,3.0,10.6328125,26226,121822,82.28547498108722,3110.6919999999955,6.219999999999345,771,0,0,20000,PASS,983f19f6c60e9a602d47968b1c1b8ff0badda0e023f82d0d49dc6030e1f1e91c,/work/ARIABC/AriaBC/Final_Results/OOM_100M/runs/det_merkle/b_s0.99_bcdb_merkle_w1_t1,,,,32,200,32,8,,,published_20260929,
b,0.99,bcdb_merkle,4,deterministic (serializable),,6578.9473684210525,runs/det_merkle,1,20000,32MB,100000000,131322.3864729989,delta,1717.91015625,30.0,102.39150000000001,241.587,392.79449999999997,3040,3040,6577.58,/sys/devices/pci0000:00/0000:00:02.2/0000:23:00.0/nvme/nvme0/nvme0n1/nvme0n1p2,3297.639538999647,192.01171875,42.828125,21974,0.17652680440520616,3205,64.74636999701033,8.0,31.0,49.0,38,7.0,18.1796875,26110,123465,82.54387431054654,3935.8020000000033,14.843999999999141,1852,0,0,20000,PASS,983f19f6c60e9a602d47968b1c1b8ff0badda0e023f82d0d49dc6030e1f1e91c,/work/ARIABC/AriaBC/Final_Results/OOM_100M/runs/det_merkle/b_s0.99_bcdb_merkle_w4_t1,,,,32,200,32,8,,,published_20260929,
b,0.99,bcdb_merkle,8,deterministic (serializable),,8532.423208191127,runs/det_merkle,1,20000,32MB,100000000,41667.32278299969,delta,2.52734375,30.0,102.8125,243.36,391.24649999999997,2344,2344,8530.83,/sys/devices/pci0000:00/0000:00:02.2/0000:23:00.0/nvme/nvme0/nvme0n1/nvme0n1p2,3049.3661840009736,185.515625,40.26953125,21813,0.2110209508091505,2905,154.02470200206153,8.0,33.0,52.0,38,8.0,20.48828125,26101,125382,82.76968372688684,4757.145000000004,18.745999999999185,2166,0,0,20000,PASS,983f19f6c60e9a602d47968b1c1b8ff0badda0e023f82d0d49dc6030e1f1e91c,/work/ARIABC/AriaBC/Final_Results/OOM_100M/runs/det_merkle/b_s0.99_bcdb_merkle_w8_t1,,,,32,200,32,8,,,published_20260929,
b,0.99,bcdb_merkle,16,deterministic (serializable),,10235.414534288639,runs/det_merkle,1,20000,32MB,100000000,212210.4095049981,delta,360.0546875,30.0,105.958,246.9365,392.10749999999996,1954,1954,10231.06,/sys/devices/pci0000:00/0000:00:02.2/0000:23:00.0/nvme/nvme0/nvme0n1/nvme0n1p2,2211.3050850020954,185.65234375,38.43359375,21838,0.27529993589156515,2688,72.28746400141972,9.0,33.0,52.0,38,9.0,21.21875,26091,129388,83.2189556145846,6224.5869999999995,21.436999999999898,2261,0,0,20000,PASS,983f19f6c60e9a602d47968b1c1b8ff0badda0e023f82d0d49dc6030e1f1e91c,/work/ARIABC/AriaBC/Final_Results/OOM_100M/runs/det_merkle/b_s0.99_bcdb_merkle_w16_t1,,,,32,200,32,8,,,published_20260929,
c,0.99,pg,1,serializable,on,4511.617414843221,runs/pg_serializable,1,20000,32MB,100000000,38836.05288700346,delta,1.78515625,30.0,103.929,245.457,392.1245,4433,4433,4511.58,/sys/devices/pci0000:00/0000:00:02.2/0000:23:00.0/nvme/nvme0/nvme0n1/nvme0n1p2,4690.344128001016,147.51953125,0.35546875,17176,0.14712389380530974,52,21.117470001627225,0.0,0.0,8.0,2,0.0,0.21484375,19637,84745,81.18736946983196,2594.8960000000006,0.037000000000261934,2,0,0,20000,N/A,9609a417912694edc40eb9b1141750954187084fb5285000075b6d4ea7a0e483,/work/ARIABC/AriaBC/Final_Results/OOM_100M/runs/pg_serializable/c_s0.99_pg_w1_t1,0,0,0,,,,,,,published_20260929,
c,0.99,pg,4,serializable,on,15772.870662460567,runs/pg_serializable,1,20000,32MB,100000000,111148.25304999977,delta,762.87109375,30.0,104.029,245.038,392.748,1268,1268,15766.61,/sys/devices/pci0000:00/0000:00:02.2/0000:23:00.0/nvme/nvme0/nvme0n1/nvme0n1p2,1521.3492609982495,147.65625,0.1484375,17218,0.1937507259844349,17,22.416163999878336,0.0,1.0,8.0,2,0.0,0.20703125,19692,83970,81.00364646640041,3388.050000000003,0.06500000000050932,3,0,0,20000,N/A,9609a417912694edc40eb9b1141750954187084fb5285000075b6d4ea7a0e483,/work/ARIABC/AriaBC/Final_Results/OOM_100M/runs/pg_serializable/c_s0.99_pg_w4_t1,0,0,0,,,,,,,published_20260929,
c,0.99,pg,8,serializable,on,23866.34844868735,runs/pg_serializable,1,20000,32MB,100000000,193747.24675800098,delta,767.4765625,30.0,110.71600000000001,247.32600000000002,393.377,838,838,23850.57,/sys/devices/pci0000:00/0000:00:02.2/0000:23:00.0/nvme/nvme0/nvme0n1/nvme0n1p2,1216.7215290028253,147.23828125,0.09375,17188,0.2675122178263905,12,23.80983799957903,0.0,0.0,7.0,2,0.0,0.21484375,19583,84723,81.22543286100512,4678.327000000005,0.06899999999950523,3,0,0,20000,N/A,9609a417912694edc40eb9b1141750954187084fb5285000075b6d4ea7a0e483,/work/ARIABC/AriaBC/Final_Results/OOM_100M/runs/pg_serializable/c_s0.99_pg_w8_t1,0,0,0,,,,,,,published_20260929,
c,0.99,pg,16,serializable,on,32948.929159802305,runs/pg_serializable,1,20000,32MB,100000000,105771.11682699615,delta,55.30078125,30.0,105.9075,243.4795,392.5325,607,607,32934.99,/sys/devices/pci0000:00/0000:00:02.2/0000:23:00.0/nvme/nvme0/nvme0n1/nvme0n1p2,860.7995720012696,147.69140625,0.10546875,17192,0.41280828292228944,12,22.759915998904034,0.0,1.0,8.0,2,0.0,0.21484375,19581,85612,81.38564353141369,7173.132000000005,0.07699999999931606,3,0,0,20000,N/A,9609a417912694edc40eb9b1141750954187084fb5285000075b6d4ea7a0e483,/work/ARIABC/AriaBC/Final_Results/OOM_100M/runs/pg_serializable/c_s0.99_pg_w16_t1,0,0,0,,,,,,,published_20260929,
c,0.99,pg_rc,1,read committed,on,4733.7278106508875,runs/pg_read_committed,1,20000,32MB,100000000,187524.87703099905,delta,60.5859375,30.0,104.34,243.654,394.32,4225,4225,4732.83,/sys/devices/pci0000:00/0000:00:02.2/0000:23:00.0/nvme/nvme0/nvme0n1/nvme0n1p2,4478.8962409948,147.69921875,0.3671875,17182,0.1410196717495053,53,21.844212998985313,0.0,1.0,8.0,2,0.0,0.2109375,19649,84733,81.17587323484892,2510.144999999997,0.04899999999906868,3,0,0,20000,N/A,9609a417912694edc40eb9b1141750954187084fb5285000075b6d4ea7a0e483,/work/ARIABC/AriaBC/Final_Results/OOM_100M/runs/pg_read_committed/c_s0.99_pg_rc_w1_t1,0,0,0,,,,,,,published_20260929,
c,0.99,pg_rc,4,read committed,on,16949.15254237288,runs/pg_read_committed,1,20000,32MB,100000000,105700.41608299653,delta,92.265625,30.0,107.93549999999999,243.909,392.2145,1180,1180,16949.01,/sys/devices/pci0000:00/0000:00:02.2/0000:23:00.0/nvme/nvme0/nvme0n1/nvme0n1p2,1432.4902389998897,147.52734375,0.09765625,17192,0.178687761749651,12,23.29868800006807,0.0,0.0,8.0,2,0.0,0.2109375,19676,83986,81.01908124481488,3151.1569999999992,0.02299999999922875,1,0,0,20000,N/A,9609a417912694edc40eb9b1141750954187084fb5285000075b6d4ea7a0e483,/work/ARIABC/AriaBC/Final_Results/OOM_100M/runs/pg_read_committed/c_s0.99_pg_rc_w4_t1,0,0,0,,,,,,,published_20260929,
c,0.99,pg_rc,8,read committed,on,24271.844660194176,runs/pg_read_committed,1,20000,32MB,100000000,107330.26211799734,delta,327.265625,30.0,104.561,240.565,392.96,824,824,24267.81,/sys/devices/pci0000:00/0000:00:02.2/0000:23:00.0/nvme/nvme0/nvme0n1/nvme0n1p2,1077.8263960019103,147.43359375,0.109375,17196,0.27076064200976974,12,21.265812996716704,0.0,0.0,7.0,2,0.0,0.21484375,19592,84313,81.1443145180694,4725.1630000000005,0.06699999999909778,3,0,0,20000,N/A,9609a417912694edc40eb9b1141750954187084fb5285000075b6d4ea7a0e483,/work/ARIABC/AriaBC/Final_Results/OOM_100M/runs/pg_read_committed/c_s0.99_pg_rc_w8_t1,0,0,0,,,,,,,published_20260929,
c,0.99,pg_rc,16,read committed,on,34013.60544217687,runs/pg_read_committed,1,20000,32MB,100000000,107440.82944699767,delta,327.01171875,30.0,102.89699999999999,245.699,391.642,588,588,33969.01,/sys/devices/pci0000:00/0000:00:02.2/0000:23:00.0/nvme/nvme0/nvme0n1/nvme0n1p2,842.1218110015616,147.61328125,0.1171875,17207,0.40535828441913174,12,20.241029000317212,0.0,0.0,7.0,2,0.0,0.21484375,19574,85619,81.39229796659474,7053.606999999996,0.028000000000247383,1,0,0,20000,N/A,9609a417912694edc40eb9b1141750954187084fb5285000075b6d4ea7a0e483,/work/ARIABC/AriaBC/Final_Results/OOM_100M/runs/pg_read_committed/c_s0.99_pg_rc_w16_t1,0,0,0,,,,,,,published_20260929,
c,0.99,bcdb_det,1,deterministic (serializable),,4561.003420752566,runs/det_merkle,1,20000,32MB,100000000,40235.99207599909,delta,1.5390625,30.0,104.4205,244.86849999999998,392.6445,4385,4385,4560.46,/sys/devices/pci0000:00/0000:00:02.2/0000:23:00.0/nvme/nvme0/nvme0n1/nvme0n1p2,4866.062946999591,147.4296875,0.3359375,17249,0.1373992695228709,52,73.66995700067491,0.0,0.0,7.0,2,0.0,0.17578125,19637,84810,81.19907704385956,2446.286,0.01900000000023283,1,0,0,20000,N/A,9609a417912694edc40eb9b1141750954187084fb5285000075b6d4ea7a0e483,/work/ARIABC/AriaBC/Final_Results/OOM_100M/runs/det_merkle/c_s0.99_bcdb_det_w1_t1,,,,,,,,,,published_20260929,
c,0.99,bcdb_det,4,deterministic (serializable),,9828.009828009828,runs/det_merkle,1,20000,32MB,100000000,111302.04251199757,delta,762.24609375,30.0,103.899,243.095,393.54,2035,2035,9826.98,/sys/devices/pci0000:00/0000:00:02.2/0000:23:00.0/nvme/nvme0/nvme0n1/nvme0n1p2,2288.6534969984496,147.421875,0.18359375,17194,0.17936489473072,27,21.346206001908286,0.0,0.0,7.0,2,0.0,0.2421875,19663,84594,81.13987549996642,3169.117999999995,0.05799999999908323,3,0,0,20000,N/A,9609a417912694edc40eb9b1141750954187084fb5285000075b6d4ea7a0e483,/work/ARIABC/AriaBC/Final_Results/OOM_100M/runs/det_merkle/c_s0.99_bcdb_det_w4_t1,,,,,,,,,,published_20260929,
c,0.99,bcdb_det,8,deterministic (serializable),,14144.271570014143,runs/det_merkle,1,20000,32MB,100000000,106052.5109199989,delta,55.56640625,30.0,145.332,265.14099999999996,392.719,1414,1414,14144.56,/sys/devices/pci0000:00/0000:00:02.2/0000:23:00.0/nvme/nvme0/nvme0n1/nvme0n1p2,1667.8876539990597,147.484375,0.25390625,17180,0.20762514551804423,22,21.34302600097726,0.0,0.0,7.0,2,0.0,0.22265625,19725,84947,81.15541883216142,3668.9619999999995,0.0749999999989086,3,0,0,20000,N/A,9609a417912694edc40eb9b1141750954187084fb5285000075b6d4ea7a0e483,/work/ARIABC/AriaBC/Final_Results/OOM_100M/runs/det_merkle/c_s0.99_bcdb_det_w8_t1,,,,,,,,,,published_20260929,
c,0.99,bcdb_det,16,deterministic (serializable),,18298.26166514181,runs/det_merkle,1,20000,32MB,100000000,41608.24971399779,delta,1.74609375,30.0,104.8455,244.0915,392.4735,1093,1093,18289.4,/sys/devices/pci0000:00/0000:00:02.2/0000:23:00.0/nvme/nvme0/nvme0n1/nvme0n1p2,1625.3844919992844,147.53515625,0.3984375,17182,0.27237807007333253,35,98.25412099962705,0.0,0.0,10.0,2,0.0,0.3046875,19725,86579,81.44472456351595,4806.172999999995,0.07699999999931606,3,0,0,20000,N/A,9609a417912694edc40eb9b1141750954187084fb5285000075b6d4ea7a0e483,/work/ARIABC/AriaBC/Final_Results/OOM_100M/runs/det_merkle/c_s0.99_bcdb_det_w16_t1,,,,,,,,,,published_20260929,
c,0.99,bcdb_merkle,1,deterministic (serializable),,4244.4821731748725,runs/det_merkle,1,20000,32MB,100000000,53802.294023000286,delta,139.49609375,30.0,104.5855,245.469,393.45500000000004,4712,4712,4243.78,/sys/devices/pci0000:00/0000:00:02.2/0000:23:00.0/nvme/nvme0/nvme0n1/nvme0n1p2,4967.370846999984,148.24609375,0.33984375,17263,0.15055320627932572,57,22.383144998457283,0.0,0.0,8.0,2,0.0,0.21875,19685,84806,81.161056933133,2655.025999999998,0.0,0,0,0,20000,PASS,9609a417912694edc40eb9b1141750954187084fb5285000075b6d4ea7a0e483,/work/ARIABC/AriaBC/Final_Results/OOM_100M/runs/det_merkle/c_s0.99_bcdb_merkle_w1_t1,,,,32,200,32,8,,,published_20260929,
c,0.99,bcdb_merkle,4,deterministic (serializable),,10101.0101010101,runs/det_merkle,1,20000,32MB,100000000,131399.5548060011,delta,1717.9921875,30.0,105.2115,245.72899999999998,392.634,1980,1980,10099.07,/sys/devices/pci0000:00/0000:00:02.2/0000:23:00.0/nvme/nvme0/nvme0n1/nvme0n1p2,2233.536727999308,147.55078125,0.16796875,17182,0.17238971016179722,23,21.22497399977874,0.0,0.0,7.0,2,0.0,0.23046875,19666,84767,81.16878764375245,3039.9709999999977,0.0,0,0,0,20000,PASS,9609a417912694edc40eb9b1141750954187084fb5285000075b6d4ea7a0e483,/work/ARIABC/AriaBC/Final_Results/OOM_100M/runs/det_merkle/c_s0.99_bcdb_merkle_w4_t1,,,,32,200,32,8,,,published_20260929,
c,0.99,bcdb_merkle,8,deterministic (serializable),,14224.75106685633,runs/det_merkle,1,20000,32MB,100000000,118055.22367900267,delta,151.22265625,30.0,104.239,244.62099999999998,392.2675,1406,1406,14223.4,/sys/devices/pci0000:00/0000:00:02.2/0000:23:00.0/nvme/nvme0/nvme0n1/nvme0n1p2,1660.3785540028184,147.39453125,0.14453125,17180,0.2041327124563446,22,20.976294999854872,0.0,0.0,7.0,2,0.0,0.17578125,19729,85295,81.21476995734308,3615.4549999999945,0.04500000000007276,2,0,0,20000,PASS,9609a417912694edc40eb9b1141750954187084fb5285000075b6d4ea7a0e483,/work/ARIABC/AriaBC/Final_Results/OOM_100M/runs/det_merkle/c_s0.99_bcdb_merkle_w8_t1,,,,32,200,32,8,,,published_20260929,
c,0.99,bcdb_merkle,16,deterministic (serializable),,19029.495718363465,runs/det_merkle,1,20000,32MB,100000000,224678.11333100326,delta,1723.3125,30.0,103.3435,246.32999999999998,392.4285,1051,1051,19022.84,/sys/devices/pci0000:00/0000:00:02.2/0000:23:00.0/nvme/nvme0/nvme0n1/nvme0n1p2,1496.8489359998784,147.56640625,0.109375,17209,0.2535301295833575,17,212.0845380013634,0.0,1.0,10.0,2,0.0,0.19921875,19689,87319,81.60044108851675,4494.772999999994,0.042999999999665306,2,0,0,20000,PASS,9609a417912694edc40eb9b1141750954187084fb5285000075b6d4ea7a0e483,/work/ARIABC/AriaBC/Final_Results/OOM_100M/runs/det_merkle/c_s0.99_bcdb_merkle_w16_t1,,,,32,200,32,8,,,published_20260929,
d,0.99,pg,1,serializable,on,4145.077720207254,runs/pg_serializable,1,20000,32MB,100000000,111262.49964000453,delta,763.2265625,30.0,105.197,242.41750000000002,393.65999999999997,4825,4825,4145.1,/sys/devices/pci0000:00/0000:00:02.2/0000:23:00.0/nvme/nvme0/nvme0n1/nvme0n1p2,5159.96542799985,141.27734375,8.85546875,16414,0.14962836602899962,2107,25.529596998239867,1.0,1.0,10.0,5,0.0,0.5625,18417,83412,81.91379665910497,2505.006999999998,0.042999999999665306,37,0,0,20000,N/A,9c025251db4a79632681b1a6274fd67924245a97d6d200314b84b4336900c34a,/work/ARIABC/AriaBC/Final_Results/OOM_100M/runs/pg_serializable/d_s0.99_pg_w1_t1,0,0,0,,,,,,,published_20260929,
d,0.99,pg,4,serializable,on,12217.470983506415,runs/pg_serializable,1,20000,32MB,100000000,130666.10418899654,delta,96.44140625,30.0,102.9615,242.3865,393.4535,1637,1637,12212.51,/sys/devices/pci0000:00/0000:00:02.2/0000:23:00.0/nvme/nvme0/nvme0n1/nvme0n1p2,1943.2080070037046,140.609375,8.546875,16355,0.24750840721491899,2045,23.374539996439125,1.0,1.0,9.0,5,0.0,0.51953125,18419,82340,81.71974711936403,4101.961000000003,0.052999999999883585,38,0,0,20000,N/A,9c025251db4a79632681b1a6274fd67924245a97d6d200314b84b4336900c34a,/work/ARIABC/AriaBC/Final_Results/OOM_100M/runs/pg_serializable/d_s0.99_pg_w4_t1,0,0,0,,,,,,,published_20260929,
d,0.99,pg,8,serializable,on,15822.784810126583,runs/pg_serializable,1,20000,32MB,100000000,107158.8304409961,delta,327.046875,30.0,105.051,244.86700000000002,392.3125,1264,1264,15817.0,/sys/devices/pci0000:00/0000:00:02.2/0000:23:00.0/nvme/nvme0/nvme0n1/nvme0n1p2,1520.054632994288,140.703125,7.88671875,16387,0.4300360041496308,1882,24.578871998528484,1.0,1.0,10.0,5,0.0,0.54296875,18458,83031,81.81280729931322,7082.184999999998,0.08899999999994179,41,0,0,20000,N/A,9c025251db4a79632681b1a6274fd67924245a97d6d200314b84b4336900c34a,/work/ARIABC/AriaBC/Final_Results/OOM_100M/runs/pg_serializable/d_s0.99_pg_w8_t1,0,0,0,,,,,,,published_20260929,
d,0.99,pg,16,serializable,on,18034.265103697024,runs/pg_serializable,1,20000,32MB,100000000,105685.31236600393,delta,92.578125,30.0,108.748,245.61849999999998,392.052,1109,1109,18027.38,/sys/devices/pci0000:00/0000:00:02.2/0000:23:00.0/nvme/nvme0/nvme0n1/nvme0n1p2,1390.1688839978306,140.60546875,6.49609375,16361,0.8405354195953793,1554,24.120069996570237,1.0,1.0,9.0,5,0.0,0.7421875,18444,84456,82.07580174927114,13715.318,0.06999999999970896,44,0,0,20000,N/A,9c025251db4a79632681b1a6274fd67924245a97d6d200314b84b4336900c34a,/work/ARIABC/AriaBC/Final_Results/OOM_100M/runs/pg_serializable/d_s0.99_pg_w16_t1,0,0,0,,,,,,,published_20260929,
d,0.99,pg_rc,1,read committed,on,4239.983040067839,runs/pg_read_committed,1,20000,32MB,100000000,111028.1717609978,delta,762.8125,30.0,103.10249999999999,247.1415,392.048,4717,4717,4239.44,/sys/devices/pci0000:00/0000:00:02.2/0000:23:00.0/nvme/nvme0/nvme0n1/nvme0n1p2,5009.803966997424,141.1875,8.83203125,16370,0.14868662186927306,2105,24.373053005547263,1.0,1.0,10.0,5,0.0,0.5546875,18376,83052,81.88271483219624,2486.5639999999985,0.04500000000007276,37,0,0,20000,N/A,9c025251db4a79632681b1a6274fd67924245a97d6d200314b84b4336900c34a,/work/ARIABC/AriaBC/Final_Results/OOM_100M/runs/pg_read_committed/d_s0.99_pg_rc_w1_t1,0,0,0,,,,,,,published_20260929,
d,0.99,pg_rc,4,read committed,on,12062.726176115802,runs/pg_read_committed,1,20000,32MB,100000000,105889.69792900025,delta,55.44140625,30.0,102.5265,241.3805,392.102,1658,1658,12061.97,/sys/devices/pci0000:00/0000:00:02.2/0000:23:00.0/nvme/nvme0/nvme0n1/nvme0n1p2,2007.4333410011604,140.5546875,8.5078125,16362,0.2528419508617528,2041,23.130559995479416,1.0,1.0,9.0,5,0.0,0.56640625,18424,82339,81.71551065371217,4206.440999999999,0.023999999999432475,36,0,0,20000,N/A,9c025251db4a79632681b1a6274fd67924245a97d6d200314b84b4336900c34a,/work/ARIABC/AriaBC/Final_Results/OOM_100M/runs/pg_read_committed/d_s0.99_pg_rc_w4_t1,0,0,0,,,,,,,published_20260929,
d,0.99,pg_rc,8,read committed,on,16090.104585679806,runs/pg_read_committed,1,20000,32MB,100000000,111147.25024300424,delta,762.98046875,30.0,104.41499999999999,243.495,391.6515,1243,1243,16085.1,/sys/devices/pci0000:00/0000:00:02.2/0000:23:00.0/nvme/nvme0/nvme0n1/nvme0n1p2,1498.957159994461,140.69140625,7.8125,16363,0.4285277760801809,1887,24.265537998871878,1.0,1.0,10.0,5,0.0,0.5859375,18460,82997,81.80509969740875,7064.261999999995,0.07599999999911233,41,0,0,20000,N/A,9c025251db4a79632681b1a6274fd67924245a97d6d200314b84b4336900c34a,/work/ARIABC/AriaBC/Final_Results/OOM_100M/runs/pg_read_committed/d_s0.99_pg_rc_w8_t1,0,0,0,,,,,,,published_20260929,
d,0.99,pg_rc,16,read committed,on,17699.11504424779,runs/pg_read_committed,1,20000,32MB,100000000,38981.10201500094,delta,1.7421875,30.0,104.6965,246.0805,393.2155,1130,1130,17693.01,/sys/devices/pci0000:00/0000:00:02.2/0000:23:00.0/nvme/nvme0/nvme0n1/nvme0n1p2,1386.2890340024023,140.66796875,6.4375,16351,0.8708947464986851,1535,23.831699996662792,1.0,1.0,9.0,5,0.0,0.5625,18437,84413,82.07389402041808,14219.392,0.07400000000052387,43,0,0,20000,N/A,9c025251db4a79632681b1a6274fd67924245a97d6d200314b84b4336900c34a,/work/ARIABC/AriaBC/Final_Results/OOM_100M/runs/pg_read_committed/d_s0.99_pg_rc_w16_t1,0,0,0,,,,,,,published_20260929,
d,0.99,bcdb_det,1,deterministic (serializable),,3932.3633503735746,runs/det_merkle,1,20000,32MB,100000000,107473.73450400119,delta,326.79296875,30.0,103.027,241.1005,394.663,5086,5086,3931.73,/sys/devices/pci0000:00/0000:00:02.2/0000:23:00.0/nvme/nvme0/nvme0n1/nvme0n1p2,5343.569442000444,140.68359375,8.81640625,16354,0.15023847376788554,2111,23.47819900023751,1.0,1.0,9.0,5,0.0,0.56640625,18388,83508,81.95414932872733,2526.286,0.02299999999922875,35,0,0,20000,N/A,9c025251db4a79632681b1a6274fd67924245a97d6d200314b84b4336900c34a,/work/ARIABC/AriaBC/Final_Results/OOM_100M/runs/det_merkle/d_s0.99_bcdb_det_w1_t1,,,,,,,,,,published_20260929,
d,0.99,bcdb_det,4,deterministic (serializable),,8517.887563884156,runs/det_merkle,1,20000,32MB,100000000,128423.88243800087,delta,7.47265625,30.0,107.3455,245.183,391.983,2348,2348,8515.99,/sys/devices/pci0000:00/0000:00:02.2/0000:23:00.0/nvme/nvme0/nvme0n1/nvme0n1p2,2606.254332997196,140.80859375,8.51953125,16357,0.20994069817203645,2069,28.431246002583066,1.0,1.0,10.0,5,0.0,0.55859375,18467,82891,81.78042187099193,3491.408000000003,0.06199999999989814,38,0,0,20000,N/A,9c025251db4a79632681b1a6274fd67924245a97d6d200314b84b4336900c34a,/work/ARIABC/AriaBC/Final_Results/OOM_100M/runs/det_merkle/d_s0.99_bcdb_det_w4_t1,,,,,,,,,,published_20260929,
d,0.99,bcdb_det,8,deterministic (serializable),,11191.94180190263,runs/det_merkle,1,20000,32MB,100000000,41624.132675999135,delta,2.62890625,30.0,105.2965,243.9655,392.283,1787,1787,11186.39,/sys/devices/pci0000:00/0000:00:02.2/0000:23:00.0/nvme/nvme0/nvme0n1/nvme0n1p2,2124.4200869987253,140.9921875,8.3671875,16398,0.28381509940236616,2026,25.70632199785905,1.0,1.0,10.0,5,0.0,0.5859375,18425,83426,81.90984870055277,4700.493999999999,0.030000000000654836,38,0,0,20000,N/A,9c025251db4a79632681b1a6274fd67924245a97d6d200314b84b4336900c34a,/work/ARIABC/AriaBC/Final_Results/OOM_100M/runs/det_merkle/d_s0.99_bcdb_det_w8_t1,,,,,,,,,,published_20260929,
d,0.99,bcdb_det,16,deterministic (serializable),,13422.818791946309,runs/det_merkle,1,20000,32MB,100000000,192012.72124000025,delta,97.28125,30.0,103.41300000000001,241.175,393.144,1490,1490,13420.37,/sys/devices/pci0000:00/0000:00:02.2/0000:23:00.0/nvme/nvme0/nvme0n1/nvme0n1p2,1749.0831979994255,141.09375,8.0859375,16390,0.4218425869432581,1938,23.249161000421736,1.0,1.0,9.0,5,0.0,0.6171875,18431,85167,82.2091160061005,6959.731,0.02900000000045111,43,0,0,20000,N/A,9c025251db4a79632681b1a6274fd67924245a97d6d200314b84b4336900c34a,/work/ARIABC/AriaBC/Final_Results/OOM_100M/runs/det_merkle/d_s0.99_bcdb_det_w16_t1,,,,,,,,,,published_20260929,
d,0.99,bcdb_merkle,1,deterministic (serializable),,3159.55766192733,runs/det_merkle,1,20000,32MB,100000000,124545.8461499984,delta,956.265625,30.0,103.528,242.383,392.438,6330,6330,3159.38,/sys/devices/pci0000:00/0000:00:02.2/0000:23:00.0/nvme/nvme0/nvme0n1/nvme0n1p2,6632.558837998658,193.0859375,52.03515625,22674,0.14699655993649113,4594,45.0959990012052,7.0,6.0,24.0,13,3.0,8.21484375,26915,120916,81.79339921937888,3484.4490000000005,3.856999999999971,490,0,0,20000,PASS,9c025251db4a79632681b1a6274fd67924245a97d6d200314b84b4336900c34a,/work/ARIABC/AriaBC/Final_Results/OOM_100M/runs/det_merkle/d_s0.99_bcdb_merkle_w1_t1,,,,32,200,32,8,,,published_20260929,
d,0.99,bcdb_merkle,4,deterministic (serializable),,6437.07756678468,runs/det_merkle,1,20000,32MB,100000000,53580.74387099987,delta,139.171875,30.0,104.5155,243.144,393.1245,3107,3107,6436.39,/sys/devices/pci0000:00/0000:00:02.2/0000:23:00.0/nvme/nvme0/nvme0n1/nvme0n1p2,3406.7317890003324,192.96875,41.16796875,22673,0.16751201870065716,3298,48.02143299821182,7.0,15.0,31.0,13,8.0,16.41015625,26903,120970,81.8066854665828,3954.4860000000044,13.503999999998996,1730,0,0,20000,PASS,9c025251db4a79632681b1a6274fd67924245a97d6d200314b84b4336900c34a,/work/ARIABC/AriaBC/Final_Results/OOM_100M/runs/det_merkle/d_s0.99_bcdb_merkle_w4_t1,,,,32,200,32,8,,,published_20260929,
d,0.99,bcdb_merkle,8,deterministic (serializable),,7880.220646178093,runs/det_merkle,1,20000,32MB,100000000,124147.8548060004,delta,956.3359375,30.0,104.355,241.5665,392.539,2538,2538,7879.18,/sys/devices/pci0000:00/0000:00:02.2/0000:23:00.0/nvme/nvme0/nvme0n1/nvme0n1p2,2792.5547220002045,193.31640625,38.5,22734,0.209334037125011,2973,53.50918499971158,7.0,17.0,34.0,13,10.0,18.6015625,26883,122243,81.97296246127436,4916.258999999998,16.868000000000393,2004,0,0,20000,PASS,9c025251db4a79632681b1a6274fd67924245a97d6d200314b84b4336900c34a,/work/ARIABC/AriaBC/Final_Results/OOM_100M/runs/det_merkle/d_s0.99_bcdb_merkle_w8_t1,,,,32,200,32,8,,,published_20260929,
d,0.99,bcdb_merkle,16,deterministic (serializable),,9478.67298578199,runs/det_merkle,1,20000,32MB,100000000,119721.48499700052,delta,353.08203125,30.0,103.78899999999999,242.904,392.399,2110,2110,9476.76,/sys/devices/pci0000:00/0000:00:02.2/0000:23:00.0/nvme/nvme0/nvme0n1/nvme0n1p2,2370.037863998732,193.20703125,37.96484375,22709,0.2771588357039059,2896,52.60530200030189,7.0,19.0,37.0,13,10.0,19.26953125,26894,125519,82.35452356426289,6478.557000000001,19.05199999999968,2112,0,0,20000,PASS,9c025251db4a79632681b1a6274fd67924245a97d6d200314b84b4336900c34a,/work/ARIABC/AriaBC/Final_Results/OOM_100M/runs/det_merkle/d_s0.99_bcdb_merkle_w16_t1,,,,32,200,32,8,,,published_20260929,
f,0.99,pg,1,serializable,on,1937.046004842615,runs/pg_serializable,1,20000,32MB,100000000,105708.52154900058,delta,93.1796875,30.0,105.387,242.5425,392.132,10325,10325,1936.9,/sys/devices/pci0000:00/0000:00:02.2/0000:23:00.0/nvme/nvme0/nvme0n1/nvme0n1p2,10595.914650002669,147.03125,181.47265625,17024,0.15078712406015038,24257,89.25051800179062,21.0,41.0,74.0,30,8.0,41.0234375,19445,179061,90.20432631759242,2666.498000000007,28.02900000000045,3554,0,0,20000,N/A,89dec3212c59cd9d38b0d7209c328955087abeef4f88b6f02a54643a4ba7e050,/work/ARIABC/AriaBC/Final_Results/OOM_100M/runs/pg_serializable/f_s0.99_pg_w1_t1,0,0,0,,,,,,,published_20260929,
f,0.99,pg,4,serializable,on,4501.462975467027,runs/pg_serializable,1,20000,32MB,100000000,105658.7864769972,delta,55.4921875,30.0,104.06450000000001,243.47000000000003,392.7545,4443,4443,4500.69,/sys/devices/pci0000:00/0000:00:02.2/0000:23:00.0/nvme/nvme0/nvme0n1/nvme0n1p2,4921.90890799975,147.40234375,144.11328125,17125,0.3406131386861314,16918,127.09950799762737,26.0,63.0,103.0,30,15.0,54.40625,19581,178004,90.08983475466255,5908.853999999999,52.751000000000204,5897,0,0,20000,N/A,89dec3212c59cd9d38b0d7209c328955087abeef4f88b6f02a54643a4ba7e050,/work/ARIABC/AriaBC/Final_Results/OOM_100M/runs/pg_serializable/f_s0.99_pg_w4_t1,62,58,0,,,,,,,published_20260929,
f,0.99,pg,8,serializable,on,6240.249609984399,runs/pg_serializable,1,20000,32MB,100000000,125826.34519499697,delta,7.1171875,30.0,105.141,242.943,393.18899999999996,3205,3205,6240.1,/sys/devices/pci0000:00/0000:00:02.2/0000:23:00.0/nvme/nvme0/nvme0n1/nvme0n1p2,3472.282560003805,146.8671875,115.32421875,17087,0.5689120383917599,10217,136.52610300050583,44.0,61.0,117.0,30,15.0,58.73046875,19640,180282,90.17616870579526,9764.635999999999,61.3809999999994,6458,0,0,20000,N/A,89dec3212c59cd9d38b0d7209c328955087abeef4f88b6f02a54643a4ba7e050,/work/ARIABC/AriaBC/Final_Results/OOM_100M/runs/pg_serializable/f_s0.99_pg_w8_t1,212,459,0,,,,,,,published_20260929,
f,0.99,pg,16,serializable,on,8768.084173608067,runs/pg_serializable,1,20000,32MB,100000000,41297.82405799779,delta,2.6953125,30.0,105.24600000000001,243.223,392.812,2281,2281,8764.69,/sys/devices/pci0000:00/0000:00:02.2/0000:23:00.0/nvme/nvme0/nvme0n1/nvme0n1p2,2673.8119430010556,146.72265625,96.421875,17010,0.8043503821281599,5783,109.2941509996308,19.0,63.0,94.0,30,15.0,61.83203125,19639,187359,90.51246871950454,13704.497000000003,65.84599999999955,6876,0,0,20000,N/A,89dec3212c59cd9d38b0d7209c328955087abeef4f88b6f02a54643a4ba7e050,/work/ARIABC/AriaBC/Final_Results/OOM_100M/runs/pg_serializable/f_s0.99_pg_w16_t1,700,3909,0,,,,,,,published_20260929,
f,0.99,bcdb_det,1,deterministic (serializable),,2013.2876988121602,runs/det_merkle,1,20000,32MB,100000000,189037.3229359975,delta,331.890625,30.0,107.576,247.5875,391.2665,9934,9934,2013.12,/sys/devices/pci0000:00/0000:00:02.2/0000:23:00.0/nvme/nvme0/nvme0n1/nvme0n1p2,10202.70536800308,147.1640625,179.41015625,17028,0.11856941508104299,23999,89.8468649975257,23.0,40.0,75.0,30,9.0,41.60546875,19585,183877,90.37412391503082,2126.8989999999976,28.05199999999968,3585,0,0,20000,N/A,89dec3212c59cd9d38b0d7209c328955087abeef4f88b6f02a54643a4ba7e050,/work/ARIABC/AriaBC/Final_Results/OOM_100M/runs/det_merkle/f_s0.99_bcdb_det_w1_t1,,,,,,,,,,published_20260929,
f,0.99,bcdb_det,4,deterministic (serializable),,3872.216844143272,runs/det_merkle,1,20000,32MB,100000000,107609.63673600054,delta,326.140625,30.0,107.14,242.14249999999998,392.25800000000004,5165,5165,3871.77,/sys/devices/pci0000:00/0000:00:02.2/0000:23:00.0/nvme/nvme0/nvme0n1/nvme0n1p2,5448.591658998339,146.63671875,149.30859375,17014,0.2864111907840602,18158,103.010438997444,19.0,54.0,86.0,30,13.0,52.296875,19702,183637,90.31076183122765,4982.691000000006,44.42100000000028,5435,0,0,20000,N/A,89dec3212c59cd9d38b0d7209c328955087abeef4f88b6f02a54643a4ba7e050,/work/ARIABC/AriaBC/Final_Results/OOM_100M/runs/det_merkle/f_s0.99_bcdb_det_w4_t1,,,,,,,,,,published_20260929,
f,0.99,bcdb_det,8,deterministic (serializable),,5275.6528620416775,runs/det_merkle,1,20000,32MB,100000000,106011.97461999982,delta,92.23828125,30.0,107.06049999999999,243.074,393.76099999999997,3791,3791,5275.14,/sys/devices/pci0000:00/0000:00:02.2/0000:23:00.0/nvme/nvme0/nvme0n1/nvme0n1p2,4057.7674199994362,146.39453125,124.12109375,17002,0.4143041995059405,12306,107.86901800020132,20.0,57.0,88.0,30,15.0,55.640625,19678,184753,90.3742583072039,7126.800000000003,48.24499999999898,5883,0,0,20000,N/A,89dec3212c59cd9d38b0d7209c328955087abeef4f88b6f02a54643a4ba7e050,/work/ARIABC/AriaBC/Final_Results/OOM_100M/runs/det_merkle/f_s0.99_bcdb_det_w8_t1,,,,,,,,,,published_20260929,
f,0.99,bcdb_det,16,deterministic (serializable),,7499.062617172854,runs/det_merkle,1,20000,32MB,100000000,40931.36822800079,delta,1.8515625,30.0,103.84450000000001,247.7585,393.857,2667,2667,7497.43,/sys/devices/pci0000:00/0000:00:02.2/0000:23:00.0/nvme/nvme0/nvme0n1/nvme0n1p2,3948.06127999982,146.97265625,107.42578125,17072,0.4872305529522024,8194,415.90598599941586,42.0,108.0,165.0,30,20.0,58.5390625,19713,189511,90.57804076014224,8399.378999999994,54.28199999999924,6380,0,0,20000,N/A,89dec3212c59cd9d38b0d7209c328955087abeef4f88b6f02a54643a4ba7e050,/work/ARIABC/AriaBC/Final_Results/OOM_100M/runs/det_merkle/f_s0.99_bcdb_det_w16_t1,,,,,,,,,,published_20260929,
f,0.99,bcdb_merkle,1,deterministic (serializable),,1298.532658096351,runs/det_merkle,1,20000,32MB,100000000,124671.86464599945,delta,955.44140625,30.0,103.5485,243.084,393.34000000000003,15402,15402,1298.51,/sys/devices/pci0000:00/0000:00:02.2/0000:23:00.0/nvme/nvme0/nvme0n1/nvme0n1p2,15670.840194001357,408.41015625,322.703125,45991,0.1353743123654628,27057,236.91314100142336,16.0,182.0,219.0,38,67.0,157.28125,66745,502530,88.275438057178,6389.254000000001,167.03299999999945,24606,0,0,20000,PASS,89dec3212c59cd9d38b0d7209c328955087abeef4f88b6f02a54643a4ba7e050,/work/ARIABC/AriaBC/Final_Results/OOM_100M/runs/det_merkle/f_s0.99_bcdb_merkle_w1_t1,,,,32,200,32,8,,,published_20260929,
f,0.99,bcdb_merkle,4,deterministic (serializable),,2191.060473269062,runs/det_merkle,1,20000,32MB,100000000,119884.014113999,delta,353.87109375,30.0,103.4685,242.33800000000002,392.308,9128,9128,2190.95,/sys/devices/pci0000:00/0000:00:02.2/0000:23:00.0/nvme/nvme0/nvme0n1/nvme0n1p2,9401.444601000549,395.38671875,296.015625,45652,0.25709716989398057,23424,258.4955610000179,16.0,202.0,240.0,38,91.0,175.19921875,66299,514047,88.57595296598926,12017.999000000003,203.19800000000032,27438,0,0,20000,PASS,89dec3212c59cd9d38b0d7209c328955087abeef4f88b6f02a54643a4ba7e050,/work/ARIABC/AriaBC/Final_Results/OOM_100M/runs/det_merkle/f_s0.99_bcdb_merkle_w4_t1,,,,32,200,32,8,,,published_20260929,
f,0.99,bcdb_merkle,8,deterministic (serializable),,2683.4831611431637,runs/det_merkle,1,20000,32MB,100000000,211945.72196900117,delta,359.71484375,30.0,101.10849999999999,242.889,392.3075,7453,7453,2683.35,/sys/devices/pci0000:00/0000:00:02.2/0000:23:00.0/nvme/nvme0/nvme0n1/nvme0n1p2,7753.466886999377,393.1640625,280.10546875,45585,0.4019085225403093,20245,257.1970760000113,16.0,206.0,242.0,38,77.0,179.1640625,66066,522229,88.76991985313491,18539.636,216.98500000000058,28108,0,0,20000,PASS,89dec3212c59cd9d38b0d7209c328955087abeef4f88b6f02a54643a4ba7e050,/work/ARIABC/AriaBC/Final_Results/OOM_100M/runs/det_merkle/f_s0.99_bcdb_merkle_w8_t1,,,,32,200,32,8,,,published_20260929,
f,0.99,bcdb_merkle,16,deterministic (serializable),,3269.5765898316167,runs/det_merkle,1,20000,32MB,100000000,39218.7994119995,delta,3.24609375,30.0,103.28800000000001,246.416,394.117,6117,6117,3269.2,/sys/devices/pci0000:00/0000:00:02.2/0000:23:00.0/nvme/nvme0/nvme0n1/nvme0n1p2,6386.144514999614,393.0390625,260.42578125,45600,0.6362719298245614,15937,342.96896899832063,16.0,211.0,247.0,38,79.0,184.30859375,66092,534311,88.9920603328098,29027.657999999996,226.19800000000032,28877,0,0,20000,PASS,89dec3212c59cd9d38b0d7209c328955087abeef4f88b6f02a54643a4ba7e050,/work/ARIABC/AriaBC/Final_Results/OOM_100M/runs/det_merkle/f_s0.99_bcdb_merkle_w16_t1,,,,32,200,32,8,,,published_20260929,
b,0.99,bcdb_merkle_s1024,16,serializable,,11210.762331838565,runs/merkle_s1024,1,20000,32MB,100000000,367953.024642,delta,6332.69921875,100.0,102.3215,245.5045,392.474,1784,1784,11207.42,/sys/devices/pci0000:00/0000:00:02.2/0000:23:00.0/nvme/nvme0/nvme0n1/nvme0n1p2,2060.3410950025136,165.41015625,32.67578125,19759,0.3307859709499469,2693,59.05363700003363,8.0,28.0,44.0,36,3.0,14.984375,23616,113113,82.72787777282069,6660.526000000013,13.125,1371,0,0,20000,PASS,983f19f6c60e9a602d47968b1c1b8ff0badda0e023f82d0d49dc6030e1f1e91c,/work/ARIABC/AriaBC/Final_Results/OOM_100M/runs/merkle_s1024/b_s0.99_bcdb_merkle_w16_t1,0,0,0,32,200,1024,256,211400,204800,s1024_20261001,
a,0.99,bcdb_merkle_s1024,4,serializable,,2929.5444558371173,runs/merkle_s1024,1,20000,32MB,100000000,133782.18398100216,delta,104.46875,50.0,102.0455,241.337,392.129,6827,6827,2929.17,/sys/devices/pci0000:00/0000:00:02.2/0000:23:00.0/nvme/nvme0/nvme0n1/nvme0n1p2,7102.222614001221,226.046875,220.9453125,27000,0.2906666666666667,20491,193.28016099825618,45.0,116.0,178.0,36,20.0,109.98046875,41239,326352,88.78128136978326,7905.972999999998,130.65999999999985,16745,0,0,20000,PASS,a3f07805d1b15666b9ef9ce62daa7f441b622c08d151bc1c8d5ab67cfc97559b,/work/ARIABC/AriaBC/Final_Results/OOM_100M/runs/merkle_s1024/a_s0.99_bcdb_merkle_w4_t1,0,0,0,32,200,1024,256,211400,204800,s1024_20261001,
d,0.99,bcdb_merkle_s1024,8,serializable,,9337.068160597571,runs/merkle_s1024,1,20000,32MB,100000000,137490.60638099763,delta,610.33203125,50.0,103.043,242.4985,392.188,2142,2142,9335.71,/sys/devices/pci0000:00/0000:00:02.2/0000:23:00.0/nvme/nvme0/nvme0n1/nvme0n1p2,2401.808238002559,167.140625,29.58984375,19940,0.2249247743229689,2779,38.05137200106401,6.0,10.0,24.0,11,3.0,11.2734375,23819,104529,81.44186118988999,4589.537000000011,9.443999999999505,1092,0,0,20000,PASS,9c025251db4a79632681b1a6274fd67924245a97d6d200314b84b4336900c34a,/work/ARIABC/AriaBC/Final_Results/OOM_100M/runs/merkle_s1024/d_s0.99_bcdb_merkle_w8_t1,0,0,0,32,200,1024,256,211400,204800,s1024_20261001,
f,0.99,bcdb_merkle_s1024,16,serializable,,5915.409642117716,runs/merkle_s1024,1,20000,32MB,100000000,50269.37029799956,delta,77.421875,30.0,103.7185,242.09199999999998,393.0045,3381,3381,5914.96,/sys/devices/pci0000:00/0000:00:02.2/0000:23:00.0/nvme/nvme0/nvme0n1/nvme0n1p2,3668.1465260007826,226.0859375,176.51953125,27014,0.4627230325016658,10792,208.8778409997758,20.0,156.0,192.0,36,34.0,119.40234375,41292,388347,90.38914065063926,12462.589999999997,141.8159999999989,18360,0,0,20000,PASS,89dec3212c59cd9d38b0d7209c328955087abeef4f88b6f02a54643a4ba7e050,/work/ARIABC/AriaBC/Final_Results/OOM_100M/runs/merkle_s1024/f_s0.99_bcdb_merkle_w16_t1,0,0,0,32,200,1024,256,211400,204800,s1024_20261001,
b,0.99,bcdb_merkle_s1024,4,serializable,,7471.049682480389,runs/merkle_s1024,1,20000,32MB,100000000,117086.17867499925,delta,611.2890625,30.0,105.718,239.889,392.4135,2677,2677,7470.12,/sys/devices/pci0000:00/0000:00:02.2/0000:23:00.0/nvme/nvme0/nvme0n1/nvme0n1p2,2903.7403549991723,165.32421875,35.35546875,19756,0.16754403725450495,3019,54.70134999995935,7.0,22.0,39.0,36,2.0,12.68359375,23591,108150,82.09289439126772,3433.7309999999998,8.975999999998749,1071,0,0,20000,PASS,983f19f6c60e9a602d47968b1c1b8ff0badda0e023f82d0d49dc6030e1f1e91c,/work/ARIABC/AriaBC/Final_Results/OOM_100M/runs/merkle_s1024/b_s0.99_bcdb_merkle_w4_t1,0,0,0,32,200,1024,256,211400,204800,s1024_20261001,
a,1.2,bcdb_merkle_s1024,8,serializable,,5064.573309698658,runs/merkle_s1024,1,20000,32MB,100000000,113994.83655699805,delta,103.7890625,30.0,103.03200000000001,241.5515,394.637,3949,3949,5064.19,/sys/devices/pci0000:00/0000:00:02.2/0000:23:00.0/nvme/nvme0/nvme0n1/nvme0n1p2,4272.242135000852,85.6875,108.80078125,9564,0.3565453785027185,14422,92.29729700018652,20.0,46.0,77.0,36,16.0,32.15625,10880,327833,96.78784103355939,3275.1089999999967,19.41699999999946,2308,0,0,20000,PASS,4f763c4243628beba2cf3841e69b2056e518dcb24ad3bc1c9ff7d255ff9700f2,/work/ARIABC/AriaBC/Final_Results/OOM_100M/runs/merkle_s1024/a_s1.2_bcdb_merkle_w8_t1,0,0,0,32,200,1024,256,211400,204800,s1024_20261001,
d,0.99,bcdb_merkle_s1024,4,serializable,,7228.044813877846,runs/merkle_s1024,1,20000,32MB,100000000,114327.45685700138,delta,197.72265625,30.0,103.16749999999999,242.5085,392.153,2767,2767,7226.41,/sys/devices/pci0000:00/0000:00:02.2/0000:23:00.0/nvme/nvme0/nvme0n1/nvme0n1p2,3032.636205000017,167.421875,31.7421875,19951,0.18164503032429452,3043,40.527069999370724,6.0,11.0,26.0,11,3.0,9.59765625,23861,102861,81.17059389845488,3711.494000000006,6.3770000000004075,809,0,0,20000,PASS,9c025251db4a79632681b1a6274fd67924245a97d6d200314b84b4336900c34a,/work/ARIABC/AriaBC/Final_Results/OOM_100M/runs/merkle_s1024/d_s0.99_bcdb_merkle_w4_t1,0,0,0,32,200,1024,256,211400,204800,s1024_20261001,
a,1.2,bcdb_merkle_s1024,16,serializable,,6161.429451632779,runs/merkle_s1024,1,20000,32MB,100000000,70176.62002799989,delta,77.76171875,50.0,103.0425,243.671,393.33,3246,3246,6160.33,/sys/devices/pci0000:00/0000:00:02.2/0000:23:00.0/nvme/nvme0/nvme0n1/nvme0n1p2,3521.468028000527,85.88671875,98.1875,9589,0.3651058504536448,11936,79.5927710023534,19.0,34.0,64.0,36,4.0,34.03515625,10969,341895,96.89143692754149,3367.967000000004,22.572000000000116,2573,0,0,20000,PASS,4f763c4243628beba2cf3841e69b2056e518dcb24ad3bc1c9ff7d255ff9700f2,/work/ARIABC/AriaBC/Final_Results/OOM_100M/runs/merkle_s1024/a_s1.2_bcdb_merkle_w16_t1,0,0,0,32,200,1024,256,211400,204800,s1024_20261001,
b,0.99,bcdb_merkle_s1024,8,serializable,,9675.858732462506,runs/merkle_s1024,1,20000,32MB,100000000,114379.00793199879,delta,198.6953125,30.0,102.00550000000001,244.327,391.91200000000003,2067,2067,9672.71,/sys/devices/pci0000:00/0000:00:02.2/0000:23:00.0/nvme/nvme0/nvme0n1/nvme0n1p2,2330.191056997137,165.35546875,32.82421875,19760,0.22100202429149798,2713,55.13561500265496,7.0,25.0,40.0,36,3.0,14.453125,23518,110040,82.39117087707213,4504.645999999979,12.028000000000247,1328,0,0,20000,PASS,983f19f6c60e9a602d47968b1c1b8ff0badda0e023f82d0d49dc6030e1f1e91c,/work/ARIABC/AriaBC/Final_Results/OOM_100M/runs/merkle_s1024/b_s0.99_bcdb_merkle_w8_t1,0,0,0,32,200,1024,256,211400,204800,s1024_20261001,
d,0.99,bcdb_merkle_s1024,1,serializable,,3442.9333792391117,runs/merkle_s1024,1,20000,32MB,100000000,206530.25619300024,delta,110.03515625,30.0,102.19149999999999,241.551,393.41999999999996,5809,5809,3442.56,/sys/devices/pci0000:00/0000:00:02.2/0000:23:00.0/nvme/nvme0/nvme0n1/nvme0n1p2,6153.670825999143,167.05859375,40.01953125,19946,0.1511581269427454,4011,30.818123002973152,6.0,2.0,17.0,11,0.0,4.37890625,23894,103173,81.1957471255322,3112.845000000001,0.016999999999825377,35,0,0,20000,PASS,9c025251db4a79632681b1a6274fd67924245a97d6d200314b84b4336900c34a,/work/ARIABC/AriaBC/Final_Results/OOM_100M/runs/merkle_s1024/d_s0.99_bcdb_merkle_w1_t1,0,0,0,32,200,1024,256,211400,204800,s1024_20261001,
a,0.0,bcdb_merkle_s1024,4,serializable,,2302.8209556706965,runs/merkle_s1024,1,20000,32MB,100000000,50560.494551999,delta,77.609375,30.0,104.3355,239.903,392.1575,8685,8685,2302.82,/sys/devices/pci0000:00/0000:00:02.2/0000:23:00.0/nvme/nvme0/nvme0n1/nvme0n1p2,9073.267734998808,444.28515625,346.92578125,55293,0.28441213173457763,21948,481.3363190005475,16.0,426.0,466.0,36,174.0,226.4296875,82888,335120,80.17071443608735,16409.964999999997,259.8899999999994,33715,0,0,20000,PASS,7a031904b743e46ac36c81f8ee675141eec90f2831dd31f8788bed7a36bd1b83,/work/ARIABC/AriaBC/Final_Results/OOM_100M/runs/merkle_s1024/a_s0.0_bcdb_merkle_w4_t1,0,0,0,32,200,1024,256,211400,204800,s1024_20261001,
b,0.99,bcdb_merkle_s1024,1,serializable,,3478.2608695652175,runs/merkle_s1024,1,20000,32MB,100000000,123580.87942199927,delta,1266.92578125,30.0,102.7675,240.58499999999998,393.6755,5750,5750,3477.79,/sys/devices/pci0000:00/0000:00:02.2/0000:23:00.0/nvme/nvme0/nvme0n1/nvme0n1p2,6039.624616998481,165.23828125,44.390625,19751,0.14682800870841983,4116,41.431003002799116,7.0,10.0,26.0,36,0.0,6.1015625,23638,107771,82.01188655267143,2992.771000000008,0.6159999999999854,86,0,0,20000,PASS,983f19f6c60e9a602d47968b1c1b8ff0badda0e023f82d0d49dc6030e1f1e91c,/work/ARIABC/AriaBC/Final_Results/OOM_100M/runs/merkle_s1024/b_s0.99_bcdb_merkle_w1_t1,0,0,0,32,200,1024,256,211400,204800,s1024_20261001,
f,0.99,bcdb_merkle_s1024,4,serializable,,2921.8407596785974,runs/merkle_s1024,1,20000,32MB,100000000,114818.77602400345,delta,104.47265625,30.0,103.06299999999999,244.1015,393.5105,6845,6845,2921.69,/sys/devices/pci0000:00/0000:00:02.2/0000:23:00.0/nvme/nvme0/nvme0n1/nvme0n1p2,7121.715282999503,225.640625,221.26171875,26984,0.2823895641861844,20521,204.1916170019249,18.0,154.0,188.0,36,48.0,110.72265625,41380,376827,90.10537843699412,7701.473999999987,129.14799999999923,16824,0,0,20000,PASS,89dec3212c59cd9d38b0d7209c328955087abeef4f88b6f02a54643a4ba7e050,/work/ARIABC/AriaBC/Final_Results/OOM_100M/runs/merkle_s1024/f_s0.99_bcdb_merkle_w4_t1,0,0,0,32,200,1024,256,211400,204800,s1024_20261001,
a,0.99,bcdb_merkle_s1024,8,serializable,,4518.752824220515,runs/merkle_s1024,1,20000,32MB,100000000,117951.06607799971,delta,609.78515625,30.0,103.854,241.631,393.0945,4426,4426,4518.74,/sys/devices/pci0000:00/0000:00:02.2/0000:23:00.0/nvme/nvme0/nvme0n1/nvme0n1p2,4838.412018998497,225.77734375,195.55078125,26990,0.3346054094108929,15065,7981.17995499706,777.0,7002.0,7922.0,36,1343.0,116.74609375,41143,329789,88.90820959097624,9061.427000000025,132.59799999999996,17797,0,0,20000,PASS,a3f07805d1b15666b9ef9ce62daa7f441b622c08d151bc1c8d5ab67cfc97559b,/work/ARIABC/AriaBC/Final_Results/OOM_100M/runs/merkle_s1024/a_s0.99_bcdb_merkle_w8_t1,0,0,0,32,200,1024,256,211400,204800,s1024_20261001,
a,1.2,bcdb_merkle_s1024,4,serializable,,3770.739064856712,runs/merkle_s1024,1,20000,32MB,100000000,138195.43642700228,delta,610.51171875,50.0,116.291,244.54500000000002,392.6465,5304,5304,3770.66,/sys/devices/pci0000:00/0000:00:02.2/0000:23:00.0/nvme/nvme0/nvme0n1/nvme0n1p2,5702.773820998118,85.390625,128.27734375,9529,0.3034945954454822,18854,74.6330219990341,20.0,28.0,59.0,36,3.0,29.2890625,10800,317590,96.71122750388258,2789.756000000023,14.890999999999622,1814,0,0,20000,PASS,4f763c4243628beba2cf3841e69b2056e518dcb24ad3bc1c9ff7d255ff9700f2,/work/ARIABC/AriaBC/Final_Results/OOM_100M/runs/merkle_s1024/a_s1.2_bcdb_merkle_w4_t1,0,0,0,32,200,1024,256,211400,204800,s1024_20261001,
a,0.0,bcdb_merkle_s1024,8,serializable,,2989.0898221491557,runs/merkle_s1024,1,20000,32MB,100000000,114958.34470699992,delta,198.08984375,30.0,104.084,242.07150000000001,393.073,6691,6691,2988.74,/sys/devices/pci0000:00/0000:00:02.2/0000:23:00.0/nvme/nvme0/nvme0n1/nvme0n1p2,6983.203116997174,444.52734375,320.89453125,55302,0.4306896676431232,16466,317.12473500010674,15.0,264.0,302.0,36,34.0,233.16796875,82667,336713,80.28828270303782,24437.219000000012,278.9539999999997,34690,0,0,20000,PASS,7a031904b743e46ac36c81f8ee675141eec90f2831dd31f8788bed7a36bd1b83,/work/ARIABC/AriaBC/Final_Results/OOM_100M/runs/merkle_s1024/a_s0.0_bcdb_merkle_w8_t1,0,0,0,32,200,1024,256,211400,204800,s1024_20261001,
f,0.99,bcdb_merkle_s1024,8,serializable,,3954.1320680110716,runs/merkle_s1024,1,20000,32MB,100000000,124253.05860200024,delta,1267.2109375,30.0,102.381,242.953,391.8565,5058,5058,3953.87,/sys/devices/pci0000:00/0000:00:02.2/0000:23:00.0/nvme/nvme0/nvme0n1/nvme0n1p2,5340.849281001283,225.8984375,197.57421875,26988,0.4045501704461242,15445,177.37965999913285,19.0,125.0,160.0,36,20.0,115.84375,41207,381038,90.24097384220062,10901.956000000006,132.5669999999991,17711,0,0,20000,PASS,89dec3212c59cd9d38b0d7209c328955087abeef4f88b6f02a54643a4ba7e050,/work/ARIABC/AriaBC/Final_Results/OOM_100M/runs/merkle_s1024/f_s0.99_bcdb_merkle_w8_t1,0,0,0,32,200,1024,256,211400,204800,s1024_20261001,
a,0.99,bcdb_merkle_s1024,1,serializable,,1794.2047187584103,runs/merkle_s1024,1,20000,32MB,100000000,118161.6557740017,delta,610.35546875,30.0,105.26150000000001,243.74,392.738,11147,11147,1794.13,/sys/devices/pci0000:00/0000:00:02.2/0000:23:00.0/nvme/nvme0/nvme0n1/nvme0n1p2,11337.469166999654,225.7890625,245.95703125,26974,0.10717728182694447,24948,288.2510839990573,18.0,235.0,269.0,36,117.0,99.890625,41350,323989,88.68174489994225,3089.7399999999907,105.69599999999991,15016,0,0,20000,PASS,a3f07805d1b15666b9ef9ce62daa7f441b622c08d151bc1c8d5ab67cfc97559b,/work/ARIABC/AriaBC/Final_Results/OOM_100M/runs/merkle_s1024/a_s0.99_bcdb_merkle_w1_t1,0,0,0,32,200,1024,256,211400,204800,s1024_20261001,
d,0.99,bcdb_merkle_s1024,16,serializable,,11254.924029262802,runs/merkle_s1024,1,20000,32MB,100000000,149312.79332099803,delta,609.8203125,50.0,104.1945,241.92649999999998,392.649,1777,1777,11250.35,/sys/devices/pci0000:00/0000:00:02.2/0000:23:00.0/nvme/nvme0/nvme0n1/nvme0n1p2,2127.2344639983203,167.12109375,29.5703125,19936,0.3046749598715891,2771,40.52430500087212,6.0,11.0,25.0,11,4.0,11.82421875,23872,107376,81.81153236620749,6204.483000000007,10.725999999998749,1179,0,0,20000,PASS,9c025251db4a79632681b1a6274fd67924245a97d6d200314b84b4336900c34a,/work/ARIABC/AriaBC/Final_Results/OOM_100M/runs/merkle_s1024/d_s0.99_bcdb_merkle_w16_t1,0,0,0,32,200,1024,256,211400,204800,s1024_20261001,
a,0.99,bcdb_merkle_s1024,16,serializable,,5934.718100890208,runs/merkle_s1024,1,20000,32MB,100000000,162647.59672999935,delta,82.875,50.0,103.5985,241.526,391.837,3370,3370,5934.72,/sys/devices/pci0000:00/0000:00:02.2/0000:23:00.0/nvme/nvme0/nvme0n1/nvme0n1p2,3672.544218999974,225.6328125,176.578125,27024,0.4688425103611604,10829,192.99806599883595,18.0,141.0,175.0,36,25.0,120.046875,41168,335737,89.07735370982078,12601.859999999986,139.40899999999965,18387,0,0,20000,PASS,a3f07805d1b15666b9ef9ce62daa7f441b622c08d151bc1c8d5ab67cfc97559b,/work/ARIABC/AriaBC/Final_Results/OOM_100M/runs/merkle_s1024/a_s0.99_bcdb_merkle_w16_t1,0,0,0,32,200,1024,256,211400,204800,s1024_20261001,
a,1.2,bcdb_merkle_s1024,1,serializable,,2266.5457842248416,runs/merkle_s1024,1,20000,32MB,100000000,137952.3283669987,delta,611.13671875,50.0,104.9555,245.899,393.215,8824,8824,2266.51,/sys/devices/pci0000:00/0000:00:02.2/0000:23:00.0/nvme/nvme0/nvme0n1/nvme0n1p2,9089.32022099907,85.328125,151.91796875,9500,0.13063157894736843,23383,1609.6213700002409,1148.0,317.0,1544.0,36,59.0,21.7734375,10727,307265,96.62664469546404,1211.618999999977,3.6260000000002037,511,0,0,20000,PASS,4f763c4243628beba2cf3841e69b2056e518dcb24ad3bc1c9ff7d255ff9700f2,/work/ARIABC/AriaBC/Final_Results/OOM_100M/runs/merkle_s1024/a_s1.2_bcdb_merkle_w1_t1,0,0,0,32,200,1024,256,211400,204800,s1024_20261001,
a,0.0,bcdb_merkle_s1024,1,serializable,,1170.1380762930025,runs/merkle_s1024,1,20000,32MB,100000000,115112.89174400008,delta,197.09765625,30.0,103.18299999999999,243.2245,391.64250000000004,17092,17092,1170.14,/sys/devices/pci0000:00/0000:00:02.2/0000:23:00.0/nvme/nvme0/nvme0n1/nvme0n1p2,17424.38968299757,444.36328125,387.35546875,55301,0.14455434802263972,28089,363.20947499916656,16.0,229.0,269.0,36,33.0,201.734375,83328,336719,80.16221994205411,8644.484000000026,210.34299999999894,29890,0,0,20000,PASS,7a031904b743e46ac36c81f8ee675141eec90f2831dd31f8788bed7a36bd1b83,/work/ARIABC/AriaBC/Final_Results/OOM_100M/runs/merkle_s1024/a_s0.0_bcdb_merkle_w1_t1,0,0,0,32,200,1024,256,211400,204800,s1024_20261001,
a,0.0,bcdb_merkle_s1024,16,serializable,,3964.3211100099106,runs/merkle_s1024,1,20000,32MB,100000000,144052.75734799943,delta,1267.0546875,50.0,106.459,244.497,392.48900000000003,5045,5045,3963.64,/sys/devices/pci0000:00/0000:00:02.2/0000:23:00.0/nvme/nvme0/nvme0n1/nvme0n1p2,5264.29313999688,444.0078125,297.6875,55287,0.6099625590102555,11748,428.94403699756367,16.0,268.0,308.0,36,34.0,238.46875,82655,340245,80.45519035232915,34240.709,301.46199999999953,35569,0,0,20000,PASS,7a031904b743e46ac36c81f8ee675141eec90f2831dd31f8788bed7a36bd1b83,/work/ARIABC/AriaBC/Final_Results/OOM_100M/runs/merkle_s1024/a_s0.0_bcdb_merkle_w16_t1,0,0,0,32,200,1024,256,211400,204800,s1024_20261001,
f,0.99,bcdb_merkle_s1024,1,serializable,,1549.5467575734099,runs/merkle_s1024,1,20000,32MB,100000000,123656.47197699582,delta,1266.890625,30.0,102.672,242.463,392.168,12907,12907,1549.5,/sys/devices/pci0000:00/0000:00:02.2/0000:23:00.0/nvme/nvme0/nvme0n1/nvme0n1p2,13241.489813000953,225.6640625,253.265625,26972,0.15419694497997924,25852,522.141253000882,18.0,399.0,435.0,36,239.0,95.28125,41487,374842,90.03504439998174,4302.807000000001,104.92499999999927,14206,0,0,20000,PASS,89dec3212c59cd9d38b0d7209c328955087abeef4f88b6f02a54643a4ba7e050,/work/ARIABC/AriaBC/Final_Results/OOM_100M/runs/merkle_s1024/f_s0.99_bcdb_merkle_w1_t1,0,0,0,32,200,1024,256,211400,204800,s1024_20261001,
f,0.99,det_control,1,serializable,,1880.4061677322302,runs/det_control_20261001,1,20000,32MB,100000000,130006.98913800079,delta,9.1328125,30.0,103.7935,242.262,394.922,10636,10636,1880.39,/sys/devices/pci0000:00/0000:00:02.2/0000:23:00.0/nvme/nvme0/nvme0n1/nvme0n1p2,10895.898484999634,142.01171875,181.609375,16947,0.15755000885112408,24266,86.55460700174444,22.0,39.0,72.0,30,8.0,40.66796875,19565,183897,90.38395376040735,2782.2319999999963,27.18499999999949,3445,0,0,20000,N/A,89dec3212c59cd9d38b0d7209c328955087abeef4f88b6f02a54643a4ba7e050,/work/ARIABC/AriaBC/Final_Results/OOM_100M/runs/det_control_20261001/f_s0.99_bcdb_det_w1_t1,0,0,0,,,,,,,det_control_20261001,
a,0.99,det_control,16,serializable,,8309.098462816784,runs/det_control_20261001,1,20000,32MB,100000000,107467.39044399874,delta,327.8359375,30.0,106.148,245.0525,393.36,2407,2407,8308.28,/sys/devices/pci0000:00/0000:00:02.2/0000:23:00.0/nvme/nvme0/nvme0n1/nvme0n1p2,2683.4978410006443,141.953125,103.7578125,16941,0.4411782067174311,7690,121.51457900108653,18.0,75.0,106.0,30,17.0,59.09375,19740,136988,87.40493083558778,7552.582999999999,54.77900000000045,6537,0,0,20000,N/A,a3f07805d1b15666b9ef9ce62daa7f441b622c08d151bc1c8d5ab67cfc97559b,/work/ARIABC/AriaBC/Final_Results/OOM_100M/runs/det_control_20261001/a_s0.99_bcdb_det_w16_t1,0,0,0,,,,,,,det_control_20261001,
f,0.99,det_control,16,serializable,,7920.792079207921,runs/det_control_20261001,1,20000,32MB,100000000,107495.68115399961,delta,328.62890625,30.0,107.185,243.179,393.149,2525,2525,7920.01,/sys/devices/pci0000:00/0000:00:02.2/0000:23:00.0/nvme/nvme0/nvme0n1/nvme0n1p2,2803.2850909985427,142.359375,104.0546875,16962,0.4524820186298786,7730,107.84317399884458,20.0,60.0,92.0,30,15.0,58.5859375,19715,188799,90.54499937654066,7769.578000000001,53.503999999998996,6368,0,0,20000,N/A,89dec3212c59cd9d38b0d7209c328955087abeef4f88b6f02a54643a4ba7e050,/work/ARIABC/AriaBC/Final_Results/OOM_100M/runs/det_control_20261001/f_s0.99_bcdb_det_w16_t1,0,0,0,,,,,,,det_control_20261001,
a,0.99,det_control,1,serializable,,2157.730067968497,runs/det_control_20261001,1,20000,32MB,100000000,107351.51197899904,delta,329.3984375,30.0,105.542,244.797,393.83050000000003,9269,9269,2157.59,/sys/devices/pci0000:00/0000:00:02.2/0000:23:00.0/nvme/nvme0/nvme0n1/nvme0n1p2,9550.607668999874,142.1640625,177.46484375,16950,0.11752212389380531,23731,92.77792800276075,21.0,43.0,77.0,30,10.0,43.46484375,19595,133286,87.18284155650473,2130.4579999999987,29.799999999999272,3909,0,0,20000,N/A,a3f07805d1b15666b9ef9ce62daa7f441b622c08d151bc1c8d5ab67cfc97559b,/work/ARIABC/AriaBC/Final_Results/OOM_100M/runs/det_control_20261001/a_s0.99_bcdb_det_w1_t1,0,0,0,,,,,,,det_control_20261001,
c,0.99,pg,16,serializable,on,30581.03975535168,runs/v2_20261001/campaign/run_20261001_210222_bc54c340,1,20000,32MB,100000000,870456.573753996,delta,31277.515625,120.0,103.939,244.662,392.9935,654,654,30573.36,/sys/devices/pci0000:00/0000:00:02.2/0000:23:00.0/nvme/nvme0/nvme0n1/nvme0n1p2,1531.0983210220002,148.40234375,0.140625,17358,0.4574835810577255,15,249.03431101120077,0.0,1.0,7.0,4,0.0,0.2578125,19703,85490,81.269666232544,7999.408,0.143,6,0,0,20000,N/A,9609a417912694edc40eb9b1141750954187084fb5285000075b6d4ea7a0e483,/work/ARIABC/AriaBC/Final_Results/OOM_100M/runs/v2_20261001/campaign/run_20261001_210222_bc54c340/c_s0.99_pg_w16_t1,0,0,0,,,,,,,v2_20261001,90
c,0.99,bcdb_merkle,16,serializable,,18621.973929236497,runs/v2_20261001/campaign/run_20261001_210222_bc54c340,1,20000,32MB,100000000,1035166.9166640204,delta,34295.90625,270.0,109.36449999999999,241.526,392.75800000000004,1074,1074,18607.15,/sys/devices/pci0000:00/0000:00:02.2/0000:23:00.0/nvme/nvme0/nvme0n1/nvme0n1p2,1947.1506440022495,148.48046875,0.1640625,17414,0.2688067072470426,20,253.19778500124812,0.0,1.0,8.0,4,0.0,0.26171875,19843,87181,81.45929884885633,4799.1539999999995,0.114,5,0,0,20000,PASS,9609a417912694edc40eb9b1141750954187084fb5285000075b6d4ea7a0e483,/work/ARIABC/AriaBC/Final_Results/OOM_100M/runs/v2_20261001/campaign/run_20261001_210222_bc54c340/c_s0.99_bcdb_merkle_w16_t1,0,0,0,32,200,1024,256,211400,204800,v2_20261001,90
c,0.99,bcdb_det,16,serializable,,18450.18450184502,runs/v2_20261001/campaign/run_20261001_210222_bc54c340,1,20000,32MB,100000000,134176.19452098734,delta,4.48046875,120.0,101.856,245.4095,391.769,1084,1084,18441.38,/sys/devices/pci0000:00/0000:00:02.2/0000:23:00.0/nvme/nvme0/nvme0n1/nvme0n1p2,1967.7672420220915,147.6640625,0.265625,17204,0.26720530109276913,27,247.04073800239712,0.0,1.0,8.0,4,0.0,0.36328125,19838,86466,81.33842564720048,4750.8769999999995,0.133,6,0,0,20000,N/A,9609a417912694edc40eb9b1141750954187084fb5285000075b6d4ea7a0e483,/work/ARIABC/AriaBC/Final_Results/OOM_100M/runs/v2_20261001/campaign/run_20261001_210222_bc54c340/c_s0.99_bcdb_det_w16_t1,0,0,0,,,,,,,v2_20261001,90
b,0.99,bcdb_merkle,8,serializable,,10025.062656641605,runs/v2_20261001/campaign/run_20261001_210222_bc54c340,1,20000,32MB,100000000,124010.02569298726,delta,8.125,110.0,102.71199999999999,240.405,391.6635,1995,1995,10022.55,/sys/devices/pci0000:00/0000:00:02.2/0000:23:00.0/nvme/nvme0/nvme0n1/nvme0n1p2,2882.187802984845,161.73828125,24.74609375,18751,0.24574689349901338,2680,266.5542019822169,6.0,17.0,30.0,32,2.0,7.08203125,22316,105527,82.54421438796024,4705.587,4.621,502,0,0,20000,PASS,983f19f6c60e9a602d47968b1c1b8ff0badda0e023f82d0d49dc6030e1f1e91c,/work/ARIABC/AriaBC/Final_Results/OOM_100M/runs/v2_20261001/campaign/run_20261001_210222_bc54c340/b_s0.99_bcdb_merkle_w8_t1,0,0,0,32,200,1024,256,211400,204800,v2_20261001,90
b,0.99,bcdb_det,8,serializable,,11019.283746556473,runs/v2_20261001/campaign/run_20261001_210222_bc54c340,1,20000,32MB,100000000,134102.43819400785,delta,4.51953125,120.0,103.268,241.0205,391.6925,1815,1815,11019.01,/sys/devices/pci0000:00/0000:00:02.2/0000:23:00.0/nvme/nvme0/nvme0n1/nvme0n1p2,2697.144248028053,148.171875,14.83203125,17307,0.27982897093661524,2259,279.1530250106007,3.0,15.0,24.0,31,0.0,2.85546875,19675,87576,81.65518270225918,4933.646,1.245,109,0,0,20000,N/A,983f19f6c60e9a602d47968b1c1b8ff0badda0e023f82d0d49dc6030e1f1e91c,/work/ARIABC/AriaBC/Final_Results/OOM_100M/runs/v2_20261001/campaign/run_20261001_210222_bc54c340/b_s0.99_bcdb_det_w8_t1,0,0,0,,,,,,,v2_20261001,90
b,0.99,pg,8,serializable,on,15588.46453624318,runs/v2_20261001/campaign/run_20261001_210222_bc54c340,1,20000,32MB,100000000,189342.33475700603,delta,34.921875,110.0,102.387,241.261,393.0795,1283,1283,15588.85,/sys/devices/pci0000:00/0000:00:02.2/0000:23:00.0/nvme/nvme0/nvme0n1/nvme0n1p2,2163.7481540092267,148.4921875,14.0,17331,0.41226703594714675,2109,268.26669499860145,2.0,16.0,25.0,32,1.0,3.16796875,19675,85661,81.32167540062277,7175.611999999999,2.155,206,0,0,20000,N/A,983f19f6c60e9a602d47968b1c1b8ff0badda0e023f82d0d49dc6030e1f1e91c,/work/ARIABC/AriaBC/Final_Results/OOM_100M/runs/v2_20261001/campaign/run_20261001_210222_bc54c340/b_s0.99_pg_w8_t1,1,0,0,,,,,,,v2_20261001,90
a,1.2,pg,8,serializable,on,8061.265618702137,runs/v2_20261001/campaign/run_20261001_210222_bc54c340,1,20000,32MB,100000000,201917.8522900038,delta,35.44921875,120.0,103.679,245.90449999999998,391.086,2481,2481,8058.54,/sys/devices/pci0000:00/0000:00:02.2/0000:23:00.0/nvme/nvme0/nvme0n1/nvme0n1p2,3393.3946450124495,46.015625,49.26953125,4485,0.49052396878483834,8541,281.40968398656696,7.0,13.0,27.0,33,1.0,5.890625,4320,140408,97.01509037643027,2129.757,0.777,88,0,0,20000,N/A,4f763c4243628beba2cf3841e69b2056e518dcb24ad3bc1c9ff7d255ff9700f2,/work/ARIABC/AriaBC/Final_Results/OOM_100M/runs/v2_20261001/campaign/run_20261001_210222_bc54c340/a_s1.2_pg_w8_t1,4943,53515,0,,,,,,,v2_20261001,90
a,1.2,bcdb_merkle,8,serializable,,5468.963631391851,runs/v2_20261001/campaign/run_20261001_210222_bc54c340,1,20000,32MB,100000000,188972.21513499971,delta,63.734375,110.0,103.17750000000001,244.3315,391.73699999999997,3657,3657,5468.21,/sys/devices/pci0000:00/0000:00:02.2/0000:23:00.0/nvme/nvme0/nvme0n1/nvme0n1p2,4550.421065010596,72.046875,85.5,7271,0.40957227341493607,13013,292.0736389933154,19.0,15.0,44.0,36,1.0,18.8125,7826,316473,97.58679490223528,2703.348,4.064,447,0,0,20000,PASS,4f763c4243628beba2cf3841e69b2056e518dcb24ad3bc1c9ff7d255ff9700f2,/work/ARIABC/AriaBC/Final_Results/OOM_100M/runs/v2_20261001/campaign/run_20261001_210222_bc54c340/a_s1.2_bcdb_merkle_w8_t1,0,0,0,32,200,1024,256,211400,204800,v2_20261001,90
a,1.2,bcdb_det,8,serializable,,6622.516556291391,runs/v2_20261001/campaign/run_20261001_210222_bc54c340,1,20000,32MB,100000000,201918.3514630131,delta,64.9140625,120.0,103.223,245.13299999999998,392.674,3020,3020,6621.17,/sys/devices/pci0000:00/0000:00:02.2/0000:23:00.0/nvme/nvme0/nvme0n1/nvme0n1p2,3926.069601002382,45.96484375,56.23046875,4528,0.3476148409893993,10982,260.5982959794346,16.0,1.0,25.0,32,0.0,11.3515625,4319,135342,96.90751176062037,1510.933,0,0,0,0,20000,N/A,4f763c4243628beba2cf3841e69b2056e518dcb24ad3bc1c9ff7d255ff9700f2,/work/ARIABC/AriaBC/Final_Results/OOM_100M/runs/v2_20261001/campaign/run_20261001_210222_bc54c340/a_s1.2_bcdb_det_w8_t1,0,0,0,,,,,,,v2_20261001,90
f,0.99,bcdb_merkle,8,serializable,,4747.211013529552,runs/v2_20261001/campaign/run_20261001_210222_bc54c340,1,20000,32MB,100000000,302474.92085400154,delta,122.64453125,120.0,102.001,246.095,394.682,4213,4213,4746.79,/sys/devices/pci0000:00/0000:00:02.2/0000:23:00.0/nvme/nvme0/nvme0n1/nvme0n1p2,5109.4389659992885,177.38671875,121.87890625,20331,0.40981752004328365,13446,326.54769098735414,15.0,57.0,84.0,35,10.0,51.49609375,29638,344654,92.08158336272216,8246.324,61.948,7944,0,0,20000,PASS,89dec3212c59cd9d38b0d7209c328955087abeef4f88b6f02a54643a4ba7e050,/work/ARIABC/AriaBC/Final_Results/OOM_100M/runs/v2_20261001/campaign/run_20261001_210222_bc54c340/f_s0.99_bcdb_merkle_w8_t1,0,0,0,32,200,1024,256,211400,204800,v2_20261001,90
f,0.99,bcdb_det,8,serializable,,5070.993914807303,runs/v2_20261001/campaign/run_20261001_210222_bc54c340,1,20000,32MB,100000000,191990.2180499921,delta,65.48046875,110.0,102.322,241.106,390.9715,3944,3944,5069.92,/sys/devices/pci0000:00/0000:00:02.2/0000:23:00.0/nvme/nvme0/nvme0n1/nvme0n1p2,4841.7431820125785,146.98828125,95.171875,17067,0.4354016523114783,12493,303.4846080117859,12.0,44.0,65.0,32,6.0,26.47265625,19587,158482,89.00033133223639,7541.638,24.272,2612,0,0,20000,N/A,89dec3212c59cd9d38b0d7209c328955087abeef4f88b6f02a54643a4ba7e050,/work/ARIABC/AriaBC/Final_Results/OOM_100M/runs/v2_20261001/campaign/run_20261001_210222_bc54c340/f_s0.99_bcdb_det_w8_t1,0,0,0,,,,,,,v2_20261001,90
f,0.99,pg,8,serializable,on,6756.756756756757,runs/v2_20261001/campaign/run_20261001_210222_bc54c340,1,20000,32MB,100000000,203456.16354999947,delta,206.0078125,120.0,100.613,245.27300000000002,392.063,2960,2960,6755.09,/sys/devices/pci0000:00/0000:00:02.2/0000:23:00.0/nvme/nvme0/nvme0n1/nvme0n1p2,3851.551941013895,147.140625,84.61328125,17088,0.5255149812734082,10231,297.0609700132627,7.0,43.0,59.0,32,8.0,29.59375,19474,148201,88.38586551364246,9093.621000000001,36.601,3534,0,0,20000,N/A,89dec3212c59cd9d38b0d7209c328955087abeef4f88b6f02a54643a4ba7e050,/work/ARIABC/AriaBC/Final_Results/OOM_100M/runs/v2_20261001/campaign/run_20261001_210222_bc54c340/f_s0.99_pg_w8_t1,209,492,0,,,,,,,v2_20261001,90
d,0.99,pg,8,serializable,on,15785.319652722968,runs/v2_20261001/campaign/run_20261001_210222_bc54c340,1,20000,32MB,100000000,203024.50457800296,delta,205.5703125,120.0,103.273,242.04700000000003,391.727,1267,1267,15782.4,/sys/devices/pci0000:00/0000:00:02.2/0000:23:00.0/nvme/nvme0/nvme0n1/nvme0n1p2,2155.2033569896594,141.44921875,7.796875,16462,0.4277730530919694,1874,254.55094099743292,1.0,2.0,11.0,7,0.0,0.68359375,18562,82931,81.71105396431281,7110.489,0,16,0,0,20000,N/A,9c025251db4a79632681b1a6274fd67924245a97d6d200314b84b4336900c34a,/work/ARIABC/AriaBC/Final_Results/OOM_100M/runs/v2_20261001/campaign/run_20261001_210222_bc54c340/d_s0.99_pg_w8_t1,0,0,0,,,,,,,v2_20261001,90
d,0.99,bcdb_merkle,8,serializable,,9095.043201455206,runs/v2_20261001/campaign/run_20261001_210222_bc54c340,1,20000,32MB,100000000,197556.30804601242,delta,285.96875,110.0,103.52799999999999,243.8405,392.22749999999996,2199,2199,9094.77,/sys/devices/pci0000:00/0000:00:02.2/0000:23:00.0/nvme/nvme0/nvme0n1/nvme0n1p2,3090.3646090009715,173.35546875,31.11328125,20095,0.22781786514058222,2954,271.986244013533,7.0,11.0,26.0,11,4.0,11.41796875,23969,104398,81.32775557580999,4657.752,9.684,1078,0,0,20000,PASS,9c025251db4a79632681b1a6274fd67924245a97d6d200314b84b4336900c34a,/work/ARIABC/AriaBC/Final_Results/OOM_100M/runs/v2_20261001/campaign/run_20261001_210222_bc54c340/d_s0.99_bcdb_merkle_w8_t1,0,0,0,32,200,1024,256,211400,204800,v2_20261001,90
d,0.99,bcdb_det,8,serializable,,11080.3324099723,runs/v2_20261001/campaign/run_20261001_210222_bc54c340,1,20000,32MB,100000000,134995.18861499382,delta,5.7578125,120.0,102.161,245.2785,392.93899999999996,1805,1805,11076.05,/sys/devices/pci0000:00/0000:00:02.2/0000:23:00.0/nvme/nvme0/nvme0n1/nvme0n1p2,2687.1677689778153,141.046875,8.41796875,16389,0.2843980718774788,2033,248.8846300111618,1.0,2.0,10.0,7,0.0,0.69140625,18560,83721,81.85391226131931,4761.562,0.09,22,0,0,20000,N/A,9c025251db4a79632681b1a6274fd67924245a97d6d200314b84b4336900c34a,/work/ARIABC/AriaBC/Final_Results/OOM_100M/runs/v2_20261001/campaign/run_20261001_210222_bc54c340/d_s0.99_bcdb_det_w8_t1,0,0,0,,,,,,,v2_20261001,90
a,0.99,bcdb_det,8,serializable,,5543.2372505543235,runs/v2_20261001/campaign/run_20261001_210222_bc54c340,1,20000,32MB,100000000,134787.1962840145,delta,9.93359375,120.0,103.0775,242.67849999999999,393.084,3608,3608,5542.77,/sys/devices/pci0000:00/0000:00:02.2/0000:23:00.0/nvme/nvme0/nvme0n1/nvme0n1p2,4500.273493002169,141.74609375,93.95703125,16996,0.40533066603906803,12388,312.95662399497814,13.0,36.0,59.0,32,6.0,27.1796875,19712,107184,84.46601941747574,6999.737999999999,24.05,2588,0,0,20000,N/A,a3f07805d1b15666b9ef9ce62daa7f441b622c08d151bc1c8d5ab67cfc97559b,/work/ARIABC/AriaBC/Final_Results/OOM_100M/runs/v2_20261001/campaign/run_20261001_210222_bc54c340/a_s0.99_bcdb_det_w8_t1,0,0,0,,,,,,,v2_20261001,90
a,0.99,pg,8,serializable,on,6521.030322791001,runs/v2_20261001/campaign/run_20261001_210222_bc54c340,1,20000,32MB,100000000,203034.13277500658,delta,206.59765625,120.0,104.0595,244.29149999999998,391.216,3067,3067,6519.2,/sys/devices/pci0000:00/0000:00:02.2/0000:23:00.0/nvme/nvme0/nvme0n1/nvme0n1p2,3953.878412983613,141.9140625,85.17578125,17043,0.5804729214340199,10308,307.47537498245947,10.0,40.0,59.0,33,7.0,29.61328125,19593,96974,83.19164085890517,10008.286,34.929,3309,0,0,20000,N/A,a3f07805d1b15666b9ef9ce62daa7f441b622c08d151bc1c8d5ab67cfc97559b,/work/ARIABC/AriaBC/Final_Results/OOM_100M/runs/v2_20261001/campaign/run_20261001_210222_bc54c340/a_s0.99_pg_w8_t1,224,511,0,,,,,,,v2_20261001,90
a,0.99,bcdb_merkle,8,serializable,,4757.373929590866,runs/v2_20261001/campaign/run_20261001_210222_bc54c340,1,20000,32MB,100000000,142983.34337299457,delta,76.7265625,120.0,103.483,242.6585,392.3435,4204,4204,4756.9,/sys/devices/pci0000:00/0000:00:02.2/0000:23:00.0/nvme/nvme0/nvme0n1/nvme0n1p2,5095.0253659975715,171.8125,121.36328125,20210,0.4260267194458189,13315,335.15559701481834,16.0,55.0,83.0,35,10.0,50.83203125,29630,293730,90.83683819891144,8510.778,60.335,7636,0,0,20000,PASS,a3f07805d1b15666b9ef9ce62daa7f441b622c08d151bc1c8d5ab67cfc97559b,/work/ARIABC/AriaBC/Final_Results/OOM_100M/runs/v2_20261001/campaign/run_20261001_210222_bc54c340/a_s0.99_bcdb_merkle_w8_t1,0,0,0,32,200,1024,256,211400,204800,v2_20261001,90
a,0.99,bcdb_merkle,4,serializable,,3471.017007983339,runs/v2_20261001/campaign/run_20261001_210222_bc54c340,1,20000,32MB,100000000,357788.9710640011,delta,283.08203125,270.0,107.756,244.66199999999998,392.8225,5762,5762,3470.66,/sys/devices/pci0000:00/0000:00:02.2/0000:23:00.0/nvme/nvme0/nvme0n1/nvme0n1p2,6674.264943023445,171.890625,146.25,20214,0.29593351142772334,18957,507.62498599942774,18.0,231.0,260.0,36,174.0,47.82421875,29737,290835,90.72376876333554,6028.025000000001,57.513,7042,0,0,20000,PASS,a3f07805d1b15666b9ef9ce62daa7f441b622c08d151bc1c8d5ab67cfc97559b,/work/ARIABC/AriaBC/Final_Results/OOM_100M/runs/v2_20261001/campaign/run_20261001_210222_bc54c340/a_s0.99_bcdb_merkle_w4_t1,0,0,0,32,200,1024,256,211400,204800,v2_20261001,90
a,0.99,bcdb_det,4,serializable,,3644.9790413705123,runs/v2_20261001/campaign/run_20261001_210222_bc54c340,1,20000,32MB,100000000,288710.64748900244,delta,206.73046875,120.0,116.798,243.69,392.067,5487,5487,3644.91,/sys/devices/pci0000:00/0000:00:02.2/0000:23:00.0/nvme/nvme0/nvme0n1/nvme0n1p2,6378.73927000328,141.515625,119.9609375,16992,0.3384533898305085,18318,296.7310789972544,13.0,29.0,51.0,32,4.0,22.84375,19679,106494,84.40316073961941,5899.915,20.506,1912,0,0,20000,N/A,a3f07805d1b15666b9ef9ce62daa7f441b622c08d151bc1c8d5ab67cfc97559b,/work/ARIABC/AriaBC/Final_Results/OOM_100M/runs/v2_20261001/campaign/run_20261001_210222_bc54c340/a_s0.99_bcdb_det_w4_t1,0,0,0,,,,,,,v2_20261001,90
a,0.99,pg,4,serializable,on,4442.47001332741,runs/v2_20261001/campaign/run_20261001_210222_bc54c340,1,20000,32MB,100000000,203168.5711829923,delta,205.390625,120.0,102.061,244.1155,393.0235,4502,4502,4442.01,/sys/devices/pci0000:00/0000:00:02.2/0000:23:00.0/nvme/nvme0/nvme0n1/nvme0n1p2,5390.862992993789,141.98828125,113.8671875,17021,0.3914576111861818,17092,296.20949999662116,10.0,34.0,53.0,32,6.0,24.8984375,19568,95662,83.0183112036796,6801.013,27.415,2658,0,0,20000,N/A,a3f07805d1b15666b9ef9ce62daa7f441b622c08d151bc1c8d5ab67cfc97559b,/work/ARIABC/AriaBC/Final_Results/OOM_100M/runs/v2_20261001/campaign/run_20261001_210222_bc54c340/a_s0.99_pg_w4_t1,50,31,0,,,,,,,v2_20261001,90
b,0.99,bcdb_det,1,serializable,,3943.217665615142,runs/v2_20261001/campaign/run_20261001_210222_bc54c340,1,20000,32MB,100000000,202895.3029869881,delta,206.36328125,120.0,102.72149999999999,244.737,392.95349999999996,5072,5072,3943.23,/sys/devices/pci0000:00/0000:00:02.2/0000:23:00.0/nvme/nvme0/nvme0n1/nvme0n1p2,5959.707397007151,142.60546875,16.3125,17178,0.14274071486785422,2466,254.21652701334096,2.0,6.0,16.0,31,0.0,1.79296875,19644,87147,81.60519144871759,2565.254,0.015,1,0,0,20000,N/A,983f19f6c60e9a602d47968b1c1b8ff0badda0e023f82d0d49dc6030e1f1e91c,/work/ARIABC/AriaBC/Final_Results/OOM_100M/runs/v2_20261001/campaign/run_20261001_210222_bc54c340/b_s0.99_bcdb_det_w1_t1,0,0,0,,,,,,,v2_20261001,90
b,0.99,pg,1,serializable,on,4124.561765312435,runs/v2_20261001/campaign/run_20261001_210222_bc54c340,1,20000,32MB,100000000,199689.23865200486,delta,36.70703125,120.0,101.3895,242.3725,391.586,4849,4849,4123.89,/sys/devices/pci0000:00/0000:00:02.2/0000:23:00.0/nvme/nvme0/nvme0n1/nvme0n1p2,5737.5171869935,142.59375,16.37109375,17174,0.14067776872015839,2473,257.71035999059677,2.0,12.0,20.0,31,0.0,1.921875,19667,86088,81.4032433454683,2531.4,0.295,27,0,0,20000,N/A,983f19f6c60e9a602d47968b1c1b8ff0badda0e023f82d0d49dc6030e1f1e91c,/work/ARIABC/AriaBC/Final_Results/OOM_100M/runs/v2_20261001/campaign/run_20261001_210222_bc54c340/b_s0.99_pg_w1_t1,0,0,0,,,,,,,v2_20261001,90
b,0.99,bcdb_merkle,1,serializable,,3561.887800534283,runs/v2_20261001/campaign/run_20261001_210222_bc54c340,1,20000,32MB,100000000,360430.95920898486,delta,287.15234375,270.0,107.5705,246.2295,391.03049999999996,5615,5615,3561.34,/sys/devices/pci0000:00/0000:00:02.2/0000:23:00.0/nvme/nvme0/nvme0n1/nvme0n1p2,6495.739408012014,156.49609375,29.55859375,18686,0.153430375682329,3270,257.7786869951524,6.0,7.0,19.0,32,0.0,4.453125,22324,103433,82.24830426934484,2963.582,0.101,11,0,0,20000,PASS,983f19f6c60e9a602d47968b1c1b8ff0badda0e023f82d0d49dc6030e1f1e91c,/work/ARIABC/AriaBC/Final_Results/OOM_100M/runs/v2_20261001/campaign/run_20261001_210222_bc54c340/b_s0.99_bcdb_merkle_w1_t1,0,0,0,32,200,1024,256,211400,204800,v2_20261001,90
a,1.2,bcdb_merkle,16,serializable,,6631.29973474801,runs/v2_20261001/campaign/run_20261001_210222_bc54c340,1,20000,32MB,100000000,199197.89917301387,delta,57.2265625,120.0,104.11500000000001,245.87,392.3035,3016,3016,6630.37,/sys/devices/pci0000:00/0000:00:02.2/0000:23:00.0/nvme/nvme0/nvme0n1/nvme0n1p2,3903.5772279894445,66.8828125,75.70703125,7242,0.4179784589892295,10661,291.32859301171266,19.0,19.0,47.0,36,2.0,20.1640625,7852,330642,97.68031338812504,2835.52,5.628,593,0,0,20000,PASS,4f763c4243628beba2cf3841e69b2056e518dcb24ad3bc1c9ff7d255ff9700f2,/work/ARIABC/AriaBC/Final_Results/OOM_100M/runs/v2_20261001/campaign/run_20261001_210222_bc54c340/a_s1.2_bcdb_merkle_w16_t1,0,0,0,32,200,1024,256,211400,204800,v2_20261001,90
a,1.2,bcdb_det,16,serializable,,8067.769261799112,runs/v2_20261001/campaign/run_20261001_210222_bc54c340,1,20000,32MB,100000000,349797.9074489849,delta,31.49609375,270.0,109.99549999999999,244.2415,392.038,2479,2479,8066.92,/sys/devices/pci0000:00/0000:00:02.2/0000:23:00.0/nvme/nvme0/nvme0n1/nvme0n1p2,3372.1793959848583,40.42578125,46.5390625,4390,0.3845102505694761,8526,259.31639899499714,16.0,1.0,26.0,32,1.0,11.296875,4324,145482,97.11360025633152,1655.932,0,0,0,0,20000,N/A,4f763c4243628beba2cf3841e69b2056e518dcb24ad3bc1c9ff7d255ff9700f2,/work/ARIABC/AriaBC/Final_Results/OOM_100M/runs/v2_20261001/campaign/run_20261001_210222_bc54c340/a_s1.2_bcdb_det_w16_t1,0,0,0,,,,,,,v2_20261001,90
a,1.2,pg,16,serializable,on,10411.244143675169,runs/v2_20261001/campaign/run_20261001_210222_bc54c340,1,20000,32MB,100000000,202244.0130089817,delta,68.6015625,120.0,102.9025,243.881,391.7265,1921,1921,10407.68,/sys/devices/pci0000:00/0000:00:02.2/0000:23:00.0/nvme/nvme0/nvme0n1/nvme0n1p2,2813.7678040075116,40.484375,42.32421875,4400,0.4990909090909091,6683,275.42249200632796,7.0,10.0,26.0,33,1.0,5.33984375,4328,184087,97.70294297163177,2151.022,0.863,93,0,0,20000,N/A,4f763c4243628beba2cf3841e69b2056e518dcb24ad3bc1c9ff7d255ff9700f2,/work/ARIABC/AriaBC/Final_Results/OOM_100M/runs/v2_20261001/campaign/run_20261001_210222_bc54c340/a_s1.2_pg_w16_t1,11865,219380,0,,,,,,,v2_20261001,90
b,0.99,bcdb_det,16,serializable,,13831.258644536652,runs/v2_20261001/campaign/run_20261001_210222_bc54c340,1,20000,32MB,100000000,192078.5308900231,delta,74.75390625,110.0,101.985,244.036,391.637,1446,1446,13823.32,/sys/devices/pci0000:00/0000:00:02.2/0000:23:00.0/nvme/nvme0/nvme0n1/nvme0n1p2,2328.7619379989337,142.49609375,13.93359375,17156,0.3928071811611098,2104,272.4495379952714,3.0,15.0,24.0,32,1.0,3.23046875,19677,89067,81.90520856323107,6871.07,1.618,151,0,0,20000,N/A,983f19f6c60e9a602d47968b1c1b8ff0badda0e023f82d0d49dc6030e1f1e91c,/work/ARIABC/AriaBC/Final_Results/OOM_100M/runs/v2_20261001/campaign/run_20261001_210222_bc54c340/b_s0.99_bcdb_det_w16_t1,0,0,0,,,,,,,v2_20261001,90
b,0.99,pg,16,serializable,on,17746.22892635315,runs/v2_20261001/campaign/run_20261001_210222_bc54c340,1,20000,32MB,100000000,202100.8493490226,delta,35.94140625,120.0,103.41300000000001,244.24599999999998,391.6615,1127,1127,17740.58,/sys/devices/pci0000:00/0000:00:02.2/0000:23:00.0/nvme/nvme0/nvme0n1/nvme0n1p2,2004.5795979967806,142.8359375,12.4140625,17185,0.8155949956357288,1762,266.33957601734437,2.0,16.0,25.0,32,1.0,3.71484375,19746,86891,81.48297495240864,14009.288999999999,3.063,282,0,0,20000,N/A,983f19f6c60e9a602d47968b1c1b8ff0badda0e023f82d0d49dc6030e1f1e91c,/work/ARIABC/AriaBC/Final_Results/OOM_100M/runs/v2_20261001/campaign/run_20261001_210222_bc54c340/b_s0.99_pg_w16_t1,2,0,0,,,,,,,v2_20261001,90
b,0.99,bcdb_merkle,16,serializable,,12322.858903265558,runs/v2_20261001/campaign/run_20261001_210222_bc54c340,1,20000,32MB,100000000,303017.1808960149,delta,122.3046875,120.0,102.076,245.258,393.054,1623,1623,12321.41,/sys/devices/pci0000:00/0000:00:02.2/0000:23:00.0/nvme/nvme0/nvme0n1/nvme0n1p2,2507.118943001842,156.62109375,23.45703125,18714,0.3481885219621674,2509,273.54531301534735,6.0,18.0,33.0,34,2.0,7.9140625,22254,108732,83.0103980578077,6622.946,5.821,575,0,0,20000,PASS,983f19f6c60e9a602d47968b1c1b8ff0badda0e023f82d0d49dc6030e1f1e91c,/work/ARIABC/AriaBC/Final_Results/OOM_100M/runs/v2_20261001/campaign/run_20261001_210222_bc54c340/b_s0.99_bcdb_merkle_w16_t1,0,0,0,32,200,1024,256,211400,204800,v2_20261001,90
a,1.2,bcdb_det,4,serializable,,4626.416840157298,runs/v2_20261001/campaign/run_20261001_210222_bc54c340,1,20000,32MB,100000000,202257.16039599502,delta,31.6640625,120.0,102.752,244.6725,392.5385,4323,4323,4625.61,/sys/devices/pci0000:00/0000:00:02.2/0000:23:00.0/nvme/nvme0/nvme0n1/nvme0n1p2,5208.865314983996,40.3125,74.453125,4387,0.3353088671073627,15613,273.62076099961996,16.0,1.0,27.0,32,0.0,11.31640625,4317,128324,96.74535023107485,1432.646,0,0,0,0,20000,N/A,4f763c4243628beba2cf3841e69b2056e518dcb24ad3bc1c9ff7d255ff9700f2,/work/ARIABC/AriaBC/Final_Results/OOM_100M/runs/v2_20261001/campaign/run_20261001_210222_bc54c340/a_s1.2_bcdb_det_w4_t1,0,0,0,,,,,,,v2_20261001,90
a,1.2,pg,4,serializable,on,5868.544600938967,runs/v2_20261001/campaign/run_20261001_210222_bc54c340,1,20000,32MB,100000000,202317.96900197514,delta,69.015625,120.0,101.386,246.8585,391.76599999999996,3408,3408,5868.54,/sys/devices/pci0000:00/0000:00:02.2/0000:23:00.0/nvme/nvme0/nvme0n1/nvme0n1p2,4295.640951982932,40.46484375,66.36328125,4404,0.3907811080835604,13100,258.35455098422244,10.0,4.0,22.0,32,0.0,6.734375,4314,120207,96.53552412846025,1685.9509999999998,0.072,6,0,0,20000,N/A,4f763c4243628beba2cf3841e69b2056e518dcb24ad3bc1c9ff7d255ff9700f2,/work/ARIABC/AriaBC/Final_Results/OOM_100M/runs/v2_20261001/campaign/run_20261001_210222_bc54c340/a_s1.2_pg_w4_t1,1648,6546,0,,,,,,,v2_20261001,90
a,1.2,bcdb_merkle,4,serializable,,4158.868787689748,runs/v2_20261001/campaign/run_20261001_210222_bc54c340,1,20000,32MB,100000000,194369.42920699948,delta,62.69140625,110.0,103.118,243.3765,392.701,4809,4809,4158.17,/sys/devices/pci0000:00/0000:00:02.2/0000:23:00.0/nvme/nvme0/nvme0n1/nvme0n1p2,5708.404814999085,66.51171875,105.1796875,7198,0.28980272297860515,17617,1529.932841018308,1038.0,169.0,1283.0,35,32.0,17.53515625,7794,307282,97.52631111223958,1961.323,1.103,122,0,0,20000,PASS,4f763c4243628beba2cf3841e69b2056e518dcb24ad3bc1c9ff7d255ff9700f2,/work/ARIABC/AriaBC/Final_Results/OOM_100M/runs/v2_20261001/campaign/run_20261001_210222_bc54c340/a_s1.2_bcdb_merkle_w4_t1,0,0,0,32,200,1024,256,211400,204800,v2_20261001,90
f,0.99,pg,4,serializable,on,4248.088360237893,runs/v2_20261001/campaign/run_20261001_210222_bc54c340,1,20000,32MB,100000000,207182.49955802457,delta,64.3828125,120.0,103.439,244.00150000000002,391.8235,4708,4708,4247.33,/sys/devices/pci0000:00/0000:00:02.2/0000:23:00.0/nvme/nvme0/nvme0n1/nvme0n1p2,5607.090842007892,141.875,112.9765625,17009,0.39837732964900935,16865,291.4284389989916,8.0,36.0,52.0,32,6.0,24.71875,19517,146137,88.21821386745867,6924.607,28.919,2839,0,0,20000,N/A,89dec3212c59cd9d38b0d7209c328955087abeef4f88b6f02a54643a4ba7e050,/work/ARIABC/AriaBC/Final_Results/OOM_100M/runs/v2_20261001/campaign/run_20261001_210222_bc54c340/f_s0.99_pg_w4_t1,57,40,0,,,,,,,v2_20261001,90
f,0.99,bcdb_merkle,4,serializable,,3301.419610432486,runs/v2_20261001/campaign/run_20261001_210222_bc54c340,1,20000,32MB,100000000,206734.94112701155,delta,116.8125,120.0,103.148,245.154,391.95349999999996,6058,6058,3301.13,/sys/devices/pci0000:00/0000:00:02.2/0000:23:00.0/nvme/nvme0/nvme0n1/nvme0n1p2,6958.055831986712,171.8359375,147.30078125,20209,0.3113464298085012,19063,321.1043740157038,16.0,52.0,81.0,35,10.0,48.03515625,29740,341279,91.98423800398362,6292.5509999999995,56.784,7221,0,0,20000,PASS,89dec3212c59cd9d38b0d7209c328955087abeef4f88b6f02a54643a4ba7e050,/work/ARIABC/AriaBC/Final_Results/OOM_100M/runs/v2_20261001/campaign/run_20261001_210222_bc54c340/f_s0.99_bcdb_merkle_w4_t1,0,0,0,32,200,1024,256,211400,204800,v2_20261001,90
f,0.99,bcdb_det,4,serializable,,3795.7866767887645,runs/v2_20261001/campaign/run_20261001_210222_bc54c340,1,20000,32MB,100000000,203143.40620598523,delta,202.08984375,120.0,103.22749999999999,243.565,391.372,5269,5269,3795.72,/sys/devices/pci0000:00/0000:00:02.2/0000:23:00.0/nvme/nvme0/nvme0n1/nvme0n1p2,6167.86480601877,141.51953125,120.015625,16993,0.3098923085976579,18352,298.9767499966547,13.0,31.0,61.0,32,5.0,23.39453125,19552,157015,88.92658311009419,5407.051,21.326,2138,0,0,20000,N/A,89dec3212c59cd9d38b0d7209c328955087abeef4f88b6f02a54643a4ba7e050,/work/ARIABC/AriaBC/Final_Results/OOM_100M/runs/v2_20261001/campaign/run_20261001_210222_bc54c340/f_s0.99_bcdb_det_w4_t1,0,0,0,,,,,,,v2_20261001,90
d,0.99,bcdb_merkle,1,serializable,,3498.3382893125763,runs/v2_20261001/campaign/run_20261001_210222_bc54c340,1,20000,32MB,100000000,207756.01784299943,delta,286.50390625,120.0,101.99000000000001,243.17950000000002,391.612,5717,5717,3497.87,/sys/devices/pci0000:00/0000:00:02.2/0000:23:00.0/nvme/nvme0/nvme0n1/nvme0n1p2,6594.310860993573,167.078125,40.046875,19992,0.14630852340936373,4017,265.5823699897155,7.0,3.0,17.0,11,1.0,4.46484375,23985,103072,81.122645741675,3064.5370000000003,0.465,58,0,0,20000,PASS,9c025251db4a79632681b1a6274fd67924245a97d6d200314b84b4336900c34a,/work/ARIABC/AriaBC/Final_Results/OOM_100M/runs/v2_20261001/campaign/run_20261001_210222_bc54c340/d_s0.99_bcdb_merkle_w1_t1,0,0,0,32,200,1024,256,211400,204800,v2_20261001,90
d,0.99,bcdb_det,1,serializable,,3907.0130884938467,runs/v2_20261001/campaign/run_20261001_210222_bc54c340,1,20000,32MB,100000000,203128.84201999987,delta,201.8515625,120.0,102.161,241.917,391.517,5119,5119,3906.51,/sys/devices/pci0000:00/0000:00:02.2/0000:23:00.0/nvme/nvme0/nvme0n1/nvme0n1p2,6000.793822982814,135.8984375,8.890625,16322,0.14851121186129151,2113,254.15146301384084,2.0,2.0,10.0,7,0.0,0.64453125,18517,83374,81.8266578991275,2542.904,0.013,13,0,0,20000,N/A,9c025251db4a79632681b1a6274fd67924245a97d6d200314b84b4336900c34a,/work/ARIABC/AriaBC/Final_Results/OOM_100M/runs/v2_20261001/campaign/run_20261001_210222_bc54c340/d_s0.99_bcdb_det_w1_t1,0,0,0,,,,,,,v2_20261001,90
d,0.99,pg,1,serializable,on,4127.115146512588,runs/v2_20261001/campaign/run_20261001_210222_bc54c340,1,20000,32MB,100000000,124806.94537199452,delta,10.03125,110.0,103.036,245.60399999999998,391.873,4846,4846,4126.89,/sys/devices/pci0000:00/0000:00:02.2/0000:23:00.0/nvme/nvme0/nvme0n1/nvme0n1p2,5721.634585002903,136.0390625,9.12890625,16327,0.1493844551969131,2160,252.3814080050215,2.0,2.0,11.0,7,0.0,0.63671875,18522,83302,81.8097894406034,2549.468,0.062,16,0,0,20000,N/A,9c025251db4a79632681b1a6274fd67924245a97d6d200314b84b4336900c34a,/work/ARIABC/AriaBC/Final_Results/OOM_100M/runs/v2_20261001/campaign/run_20261001_210222_bc54c340/d_s0.99_pg_w1_t1,0,0,0,,,,,,,v2_20261001,90
d,0.99,bcdb_det,4,serializable,,8496.176720475785,runs/v2_20261001/campaign/run_20261001_210222_bc54c340,1,20000,32MB,100000000,215390.08822699543,delta,16.1796875,110.0,101.12299999999999,242.9775,392.987,2354,2354,8493.51,/sys/devices/pci0000:00/0000:00:02.2/0000:23:00.0/nvme/nvme0/nvme0n1/nvme0n1p2,3239.760283002397,135.9296875,8.66796875,16335,0.2078971533516988,2079,246.0092029941734,1.0,2.0,9.0,7,0.0,0.671875,18543,82835,81.70904930063722,3504.502,0.083,18,0,0,20000,N/A,9c025251db4a79632681b1a6274fd67924245a97d6d200314b84b4336900c34a,/work/ARIABC/AriaBC/Final_Results/OOM_100M/runs/v2_20261001/campaign/run_20261001_210222_bc54c340/d_s0.99_bcdb_det_w4_t1,0,0,0,,,,,,,v2_20261001,90
d,0.99,pg,4,serializable,on,12262.41569589209,runs/v2_20261001/campaign/run_20261001_210222_bc54c340,1,20000,32MB,100000000,134781.79007800645,delta,10.1796875,120.0,102.16550000000001,241.921,391.93,1631,1631,12262.29,/sys/devices/pci0000:00/0000:00:02.2/0000:23:00.0/nvme/nvme0/nvme0n1/nvme0n1p2,2516.377438005293,136.22265625,8.51953125,16349,0.2455807694660224,2041,246.10748098348267,1.0,3.0,11.0,7,1.0,0.64453125,18556,82201,81.58341355935568,4121.389,0,14,0,0,20000,N/A,9c025251db4a79632681b1a6274fd67924245a97d6d200314b84b4336900c34a,/work/ARIABC/AriaBC/Final_Results/OOM_100M/runs/v2_20261001/campaign/run_20261001_210222_bc54c340/d_s0.99_pg_w4_t1,0,0,0,,,,,,,v2_20261001,90
d,0.99,bcdb_merkle,4,serializable,,6680.02672010688,runs/v2_20261001/campaign/run_20261001_210222_bc54c340,1,20000,32MB,100000000,292915.8312859945,delta,77.56640625,270.0,107.4905,245.037,392.182,2994,2994,6678.07,/sys/devices/pci0000:00/0000:00:02.2/0000:23:00.0/nvme/nvme0/nvme0n1/nvme0n1p2,3885.9270800021477,167.15625,33.3515625,19990,0.19799899949974986,3232,266.04758398025297,7.0,11.0,26.0,11,3.0,9.546875,23910,103197,81.18907691944582,4088.3050000000003,6.434,782,0,0,20000,PASS,9c025251db4a79632681b1a6274fd67924245a97d6d200314b84b4336900c34a,/work/ARIABC/AriaBC/Final_Results/OOM_100M/runs/v2_20261001/campaign/run_20261001_210222_bc54c340/d_s0.99_bcdb_merkle_w4_t1,0,0,0,32,200,1024,256,211400,204800,v2_20261001,90
c,0.99,pg,1,serializable,on,4582.9514207149405,runs/v2_20261001/campaign/run_20261001_210222_bc54c340,1,20000,32MB,100000000,134968.89495599316,delta,5.74609375,120.0,102.521,243.23399999999998,391.871,4364,4364,4581.98,/sys/devices/pci0000:00/0000:00:02.2/0000:23:00.0/nvme/nvme0/nvme0n1/nvme0n1p2,5240.0487269915175,142.375,0.4765625,17138,0.14184852374839538,60,253.85935601661913,0.0,2.0,8.0,4,0.0,0.2734375,19738,84644,81.09060949205802,2551.328,0.068,4,0,0,20000,N/A,9609a417912694edc40eb9b1141750954187084fb5285000075b6d4ea7a0e483,/work/ARIABC/AriaBC/Final_Results/OOM_100M/runs/v2_20261001/campaign/run_20261001_210222_bc54c340/c_s0.99_pg_w1_t1,0,0,0,,,,,,,v2_20261001,90
c,0.99,bcdb_merkle,1,serializable,,4125.412541254125,runs/v2_20261001/campaign/run_20261001_210222_bc54c340,1,20000,32MB,100000000,143288.8718380127,delta,76.984375,120.0,103.292,243.475,392.017,4848,4848,4124.88,/sys/devices/pci0000:00/0000:00:02.2/0000:23:00.0/nvme/nvme0/nvme0n1/nvme0n1p2,5734.209592978004,142.421875,0.375,17157,0.15329020224981058,60,248.67477398947813,0.0,1.0,8.0,4,0.0,0.2578125,19778,85115,81.1445949682057,2742.241,0,0,0,0,20000,PASS,9609a417912694edc40eb9b1141750954187084fb5285000075b6d4ea7a0e483,/work/ARIABC/AriaBC/Final_Results/OOM_100M/runs/v2_20261001/campaign/run_20261001_210222_bc54c340/c_s0.99_bcdb_merkle_w1_t1,0,0,0,32,200,1024,256,211400,204800,v2_20261001,90
c,0.99,bcdb_det,1,serializable,,4281.738385784629,runs/v2_20261001/campaign/run_20261001_210222_bc54c340,1,20000,32MB,100000000,133894.40249401378,delta,5.07421875,120.0,103.6035,244.061,393.154,4671,4671,4281.28,/sys/devices/pci0000:00/0000:00:02.2/0000:23:00.0/nvme/nvme0/nvme0n1/nvme0n1p2,5538.054402015405,142.23046875,0.53515625,17132,0.1507121176745272,70,245.2785070054233,0.0,2.0,9.0,4,0.0,0.27734375,19774,85074,81.14031741187243,2707.889,0.015,1,0,0,20000,N/A,9609a417912694edc40eb9b1141750954187084fb5285000075b6d4ea7a0e483,/work/ARIABC/AriaBC/Final_Results/OOM_100M/runs/v2_20261001/campaign/run_20261001_210222_bc54c340/c_s0.99_bcdb_det_w1_t1,0,0,0,,,,,,,v2_20261001,90
f,0.99,bcdb_det,16,serializable,,7344.840249724569,runs/v2_20261001/campaign/run_20261001_210222_bc54c340,1,20000,32MB,100000000,123671.02865999914,delta,9.2109375,110.0,102.667,243.55,394.582,2723,2723,7343.19,/sys/devices/pci0000:00/0000:00:02.2/0000:23:00.0/nvme/nvme0/nvme0n1/nvme0n1p2,3625.424394995207,141.72265625,75.07421875,16997,0.5107960228275578,7898,299.83545301365666,11.0,39.0,59.0,32,7.0,30.0,19580,161747,89.20182874034204,8804.756,30.77,3105,0,0,20000,N/A,89dec3212c59cd9d38b0d7209c328955087abeef4f88b6f02a54643a4ba7e050,/work/ARIABC/AriaBC/Final_Results/OOM_100M/runs/v2_20261001/campaign/run_20261001_210222_bc54c340/f_s0.99_bcdb_det_w16_t1,0,0,0,,,,,,,v2_20261001,90
f,0.99,pg,16,serializable,on,9871.668311944719,runs/v2_20261001/campaign/run_20261001_210222_bc54c340,1,20000,32MB,100000000,193275.7197659812,delta,200.171875,110.0,102.767,244.541,391.27099999999996,2026,2026,9871.04,/sys/devices/pci0000:00/0000:00:02.2/0000:23:00.0/nvme/nvme0/nvme0n1/nvme0n1p2,2925.013141008094,142.09765625,66.00390625,17025,0.7083700440528634,5776,296.65110501809977,7.0,45.0,60.0,32,9.0,32.1640625,19492,153292,88.71886285767201,12139.912,40.421,3950,0,0,20000,N/A,89dec3212c59cd9d38b0d7209c328955087abeef4f88b6f02a54643a4ba7e050,/work/ARIABC/AriaBC/Final_Results/OOM_100M/runs/v2_20261001/campaign/run_20261001_210222_bc54c340/f_s0.99_pg_w16_t1,577,2990,0,,,,,,,v2_20261001,90
f,0.99,bcdb_merkle,16,serializable,,6327.111673521038,runs/v2_20261001/campaign/run_20261001_210222_bc54c340,1,20000,32MB,100000000,123980.90557201067,delta,10.18359375,110.0,103.0175,245.61849999999998,392.0075,3161,3161,6326.19,/sys/devices/pci0000:00/0000:00:02.2/0000:23:00.0/nvme/nvme0/nvme0n1/nvme0n1p2,4058.7250319949817,171.87109375,102.5234375,20228,0.5521554281194384,9044,330.540937022306,17.0,61.0,90.0,37,11.0,53.92578125,29528,351316,92.2466941844955,10963.17,69.453,8416,0,0,20000,PASS,89dec3212c59cd9d38b0d7209c328955087abeef4f88b6f02a54643a4ba7e050,/work/ARIABC/AriaBC/Final_Results/OOM_100M/runs/v2_20261001/campaign/run_20261001_210222_bc54c340/f_s0.99_bcdb_merkle_w16_t1,0,0,0,32,200,1024,256,211400,204800,v2_20261001,90
a,0.0,pg,4,serializable,on,2909.9374363451184,runs/v2_20261001/campaign/run_20261001_210222_bc54c340,1,20000,32MB,100000000,192991.65950200404,delta,201.95703125,110.0,101.8715,243.7975,391.85450000000003,6873,6873,2909.56,/sys/devices/pci0000:00/0000:00:02.2/0000:23:00.0/nvme/nvme0/nvme0n1/nvme0n1p2,7758.7650080095045,333.03125,169.390625,40755,0.3864065758802601,21241,328.9782180218026,7.0,66.0,89.0,31,3.0,52.296875,43596,72467,62.43764162566882,16182.324,61.944,6127,0,0,20000,N/A,7a031904b743e46ac36c81f8ee675141eec90f2831dd31f8788bed7a36bd1b83,/work/ARIABC/AriaBC/Final_Results/OOM_100M/runs/v2_20261001/campaign/run_20261001_210222_bc54c340/a_s0.0_pg_w4_t1,0,0,0,,,,,,,v2_20261001,90
a,0.0,bcdb_merkle,4,serializable,,2636.0880453407144,runs/v2_20261001/campaign/run_20261001_210222_bc54c340,1,20000,32MB,100000000,303896.4655720047,delta,293.84765625,120.0,102.6525,245.941,393.522,7587,7587,2635.81,/sys/devices/pci0000:00/0000:00:02.2/0000:23:00.0/nvme/nvme0/nvme0n1/nvme0n1p2,8483.872885000892,351.62890625,190.90234375,43536,0.33767456817346564,20450,366.70200401567854,13.0,103.0,129.0,32,16.0,80.265625,61303,265542,81.24401474705135,15246.889,110.881,13324,0,0,20000,PASS,7a031904b743e46ac36c81f8ee675141eec90f2831dd31f8788bed7a36bd1b83,/work/ARIABC/AriaBC/Final_Results/OOM_100M/runs/v2_20261001/campaign/run_20261001_210222_bc54c340/a_s0.0_bcdb_merkle_w4_t1,0,0,0,32,200,1024,256,211400,204800,v2_20261001,90
a,0.0,bcdb_det,4,serializable,,2972.209838014564,runs/v2_20261001/campaign/run_20261001_210222_bc54c340,1,20000,32MB,100000000,192204.87263301038,delta,396.73046875,110.0,102.8675,242.699,392.6845,6729,6729,2971.92,/sys/devices/pci0000:00/0000:00:02.2/0000:23:00.0/nvme/nvme0/nvme0n1/nvme0n1p2,7617.045306018554,322.6640625,167.92578125,40477,0.33221335573288535,20864,333.7328429915942,9.0,64.0,84.0,31,2.0,52.3828125,44314,81934,64.89924592864837,14065.137999999999,59.554,5957,0,0,20000,N/A,7a031904b743e46ac36c81f8ee675141eec90f2831dd31f8788bed7a36bd1b83,/work/ARIABC/AriaBC/Final_Results/OOM_100M/runs/v2_20261001/campaign/run_20261001_210222_bc54c340/a_s0.0_bcdb_det_w4_t1,0,0,0,,,,,,,v2_20261001,90
b,0.99,pg,4,serializable,on,11806.37544273908,runs/v2_20261001/campaign/run_20261001_210222_bc54c340,1,20000,32MB,100000000,202557.57976399036,delta,400.6796875,120.0,101.60499999999999,244.47250000000003,392.84450000000004,1694,1694,11803.8,/sys/devices/pci0000:00/0000:00:02.2/0000:23:00.0/nvme/nvme0/nvme0n1/nvme0n1p2,2582.671554002445,142.77734375,15.28125,17190,0.24031413612565444,2321,266.72146198689006,2.0,14.0,24.0,31,0.0,2.33984375,19681,85375,81.26618184587268,4246.705,1.114,113,0,0,20000,N/A,983f19f6c60e9a602d47968b1c1b8ff0badda0e023f82d0d49dc6030e1f1e91c,/work/ARIABC/AriaBC/Final_Results/OOM_100M/runs/v2_20261001/campaign/run_20261001_210222_bc54c340/b_s0.99_pg_w4_t1,2,1,0,,,,,,,v2_20261001,90
b,0.99,bcdb_merkle,4,serializable,,7454.342154304883,runs/v2_20261001/campaign/run_20261001_210222_bc54c340,1,20000,32MB,100000000,202277.64037600718,delta,519.1015625,120.0,104.375,246.957,392.655,2683,2683,7452.65,/sys/devices/pci0000:00/0000:00:02.2/0000:23:00.0/nvme/nvme0/nvme0n1/nvme0n1p2,3563.3351639844477,156.48828125,26.8046875,18676,0.19511672735061042,2940,271.3461230159737,6.0,15.0,27.0,32,1.0,5.99609375,22341,103695,82.27411215843092,3741.698,2.519,289,0,0,20000,PASS,983f19f6c60e9a602d47968b1c1b8ff0badda0e023f82d0d49dc6030e1f1e91c,/work/ARIABC/AriaBC/Final_Results/OOM_100M/runs/v2_20261001/campaign/run_20261001_210222_bc54c340/b_s0.99_bcdb_merkle_w4_t1,0,0,0,32,200,1024,256,211400,204800,v2_20261001,90
b,0.99,bcdb_det,4,serializable,,8438.818565400843,runs/v2_20261001/campaign/run_20261001_210222_bc54c340,1,20000,32MB,100000000,190332.43318198947,delta,31.1953125,110.0,103.55799999999999,242.283,392.20349999999996,2370,2370,8439.02,/sys/devices/pci0000:00/0000:00:02.2/0000:23:00.0/nvme/nvme0/nvme0n1/nvme0n1p2,3247.9059400211554,142.58203125,15.109375,17166,0.20377490387976233,2296,264.79509999626316,2.0,14.0,23.0,31,0.0,2.7421875,19683,86637,81.48702031602708,3611.598,0.984,99,0,0,20000,N/A,983f19f6c60e9a602d47968b1c1b8ff0badda0e023f82d0d49dc6030e1f1e91c,/work/ARIABC/AriaBC/Final_Results/OOM_100M/runs/v2_20261001/campaign/run_20261001_210222_bc54c340/b_s0.99_bcdb_det_w4_t1,0,0,0,,,,,,,v2_20261001,90
c,0.99,bcdb_det,8,serializable,,14598.540145985402,runs/v2_20261001/campaign/run_20261001_210222_bc54c340,1,20000,32MB,100000000,200230.4708720185,delta,36.6640625,120.0,103.13749999999999,246.275,393.706,1370,1370,14592.28,/sys/devices/pci0000:00/0000:00:02.2/0000:23:00.0/nvme/nvme0/nvme0n1/nvme0n1p2,2252.399498014711,142.140625,0.2265625,17143,0.20229831418071517,27,243.7269469955936,0.0,1.0,7.0,4,0.0,0.2265625,19780,84892,81.10287373891776,3616.514,0,0,0,0,20000,N/A,9609a417912694edc40eb9b1141750954187084fb5285000075b6d4ea7a0e483,/work/ARIABC/AriaBC/Final_Results/OOM_100M/runs/v2_20261001/campaign/run_20261001_210222_bc54c340/c_s0.99_bcdb_det_w8_t1,0,0,0,,,,,,,v2_20261001,90
c,0.99,pg,8,serializable,on,23980.815347721822,runs/v2_20261001/campaign/run_20261001_210222_bc54c340,1,20000,32MB,100000000,133737.25703699165,delta,9.5390625,120.0,101.895,246.6605,392.312,834,834,23962.48,/sys/devices/pci0000:00/0000:00:02.2/0000:23:00.0/nvme/nvme0/nvme0n1/nvme0n1p2,1721.0723790049087,142.28515625,0.10546875,17163,0.2654547573268077,15,244.21075501595624,0.0,1.0,7.0,4,0.0,0.26171875,19734,84572,81.08066650048895,4677.41,0.123,6,0,0,20000,N/A,9609a417912694edc40eb9b1141750954187084fb5285000075b6d4ea7a0e483,/work/ARIABC/AriaBC/Final_Results/OOM_100M/runs/v2_20261001/campaign/run_20261001_210222_bc54c340/c_s0.99_pg_w8_t1,0,0,0,,,,,,,v2_20261001,90
c,0.99,bcdb_merkle,8,serializable,,14184.397163120568,runs/v2_20261001/campaign/run_20261001_210222_bc54c340,1,20000,32MB,100000000,189725.93280300498,delta,61.38671875,110.0,100.7935,241.56599999999997,391.977,1410,1410,14183.81,/sys/devices/pci0000:00/0000:00:02.2/0000:23:00.0/nvme/nvme0/nvme0n1/nvme0n1p2,2285.388762014918,142.2578125,0.14453125,17121,0.2088663045382863,20,244.91786997532472,0.0,1.0,7.0,4,0.0,0.2578125,19783,85249,81.16478787417168,3718.1560000000004,0.08,4,0,0,20000,PASS,9609a417912694edc40eb9b1141750954187084fb5285000075b6d4ea7a0e483,/work/ARIABC/AriaBC/Final_Results/OOM_100M/runs/v2_20261001/campaign/run_20261001_210222_bc54c340/c_s0.99_bcdb_merkle_w8_t1,0,0,0,32,200,1024,256,211400,204800,v2_20261001,90
a,0.0,bcdb_merkle,8,serializable,,3858.0246913580245,runs/v2_20261001/campaign/run_20261001_210222_bc54c340,1,20000,32MB,100000000,284220.87216499494,delta,4.5625,270.0,106.57400000000001,242.6585,391.5765,5184,5184,3857.97,/sys/devices/pci0000:00/0000:00:02.2/0000:23:00.0/nvme/nvme0/nvme0n1/nvme0n1p2,6079.940775001887,351.5859375,163.59765625,43551,0.44212532433239193,14545,6348.374288005289,567.0,5469.0,6147.0,32,1086.0,86.765625,61024,266847,81.38780190989749,19764.83,124.9,14402,0,0,20000,PASS,7a031904b743e46ac36c81f8ee675141eec90f2831dd31f8788bed7a36bd1b83,/work/ARIABC/AriaBC/Final_Results/OOM_100M/runs/v2_20261001/campaign/run_20261001_210222_bc54c340/a_s0.0_bcdb_merkle_w8_t1,0,0,0,32,200,1024,256,211400,204800,v2_20261001,90
a,0.0,bcdb_det,8,serializable,,3805.899143672693,runs/v2_20261001/campaign/run_20261001_210222_bc54c340,1,20000,32MB,100000000,123973.01561900531,delta,4.6484375,110.0,101.99549999999999,242.438,392.985,5255,5255,3805.63,/sys/devices/pci0000:00/0000:00:02.2/0000:23:00.0/nvme/nvme0/nvme0n1/nvme0n1p2,6157.076237985166,321.40625,139.3125,40445,0.5115836320929658,14357,335.95114399213344,10.0,68.0,90.0,31,3.0,57.859375,44341,81941,64.88731569028049,21372.142,69.503,6655,0,0,20000,N/A,7a031904b743e46ac36c81f8ee675141eec90f2831dd31f8788bed7a36bd1b83,/work/ARIABC/AriaBC/Final_Results/OOM_100M/runs/v2_20261001/campaign/run_20261001_210222_bc54c340/a_s0.0_bcdb_det_w8_t1,0,0,0,,,,,,,v2_20261001,90
a,0.0,pg,8,serializable,on,4075.8100672508663,runs/v2_20261001/campaign/run_20261001_210222_bc54c340,1,20000,32MB,100000000,289782.322168001,delta,405.89453125,120.0,101.1635,245.47899999999998,390.64,4907,4907,4075.26,/sys/devices/pci0000:00/0000:00:02.2/0000:23:00.0/nvme/nvme0/nvme0n1/nvme0n1p2,5805.009896022966,321.3984375,142.0390625,40443,0.5959745815097792,15241,519.5388019783422,6.0,265.0,283.0,31,193.0,59.328125,43608,72309,62.37997877791868,24802.475000000002,79.392,7067,0,0,20000,N/A,7a031904b743e46ac36c81f8ee675141eec90f2831dd31f8788bed7a36bd1b83,/work/ARIABC/AriaBC/Final_Results/OOM_100M/runs/v2_20261001/campaign/run_20261001_210222_bc54c340/a_s0.0_pg_w8_t1,0,0,0,,,,,,,v2_20261001,90
c,0.99,bcdb_merkle,4,serializable,,9794.31929480901,runs/v2_20261001/campaign/run_20261001_210222_bc54c340,1,20000,32MB,100000000,202746.3671430014,delta,518.92578125,120.0,109.76599999999999,241.1805,392.1275,2042,2042,9791.07,/sys/devices/pci0000:00/0000:00:02.2/0000:23:00.0/nvme/nvme0/nvme0n1/nvme0n1p2,2922.4442610284314,142.32421875,0.20703125,17131,0.17973264841515382,30,246.32887399639003,0.0,1.0,7.0,4,0.0,0.25,19828,84609,81.01439145130557,3196.616,0,0,0,0,20000,PASS,9609a417912694edc40eb9b1141750954187084fb5285000075b6d4ea7a0e483,/work/ARIABC/AriaBC/Final_Results/OOM_100M/runs/v2_20261001/campaign/run_20261001_210222_bc54c340/c_s0.99_bcdb_merkle_w4_t1,0,0,0,32,200,1024,256,211400,204800,v2_20261001,90
c,0.99,bcdb_det,4,serializable,,10075.566750629723,runs/v2_20261001/campaign/run_20261001_210222_bc54c340,1,20000,32MB,100000000,192722.38822100917,delta,395.9765625,110.0,103.018,241.772,392.058,1985,1985,10074.35,/sys/devices/pci0000:00/0000:00:02.2/0000:23:00.0/nvme/nvme0/nvme0n1/nvme0n1p2,2862.266581010772,142.20703125,0.33984375,17124,0.173732772716655,35,247.22204700810835,0.0,1.0,7.0,4,0.0,0.23046875,19766,84491,81.04108117440556,3100.074,0.115,5,0,0,20000,N/A,9609a417912694edc40eb9b1141750954187084fb5285000075b6d4ea7a0e483,/work/ARIABC/AriaBC/Final_Results/OOM_100M/runs/v2_20261001/campaign/run_20261001_210222_bc54c340/c_s0.99_bcdb_det_w4_t1,0,0,0,,,,,,,v2_20261001,90
c,0.99,pg,4,serializable,on,15649.452269170579,runs/v2_20261001/campaign/run_20261001_210222_bc54c340,1,20000,32MB,100000000,133661.46946998197,delta,9.390625,120.0,103.884,244.6215,390.77,1278,1278,15644.42,/sys/devices/pci0000:00/0000:00:02.2/0000:23:00.0/nvme/nvme0/nvme0n1/nvme0n1p2,2166.952019004384,142.328125,0.203125,17148,0.18806857942617214,25,244.75290201371536,0.0,1.0,7.0,4,0.0,0.25,19771,83891,80.92743724797901,3343.641,0.077,4,0,0,20000,N/A,9609a417912694edc40eb9b1141750954187084fb5285000075b6d4ea7a0e483,/work/ARIABC/AriaBC/Final_Results/OOM_100M/runs/v2_20261001/campaign/run_20261001_210222_bc54c340/c_s0.99_pg_w4_t1,0,0,0,,,,,,,v2_20261001,90
a,0.0,bcdb_det,16,serializable,,5592.841163310962,runs/v2_20261001/campaign/run_20261001_210222_bc54c340,1,20000,32MB,100000000,133659.03078301926,delta,9.73828125,120.0,103.1925,246.57,391.6465,3576,3576,5592.03,/sys/devices/pci0000:00/0000:00:02.2/0000:23:00.0/nvme/nvme0/nvme0n1/nvme0n1p2,4473.253617004957,321.24609375,115.16796875,40432,0.6575732093391373,8995,353.818374016555,10.0,76.0,98.0,31,3.0,63.83203125,44172,82980,65.26047565118913,27305.926,82.496,7403,0,0,20000,N/A,7a031904b743e46ac36c81f8ee675141eec90f2831dd31f8788bed7a36bd1b83,/work/ARIABC/AriaBC/Final_Results/OOM_100M/runs/v2_20261001/campaign/run_20261001_210222_bc54c340/a_s0.0_bcdb_det_w16_t1,0,0,0,,,,,,,v2_20261001,90
a,0.0,pg,16,serializable,on,5701.254275940707,runs/v2_20261001/campaign/run_20261001_210222_bc54c340,1,20000,32MB,100000000,192453.15091198427,delta,401.27734375,110.0,105.231,245.60399999999998,391.75649999999996,3508,3508,5699.83,/sys/devices/pci0000:00/0000:00:02.2/0000:23:00.0/nvme/nvme0/nvme0n1/nvme0n1p2,4401.686995988712,321.234375,115.66796875,40436,0.8912355326936393,9057,563.11034297687,6.0,307.0,326.0,31,231.0,64.484375,43525,72902,62.616059848660534,36774.68,84.153,7740,0,0,20000,N/A,7a031904b743e46ac36c81f8ee675141eec90f2831dd31f8788bed7a36bd1b83,/work/ARIABC/AriaBC/Final_Results/OOM_100M/runs/v2_20261001/campaign/run_20261001_210222_bc54c340/a_s0.0_pg_w16_t1,0,0,0,,,,,,,v2_20261001,90
a,0.0,bcdb_merkle,16,serializable,,4656.577415599534,runs/v2_20261001/campaign/run_20261001_210222_bc54c340,1,20000,32MB,100000000,134125.79060299322,delta,9.90234375,120.0,103.869,243.3145,391.98199999999997,4295,4295,4655.83,/sys/devices/pci0000:00/0000:00:02.2/0000:23:00.0/nvme/nvme0/nvme0n1/nvme0n1p2,5196.565531019587,351.45703125,143.203125,43547,0.7058121110524261,9799,367.63581199920736,13.0,97.0,124.0,32,14.0,88.46875,60917,270352,81.61101702845724,31057.222999999998,134.25,14786,0,0,20000,PASS,7a031904b743e46ac36c81f8ee675141eec90f2831dd31f8788bed7a36bd1b83,/work/ARIABC/AriaBC/Final_Results/OOM_100M/runs/v2_20261001/campaign/run_20261001_210222_bc54c340/a_s0.0_bcdb_merkle_w16_t1,0,0,0,32,200,1024,256,211400,204800,v2_20261001,90
a,0.99,pg,1,serializable,on,2066.329166236181,runs/v2_20261001/campaign/run_20261001_210222_bc54c340,1,20000,32MB,100000000,225424.78144099005,delta,398.5,120.0,103.503,246.736,393.1945,9679,9679,2066.28,/sys/devices/pci0000:00/0000:00:02.2/0000:23:00.0/nvme/nvme0/nvme0n1/nvme0n1p2,10568.778727989411,141.765625,149.94921875,17002,0.1533349017762616,24124,284.1185290017165,11.0,19.0,40.0,31,2.0,12.58984375,19490,96908,83.2557260434028,2743.4629999999997,6.002,664,0,0,20000,N/A,a3f07805d1b15666b9ef9ce62daa7f441b622c08d151bc1c8d5ab67cfc97559b,/work/ARIABC/AriaBC/Final_Results/OOM_100M/runs/v2_20261001/campaign/run_20261001_210222_bc54c340/a_s0.99_pg_w1_t1,0,0,0,,,,,,,v2_20261001,90
a,0.99,bcdb_merkle,1,serializable,,1853.9117538005191,runs/v2_20261001/campaign/run_20261001_210222_bc54c340,1,20000,32MB,100000000,202472.30578097515,delta,512.08203125,120.0,104.0095,248.0085,391.78200000000004,10788,10788,1853.87,/sys/devices/pci0000:00/0000:00:02.2/0000:23:00.0/nvme/nvme0/nvme0n1/nvme0n1p2,11680.762525997125,177.47265625,178.546875,21423,0.1472716239555618,24783,303.07825800264254,16.0,41.0,68.0,32,7.0,38.35546875,29755,288635,90.6545431703257,3101.922,39.572,5028,0,0,20000,PASS,a3f07805d1b15666b9ef9ce62daa7f441b622c08d151bc1c8d5ab67cfc97559b,/work/ARIABC/AriaBC/Final_Results/OOM_100M/runs/v2_20261001/campaign/run_20261001_210222_bc54c340/a_s0.99_bcdb_merkle_w1_t1,0,0,0,32,200,1024,256,211400,204800,v2_20261001,90
a,0.99,bcdb_det,1,serializable,,2119.7668256491784,runs/v2_20261001/campaign/run_20261001_210222_bc54c340,1,20000,32MB,100000000,191693.62184399506,delta,201.24609375,110.0,102.662,242.01749999999998,391.3515,9435,9435,2119.6,/sys/devices/pci0000:00/0000:00:02.2/0000:23:00.0/nvme/nvme0/nvme0n1/nvme0n1p2,10328.006194991758,141.75390625,145.765625,17000,0.13164705882352942,23625,286.8805119942408,14.0,20.0,44.0,31,2.0,15.03125,19569,106904,84.52713227329153,2381.9179999999997,5.674,663,0,0,20000,N/A,a3f07805d1b15666b9ef9ce62daa7f441b622c08d151bc1c8d5ab67cfc97559b,/work/ARIABC/AriaBC/Final_Results/OOM_100M/runs/v2_20261001/campaign/run_20261001_210222_bc54c340/a_s0.99_bcdb_det_w1_t1,0,0,0,,,,,,,v2_20261001,90
f,0.99,bcdb_det,1,serializable,,1962.1308741293044,runs/v2_20261001/campaign/run_20261001_210222_bc54c340,1,20000,32MB,100000000,287604.60404498735,delta,213.03515625,120.0,104.18,244.9425,392.017,10193,10193,1962.0,/sys/devices/pci0000:00/0000:00:02.2/0000:23:00.0/nvme/nvme0/nvme0n1/nvme0n1p2,11096.976492000977,141.62890625,149.86328125,16998,0.13289798799858807,24136,291.05855300440453,15.0,17.0,41.0,31,1.0,12.41015625,19432,157494,89.0168771124651,2413.226,3.909,431,0,0,20000,N/A,89dec3212c59cd9d38b0d7209c328955087abeef4f88b6f02a54643a4ba7e050,/work/ARIABC/AriaBC/Final_Results/OOM_100M/runs/v2_20261001/campaign/run_20261001_210222_bc54c340/f_s0.99_bcdb_det_w1_t1,0,0,0,,,,,,,v2_20261001,90
f,0.99,pg,1,serializable,on,2001.6012810248199,runs/v2_20261001/campaign/run_20261001_210222_bc54c340,1,20000,32MB,100000000,191117.75403100182,delta,200.21875,110.0,101.8655,245.65449999999998,393.345,9992,9992,2001.45,/sys/devices/pci0000:00/0000:00:02.2/0000:23:00.0/nvme/nvme0/nvme0n1/nvme0n1p2,10889.862240001094,141.89453125,150.43359375,17006,0.13806891685287545,24202,292.0188869757112,10.0,35.0,55.0,31,15.0,12.30078125,19360,147491,88.39683310258853,2484.7400000000002,6.647,763,0,0,20000,N/A,89dec3212c59cd9d38b0d7209c328955087abeef4f88b6f02a54643a4ba7e050,/work/ARIABC/AriaBC/Final_Results/OOM_100M/runs/v2_20261001/campaign/run_20261001_210222_bc54c340/f_s0.99_pg_w1_t1,0,0,0,,,,,,,v2_20261001,90
f,0.99,bcdb_merkle,1,serializable,,1789.228842368939,runs/v2_20261001/campaign/run_20261001_210222_bc54c340,1,20000,32MB,100000000,201138.3444389794,delta,280.359375,120.0,102.0055,244.877,391.406,11178,11178,1789.14,/sys/devices/pci0000:00/0000:00:02.2/0000:23:00.0/nvme/nvme0/nvme0n1/nvme0n1p2,12069.937143009156,171.5859375,180.1875,20188,0.1312660986724787,24959,313.61225800355896,16.0,41.0,70.0,32,7.0,37.54296875,29804,338646,91.9109784231239,2762.942,40.615,5130,0,0,20000,PASS,89dec3212c59cd9d38b0d7209c328955087abeef4f88b6f02a54643a4ba7e050,/work/ARIABC/AriaBC/Final_Results/OOM_100M/runs/v2_20261001/campaign/run_20261001_210222_bc54c340/f_s0.99_bcdb_merkle_w1_t1,0,0,0,32,200,1024,256,211400,204800,v2_20261001,90
a,0.99,pg,16,serializable,on,9881.422924901186,runs/v2_20261001/campaign/run_20261001_210222_bc54c340,1,20000,32MB,100000000,201414.6314910031,delta,201.78125,120.0,108.05199999999999,247.111,393.05899999999997,2024,2024,9878.32,/sys/devices/pci0000:00/0000:00:02.2/0000:23:00.0/nvme/nvme0/nvme0n1/nvme0n1p2,2924.3764829880092,142.03515625,65.3125,17011,0.7321732996296514,5687,299.1648309980519,10.0,43.0,61.0,32,8.0,32.04296875,19611,99803,83.57730249384494,12537.923,40.032,3743,0,0,20000,N/A,a3f07805d1b15666b9ef9ce62daa7f441b622c08d151bc1c8d5ab67cfc97559b,/work/ARIABC/AriaBC/Final_Results/OOM_100M/runs/v2_20261001/campaign/run_20261001_210222_bc54c340/a_s0.99_pg_w16_t1,527,2431,0,,,,,,,v2_20261001,90
a,0.99,bcdb_merkle,16,serializable,,6743.088334457181,runs/v2_20261001/campaign/run_20261001_210222_bc54c340,1,20000,32MB,100000000,191094.0242310171,delta,286.75,110.0,103.0175,242.067,393.139,2966,2966,6741.16,/sys/devices/pci0000:00/0000:00:02.2/0000:23:00.0/nvme/nvme0/nvme0n1/nvme0n1p2,3848.6121040186845,172.04296875,102.2578125,20230,0.5238754325259516,8957,366.25769597594626,16.0,85.0,113.0,36,26.0,53.296875,29518,299565,91.03022641704372,10448.317000000001,64.545,8130,0,0,20000,PASS,a3f07805d1b15666b9ef9ce62daa7f441b622c08d151bc1c8d5ab67cfc97559b,/work/ARIABC/AriaBC/Final_Results/OOM_100M/runs/v2_20261001/campaign/run_20261001_210222_bc54c340/a_s0.99_bcdb_merkle_w16_t1,0,0,0,32,200,1024,256,211400,204800,v2_20261001,90
a,0.99,bcdb_det,16,serializable,,8006.405124099279,runs/v2_20261001/campaign/run_20261001_210222_bc54c340,1,20000,32MB,100000000,204035.10062000714,delta,201.9765625,120.0,103.4385,245.25799999999998,392.794,2498,2498,8004.69,/sys/devices/pci0000:00/0000:00:02.2/0000:23:00.0/nvme/nvme0/nvme0n1/nvme0n1p2,3392.705558013404,141.6484375,74.84765625,16996,0.47728877382913626,7915,301.25684998347424,13.0,40.0,62.0,32,7.0,30.6953125,19715,109804,84.77829507639805,8244.568,28.361,3059,0,0,20000,N/A,a3f07805d1b15666b9ef9ce62daa7f441b622c08d151bc1c8d5ab67cfc97559b,/work/ARIABC/AriaBC/Final_Results/OOM_100M/runs/v2_20261001/campaign/run_20261001_210222_bc54c340/a_s0.99_bcdb_det_w16_t1,0,0,0,,,,,,,v2_20261001,90
a,1.2,bcdb_merkle,1,serializable,,2378.4040908550364,runs/v2_20261001/campaign/run_20261001_210222_bc54c340,1,20000,32MB,100000000,210705.9424240142,delta,288.296875,120.0,103.4885,245.564,391.61199999999997,8409,8409,2378.34,/sys/devices/pci0000:00/0000:00:02.2/0000:23:00.0/nvme/nvme0/nvme0n1/nvme0n1p2,9308.985846000724,66.02734375,122.01953125,7152,0.13940156599552572,21675,280.1005659857765,20.0,5.0,34.0,34,1.0,16.95703125,7772,297417,97.45338134729627,935.884,0.015,1,0,0,20000,PASS,4f763c4243628beba2cf3841e69b2056e518dcb24ad3bc1c9ff7d255ff9700f2,/work/ARIABC/AriaBC/Final_Results/OOM_100M/runs/v2_20261001/campaign/run_20261001_210222_bc54c340/a_s1.2_bcdb_merkle_w1_t1,0,0,0,32,200,1024,256,211400,204800,v2_20261001,90
a,1.2,bcdb_det,1,serializable,,2603.4886748242643,runs/v2_20261001/campaign/run_20261001_210222_bc54c340,1,20000,32MB,100000000,203719.76053499384,delta,201.64453125,120.0,103.6135,244.24599999999998,391.507,7682,7682,2603.32,/sys/devices/pci0000:00/0000:00:02.2/0000:23:00.0/nvme/nvme0/nvme0n1/nvme0n1p2,8571.275249007158,40.53515625,92.6484375,4401,0.17496023630992957,20235,271.08774401131086,16.0,2.0,25.0,32,1.0,11.2109375,4314,121846,96.58053265694356,742.9509999999999,0.013,1,0,0,20000,N/A,4f763c4243628beba2cf3841e69b2056e518dcb24ad3bc1c9ff7d255ff9700f2,/work/ARIABC/AriaBC/Final_Results/OOM_100M/runs/v2_20261001/campaign/run_20261001_210222_bc54c340/a_s1.2_bcdb_det_w1_t1,0,0,0,,,,,,,v2_20261001,90
a,1.2,pg,1,serializable,on,2738.6005751061207,runs/v2_20261001/campaign/run_20261001_210222_bc54c340,1,20000,32MB,100000000,202743.8080639986,delta,70.53125,120.0,101.7255,244.9325,391.717,7303,7303,2738.31,/sys/devices/pci0000:00/0000:00:02.2/0000:23:00.0/nvme/nvme0/nvme0n1/nvme0n1p2,8195.483352988958,40.0234375,94.078125,4374,0.13717421124828533,20414,272.4117439938709,13.0,6.0,26.0,31,0.0,9.21875,4306,111329,96.27621394906386,585.999,0.236,26,0,0,20000,N/A,4f763c4243628beba2cf3841e69b2056e518dcb24ad3bc1c9ff7d255ff9700f2,/work/ARIABC/AriaBC/Final_Results/OOM_100M/runs/v2_20261001/campaign/run_20261001_210222_bc54c340/a_s1.2_pg_w1_t1,0,0,0,,,,,,,v2_20261001,90
d,0.99,bcdb_merkle,16,serializable,,11198.208286674133,runs/v2_20261001/campaign/run_20261001_210222_bc54c340,1,20000,32MB,100000000,355040.56137401494,delta,116.79296875,270.0,107.7815,244.3015,391.251,1786,1786,11193.87,/sys/devices/pci0000:00/0000:00:02.2/0000:23:00.0/nvme/nvme0/nvme0n1/nvme0n1p2,2668.527901987545,167.0859375,30.51171875,19991,0.30613776199289683,2863,271.5011980035342,7.0,11.0,27.0,11,4.0,11.77734375,23890,107774,81.85532871551828,6273.731,10.475,1133,0,0,20000,PASS,9c025251db4a79632681b1a6274fd67924245a97d6d200314b84b4336900c34a,/work/ARIABC/AriaBC/Final_Results/OOM_100M/runs/v2_20261001/campaign/run_20261001_210222_bc54c340/d_s0.99_bcdb_merkle_w16_t1,0,0,0,32,200,1024,256,211400,204800,v2_20261001,90
d,0.99,bcdb_det,16,serializable,,13306.71989354624,runs/v2_20261001/campaign/run_20261001_210222_bc54c340,1,20000,32MB,100000000,285223.9892180078,delta,69.765625,120.0,102.86699999999999,245.5035,391.9475,1503,1503,13300.78,/sys/devices/pci0000:00/0000:00:02.2/0000:23:00.0/nvme/nvme0/nvme0n1/nvme0n1p2,2390.738173999125,135.93359375,7.953125,16321,0.4184179890938055,1918,254.59965999471024,1.0,2.0,10.0,7,0.0,0.69140625,18568,85109,82.09053116891886,6961.665,0.12,23,0,0,20000,N/A,9c025251db4a79632681b1a6274fd67924245a97d6d200314b84b4336900c34a,/work/ARIABC/AriaBC/Final_Results/OOM_100M/runs/v2_20261001/campaign/run_20261001_210222_bc54c340/d_s0.99_bcdb_det_w16_t1,0,0,0,,,,,,,v2_20261001,90
d,0.99,pg,16,serializable,on,17953.321364452422,runs/v2_20261001/campaign/run_20261001_210222_bc54c340,1,20000,32MB,100000000,134744.5796179818,delta,10.7265625,120.0,103.438,244.662,392.128,1114,1114,17942.94,/sys/devices/pci0000:00/0000:00:02.2/0000:23:00.0/nvme/nvme0/nvme0n1/nvme0n1p2,1993.8017319946084,136.16015625,6.671875,16334,0.8485980164074935,1569,253.27598900184967,1.0,2.0,10.0,7,0.0,0.69921875,18624,84291,81.90351260749162,13880.711,0.132,24,0,0,20000,N/A,9c025251db4a79632681b1a6274fd67924245a97d6d200314b84b4336900c34a,/work/ARIABC/AriaBC/Final_Results/OOM_100M/runs/v2_20261001/campaign/run_20261001_210222_bc54c340/d_s0.99_pg_w16_t1,0,0,0,,,,,,,v2_20261001,90
a,0.0,bcdb_det,1,serializable,,1452.9604068289138,runs/v2_20261001/campaign/run_20261001_210222_bc54c340,1,20000,32MB,100000000,124778.27183299814,delta,5.29296875,110.0,101.27449999999999,242.31799999999998,391.381,13765,13765,1452.87,/sys/devices/pci0000:00/0000:00:02.2/0000:23:00.0/nvme/nvme0/nvme0n1/nvme0n1p2,14664.798015000997,321.13671875,200.59375,40434,0.14881040708314786,26234,298.3525000163354,10.0,40.0,61.0,31,2.0,29.91015625,44431,83997,65.40396175288878,6538.18,27.482,3022,0,0,20000,N/A,7a031904b743e46ac36c81f8ee675141eec90f2831dd31f8788bed7a36bd1b83,/work/ARIABC/AriaBC/Final_Results/OOM_100M/runs/v2_20261001/campaign/run_20261001_210222_bc54c340/a_s0.0_bcdb_det_w1_t1,0,0,0,,,,,,,v2_20261001,90
a,0.0,pg,1,serializable,on,1554.6055188495918,runs/v2_20261001/campaign/run_20261001_210222_bc54c340,1,20000,32MB,100000000,202839.82373698382,delta,396.38671875,120.0,104.43,245.95499999999998,391.832,12865,12865,1554.54,/sys/devices/pci0000:00/0000:00:02.2/0000:23:00.0/nvme/nvme0/nvme0n1/nvme0n1p2,13767.133756016847,321.265625,199.453125,40436,0.13307448807992878,26090,305.70686698774807,8.0,44.0,63.0,31,2.0,31.44921875,43599,74378,63.04449172296295,5886.0380000000005,31.524,3425,0,0,20000,N/A,7a031904b743e46ac36c81f8ee675141eec90f2831dd31f8788bed7a36bd1b83,/work/ARIABC/AriaBC/Final_Results/OOM_100M/runs/v2_20261001/campaign/run_20261001_210222_bc54c340/a_s0.0_pg_w1_t1,0,0,0,,,,,,,v2_20261001,90
a,0.0,bcdb_merkle,1,serializable,,1327.756754962491,runs/v2_20261001/campaign/run_20261001_210222_bc54c340,1,20000,32MB,100000000,142981.20673300582,delta,72.9453125,120.0,103.428,243.3895,392.2175,15063,15063,1327.73,/sys/devices/pci0000:00/0000:00:02.2/0000:23:00.0/nvme/nvme0/nvme0n1/nvme0n1p2,15957.215789007023,352.8515625,230.6015625,43599,0.15176953599853207,26823,348.3971449895762,13.0,71.0,111.0,32,9.0,63.33203125,61600,267063,81.25739739489994,7056.041,78.642,10011,0,0,20000,PASS,7a031904b743e46ac36c81f8ee675141eec90f2831dd31f8788bed7a36bd1b83,/work/ARIABC/AriaBC/Final_Results/OOM_100M/runs/v2_20261001/campaign/run_20261001_210222_bc54c340/a_s0.0_bcdb_merkle_w1_t1,0,0,0,32,200,1024,256,211400,204800,v2_20261001,90
