run_id,manifest_sha256,method,phase,ms
size-scaling-k75-c300-n10000000-f32-k75-c300-fanout_f32_l16-merkle-r0,f2c7308f86f520461e87d961f71f6fc2b17ab57ee450b5fd0831ad946e38c05d,merkle,tree_localisation_ms,159.785
size-scaling-k75-c300-n10000000-f32-k75-c300-fanout_f32_l16-merkle-r0,f2c7308f86f520461e87d961f71f6fc2b17ab57ee450b5fd0831ad946e38c05d,merkle,candidate_row_fetch_ms,13.720
size-scaling-k75-c300-n10000000-f32-k75-c300-fanout_f32_l16-merkle-r0,f2c7308f86f520461e87d961f71f6fc2b17ab57ee450b5fd0831ad946e38c05d,merkle,row_comparison_ms,0.580
size-scaling-k75-c300-n10000000-f32-k75-c300-fanout_f32_l16-merkle-r0,f2c7308f86f520461e87d961f71f6fc2b17ab57ee450b5fd0831ad946e38c05d,merkle,repair_sql_building_ms,0.527
size-scaling-k75-c300-n10000000-f32-k75-c300-fanout_f32_l16-merkle-r0,f2c7308f86f520461e87d961f71f6fc2b17ab57ee450b5fd0831ad946e38c05d,merkle,repair_dml_wire_ms,17.813
size-scaling-k75-c300-n10000000-f32-k75-c300-fanout_f32_l16-merkle-r0,f2c7308f86f520461e87d961f71f6fc2b17ab57ee450b5fd0831ad946e38c05d,merkle,repair_commit_wire_ms,12.114
size-scaling-k75-c300-n10000000-f32-k75-c300-fanout_f32_l16-merkle-r0,f2c7308f86f520461e87d961f71f6fc2b17ab57ee450b5fd0831ad946e38c05d,merkle,repair_begin_wire_ms,0.110
size-scaling-k75-c300-n10000000-f32-k75-c300-fanout_f32_l16-merkle-r0,f2c7308f86f520461e87d961f71f6fc2b17ab57ee450b5fd0831ad946e38c05d,merkle,repair_transaction_block_ms,30.614
size-scaling-k75-c300-n10000000-f32-k75-c300-fanout_f32_l16-merkle-r0,f2c7308f86f520461e87d961f71f6fc2b17ab57ee450b5fd0831ad946e38c05d,merkle,repair_write_ms,30.619
size-scaling-k75-c300-n10000000-f32-k75-c300-fanout_f32_l16-merkle-r0,f2c7308f86f520461e87d961f71f6fc2b17ab57ee450b5fd0831ad946e38c05d,merkle,targeted_post_repair_confirmation_ms,3.237
size-scaling-k75-c300-n10000000-f32-k75-c300-fanout_f32_l16-merkle-r0,f2c7308f86f520461e87d961f71f6fc2b17ab57ee450b5fd0831ad946e38c05d,merkle,recovery_observability_ms,0.001
size-scaling-k75-c300-n10000000-f32-k75-c300-fanout_f32_l16-merkle-r0,f2c7308f86f520461e87d961f71f6fc2b17ab57ee450b5fd0831ad946e38c05d,merkle,recovery_orchestration_ms,2.295
size-scaling-k75-c300-n10000000-f32-k75-c300-fanout_f32_l16-merkle-r0,f2c7308f86f520461e87d961f71f6fc2b17ab57ee450b5fd0831ad946e38c05d,merkle,audit_exact_table_compare_ms,37991.576
size-scaling-k75-c300-n10000000-f32-k75-c300-fanout_f32_l16-merkle-r0,f2c7308f86f520461e87d961f71f6fc2b17ab57ee450b5fd0831ad946e38c05d,merkle,audit_merkle_root_hash_ms,1.328
size-scaling-k75-c300-n10000000-f32-k75-c300-fanout_f32_l16-merkle-r0,f2c7308f86f520461e87d961f71f6fc2b17ab57ee450b5fd0831ad946e38c05d,merkle,audit_merkle_verify_ms,30288.908
size-scaling-k75-c300-n10000000-f32-k75-c300-fanout_f32_l16-merkle-r0,f2c7308f86f520461e87d961f71f6fc2b17ab57ee450b5fd0831ad946e38c05d,merkle,audit_schema_fidelity_ms,2.205
size-scaling-k75-c300-n10000000-f32-k75-c300-fanout_f32_l16-merkle-r0,f2c7308f86f520461e87d961f71f6fc2b17ab57ee450b5fd0831ad946e38c05d,merkle,merkle_total_ms,68516.719
size-scaling-k75-c300-n10000000-f32-k75-c300-fanout_f32_l16-merkle-r1,f2c7308f86f520461e87d961f71f6fc2b17ab57ee450b5fd0831ad946e38c05d,merkle,tree_localisation_ms,183.913
size-scaling-k75-c300-n10000000-f32-k75-c300-fanout_f32_l16-merkle-r1,f2c7308f86f520461e87d961f71f6fc2b17ab57ee450b5fd0831ad946e38c05d,merkle,candidate_row_fetch_ms,14.866
size-scaling-k75-c300-n10000000-f32-k75-c300-fanout_f32_l16-merkle-r1,f2c7308f86f520461e87d961f71f6fc2b17ab57ee450b5fd0831ad946e38c05d,merkle,row_comparison_ms,0.601
size-scaling-k75-c300-n10000000-f32-k75-c300-fanout_f32_l16-merkle-r1,f2c7308f86f520461e87d961f71f6fc2b17ab57ee450b5fd0831ad946e38c05d,merkle,repair_sql_building_ms,0.620
size-scaling-k75-c300-n10000000-f32-k75-c300-fanout_f32_l16-merkle-r1,f2c7308f86f520461e87d961f71f6fc2b17ab57ee450b5fd0831ad946e38c05d,merkle,repair_dml_wire_ms,19.679
size-scaling-k75-c300-n10000000-f32-k75-c300-fanout_f32_l16-merkle-r1,f2c7308f86f520461e87d961f71f6fc2b17ab57ee450b5fd0831ad946e38c05d,merkle,repair_commit_wire_ms,26.137
size-scaling-k75-c300-n10000000-f32-k75-c300-fanout_f32_l16-merkle-r1,f2c7308f86f520461e87d961f71f6fc2b17ab57ee450b5fd0831ad946e38c05d,merkle,repair_begin_wire_ms,0.119
size-scaling-k75-c300-n10000000-f32-k75-c300-fanout_f32_l16-merkle-r1,f2c7308f86f520461e87d961f71f6fc2b17ab57ee450b5fd0831ad946e38c05d,merkle,repair_transaction_block_ms,46.618
size-scaling-k75-c300-n10000000-f32-k75-c300-fanout_f32_l16-merkle-r1,f2c7308f86f520461e87d961f71f6fc2b17ab57ee450b5fd0831ad946e38c05d,merkle,repair_write_ms,46.623
size-scaling-k75-c300-n10000000-f32-k75-c300-fanout_f32_l16-merkle-r1,f2c7308f86f520461e87d961f71f6fc2b17ab57ee450b5fd0831ad946e38c05d,merkle,targeted_post_repair_confirmation_ms,4.353
size-scaling-k75-c300-n10000000-f32-k75-c300-fanout_f32_l16-merkle-r1,f2c7308f86f520461e87d961f71f6fc2b17ab57ee450b5fd0831ad946e38c05d,merkle,recovery_observability_ms,0.002
size-scaling-k75-c300-n10000000-f32-k75-c300-fanout_f32_l16-merkle-r1,f2c7308f86f520461e87d961f71f6fc2b17ab57ee450b5fd0831ad946e38c05d,merkle,recovery_orchestration_ms,2.414
size-scaling-k75-c300-n10000000-f32-k75-c300-fanout_f32_l16-merkle-r1,f2c7308f86f520461e87d961f71f6fc2b17ab57ee450b5fd0831ad946e38c05d,merkle,audit_exact_table_compare_ms,35770.545
size-scaling-k75-c300-n10000000-f32-k75-c300-fanout_f32_l16-merkle-r1,f2c7308f86f520461e87d961f71f6fc2b17ab57ee450b5fd0831ad946e38c05d,merkle,audit_merkle_root_hash_ms,1.294
size-scaling-k75-c300-n10000000-f32-k75-c300-fanout_f32_l16-merkle-r1,f2c7308f86f520461e87d961f71f6fc2b17ab57ee450b5fd0831ad946e38c05d,merkle,audit_merkle_verify_ms,30244.280
size-scaling-k75-c300-n10000000-f32-k75-c300-fanout_f32_l16-merkle-r1,f2c7308f86f520461e87d961f71f6fc2b17ab57ee450b5fd0831ad946e38c05d,merkle,audit_schema_fidelity_ms,2.174
size-scaling-k75-c300-n10000000-f32-k75-c300-fanout_f32_l16-merkle-r1,f2c7308f86f520461e87d961f71f6fc2b17ab57ee450b5fd0831ad946e38c05d,merkle,merkle_total_ms,66294.250
size-scaling-k75-c300-n10000000-f32-k75-c300-fanout_f32_l16-merkle-r2,f2c7308f86f520461e87d961f71f6fc2b17ab57ee450b5fd0831ad946e38c05d,merkle,tree_localisation_ms,146.077
size-scaling-k75-c300-n10000000-f32-k75-c300-fanout_f32_l16-merkle-r2,f2c7308f86f520461e87d961f71f6fc2b17ab57ee450b5fd0831ad946e38c05d,merkle,candidate_row_fetch_ms,11.478
size-scaling-k75-c300-n10000000-f32-k75-c300-fanout_f32_l16-merkle-r2,f2c7308f86f520461e87d961f71f6fc2b17ab57ee450b5fd0831ad946e38c05d,merkle,row_comparison_ms,0.424
size-scaling-k75-c300-n10000000-f32-k75-c300-fanout_f32_l16-merkle-r2,f2c7308f86f520461e87d961f71f6fc2b17ab57ee450b5fd0831ad946e38c05d,merkle,repair_sql_building_ms,0.439
size-scaling-k75-c300-n10000000-f32-k75-c300-fanout_f32_l16-merkle-r2,f2c7308f86f520461e87d961f71f6fc2b17ab57ee450b5fd0831ad946e38c05d,merkle,repair_dml_wire_ms,14.036
size-scaling-k75-c300-n10000000-f32-k75-c300-fanout_f32_l16-merkle-r2,f2c7308f86f520461e87d961f71f6fc2b17ab57ee450b5fd0831ad946e38c05d,merkle,repair_commit_wire_ms,9.274
size-scaling-k75-c300-n10000000-f32-k75-c300-fanout_f32_l16-merkle-r2,f2c7308f86f520461e87d961f71f6fc2b17ab57ee450b5fd0831ad946e38c05d,merkle,repair_begin_wire_ms,0.090
size-scaling-k75-c300-n10000000-f32-k75-c300-fanout_f32_l16-merkle-r2,f2c7308f86f520461e87d961f71f6fc2b17ab57ee450b5fd0831ad946e38c05d,merkle,repair_transaction_block_ms,23.882
size-scaling-k75-c300-n10000000-f32-k75-c300-fanout_f32_l16-merkle-r2,f2c7308f86f520461e87d961f71f6fc2b17ab57ee450b5fd0831ad946e38c05d,merkle,repair_write_ms,23.885
size-scaling-k75-c300-n10000000-f32-k75-c300-fanout_f32_l16-merkle-r2,f2c7308f86f520461e87d961f71f6fc2b17ab57ee450b5fd0831ad946e38c05d,merkle,targeted_post_repair_confirmation_ms,2.898
size-scaling-k75-c300-n10000000-f32-k75-c300-fanout_f32_l16-merkle-r2,f2c7308f86f520461e87d961f71f6fc2b17ab57ee450b5fd0831ad946e38c05d,merkle,recovery_observability_ms,0.001
size-scaling-k75-c300-n10000000-f32-k75-c300-fanout_f32_l16-merkle-r2,f2c7308f86f520461e87d961f71f6fc2b17ab57ee450b5fd0831ad946e38c05d,merkle,recovery_orchestration_ms,1.988
size-scaling-k75-c300-n10000000-f32-k75-c300-fanout_f32_l16-merkle-r2,f2c7308f86f520461e87d961f71f6fc2b17ab57ee450b5fd0831ad946e38c05d,merkle,audit_exact_table_compare_ms,35551.935
size-scaling-k75-c300-n10000000-f32-k75-c300-fanout_f32_l16-merkle-r2,f2c7308f86f520461e87d961f71f6fc2b17ab57ee450b5fd0831ad946e38c05d,merkle,audit_merkle_root_hash_ms,1.312
size-scaling-k75-c300-n10000000-f32-k75-c300-fanout_f32_l16-merkle-r2,f2c7308f86f520461e87d961f71f6fc2b17ab57ee450b5fd0831ad946e38c05d,merkle,audit_merkle_verify_ms,30520.016
size-scaling-k75-c300-n10000000-f32-k75-c300-fanout_f32_l16-merkle-r2,f2c7308f86f520461e87d961f71f6fc2b17ab57ee450b5fd0831ad946e38c05d,merkle,audit_schema_fidelity_ms,2.190
size-scaling-k75-c300-n10000000-f32-k75-c300-fanout_f32_l16-merkle-r2,f2c7308f86f520461e87d961f71f6fc2b17ab57ee450b5fd0831ad946e38c05d,merkle,merkle_total_ms,66274.343
size-scaling-k75-c300-n10000000-f32-k75-c300-fanout_f32_l16-merkle-r3,f2c7308f86f520461e87d961f71f6fc2b17ab57ee450b5fd0831ad946e38c05d,merkle,tree_localisation_ms,110.993
size-scaling-k75-c300-n10000000-f32-k75-c300-fanout_f32_l16-merkle-r3,f2c7308f86f520461e87d961f71f6fc2b17ab57ee450b5fd0831ad946e38c05d,merkle,candidate_row_fetch_ms,7.394
size-scaling-k75-c300-n10000000-f32-k75-c300-fanout_f32_l16-merkle-r3,f2c7308f86f520461e87d961f71f6fc2b17ab57ee450b5fd0831ad946e38c05d,merkle,row_comparison_ms,0.222
size-scaling-k75-c300-n10000000-f32-k75-c300-fanout_f32_l16-merkle-r3,f2c7308f86f520461e87d961f71f6fc2b17ab57ee450b5fd0831ad946e38c05d,merkle,repair_sql_building_ms,0.221
size-scaling-k75-c300-n10000000-f32-k75-c300-fanout_f32_l16-merkle-r3,f2c7308f86f520461e87d961f71f6fc2b17ab57ee450b5fd0831ad946e38c05d,merkle,repair_dml_wire_ms,7.490
size-scaling-k75-c300-n10000000-f32-k75-c300-fanout_f32_l16-merkle-r3,f2c7308f86f520461e87d961f71f6fc2b17ab57ee450b5fd0831ad946e38c05d,merkle,repair_commit_wire_ms,6.496
size-scaling-k75-c300-n10000000-f32-k75-c300-fanout_f32_l16-merkle-r3,f2c7308f86f520461e87d961f71f6fc2b17ab57ee450b5fd0831ad946e38c05d,merkle,repair_begin_wire_ms,0.053
size-scaling-k75-c300-n10000000-f32-k75-c300-fanout_f32_l16-merkle-r3,f2c7308f86f520461e87d961f71f6fc2b17ab57ee450b5fd0831ad946e38c05d,merkle,repair_transaction_block_ms,14.285
size-scaling-k75-c300-n10000000-f32-k75-c300-fanout_f32_l16-merkle-r3,f2c7308f86f520461e87d961f71f6fc2b17ab57ee450b5fd0831ad946e38c05d,merkle,repair_write_ms,14.287
size-scaling-k75-c300-n10000000-f32-k75-c300-fanout_f32_l16-merkle-r3,f2c7308f86f520461e87d961f71f6fc2b17ab57ee450b5fd0831ad946e38c05d,merkle,targeted_post_repair_confirmation_ms,1.668
size-scaling-k75-c300-n10000000-f32-k75-c300-fanout_f32_l16-merkle-r3,f2c7308f86f520461e87d961f71f6fc2b17ab57ee450b5fd0831ad946e38c05d,merkle,recovery_observability_ms,0.001
size-scaling-k75-c300-n10000000-f32-k75-c300-fanout_f32_l16-merkle-r3,f2c7308f86f520461e87d961f71f6fc2b17ab57ee450b5fd0831ad946e38c05d,merkle,recovery_orchestration_ms,1.361
size-scaling-k75-c300-n10000000-f32-k75-c300-fanout_f32_l16-merkle-r3,f2c7308f86f520461e87d961f71f6fc2b17ab57ee450b5fd0831ad946e38c05d,merkle,audit_exact_table_compare_ms,35628.129
size-scaling-k75-c300-n10000000-f32-k75-c300-fanout_f32_l16-merkle-r3,f2c7308f86f520461e87d961f71f6fc2b17ab57ee450b5fd0831ad946e38c05d,merkle,audit_merkle_root_hash_ms,1.211
size-scaling-k75-c300-n10000000-f32-k75-c300-fanout_f32_l16-merkle-r3,f2c7308f86f520461e87d961f71f6fc2b17ab57ee450b5fd0831ad946e38c05d,merkle,audit_merkle_verify_ms,30235.862
size-scaling-k75-c300-n10000000-f32-k75-c300-fanout_f32_l16-merkle-r3,f2c7308f86f520461e87d961f71f6fc2b17ab57ee450b5fd0831ad946e38c05d,merkle,audit_schema_fidelity_ms,2.052
size-scaling-k75-c300-n10000000-f32-k75-c300-fanout_f32_l16-merkle-r3,f2c7308f86f520461e87d961f71f6fc2b17ab57ee450b5fd0831ad946e38c05d,merkle,merkle_total_ms,66014.825
size-scaling-k75-c300-n10000000-f32-k75-c300-fanout_f32_l16-merkle-r4,f2c7308f86f520461e87d961f71f6fc2b17ab57ee450b5fd0831ad946e38c05d,merkle,tree_localisation_ms,109.637
size-scaling-k75-c300-n10000000-f32-k75-c300-fanout_f32_l16-merkle-r4,f2c7308f86f520461e87d961f71f6fc2b17ab57ee450b5fd0831ad946e38c05d,merkle,candidate_row_fetch_ms,7.411
size-scaling-k75-c300-n10000000-f32-k75-c300-fanout_f32_l16-merkle-r4,f2c7308f86f520461e87d961f71f6fc2b17ab57ee450b5fd0831ad946e38c05d,merkle,row_comparison_ms,0.228
size-scaling-k75-c300-n10000000-f32-k75-c300-fanout_f32_l16-merkle-r4,f2c7308f86f520461e87d961f71f6fc2b17ab57ee450b5fd0831ad946e38c05d,merkle,repair_sql_building_ms,0.231
size-scaling-k75-c300-n10000000-f32-k75-c300-fanout_f32_l16-merkle-r4,f2c7308f86f520461e87d961f71f6fc2b17ab57ee450b5fd0831ad946e38c05d,merkle,repair_dml_wire_ms,7.458
size-scaling-k75-c300-n10000000-f32-k75-c300-fanout_f32_l16-merkle-r4,f2c7308f86f520461e87d961f71f6fc2b17ab57ee450b5fd0831ad946e38c05d,merkle,repair_commit_wire_ms,6.515
size-scaling-k75-c300-n10000000-f32-k75-c300-fanout_f32_l16-merkle-r4,f2c7308f86f520461e87d961f71f6fc2b17ab57ee450b5fd0831ad946e38c05d,merkle,repair_begin_wire_ms,0.058
size-scaling-k75-c300-n10000000-f32-k75-c300-fanout_f32_l16-merkle-r4,f2c7308f86f520461e87d961f71f6fc2b17ab57ee450b5fd0831ad946e38c05d,merkle,repair_transaction_block_ms,14.287
size-scaling-k75-c300-n10000000-f32-k75-c300-fanout_f32_l16-merkle-r4,f2c7308f86f520461e87d961f71f6fc2b17ab57ee450b5fd0831ad946e38c05d,merkle,repair_write_ms,14.289
size-scaling-k75-c300-n10000000-f32-k75-c300-fanout_f32_l16-merkle-r4,f2c7308f86f520461e87d961f71f6fc2b17ab57ee450b5fd0831ad946e38c05d,merkle,targeted_post_repair_confirmation_ms,1.653
size-scaling-k75-c300-n10000000-f32-k75-c300-fanout_f32_l16-merkle-r4,f2c7308f86f520461e87d961f71f6fc2b17ab57ee450b5fd0831ad946e38c05d,merkle,recovery_observability_ms,0.001
size-scaling-k75-c300-n10000000-f32-k75-c300-fanout_f32_l16-merkle-r4,f2c7308f86f520461e87d961f71f6fc2b17ab57ee450b5fd0831ad946e38c05d,merkle,recovery_orchestration_ms,1.349
size-scaling-k75-c300-n10000000-f32-k75-c300-fanout_f32_l16-merkle-r4,f2c7308f86f520461e87d961f71f6fc2b17ab57ee450b5fd0831ad946e38c05d,merkle,audit_exact_table_compare_ms,35346.965
size-scaling-k75-c300-n10000000-f32-k75-c300-fanout_f32_l16-merkle-r4,f2c7308f86f520461e87d961f71f6fc2b17ab57ee450b5fd0831ad946e38c05d,merkle,audit_merkle_root_hash_ms,1.288
size-scaling-k75-c300-n10000000-f32-k75-c300-fanout_f32_l16-merkle-r4,f2c7308f86f520461e87d961f71f6fc2b17ab57ee450b5fd0831ad946e38c05d,merkle,audit_merkle_verify_ms,30283.413
size-scaling-k75-c300-n10000000-f32-k75-c300-fanout_f32_l16-merkle-r4,f2c7308f86f520461e87d961f71f6fc2b17ab57ee450b5fd0831ad946e38c05d,merkle,audit_schema_fidelity_ms,2.198
size-scaling-k75-c300-n10000000-f32-k75-c300-fanout_f32_l16-merkle-r4,f2c7308f86f520461e87d961f71f6fc2b17ab57ee450b5fd0831ad946e38c05d,merkle,merkle_total_ms,65780.161
size-scaling-k75-c300-n10000000-f32-k75-c300-fanout_f32_l16-merkle-r5,f2c7308f86f520461e87d961f71f6fc2b17ab57ee450b5fd0831ad946e38c05d,merkle,tree_localisation_ms,106.224
size-scaling-k75-c300-n10000000-f32-k75-c300-fanout_f32_l16-merkle-r5,f2c7308f86f520461e87d961f71f6fc2b17ab57ee450b5fd0831ad946e38c05d,merkle,candidate_row_fetch_ms,7.542
size-scaling-k75-c300-n10000000-f32-k75-c300-fanout_f32_l16-merkle-r5,f2c7308f86f520461e87d961f71f6fc2b17ab57ee450b5fd0831ad946e38c05d,merkle,row_comparison_ms,0.218
size-scaling-k75-c300-n10000000-f32-k75-c300-fanout_f32_l16-merkle-r5,f2c7308f86f520461e87d961f71f6fc2b17ab57ee450b5fd0831ad946e38c05d,merkle,repair_sql_building_ms,0.228
size-scaling-k75-c300-n10000000-f32-k75-c300-fanout_f32_l16-merkle-r5,f2c7308f86f520461e87d961f71f6fc2b17ab57ee450b5fd0831ad946e38c05d,merkle,repair_dml_wire_ms,7.213
size-scaling-k75-c300-n10000000-f32-k75-c300-fanout_f32_l16-merkle-r5,f2c7308f86f520461e87d961f71f6fc2b17ab57ee450b5fd0831ad946e38c05d,merkle,repair_commit_wire_ms,6.551
size-scaling-k75-c300-n10000000-f32-k75-c300-fanout_f32_l16-merkle-r5,f2c7308f86f520461e87d961f71f6fc2b17ab57ee450b5fd0831ad946e38c05d,merkle,repair_begin_wire_ms,0.058
size-scaling-k75-c300-n10000000-f32-k75-c300-fanout_f32_l16-merkle-r5,f2c7308f86f520461e87d961f71f6fc2b17ab57ee450b5fd0831ad946e38c05d,merkle,repair_transaction_block_ms,14.073
size-scaling-k75-c300-n10000000-f32-k75-c300-fanout_f32_l16-merkle-r5,f2c7308f86f520461e87d961f71f6fc2b17ab57ee450b5fd0831ad946e38c05d,merkle,repair_write_ms,14.075
size-scaling-k75-c300-n10000000-f32-k75-c300-fanout_f32_l16-merkle-r5,f2c7308f86f520461e87d961f71f6fc2b17ab57ee450b5fd0831ad946e38c05d,merkle,targeted_post_repair_confirmation_ms,1.670
size-scaling-k75-c300-n10000000-f32-k75-c300-fanout_f32_l16-merkle-r5,f2c7308f86f520461e87d961f71f6fc2b17ab57ee450b5fd0831ad946e38c05d,merkle,recovery_observability_ms,0.001
size-scaling-k75-c300-n10000000-f32-k75-c300-fanout_f32_l16-merkle-r5,f2c7308f86f520461e87d961f71f6fc2b17ab57ee450b5fd0831ad946e38c05d,merkle,recovery_orchestration_ms,1.382
size-scaling-k75-c300-n10000000-f32-k75-c300-fanout_f32_l16-merkle-r5,f2c7308f86f520461e87d961f71f6fc2b17ab57ee450b5fd0831ad946e38c05d,merkle,audit_exact_table_compare_ms,35581.877
size-scaling-k75-c300-n10000000-f32-k75-c300-fanout_f32_l16-merkle-r5,f2c7308f86f520461e87d961f71f6fc2b17ab57ee450b5fd0831ad946e38c05d,merkle,audit_merkle_root_hash_ms,1.335
size-scaling-k75-c300-n10000000-f32-k75-c300-fanout_f32_l16-merkle-r5,f2c7308f86f520461e87d961f71f6fc2b17ab57ee450b5fd0831ad946e38c05d,merkle,audit_merkle_verify_ms,30690.591
size-scaling-k75-c300-n10000000-f32-k75-c300-fanout_f32_l16-merkle-r5,f2c7308f86f520461e87d961f71f6fc2b17ab57ee450b5fd0831ad946e38c05d,merkle,audit_schema_fidelity_ms,2.186
size-scaling-k75-c300-n10000000-f32-k75-c300-fanout_f32_l16-merkle-r5,f2c7308f86f520461e87d961f71f6fc2b17ab57ee450b5fd0831ad946e38c05d,merkle,merkle_total_ms,66418.914
size-scaling-k75-c300-n10000000-f32-k75-c300-fanout_f32_l16-merkle-r6,f2c7308f86f520461e87d961f71f6fc2b17ab57ee450b5fd0831ad946e38c05d,merkle,tree_localisation_ms,107.609
size-scaling-k75-c300-n10000000-f32-k75-c300-fanout_f32_l16-merkle-r6,f2c7308f86f520461e87d961f71f6fc2b17ab57ee450b5fd0831ad946e38c05d,merkle,candidate_row_fetch_ms,7.561
size-scaling-k75-c300-n10000000-f32-k75-c300-fanout_f32_l16-merkle-r6,f2c7308f86f520461e87d961f71f6fc2b17ab57ee450b5fd0831ad946e38c05d,merkle,row_comparison_ms,0.213
size-scaling-k75-c300-n10000000-f32-k75-c300-fanout_f32_l16-merkle-r6,f2c7308f86f520461e87d961f71f6fc2b17ab57ee450b5fd0831ad946e38c05d,merkle,repair_sql_building_ms,0.234
size-scaling-k75-c300-n10000000-f32-k75-c300-fanout_f32_l16-merkle-r6,f2c7308f86f520461e87d961f71f6fc2b17ab57ee450b5fd0831ad946e38c05d,merkle,repair_dml_wire_ms,7.202
size-scaling-k75-c300-n10000000-f32-k75-c300-fanout_f32_l16-merkle-r6,f2c7308f86f520461e87d961f71f6fc2b17ab57ee450b5fd0831ad946e38c05d,merkle,repair_commit_wire_ms,6.594
size-scaling-k75-c300-n10000000-f32-k75-c300-fanout_f32_l16-merkle-r6,f2c7308f86f520461e87d961f71f6fc2b17ab57ee450b5fd0831ad946e38c05d,merkle,repair_begin_wire_ms,0.053
size-scaling-k75-c300-n10000000-f32-k75-c300-fanout_f32_l16-merkle-r6,f2c7308f86f520461e87d961f71f6fc2b17ab57ee450b5fd0831ad946e38c05d,merkle,repair_transaction_block_ms,14.107
size-scaling-k75-c300-n10000000-f32-k75-c300-fanout_f32_l16-merkle-r6,f2c7308f86f520461e87d961f71f6fc2b17ab57ee450b5fd0831ad946e38c05d,merkle,repair_write_ms,14.109
size-scaling-k75-c300-n10000000-f32-k75-c300-fanout_f32_l16-merkle-r6,f2c7308f86f520461e87d961f71f6fc2b17ab57ee450b5fd0831ad946e38c05d,merkle,targeted_post_repair_confirmation_ms,1.636
size-scaling-k75-c300-n10000000-f32-k75-c300-fanout_f32_l16-merkle-r6,f2c7308f86f520461e87d961f71f6fc2b17ab57ee450b5fd0831ad946e38c05d,merkle,recovery_observability_ms,0.000
size-scaling-k75-c300-n10000000-f32-k75-c300-fanout_f32_l16-merkle-r6,f2c7308f86f520461e87d961f71f6fc2b17ab57ee450b5fd0831ad946e38c05d,merkle,recovery_orchestration_ms,1.344
size-scaling-k75-c300-n10000000-f32-k75-c300-fanout_f32_l16-merkle-r6,f2c7308f86f520461e87d961f71f6fc2b17ab57ee450b5fd0831ad946e38c05d,merkle,audit_exact_table_compare_ms,35448.143
size-scaling-k75-c300-n10000000-f32-k75-c300-fanout_f32_l16-merkle-r6,f2c7308f86f520461e87d961f71f6fc2b17ab57ee450b5fd0831ad946e38c05d,merkle,audit_merkle_root_hash_ms,1.258
size-scaling-k75-c300-n10000000-f32-k75-c300-fanout_f32_l16-merkle-r6,f2c7308f86f520461e87d961f71f6fc2b17ab57ee450b5fd0831ad946e38c05d,merkle,audit_merkle_verify_ms,30785.439
size-scaling-k75-c300-n10000000-f32-k75-c300-fanout_f32_l16-merkle-r6,f2c7308f86f520461e87d961f71f6fc2b17ab57ee450b5fd0831ad946e38c05d,merkle,audit_schema_fidelity_ms,2.156
size-scaling-k75-c300-n10000000-f32-k75-c300-fanout_f32_l16-merkle-r6,f2c7308f86f520461e87d961f71f6fc2b17ab57ee450b5fd0831ad946e38c05d,merkle,merkle_total_ms,66380.702
size-scaling-k75-c300-n10000000-f32-k75-c300-fanout_f32_l16-merkle-r7,f2c7308f86f520461e87d961f71f6fc2b17ab57ee450b5fd0831ad946e38c05d,merkle,tree_localisation_ms,103.965
size-scaling-k75-c300-n10000000-f32-k75-c300-fanout_f32_l16-merkle-r7,f2c7308f86f520461e87d961f71f6fc2b17ab57ee450b5fd0831ad946e38c05d,merkle,candidate_row_fetch_ms,7.618
size-scaling-k75-c300-n10000000-f32-k75-c300-fanout_f32_l16-merkle-r7,f2c7308f86f520461e87d961f71f6fc2b17ab57ee450b5fd0831ad946e38c05d,merkle,row_comparison_ms,0.209
size-scaling-k75-c300-n10000000-f32-k75-c300-fanout_f32_l16-merkle-r7,f2c7308f86f520461e87d961f71f6fc2b17ab57ee450b5fd0831ad946e38c05d,merkle,repair_sql_building_ms,0.225
size-scaling-k75-c300-n10000000-f32-k75-c300-fanout_f32_l16-merkle-r7,f2c7308f86f520461e87d961f71f6fc2b17ab57ee450b5fd0831ad946e38c05d,merkle,repair_dml_wire_ms,7.232
size-scaling-k75-c300-n10000000-f32-k75-c300-fanout_f32_l16-merkle-r7,f2c7308f86f520461e87d961f71f6fc2b17ab57ee450b5fd0831ad946e38c05d,merkle,repair_commit_wire_ms,6.528
size-scaling-k75-c300-n10000000-f32-k75-c300-fanout_f32_l16-merkle-r7,f2c7308f86f520461e87d961f71f6fc2b17ab57ee450b5fd0831ad946e38c05d,merkle,repair_begin_wire_ms,0.052
size-scaling-k75-c300-n10000000-f32-k75-c300-fanout_f32_l16-merkle-r7,f2c7308f86f520461e87d961f71f6fc2b17ab57ee450b5fd0831ad946e38c05d,merkle,repair_transaction_block_ms,14.060
size-scaling-k75-c300-n10000000-f32-k75-c300-fanout_f32_l16-merkle-r7,f2c7308f86f520461e87d961f71f6fc2b17ab57ee450b5fd0831ad946e38c05d,merkle,repair_write_ms,14.062
size-scaling-k75-c300-n10000000-f32-k75-c300-fanout_f32_l16-merkle-r7,f2c7308f86f520461e87d961f71f6fc2b17ab57ee450b5fd0831ad946e38c05d,merkle,targeted_post_repair_confirmation_ms,1.663
size-scaling-k75-c300-n10000000-f32-k75-c300-fanout_f32_l16-merkle-r7,f2c7308f86f520461e87d961f71f6fc2b17ab57ee450b5fd0831ad946e38c05d,merkle,recovery_observability_ms,0.000
size-scaling-k75-c300-n10000000-f32-k75-c300-fanout_f32_l16-merkle-r7,f2c7308f86f520461e87d961f71f6fc2b17ab57ee450b5fd0831ad946e38c05d,merkle,recovery_orchestration_ms,1.368
size-scaling-k75-c300-n10000000-f32-k75-c300-fanout_f32_l16-merkle-r7,f2c7308f86f520461e87d961f71f6fc2b17ab57ee450b5fd0831ad946e38c05d,merkle,audit_exact_table_compare_ms,35537.622
size-scaling-k75-c300-n10000000-f32-k75-c300-fanout_f32_l16-merkle-r7,f2c7308f86f520461e87d961f71f6fc2b17ab57ee450b5fd0831ad946e38c05d,merkle,audit_merkle_root_hash_ms,1.253
size-scaling-k75-c300-n10000000-f32-k75-c300-fanout_f32_l16-merkle-r7,f2c7308f86f520461e87d961f71f6fc2b17ab57ee450b5fd0831ad946e38c05d,merkle,audit_merkle_verify_ms,30718.568
size-scaling-k75-c300-n10000000-f32-k75-c300-fanout_f32_l16-merkle-r7,f2c7308f86f520461e87d961f71f6fc2b17ab57ee450b5fd0831ad946e38c05d,merkle,audit_schema_fidelity_ms,2.165
size-scaling-k75-c300-n10000000-f32-k75-c300-fanout_f32_l16-merkle-r7,f2c7308f86f520461e87d961f71f6fc2b17ab57ee450b5fd0831ad946e38c05d,merkle,merkle_total_ms,66399.793
size-scaling-k75-c300-n10000000-f32-k75-c300-fanout_f32_l16-merkle-r8,f2c7308f86f520461e87d961f71f6fc2b17ab57ee450b5fd0831ad946e38c05d,merkle,tree_localisation_ms,107.407
size-scaling-k75-c300-n10000000-f32-k75-c300-fanout_f32_l16-merkle-r8,f2c7308f86f520461e87d961f71f6fc2b17ab57ee450b5fd0831ad946e38c05d,merkle,candidate_row_fetch_ms,7.670
size-scaling-k75-c300-n10000000-f32-k75-c300-fanout_f32_l16-merkle-r8,f2c7308f86f520461e87d961f71f6fc2b17ab57ee450b5fd0831ad946e38c05d,merkle,row_comparison_ms,0.216
size-scaling-k75-c300-n10000000-f32-k75-c300-fanout_f32_l16-merkle-r8,f2c7308f86f520461e87d961f71f6fc2b17ab57ee450b5fd0831ad946e38c05d,merkle,repair_sql_building_ms,0.226
size-scaling-k75-c300-n10000000-f32-k75-c300-fanout_f32_l16-merkle-r8,f2c7308f86f520461e87d961f71f6fc2b17ab57ee450b5fd0831ad946e38c05d,merkle,repair_dml_wire_ms,7.116
size-scaling-k75-c300-n10000000-f32-k75-c300-fanout_f32_l16-merkle-r8,f2c7308f86f520461e87d961f71f6fc2b17ab57ee450b5fd0831ad946e38c05d,merkle,repair_commit_wire_ms,6.530
size-scaling-k75-c300-n10000000-f32-k75-c300-fanout_f32_l16-merkle-r8,f2c7308f86f520461e87d961f71f6fc2b17ab57ee450b5fd0831ad946e38c05d,merkle,repair_begin_wire_ms,0.056
size-scaling-k75-c300-n10000000-f32-k75-c300-fanout_f32_l16-merkle-r8,f2c7308f86f520461e87d961f71f6fc2b17ab57ee450b5fd0831ad946e38c05d,merkle,repair_transaction_block_ms,13.952
size-scaling-k75-c300-n10000000-f32-k75-c300-fanout_f32_l16-merkle-r8,f2c7308f86f520461e87d961f71f6fc2b17ab57ee450b5fd0831ad946e38c05d,merkle,repair_write_ms,13.953
size-scaling-k75-c300-n10000000-f32-k75-c300-fanout_f32_l16-merkle-r8,f2c7308f86f520461e87d961f71f6fc2b17ab57ee450b5fd0831ad946e38c05d,merkle,targeted_post_repair_confirmation_ms,1.665
size-scaling-k75-c300-n10000000-f32-k75-c300-fanout_f32_l16-merkle-r8,f2c7308f86f520461e87d961f71f6fc2b17ab57ee450b5fd0831ad946e38c05d,merkle,recovery_observability_ms,0.001
size-scaling-k75-c300-n10000000-f32-k75-c300-fanout_f32_l16-merkle-r8,f2c7308f86f520461e87d961f71f6fc2b17ab57ee450b5fd0831ad946e38c05d,merkle,recovery_orchestration_ms,1.350
size-scaling-k75-c300-n10000000-f32-k75-c300-fanout_f32_l16-merkle-r8,f2c7308f86f520461e87d961f71f6fc2b17ab57ee450b5fd0831ad946e38c05d,merkle,audit_exact_table_compare_ms,35528.788
size-scaling-k75-c300-n10000000-f32-k75-c300-fanout_f32_l16-merkle-r8,f2c7308f86f520461e87d961f71f6fc2b17ab57ee450b5fd0831ad946e38c05d,merkle,audit_merkle_root_hash_ms,1.248
size-scaling-k75-c300-n10000000-f32-k75-c300-fanout_f32_l16-merkle-r8,f2c7308f86f520461e87d961f71f6fc2b17ab57ee450b5fd0831ad946e38c05d,merkle,audit_merkle_verify_ms,30724.855
size-scaling-k75-c300-n10000000-f32-k75-c300-fanout_f32_l16-merkle-r8,f2c7308f86f520461e87d961f71f6fc2b17ab57ee450b5fd0831ad946e38c05d,merkle,audit_schema_fidelity_ms,2.180
size-scaling-k75-c300-n10000000-f32-k75-c300-fanout_f32_l16-merkle-r8,f2c7308f86f520461e87d961f71f6fc2b17ab57ee450b5fd0831ad946e38c05d,merkle,merkle_total_ms,66400.569
size-scaling-k75-c300-n10000000-f32-k75-c300-fanout_f32_l16-merkle-r9,f2c7308f86f520461e87d961f71f6fc2b17ab57ee450b5fd0831ad946e38c05d,merkle,tree_localisation_ms,105.563
size-scaling-k75-c300-n10000000-f32-k75-c300-fanout_f32_l16-merkle-r9,f2c7308f86f520461e87d961f71f6fc2b17ab57ee450b5fd0831ad946e38c05d,merkle,candidate_row_fetch_ms,7.757
size-scaling-k75-c300-n10000000-f32-k75-c300-fanout_f32_l16-merkle-r9,f2c7308f86f520461e87d961f71f6fc2b17ab57ee450b5fd0831ad946e38c05d,merkle,row_comparison_ms,0.220
size-scaling-k75-c300-n10000000-f32-k75-c300-fanout_f32_l16-merkle-r9,f2c7308f86f520461e87d961f71f6fc2b17ab57ee450b5fd0831ad946e38c05d,merkle,repair_sql_building_ms,0.227
size-scaling-k75-c300-n10000000-f32-k75-c300-fanout_f32_l16-merkle-r9,f2c7308f86f520461e87d961f71f6fc2b17ab57ee450b5fd0831ad946e38c05d,merkle,repair_dml_wire_ms,7.192
size-scaling-k75-c300-n10000000-f32-k75-c300-fanout_f32_l16-merkle-r9,f2c7308f86f520461e87d961f71f6fc2b17ab57ee450b5fd0831ad946e38c05d,merkle,repair_commit_wire_ms,6.509
size-scaling-k75-c300-n10000000-f32-k75-c300-fanout_f32_l16-merkle-r9,f2c7308f86f520461e87d961f71f6fc2b17ab57ee450b5fd0831ad946e38c05d,merkle,repair_begin_wire_ms,0.054
size-scaling-k75-c300-n10000000-f32-k75-c300-fanout_f32_l16-merkle-r9,f2c7308f86f520461e87d961f71f6fc2b17ab57ee450b5fd0831ad946e38c05d,merkle,repair_transaction_block_ms,14.005
size-scaling-k75-c300-n10000000-f32-k75-c300-fanout_f32_l16-merkle-r9,f2c7308f86f520461e87d961f71f6fc2b17ab57ee450b5fd0831ad946e38c05d,merkle,repair_write_ms,14.007
size-scaling-k75-c300-n10000000-f32-k75-c300-fanout_f32_l16-merkle-r9,f2c7308f86f520461e87d961f71f6fc2b17ab57ee450b5fd0831ad946e38c05d,merkle,targeted_post_repair_confirmation_ms,1.667
size-scaling-k75-c300-n10000000-f32-k75-c300-fanout_f32_l16-merkle-r9,f2c7308f86f520461e87d961f71f6fc2b17ab57ee450b5fd0831ad946e38c05d,merkle,recovery_observability_ms,0.001
size-scaling-k75-c300-n10000000-f32-k75-c300-fanout_f32_l16-merkle-r9,f2c7308f86f520461e87d961f71f6fc2b17ab57ee450b5fd0831ad946e38c05d,merkle,recovery_orchestration_ms,1.366
size-scaling-k75-c300-n10000000-f32-k75-c300-fanout_f32_l16-merkle-r9,f2c7308f86f520461e87d961f71f6fc2b17ab57ee450b5fd0831ad946e38c05d,merkle,audit_exact_table_compare_ms,35564.754
size-scaling-k75-c300-n10000000-f32-k75-c300-fanout_f32_l16-merkle-r9,f2c7308f86f520461e87d961f71f6fc2b17ab57ee450b5fd0831ad946e38c05d,merkle,audit_merkle_root_hash_ms,1.252
size-scaling-k75-c300-n10000000-f32-k75-c300-fanout_f32_l16-merkle-r9,f2c7308f86f520461e87d961f71f6fc2b17ab57ee450b5fd0831ad946e38c05d,merkle,audit_merkle_verify_ms,30751.757
size-scaling-k75-c300-n10000000-f32-k75-c300-fanout_f32_l16-merkle-r9,f2c7308f86f520461e87d961f71f6fc2b17ab57ee450b5fd0831ad946e38c05d,merkle,audit_schema_fidelity_ms,2.148
size-scaling-k75-c300-n10000000-f32-k75-c300-fanout_f32_l16-merkle-r9,f2c7308f86f520461e87d961f71f6fc2b17ab57ee450b5fd0831ad946e38c05d,merkle,merkle_total_ms,66461.791
size-scaling-k75-c300-n50000000-f32-k75-c300-fanout_f32_l16-merkle-r0,7c4c52f1226c6c45d7f21ec5f540205a1b7e9dcac0f887b1f8992d4a6b0be68c,merkle,tree_localisation_ms,91.231
size-scaling-k75-c300-n50000000-f32-k75-c300-fanout_f32_l16-merkle-r0,7c4c52f1226c6c45d7f21ec5f540205a1b7e9dcac0f887b1f8992d4a6b0be68c,merkle,candidate_row_fetch_ms,10.317
size-scaling-k75-c300-n50000000-f32-k75-c300-fanout_f32_l16-merkle-r0,7c4c52f1226c6c45d7f21ec5f540205a1b7e9dcac0f887b1f8992d4a6b0be68c,merkle,row_comparison_ms,0.355
size-scaling-k75-c300-n50000000-f32-k75-c300-fanout_f32_l16-merkle-r0,7c4c52f1226c6c45d7f21ec5f540205a1b7e9dcac0f887b1f8992d4a6b0be68c,merkle,repair_sql_building_ms,0.232
size-scaling-k75-c300-n50000000-f32-k75-c300-fanout_f32_l16-merkle-r0,7c4c52f1226c6c45d7f21ec5f540205a1b7e9dcac0f887b1f8992d4a6b0be68c,merkle,repair_dml_wire_ms,7.595
size-scaling-k75-c300-n50000000-f32-k75-c300-fanout_f32_l16-merkle-r0,7c4c52f1226c6c45d7f21ec5f540205a1b7e9dcac0f887b1f8992d4a6b0be68c,merkle,repair_commit_wire_ms,6.272
size-scaling-k75-c300-n50000000-f32-k75-c300-fanout_f32_l16-merkle-r0,7c4c52f1226c6c45d7f21ec5f540205a1b7e9dcac0f887b1f8992d4a6b0be68c,merkle,repair_begin_wire_ms,0.056
size-scaling-k75-c300-n50000000-f32-k75-c300-fanout_f32_l16-merkle-r0,7c4c52f1226c6c45d7f21ec5f540205a1b7e9dcac0f887b1f8992d4a6b0be68c,merkle,repair_transaction_block_ms,14.182
size-scaling-k75-c300-n50000000-f32-k75-c300-fanout_f32_l16-merkle-r0,7c4c52f1226c6c45d7f21ec5f540205a1b7e9dcac0f887b1f8992d4a6b0be68c,merkle,repair_write_ms,14.184
size-scaling-k75-c300-n50000000-f32-k75-c300-fanout_f32_l16-merkle-r0,7c4c52f1226c6c45d7f21ec5f540205a1b7e9dcac0f887b1f8992d4a6b0be68c,merkle,targeted_post_repair_confirmation_ms,1.598
size-scaling-k75-c300-n50000000-f32-k75-c300-fanout_f32_l16-merkle-r0,7c4c52f1226c6c45d7f21ec5f540205a1b7e9dcac0f887b1f8992d4a6b0be68c,merkle,recovery_observability_ms,0.000
size-scaling-k75-c300-n50000000-f32-k75-c300-fanout_f32_l16-merkle-r0,7c4c52f1226c6c45d7f21ec5f540205a1b7e9dcac0f887b1f8992d4a6b0be68c,merkle,recovery_orchestration_ms,1.047
size-scaling-k75-c300-n50000000-f32-k75-c300-fanout_f32_l16-merkle-r0,7c4c52f1226c6c45d7f21ec5f540205a1b7e9dcac0f887b1f8992d4a6b0be68c,merkle,audit_exact_table_compare_ms,174056.385
size-scaling-k75-c300-n50000000-f32-k75-c300-fanout_f32_l16-merkle-r0,7c4c52f1226c6c45d7f21ec5f540205a1b7e9dcac0f887b1f8992d4a6b0be68c,merkle,audit_merkle_root_hash_ms,1.288
size-scaling-k75-c300-n50000000-f32-k75-c300-fanout_f32_l16-merkle-r0,7c4c52f1226c6c45d7f21ec5f540205a1b7e9dcac0f887b1f8992d4a6b0be68c,merkle,audit_merkle_verify_ms,153780.109
size-scaling-k75-c300-n50000000-f32-k75-c300-fanout_f32_l16-merkle-r0,7c4c52f1226c6c45d7f21ec5f540205a1b7e9dcac0f887b1f8992d4a6b0be68c,merkle,audit_schema_fidelity_ms,2.159
size-scaling-k75-c300-n50000000-f32-k75-c300-fanout_f32_l16-merkle-r0,7c4c52f1226c6c45d7f21ec5f540205a1b7e9dcac0f887b1f8992d4a6b0be68c,merkle,merkle_total_ms,327970.404
size-scaling-k75-c300-n50000000-f32-k75-c300-fanout_f32_l16-merkle-r1,7c4c52f1226c6c45d7f21ec5f540205a1b7e9dcac0f887b1f8992d4a6b0be68c,merkle,tree_localisation_ms,106.261
size-scaling-k75-c300-n50000000-f32-k75-c300-fanout_f32_l16-merkle-r1,7c4c52f1226c6c45d7f21ec5f540205a1b7e9dcac0f887b1f8992d4a6b0be68c,merkle,candidate_row_fetch_ms,10.330
size-scaling-k75-c300-n50000000-f32-k75-c300-fanout_f32_l16-merkle-r1,7c4c52f1226c6c45d7f21ec5f540205a1b7e9dcac0f887b1f8992d4a6b0be68c,merkle,row_comparison_ms,0.348
size-scaling-k75-c300-n50000000-f32-k75-c300-fanout_f32_l16-merkle-r1,7c4c52f1226c6c45d7f21ec5f540205a1b7e9dcac0f887b1f8992d4a6b0be68c,merkle,repair_sql_building_ms,0.229
size-scaling-k75-c300-n50000000-f32-k75-c300-fanout_f32_l16-merkle-r1,7c4c52f1226c6c45d7f21ec5f540205a1b7e9dcac0f887b1f8992d4a6b0be68c,merkle,repair_dml_wire_ms,7.276
size-scaling-k75-c300-n50000000-f32-k75-c300-fanout_f32_l16-merkle-r1,7c4c52f1226c6c45d7f21ec5f540205a1b7e9dcac0f887b1f8992d4a6b0be68c,merkle,repair_commit_wire_ms,6.053
size-scaling-k75-c300-n50000000-f32-k75-c300-fanout_f32_l16-merkle-r1,7c4c52f1226c6c45d7f21ec5f540205a1b7e9dcac0f887b1f8992d4a6b0be68c,merkle,repair_begin_wire_ms,0.055
size-scaling-k75-c300-n50000000-f32-k75-c300-fanout_f32_l16-merkle-r1,7c4c52f1226c6c45d7f21ec5f540205a1b7e9dcac0f887b1f8992d4a6b0be68c,merkle,repair_transaction_block_ms,13.637
size-scaling-k75-c300-n50000000-f32-k75-c300-fanout_f32_l16-merkle-r1,7c4c52f1226c6c45d7f21ec5f540205a1b7e9dcac0f887b1f8992d4a6b0be68c,merkle,repair_write_ms,13.639
size-scaling-k75-c300-n50000000-f32-k75-c300-fanout_f32_l16-merkle-r1,7c4c52f1226c6c45d7f21ec5f540205a1b7e9dcac0f887b1f8992d4a6b0be68c,merkle,targeted_post_repair_confirmation_ms,1.596
size-scaling-k75-c300-n50000000-f32-k75-c300-fanout_f32_l16-merkle-r1,7c4c52f1226c6c45d7f21ec5f540205a1b7e9dcac0f887b1f8992d4a6b0be68c,merkle,recovery_observability_ms,0.001
size-scaling-k75-c300-n50000000-f32-k75-c300-fanout_f32_l16-merkle-r1,7c4c52f1226c6c45d7f21ec5f540205a1b7e9dcac0f887b1f8992d4a6b0be68c,merkle,recovery_orchestration_ms,1.386
size-scaling-k75-c300-n50000000-f32-k75-c300-fanout_f32_l16-merkle-r1,7c4c52f1226c6c45d7f21ec5f540205a1b7e9dcac0f887b1f8992d4a6b0be68c,merkle,audit_exact_table_compare_ms,174314.800
size-scaling-k75-c300-n50000000-f32-k75-c300-fanout_f32_l16-merkle-r1,7c4c52f1226c6c45d7f21ec5f540205a1b7e9dcac0f887b1f8992d4a6b0be68c,merkle,audit_merkle_root_hash_ms,1.224
size-scaling-k75-c300-n50000000-f32-k75-c300-fanout_f32_l16-merkle-r1,7c4c52f1226c6c45d7f21ec5f540205a1b7e9dcac0f887b1f8992d4a6b0be68c,merkle,audit_merkle_verify_ms,153304.662
size-scaling-k75-c300-n50000000-f32-k75-c300-fanout_f32_l16-merkle-r1,7c4c52f1226c6c45d7f21ec5f540205a1b7e9dcac0f887b1f8992d4a6b0be68c,merkle,audit_schema_fidelity_ms,2.169
size-scaling-k75-c300-n50000000-f32-k75-c300-fanout_f32_l16-merkle-r1,7c4c52f1226c6c45d7f21ec5f540205a1b7e9dcac0f887b1f8992d4a6b0be68c,merkle,merkle_total_ms,327767.752
size-scaling-k75-c300-n50000000-f32-k75-c300-fanout_f32_l16-merkle-r2,7c4c52f1226c6c45d7f21ec5f540205a1b7e9dcac0f887b1f8992d4a6b0be68c,merkle,tree_localisation_ms,131.251
size-scaling-k75-c300-n50000000-f32-k75-c300-fanout_f32_l16-merkle-r2,7c4c52f1226c6c45d7f21ec5f540205a1b7e9dcac0f887b1f8992d4a6b0be68c,merkle,candidate_row_fetch_ms,10.443
size-scaling-k75-c300-n50000000-f32-k75-c300-fanout_f32_l16-merkle-r2,7c4c52f1226c6c45d7f21ec5f540205a1b7e9dcac0f887b1f8992d4a6b0be68c,merkle,row_comparison_ms,0.347
size-scaling-k75-c300-n50000000-f32-k75-c300-fanout_f32_l16-merkle-r2,7c4c52f1226c6c45d7f21ec5f540205a1b7e9dcac0f887b1f8992d4a6b0be68c,merkle,repair_sql_building_ms,0.242
size-scaling-k75-c300-n50000000-f32-k75-c300-fanout_f32_l16-merkle-r2,7c4c52f1226c6c45d7f21ec5f540205a1b7e9dcac0f887b1f8992d4a6b0be68c,merkle,repair_dml_wire_ms,13.255
size-scaling-k75-c300-n50000000-f32-k75-c300-fanout_f32_l16-merkle-r2,7c4c52f1226c6c45d7f21ec5f540205a1b7e9dcac0f887b1f8992d4a6b0be68c,merkle,repair_commit_wire_ms,13.276
size-scaling-k75-c300-n50000000-f32-k75-c300-fanout_f32_l16-merkle-r2,7c4c52f1226c6c45d7f21ec5f540205a1b7e9dcac0f887b1f8992d4a6b0be68c,merkle,repair_begin_wire_ms,0.060
size-scaling-k75-c300-n50000000-f32-k75-c300-fanout_f32_l16-merkle-r2,7c4c52f1226c6c45d7f21ec5f540205a1b7e9dcac0f887b1f8992d4a6b0be68c,merkle,repair_transaction_block_ms,26.858
size-scaling-k75-c300-n50000000-f32-k75-c300-fanout_f32_l16-merkle-r2,7c4c52f1226c6c45d7f21ec5f540205a1b7e9dcac0f887b1f8992d4a6b0be68c,merkle,repair_write_ms,26.860
size-scaling-k75-c300-n50000000-f32-k75-c300-fanout_f32_l16-merkle-r2,7c4c52f1226c6c45d7f21ec5f540205a1b7e9dcac0f887b1f8992d4a6b0be68c,merkle,targeted_post_repair_confirmation_ms,1.709
size-scaling-k75-c300-n50000000-f32-k75-c300-fanout_f32_l16-merkle-r2,7c4c52f1226c6c45d7f21ec5f540205a1b7e9dcac0f887b1f8992d4a6b0be68c,merkle,recovery_observability_ms,0.000
size-scaling-k75-c300-n50000000-f32-k75-c300-fanout_f32_l16-merkle-r2,7c4c52f1226c6c45d7f21ec5f540205a1b7e9dcac0f887b1f8992d4a6b0be68c,merkle,recovery_orchestration_ms,1.609
size-scaling-k75-c300-n50000000-f32-k75-c300-fanout_f32_l16-merkle-r2,7c4c52f1226c6c45d7f21ec5f540205a1b7e9dcac0f887b1f8992d4a6b0be68c,merkle,audit_exact_table_compare_ms,173987.586
size-scaling-k75-c300-n50000000-f32-k75-c300-fanout_f32_l16-merkle-r2,7c4c52f1226c6c45d7f21ec5f540205a1b7e9dcac0f887b1f8992d4a6b0be68c,merkle,audit_merkle_root_hash_ms,1.207
size-scaling-k75-c300-n50000000-f32-k75-c300-fanout_f32_l16-merkle-r2,7c4c52f1226c6c45d7f21ec5f540205a1b7e9dcac0f887b1f8992d4a6b0be68c,merkle,audit_merkle_verify_ms,152789.060
size-scaling-k75-c300-n50000000-f32-k75-c300-fanout_f32_l16-merkle-r2,7c4c52f1226c6c45d7f21ec5f540205a1b7e9dcac0f887b1f8992d4a6b0be68c,merkle,audit_schema_fidelity_ms,2.143
size-scaling-k75-c300-n50000000-f32-k75-c300-fanout_f32_l16-merkle-r2,7c4c52f1226c6c45d7f21ec5f540205a1b7e9dcac0f887b1f8992d4a6b0be68c,merkle,merkle_total_ms,326963.600
size-scaling-k75-c300-n50000000-f32-k75-c300-fanout_f32_l16-merkle-r3,7c4c52f1226c6c45d7f21ec5f540205a1b7e9dcac0f887b1f8992d4a6b0be68c,merkle,tree_localisation_ms,139.990
size-scaling-k75-c300-n50000000-f32-k75-c300-fanout_f32_l16-merkle-r3,7c4c52f1226c6c45d7f21ec5f540205a1b7e9dcac0f887b1f8992d4a6b0be68c,merkle,candidate_row_fetch_ms,15.241
size-scaling-k75-c300-n50000000-f32-k75-c300-fanout_f32_l16-merkle-r3,7c4c52f1226c6c45d7f21ec5f540205a1b7e9dcac0f887b1f8992d4a6b0be68c,merkle,row_comparison_ms,0.691
size-scaling-k75-c300-n50000000-f32-k75-c300-fanout_f32_l16-merkle-r3,7c4c52f1226c6c45d7f21ec5f540205a1b7e9dcac0f887b1f8992d4a6b0be68c,merkle,repair_sql_building_ms,0.459
size-scaling-k75-c300-n50000000-f32-k75-c300-fanout_f32_l16-merkle-r3,7c4c52f1226c6c45d7f21ec5f540205a1b7e9dcac0f887b1f8992d4a6b0be68c,merkle,repair_dml_wire_ms,13.986
size-scaling-k75-c300-n50000000-f32-k75-c300-fanout_f32_l16-merkle-r3,7c4c52f1226c6c45d7f21ec5f540205a1b7e9dcac0f887b1f8992d4a6b0be68c,merkle,repair_commit_wire_ms,16.457
size-scaling-k75-c300-n50000000-f32-k75-c300-fanout_f32_l16-merkle-r3,7c4c52f1226c6c45d7f21ec5f540205a1b7e9dcac0f887b1f8992d4a6b0be68c,merkle,repair_begin_wire_ms,0.128
size-scaling-k75-c300-n50000000-f32-k75-c300-fanout_f32_l16-merkle-r3,7c4c52f1226c6c45d7f21ec5f540205a1b7e9dcac0f887b1f8992d4a6b0be68c,merkle,repair_transaction_block_ms,31.075
size-scaling-k75-c300-n50000000-f32-k75-c300-fanout_f32_l16-merkle-r3,7c4c52f1226c6c45d7f21ec5f540205a1b7e9dcac0f887b1f8992d4a6b0be68c,merkle,repair_write_ms,31.078
size-scaling-k75-c300-n50000000-f32-k75-c300-fanout_f32_l16-merkle-r3,7c4c52f1226c6c45d7f21ec5f540205a1b7e9dcac0f887b1f8992d4a6b0be68c,merkle,targeted_post_repair_confirmation_ms,3.001
size-scaling-k75-c300-n50000000-f32-k75-c300-fanout_f32_l16-merkle-r3,7c4c52f1226c6c45d7f21ec5f540205a1b7e9dcac0f887b1f8992d4a6b0be68c,merkle,recovery_observability_ms,0.001
size-scaling-k75-c300-n50000000-f32-k75-c300-fanout_f32_l16-merkle-r3,7c4c52f1226c6c45d7f21ec5f540205a1b7e9dcac0f887b1f8992d4a6b0be68c,merkle,recovery_orchestration_ms,2.120
size-scaling-k75-c300-n50000000-f32-k75-c300-fanout_f32_l16-merkle-r3,7c4c52f1226c6c45d7f21ec5f540205a1b7e9dcac0f887b1f8992d4a6b0be68c,merkle,audit_exact_table_compare_ms,174336.152
size-scaling-k75-c300-n50000000-f32-k75-c300-fanout_f32_l16-merkle-r3,7c4c52f1226c6c45d7f21ec5f540205a1b7e9dcac0f887b1f8992d4a6b0be68c,merkle,audit_merkle_root_hash_ms,1.223
size-scaling-k75-c300-n50000000-f32-k75-c300-fanout_f32_l16-merkle-r3,7c4c52f1226c6c45d7f21ec5f540205a1b7e9dcac0f887b1f8992d4a6b0be68c,merkle,audit_merkle_verify_ms,153772.990
size-scaling-k75-c300-n50000000-f32-k75-c300-fanout_f32_l16-merkle-r3,7c4c52f1226c6c45d7f21ec5f540205a1b7e9dcac0f887b1f8992d4a6b0be68c,merkle,audit_schema_fidelity_ms,2.178
size-scaling-k75-c300-n50000000-f32-k75-c300-fanout_f32_l16-merkle-r3,7c4c52f1226c6c45d7f21ec5f540205a1b7e9dcac0f887b1f8992d4a6b0be68c,merkle,merkle_total_ms,328316.308
size-scaling-k75-c300-n50000000-f32-k75-c300-fanout_f32_l16-merkle-r4,7c4c52f1226c6c45d7f21ec5f540205a1b7e9dcac0f887b1f8992d4a6b0be68c,merkle,tree_localisation_ms,103.844
size-scaling-k75-c300-n50000000-f32-k75-c300-fanout_f32_l16-merkle-r4,7c4c52f1226c6c45d7f21ec5f540205a1b7e9dcac0f887b1f8992d4a6b0be68c,merkle,candidate_row_fetch_ms,10.636
size-scaling-k75-c300-n50000000-f32-k75-c300-fanout_f32_l16-merkle-r4,7c4c52f1226c6c45d7f21ec5f540205a1b7e9dcac0f887b1f8992d4a6b0be68c,merkle,row_comparison_ms,0.342
size-scaling-k75-c300-n50000000-f32-k75-c300-fanout_f32_l16-merkle-r4,7c4c52f1226c6c45d7f21ec5f540205a1b7e9dcac0f887b1f8992d4a6b0be68c,merkle,repair_sql_building_ms,0.222
size-scaling-k75-c300-n50000000-f32-k75-c300-fanout_f32_l16-merkle-r4,7c4c52f1226c6c45d7f21ec5f540205a1b7e9dcac0f887b1f8992d4a6b0be68c,merkle,repair_dml_wire_ms,7.300
size-scaling-k75-c300-n50000000-f32-k75-c300-fanout_f32_l16-merkle-r4,7c4c52f1226c6c45d7f21ec5f540205a1b7e9dcac0f887b1f8992d4a6b0be68c,merkle,repair_commit_wire_ms,6.012
size-scaling-k75-c300-n50000000-f32-k75-c300-fanout_f32_l16-merkle-r4,7c4c52f1226c6c45d7f21ec5f540205a1b7e9dcac0f887b1f8992d4a6b0be68c,merkle,repair_begin_wire_ms,0.055
size-scaling-k75-c300-n50000000-f32-k75-c300-fanout_f32_l16-merkle-r4,7c4c52f1226c6c45d7f21ec5f540205a1b7e9dcac0f887b1f8992d4a6b0be68c,merkle,repair_transaction_block_ms,13.614
size-scaling-k75-c300-n50000000-f32-k75-c300-fanout_f32_l16-merkle-r4,7c4c52f1226c6c45d7f21ec5f540205a1b7e9dcac0f887b1f8992d4a6b0be68c,merkle,repair_write_ms,13.621
size-scaling-k75-c300-n50000000-f32-k75-c300-fanout_f32_l16-merkle-r4,7c4c52f1226c6c45d7f21ec5f540205a1b7e9dcac0f887b1f8992d4a6b0be68c,merkle,targeted_post_repair_confirmation_ms,1.613
size-scaling-k75-c300-n50000000-f32-k75-c300-fanout_f32_l16-merkle-r4,7c4c52f1226c6c45d7f21ec5f540205a1b7e9dcac0f887b1f8992d4a6b0be68c,merkle,recovery_observability_ms,0.001
size-scaling-k75-c300-n50000000-f32-k75-c300-fanout_f32_l16-merkle-r4,7c4c52f1226c6c45d7f21ec5f540205a1b7e9dcac0f887b1f8992d4a6b0be68c,merkle,recovery_orchestration_ms,1.417
size-scaling-k75-c300-n50000000-f32-k75-c300-fanout_f32_l16-merkle-r4,7c4c52f1226c6c45d7f21ec5f540205a1b7e9dcac0f887b1f8992d4a6b0be68c,merkle,audit_exact_table_compare_ms,174162.113
size-scaling-k75-c300-n50000000-f32-k75-c300-fanout_f32_l16-merkle-r4,7c4c52f1226c6c45d7f21ec5f540205a1b7e9dcac0f887b1f8992d4a6b0be68c,merkle,audit_merkle_root_hash_ms,1.219
size-scaling-k75-c300-n50000000-f32-k75-c300-fanout_f32_l16-merkle-r4,7c4c52f1226c6c45d7f21ec5f540205a1b7e9dcac0f887b1f8992d4a6b0be68c,merkle,audit_merkle_verify_ms,153478.004
size-scaling-k75-c300-n50000000-f32-k75-c300-fanout_f32_l16-merkle-r4,7c4c52f1226c6c45d7f21ec5f540205a1b7e9dcac0f887b1f8992d4a6b0be68c,merkle,audit_schema_fidelity_ms,2.184
size-scaling-k75-c300-n50000000-f32-k75-c300-fanout_f32_l16-merkle-r4,7c4c52f1226c6c45d7f21ec5f540205a1b7e9dcac0f887b1f8992d4a6b0be68c,merkle,merkle_total_ms,327786.315
size-scaling-k75-c300-n50000000-f32-k75-c300-fanout_f32_l16-merkle-r5,7c4c52f1226c6c45d7f21ec5f540205a1b7e9dcac0f887b1f8992d4a6b0be68c,merkle,tree_localisation_ms,175.053
size-scaling-k75-c300-n50000000-f32-k75-c300-fanout_f32_l16-merkle-r5,7c4c52f1226c6c45d7f21ec5f540205a1b7e9dcac0f887b1f8992d4a6b0be68c,merkle,candidate_row_fetch_ms,21.753
size-scaling-k75-c300-n50000000-f32-k75-c300-fanout_f32_l16-merkle-r5,7c4c52f1226c6c45d7f21ec5f540205a1b7e9dcac0f887b1f8992d4a6b0be68c,merkle,row_comparison_ms,0.919
size-scaling-k75-c300-n50000000-f32-k75-c300-fanout_f32_l16-merkle-r5,7c4c52f1226c6c45d7f21ec5f540205a1b7e9dcac0f887b1f8992d4a6b0be68c,merkle,repair_sql_building_ms,0.536
size-scaling-k75-c300-n50000000-f32-k75-c300-fanout_f32_l16-merkle-r5,7c4c52f1226c6c45d7f21ec5f540205a1b7e9dcac0f887b1f8992d4a6b0be68c,merkle,repair_dml_wire_ms,16.605
size-scaling-k75-c300-n50000000-f32-k75-c300-fanout_f32_l16-merkle-r5,7c4c52f1226c6c45d7f21ec5f540205a1b7e9dcac0f887b1f8992d4a6b0be68c,merkle,repair_commit_wire_ms,20.230
size-scaling-k75-c300-n50000000-f32-k75-c300-fanout_f32_l16-merkle-r5,7c4c52f1226c6c45d7f21ec5f540205a1b7e9dcac0f887b1f8992d4a6b0be68c,merkle,repair_begin_wire_ms,0.116
size-scaling-k75-c300-n50000000-f32-k75-c300-fanout_f32_l16-merkle-r5,7c4c52f1226c6c45d7f21ec5f540205a1b7e9dcac0f887b1f8992d4a6b0be68c,merkle,repair_transaction_block_ms,37.537
size-scaling-k75-c300-n50000000-f32-k75-c300-fanout_f32_l16-merkle-r5,7c4c52f1226c6c45d7f21ec5f540205a1b7e9dcac0f887b1f8992d4a6b0be68c,merkle,repair_write_ms,37.542
size-scaling-k75-c300-n50000000-f32-k75-c300-fanout_f32_l16-merkle-r5,7c4c52f1226c6c45d7f21ec5f540205a1b7e9dcac0f887b1f8992d4a6b0be68c,merkle,targeted_post_repair_confirmation_ms,3.729
size-scaling-k75-c300-n50000000-f32-k75-c300-fanout_f32_l16-merkle-r5,7c4c52f1226c6c45d7f21ec5f540205a1b7e9dcac0f887b1f8992d4a6b0be68c,merkle,recovery_observability_ms,0.002
size-scaling-k75-c300-n50000000-f32-k75-c300-fanout_f32_l16-merkle-r5,7c4c52f1226c6c45d7f21ec5f540205a1b7e9dcac0f887b1f8992d4a6b0be68c,merkle,recovery_orchestration_ms,2.384
size-scaling-k75-c300-n50000000-f32-k75-c300-fanout_f32_l16-merkle-r5,7c4c52f1226c6c45d7f21ec5f540205a1b7e9dcac0f887b1f8992d4a6b0be68c,merkle,audit_exact_table_compare_ms,174037.352
size-scaling-k75-c300-n50000000-f32-k75-c300-fanout_f32_l16-merkle-r5,7c4c52f1226c6c45d7f21ec5f540205a1b7e9dcac0f887b1f8992d4a6b0be68c,merkle,audit_merkle_root_hash_ms,1.199
size-scaling-k75-c300-n50000000-f32-k75-c300-fanout_f32_l16-merkle-r5,7c4c52f1226c6c45d7f21ec5f540205a1b7e9dcac0f887b1f8992d4a6b0be68c,merkle,audit_merkle_verify_ms,153799.422
size-scaling-k75-c300-n50000000-f32-k75-c300-fanout_f32_l16-merkle-r5,7c4c52f1226c6c45d7f21ec5f540205a1b7e9dcac0f887b1f8992d4a6b0be68c,merkle,audit_schema_fidelity_ms,2.178
size-scaling-k75-c300-n50000000-f32-k75-c300-fanout_f32_l16-merkle-r5,7c4c52f1226c6c45d7f21ec5f540205a1b7e9dcac0f887b1f8992d4a6b0be68c,merkle,merkle_total_ms,328093.529
size-scaling-k75-c300-n50000000-f32-k75-c300-fanout_f32_l16-merkle-r6,7c4c52f1226c6c45d7f21ec5f540205a1b7e9dcac0f887b1f8992d4a6b0be68c,merkle,tree_localisation_ms,132.860
size-scaling-k75-c300-n50000000-f32-k75-c300-fanout_f32_l16-merkle-r6,7c4c52f1226c6c45d7f21ec5f540205a1b7e9dcac0f887b1f8992d4a6b0be68c,merkle,candidate_row_fetch_ms,11.046
size-scaling-k75-c300-n50000000-f32-k75-c300-fanout_f32_l16-merkle-r6,7c4c52f1226c6c45d7f21ec5f540205a1b7e9dcac0f887b1f8992d4a6b0be68c,merkle,row_comparison_ms,0.354
size-scaling-k75-c300-n50000000-f32-k75-c300-fanout_f32_l16-merkle-r6,7c4c52f1226c6c45d7f21ec5f540205a1b7e9dcac0f887b1f8992d4a6b0be68c,merkle,repair_sql_building_ms,0.228
size-scaling-k75-c300-n50000000-f32-k75-c300-fanout_f32_l16-merkle-r6,7c4c52f1226c6c45d7f21ec5f540205a1b7e9dcac0f887b1f8992d4a6b0be68c,merkle,repair_dml_wire_ms,7.297
size-scaling-k75-c300-n50000000-f32-k75-c300-fanout_f32_l16-merkle-r6,7c4c52f1226c6c45d7f21ec5f540205a1b7e9dcac0f887b1f8992d4a6b0be68c,merkle,repair_commit_wire_ms,5.545
size-scaling-k75-c300-n50000000-f32-k75-c300-fanout_f32_l16-merkle-r6,7c4c52f1226c6c45d7f21ec5f540205a1b7e9dcac0f887b1f8992d4a6b0be68c,merkle,repair_begin_wire_ms,0.057
size-scaling-k75-c300-n50000000-f32-k75-c300-fanout_f32_l16-merkle-r6,7c4c52f1226c6c45d7f21ec5f540205a1b7e9dcac0f887b1f8992d4a6b0be68c,merkle,repair_transaction_block_ms,13.151
size-scaling-k75-c300-n50000000-f32-k75-c300-fanout_f32_l16-merkle-r6,7c4c52f1226c6c45d7f21ec5f540205a1b7e9dcac0f887b1f8992d4a6b0be68c,merkle,repair_write_ms,13.153
size-scaling-k75-c300-n50000000-f32-k75-c300-fanout_f32_l16-merkle-r6,7c4c52f1226c6c45d7f21ec5f540205a1b7e9dcac0f887b1f8992d4a6b0be68c,merkle,targeted_post_repair_confirmation_ms,1.598
size-scaling-k75-c300-n50000000-f32-k75-c300-fanout_f32_l16-merkle-r6,7c4c52f1226c6c45d7f21ec5f540205a1b7e9dcac0f887b1f8992d4a6b0be68c,merkle,recovery_observability_ms,0.001
size-scaling-k75-c300-n50000000-f32-k75-c300-fanout_f32_l16-merkle-r6,7c4c52f1226c6c45d7f21ec5f540205a1b7e9dcac0f887b1f8992d4a6b0be68c,merkle,recovery_orchestration_ms,1.633
size-scaling-k75-c300-n50000000-f32-k75-c300-fanout_f32_l16-merkle-r6,7c4c52f1226c6c45d7f21ec5f540205a1b7e9dcac0f887b1f8992d4a6b0be68c,merkle,audit_exact_table_compare_ms,173884.157
size-scaling-k75-c300-n50000000-f32-k75-c300-fanout_f32_l16-merkle-r6,7c4c52f1226c6c45d7f21ec5f540205a1b7e9dcac0f887b1f8992d4a6b0be68c,merkle,audit_merkle_root_hash_ms,1.201
size-scaling-k75-c300-n50000000-f32-k75-c300-fanout_f32_l16-merkle-r6,7c4c52f1226c6c45d7f21ec5f540205a1b7e9dcac0f887b1f8992d4a6b0be68c,merkle,audit_merkle_verify_ms,153710.171
size-scaling-k75-c300-n50000000-f32-k75-c300-fanout_f32_l16-merkle-r6,7c4c52f1226c6c45d7f21ec5f540205a1b7e9dcac0f887b1f8992d4a6b0be68c,merkle,audit_schema_fidelity_ms,2.148
size-scaling-k75-c300-n50000000-f32-k75-c300-fanout_f32_l16-merkle-r6,7c4c52f1226c6c45d7f21ec5f540205a1b7e9dcac0f887b1f8992d4a6b0be68c,merkle,merkle_total_ms,327769.557
size-scaling-k75-c300-n50000000-f32-k75-c300-fanout_f32_l16-merkle-r7,7c4c52f1226c6c45d7f21ec5f540205a1b7e9dcac0f887b1f8992d4a6b0be68c,merkle,tree_localisation_ms,116.169
size-scaling-k75-c300-n50000000-f32-k75-c300-fanout_f32_l16-merkle-r7,7c4c52f1226c6c45d7f21ec5f540205a1b7e9dcac0f887b1f8992d4a6b0be68c,merkle,candidate_row_fetch_ms,10.936
size-scaling-k75-c300-n50000000-f32-k75-c300-fanout_f32_l16-merkle-r7,7c4c52f1226c6c45d7f21ec5f540205a1b7e9dcac0f887b1f8992d4a6b0be68c,merkle,row_comparison_ms,0.353
size-scaling-k75-c300-n50000000-f32-k75-c300-fanout_f32_l16-merkle-r7,7c4c52f1226c6c45d7f21ec5f540205a1b7e9dcac0f887b1f8992d4a6b0be68c,merkle,repair_sql_building_ms,0.232
size-scaling-k75-c300-n50000000-f32-k75-c300-fanout_f32_l16-merkle-r7,7c4c52f1226c6c45d7f21ec5f540205a1b7e9dcac0f887b1f8992d4a6b0be68c,merkle,repair_dml_wire_ms,7.333
size-scaling-k75-c300-n50000000-f32-k75-c300-fanout_f32_l16-merkle-r7,7c4c52f1226c6c45d7f21ec5f540205a1b7e9dcac0f887b1f8992d4a6b0be68c,merkle,repair_commit_wire_ms,6.040
size-scaling-k75-c300-n50000000-f32-k75-c300-fanout_f32_l16-merkle-r7,7c4c52f1226c6c45d7f21ec5f540205a1b7e9dcac0f887b1f8992d4a6b0be68c,merkle,repair_begin_wire_ms,0.057
size-scaling-k75-c300-n50000000-f32-k75-c300-fanout_f32_l16-merkle-r7,7c4c52f1226c6c45d7f21ec5f540205a1b7e9dcac0f887b1f8992d4a6b0be68c,merkle,repair_transaction_block_ms,13.688
size-scaling-k75-c300-n50000000-f32-k75-c300-fanout_f32_l16-merkle-r7,7c4c52f1226c6c45d7f21ec5f540205a1b7e9dcac0f887b1f8992d4a6b0be68c,merkle,repair_write_ms,13.689
size-scaling-k75-c300-n50000000-f32-k75-c300-fanout_f32_l16-merkle-r7,7c4c52f1226c6c45d7f21ec5f540205a1b7e9dcac0f887b1f8992d4a6b0be68c,merkle,targeted_post_repair_confirmation_ms,1.610
size-scaling-k75-c300-n50000000-f32-k75-c300-fanout_f32_l16-merkle-r7,7c4c52f1226c6c45d7f21ec5f540205a1b7e9dcac0f887b1f8992d4a6b0be68c,merkle,recovery_observability_ms,0.001
size-scaling-k75-c300-n50000000-f32-k75-c300-fanout_f32_l16-merkle-r7,7c4c52f1226c6c45d7f21ec5f540205a1b7e9dcac0f887b1f8992d4a6b0be68c,merkle,recovery_orchestration_ms,1.402
size-scaling-k75-c300-n50000000-f32-k75-c300-fanout_f32_l16-merkle-r7,7c4c52f1226c6c45d7f21ec5f540205a1b7e9dcac0f887b1f8992d4a6b0be68c,merkle,audit_exact_table_compare_ms,174353.208
size-scaling-k75-c300-n50000000-f32-k75-c300-fanout_f32_l16-merkle-r7,7c4c52f1226c6c45d7f21ec5f540205a1b7e9dcac0f887b1f8992d4a6b0be68c,merkle,audit_merkle_root_hash_ms,1.260
size-scaling-k75-c300-n50000000-f32-k75-c300-fanout_f32_l16-merkle-r7,7c4c52f1226c6c45d7f21ec5f540205a1b7e9dcac0f887b1f8992d4a6b0be68c,merkle,audit_merkle_verify_ms,153677.052
size-scaling-k75-c300-n50000000-f32-k75-c300-fanout_f32_l16-merkle-r7,7c4c52f1226c6c45d7f21ec5f540205a1b7e9dcac0f887b1f8992d4a6b0be68c,merkle,audit_schema_fidelity_ms,2.057
size-scaling-k75-c300-n50000000-f32-k75-c300-fanout_f32_l16-merkle-r7,7c4c52f1226c6c45d7f21ec5f540205a1b7e9dcac0f887b1f8992d4a6b0be68c,merkle,merkle_total_ms,328188.968
size-scaling-k75-c300-n50000000-f32-k75-c300-fanout_f32_l16-merkle-r8,7c4c52f1226c6c45d7f21ec5f540205a1b7e9dcac0f887b1f8992d4a6b0be68c,merkle,tree_localisation_ms,126.606
size-scaling-k75-c300-n50000000-f32-k75-c300-fanout_f32_l16-merkle-r8,7c4c52f1226c6c45d7f21ec5f540205a1b7e9dcac0f887b1f8992d4a6b0be68c,merkle,candidate_row_fetch_ms,10.989
size-scaling-k75-c300-n50000000-f32-k75-c300-fanout_f32_l16-merkle-r8,7c4c52f1226c6c45d7f21ec5f540205a1b7e9dcac0f887b1f8992d4a6b0be68c,merkle,row_comparison_ms,0.351
size-scaling-k75-c300-n50000000-f32-k75-c300-fanout_f32_l16-merkle-r8,7c4c52f1226c6c45d7f21ec5f540205a1b7e9dcac0f887b1f8992d4a6b0be68c,merkle,repair_sql_building_ms,0.225
size-scaling-k75-c300-n50000000-f32-k75-c300-fanout_f32_l16-merkle-r8,7c4c52f1226c6c45d7f21ec5f540205a1b7e9dcac0f887b1f8992d4a6b0be68c,merkle,repair_dml_wire_ms,7.642
size-scaling-k75-c300-n50000000-f32-k75-c300-fanout_f32_l16-merkle-r8,7c4c52f1226c6c45d7f21ec5f540205a1b7e9dcac0f887b1f8992d4a6b0be68c,merkle,repair_commit_wire_ms,12.843
size-scaling-k75-c300-n50000000-f32-k75-c300-fanout_f32_l16-merkle-r8,7c4c52f1226c6c45d7f21ec5f540205a1b7e9dcac0f887b1f8992d4a6b0be68c,merkle,repair_begin_wire_ms,0.055
size-scaling-k75-c300-n50000000-f32-k75-c300-fanout_f32_l16-merkle-r8,7c4c52f1226c6c45d7f21ec5f540205a1b7e9dcac0f887b1f8992d4a6b0be68c,merkle,repair_transaction_block_ms,20.789
size-scaling-k75-c300-n50000000-f32-k75-c300-fanout_f32_l16-merkle-r8,7c4c52f1226c6c45d7f21ec5f540205a1b7e9dcac0f887b1f8992d4a6b0be68c,merkle,repair_write_ms,20.791
size-scaling-k75-c300-n50000000-f32-k75-c300-fanout_f32_l16-merkle-r8,7c4c52f1226c6c45d7f21ec5f540205a1b7e9dcac0f887b1f8992d4a6b0be68c,merkle,targeted_post_repair_confirmation_ms,1.647
size-scaling-k75-c300-n50000000-f32-k75-c300-fanout_f32_l16-merkle-r8,7c4c52f1226c6c45d7f21ec5f540205a1b7e9dcac0f887b1f8992d4a6b0be68c,merkle,recovery_observability_ms,0.001
size-scaling-k75-c300-n50000000-f32-k75-c300-fanout_f32_l16-merkle-r8,7c4c52f1226c6c45d7f21ec5f540205a1b7e9dcac0f887b1f8992d4a6b0be68c,merkle,recovery_orchestration_ms,1.590
size-scaling-k75-c300-n50000000-f32-k75-c300-fanout_f32_l16-merkle-r8,7c4c52f1226c6c45d7f21ec5f540205a1b7e9dcac0f887b1f8992d4a6b0be68c,merkle,audit_exact_table_compare_ms,173921.375
size-scaling-k75-c300-n50000000-f32-k75-c300-fanout_f32_l16-merkle-r8,7c4c52f1226c6c45d7f21ec5f540205a1b7e9dcac0f887b1f8992d4a6b0be68c,merkle,audit_merkle_root_hash_ms,1.210
size-scaling-k75-c300-n50000000-f32-k75-c300-fanout_f32_l16-merkle-r8,7c4c52f1226c6c45d7f21ec5f540205a1b7e9dcac0f887b1f8992d4a6b0be68c,merkle,audit_merkle_verify_ms,153825.716
size-scaling-k75-c300-n50000000-f32-k75-c300-fanout_f32_l16-merkle-r8,7c4c52f1226c6c45d7f21ec5f540205a1b7e9dcac0f887b1f8992d4a6b0be68c,merkle,audit_schema_fidelity_ms,2.130
size-scaling-k75-c300-n50000000-f32-k75-c300-fanout_f32_l16-merkle-r8,7c4c52f1226c6c45d7f21ec5f540205a1b7e9dcac0f887b1f8992d4a6b0be68c,merkle,merkle_total_ms,327923.771
size-scaling-k75-c300-n50000000-f32-k75-c300-fanout_f32_l16-merkle-r9,7c4c52f1226c6c45d7f21ec5f540205a1b7e9dcac0f887b1f8992d4a6b0be68c,merkle,tree_localisation_ms,113.532
size-scaling-k75-c300-n50000000-f32-k75-c300-fanout_f32_l16-merkle-r9,7c4c52f1226c6c45d7f21ec5f540205a1b7e9dcac0f887b1f8992d4a6b0be68c,merkle,candidate_row_fetch_ms,11.090
size-scaling-k75-c300-n50000000-f32-k75-c300-fanout_f32_l16-merkle-r9,7c4c52f1226c6c45d7f21ec5f540205a1b7e9dcac0f887b1f8992d4a6b0be68c,merkle,row_comparison_ms,0.349
size-scaling-k75-c300-n50000000-f32-k75-c300-fanout_f32_l16-merkle-r9,7c4c52f1226c6c45d7f21ec5f540205a1b7e9dcac0f887b1f8992d4a6b0be68c,merkle,repair_sql_building_ms,0.227
size-scaling-k75-c300-n50000000-f32-k75-c300-fanout_f32_l16-merkle-r9,7c4c52f1226c6c45d7f21ec5f540205a1b7e9dcac0f887b1f8992d4a6b0be68c,merkle,repair_dml_wire_ms,7.289
size-scaling-k75-c300-n50000000-f32-k75-c300-fanout_f32_l16-merkle-r9,7c4c52f1226c6c45d7f21ec5f540205a1b7e9dcac0f887b1f8992d4a6b0be68c,merkle,repair_commit_wire_ms,5.599
size-scaling-k75-c300-n50000000-f32-k75-c300-fanout_f32_l16-merkle-r9,7c4c52f1226c6c45d7f21ec5f540205a1b7e9dcac0f887b1f8992d4a6b0be68c,merkle,repair_begin_wire_ms,0.057
size-scaling-k75-c300-n50000000-f32-k75-c300-fanout_f32_l16-merkle-r9,7c4c52f1226c6c45d7f21ec5f540205a1b7e9dcac0f887b1f8992d4a6b0be68c,merkle,repair_transaction_block_ms,13.196
size-scaling-k75-c300-n50000000-f32-k75-c300-fanout_f32_l16-merkle-r9,7c4c52f1226c6c45d7f21ec5f540205a1b7e9dcac0f887b1f8992d4a6b0be68c,merkle,repair_write_ms,13.198
size-scaling-k75-c300-n50000000-f32-k75-c300-fanout_f32_l16-merkle-r9,7c4c52f1226c6c45d7f21ec5f540205a1b7e9dcac0f887b1f8992d4a6b0be68c,merkle,targeted_post_repair_confirmation_ms,1.580
size-scaling-k75-c300-n50000000-f32-k75-c300-fanout_f32_l16-merkle-r9,7c4c52f1226c6c45d7f21ec5f540205a1b7e9dcac0f887b1f8992d4a6b0be68c,merkle,recovery_observability_ms,0.001
size-scaling-k75-c300-n50000000-f32-k75-c300-fanout_f32_l16-merkle-r9,7c4c52f1226c6c45d7f21ec5f540205a1b7e9dcac0f887b1f8992d4a6b0be68c,merkle,recovery_orchestration_ms,1.391
size-scaling-k75-c300-n50000000-f32-k75-c300-fanout_f32_l16-merkle-r9,7c4c52f1226c6c45d7f21ec5f540205a1b7e9dcac0f887b1f8992d4a6b0be68c,merkle,audit_exact_table_compare_ms,173870.336
size-scaling-k75-c300-n50000000-f32-k75-c300-fanout_f32_l16-merkle-r9,7c4c52f1226c6c45d7f21ec5f540205a1b7e9dcac0f887b1f8992d4a6b0be68c,merkle,audit_merkle_root_hash_ms,1.211
size-scaling-k75-c300-n50000000-f32-k75-c300-fanout_f32_l16-merkle-r9,7c4c52f1226c6c45d7f21ec5f540205a1b7e9dcac0f887b1f8992d4a6b0be68c,merkle,audit_merkle_verify_ms,153371.995
size-scaling-k75-c300-n50000000-f32-k75-c300-fanout_f32_l16-merkle-r9,7c4c52f1226c6c45d7f21ec5f540205a1b7e9dcac0f887b1f8992d4a6b0be68c,merkle,audit_schema_fidelity_ms,2.157
size-scaling-k75-c300-n50000000-f32-k75-c300-fanout_f32_l16-merkle-r9,7c4c52f1226c6c45d7f21ec5f540205a1b7e9dcac0f887b1f8992d4a6b0be68c,merkle,merkle_total_ms,327398.174
size-scaling-k75-c300-n40000000-f32-k75-c300-fanout_f32_l16-merkle-r0,e8f626e8691ffdd9f64f96a096fc22ca0b6ed4c761e7e9aef8764ce39086a819,merkle,tree_localisation_ms,189.233
size-scaling-k75-c300-n40000000-f32-k75-c300-fanout_f32_l16-merkle-r0,e8f626e8691ffdd9f64f96a096fc22ca0b6ed4c761e7e9aef8764ce39086a819,merkle,candidate_row_fetch_ms,20.339
size-scaling-k75-c300-n40000000-f32-k75-c300-fanout_f32_l16-merkle-r0,e8f626e8691ffdd9f64f96a096fc22ca0b6ed4c761e7e9aef8764ce39086a819,merkle,row_comparison_ms,0.810
size-scaling-k75-c300-n40000000-f32-k75-c300-fanout_f32_l16-merkle-r0,e8f626e8691ffdd9f64f96a096fc22ca0b6ed4c761e7e9aef8764ce39086a819,merkle,repair_sql_building_ms,0.601
size-scaling-k75-c300-n40000000-f32-k75-c300-fanout_f32_l16-merkle-r0,e8f626e8691ffdd9f64f96a096fc22ca0b6ed4c761e7e9aef8764ce39086a819,merkle,repair_dml_wire_ms,28.393
size-scaling-k75-c300-n40000000-f32-k75-c300-fanout_f32_l16-merkle-r0,e8f626e8691ffdd9f64f96a096fc22ca0b6ed4c761e7e9aef8764ce39086a819,merkle,repair_commit_wire_ms,11.594
size-scaling-k75-c300-n40000000-f32-k75-c300-fanout_f32_l16-merkle-r0,e8f626e8691ffdd9f64f96a096fc22ca0b6ed4c761e7e9aef8764ce39086a819,merkle,repair_begin_wire_ms,0.120
size-scaling-k75-c300-n40000000-f32-k75-c300-fanout_f32_l16-merkle-r0,e8f626e8691ffdd9f64f96a096fc22ca0b6ed4c761e7e9aef8764ce39086a819,merkle,repair_transaction_block_ms,40.764
size-scaling-k75-c300-n40000000-f32-k75-c300-fanout_f32_l16-merkle-r0,e8f626e8691ffdd9f64f96a096fc22ca0b6ed4c761e7e9aef8764ce39086a819,merkle,repair_write_ms,40.768
size-scaling-k75-c300-n40000000-f32-k75-c300-fanout_f32_l16-merkle-r0,e8f626e8691ffdd9f64f96a096fc22ca0b6ed4c761e7e9aef8764ce39086a819,merkle,targeted_post_repair_confirmation_ms,3.663
size-scaling-k75-c300-n40000000-f32-k75-c300-fanout_f32_l16-merkle-r0,e8f626e8691ffdd9f64f96a096fc22ca0b6ed4c761e7e9aef8764ce39086a819,merkle,recovery_observability_ms,0.001
size-scaling-k75-c300-n40000000-f32-k75-c300-fanout_f32_l16-merkle-r0,e8f626e8691ffdd9f64f96a096fc22ca0b6ed4c761e7e9aef8764ce39086a819,merkle,recovery_orchestration_ms,2.639
size-scaling-k75-c300-n40000000-f32-k75-c300-fanout_f32_l16-merkle-r0,e8f626e8691ffdd9f64f96a096fc22ca0b6ed4c761e7e9aef8764ce39086a819,merkle,audit_exact_table_compare_ms,146401.246
size-scaling-k75-c300-n40000000-f32-k75-c300-fanout_f32_l16-merkle-r0,e8f626e8691ffdd9f64f96a096fc22ca0b6ed4c761e7e9aef8764ce39086a819,merkle,audit_merkle_root_hash_ms,1.380
size-scaling-k75-c300-n40000000-f32-k75-c300-fanout_f32_l16-merkle-r0,e8f626e8691ffdd9f64f96a096fc22ca0b6ed4c761e7e9aef8764ce39086a819,merkle,audit_merkle_verify_ms,125119.006
size-scaling-k75-c300-n40000000-f32-k75-c300-fanout_f32_l16-merkle-r0,e8f626e8691ffdd9f64f96a096fc22ca0b6ed4c761e7e9aef8764ce39086a819,merkle,audit_schema_fidelity_ms,2.165
size-scaling-k75-c300-n40000000-f32-k75-c300-fanout_f32_l16-merkle-r0,e8f626e8691ffdd9f64f96a096fc22ca0b6ed4c761e7e9aef8764ce39086a819,merkle,merkle_total_ms,271793.576
size-scaling-k75-c300-n40000000-f32-k75-c300-fanout_f32_l16-merkle-r1,e8f626e8691ffdd9f64f96a096fc22ca0b6ed4c761e7e9aef8764ce39086a819,merkle,tree_localisation_ms,111.555
size-scaling-k75-c300-n40000000-f32-k75-c300-fanout_f32_l16-merkle-r1,e8f626e8691ffdd9f64f96a096fc22ca0b6ed4c761e7e9aef8764ce39086a819,merkle,candidate_row_fetch_ms,9.596
size-scaling-k75-c300-n40000000-f32-k75-c300-fanout_f32_l16-merkle-r1,e8f626e8691ffdd9f64f96a096fc22ca0b6ed4c761e7e9aef8764ce39086a819,merkle,row_comparison_ms,0.311
size-scaling-k75-c300-n40000000-f32-k75-c300-fanout_f32_l16-merkle-r1,e8f626e8691ffdd9f64f96a096fc22ca0b6ed4c761e7e9aef8764ce39086a819,merkle,repair_sql_building_ms,0.224
size-scaling-k75-c300-n40000000-f32-k75-c300-fanout_f32_l16-merkle-r1,e8f626e8691ffdd9f64f96a096fc22ca0b6ed4c761e7e9aef8764ce39086a819,merkle,repair_dml_wire_ms,7.309
size-scaling-k75-c300-n40000000-f32-k75-c300-fanout_f32_l16-merkle-r1,e8f626e8691ffdd9f64f96a096fc22ca0b6ed4c761e7e9aef8764ce39086a819,merkle,repair_commit_wire_ms,6.616
size-scaling-k75-c300-n40000000-f32-k75-c300-fanout_f32_l16-merkle-r1,e8f626e8691ffdd9f64f96a096fc22ca0b6ed4c761e7e9aef8764ce39086a819,merkle,repair_begin_wire_ms,0.055
size-scaling-k75-c300-n40000000-f32-k75-c300-fanout_f32_l16-merkle-r1,e8f626e8691ffdd9f64f96a096fc22ca0b6ed4c761e7e9aef8764ce39086a819,merkle,repair_transaction_block_ms,14.229
size-scaling-k75-c300-n40000000-f32-k75-c300-fanout_f32_l16-merkle-r1,e8f626e8691ffdd9f64f96a096fc22ca0b6ed4c761e7e9aef8764ce39086a819,merkle,repair_write_ms,14.231
size-scaling-k75-c300-n40000000-f32-k75-c300-fanout_f32_l16-merkle-r1,e8f626e8691ffdd9f64f96a096fc22ca0b6ed4c761e7e9aef8764ce39086a819,merkle,targeted_post_repair_confirmation_ms,1.698
size-scaling-k75-c300-n40000000-f32-k75-c300-fanout_f32_l16-merkle-r1,e8f626e8691ffdd9f64f96a096fc22ca0b6ed4c761e7e9aef8764ce39086a819,merkle,recovery_observability_ms,0.001
size-scaling-k75-c300-n40000000-f32-k75-c300-fanout_f32_l16-merkle-r1,e8f626e8691ffdd9f64f96a096fc22ca0b6ed4c761e7e9aef8764ce39086a819,merkle,recovery_orchestration_ms,1.401
size-scaling-k75-c300-n40000000-f32-k75-c300-fanout_f32_l16-merkle-r1,e8f626e8691ffdd9f64f96a096fc22ca0b6ed4c761e7e9aef8764ce39086a819,merkle,audit_exact_table_compare_ms,142316.096
size-scaling-k75-c300-n40000000-f32-k75-c300-fanout_f32_l16-merkle-r1,e8f626e8691ffdd9f64f96a096fc22ca0b6ed4c761e7e9aef8764ce39086a819,merkle,audit_merkle_root_hash_ms,1.367
size-scaling-k75-c300-n40000000-f32-k75-c300-fanout_f32_l16-merkle-r1,e8f626e8691ffdd9f64f96a096fc22ca0b6ed4c761e7e9aef8764ce39086a819,merkle,audit_merkle_verify_ms,122986.150
size-scaling-k75-c300-n40000000-f32-k75-c300-fanout_f32_l16-merkle-r1,e8f626e8691ffdd9f64f96a096fc22ca0b6ed4c761e7e9aef8764ce39086a819,merkle,audit_schema_fidelity_ms,2.181
size-scaling-k75-c300-n40000000-f32-k75-c300-fanout_f32_l16-merkle-r1,e8f626e8691ffdd9f64f96a096fc22ca0b6ed4c761e7e9aef8764ce39086a819,merkle,merkle_total_ms,265455.902
size-scaling-k75-c300-n40000000-f32-k75-c300-fanout_f32_l16-merkle-r2,e8f626e8691ffdd9f64f96a096fc22ca0b6ed4c761e7e9aef8764ce39086a819,merkle,tree_localisation_ms,112.864
size-scaling-k75-c300-n40000000-f32-k75-c300-fanout_f32_l16-merkle-r2,e8f626e8691ffdd9f64f96a096fc22ca0b6ed4c761e7e9aef8764ce39086a819,merkle,candidate_row_fetch_ms,9.657
size-scaling-k75-c300-n40000000-f32-k75-c300-fanout_f32_l16-merkle-r2,e8f626e8691ffdd9f64f96a096fc22ca0b6ed4c761e7e9aef8764ce39086a819,merkle,row_comparison_ms,0.306
size-scaling-k75-c300-n40000000-f32-k75-c300-fanout_f32_l16-merkle-r2,e8f626e8691ffdd9f64f96a096fc22ca0b6ed4c761e7e9aef8764ce39086a819,merkle,repair_sql_building_ms,0.225
size-scaling-k75-c300-n40000000-f32-k75-c300-fanout_f32_l16-merkle-r2,e8f626e8691ffdd9f64f96a096fc22ca0b6ed4c761e7e9aef8764ce39086a819,merkle,repair_dml_wire_ms,7.360
size-scaling-k75-c300-n40000000-f32-k75-c300-fanout_f32_l16-merkle-r2,e8f626e8691ffdd9f64f96a096fc22ca0b6ed4c761e7e9aef8764ce39086a819,merkle,repair_commit_wire_ms,6.474
size-scaling-k75-c300-n40000000-f32-k75-c300-fanout_f32_l16-merkle-r2,e8f626e8691ffdd9f64f96a096fc22ca0b6ed4c761e7e9aef8764ce39086a819,merkle,repair_begin_wire_ms,0.055
size-scaling-k75-c300-n40000000-f32-k75-c300-fanout_f32_l16-merkle-r2,e8f626e8691ffdd9f64f96a096fc22ca0b6ed4c761e7e9aef8764ce39086a819,merkle,repair_transaction_block_ms,14.138
size-scaling-k75-c300-n40000000-f32-k75-c300-fanout_f32_l16-merkle-r2,e8f626e8691ffdd9f64f96a096fc22ca0b6ed4c761e7e9aef8764ce39086a819,merkle,repair_write_ms,14.140
size-scaling-k75-c300-n40000000-f32-k75-c300-fanout_f32_l16-merkle-r2,e8f626e8691ffdd9f64f96a096fc22ca0b6ed4c761e7e9aef8764ce39086a819,merkle,targeted_post_repair_confirmation_ms,1.722
size-scaling-k75-c300-n40000000-f32-k75-c300-fanout_f32_l16-merkle-r2,e8f626e8691ffdd9f64f96a096fc22ca0b6ed4c761e7e9aef8764ce39086a819,merkle,recovery_observability_ms,0.001
size-scaling-k75-c300-n40000000-f32-k75-c300-fanout_f32_l16-merkle-r2,e8f626e8691ffdd9f64f96a096fc22ca0b6ed4c761e7e9aef8764ce39086a819,merkle,recovery_orchestration_ms,1.388
size-scaling-k75-c300-n40000000-f32-k75-c300-fanout_f32_l16-merkle-r2,e8f626e8691ffdd9f64f96a096fc22ca0b6ed4c761e7e9aef8764ce39086a819,merkle,audit_exact_table_compare_ms,140927.161
size-scaling-k75-c300-n40000000-f32-k75-c300-fanout_f32_l16-merkle-r2,e8f626e8691ffdd9f64f96a096fc22ca0b6ed4c761e7e9aef8764ce39086a819,merkle,audit_merkle_root_hash_ms,1.435
size-scaling-k75-c300-n40000000-f32-k75-c300-fanout_f32_l16-merkle-r2,e8f626e8691ffdd9f64f96a096fc22ca0b6ed4c761e7e9aef8764ce39086a819,merkle,audit_merkle_verify_ms,124563.238
size-scaling-k75-c300-n40000000-f32-k75-c300-fanout_f32_l16-merkle-r2,e8f626e8691ffdd9f64f96a096fc22ca0b6ed4c761e7e9aef8764ce39086a819,merkle,audit_schema_fidelity_ms,2.173
size-scaling-k75-c300-n40000000-f32-k75-c300-fanout_f32_l16-merkle-r2,e8f626e8691ffdd9f64f96a096fc22ca0b6ed4c761e7e9aef8764ce39086a819,merkle,merkle_total_ms,265645.435
size-scaling-k75-c300-n40000000-f32-k75-c300-fanout_f32_l16-merkle-r3,e8f626e8691ffdd9f64f96a096fc22ca0b6ed4c761e7e9aef8764ce39086a819,merkle,tree_localisation_ms,115.623
size-scaling-k75-c300-n40000000-f32-k75-c300-fanout_f32_l16-merkle-r3,e8f626e8691ffdd9f64f96a096fc22ca0b6ed4c761e7e9aef8764ce39086a819,merkle,candidate_row_fetch_ms,9.610
size-scaling-k75-c300-n40000000-f32-k75-c300-fanout_f32_l16-merkle-r3,e8f626e8691ffdd9f64f96a096fc22ca0b6ed4c761e7e9aef8764ce39086a819,merkle,row_comparison_ms,0.314
size-scaling-k75-c300-n40000000-f32-k75-c300-fanout_f32_l16-merkle-r3,e8f626e8691ffdd9f64f96a096fc22ca0b6ed4c761e7e9aef8764ce39086a819,merkle,repair_sql_building_ms,0.224
size-scaling-k75-c300-n40000000-f32-k75-c300-fanout_f32_l16-merkle-r3,e8f626e8691ffdd9f64f96a096fc22ca0b6ed4c761e7e9aef8764ce39086a819,merkle,repair_dml_wire_ms,7.415
size-scaling-k75-c300-n40000000-f32-k75-c300-fanout_f32_l16-merkle-r3,e8f626e8691ffdd9f64f96a096fc22ca0b6ed4c761e7e9aef8764ce39086a819,merkle,repair_commit_wire_ms,6.684
size-scaling-k75-c300-n40000000-f32-k75-c300-fanout_f32_l16-merkle-r3,e8f626e8691ffdd9f64f96a096fc22ca0b6ed4c761e7e9aef8764ce39086a819,merkle,repair_begin_wire_ms,0.055
size-scaling-k75-c300-n40000000-f32-k75-c300-fanout_f32_l16-merkle-r3,e8f626e8691ffdd9f64f96a096fc22ca0b6ed4c761e7e9aef8764ce39086a819,merkle,repair_transaction_block_ms,14.404
size-scaling-k75-c300-n40000000-f32-k75-c300-fanout_f32_l16-merkle-r3,e8f626e8691ffdd9f64f96a096fc22ca0b6ed4c761e7e9aef8764ce39086a819,merkle,repair_write_ms,14.406
size-scaling-k75-c300-n40000000-f32-k75-c300-fanout_f32_l16-merkle-r3,e8f626e8691ffdd9f64f96a096fc22ca0b6ed4c761e7e9aef8764ce39086a819,merkle,targeted_post_repair_confirmation_ms,1.730
size-scaling-k75-c300-n40000000-f32-k75-c300-fanout_f32_l16-merkle-r3,e8f626e8691ffdd9f64f96a096fc22ca0b6ed4c761e7e9aef8764ce39086a819,merkle,recovery_observability_ms,0.001
size-scaling-k75-c300-n40000000-f32-k75-c300-fanout_f32_l16-merkle-r3,e8f626e8691ffdd9f64f96a096fc22ca0b6ed4c761e7e9aef8764ce39086a819,merkle,recovery_orchestration_ms,1.387
size-scaling-k75-c300-n40000000-f32-k75-c300-fanout_f32_l16-merkle-r3,e8f626e8691ffdd9f64f96a096fc22ca0b6ed4c761e7e9aef8764ce39086a819,merkle,audit_exact_table_compare_ms,140460.095
size-scaling-k75-c300-n40000000-f32-k75-c300-fanout_f32_l16-merkle-r3,e8f626e8691ffdd9f64f96a096fc22ca0b6ed4c761e7e9aef8764ce39086a819,merkle,audit_merkle_root_hash_ms,1.334
size-scaling-k75-c300-n40000000-f32-k75-c300-fanout_f32_l16-merkle-r3,e8f626e8691ffdd9f64f96a096fc22ca0b6ed4c761e7e9aef8764ce39086a819,merkle,audit_merkle_verify_ms,122762.281
size-scaling-k75-c300-n40000000-f32-k75-c300-fanout_f32_l16-merkle-r3,e8f626e8691ffdd9f64f96a096fc22ca0b6ed4c761e7e9aef8764ce39086a819,merkle,audit_schema_fidelity_ms,2.174
size-scaling-k75-c300-n40000000-f32-k75-c300-fanout_f32_l16-merkle-r3,e8f626e8691ffdd9f64f96a096fc22ca0b6ed4c761e7e9aef8764ce39086a819,merkle,merkle_total_ms,263380.284
size-scaling-k75-c300-n40000000-f32-k75-c300-fanout_f32_l16-merkle-r4,e8f626e8691ffdd9f64f96a096fc22ca0b6ed4c761e7e9aef8764ce39086a819,merkle,tree_localisation_ms,113.599
size-scaling-k75-c300-n40000000-f32-k75-c300-fanout_f32_l16-merkle-r4,e8f626e8691ffdd9f64f96a096fc22ca0b6ed4c761e7e9aef8764ce39086a819,merkle,candidate_row_fetch_ms,9.732
size-scaling-k75-c300-n40000000-f32-k75-c300-fanout_f32_l16-merkle-r4,e8f626e8691ffdd9f64f96a096fc22ca0b6ed4c761e7e9aef8764ce39086a819,merkle,row_comparison_ms,0.303
size-scaling-k75-c300-n40000000-f32-k75-c300-fanout_f32_l16-merkle-r4,e8f626e8691ffdd9f64f96a096fc22ca0b6ed4c761e7e9aef8764ce39086a819,merkle,repair_sql_building_ms,0.228
size-scaling-k75-c300-n40000000-f32-k75-c300-fanout_f32_l16-merkle-r4,e8f626e8691ffdd9f64f96a096fc22ca0b6ed4c761e7e9aef8764ce39086a819,merkle,repair_dml_wire_ms,7.315
size-scaling-k75-c300-n40000000-f32-k75-c300-fanout_f32_l16-merkle-r4,e8f626e8691ffdd9f64f96a096fc22ca0b6ed4c761e7e9aef8764ce39086a819,merkle,repair_commit_wire_ms,6.656
size-scaling-k75-c300-n40000000-f32-k75-c300-fanout_f32_l16-merkle-r4,e8f626e8691ffdd9f64f96a096fc22ca0b6ed4c761e7e9aef8764ce39086a819,merkle,repair_begin_wire_ms,0.054
size-scaling-k75-c300-n40000000-f32-k75-c300-fanout_f32_l16-merkle-r4,e8f626e8691ffdd9f64f96a096fc22ca0b6ed4c761e7e9aef8764ce39086a819,merkle,repair_transaction_block_ms,14.277
size-scaling-k75-c300-n40000000-f32-k75-c300-fanout_f32_l16-merkle-r4,e8f626e8691ffdd9f64f96a096fc22ca0b6ed4c761e7e9aef8764ce39086a819,merkle,repair_write_ms,14.279
size-scaling-k75-c300-n40000000-f32-k75-c300-fanout_f32_l16-merkle-r4,e8f626e8691ffdd9f64f96a096fc22ca0b6ed4c761e7e9aef8764ce39086a819,merkle,targeted_post_repair_confirmation_ms,1.706
size-scaling-k75-c300-n40000000-f32-k75-c300-fanout_f32_l16-merkle-r4,e8f626e8691ffdd9f64f96a096fc22ca0b6ed4c761e7e9aef8764ce39086a819,merkle,recovery_observability_ms,0.001
size-scaling-k75-c300-n40000000-f32-k75-c300-fanout_f32_l16-merkle-r4,e8f626e8691ffdd9f64f96a096fc22ca0b6ed4c761e7e9aef8764ce39086a819,merkle,recovery_orchestration_ms,1.399
size-scaling-k75-c300-n40000000-f32-k75-c300-fanout_f32_l16-merkle-r4,e8f626e8691ffdd9f64f96a096fc22ca0b6ed4c761e7e9aef8764ce39086a819,merkle,audit_exact_table_compare_ms,141353.706
size-scaling-k75-c300-n40000000-f32-k75-c300-fanout_f32_l16-merkle-r4,e8f626e8691ffdd9f64f96a096fc22ca0b6ed4c761e7e9aef8764ce39086a819,merkle,audit_merkle_root_hash_ms,1.252
size-scaling-k75-c300-n40000000-f32-k75-c300-fanout_f32_l16-merkle-r4,e8f626e8691ffdd9f64f96a096fc22ca0b6ed4c761e7e9aef8764ce39086a819,merkle,audit_merkle_verify_ms,123164.872
size-scaling-k75-c300-n40000000-f32-k75-c300-fanout_f32_l16-merkle-r4,e8f626e8691ffdd9f64f96a096fc22ca0b6ed4c761e7e9aef8764ce39086a819,merkle,audit_schema_fidelity_ms,2.041
size-scaling-k75-c300-n40000000-f32-k75-c300-fanout_f32_l16-merkle-r4,e8f626e8691ffdd9f64f96a096fc22ca0b6ed4c761e7e9aef8764ce39086a819,merkle,merkle_total_ms,264674.105
size-scaling-k75-c300-n40000000-f32-k75-c300-fanout_f32_l16-merkle-r5,e8f626e8691ffdd9f64f96a096fc22ca0b6ed4c761e7e9aef8764ce39086a819,merkle,tree_localisation_ms,146.842
size-scaling-k75-c300-n40000000-f32-k75-c300-fanout_f32_l16-merkle-r5,e8f626e8691ffdd9f64f96a096fc22ca0b6ed4c761e7e9aef8764ce39086a819,merkle,candidate_row_fetch_ms,13.866
size-scaling-k75-c300-n40000000-f32-k75-c300-fanout_f32_l16-merkle-r5,e8f626e8691ffdd9f64f96a096fc22ca0b6ed4c761e7e9aef8764ce39086a819,merkle,row_comparison_ms,0.592
size-scaling-k75-c300-n40000000-f32-k75-c300-fanout_f32_l16-merkle-r5,e8f626e8691ffdd9f64f96a096fc22ca0b6ed4c761e7e9aef8764ce39086a819,merkle,repair_sql_building_ms,0.441
size-scaling-k75-c300-n40000000-f32-k75-c300-fanout_f32_l16-merkle-r5,e8f626e8691ffdd9f64f96a096fc22ca0b6ed4c761e7e9aef8764ce39086a819,merkle,repair_dml_wire_ms,13.784
size-scaling-k75-c300-n40000000-f32-k75-c300-fanout_f32_l16-merkle-r5,e8f626e8691ffdd9f64f96a096fc22ca0b6ed4c761e7e9aef8764ce39086a819,merkle,repair_commit_wire_ms,19.404
size-scaling-k75-c300-n40000000-f32-k75-c300-fanout_f32_l16-merkle-r5,e8f626e8691ffdd9f64f96a096fc22ca0b6ed4c761e7e9aef8764ce39086a819,merkle,repair_begin_wire_ms,0.090
size-scaling-k75-c300-n40000000-f32-k75-c300-fanout_f32_l16-merkle-r5,e8f626e8691ffdd9f64f96a096fc22ca0b6ed4c761e7e9aef8764ce39086a819,merkle,repair_transaction_block_ms,33.766
size-scaling-k75-c300-n40000000-f32-k75-c300-fanout_f32_l16-merkle-r5,e8f626e8691ffdd9f64f96a096fc22ca0b6ed4c761e7e9aef8764ce39086a819,merkle,repair_write_ms,33.770
size-scaling-k75-c300-n40000000-f32-k75-c300-fanout_f32_l16-merkle-r5,e8f626e8691ffdd9f64f96a096fc22ca0b6ed4c761e7e9aef8764ce39086a819,merkle,targeted_post_repair_confirmation_ms,3.144
size-scaling-k75-c300-n40000000-f32-k75-c300-fanout_f32_l16-merkle-r5,e8f626e8691ffdd9f64f96a096fc22ca0b6ed4c761e7e9aef8764ce39086a819,merkle,recovery_observability_ms,0.001
size-scaling-k75-c300-n40000000-f32-k75-c300-fanout_f32_l16-merkle-r5,e8f626e8691ffdd9f64f96a096fc22ca0b6ed4c761e7e9aef8764ce39086a819,merkle,recovery_orchestration_ms,1.999
size-scaling-k75-c300-n40000000-f32-k75-c300-fanout_f32_l16-merkle-r5,e8f626e8691ffdd9f64f96a096fc22ca0b6ed4c761e7e9aef8764ce39086a819,merkle,audit_exact_table_compare_ms,140146.175
size-scaling-k75-c300-n40000000-f32-k75-c300-fanout_f32_l16-merkle-r5,e8f626e8691ffdd9f64f96a096fc22ca0b6ed4c761e7e9aef8764ce39086a819,merkle,audit_merkle_root_hash_ms,1.350
size-scaling-k75-c300-n40000000-f32-k75-c300-fanout_f32_l16-merkle-r5,e8f626e8691ffdd9f64f96a096fc22ca0b6ed4c761e7e9aef8764ce39086a819,merkle,audit_merkle_verify_ms,122784.259
size-scaling-k75-c300-n40000000-f32-k75-c300-fanout_f32_l16-merkle-r5,e8f626e8691ffdd9f64f96a096fc22ca0b6ed4c761e7e9aef8764ce39086a819,merkle,audit_schema_fidelity_ms,2.191
size-scaling-k75-c300-n40000000-f32-k75-c300-fanout_f32_l16-merkle-r5,e8f626e8691ffdd9f64f96a096fc22ca0b6ed4c761e7e9aef8764ce39086a819,merkle,merkle_total_ms,263145.962
size-scaling-k75-c300-n40000000-f32-k75-c300-fanout_f32_l16-merkle-r6,e8f626e8691ffdd9f64f96a096fc22ca0b6ed4c761e7e9aef8764ce39086a819,merkle,tree_localisation_ms,113.176
size-scaling-k75-c300-n40000000-f32-k75-c300-fanout_f32_l16-merkle-r6,e8f626e8691ffdd9f64f96a096fc22ca0b6ed4c761e7e9aef8764ce39086a819,merkle,candidate_row_fetch_ms,9.843
size-scaling-k75-c300-n40000000-f32-k75-c300-fanout_f32_l16-merkle-r6,e8f626e8691ffdd9f64f96a096fc22ca0b6ed4c761e7e9aef8764ce39086a819,merkle,row_comparison_ms,0.312
size-scaling-k75-c300-n40000000-f32-k75-c300-fanout_f32_l16-merkle-r6,e8f626e8691ffdd9f64f96a096fc22ca0b6ed4c761e7e9aef8764ce39086a819,merkle,repair_sql_building_ms,0.222
size-scaling-k75-c300-n40000000-f32-k75-c300-fanout_f32_l16-merkle-r6,e8f626e8691ffdd9f64f96a096fc22ca0b6ed4c761e7e9aef8764ce39086a819,merkle,repair_dml_wire_ms,7.316
size-scaling-k75-c300-n40000000-f32-k75-c300-fanout_f32_l16-merkle-r6,e8f626e8691ffdd9f64f96a096fc22ca0b6ed4c761e7e9aef8764ce39086a819,merkle,repair_commit_wire_ms,6.228
size-scaling-k75-c300-n40000000-f32-k75-c300-fanout_f32_l16-merkle-r6,e8f626e8691ffdd9f64f96a096fc22ca0b6ed4c761e7e9aef8764ce39086a819,merkle,repair_begin_wire_ms,0.052
size-scaling-k75-c300-n40000000-f32-k75-c300-fanout_f32_l16-merkle-r6,e8f626e8691ffdd9f64f96a096fc22ca0b6ed4c761e7e9aef8764ce39086a819,merkle,repair_transaction_block_ms,13.842
size-scaling-k75-c300-n40000000-f32-k75-c300-fanout_f32_l16-merkle-r6,e8f626e8691ffdd9f64f96a096fc22ca0b6ed4c761e7e9aef8764ce39086a819,merkle,repair_write_ms,13.844
size-scaling-k75-c300-n40000000-f32-k75-c300-fanout_f32_l16-merkle-r6,e8f626e8691ffdd9f64f96a096fc22ca0b6ed4c761e7e9aef8764ce39086a819,merkle,targeted_post_repair_confirmation_ms,1.835
size-scaling-k75-c300-n40000000-f32-k75-c300-fanout_f32_l16-merkle-r6,e8f626e8691ffdd9f64f96a096fc22ca0b6ed4c761e7e9aef8764ce39086a819,merkle,recovery_observability_ms,0.001
size-scaling-k75-c300-n40000000-f32-k75-c300-fanout_f32_l16-merkle-r6,e8f626e8691ffdd9f64f96a096fc22ca0b6ed4c761e7e9aef8764ce39086a819,merkle,recovery_orchestration_ms,1.382
size-scaling-k75-c300-n40000000-f32-k75-c300-fanout_f32_l16-merkle-r6,e8f626e8691ffdd9f64f96a096fc22ca0b6ed4c761e7e9aef8764ce39086a819,merkle,audit_exact_table_compare_ms,140250.131
size-scaling-k75-c300-n40000000-f32-k75-c300-fanout_f32_l16-merkle-r6,e8f626e8691ffdd9f64f96a096fc22ca0b6ed4c761e7e9aef8764ce39086a819,merkle,audit_merkle_root_hash_ms,1.334
size-scaling-k75-c300-n40000000-f32-k75-c300-fanout_f32_l16-merkle-r6,e8f626e8691ffdd9f64f96a096fc22ca0b6ed4c761e7e9aef8764ce39086a819,merkle,audit_merkle_verify_ms,122677.617
size-scaling-k75-c300-n40000000-f32-k75-c300-fanout_f32_l16-merkle-r6,e8f626e8691ffdd9f64f96a096fc22ca0b6ed4c761e7e9aef8764ce39086a819,merkle,audit_schema_fidelity_ms,2.193
size-scaling-k75-c300-n40000000-f32-k75-c300-fanout_f32_l16-merkle-r6,e8f626e8691ffdd9f64f96a096fc22ca0b6ed4c761e7e9aef8764ce39086a819,merkle,merkle_total_ms,263083.022
size-scaling-k75-c300-n40000000-f32-k75-c300-fanout_f32_l16-merkle-r7,e8f626e8691ffdd9f64f96a096fc22ca0b6ed4c761e7e9aef8764ce39086a819,merkle,tree_localisation_ms,147.948
size-scaling-k75-c300-n40000000-f32-k75-c300-fanout_f32_l16-merkle-r7,e8f626e8691ffdd9f64f96a096fc22ca0b6ed4c761e7e9aef8764ce39086a819,merkle,candidate_row_fetch_ms,16.468
size-scaling-k75-c300-n40000000-f32-k75-c300-fanout_f32_l16-merkle-r7,e8f626e8691ffdd9f64f96a096fc22ca0b6ed4c761e7e9aef8764ce39086a819,merkle,row_comparison_ms,0.609
size-scaling-k75-c300-n40000000-f32-k75-c300-fanout_f32_l16-merkle-r7,e8f626e8691ffdd9f64f96a096fc22ca0b6ed4c761e7e9aef8764ce39086a819,merkle,repair_sql_building_ms,0.434
size-scaling-k75-c300-n40000000-f32-k75-c300-fanout_f32_l16-merkle-r7,e8f626e8691ffdd9f64f96a096fc22ca0b6ed4c761e7e9aef8764ce39086a819,merkle,repair_dml_wire_ms,13.913
size-scaling-k75-c300-n40000000-f32-k75-c300-fanout_f32_l16-merkle-r7,e8f626e8691ffdd9f64f96a096fc22ca0b6ed4c761e7e9aef8764ce39086a819,merkle,repair_commit_wire_ms,15.260
size-scaling-k75-c300-n40000000-f32-k75-c300-fanout_f32_l16-merkle-r7,e8f626e8691ffdd9f64f96a096fc22ca0b6ed4c761e7e9aef8764ce39086a819,merkle,repair_begin_wire_ms,0.096
size-scaling-k75-c300-n40000000-f32-k75-c300-fanout_f32_l16-merkle-r7,e8f626e8691ffdd9f64f96a096fc22ca0b6ed4c761e7e9aef8764ce39086a819,merkle,repair_transaction_block_ms,29.748
size-scaling-k75-c300-n40000000-f32-k75-c300-fanout_f32_l16-merkle-r7,e8f626e8691ffdd9f64f96a096fc22ca0b6ed4c761e7e9aef8764ce39086a819,merkle,repair_write_ms,29.752
size-scaling-k75-c300-n40000000-f32-k75-c300-fanout_f32_l16-merkle-r7,e8f626e8691ffdd9f64f96a096fc22ca0b6ed4c761e7e9aef8764ce39086a819,merkle,targeted_post_repair_confirmation_ms,3.057
size-scaling-k75-c300-n40000000-f32-k75-c300-fanout_f32_l16-merkle-r7,e8f626e8691ffdd9f64f96a096fc22ca0b6ed4c761e7e9aef8764ce39086a819,merkle,recovery_observability_ms,0.001
size-scaling-k75-c300-n40000000-f32-k75-c300-fanout_f32_l16-merkle-r7,e8f626e8691ffdd9f64f96a096fc22ca0b6ed4c761e7e9aef8764ce39086a819,merkle,recovery_orchestration_ms,2.062
size-scaling-k75-c300-n40000000-f32-k75-c300-fanout_f32_l16-merkle-r7,e8f626e8691ffdd9f64f96a096fc22ca0b6ed4c761e7e9aef8764ce39086a819,merkle,audit_exact_table_compare_ms,140398.718
size-scaling-k75-c300-n40000000-f32-k75-c300-fanout_f32_l16-merkle-r7,e8f626e8691ffdd9f64f96a096fc22ca0b6ed4c761e7e9aef8764ce39086a819,merkle,audit_merkle_root_hash_ms,1.335
size-scaling-k75-c300-n40000000-f32-k75-c300-fanout_f32_l16-merkle-r7,e8f626e8691ffdd9f64f96a096fc22ca0b6ed4c761e7e9aef8764ce39086a819,merkle,audit_merkle_verify_ms,122741.216
size-scaling-k75-c300-n40000000-f32-k75-c300-fanout_f32_l16-merkle-r7,e8f626e8691ffdd9f64f96a096fc22ca0b6ed4c761e7e9aef8764ce39086a819,merkle,audit_schema_fidelity_ms,2.175
size-scaling-k75-c300-n40000000-f32-k75-c300-fanout_f32_l16-merkle-r7,e8f626e8691ffdd9f64f96a096fc22ca0b6ed4c761e7e9aef8764ce39086a819,merkle,merkle_total_ms,263355.071
size-scaling-k75-c300-n40000000-f32-k75-c300-fanout_f32_l16-merkle-r8,e8f626e8691ffdd9f64f96a096fc22ca0b6ed4c761e7e9aef8764ce39086a819,merkle,tree_localisation_ms,162.221
size-scaling-k75-c300-n40000000-f32-k75-c300-fanout_f32_l16-merkle-r8,e8f626e8691ffdd9f64f96a096fc22ca0b6ed4c761e7e9aef8764ce39086a819,merkle,candidate_row_fetch_ms,18.449
size-scaling-k75-c300-n40000000-f32-k75-c300-fanout_f32_l16-merkle-r8,e8f626e8691ffdd9f64f96a096fc22ca0b6ed4c761e7e9aef8764ce39086a819,merkle,row_comparison_ms,0.818
size-scaling-k75-c300-n40000000-f32-k75-c300-fanout_f32_l16-merkle-r8,e8f626e8691ffdd9f64f96a096fc22ca0b6ed4c761e7e9aef8764ce39086a819,merkle,repair_sql_building_ms,0.524
size-scaling-k75-c300-n40000000-f32-k75-c300-fanout_f32_l16-merkle-r8,e8f626e8691ffdd9f64f96a096fc22ca0b6ed4c761e7e9aef8764ce39086a819,merkle,repair_dml_wire_ms,15.991
size-scaling-k75-c300-n40000000-f32-k75-c300-fanout_f32_l16-merkle-r8,e8f626e8691ffdd9f64f96a096fc22ca0b6ed4c761e7e9aef8764ce39086a819,merkle,repair_commit_wire_ms,10.778
size-scaling-k75-c300-n40000000-f32-k75-c300-fanout_f32_l16-merkle-r8,e8f626e8691ffdd9f64f96a096fc22ca0b6ed4c761e7e9aef8764ce39086a819,merkle,repair_begin_wire_ms,0.111
size-scaling-k75-c300-n40000000-f32-k75-c300-fanout_f32_l16-merkle-r8,e8f626e8691ffdd9f64f96a096fc22ca0b6ed4c761e7e9aef8764ce39086a819,merkle,repair_transaction_block_ms,27.454
size-scaling-k75-c300-n40000000-f32-k75-c300-fanout_f32_l16-merkle-r8,e8f626e8691ffdd9f64f96a096fc22ca0b6ed4c761e7e9aef8764ce39086a819,merkle,repair_write_ms,27.458
size-scaling-k75-c300-n40000000-f32-k75-c300-fanout_f32_l16-merkle-r8,e8f626e8691ffdd9f64f96a096fc22ca0b6ed4c761e7e9aef8764ce39086a819,merkle,targeted_post_repair_confirmation_ms,3.170
size-scaling-k75-c300-n40000000-f32-k75-c300-fanout_f32_l16-merkle-r8,e8f626e8691ffdd9f64f96a096fc22ca0b6ed4c761e7e9aef8764ce39086a819,merkle,recovery_observability_ms,0.001
size-scaling-k75-c300-n40000000-f32-k75-c300-fanout_f32_l16-merkle-r8,e8f626e8691ffdd9f64f96a096fc22ca0b6ed4c761e7e9aef8764ce39086a819,merkle,recovery_orchestration_ms,2.330
size-scaling-k75-c300-n40000000-f32-k75-c300-fanout_f32_l16-merkle-r8,e8f626e8691ffdd9f64f96a096fc22ca0b6ed4c761e7e9aef8764ce39086a819,merkle,audit_exact_table_compare_ms,140180.524
size-scaling-k75-c300-n40000000-f32-k75-c300-fanout_f32_l16-merkle-r8,e8f626e8691ffdd9f64f96a096fc22ca0b6ed4c761e7e9aef8764ce39086a819,merkle,audit_merkle_root_hash_ms,1.339
size-scaling-k75-c300-n40000000-f32-k75-c300-fanout_f32_l16-merkle-r8,e8f626e8691ffdd9f64f96a096fc22ca0b6ed4c761e7e9aef8764ce39086a819,merkle,audit_merkle_verify_ms,122372.393
size-scaling-k75-c300-n40000000-f32-k75-c300-fanout_f32_l16-merkle-r8,e8f626e8691ffdd9f64f96a096fc22ca0b6ed4c761e7e9aef8764ce39086a819,merkle,audit_schema_fidelity_ms,2.179
size-scaling-k75-c300-n40000000-f32-k75-c300-fanout_f32_l16-merkle-r8,e8f626e8691ffdd9f64f96a096fc22ca0b6ed4c761e7e9aef8764ce39086a819,merkle,merkle_total_ms,262782.680
size-scaling-k75-c300-n40000000-f32-k75-c300-fanout_f32_l16-merkle-r9,e8f626e8691ffdd9f64f96a096fc22ca0b6ed4c761e7e9aef8764ce39086a819,merkle,tree_localisation_ms,118.076
size-scaling-k75-c300-n40000000-f32-k75-c300-fanout_f32_l16-merkle-r9,e8f626e8691ffdd9f64f96a096fc22ca0b6ed4c761e7e9aef8764ce39086a819,merkle,candidate_row_fetch_ms,10.165
size-scaling-k75-c300-n40000000-f32-k75-c300-fanout_f32_l16-merkle-r9,e8f626e8691ffdd9f64f96a096fc22ca0b6ed4c761e7e9aef8764ce39086a819,merkle,row_comparison_ms,0.306
size-scaling-k75-c300-n40000000-f32-k75-c300-fanout_f32_l16-merkle-r9,e8f626e8691ffdd9f64f96a096fc22ca0b6ed4c761e7e9aef8764ce39086a819,merkle,repair_sql_building_ms,0.231
size-scaling-k75-c300-n40000000-f32-k75-c300-fanout_f32_l16-merkle-r9,e8f626e8691ffdd9f64f96a096fc22ca0b6ed4c761e7e9aef8764ce39086a819,merkle,repair_dml_wire_ms,7.485
size-scaling-k75-c300-n40000000-f32-k75-c300-fanout_f32_l16-merkle-r9,e8f626e8691ffdd9f64f96a096fc22ca0b6ed4c761e7e9aef8764ce39086a819,merkle,repair_commit_wire_ms,8.677
size-scaling-k75-c300-n40000000-f32-k75-c300-fanout_f32_l16-merkle-r9,e8f626e8691ffdd9f64f96a096fc22ca0b6ed4c761e7e9aef8764ce39086a819,merkle,repair_begin_wire_ms,0.055
size-scaling-k75-c300-n40000000-f32-k75-c300-fanout_f32_l16-merkle-r9,e8f626e8691ffdd9f64f96a096fc22ca0b6ed4c761e7e9aef8764ce39086a819,merkle,repair_transaction_block_ms,16.472
size-scaling-k75-c300-n40000000-f32-k75-c300-fanout_f32_l16-merkle-r9,e8f626e8691ffdd9f64f96a096fc22ca0b6ed4c761e7e9aef8764ce39086a819,merkle,repair_write_ms,16.474
size-scaling-k75-c300-n40000000-f32-k75-c300-fanout_f32_l16-merkle-r9,e8f626e8691ffdd9f64f96a096fc22ca0b6ed4c761e7e9aef8764ce39086a819,merkle,targeted_post_repair_confirmation_ms,1.725
size-scaling-k75-c300-n40000000-f32-k75-c300-fanout_f32_l16-merkle-r9,e8f626e8691ffdd9f64f96a096fc22ca0b6ed4c761e7e9aef8764ce39086a819,merkle,recovery_observability_ms,0.001
size-scaling-k75-c300-n40000000-f32-k75-c300-fanout_f32_l16-merkle-r9,e8f626e8691ffdd9f64f96a096fc22ca0b6ed4c761e7e9aef8764ce39086a819,merkle,recovery_orchestration_ms,1.394
size-scaling-k75-c300-n40000000-f32-k75-c300-fanout_f32_l16-merkle-r9,e8f626e8691ffdd9f64f96a096fc22ca0b6ed4c761e7e9aef8764ce39086a819,merkle,audit_exact_table_compare_ms,139767.689
size-scaling-k75-c300-n40000000-f32-k75-c300-fanout_f32_l16-merkle-r9,e8f626e8691ffdd9f64f96a096fc22ca0b6ed4c761e7e9aef8764ce39086a819,merkle,audit_merkle_root_hash_ms,1.365
size-scaling-k75-c300-n40000000-f32-k75-c300-fanout_f32_l16-merkle-r9,e8f626e8691ffdd9f64f96a096fc22ca0b6ed4c761e7e9aef8764ce39086a819,merkle,audit_merkle_verify_ms,122795.449
size-scaling-k75-c300-n40000000-f32-k75-c300-fanout_f32_l16-merkle-r9,e8f626e8691ffdd9f64f96a096fc22ca0b6ed4c761e7e9aef8764ce39086a819,merkle,audit_schema_fidelity_ms,2.126
size-scaling-k75-c300-n40000000-f32-k75-c300-fanout_f32_l16-merkle-r9,e8f626e8691ffdd9f64f96a096fc22ca0b6ed4c761e7e9aef8764ce39086a819,merkle,merkle_total_ms,262726.114
size-scaling-k75-c300-n5000000-f32-k75-c300-fanout_f32_l16-merkle-r0,9a541cf4465350c8440e49c295c1b1c6281286116541217029585332b08b6d09,merkle,tree_localisation_ms,87.599
size-scaling-k75-c300-n5000000-f32-k75-c300-fanout_f32_l16-merkle-r0,9a541cf4465350c8440e49c295c1b1c6281286116541217029585332b08b6d09,merkle,candidate_row_fetch_ms,28.716
size-scaling-k75-c300-n5000000-f32-k75-c300-fanout_f32_l16-merkle-r0,9a541cf4465350c8440e49c295c1b1c6281286116541217029585332b08b6d09,merkle,row_comparison_ms,0.936
size-scaling-k75-c300-n5000000-f32-k75-c300-fanout_f32_l16-merkle-r0,9a541cf4465350c8440e49c295c1b1c6281286116541217029585332b08b6d09,merkle,repair_sql_building_ms,0.244
size-scaling-k75-c300-n5000000-f32-k75-c300-fanout_f32_l16-merkle-r0,9a541cf4465350c8440e49c295c1b1c6281286116541217029585332b08b6d09,merkle,repair_dml_wire_ms,10.493
size-scaling-k75-c300-n5000000-f32-k75-c300-fanout_f32_l16-merkle-r0,9a541cf4465350c8440e49c295c1b1c6281286116541217029585332b08b6d09,merkle,repair_commit_wire_ms,5.376
size-scaling-k75-c300-n5000000-f32-k75-c300-fanout_f32_l16-merkle-r0,9a541cf4465350c8440e49c295c1b1c6281286116541217029585332b08b6d09,merkle,repair_begin_wire_ms,0.071
size-scaling-k75-c300-n5000000-f32-k75-c300-fanout_f32_l16-merkle-r0,9a541cf4465350c8440e49c295c1b1c6281286116541217029585332b08b6d09,merkle,repair_transaction_block_ms,16.219
size-scaling-k75-c300-n5000000-f32-k75-c300-fanout_f32_l16-merkle-r0,9a541cf4465350c8440e49c295c1b1c6281286116541217029585332b08b6d09,merkle,repair_write_ms,16.221
size-scaling-k75-c300-n5000000-f32-k75-c300-fanout_f32_l16-merkle-r0,9a541cf4465350c8440e49c295c1b1c6281286116541217029585332b08b6d09,merkle,targeted_post_repair_confirmation_ms,2.531
size-scaling-k75-c300-n5000000-f32-k75-c300-fanout_f32_l16-merkle-r0,9a541cf4465350c8440e49c295c1b1c6281286116541217029585332b08b6d09,merkle,recovery_observability_ms,0.001
size-scaling-k75-c300-n5000000-f32-k75-c300-fanout_f32_l16-merkle-r0,9a541cf4465350c8440e49c295c1b1c6281286116541217029585332b08b6d09,merkle,recovery_orchestration_ms,1.609
size-scaling-k75-c300-n5000000-f32-k75-c300-fanout_f32_l16-merkle-r0,9a541cf4465350c8440e49c295c1b1c6281286116541217029585332b08b6d09,merkle,audit_exact_table_compare_ms,18363.208
size-scaling-k75-c300-n5000000-f32-k75-c300-fanout_f32_l16-merkle-r0,9a541cf4465350c8440e49c295c1b1c6281286116541217029585332b08b6d09,merkle,audit_merkle_root_hash_ms,1.276
size-scaling-k75-c300-n5000000-f32-k75-c300-fanout_f32_l16-merkle-r0,9a541cf4465350c8440e49c295c1b1c6281286116541217029585332b08b6d09,merkle,audit_merkle_verify_ms,15390.814
size-scaling-k75-c300-n5000000-f32-k75-c300-fanout_f32_l16-merkle-r0,9a541cf4465350c8440e49c295c1b1c6281286116541217029585332b08b6d09,merkle,audit_schema_fidelity_ms,2.170
size-scaling-k75-c300-n5000000-f32-k75-c300-fanout_f32_l16-merkle-r0,9a541cf4465350c8440e49c295c1b1c6281286116541217029585332b08b6d09,merkle,merkle_total_ms,33907.084
size-scaling-k75-c300-n5000000-f32-k75-c300-fanout_f32_l16-merkle-r1,9a541cf4465350c8440e49c295c1b1c6281286116541217029585332b08b6d09,merkle,tree_localisation_ms,82.777
size-scaling-k75-c300-n5000000-f32-k75-c300-fanout_f32_l16-merkle-r1,9a541cf4465350c8440e49c295c1b1c6281286116541217029585332b08b6d09,merkle,candidate_row_fetch_ms,22.415
size-scaling-k75-c300-n5000000-f32-k75-c300-fanout_f32_l16-merkle-r1,9a541cf4465350c8440e49c295c1b1c6281286116541217029585332b08b6d09,merkle,row_comparison_ms,0.906
size-scaling-k75-c300-n5000000-f32-k75-c300-fanout_f32_l16-merkle-r1,9a541cf4465350c8440e49c295c1b1c6281286116541217029585332b08b6d09,merkle,repair_sql_building_ms,0.250
size-scaling-k75-c300-n5000000-f32-k75-c300-fanout_f32_l16-merkle-r1,9a541cf4465350c8440e49c295c1b1c6281286116541217029585332b08b6d09,merkle,repair_dml_wire_ms,9.079
size-scaling-k75-c300-n5000000-f32-k75-c300-fanout_f32_l16-merkle-r1,9a541cf4465350c8440e49c295c1b1c6281286116541217029585332b08b6d09,merkle,repair_commit_wire_ms,5.744
size-scaling-k75-c300-n5000000-f32-k75-c300-fanout_f32_l16-merkle-r1,9a541cf4465350c8440e49c295c1b1c6281286116541217029585332b08b6d09,merkle,repair_begin_wire_ms,0.056
size-scaling-k75-c300-n5000000-f32-k75-c300-fanout_f32_l16-merkle-r1,9a541cf4465350c8440e49c295c1b1c6281286116541217029585332b08b6d09,merkle,repair_transaction_block_ms,15.156
size-scaling-k75-c300-n5000000-f32-k75-c300-fanout_f32_l16-merkle-r1,9a541cf4465350c8440e49c295c1b1c6281286116541217029585332b08b6d09,merkle,repair_write_ms,15.157
size-scaling-k75-c300-n5000000-f32-k75-c300-fanout_f32_l16-merkle-r1,9a541cf4465350c8440e49c295c1b1c6281286116541217029585332b08b6d09,merkle,targeted_post_repair_confirmation_ms,1.648
size-scaling-k75-c300-n5000000-f32-k75-c300-fanout_f32_l16-merkle-r1,9a541cf4465350c8440e49c295c1b1c6281286116541217029585332b08b6d09,merkle,recovery_observability_ms,0.001
size-scaling-k75-c300-n5000000-f32-k75-c300-fanout_f32_l16-merkle-r1,9a541cf4465350c8440e49c295c1b1c6281286116541217029585332b08b6d09,merkle,recovery_orchestration_ms,1.563
size-scaling-k75-c300-n5000000-f32-k75-c300-fanout_f32_l16-merkle-r1,9a541cf4465350c8440e49c295c1b1c6281286116541217029585332b08b6d09,merkle,audit_exact_table_compare_ms,18369.835
size-scaling-k75-c300-n5000000-f32-k75-c300-fanout_f32_l16-merkle-r1,9a541cf4465350c8440e49c295c1b1c6281286116541217029585332b08b6d09,merkle,audit_merkle_root_hash_ms,1.260
size-scaling-k75-c300-n5000000-f32-k75-c300-fanout_f32_l16-merkle-r1,9a541cf4465350c8440e49c295c1b1c6281286116541217029585332b08b6d09,merkle,audit_merkle_verify_ms,15431.519
size-scaling-k75-c300-n5000000-f32-k75-c300-fanout_f32_l16-merkle-r1,9a541cf4465350c8440e49c295c1b1c6281286116541217029585332b08b6d09,merkle,audit_schema_fidelity_ms,2.185
size-scaling-k75-c300-n5000000-f32-k75-c300-fanout_f32_l16-merkle-r1,9a541cf4465350c8440e49c295c1b1c6281286116541217029585332b08b6d09,merkle,merkle_total_ms,33940.602
size-scaling-k75-c300-n5000000-f32-k75-c300-fanout_f32_l16-merkle-r2,9a541cf4465350c8440e49c295c1b1c6281286116541217029585332b08b6d09,merkle,tree_localisation_ms,83.016
size-scaling-k75-c300-n5000000-f32-k75-c300-fanout_f32_l16-merkle-r2,9a541cf4465350c8440e49c295c1b1c6281286116541217029585332b08b6d09,merkle,candidate_row_fetch_ms,34.207
size-scaling-k75-c300-n5000000-f32-k75-c300-fanout_f32_l16-merkle-r2,9a541cf4465350c8440e49c295c1b1c6281286116541217029585332b08b6d09,merkle,row_comparison_ms,0.974
size-scaling-k75-c300-n5000000-f32-k75-c300-fanout_f32_l16-merkle-r2,9a541cf4465350c8440e49c295c1b1c6281286116541217029585332b08b6d09,merkle,repair_sql_building_ms,0.241
size-scaling-k75-c300-n5000000-f32-k75-c300-fanout_f32_l16-merkle-r2,9a541cf4465350c8440e49c295c1b1c6281286116541217029585332b08b6d09,merkle,repair_dml_wire_ms,10.501
size-scaling-k75-c300-n5000000-f32-k75-c300-fanout_f32_l16-merkle-r2,9a541cf4465350c8440e49c295c1b1c6281286116541217029585332b08b6d09,merkle,repair_commit_wire_ms,5.808
size-scaling-k75-c300-n5000000-f32-k75-c300-fanout_f32_l16-merkle-r2,9a541cf4465350c8440e49c295c1b1c6281286116541217029585332b08b6d09,merkle,repair_begin_wire_ms,0.100
size-scaling-k75-c300-n5000000-f32-k75-c300-fanout_f32_l16-merkle-r2,9a541cf4465350c8440e49c295c1b1c6281286116541217029585332b08b6d09,merkle,repair_transaction_block_ms,16.676
size-scaling-k75-c300-n5000000-f32-k75-c300-fanout_f32_l16-merkle-r2,9a541cf4465350c8440e49c295c1b1c6281286116541217029585332b08b6d09,merkle,repair_write_ms,16.679
size-scaling-k75-c300-n5000000-f32-k75-c300-fanout_f32_l16-merkle-r2,9a541cf4465350c8440e49c295c1b1c6281286116541217029585332b08b6d09,merkle,targeted_post_repair_confirmation_ms,2.510
size-scaling-k75-c300-n5000000-f32-k75-c300-fanout_f32_l16-merkle-r2,9a541cf4465350c8440e49c295c1b1c6281286116541217029585332b08b6d09,merkle,recovery_observability_ms,0.000
size-scaling-k75-c300-n5000000-f32-k75-c300-fanout_f32_l16-merkle-r2,9a541cf4465350c8440e49c295c1b1c6281286116541217029585332b08b6d09,merkle,recovery_orchestration_ms,1.583
size-scaling-k75-c300-n5000000-f32-k75-c300-fanout_f32_l16-merkle-r2,9a541cf4465350c8440e49c295c1b1c6281286116541217029585332b08b6d09,merkle,audit_exact_table_compare_ms,18368.626
size-scaling-k75-c300-n5000000-f32-k75-c300-fanout_f32_l16-merkle-r2,9a541cf4465350c8440e49c295c1b1c6281286116541217029585332b08b6d09,merkle,audit_merkle_root_hash_ms,1.237
size-scaling-k75-c300-n5000000-f32-k75-c300-fanout_f32_l16-merkle-r2,9a541cf4465350c8440e49c295c1b1c6281286116541217029585332b08b6d09,merkle,audit_merkle_verify_ms,15412.669
size-scaling-k75-c300-n5000000-f32-k75-c300-fanout_f32_l16-merkle-r2,9a541cf4465350c8440e49c295c1b1c6281286116541217029585332b08b6d09,merkle,audit_schema_fidelity_ms,2.165
size-scaling-k75-c300-n5000000-f32-k75-c300-fanout_f32_l16-merkle-r2,9a541cf4465350c8440e49c295c1b1c6281286116541217029585332b08b6d09,merkle,merkle_total_ms,33935.285
size-scaling-k75-c300-n5000000-f32-k75-c300-fanout_f32_l16-merkle-r3,9a541cf4465350c8440e49c295c1b1c6281286116541217029585332b08b6d09,merkle,tree_localisation_ms,82.299
size-scaling-k75-c300-n5000000-f32-k75-c300-fanout_f32_l16-merkle-r3,9a541cf4465350c8440e49c295c1b1c6281286116541217029585332b08b6d09,merkle,candidate_row_fetch_ms,22.763
size-scaling-k75-c300-n5000000-f32-k75-c300-fanout_f32_l16-merkle-r3,9a541cf4465350c8440e49c295c1b1c6281286116541217029585332b08b6d09,merkle,row_comparison_ms,0.934
size-scaling-k75-c300-n5000000-f32-k75-c300-fanout_f32_l16-merkle-r3,9a541cf4465350c8440e49c295c1b1c6281286116541217029585332b08b6d09,merkle,repair_sql_building_ms,0.241
size-scaling-k75-c300-n5000000-f32-k75-c300-fanout_f32_l16-merkle-r3,9a541cf4465350c8440e49c295c1b1c6281286116541217029585332b08b6d09,merkle,repair_dml_wire_ms,8.769
size-scaling-k75-c300-n5000000-f32-k75-c300-fanout_f32_l16-merkle-r3,9a541cf4465350c8440e49c295c1b1c6281286116541217029585332b08b6d09,merkle,repair_commit_wire_ms,5.028
size-scaling-k75-c300-n5000000-f32-k75-c300-fanout_f32_l16-merkle-r3,9a541cf4465350c8440e49c295c1b1c6281286116541217029585332b08b6d09,merkle,repair_begin_wire_ms,0.062
size-scaling-k75-c300-n5000000-f32-k75-c300-fanout_f32_l16-merkle-r3,9a541cf4465350c8440e49c295c1b1c6281286116541217029585332b08b6d09,merkle,repair_transaction_block_ms,14.128
size-scaling-k75-c300-n5000000-f32-k75-c300-fanout_f32_l16-merkle-r3,9a541cf4465350c8440e49c295c1b1c6281286116541217029585332b08b6d09,merkle,repair_write_ms,14.130
size-scaling-k75-c300-n5000000-f32-k75-c300-fanout_f32_l16-merkle-r3,9a541cf4465350c8440e49c295c1b1c6281286116541217029585332b08b6d09,merkle,targeted_post_repair_confirmation_ms,1.620
size-scaling-k75-c300-n5000000-f32-k75-c300-fanout_f32_l16-merkle-r3,9a541cf4465350c8440e49c295c1b1c6281286116541217029585332b08b6d09,merkle,recovery_observability_ms,0.001
size-scaling-k75-c300-n5000000-f32-k75-c300-fanout_f32_l16-merkle-r3,9a541cf4465350c8440e49c295c1b1c6281286116541217029585332b08b6d09,merkle,recovery_orchestration_ms,1.583
size-scaling-k75-c300-n5000000-f32-k75-c300-fanout_f32_l16-merkle-r3,9a541cf4465350c8440e49c295c1b1c6281286116541217029585332b08b6d09,merkle,audit_exact_table_compare_ms,18356.345
size-scaling-k75-c300-n5000000-f32-k75-c300-fanout_f32_l16-merkle-r3,9a541cf4465350c8440e49c295c1b1c6281286116541217029585332b08b6d09,merkle,audit_merkle_root_hash_ms,1.242
size-scaling-k75-c300-n5000000-f32-k75-c300-fanout_f32_l16-merkle-r3,9a541cf4465350c8440e49c295c1b1c6281286116541217029585332b08b6d09,merkle,audit_merkle_verify_ms,15372.696
size-scaling-k75-c300-n5000000-f32-k75-c300-fanout_f32_l16-merkle-r3,9a541cf4465350c8440e49c295c1b1c6281286116541217029585332b08b6d09,merkle,audit_schema_fidelity_ms,2.159
size-scaling-k75-c300-n5000000-f32-k75-c300-fanout_f32_l16-merkle-r3,9a541cf4465350c8440e49c295c1b1c6281286116541217029585332b08b6d09,merkle,merkle_total_ms,33867.003
size-scaling-k75-c300-n5000000-f32-k75-c300-fanout_f32_l16-merkle-r4,9a541cf4465350c8440e49c295c1b1c6281286116541217029585332b08b6d09,merkle,tree_localisation_ms,82.020
size-scaling-k75-c300-n5000000-f32-k75-c300-fanout_f32_l16-merkle-r4,9a541cf4465350c8440e49c295c1b1c6281286116541217029585332b08b6d09,merkle,candidate_row_fetch_ms,24.279
size-scaling-k75-c300-n5000000-f32-k75-c300-fanout_f32_l16-merkle-r4,9a541cf4465350c8440e49c295c1b1c6281286116541217029585332b08b6d09,merkle,row_comparison_ms,0.972
size-scaling-k75-c300-n5000000-f32-k75-c300-fanout_f32_l16-merkle-r4,9a541cf4465350c8440e49c295c1b1c6281286116541217029585332b08b6d09,merkle,repair_sql_building_ms,0.239
size-scaling-k75-c300-n5000000-f32-k75-c300-fanout_f32_l16-merkle-r4,9a541cf4465350c8440e49c295c1b1c6281286116541217029585332b08b6d09,merkle,repair_dml_wire_ms,9.498
size-scaling-k75-c300-n5000000-f32-k75-c300-fanout_f32_l16-merkle-r4,9a541cf4465350c8440e49c295c1b1c6281286116541217029585332b08b6d09,merkle,repair_commit_wire_ms,5.825
size-scaling-k75-c300-n5000000-f32-k75-c300-fanout_f32_l16-merkle-r4,9a541cf4465350c8440e49c295c1b1c6281286116541217029585332b08b6d09,merkle,repair_begin_wire_ms,0.058
size-scaling-k75-c300-n5000000-f32-k75-c300-fanout_f32_l16-merkle-r4,9a541cf4465350c8440e49c295c1b1c6281286116541217029585332b08b6d09,merkle,repair_transaction_block_ms,15.645
size-scaling-k75-c300-n5000000-f32-k75-c300-fanout_f32_l16-merkle-r4,9a541cf4465350c8440e49c295c1b1c6281286116541217029585332b08b6d09,merkle,repair_write_ms,15.647
size-scaling-k75-c300-n5000000-f32-k75-c300-fanout_f32_l16-merkle-r4,9a541cf4465350c8440e49c295c1b1c6281286116541217029585332b08b6d09,merkle,targeted_post_repair_confirmation_ms,1.846
size-scaling-k75-c300-n5000000-f32-k75-c300-fanout_f32_l16-merkle-r4,9a541cf4465350c8440e49c295c1b1c6281286116541217029585332b08b6d09,merkle,recovery_observability_ms,0.001
size-scaling-k75-c300-n5000000-f32-k75-c300-fanout_f32_l16-merkle-r4,9a541cf4465350c8440e49c295c1b1c6281286116541217029585332b08b6d09,merkle,recovery_orchestration_ms,1.575
size-scaling-k75-c300-n5000000-f32-k75-c300-fanout_f32_l16-merkle-r4,9a541cf4465350c8440e49c295c1b1c6281286116541217029585332b08b6d09,merkle,audit_exact_table_compare_ms,18359.269
size-scaling-k75-c300-n5000000-f32-k75-c300-fanout_f32_l16-merkle-r4,9a541cf4465350c8440e49c295c1b1c6281286116541217029585332b08b6d09,merkle,audit_merkle_root_hash_ms,1.236
size-scaling-k75-c300-n5000000-f32-k75-c300-fanout_f32_l16-merkle-r4,9a541cf4465350c8440e49c295c1b1c6281286116541217029585332b08b6d09,merkle,audit_merkle_verify_ms,15348.775
size-scaling-k75-c300-n5000000-f32-k75-c300-fanout_f32_l16-merkle-r4,9a541cf4465350c8440e49c295c1b1c6281286116541217029585332b08b6d09,merkle,audit_schema_fidelity_ms,2.175
size-scaling-k75-c300-n5000000-f32-k75-c300-fanout_f32_l16-merkle-r4,9a541cf4465350c8440e49c295c1b1c6281286116541217029585332b08b6d09,merkle,merkle_total_ms,33849.232
size-scaling-k75-c300-n5000000-f32-k75-c300-fanout_f32_l16-merkle-r5,9a541cf4465350c8440e49c295c1b1c6281286116541217029585332b08b6d09,merkle,tree_localisation_ms,81.970
size-scaling-k75-c300-n5000000-f32-k75-c300-fanout_f32_l16-merkle-r5,9a541cf4465350c8440e49c295c1b1c6281286116541217029585332b08b6d09,merkle,candidate_row_fetch_ms,25.077
size-scaling-k75-c300-n5000000-f32-k75-c300-fanout_f32_l16-merkle-r5,9a541cf4465350c8440e49c295c1b1c6281286116541217029585332b08b6d09,merkle,row_comparison_ms,0.939
size-scaling-k75-c300-n5000000-f32-k75-c300-fanout_f32_l16-merkle-r5,9a541cf4465350c8440e49c295c1b1c6281286116541217029585332b08b6d09,merkle,repair_sql_building_ms,0.237
size-scaling-k75-c300-n5000000-f32-k75-c300-fanout_f32_l16-merkle-r5,9a541cf4465350c8440e49c295c1b1c6281286116541217029585332b08b6d09,merkle,repair_dml_wire_ms,9.860
size-scaling-k75-c300-n5000000-f32-k75-c300-fanout_f32_l16-merkle-r5,9a541cf4465350c8440e49c295c1b1c6281286116541217029585332b08b6d09,merkle,repair_commit_wire_ms,6.234
size-scaling-k75-c300-n5000000-f32-k75-c300-fanout_f32_l16-merkle-r5,9a541cf4465350c8440e49c295c1b1c6281286116541217029585332b08b6d09,merkle,repair_begin_wire_ms,0.071
size-scaling-k75-c300-n5000000-f32-k75-c300-fanout_f32_l16-merkle-r5,9a541cf4465350c8440e49c295c1b1c6281286116541217029585332b08b6d09,merkle,repair_transaction_block_ms,16.427
size-scaling-k75-c300-n5000000-f32-k75-c300-fanout_f32_l16-merkle-r5,9a541cf4465350c8440e49c295c1b1c6281286116541217029585332b08b6d09,merkle,repair_write_ms,16.430
size-scaling-k75-c300-n5000000-f32-k75-c300-fanout_f32_l16-merkle-r5,9a541cf4465350c8440e49c295c1b1c6281286116541217029585332b08b6d09,merkle,targeted_post_repair_confirmation_ms,2.512
size-scaling-k75-c300-n5000000-f32-k75-c300-fanout_f32_l16-merkle-r5,9a541cf4465350c8440e49c295c1b1c6281286116541217029585332b08b6d09,merkle,recovery_observability_ms,0.001
size-scaling-k75-c300-n5000000-f32-k75-c300-fanout_f32_l16-merkle-r5,9a541cf4465350c8440e49c295c1b1c6281286116541217029585332b08b6d09,merkle,recovery_orchestration_ms,1.570
size-scaling-k75-c300-n5000000-f32-k75-c300-fanout_f32_l16-merkle-r5,9a541cf4465350c8440e49c295c1b1c6281286116541217029585332b08b6d09,merkle,audit_exact_table_compare_ms,18394.000
size-scaling-k75-c300-n5000000-f32-k75-c300-fanout_f32_l16-merkle-r5,9a541cf4465350c8440e49c295c1b1c6281286116541217029585332b08b6d09,merkle,audit_merkle_root_hash_ms,1.235
size-scaling-k75-c300-n5000000-f32-k75-c300-fanout_f32_l16-merkle-r5,9a541cf4465350c8440e49c295c1b1c6281286116541217029585332b08b6d09,merkle,audit_merkle_verify_ms,15392.669
size-scaling-k75-c300-n5000000-f32-k75-c300-fanout_f32_l16-merkle-r5,9a541cf4465350c8440e49c295c1b1c6281286116541217029585332b08b6d09,merkle,audit_schema_fidelity_ms,2.220
size-scaling-k75-c300-n5000000-f32-k75-c300-fanout_f32_l16-merkle-r5,9a541cf4465350c8440e49c295c1b1c6281286116541217029585332b08b6d09,merkle,merkle_total_ms,33930.088
size-scaling-k75-c300-n5000000-f32-k75-c300-fanout_f32_l16-merkle-r6,9a541cf4465350c8440e49c295c1b1c6281286116541217029585332b08b6d09,merkle,tree_localisation_ms,81.664
size-scaling-k75-c300-n5000000-f32-k75-c300-fanout_f32_l16-merkle-r6,9a541cf4465350c8440e49c295c1b1c6281286116541217029585332b08b6d09,merkle,candidate_row_fetch_ms,25.160
size-scaling-k75-c300-n5000000-f32-k75-c300-fanout_f32_l16-merkle-r6,9a541cf4465350c8440e49c295c1b1c6281286116541217029585332b08b6d09,merkle,row_comparison_ms,0.941
size-scaling-k75-c300-n5000000-f32-k75-c300-fanout_f32_l16-merkle-r6,9a541cf4465350c8440e49c295c1b1c6281286116541217029585332b08b6d09,merkle,repair_sql_building_ms,0.260
size-scaling-k75-c300-n5000000-f32-k75-c300-fanout_f32_l16-merkle-r6,9a541cf4465350c8440e49c295c1b1c6281286116541217029585332b08b6d09,merkle,repair_dml_wire_ms,9.867
size-scaling-k75-c300-n5000000-f32-k75-c300-fanout_f32_l16-merkle-r6,9a541cf4465350c8440e49c295c1b1c6281286116541217029585332b08b6d09,merkle,repair_commit_wire_ms,5.834
size-scaling-k75-c300-n5000000-f32-k75-c300-fanout_f32_l16-merkle-r6,9a541cf4465350c8440e49c295c1b1c6281286116541217029585332b08b6d09,merkle,repair_begin_wire_ms,0.060
size-scaling-k75-c300-n5000000-f32-k75-c300-fanout_f32_l16-merkle-r6,9a541cf4465350c8440e49c295c1b1c6281286116541217029585332b08b6d09,merkle,repair_transaction_block_ms,16.048
size-scaling-k75-c300-n5000000-f32-k75-c300-fanout_f32_l16-merkle-r6,9a541cf4465350c8440e49c295c1b1c6281286116541217029585332b08b6d09,merkle,repair_write_ms,16.049
size-scaling-k75-c300-n5000000-f32-k75-c300-fanout_f32_l16-merkle-r6,9a541cf4465350c8440e49c295c1b1c6281286116541217029585332b08b6d09,merkle,targeted_post_repair_confirmation_ms,2.518
size-scaling-k75-c300-n5000000-f32-k75-c300-fanout_f32_l16-merkle-r6,9a541cf4465350c8440e49c295c1b1c6281286116541217029585332b08b6d09,merkle,recovery_observability_ms,0.001
size-scaling-k75-c300-n5000000-f32-k75-c300-fanout_f32_l16-merkle-r6,9a541cf4465350c8440e49c295c1b1c6281286116541217029585332b08b6d09,merkle,recovery_orchestration_ms,1.568
size-scaling-k75-c300-n5000000-f32-k75-c300-fanout_f32_l16-merkle-r6,9a541cf4465350c8440e49c295c1b1c6281286116541217029585332b08b6d09,merkle,audit_exact_table_compare_ms,18356.318
size-scaling-k75-c300-n5000000-f32-k75-c300-fanout_f32_l16-merkle-r6,9a541cf4465350c8440e49c295c1b1c6281286116541217029585332b08b6d09,merkle,audit_merkle_root_hash_ms,1.239
size-scaling-k75-c300-n5000000-f32-k75-c300-fanout_f32_l16-merkle-r6,9a541cf4465350c8440e49c295c1b1c6281286116541217029585332b08b6d09,merkle,audit_merkle_verify_ms,15451.046
size-scaling-k75-c300-n5000000-f32-k75-c300-fanout_f32_l16-merkle-r6,9a541cf4465350c8440e49c295c1b1c6281286116541217029585332b08b6d09,merkle,audit_schema_fidelity_ms,2.058
size-scaling-k75-c300-n5000000-f32-k75-c300-fanout_f32_l16-merkle-r6,9a541cf4465350c8440e49c295c1b1c6281286116541217029585332b08b6d09,merkle,merkle_total_ms,33950.107
size-scaling-k75-c300-n5000000-f32-k75-c300-fanout_f32_l16-merkle-r7,9a541cf4465350c8440e49c295c1b1c6281286116541217029585332b08b6d09,merkle,tree_localisation_ms,114.150
size-scaling-k75-c300-n5000000-f32-k75-c300-fanout_f32_l16-merkle-r7,9a541cf4465350c8440e49c295c1b1c6281286116541217029585332b08b6d09,merkle,candidate_row_fetch_ms,45.084
size-scaling-k75-c300-n5000000-f32-k75-c300-fanout_f32_l16-merkle-r7,9a541cf4465350c8440e49c295c1b1c6281286116541217029585332b08b6d09,merkle,row_comparison_ms,1.810
size-scaling-k75-c300-n5000000-f32-k75-c300-fanout_f32_l16-merkle-r7,9a541cf4465350c8440e49c295c1b1c6281286116541217029585332b08b6d09,merkle,repair_sql_building_ms,0.491
size-scaling-k75-c300-n5000000-f32-k75-c300-fanout_f32_l16-merkle-r7,9a541cf4465350c8440e49c295c1b1c6281286116541217029585332b08b6d09,merkle,repair_dml_wire_ms,15.465
size-scaling-k75-c300-n5000000-f32-k75-c300-fanout_f32_l16-merkle-r7,9a541cf4465350c8440e49c295c1b1c6281286116541217029585332b08b6d09,merkle,repair_commit_wire_ms,12.669
size-scaling-k75-c300-n5000000-f32-k75-c300-fanout_f32_l16-merkle-r7,9a541cf4465350c8440e49c295c1b1c6281286116541217029585332b08b6d09,merkle,repair_begin_wire_ms,0.151
size-scaling-k75-c300-n5000000-f32-k75-c300-fanout_f32_l16-merkle-r7,9a541cf4465350c8440e49c295c1b1c6281286116541217029585332b08b6d09,merkle,repair_transaction_block_ms,28.823
size-scaling-k75-c300-n5000000-f32-k75-c300-fanout_f32_l16-merkle-r7,9a541cf4465350c8440e49c295c1b1c6281286116541217029585332b08b6d09,merkle,repair_write_ms,28.827
size-scaling-k75-c300-n5000000-f32-k75-c300-fanout_f32_l16-merkle-r7,9a541cf4465350c8440e49c295c1b1c6281286116541217029585332b08b6d09,merkle,targeted_post_repair_confirmation_ms,3.578
size-scaling-k75-c300-n5000000-f32-k75-c300-fanout_f32_l16-merkle-r7,9a541cf4465350c8440e49c295c1b1c6281286116541217029585332b08b6d09,merkle,recovery_observability_ms,0.001
size-scaling-k75-c300-n5000000-f32-k75-c300-fanout_f32_l16-merkle-r7,9a541cf4465350c8440e49c295c1b1c6281286116541217029585332b08b6d09,merkle,recovery_orchestration_ms,2.342
size-scaling-k75-c300-n5000000-f32-k75-c300-fanout_f32_l16-merkle-r7,9a541cf4465350c8440e49c295c1b1c6281286116541217029585332b08b6d09,merkle,audit_exact_table_compare_ms,18351.199
size-scaling-k75-c300-n5000000-f32-k75-c300-fanout_f32_l16-merkle-r7,9a541cf4465350c8440e49c295c1b1c6281286116541217029585332b08b6d09,merkle,audit_merkle_root_hash_ms,1.300
size-scaling-k75-c300-n5000000-f32-k75-c300-fanout_f32_l16-merkle-r7,9a541cf4465350c8440e49c295c1b1c6281286116541217029585332b08b6d09,merkle,audit_merkle_verify_ms,15410.174
size-scaling-k75-c300-n5000000-f32-k75-c300-fanout_f32_l16-merkle-r7,9a541cf4465350c8440e49c295c1b1c6281286116541217029585332b08b6d09,merkle,audit_schema_fidelity_ms,2.182
size-scaling-k75-c300-n5000000-f32-k75-c300-fanout_f32_l16-merkle-r7,9a541cf4465350c8440e49c295c1b1c6281286116541217029585332b08b6d09,merkle,merkle_total_ms,33972.486
size-scaling-k75-c300-n5000000-f32-k75-c300-fanout_f32_l16-merkle-r8,9a541cf4465350c8440e49c295c1b1c6281286116541217029585332b08b6d09,merkle,tree_localisation_ms,124.300
size-scaling-k75-c300-n5000000-f32-k75-c300-fanout_f32_l16-merkle-r8,9a541cf4465350c8440e49c295c1b1c6281286116541217029585332b08b6d09,merkle,candidate_row_fetch_ms,53.749
size-scaling-k75-c300-n5000000-f32-k75-c300-fanout_f32_l16-merkle-r8,9a541cf4465350c8440e49c295c1b1c6281286116541217029585332b08b6d09,merkle,row_comparison_ms,2.483
size-scaling-k75-c300-n5000000-f32-k75-c300-fanout_f32_l16-merkle-r8,9a541cf4465350c8440e49c295c1b1c6281286116541217029585332b08b6d09,merkle,repair_sql_building_ms,0.644
size-scaling-k75-c300-n5000000-f32-k75-c300-fanout_f32_l16-merkle-r8,9a541cf4465350c8440e49c295c1b1c6281286116541217029585332b08b6d09,merkle,repair_dml_wire_ms,18.350
size-scaling-k75-c300-n5000000-f32-k75-c300-fanout_f32_l16-merkle-r8,9a541cf4465350c8440e49c295c1b1c6281286116541217029585332b08b6d09,merkle,repair_commit_wire_ms,14.300
size-scaling-k75-c300-n5000000-f32-k75-c300-fanout_f32_l16-merkle-r8,9a541cf4465350c8440e49c295c1b1c6281286116541217029585332b08b6d09,merkle,repair_begin_wire_ms,0.170
size-scaling-k75-c300-n5000000-f32-k75-c300-fanout_f32_l16-merkle-r8,9a541cf4465350c8440e49c295c1b1c6281286116541217029585332b08b6d09,merkle,repair_transaction_block_ms,33.527
size-scaling-k75-c300-n5000000-f32-k75-c300-fanout_f32_l16-merkle-r8,9a541cf4465350c8440e49c295c1b1c6281286116541217029585332b08b6d09,merkle,repair_write_ms,33.532
size-scaling-k75-c300-n5000000-f32-k75-c300-fanout_f32_l16-merkle-r8,9a541cf4465350c8440e49c295c1b1c6281286116541217029585332b08b6d09,merkle,targeted_post_repair_confirmation_ms,3.918
size-scaling-k75-c300-n5000000-f32-k75-c300-fanout_f32_l16-merkle-r8,9a541cf4465350c8440e49c295c1b1c6281286116541217029585332b08b6d09,merkle,recovery_observability_ms,0.001
size-scaling-k75-c300-n5000000-f32-k75-c300-fanout_f32_l16-merkle-r8,9a541cf4465350c8440e49c295c1b1c6281286116541217029585332b08b6d09,merkle,recovery_orchestration_ms,2.991
size-scaling-k75-c300-n5000000-f32-k75-c300-fanout_f32_l16-merkle-r8,9a541cf4465350c8440e49c295c1b1c6281286116541217029585332b08b6d09,merkle,audit_exact_table_compare_ms,18365.005
size-scaling-k75-c300-n5000000-f32-k75-c300-fanout_f32_l16-merkle-r8,9a541cf4465350c8440e49c295c1b1c6281286116541217029585332b08b6d09,merkle,audit_merkle_root_hash_ms,1.241
size-scaling-k75-c300-n5000000-f32-k75-c300-fanout_f32_l16-merkle-r8,9a541cf4465350c8440e49c295c1b1c6281286116541217029585332b08b6d09,merkle,audit_merkle_verify_ms,15355.250
size-scaling-k75-c300-n5000000-f32-k75-c300-fanout_f32_l16-merkle-r8,9a541cf4465350c8440e49c295c1b1c6281286116541217029585332b08b6d09,merkle,audit_schema_fidelity_ms,2.202
size-scaling-k75-c300-n5000000-f32-k75-c300-fanout_f32_l16-merkle-r8,9a541cf4465350c8440e49c295c1b1c6281286116541217029585332b08b6d09,merkle,merkle_total_ms,33956.626
size-scaling-k75-c300-n5000000-f32-k75-c300-fanout_f32_l16-merkle-r9,9a541cf4465350c8440e49c295c1b1c6281286116541217029585332b08b6d09,merkle,tree_localisation_ms,113.927
size-scaling-k75-c300-n5000000-f32-k75-c300-fanout_f32_l16-merkle-r9,9a541cf4465350c8440e49c295c1b1c6281286116541217029585332b08b6d09,merkle,candidate_row_fetch_ms,47.028
size-scaling-k75-c300-n5000000-f32-k75-c300-fanout_f32_l16-merkle-r9,9a541cf4465350c8440e49c295c1b1c6281286116541217029585332b08b6d09,merkle,row_comparison_ms,1.886
size-scaling-k75-c300-n5000000-f32-k75-c300-fanout_f32_l16-merkle-r9,9a541cf4465350c8440e49c295c1b1c6281286116541217029585332b08b6d09,merkle,repair_sql_building_ms,0.487
size-scaling-k75-c300-n5000000-f32-k75-c300-fanout_f32_l16-merkle-r9,9a541cf4465350c8440e49c295c1b1c6281286116541217029585332b08b6d09,merkle,repair_dml_wire_ms,22.756
size-scaling-k75-c300-n5000000-f32-k75-c300-fanout_f32_l16-merkle-r9,9a541cf4465350c8440e49c295c1b1c6281286116541217029585332b08b6d09,merkle,repair_commit_wire_ms,13.828
size-scaling-k75-c300-n5000000-f32-k75-c300-fanout_f32_l16-merkle-r9,9a541cf4465350c8440e49c295c1b1c6281286116541217029585332b08b6d09,merkle,repair_begin_wire_ms,0.160
size-scaling-k75-c300-n5000000-f32-k75-c300-fanout_f32_l16-merkle-r9,9a541cf4465350c8440e49c295c1b1c6281286116541217029585332b08b6d09,merkle,repair_transaction_block_ms,37.268
size-scaling-k75-c300-n5000000-f32-k75-c300-fanout_f32_l16-merkle-r9,9a541cf4465350c8440e49c295c1b1c6281286116541217029585332b08b6d09,merkle,repair_write_ms,37.273
size-scaling-k75-c300-n5000000-f32-k75-c300-fanout_f32_l16-merkle-r9,9a541cf4465350c8440e49c295c1b1c6281286116541217029585332b08b6d09,merkle,targeted_post_repair_confirmation_ms,3.629
size-scaling-k75-c300-n5000000-f32-k75-c300-fanout_f32_l16-merkle-r9,9a541cf4465350c8440e49c295c1b1c6281286116541217029585332b08b6d09,merkle,recovery_observability_ms,0.001
size-scaling-k75-c300-n5000000-f32-k75-c300-fanout_f32_l16-merkle-r9,9a541cf4465350c8440e49c295c1b1c6281286116541217029585332b08b6d09,merkle,recovery_orchestration_ms,2.543
size-scaling-k75-c300-n5000000-f32-k75-c300-fanout_f32_l16-merkle-r9,9a541cf4465350c8440e49c295c1b1c6281286116541217029585332b08b6d09,merkle,audit_exact_table_compare_ms,18348.761
size-scaling-k75-c300-n5000000-f32-k75-c300-fanout_f32_l16-merkle-r9,9a541cf4465350c8440e49c295c1b1c6281286116541217029585332b08b6d09,merkle,audit_merkle_root_hash_ms,1.228
size-scaling-k75-c300-n5000000-f32-k75-c300-fanout_f32_l16-merkle-r9,9a541cf4465350c8440e49c295c1b1c6281286116541217029585332b08b6d09,merkle,audit_merkle_verify_ms,15397.818
size-scaling-k75-c300-n5000000-f32-k75-c300-fanout_f32_l16-merkle-r9,9a541cf4465350c8440e49c295c1b1c6281286116541217029585332b08b6d09,merkle,audit_schema_fidelity_ms,2.181
size-scaling-k75-c300-n5000000-f32-k75-c300-fanout_f32_l16-merkle-r9,9a541cf4465350c8440e49c295c1b1c6281286116541217029585332b08b6d09,merkle,merkle_total_ms,33968.111
size-scaling-k75-c300-n7000000-f32-k75-c300-fanout_f32_l16-merkle-r0,b7e211076e0cf6b41be4c796a1a308962833125d4e9d5d4830b2ec1d043cb10e,merkle,tree_localisation_ms,154.781
size-scaling-k75-c300-n7000000-f32-k75-c300-fanout_f32_l16-merkle-r0,b7e211076e0cf6b41be4c796a1a308962833125d4e9d5d4830b2ec1d043cb10e,merkle,candidate_row_fetch_ms,29.726
size-scaling-k75-c300-n7000000-f32-k75-c300-fanout_f32_l16-merkle-r0,b7e211076e0cf6b41be4c796a1a308962833125d4e9d5d4830b2ec1d043cb10e,merkle,row_comparison_ms,1.273
size-scaling-k75-c300-n7000000-f32-k75-c300-fanout_f32_l16-merkle-r0,b7e211076e0cf6b41be4c796a1a308962833125d4e9d5d4830b2ec1d043cb10e,merkle,repair_sql_building_ms,0.515
size-scaling-k75-c300-n7000000-f32-k75-c300-fanout_f32_l16-merkle-r0,b7e211076e0cf6b41be4c796a1a308962833125d4e9d5d4830b2ec1d043cb10e,merkle,repair_dml_wire_ms,17.523
size-scaling-k75-c300-n7000000-f32-k75-c300-fanout_f32_l16-merkle-r0,b7e211076e0cf6b41be4c796a1a308962833125d4e9d5d4830b2ec1d043cb10e,merkle,repair_commit_wire_ms,10.481
size-scaling-k75-c300-n7000000-f32-k75-c300-fanout_f32_l16-merkle-r0,b7e211076e0cf6b41be4c796a1a308962833125d4e9d5d4830b2ec1d043cb10e,merkle,repair_begin_wire_ms,0.113
size-scaling-k75-c300-n7000000-f32-k75-c300-fanout_f32_l16-merkle-r0,b7e211076e0cf6b41be4c796a1a308962833125d4e9d5d4830b2ec1d043cb10e,merkle,repair_transaction_block_ms,28.680
size-scaling-k75-c300-n7000000-f32-k75-c300-fanout_f32_l16-merkle-r0,b7e211076e0cf6b41be4c796a1a308962833125d4e9d5d4830b2ec1d043cb10e,merkle,repair_write_ms,28.684
size-scaling-k75-c300-n7000000-f32-k75-c300-fanout_f32_l16-merkle-r0,b7e211076e0cf6b41be4c796a1a308962833125d4e9d5d4830b2ec1d043cb10e,merkle,targeted_post_repair_confirmation_ms,3.592
size-scaling-k75-c300-n7000000-f32-k75-c300-fanout_f32_l16-merkle-r0,b7e211076e0cf6b41be4c796a1a308962833125d4e9d5d4830b2ec1d043cb10e,merkle,recovery_observability_ms,0.001
size-scaling-k75-c300-n7000000-f32-k75-c300-fanout_f32_l16-merkle-r0,b7e211076e0cf6b41be4c796a1a308962833125d4e9d5d4830b2ec1d043cb10e,merkle,recovery_orchestration_ms,2.438
size-scaling-k75-c300-n7000000-f32-k75-c300-fanout_f32_l16-merkle-r0,b7e211076e0cf6b41be4c796a1a308962833125d4e9d5d4830b2ec1d043cb10e,merkle,audit_exact_table_compare_ms,25255.130
size-scaling-k75-c300-n7000000-f32-k75-c300-fanout_f32_l16-merkle-r0,b7e211076e0cf6b41be4c796a1a308962833125d4e9d5d4830b2ec1d043cb10e,merkle,audit_merkle_root_hash_ms,1.342
size-scaling-k75-c300-n7000000-f32-k75-c300-fanout_f32_l16-merkle-r0,b7e211076e0cf6b41be4c796a1a308962833125d4e9d5d4830b2ec1d043cb10e,merkle,audit_merkle_verify_ms,21549.854
size-scaling-k75-c300-n7000000-f32-k75-c300-fanout_f32_l16-merkle-r0,b7e211076e0cf6b41be4c796a1a308962833125d4e9d5d4830b2ec1d043cb10e,merkle,audit_schema_fidelity_ms,2.205
size-scaling-k75-c300-n7000000-f32-k75-c300-fanout_f32_l16-merkle-r0,b7e211076e0cf6b41be4c796a1a308962833125d4e9d5d4830b2ec1d043cb10e,merkle,merkle_total_ms,47051.771
size-scaling-k75-c300-n7000000-f32-k75-c300-fanout_f32_l16-merkle-r1,b7e211076e0cf6b41be4c796a1a308962833125d4e9d5d4830b2ec1d043cb10e,merkle,tree_localisation_ms,121.420
size-scaling-k75-c300-n7000000-f32-k75-c300-fanout_f32_l16-merkle-r1,b7e211076e0cf6b41be4c796a1a308962833125d4e9d5d4830b2ec1d043cb10e,merkle,candidate_row_fetch_ms,24.982
size-scaling-k75-c300-n7000000-f32-k75-c300-fanout_f32_l16-merkle-r1,b7e211076e0cf6b41be4c796a1a308962833125d4e9d5d4830b2ec1d043cb10e,merkle,row_comparison_ms,1.035
size-scaling-k75-c300-n7000000-f32-k75-c300-fanout_f32_l16-merkle-r1,b7e211076e0cf6b41be4c796a1a308962833125d4e9d5d4830b2ec1d043cb10e,merkle,repair_sql_building_ms,0.365
size-scaling-k75-c300-n7000000-f32-k75-c300-fanout_f32_l16-merkle-r1,b7e211076e0cf6b41be4c796a1a308962833125d4e9d5d4830b2ec1d043cb10e,merkle,repair_dml_wire_ms,18.074
size-scaling-k75-c300-n7000000-f32-k75-c300-fanout_f32_l16-merkle-r1,b7e211076e0cf6b41be4c796a1a308962833125d4e9d5d4830b2ec1d043cb10e,merkle,repair_commit_wire_ms,9.388
size-scaling-k75-c300-n7000000-f32-k75-c300-fanout_f32_l16-merkle-r1,b7e211076e0cf6b41be4c796a1a308962833125d4e9d5d4830b2ec1d043cb10e,merkle,repair_begin_wire_ms,0.129
size-scaling-k75-c300-n7000000-f32-k75-c300-fanout_f32_l16-merkle-r1,b7e211076e0cf6b41be4c796a1a308962833125d4e9d5d4830b2ec1d043cb10e,merkle,repair_transaction_block_ms,27.986
size-scaling-k75-c300-n7000000-f32-k75-c300-fanout_f32_l16-merkle-r1,b7e211076e0cf6b41be4c796a1a308962833125d4e9d5d4830b2ec1d043cb10e,merkle,repair_write_ms,27.989
size-scaling-k75-c300-n7000000-f32-k75-c300-fanout_f32_l16-merkle-r1,b7e211076e0cf6b41be4c796a1a308962833125d4e9d5d4830b2ec1d043cb10e,merkle,targeted_post_repair_confirmation_ms,2.607
size-scaling-k75-c300-n7000000-f32-k75-c300-fanout_f32_l16-merkle-r1,b7e211076e0cf6b41be4c796a1a308962833125d4e9d5d4830b2ec1d043cb10e,merkle,recovery_observability_ms,0.001
size-scaling-k75-c300-n7000000-f32-k75-c300-fanout_f32_l16-merkle-r1,b7e211076e0cf6b41be4c796a1a308962833125d4e9d5d4830b2ec1d043cb10e,merkle,recovery_orchestration_ms,2.092
size-scaling-k75-c300-n7000000-f32-k75-c300-fanout_f32_l16-merkle-r1,b7e211076e0cf6b41be4c796a1a308962833125d4e9d5d4830b2ec1d043cb10e,merkle,audit_exact_table_compare_ms,25208.720
size-scaling-k75-c300-n7000000-f32-k75-c300-fanout_f32_l16-merkle-r1,b7e211076e0cf6b41be4c796a1a308962833125d4e9d5d4830b2ec1d043cb10e,merkle,audit_merkle_root_hash_ms,1.301
size-scaling-k75-c300-n7000000-f32-k75-c300-fanout_f32_l16-merkle-r1,b7e211076e0cf6b41be4c796a1a308962833125d4e9d5d4830b2ec1d043cb10e,merkle,audit_merkle_verify_ms,21807.997
size-scaling-k75-c300-n7000000-f32-k75-c300-fanout_f32_l16-merkle-r1,b7e211076e0cf6b41be4c796a1a308962833125d4e9d5d4830b2ec1d043cb10e,merkle,audit_schema_fidelity_ms,2.198
size-scaling-k75-c300-n7000000-f32-k75-c300-fanout_f32_l16-merkle-r1,b7e211076e0cf6b41be4c796a1a308962833125d4e9d5d4830b2ec1d043cb10e,merkle,merkle_total_ms,47212.047
size-scaling-k75-c300-n7000000-f32-k75-c300-fanout_f32_l16-merkle-r2,b7e211076e0cf6b41be4c796a1a308962833125d4e9d5d4830b2ec1d043cb10e,merkle,tree_localisation_ms,149.887
size-scaling-k75-c300-n7000000-f32-k75-c300-fanout_f32_l16-merkle-r2,b7e211076e0cf6b41be4c796a1a308962833125d4e9d5d4830b2ec1d043cb10e,merkle,candidate_row_fetch_ms,30.334
size-scaling-k75-c300-n7000000-f32-k75-c300-fanout_f32_l16-merkle-r2,b7e211076e0cf6b41be4c796a1a308962833125d4e9d5d4830b2ec1d043cb10e,merkle,row_comparison_ms,1.363
size-scaling-k75-c300-n7000000-f32-k75-c300-fanout_f32_l16-merkle-r2,b7e211076e0cf6b41be4c796a1a308962833125d4e9d5d4830b2ec1d043cb10e,merkle,repair_sql_building_ms,0.516
size-scaling-k75-c300-n7000000-f32-k75-c300-fanout_f32_l16-merkle-r2,b7e211076e0cf6b41be4c796a1a308962833125d4e9d5d4830b2ec1d043cb10e,merkle,repair_dml_wire_ms,17.803
size-scaling-k75-c300-n7000000-f32-k75-c300-fanout_f32_l16-merkle-r2,b7e211076e0cf6b41be4c796a1a308962833125d4e9d5d4830b2ec1d043cb10e,merkle,repair_commit_wire_ms,10.550
size-scaling-k75-c300-n7000000-f32-k75-c300-fanout_f32_l16-merkle-r2,b7e211076e0cf6b41be4c796a1a308962833125d4e9d5d4830b2ec1d043cb10e,merkle,repair_begin_wire_ms,0.121
size-scaling-k75-c300-n7000000-f32-k75-c300-fanout_f32_l16-merkle-r2,b7e211076e0cf6b41be4c796a1a308962833125d4e9d5d4830b2ec1d043cb10e,merkle,repair_transaction_block_ms,29.038
size-scaling-k75-c300-n7000000-f32-k75-c300-fanout_f32_l16-merkle-r2,b7e211076e0cf6b41be4c796a1a308962833125d4e9d5d4830b2ec1d043cb10e,merkle,repair_write_ms,29.043
size-scaling-k75-c300-n7000000-f32-k75-c300-fanout_f32_l16-merkle-r2,b7e211076e0cf6b41be4c796a1a308962833125d4e9d5d4830b2ec1d043cb10e,merkle,targeted_post_repair_confirmation_ms,3.584
size-scaling-k75-c300-n7000000-f32-k75-c300-fanout_f32_l16-merkle-r2,b7e211076e0cf6b41be4c796a1a308962833125d4e9d5d4830b2ec1d043cb10e,merkle,recovery_observability_ms,0.001
size-scaling-k75-c300-n7000000-f32-k75-c300-fanout_f32_l16-merkle-r2,b7e211076e0cf6b41be4c796a1a308962833125d4e9d5d4830b2ec1d043cb10e,merkle,recovery_orchestration_ms,2.476
size-scaling-k75-c300-n7000000-f32-k75-c300-fanout_f32_l16-merkle-r2,b7e211076e0cf6b41be4c796a1a308962833125d4e9d5d4830b2ec1d043cb10e,merkle,audit_exact_table_compare_ms,25270.872
size-scaling-k75-c300-n7000000-f32-k75-c300-fanout_f32_l16-merkle-r2,b7e211076e0cf6b41be4c796a1a308962833125d4e9d5d4830b2ec1d043cb10e,merkle,audit_merkle_root_hash_ms,1.317
size-scaling-k75-c300-n7000000-f32-k75-c300-fanout_f32_l16-merkle-r2,b7e211076e0cf6b41be4c796a1a308962833125d4e9d5d4830b2ec1d043cb10e,merkle,audit_merkle_verify_ms,21820.462
size-scaling-k75-c300-n7000000-f32-k75-c300-fanout_f32_l16-merkle-r2,b7e211076e0cf6b41be4c796a1a308962833125d4e9d5d4830b2ec1d043cb10e,merkle,audit_schema_fidelity_ms,2.185
size-scaling-k75-c300-n7000000-f32-k75-c300-fanout_f32_l16-merkle-r2,b7e211076e0cf6b41be4c796a1a308962833125d4e9d5d4830b2ec1d043cb10e,merkle,merkle_total_ms,47323.392
size-scaling-k75-c300-n7000000-f32-k75-c300-fanout_f32_l16-merkle-r3,b7e211076e0cf6b41be4c796a1a308962833125d4e9d5d4830b2ec1d043cb10e,merkle,tree_localisation_ms,100.589
size-scaling-k75-c300-n7000000-f32-k75-c300-fanout_f32_l16-merkle-r3,b7e211076e0cf6b41be4c796a1a308962833125d4e9d5d4830b2ec1d043cb10e,merkle,candidate_row_fetch_ms,14.816
size-scaling-k75-c300-n7000000-f32-k75-c300-fanout_f32_l16-merkle-r3,b7e211076e0cf6b41be4c796a1a308962833125d4e9d5d4830b2ec1d043cb10e,merkle,row_comparison_ms,0.565
size-scaling-k75-c300-n7000000-f32-k75-c300-fanout_f32_l16-merkle-r3,b7e211076e0cf6b41be4c796a1a308962833125d4e9d5d4830b2ec1d043cb10e,merkle,repair_sql_building_ms,0.245
size-scaling-k75-c300-n7000000-f32-k75-c300-fanout_f32_l16-merkle-r3,b7e211076e0cf6b41be4c796a1a308962833125d4e9d5d4830b2ec1d043cb10e,merkle,repair_dml_wire_ms,7.489
size-scaling-k75-c300-n7000000-f32-k75-c300-fanout_f32_l16-merkle-r3,b7e211076e0cf6b41be4c796a1a308962833125d4e9d5d4830b2ec1d043cb10e,merkle,repair_commit_wire_ms,6.167
size-scaling-k75-c300-n7000000-f32-k75-c300-fanout_f32_l16-merkle-r3,b7e211076e0cf6b41be4c796a1a308962833125d4e9d5d4830b2ec1d043cb10e,merkle,repair_begin_wire_ms,0.056
size-scaling-k75-c300-n7000000-f32-k75-c300-fanout_f32_l16-merkle-r3,b7e211076e0cf6b41be4c796a1a308962833125d4e9d5d4830b2ec1d043cb10e,merkle,repair_transaction_block_ms,13.983
size-scaling-k75-c300-n7000000-f32-k75-c300-fanout_f32_l16-merkle-r3,b7e211076e0cf6b41be4c796a1a308962833125d4e9d5d4830b2ec1d043cb10e,merkle,repair_write_ms,13.985
size-scaling-k75-c300-n7000000-f32-k75-c300-fanout_f32_l16-merkle-r3,b7e211076e0cf6b41be4c796a1a308962833125d4e9d5d4830b2ec1d043cb10e,merkle,targeted_post_repair_confirmation_ms,1.693
size-scaling-k75-c300-n7000000-f32-k75-c300-fanout_f32_l16-merkle-r3,b7e211076e0cf6b41be4c796a1a308962833125d4e9d5d4830b2ec1d043cb10e,merkle,recovery_observability_ms,0.001
size-scaling-k75-c300-n7000000-f32-k75-c300-fanout_f32_l16-merkle-r3,b7e211076e0cf6b41be4c796a1a308962833125d4e9d5d4830b2ec1d043cb10e,merkle,recovery_orchestration_ms,1.474
size-scaling-k75-c300-n7000000-f32-k75-c300-fanout_f32_l16-merkle-r3,b7e211076e0cf6b41be4c796a1a308962833125d4e9d5d4830b2ec1d043cb10e,merkle,audit_exact_table_compare_ms,25206.558
size-scaling-k75-c300-n7000000-f32-k75-c300-fanout_f32_l16-merkle-r3,b7e211076e0cf6b41be4c796a1a308962833125d4e9d5d4830b2ec1d043cb10e,merkle,audit_merkle_root_hash_ms,1.304
size-scaling-k75-c300-n7000000-f32-k75-c300-fanout_f32_l16-merkle-r3,b7e211076e0cf6b41be4c796a1a308962833125d4e9d5d4830b2ec1d043cb10e,merkle,audit_merkle_verify_ms,21590.804
size-scaling-k75-c300-n7000000-f32-k75-c300-fanout_f32_l16-merkle-r3,b7e211076e0cf6b41be4c796a1a308962833125d4e9d5d4830b2ec1d043cb10e,merkle,audit_schema_fidelity_ms,2.198
size-scaling-k75-c300-n7000000-f32-k75-c300-fanout_f32_l16-merkle-r3,b7e211076e0cf6b41be4c796a1a308962833125d4e9d5d4830b2ec1d043cb10e,merkle,merkle_total_ms,46945.245
size-scaling-k75-c300-n7000000-f32-k75-c300-fanout_f32_l16-merkle-r4,b7e211076e0cf6b41be4c796a1a308962833125d4e9d5d4830b2ec1d043cb10e,merkle,tree_localisation_ms,100.499
size-scaling-k75-c300-n7000000-f32-k75-c300-fanout_f32_l16-merkle-r4,b7e211076e0cf6b41be4c796a1a308962833125d4e9d5d4830b2ec1d043cb10e,merkle,candidate_row_fetch_ms,14.848
size-scaling-k75-c300-n7000000-f32-k75-c300-fanout_f32_l16-merkle-r4,b7e211076e0cf6b41be4c796a1a308962833125d4e9d5d4830b2ec1d043cb10e,merkle,row_comparison_ms,0.552
size-scaling-k75-c300-n7000000-f32-k75-c300-fanout_f32_l16-merkle-r4,b7e211076e0cf6b41be4c796a1a308962833125d4e9d5d4830b2ec1d043cb10e,merkle,repair_sql_building_ms,0.229
size-scaling-k75-c300-n7000000-f32-k75-c300-fanout_f32_l16-merkle-r4,b7e211076e0cf6b41be4c796a1a308962833125d4e9d5d4830b2ec1d043cb10e,merkle,repair_dml_wire_ms,7.357
size-scaling-k75-c300-n7000000-f32-k75-c300-fanout_f32_l16-merkle-r4,b7e211076e0cf6b41be4c796a1a308962833125d4e9d5d4830b2ec1d043cb10e,merkle,repair_commit_wire_ms,6.138
size-scaling-k75-c300-n7000000-f32-k75-c300-fanout_f32_l16-merkle-r4,b7e211076e0cf6b41be4c796a1a308962833125d4e9d5d4830b2ec1d043cb10e,merkle,repair_begin_wire_ms,0.057
size-scaling-k75-c300-n7000000-f32-k75-c300-fanout_f32_l16-merkle-r4,b7e211076e0cf6b41be4c796a1a308962833125d4e9d5d4830b2ec1d043cb10e,merkle,repair_transaction_block_ms,13.806
size-scaling-k75-c300-n7000000-f32-k75-c300-fanout_f32_l16-merkle-r4,b7e211076e0cf6b41be4c796a1a308962833125d4e9d5d4830b2ec1d043cb10e,merkle,repair_write_ms,13.808
size-scaling-k75-c300-n7000000-f32-k75-c300-fanout_f32_l16-merkle-r4,b7e211076e0cf6b41be4c796a1a308962833125d4e9d5d4830b2ec1d043cb10e,merkle,targeted_post_repair_confirmation_ms,1.666
size-scaling-k75-c300-n7000000-f32-k75-c300-fanout_f32_l16-merkle-r4,b7e211076e0cf6b41be4c796a1a308962833125d4e9d5d4830b2ec1d043cb10e,merkle,recovery_observability_ms,0.001
size-scaling-k75-c300-n7000000-f32-k75-c300-fanout_f32_l16-merkle-r4,b7e211076e0cf6b41be4c796a1a308962833125d4e9d5d4830b2ec1d043cb10e,merkle,recovery_orchestration_ms,1.465
size-scaling-k75-c300-n7000000-f32-k75-c300-fanout_f32_l16-merkle-r4,b7e211076e0cf6b41be4c796a1a308962833125d4e9d5d4830b2ec1d043cb10e,merkle,audit_exact_table_compare_ms,25323.709
size-scaling-k75-c300-n7000000-f32-k75-c300-fanout_f32_l16-merkle-r4,b7e211076e0cf6b41be4c796a1a308962833125d4e9d5d4830b2ec1d043cb10e,merkle,audit_merkle_root_hash_ms,1.306
size-scaling-k75-c300-n7000000-f32-k75-c300-fanout_f32_l16-merkle-r4,b7e211076e0cf6b41be4c796a1a308962833125d4e9d5d4830b2ec1d043cb10e,merkle,audit_merkle_verify_ms,21567.247
size-scaling-k75-c300-n7000000-f32-k75-c300-fanout_f32_l16-merkle-r4,b7e211076e0cf6b41be4c796a1a308962833125d4e9d5d4830b2ec1d043cb10e,merkle,audit_schema_fidelity_ms,2.174
size-scaling-k75-c300-n7000000-f32-k75-c300-fanout_f32_l16-merkle-r4,b7e211076e0cf6b41be4c796a1a308962833125d4e9d5d4830b2ec1d043cb10e,merkle,merkle_total_ms,47038.591
size-scaling-k75-c300-n7000000-f32-k75-c300-fanout_f32_l16-merkle-r5,b7e211076e0cf6b41be4c796a1a308962833125d4e9d5d4830b2ec1d043cb10e,merkle,tree_localisation_ms,101.463
size-scaling-k75-c300-n7000000-f32-k75-c300-fanout_f32_l16-merkle-r5,b7e211076e0cf6b41be4c796a1a308962833125d4e9d5d4830b2ec1d043cb10e,merkle,candidate_row_fetch_ms,14.830
size-scaling-k75-c300-n7000000-f32-k75-c300-fanout_f32_l16-merkle-r5,b7e211076e0cf6b41be4c796a1a308962833125d4e9d5d4830b2ec1d043cb10e,merkle,row_comparison_ms,0.551
size-scaling-k75-c300-n7000000-f32-k75-c300-fanout_f32_l16-merkle-r5,b7e211076e0cf6b41be4c796a1a308962833125d4e9d5d4830b2ec1d043cb10e,merkle,repair_sql_building_ms,0.234
size-scaling-k75-c300-n7000000-f32-k75-c300-fanout_f32_l16-merkle-r5,b7e211076e0cf6b41be4c796a1a308962833125d4e9d5d4830b2ec1d043cb10e,merkle,repair_dml_wire_ms,7.267
size-scaling-k75-c300-n7000000-f32-k75-c300-fanout_f32_l16-merkle-r5,b7e211076e0cf6b41be4c796a1a308962833125d4e9d5d4830b2ec1d043cb10e,merkle,repair_commit_wire_ms,6.128
size-scaling-k75-c300-n7000000-f32-k75-c300-fanout_f32_l16-merkle-r5,b7e211076e0cf6b41be4c796a1a308962833125d4e9d5d4830b2ec1d043cb10e,merkle,repair_begin_wire_ms,0.056
size-scaling-k75-c300-n7000000-f32-k75-c300-fanout_f32_l16-merkle-r5,b7e211076e0cf6b41be4c796a1a308962833125d4e9d5d4830b2ec1d043cb10e,merkle,repair_transaction_block_ms,13.709
size-scaling-k75-c300-n7000000-f32-k75-c300-fanout_f32_l16-merkle-r5,b7e211076e0cf6b41be4c796a1a308962833125d4e9d5d4830b2ec1d043cb10e,merkle,repair_write_ms,13.710
size-scaling-k75-c300-n7000000-f32-k75-c300-fanout_f32_l16-merkle-r5,b7e211076e0cf6b41be4c796a1a308962833125d4e9d5d4830b2ec1d043cb10e,merkle,targeted_post_repair_confirmation_ms,1.667
size-scaling-k75-c300-n7000000-f32-k75-c300-fanout_f32_l16-merkle-r5,b7e211076e0cf6b41be4c796a1a308962833125d4e9d5d4830b2ec1d043cb10e,merkle,recovery_observability_ms,0.001
size-scaling-k75-c300-n7000000-f32-k75-c300-fanout_f32_l16-merkle-r5,b7e211076e0cf6b41be4c796a1a308962833125d4e9d5d4830b2ec1d043cb10e,merkle,recovery_orchestration_ms,1.478
size-scaling-k75-c300-n7000000-f32-k75-c300-fanout_f32_l16-merkle-r5,b7e211076e0cf6b41be4c796a1a308962833125d4e9d5d4830b2ec1d043cb10e,merkle,audit_exact_table_compare_ms,25294.486
size-scaling-k75-c300-n7000000-f32-k75-c300-fanout_f32_l16-merkle-r5,b7e211076e0cf6b41be4c796a1a308962833125d4e9d5d4830b2ec1d043cb10e,merkle,audit_merkle_root_hash_ms,1.299
size-scaling-k75-c300-n7000000-f32-k75-c300-fanout_f32_l16-merkle-r5,b7e211076e0cf6b41be4c796a1a308962833125d4e9d5d4830b2ec1d043cb10e,merkle,audit_merkle_verify_ms,21546.306
size-scaling-k75-c300-n7000000-f32-k75-c300-fanout_f32_l16-merkle-r5,b7e211076e0cf6b41be4c796a1a308962833125d4e9d5d4830b2ec1d043cb10e,merkle,audit_schema_fidelity_ms,2.184
size-scaling-k75-c300-n7000000-f32-k75-c300-fanout_f32_l16-merkle-r5,b7e211076e0cf6b41be4c796a1a308962833125d4e9d5d4830b2ec1d043cb10e,merkle,merkle_total_ms,46989.317
size-scaling-k75-c300-n7000000-f32-k75-c300-fanout_f32_l16-merkle-r6,b7e211076e0cf6b41be4c796a1a308962833125d4e9d5d4830b2ec1d043cb10e,merkle,tree_localisation_ms,101.482
size-scaling-k75-c300-n7000000-f32-k75-c300-fanout_f32_l16-merkle-r6,b7e211076e0cf6b41be4c796a1a308962833125d4e9d5d4830b2ec1d043cb10e,merkle,candidate_row_fetch_ms,14.964
size-scaling-k75-c300-n7000000-f32-k75-c300-fanout_f32_l16-merkle-r6,b7e211076e0cf6b41be4c796a1a308962833125d4e9d5d4830b2ec1d043cb10e,merkle,row_comparison_ms,0.541
size-scaling-k75-c300-n7000000-f32-k75-c300-fanout_f32_l16-merkle-r6,b7e211076e0cf6b41be4c796a1a308962833125d4e9d5d4830b2ec1d043cb10e,merkle,repair_sql_building_ms,0.241
size-scaling-k75-c300-n7000000-f32-k75-c300-fanout_f32_l16-merkle-r6,b7e211076e0cf6b41be4c796a1a308962833125d4e9d5d4830b2ec1d043cb10e,merkle,repair_dml_wire_ms,7.167
size-scaling-k75-c300-n7000000-f32-k75-c300-fanout_f32_l16-merkle-r6,b7e211076e0cf6b41be4c796a1a308962833125d4e9d5d4830b2ec1d043cb10e,merkle,repair_commit_wire_ms,6.124
size-scaling-k75-c300-n7000000-f32-k75-c300-fanout_f32_l16-merkle-r6,b7e211076e0cf6b41be4c796a1a308962833125d4e9d5d4830b2ec1d043cb10e,merkle,repair_begin_wire_ms,0.057
size-scaling-k75-c300-n7000000-f32-k75-c300-fanout_f32_l16-merkle-r6,b7e211076e0cf6b41be4c796a1a308962833125d4e9d5d4830b2ec1d043cb10e,merkle,repair_transaction_block_ms,13.614
size-scaling-k75-c300-n7000000-f32-k75-c300-fanout_f32_l16-merkle-r6,b7e211076e0cf6b41be4c796a1a308962833125d4e9d5d4830b2ec1d043cb10e,merkle,repair_write_ms,13.616
size-scaling-k75-c300-n7000000-f32-k75-c300-fanout_f32_l16-merkle-r6,b7e211076e0cf6b41be4c796a1a308962833125d4e9d5d4830b2ec1d043cb10e,merkle,targeted_post_repair_confirmation_ms,1.673
size-scaling-k75-c300-n7000000-f32-k75-c300-fanout_f32_l16-merkle-r6,b7e211076e0cf6b41be4c796a1a308962833125d4e9d5d4830b2ec1d043cb10e,merkle,recovery_observability_ms,0.001
size-scaling-k75-c300-n7000000-f32-k75-c300-fanout_f32_l16-merkle-r6,b7e211076e0cf6b41be4c796a1a308962833125d4e9d5d4830b2ec1d043cb10e,merkle,recovery_orchestration_ms,1.466
size-scaling-k75-c300-n7000000-f32-k75-c300-fanout_f32_l16-merkle-r6,b7e211076e0cf6b41be4c796a1a308962833125d4e9d5d4830b2ec1d043cb10e,merkle,audit_exact_table_compare_ms,25322.430
size-scaling-k75-c300-n7000000-f32-k75-c300-fanout_f32_l16-merkle-r6,b7e211076e0cf6b41be4c796a1a308962833125d4e9d5d4830b2ec1d043cb10e,merkle,audit_merkle_root_hash_ms,1.370
size-scaling-k75-c300-n7000000-f32-k75-c300-fanout_f32_l16-merkle-r6,b7e211076e0cf6b41be4c796a1a308962833125d4e9d5d4830b2ec1d043cb10e,merkle,audit_merkle_verify_ms,21859.629
size-scaling-k75-c300-n7000000-f32-k75-c300-fanout_f32_l16-merkle-r6,b7e211076e0cf6b41be4c796a1a308962833125d4e9d5d4830b2ec1d043cb10e,merkle,audit_schema_fidelity_ms,2.203
size-scaling-k75-c300-n7000000-f32-k75-c300-fanout_f32_l16-merkle-r6,b7e211076e0cf6b41be4c796a1a308962833125d4e9d5d4830b2ec1d043cb10e,merkle,merkle_total_ms,47330.654
size-scaling-k75-c300-n7000000-f32-k75-c300-fanout_f32_l16-merkle-r7,b7e211076e0cf6b41be4c796a1a308962833125d4e9d5d4830b2ec1d043cb10e,merkle,tree_localisation_ms,101.429
size-scaling-k75-c300-n7000000-f32-k75-c300-fanout_f32_l16-merkle-r7,b7e211076e0cf6b41be4c796a1a308962833125d4e9d5d4830b2ec1d043cb10e,merkle,candidate_row_fetch_ms,15.106
size-scaling-k75-c300-n7000000-f32-k75-c300-fanout_f32_l16-merkle-r7,b7e211076e0cf6b41be4c796a1a308962833125d4e9d5d4830b2ec1d043cb10e,merkle,row_comparison_ms,0.555
size-scaling-k75-c300-n7000000-f32-k75-c300-fanout_f32_l16-merkle-r7,b7e211076e0cf6b41be4c796a1a308962833125d4e9d5d4830b2ec1d043cb10e,merkle,repair_sql_building_ms,0.232
size-scaling-k75-c300-n7000000-f32-k75-c300-fanout_f32_l16-merkle-r7,b7e211076e0cf6b41be4c796a1a308962833125d4e9d5d4830b2ec1d043cb10e,merkle,repair_dml_wire_ms,13.617
size-scaling-k75-c300-n7000000-f32-k75-c300-fanout_f32_l16-merkle-r7,b7e211076e0cf6b41be4c796a1a308962833125d4e9d5d4830b2ec1d043cb10e,merkle,repair_commit_wire_ms,6.214
size-scaling-k75-c300-n7000000-f32-k75-c300-fanout_f32_l16-merkle-r7,b7e211076e0cf6b41be4c796a1a308962833125d4e9d5d4830b2ec1d043cb10e,merkle,repair_begin_wire_ms,0.056
size-scaling-k75-c300-n7000000-f32-k75-c300-fanout_f32_l16-merkle-r7,b7e211076e0cf6b41be4c796a1a308962833125d4e9d5d4830b2ec1d043cb10e,merkle,repair_transaction_block_ms,20.146
size-scaling-k75-c300-n7000000-f32-k75-c300-fanout_f32_l16-merkle-r7,b7e211076e0cf6b41be4c796a1a308962833125d4e9d5d4830b2ec1d043cb10e,merkle,repair_write_ms,20.147
size-scaling-k75-c300-n7000000-f32-k75-c300-fanout_f32_l16-merkle-r7,b7e211076e0cf6b41be4c796a1a308962833125d4e9d5d4830b2ec1d043cb10e,merkle,targeted_post_repair_confirmation_ms,1.706
size-scaling-k75-c300-n7000000-f32-k75-c300-fanout_f32_l16-merkle-r7,b7e211076e0cf6b41be4c796a1a308962833125d4e9d5d4830b2ec1d043cb10e,merkle,recovery_observability_ms,0.001
size-scaling-k75-c300-n7000000-f32-k75-c300-fanout_f32_l16-merkle-r7,b7e211076e0cf6b41be4c796a1a308962833125d4e9d5d4830b2ec1d043cb10e,merkle,recovery_orchestration_ms,1.503
size-scaling-k75-c300-n7000000-f32-k75-c300-fanout_f32_l16-merkle-r7,b7e211076e0cf6b41be4c796a1a308962833125d4e9d5d4830b2ec1d043cb10e,merkle,audit_exact_table_compare_ms,25255.004
size-scaling-k75-c300-n7000000-f32-k75-c300-fanout_f32_l16-merkle-r7,b7e211076e0cf6b41be4c796a1a308962833125d4e9d5d4830b2ec1d043cb10e,merkle,audit_merkle_root_hash_ms,1.301
size-scaling-k75-c300-n7000000-f32-k75-c300-fanout_f32_l16-merkle-r7,b7e211076e0cf6b41be4c796a1a308962833125d4e9d5d4830b2ec1d043cb10e,merkle,audit_merkle_verify_ms,21835.814
size-scaling-k75-c300-n7000000-f32-k75-c300-fanout_f32_l16-merkle-r7,b7e211076e0cf6b41be4c796a1a308962833125d4e9d5d4830b2ec1d043cb10e,merkle,audit_schema_fidelity_ms,2.157
size-scaling-k75-c300-n7000000-f32-k75-c300-fanout_f32_l16-merkle-r7,b7e211076e0cf6b41be4c796a1a308962833125d4e9d5d4830b2ec1d043cb10e,merkle,merkle_total_ms,47246.060
size-scaling-k75-c300-n7000000-f32-k75-c300-fanout_f32_l16-merkle-r8,b7e211076e0cf6b41be4c796a1a308962833125d4e9d5d4830b2ec1d043cb10e,merkle,tree_localisation_ms,101.425
size-scaling-k75-c300-n7000000-f32-k75-c300-fanout_f32_l16-merkle-r8,b7e211076e0cf6b41be4c796a1a308962833125d4e9d5d4830b2ec1d043cb10e,merkle,candidate_row_fetch_ms,15.244
size-scaling-k75-c300-n7000000-f32-k75-c300-fanout_f32_l16-merkle-r8,b7e211076e0cf6b41be4c796a1a308962833125d4e9d5d4830b2ec1d043cb10e,merkle,row_comparison_ms,0.544
size-scaling-k75-c300-n7000000-f32-k75-c300-fanout_f32_l16-merkle-r8,b7e211076e0cf6b41be4c796a1a308962833125d4e9d5d4830b2ec1d043cb10e,merkle,repair_sql_building_ms,0.235
size-scaling-k75-c300-n7000000-f32-k75-c300-fanout_f32_l16-merkle-r8,b7e211076e0cf6b41be4c796a1a308962833125d4e9d5d4830b2ec1d043cb10e,merkle,repair_dml_wire_ms,7.114
size-scaling-k75-c300-n7000000-f32-k75-c300-fanout_f32_l16-merkle-r8,b7e211076e0cf6b41be4c796a1a308962833125d4e9d5d4830b2ec1d043cb10e,merkle,repair_commit_wire_ms,6.112
size-scaling-k75-c300-n7000000-f32-k75-c300-fanout_f32_l16-merkle-r8,b7e211076e0cf6b41be4c796a1a308962833125d4e9d5d4830b2ec1d043cb10e,merkle,repair_begin_wire_ms,0.056
size-scaling-k75-c300-n7000000-f32-k75-c300-fanout_f32_l16-merkle-r8,b7e211076e0cf6b41be4c796a1a308962833125d4e9d5d4830b2ec1d043cb10e,merkle,repair_transaction_block_ms,13.541
size-scaling-k75-c300-n7000000-f32-k75-c300-fanout_f32_l16-merkle-r8,b7e211076e0cf6b41be4c796a1a308962833125d4e9d5d4830b2ec1d043cb10e,merkle,repair_write_ms,13.543
size-scaling-k75-c300-n7000000-f32-k75-c300-fanout_f32_l16-merkle-r8,b7e211076e0cf6b41be4c796a1a308962833125d4e9d5d4830b2ec1d043cb10e,merkle,targeted_post_repair_confirmation_ms,1.657
size-scaling-k75-c300-n7000000-f32-k75-c300-fanout_f32_l16-merkle-r8,b7e211076e0cf6b41be4c796a1a308962833125d4e9d5d4830b2ec1d043cb10e,merkle,recovery_observability_ms,0.001
size-scaling-k75-c300-n7000000-f32-k75-c300-fanout_f32_l16-merkle-r8,b7e211076e0cf6b41be4c796a1a308962833125d4e9d5d4830b2ec1d043cb10e,merkle,recovery_orchestration_ms,1.476
size-scaling-k75-c300-n7000000-f32-k75-c300-fanout_f32_l16-merkle-r8,b7e211076e0cf6b41be4c796a1a308962833125d4e9d5d4830b2ec1d043cb10e,merkle,audit_exact_table_compare_ms,25300.915
size-scaling-k75-c300-n7000000-f32-k75-c300-fanout_f32_l16-merkle-r8,b7e211076e0cf6b41be4c796a1a308962833125d4e9d5d4830b2ec1d043cb10e,merkle,audit_merkle_root_hash_ms,1.312
size-scaling-k75-c300-n7000000-f32-k75-c300-fanout_f32_l16-merkle-r8,b7e211076e0cf6b41be4c796a1a308962833125d4e9d5d4830b2ec1d043cb10e,merkle,audit_merkle_verify_ms,21616.035
size-scaling-k75-c300-n7000000-f32-k75-c300-fanout_f32_l16-merkle-r8,b7e211076e0cf6b41be4c796a1a308962833125d4e9d5d4830b2ec1d043cb10e,merkle,audit_schema_fidelity_ms,2.143
size-scaling-k75-c300-n7000000-f32-k75-c300-fanout_f32_l16-merkle-r8,b7e211076e0cf6b41be4c796a1a308962833125d4e9d5d4830b2ec1d043cb10e,merkle,merkle_total_ms,47065.627
size-scaling-k75-c300-n7000000-f32-k75-c300-fanout_f32_l16-merkle-r9,b7e211076e0cf6b41be4c796a1a308962833125d4e9d5d4830b2ec1d043cb10e,merkle,tree_localisation_ms,92.356
size-scaling-k75-c300-n7000000-f32-k75-c300-fanout_f32_l16-merkle-r9,b7e211076e0cf6b41be4c796a1a308962833125d4e9d5d4830b2ec1d043cb10e,merkle,candidate_row_fetch_ms,15.105
size-scaling-k75-c300-n7000000-f32-k75-c300-fanout_f32_l16-merkle-r9,b7e211076e0cf6b41be4c796a1a308962833125d4e9d5d4830b2ec1d043cb10e,merkle,row_comparison_ms,0.554
size-scaling-k75-c300-n7000000-f32-k75-c300-fanout_f32_l16-merkle-r9,b7e211076e0cf6b41be4c796a1a308962833125d4e9d5d4830b2ec1d043cb10e,merkle,repair_sql_building_ms,0.225
size-scaling-k75-c300-n7000000-f32-k75-c300-fanout_f32_l16-merkle-r9,b7e211076e0cf6b41be4c796a1a308962833125d4e9d5d4830b2ec1d043cb10e,merkle,repair_dml_wire_ms,7.161
size-scaling-k75-c300-n7000000-f32-k75-c300-fanout_f32_l16-merkle-r9,b7e211076e0cf6b41be4c796a1a308962833125d4e9d5d4830b2ec1d043cb10e,merkle,repair_commit_wire_ms,6.103
size-scaling-k75-c300-n7000000-f32-k75-c300-fanout_f32_l16-merkle-r9,b7e211076e0cf6b41be4c796a1a308962833125d4e9d5d4830b2ec1d043cb10e,merkle,repair_begin_wire_ms,0.057
size-scaling-k75-c300-n7000000-f32-k75-c300-fanout_f32_l16-merkle-r9,b7e211076e0cf6b41be4c796a1a308962833125d4e9d5d4830b2ec1d043cb10e,merkle,repair_transaction_block_ms,13.571
size-scaling-k75-c300-n7000000-f32-k75-c300-fanout_f32_l16-merkle-r9,b7e211076e0cf6b41be4c796a1a308962833125d4e9d5d4830b2ec1d043cb10e,merkle,repair_write_ms,13.573
size-scaling-k75-c300-n7000000-f32-k75-c300-fanout_f32_l16-merkle-r9,b7e211076e0cf6b41be4c796a1a308962833125d4e9d5d4830b2ec1d043cb10e,merkle,targeted_post_repair_confirmation_ms,1.731
size-scaling-k75-c300-n7000000-f32-k75-c300-fanout_f32_l16-merkle-r9,b7e211076e0cf6b41be4c796a1a308962833125d4e9d5d4830b2ec1d043cb10e,merkle,recovery_observability_ms,0.001
size-scaling-k75-c300-n7000000-f32-k75-c300-fanout_f32_l16-merkle-r9,b7e211076e0cf6b41be4c796a1a308962833125d4e9d5d4830b2ec1d043cb10e,merkle,recovery_orchestration_ms,1.472
size-scaling-k75-c300-n7000000-f32-k75-c300-fanout_f32_l16-merkle-r9,b7e211076e0cf6b41be4c796a1a308962833125d4e9d5d4830b2ec1d043cb10e,merkle,audit_exact_table_compare_ms,25253.976
size-scaling-k75-c300-n7000000-f32-k75-c300-fanout_f32_l16-merkle-r9,b7e211076e0cf6b41be4c796a1a308962833125d4e9d5d4830b2ec1d043cb10e,merkle,audit_merkle_root_hash_ms,1.302
size-scaling-k75-c300-n7000000-f32-k75-c300-fanout_f32_l16-merkle-r9,b7e211076e0cf6b41be4c796a1a308962833125d4e9d5d4830b2ec1d043cb10e,merkle,audit_merkle_verify_ms,21493.210
size-scaling-k75-c300-n7000000-f32-k75-c300-fanout_f32_l16-merkle-r9,b7e211076e0cf6b41be4c796a1a308962833125d4e9d5d4830b2ec1d043cb10e,merkle,audit_schema_fidelity_ms,2.072
size-scaling-k75-c300-n7000000-f32-k75-c300-fanout_f32_l16-merkle-r9,b7e211076e0cf6b41be4c796a1a308962833125d4e9d5d4830b2ec1d043cb10e,merkle,merkle_total_ms,46886.619
size-scaling-k75-c300-n1000000-f32-k75-c300-fanout_f32_l16-merkle-r0,bb23fa703ca18d008a003663c45c4ffeeb2d6053fd41a40aa2541236f8c4a029,merkle,tree_localisation_ms,107.348
size-scaling-k75-c300-n1000000-f32-k75-c300-fanout_f32_l16-merkle-r0,bb23fa703ca18d008a003663c45c4ffeeb2d6053fd41a40aa2541236f8c4a029,merkle,candidate_row_fetch_ms,16.499
size-scaling-k75-c300-n1000000-f32-k75-c300-fanout_f32_l16-merkle-r0,bb23fa703ca18d008a003663c45c4ffeeb2d6053fd41a40aa2541236f8c4a029,merkle,row_comparison_ms,0.638
size-scaling-k75-c300-n1000000-f32-k75-c300-fanout_f32_l16-merkle-r0,bb23fa703ca18d008a003663c45c4ffeeb2d6053fd41a40aa2541236f8c4a029,merkle,repair_sql_building_ms,0.487
size-scaling-k75-c300-n1000000-f32-k75-c300-fanout_f32_l16-merkle-r0,bb23fa703ca18d008a003663c45c4ffeeb2d6053fd41a40aa2541236f8c4a029,merkle,repair_dml_wire_ms,17.155
size-scaling-k75-c300-n1000000-f32-k75-c300-fanout_f32_l16-merkle-r0,bb23fa703ca18d008a003663c45c4ffeeb2d6053fd41a40aa2541236f8c4a029,merkle,repair_commit_wire_ms,9.726
size-scaling-k75-c300-n1000000-f32-k75-c300-fanout_f32_l16-merkle-r0,bb23fa703ca18d008a003663c45c4ffeeb2d6053fd41a40aa2541236f8c4a029,merkle,repair_begin_wire_ms,0.117
size-scaling-k75-c300-n1000000-f32-k75-c300-fanout_f32_l16-merkle-r0,bb23fa703ca18d008a003663c45c4ffeeb2d6053fd41a40aa2541236f8c4a029,merkle,repair_transaction_block_ms,27.535
size-scaling-k75-c300-n1000000-f32-k75-c300-fanout_f32_l16-merkle-r0,bb23fa703ca18d008a003663c45c4ffeeb2d6053fd41a40aa2541236f8c4a029,merkle,repair_write_ms,27.540
size-scaling-k75-c300-n1000000-f32-k75-c300-fanout_f32_l16-merkle-r0,bb23fa703ca18d008a003663c45c4ffeeb2d6053fd41a40aa2541236f8c4a029,merkle,targeted_post_repair_confirmation_ms,3.448
size-scaling-k75-c300-n1000000-f32-k75-c300-fanout_f32_l16-merkle-r0,bb23fa703ca18d008a003663c45c4ffeeb2d6053fd41a40aa2541236f8c4a029,merkle,recovery_observability_ms,0.001
size-scaling-k75-c300-n1000000-f32-k75-c300-fanout_f32_l16-merkle-r0,bb23fa703ca18d008a003663c45c4ffeeb2d6053fd41a40aa2541236f8c4a029,merkle,recovery_orchestration_ms,12.441
size-scaling-k75-c300-n1000000-f32-k75-c300-fanout_f32_l16-merkle-r0,bb23fa703ca18d008a003663c45c4ffeeb2d6053fd41a40aa2541236f8c4a029,merkle,audit_exact_table_compare_ms,4205.824
size-scaling-k75-c300-n1000000-f32-k75-c300-fanout_f32_l16-merkle-r0,bb23fa703ca18d008a003663c45c4ffeeb2d6053fd41a40aa2541236f8c4a029,merkle,audit_merkle_root_hash_ms,1.256
size-scaling-k75-c300-n1000000-f32-k75-c300-fanout_f32_l16-merkle-r0,bb23fa703ca18d008a003663c45c4ffeeb2d6053fd41a40aa2541236f8c4a029,merkle,audit_merkle_verify_ms,3105.946
size-scaling-k75-c300-n1000000-f32-k75-c300-fanout_f32_l16-merkle-r0,bb23fa703ca18d008a003663c45c4ffeeb2d6053fd41a40aa2541236f8c4a029,merkle,audit_schema_fidelity_ms,2.350
size-scaling-k75-c300-n1000000-f32-k75-c300-fanout_f32_l16-merkle-r0,bb23fa703ca18d008a003663c45c4ffeeb2d6053fd41a40aa2541236f8c4a029,merkle,merkle_total_ms,7495.670
size-scaling-k75-c300-n1000000-f32-k75-c300-fanout_f32_l16-merkle-r1,bb23fa703ca18d008a003663c45c4ffeeb2d6053fd41a40aa2541236f8c4a029,merkle,tree_localisation_ms,66.107
size-scaling-k75-c300-n1000000-f32-k75-c300-fanout_f32_l16-merkle-r1,bb23fa703ca18d008a003663c45c4ffeeb2d6053fd41a40aa2541236f8c4a029,merkle,candidate_row_fetch_ms,8.068
size-scaling-k75-c300-n1000000-f32-k75-c300-fanout_f32_l16-merkle-r1,bb23fa703ca18d008a003663c45c4ffeeb2d6053fd41a40aa2541236f8c4a029,merkle,row_comparison_ms,0.255
size-scaling-k75-c300-n1000000-f32-k75-c300-fanout_f32_l16-merkle-r1,bb23fa703ca18d008a003663c45c4ffeeb2d6053fd41a40aa2541236f8c4a029,merkle,repair_sql_building_ms,0.231
size-scaling-k75-c300-n1000000-f32-k75-c300-fanout_f32_l16-merkle-r1,bb23fa703ca18d008a003663c45c4ffeeb2d6053fd41a40aa2541236f8c4a029,merkle,repair_dml_wire_ms,8.865
size-scaling-k75-c300-n1000000-f32-k75-c300-fanout_f32_l16-merkle-r1,bb23fa703ca18d008a003663c45c4ffeeb2d6053fd41a40aa2541236f8c4a029,merkle,repair_commit_wire_ms,5.732
size-scaling-k75-c300-n1000000-f32-k75-c300-fanout_f32_l16-merkle-r1,bb23fa703ca18d008a003663c45c4ffeeb2d6053fd41a40aa2541236f8c4a029,merkle,repair_begin_wire_ms,0.057
size-scaling-k75-c300-n1000000-f32-k75-c300-fanout_f32_l16-merkle-r1,bb23fa703ca18d008a003663c45c4ffeeb2d6053fd41a40aa2541236f8c4a029,merkle,repair_transaction_block_ms,14.910
size-scaling-k75-c300-n1000000-f32-k75-c300-fanout_f32_l16-merkle-r1,bb23fa703ca18d008a003663c45c4ffeeb2d6053fd41a40aa2541236f8c4a029,merkle,repair_write_ms,14.911
size-scaling-k75-c300-n1000000-f32-k75-c300-fanout_f32_l16-merkle-r1,bb23fa703ca18d008a003663c45c4ffeeb2d6053fd41a40aa2541236f8c4a029,merkle,targeted_post_repair_confirmation_ms,1.623
size-scaling-k75-c300-n1000000-f32-k75-c300-fanout_f32_l16-merkle-r1,bb23fa703ca18d008a003663c45c4ffeeb2d6053fd41a40aa2541236f8c4a029,merkle,recovery_observability_ms,0.001
size-scaling-k75-c300-n1000000-f32-k75-c300-fanout_f32_l16-merkle-r1,bb23fa703ca18d008a003663c45c4ffeeb2d6053fd41a40aa2541236f8c4a029,merkle,recovery_orchestration_ms,1.389
size-scaling-k75-c300-n1000000-f32-k75-c300-fanout_f32_l16-merkle-r1,bb23fa703ca18d008a003663c45c4ffeeb2d6053fd41a40aa2541236f8c4a029,merkle,audit_exact_table_compare_ms,4211.377
size-scaling-k75-c300-n1000000-f32-k75-c300-fanout_f32_l16-merkle-r1,bb23fa703ca18d008a003663c45c4ffeeb2d6053fd41a40aa2541236f8c4a029,merkle,audit_merkle_root_hash_ms,1.276
size-scaling-k75-c300-n1000000-f32-k75-c300-fanout_f32_l16-merkle-r1,bb23fa703ca18d008a003663c45c4ffeeb2d6053fd41a40aa2541236f8c4a029,merkle,audit_merkle_verify_ms,3115.476
size-scaling-k75-c300-n1000000-f32-k75-c300-fanout_f32_l16-merkle-r1,bb23fa703ca18d008a003663c45c4ffeeb2d6053fd41a40aa2541236f8c4a029,merkle,audit_schema_fidelity_ms,2.547
size-scaling-k75-c300-n1000000-f32-k75-c300-fanout_f32_l16-merkle-r1,bb23fa703ca18d008a003663c45c4ffeeb2d6053fd41a40aa2541236f8c4a029,merkle,merkle_total_ms,7434.378
size-scaling-k75-c300-n1000000-f32-k75-c300-fanout_f32_l16-merkle-r2,bb23fa703ca18d008a003663c45c4ffeeb2d6053fd41a40aa2541236f8c4a029,merkle,tree_localisation_ms,73.198
size-scaling-k75-c300-n1000000-f32-k75-c300-fanout_f32_l16-merkle-r2,bb23fa703ca18d008a003663c45c4ffeeb2d6053fd41a40aa2541236f8c4a029,merkle,candidate_row_fetch_ms,10.360
size-scaling-k75-c300-n1000000-f32-k75-c300-fanout_f32_l16-merkle-r2,bb23fa703ca18d008a003663c45c4ffeeb2d6053fd41a40aa2541236f8c4a029,merkle,row_comparison_ms,0.267
size-scaling-k75-c300-n1000000-f32-k75-c300-fanout_f32_l16-merkle-r2,bb23fa703ca18d008a003663c45c4ffeeb2d6053fd41a40aa2541236f8c4a029,merkle,repair_sql_building_ms,0.238
size-scaling-k75-c300-n1000000-f32-k75-c300-fanout_f32_l16-merkle-r2,bb23fa703ca18d008a003663c45c4ffeeb2d6053fd41a40aa2541236f8c4a029,merkle,repair_dml_wire_ms,10.294
size-scaling-k75-c300-n1000000-f32-k75-c300-fanout_f32_l16-merkle-r2,bb23fa703ca18d008a003663c45c4ffeeb2d6053fd41a40aa2541236f8c4a029,merkle,repair_commit_wire_ms,9.594
size-scaling-k75-c300-n1000000-f32-k75-c300-fanout_f32_l16-merkle-r2,bb23fa703ca18d008a003663c45c4ffeeb2d6053fd41a40aa2541236f8c4a029,merkle,repair_begin_wire_ms,0.070
size-scaling-k75-c300-n1000000-f32-k75-c300-fanout_f32_l16-merkle-r2,bb23fa703ca18d008a003663c45c4ffeeb2d6053fd41a40aa2541236f8c4a029,merkle,repair_transaction_block_ms,20.223
size-scaling-k75-c300-n1000000-f32-k75-c300-fanout_f32_l16-merkle-r2,bb23fa703ca18d008a003663c45c4ffeeb2d6053fd41a40aa2541236f8c4a029,merkle,repair_write_ms,20.225
size-scaling-k75-c300-n1000000-f32-k75-c300-fanout_f32_l16-merkle-r2,bb23fa703ca18d008a003663c45c4ffeeb2d6053fd41a40aa2541236f8c4a029,merkle,targeted_post_repair_confirmation_ms,2.627
size-scaling-k75-c300-n1000000-f32-k75-c300-fanout_f32_l16-merkle-r2,bb23fa703ca18d008a003663c45c4ffeeb2d6053fd41a40aa2541236f8c4a029,merkle,recovery_observability_ms,0.001
size-scaling-k75-c300-n1000000-f32-k75-c300-fanout_f32_l16-merkle-r2,bb23fa703ca18d008a003663c45c4ffeeb2d6053fd41a40aa2541236f8c4a029,merkle,recovery_orchestration_ms,1.387
size-scaling-k75-c300-n1000000-f32-k75-c300-fanout_f32_l16-merkle-r2,bb23fa703ca18d008a003663c45c4ffeeb2d6053fd41a40aa2541236f8c4a029,merkle,audit_exact_table_compare_ms,4204.731
size-scaling-k75-c300-n1000000-f32-k75-c300-fanout_f32_l16-merkle-r2,bb23fa703ca18d008a003663c45c4ffeeb2d6053fd41a40aa2541236f8c4a029,merkle,audit_merkle_root_hash_ms,1.220
size-scaling-k75-c300-n1000000-f32-k75-c300-fanout_f32_l16-merkle-r2,bb23fa703ca18d008a003663c45c4ffeeb2d6053fd41a40aa2541236f8c4a029,merkle,audit_merkle_verify_ms,3114.418
size-scaling-k75-c300-n1000000-f32-k75-c300-fanout_f32_l16-merkle-r2,bb23fa703ca18d008a003663c45c4ffeeb2d6053fd41a40aa2541236f8c4a029,merkle,audit_schema_fidelity_ms,2.189
size-scaling-k75-c300-n1000000-f32-k75-c300-fanout_f32_l16-merkle-r2,bb23fa703ca18d008a003663c45c4ffeeb2d6053fd41a40aa2541236f8c4a029,merkle,merkle_total_ms,7442.251
size-scaling-k75-c300-n1000000-f32-k75-c300-fanout_f32_l16-merkle-r3,bb23fa703ca18d008a003663c45c4ffeeb2d6053fd41a40aa2541236f8c4a029,merkle,tree_localisation_ms,74.890
size-scaling-k75-c300-n1000000-f32-k75-c300-fanout_f32_l16-merkle-r3,bb23fa703ca18d008a003663c45c4ffeeb2d6053fd41a40aa2541236f8c4a029,merkle,candidate_row_fetch_ms,10.741
size-scaling-k75-c300-n1000000-f32-k75-c300-fanout_f32_l16-merkle-r3,bb23fa703ca18d008a003663c45c4ffeeb2d6053fd41a40aa2541236f8c4a029,merkle,row_comparison_ms,0.272
size-scaling-k75-c300-n1000000-f32-k75-c300-fanout_f32_l16-merkle-r3,bb23fa703ca18d008a003663c45c4ffeeb2d6053fd41a40aa2541236f8c4a029,merkle,repair_sql_building_ms,0.227
size-scaling-k75-c300-n1000000-f32-k75-c300-fanout_f32_l16-merkle-r3,bb23fa703ca18d008a003663c45c4ffeeb2d6053fd41a40aa2541236f8c4a029,merkle,repair_dml_wire_ms,10.308
size-scaling-k75-c300-n1000000-f32-k75-c300-fanout_f32_l16-merkle-r3,bb23fa703ca18d008a003663c45c4ffeeb2d6053fd41a40aa2541236f8c4a029,merkle,repair_commit_wire_ms,8.283
size-scaling-k75-c300-n1000000-f32-k75-c300-fanout_f32_l16-merkle-r3,bb23fa703ca18d008a003663c45c4ffeeb2d6053fd41a40aa2541236f8c4a029,merkle,repair_begin_wire_ms,0.070
size-scaling-k75-c300-n1000000-f32-k75-c300-fanout_f32_l16-merkle-r3,bb23fa703ca18d008a003663c45c4ffeeb2d6053fd41a40aa2541236f8c4a029,merkle,repair_transaction_block_ms,18.914
size-scaling-k75-c300-n1000000-f32-k75-c300-fanout_f32_l16-merkle-r3,bb23fa703ca18d008a003663c45c4ffeeb2d6053fd41a40aa2541236f8c4a029,merkle,repair_write_ms,18.916
size-scaling-k75-c300-n1000000-f32-k75-c300-fanout_f32_l16-merkle-r3,bb23fa703ca18d008a003663c45c4ffeeb2d6053fd41a40aa2541236f8c4a029,merkle,targeted_post_repair_confirmation_ms,2.635
size-scaling-k75-c300-n1000000-f32-k75-c300-fanout_f32_l16-merkle-r3,bb23fa703ca18d008a003663c45c4ffeeb2d6053fd41a40aa2541236f8c4a029,merkle,recovery_observability_ms,0.001
size-scaling-k75-c300-n1000000-f32-k75-c300-fanout_f32_l16-merkle-r3,bb23fa703ca18d008a003663c45c4ffeeb2d6053fd41a40aa2541236f8c4a029,merkle,recovery_orchestration_ms,1.461
size-scaling-k75-c300-n1000000-f32-k75-c300-fanout_f32_l16-merkle-r3,bb23fa703ca18d008a003663c45c4ffeeb2d6053fd41a40aa2541236f8c4a029,merkle,audit_exact_table_compare_ms,4217.853
size-scaling-k75-c300-n1000000-f32-k75-c300-fanout_f32_l16-merkle-r3,bb23fa703ca18d008a003663c45c4ffeeb2d6053fd41a40aa2541236f8c4a029,merkle,audit_merkle_root_hash_ms,1.230
size-scaling-k75-c300-n1000000-f32-k75-c300-fanout_f32_l16-merkle-r3,bb23fa703ca18d008a003663c45c4ffeeb2d6053fd41a40aa2541236f8c4a029,merkle,audit_merkle_verify_ms,3128.781
size-scaling-k75-c300-n1000000-f32-k75-c300-fanout_f32_l16-merkle-r3,bb23fa703ca18d008a003663c45c4ffeeb2d6053fd41a40aa2541236f8c4a029,merkle,audit_schema_fidelity_ms,2.202
size-scaling-k75-c300-n1000000-f32-k75-c300-fanout_f32_l16-merkle-r3,bb23fa703ca18d008a003663c45c4ffeeb2d6053fd41a40aa2541236f8c4a029,merkle,merkle_total_ms,7470.630
size-scaling-k75-c300-n1000000-f32-k75-c300-fanout_f32_l16-merkle-r4,bb23fa703ca18d008a003663c45c4ffeeb2d6053fd41a40aa2541236f8c4a029,merkle,tree_localisation_ms,95.113
size-scaling-k75-c300-n1000000-f32-k75-c300-fanout_f32_l16-merkle-r4,bb23fa703ca18d008a003663c45c4ffeeb2d6053fd41a40aa2541236f8c4a029,merkle,candidate_row_fetch_ms,14.145
size-scaling-k75-c300-n1000000-f32-k75-c300-fanout_f32_l16-merkle-r4,bb23fa703ca18d008a003663c45c4ffeeb2d6053fd41a40aa2541236f8c4a029,merkle,row_comparison_ms,0.518
size-scaling-k75-c300-n1000000-f32-k75-c300-fanout_f32_l16-merkle-r4,bb23fa703ca18d008a003663c45c4ffeeb2d6053fd41a40aa2541236f8c4a029,merkle,repair_sql_building_ms,0.444
size-scaling-k75-c300-n1000000-f32-k75-c300-fanout_f32_l16-merkle-r4,bb23fa703ca18d008a003663c45c4ffeeb2d6053fd41a40aa2541236f8c4a029,merkle,repair_dml_wire_ms,15.861
size-scaling-k75-c300-n1000000-f32-k75-c300-fanout_f32_l16-merkle-r4,bb23fa703ca18d008a003663c45c4ffeeb2d6053fd41a40aa2541236f8c4a029,merkle,repair_commit_wire_ms,16.117
size-scaling-k75-c300-n1000000-f32-k75-c300-fanout_f32_l16-merkle-r4,bb23fa703ca18d008a003663c45c4ffeeb2d6053fd41a40aa2541236f8c4a029,merkle,repair_begin_wire_ms,0.102
size-scaling-k75-c300-n1000000-f32-k75-c300-fanout_f32_l16-merkle-r4,bb23fa703ca18d008a003663c45c4ffeeb2d6053fd41a40aa2541236f8c4a029,merkle,repair_transaction_block_ms,32.570
size-scaling-k75-c300-n1000000-f32-k75-c300-fanout_f32_l16-merkle-r4,bb23fa703ca18d008a003663c45c4ffeeb2d6053fd41a40aa2541236f8c4a029,merkle,repair_write_ms,32.575
size-scaling-k75-c300-n1000000-f32-k75-c300-fanout_f32_l16-merkle-r4,bb23fa703ca18d008a003663c45c4ffeeb2d6053fd41a40aa2541236f8c4a029,merkle,targeted_post_repair_confirmation_ms,3.566
size-scaling-k75-c300-n1000000-f32-k75-c300-fanout_f32_l16-merkle-r4,bb23fa703ca18d008a003663c45c4ffeeb2d6053fd41a40aa2541236f8c4a029,merkle,recovery_observability_ms,0.001
size-scaling-k75-c300-n1000000-f32-k75-c300-fanout_f32_l16-merkle-r4,bb23fa703ca18d008a003663c45c4ffeeb2d6053fd41a40aa2541236f8c4a029,merkle,recovery_orchestration_ms,1.989
size-scaling-k75-c300-n1000000-f32-k75-c300-fanout_f32_l16-merkle-r4,bb23fa703ca18d008a003663c45c4ffeeb2d6053fd41a40aa2541236f8c4a029,merkle,audit_exact_table_compare_ms,4229.150
size-scaling-k75-c300-n1000000-f32-k75-c300-fanout_f32_l16-merkle-r4,bb23fa703ca18d008a003663c45c4ffeeb2d6053fd41a40aa2541236f8c4a029,merkle,audit_merkle_root_hash_ms,1.214
size-scaling-k75-c300-n1000000-f32-k75-c300-fanout_f32_l16-merkle-r4,bb23fa703ca18d008a003663c45c4ffeeb2d6053fd41a40aa2541236f8c4a029,merkle,audit_merkle_verify_ms,3080.830
size-scaling-k75-c300-n1000000-f32-k75-c300-fanout_f32_l16-merkle-r4,bb23fa703ca18d008a003663c45c4ffeeb2d6053fd41a40aa2541236f8c4a029,merkle,audit_schema_fidelity_ms,2.202
size-scaling-k75-c300-n1000000-f32-k75-c300-fanout_f32_l16-merkle-r4,bb23fa703ca18d008a003663c45c4ffeeb2d6053fd41a40aa2541236f8c4a029,merkle,merkle_total_ms,7473.233
size-scaling-k75-c300-n1000000-f32-k75-c300-fanout_f32_l16-merkle-r5,bb23fa703ca18d008a003663c45c4ffeeb2d6053fd41a40aa2541236f8c4a029,merkle,tree_localisation_ms,96.556
size-scaling-k75-c300-n1000000-f32-k75-c300-fanout_f32_l16-merkle-r5,bb23fa703ca18d008a003663c45c4ffeeb2d6053fd41a40aa2541236f8c4a029,merkle,candidate_row_fetch_ms,14.276
size-scaling-k75-c300-n1000000-f32-k75-c300-fanout_f32_l16-merkle-r5,bb23fa703ca18d008a003663c45c4ffeeb2d6053fd41a40aa2541236f8c4a029,merkle,row_comparison_ms,0.502
size-scaling-k75-c300-n1000000-f32-k75-c300-fanout_f32_l16-merkle-r5,bb23fa703ca18d008a003663c45c4ffeeb2d6053fd41a40aa2541236f8c4a029,merkle,repair_sql_building_ms,0.437
size-scaling-k75-c300-n1000000-f32-k75-c300-fanout_f32_l16-merkle-r5,bb23fa703ca18d008a003663c45c4ffeeb2d6053fd41a40aa2541236f8c4a029,merkle,repair_dml_wire_ms,15.279
size-scaling-k75-c300-n1000000-f32-k75-c300-fanout_f32_l16-merkle-r5,bb23fa703ca18d008a003663c45c4ffeeb2d6053fd41a40aa2541236f8c4a029,merkle,repair_commit_wire_ms,17.865
size-scaling-k75-c300-n1000000-f32-k75-c300-fanout_f32_l16-merkle-r5,bb23fa703ca18d008a003663c45c4ffeeb2d6053fd41a40aa2541236f8c4a029,merkle,repair_begin_wire_ms,0.100
size-scaling-k75-c300-n1000000-f32-k75-c300-fanout_f32_l16-merkle-r5,bb23fa703ca18d008a003663c45c4ffeeb2d6053fd41a40aa2541236f8c4a029,merkle,repair_transaction_block_ms,33.727
size-scaling-k75-c300-n1000000-f32-k75-c300-fanout_f32_l16-merkle-r5,bb23fa703ca18d008a003663c45c4ffeeb2d6053fd41a40aa2541236f8c4a029,merkle,repair_write_ms,33.731
size-scaling-k75-c300-n1000000-f32-k75-c300-fanout_f32_l16-merkle-r5,bb23fa703ca18d008a003663c45c4ffeeb2d6053fd41a40aa2541236f8c4a029,merkle,targeted_post_repair_confirmation_ms,3.737
size-scaling-k75-c300-n1000000-f32-k75-c300-fanout_f32_l16-merkle-r5,bb23fa703ca18d008a003663c45c4ffeeb2d6053fd41a40aa2541236f8c4a029,merkle,recovery_observability_ms,0.002
size-scaling-k75-c300-n1000000-f32-k75-c300-fanout_f32_l16-merkle-r5,bb23fa703ca18d008a003663c45c4ffeeb2d6053fd41a40aa2541236f8c4a029,merkle,recovery_orchestration_ms,2.011
size-scaling-k75-c300-n1000000-f32-k75-c300-fanout_f32_l16-merkle-r5,bb23fa703ca18d008a003663c45c4ffeeb2d6053fd41a40aa2541236f8c4a029,merkle,audit_exact_table_compare_ms,4250.678
size-scaling-k75-c300-n1000000-f32-k75-c300-fanout_f32_l16-merkle-r5,bb23fa703ca18d008a003663c45c4ffeeb2d6053fd41a40aa2541236f8c4a029,merkle,audit_merkle_root_hash_ms,1.222
size-scaling-k75-c300-n1000000-f32-k75-c300-fanout_f32_l16-merkle-r5,bb23fa703ca18d008a003663c45c4ffeeb2d6053fd41a40aa2541236f8c4a029,merkle,audit_merkle_verify_ms,3116.680
size-scaling-k75-c300-n1000000-f32-k75-c300-fanout_f32_l16-merkle-r5,bb23fa703ca18d008a003663c45c4ffeeb2d6053fd41a40aa2541236f8c4a029,merkle,audit_schema_fidelity_ms,2.216
size-scaling-k75-c300-n1000000-f32-k75-c300-fanout_f32_l16-merkle-r5,bb23fa703ca18d008a003663c45c4ffeeb2d6053fd41a40aa2541236f8c4a029,merkle,merkle_total_ms,7533.585
size-scaling-k75-c300-n1000000-f32-k75-c300-fanout_f32_l16-merkle-r6,bb23fa703ca18d008a003663c45c4ffeeb2d6053fd41a40aa2541236f8c4a029,merkle,tree_localisation_ms,97.718
size-scaling-k75-c300-n1000000-f32-k75-c300-fanout_f32_l16-merkle-r6,bb23fa703ca18d008a003663c45c4ffeeb2d6053fd41a40aa2541236f8c4a029,merkle,candidate_row_fetch_ms,15.003
size-scaling-k75-c300-n1000000-f32-k75-c300-fanout_f32_l16-merkle-r6,bb23fa703ca18d008a003663c45c4ffeeb2d6053fd41a40aa2541236f8c4a029,merkle,row_comparison_ms,0.516
size-scaling-k75-c300-n1000000-f32-k75-c300-fanout_f32_l16-merkle-r6,bb23fa703ca18d008a003663c45c4ffeeb2d6053fd41a40aa2541236f8c4a029,merkle,repair_sql_building_ms,0.448
size-scaling-k75-c300-n1000000-f32-k75-c300-fanout_f32_l16-merkle-r6,bb23fa703ca18d008a003663c45c4ffeeb2d6053fd41a40aa2541236f8c4a029,merkle,repair_dml_wire_ms,15.203
size-scaling-k75-c300-n1000000-f32-k75-c300-fanout_f32_l16-merkle-r6,bb23fa703ca18d008a003663c45c4ffeeb2d6053fd41a40aa2541236f8c4a029,merkle,repair_commit_wire_ms,17.781
size-scaling-k75-c300-n1000000-f32-k75-c300-fanout_f32_l16-merkle-r6,bb23fa703ca18d008a003663c45c4ffeeb2d6053fd41a40aa2541236f8c4a029,merkle,repair_begin_wire_ms,0.099
size-scaling-k75-c300-n1000000-f32-k75-c300-fanout_f32_l16-merkle-r6,bb23fa703ca18d008a003663c45c4ffeeb2d6053fd41a40aa2541236f8c4a029,merkle,repair_transaction_block_ms,33.579
size-scaling-k75-c300-n1000000-f32-k75-c300-fanout_f32_l16-merkle-r6,bb23fa703ca18d008a003663c45c4ffeeb2d6053fd41a40aa2541236f8c4a029,merkle,repair_write_ms,33.583
size-scaling-k75-c300-n1000000-f32-k75-c300-fanout_f32_l16-merkle-r6,bb23fa703ca18d008a003663c45c4ffeeb2d6053fd41a40aa2541236f8c4a029,merkle,targeted_post_repair_confirmation_ms,3.693
size-scaling-k75-c300-n1000000-f32-k75-c300-fanout_f32_l16-merkle-r6,bb23fa703ca18d008a003663c45c4ffeeb2d6053fd41a40aa2541236f8c4a029,merkle,recovery_observability_ms,0.002
size-scaling-k75-c300-n1000000-f32-k75-c300-fanout_f32_l16-merkle-r6,bb23fa703ca18d008a003663c45c4ffeeb2d6053fd41a40aa2541236f8c4a029,merkle,recovery_orchestration_ms,1.911
size-scaling-k75-c300-n1000000-f32-k75-c300-fanout_f32_l16-merkle-r6,bb23fa703ca18d008a003663c45c4ffeeb2d6053fd41a40aa2541236f8c4a029,merkle,audit_exact_table_compare_ms,4239.496
size-scaling-k75-c300-n1000000-f32-k75-c300-fanout_f32_l16-merkle-r6,bb23fa703ca18d008a003663c45c4ffeeb2d6053fd41a40aa2541236f8c4a029,merkle,audit_merkle_root_hash_ms,1.293
size-scaling-k75-c300-n1000000-f32-k75-c300-fanout_f32_l16-merkle-r6,bb23fa703ca18d008a003663c45c4ffeeb2d6053fd41a40aa2541236f8c4a029,merkle,audit_merkle_verify_ms,3092.689
size-scaling-k75-c300-n1000000-f32-k75-c300-fanout_f32_l16-merkle-r6,bb23fa703ca18d008a003663c45c4ffeeb2d6053fd41a40aa2541236f8c4a029,merkle,audit_schema_fidelity_ms,2.250
size-scaling-k75-c300-n1000000-f32-k75-c300-fanout_f32_l16-merkle-r6,bb23fa703ca18d008a003663c45c4ffeeb2d6053fd41a40aa2541236f8c4a029,merkle,merkle_total_ms,7500.095
size-scaling-k75-c300-n1000000-f32-k75-c300-fanout_f32_l16-merkle-r7,bb23fa703ca18d008a003663c45c4ffeeb2d6053fd41a40aa2541236f8c4a029,merkle,tree_localisation_ms,104.834
size-scaling-k75-c300-n1000000-f32-k75-c300-fanout_f32_l16-merkle-r7,bb23fa703ca18d008a003663c45c4ffeeb2d6053fd41a40aa2541236f8c4a029,merkle,candidate_row_fetch_ms,18.045
size-scaling-k75-c300-n1000000-f32-k75-c300-fanout_f32_l16-merkle-r7,bb23fa703ca18d008a003663c45c4ffeeb2d6053fd41a40aa2541236f8c4a029,merkle,row_comparison_ms,0.661
size-scaling-k75-c300-n1000000-f32-k75-c300-fanout_f32_l16-merkle-r7,bb23fa703ca18d008a003663c45c4ffeeb2d6053fd41a40aa2541236f8c4a029,merkle,repair_sql_building_ms,0.593
size-scaling-k75-c300-n1000000-f32-k75-c300-fanout_f32_l16-merkle-r7,bb23fa703ca18d008a003663c45c4ffeeb2d6053fd41a40aa2541236f8c4a029,merkle,repair_dml_wire_ms,16.647
size-scaling-k75-c300-n1000000-f32-k75-c300-fanout_f32_l16-merkle-r7,bb23fa703ca18d008a003663c45c4ffeeb2d6053fd41a40aa2541236f8c4a029,merkle,repair_commit_wire_ms,18.797
size-scaling-k75-c300-n1000000-f32-k75-c300-fanout_f32_l16-merkle-r7,bb23fa703ca18d008a003663c45c4ffeeb2d6053fd41a40aa2541236f8c4a029,merkle,repair_begin_wire_ms,0.153
size-scaling-k75-c300-n1000000-f32-k75-c300-fanout_f32_l16-merkle-r7,bb23fa703ca18d008a003663c45c4ffeeb2d6053fd41a40aa2541236f8c4a029,merkle,repair_transaction_block_ms,36.247
size-scaling-k75-c300-n1000000-f32-k75-c300-fanout_f32_l16-merkle-r7,bb23fa703ca18d008a003663c45c4ffeeb2d6053fd41a40aa2541236f8c4a029,merkle,repair_write_ms,36.252
size-scaling-k75-c300-n1000000-f32-k75-c300-fanout_f32_l16-merkle-r7,bb23fa703ca18d008a003663c45c4ffeeb2d6053fd41a40aa2541236f8c4a029,merkle,targeted_post_repair_confirmation_ms,3.827
size-scaling-k75-c300-n1000000-f32-k75-c300-fanout_f32_l16-merkle-r7,bb23fa703ca18d008a003663c45c4ffeeb2d6053fd41a40aa2541236f8c4a029,merkle,recovery_observability_ms,0.002
size-scaling-k75-c300-n1000000-f32-k75-c300-fanout_f32_l16-merkle-r7,bb23fa703ca18d008a003663c45c4ffeeb2d6053fd41a40aa2541236f8c4a029,merkle,recovery_orchestration_ms,2.298
size-scaling-k75-c300-n1000000-f32-k75-c300-fanout_f32_l16-merkle-r7,bb23fa703ca18d008a003663c45c4ffeeb2d6053fd41a40aa2541236f8c4a029,merkle,audit_exact_table_compare_ms,4241.872
size-scaling-k75-c300-n1000000-f32-k75-c300-fanout_f32_l16-merkle-r7,bb23fa703ca18d008a003663c45c4ffeeb2d6053fd41a40aa2541236f8c4a029,merkle,audit_merkle_root_hash_ms,1.243
size-scaling-k75-c300-n1000000-f32-k75-c300-fanout_f32_l16-merkle-r7,bb23fa703ca18d008a003663c45c4ffeeb2d6053fd41a40aa2541236f8c4a029,merkle,audit_merkle_verify_ms,3127.940
size-scaling-k75-c300-n1000000-f32-k75-c300-fanout_f32_l16-merkle-r7,bb23fa703ca18d008a003663c45c4ffeeb2d6053fd41a40aa2541236f8c4a029,merkle,audit_schema_fidelity_ms,2.228
size-scaling-k75-c300-n1000000-f32-k75-c300-fanout_f32_l16-merkle-r7,bb23fa703ca18d008a003663c45c4ffeeb2d6053fd41a40aa2541236f8c4a029,merkle,merkle_total_ms,7551.128
size-scaling-k75-c300-n1000000-f32-k75-c300-fanout_f32_l16-merkle-r8,bb23fa703ca18d008a003663c45c4ffeeb2d6053fd41a40aa2541236f8c4a029,merkle,tree_localisation_ms,100.122
size-scaling-k75-c300-n1000000-f32-k75-c300-fanout_f32_l16-merkle-r8,bb23fa703ca18d008a003663c45c4ffeeb2d6053fd41a40aa2541236f8c4a029,merkle,candidate_row_fetch_ms,16.761
size-scaling-k75-c300-n1000000-f32-k75-c300-fanout_f32_l16-merkle-r8,bb23fa703ca18d008a003663c45c4ffeeb2d6053fd41a40aa2541236f8c4a029,merkle,row_comparison_ms,0.674
size-scaling-k75-c300-n1000000-f32-k75-c300-fanout_f32_l16-merkle-r8,bb23fa703ca18d008a003663c45c4ffeeb2d6053fd41a40aa2541236f8c4a029,merkle,repair_sql_building_ms,0.493
size-scaling-k75-c300-n1000000-f32-k75-c300-fanout_f32_l16-merkle-r8,bb23fa703ca18d008a003663c45c4ffeeb2d6053fd41a40aa2541236f8c4a029,merkle,repair_dml_wire_ms,16.113
size-scaling-k75-c300-n1000000-f32-k75-c300-fanout_f32_l16-merkle-r8,bb23fa703ca18d008a003663c45c4ffeeb2d6053fd41a40aa2541236f8c4a029,merkle,repair_commit_wire_ms,20.267
size-scaling-k75-c300-n1000000-f32-k75-c300-fanout_f32_l16-merkle-r8,bb23fa703ca18d008a003663c45c4ffeeb2d6053fd41a40aa2541236f8c4a029,merkle,repair_begin_wire_ms,0.127
size-scaling-k75-c300-n1000000-f32-k75-c300-fanout_f32_l16-merkle-r8,bb23fa703ca18d008a003663c45c4ffeeb2d6053fd41a40aa2541236f8c4a029,merkle,repair_transaction_block_ms,37.049
size-scaling-k75-c300-n1000000-f32-k75-c300-fanout_f32_l16-merkle-r8,bb23fa703ca18d008a003663c45c4ffeeb2d6053fd41a40aa2541236f8c4a029,merkle,repair_write_ms,37.054
size-scaling-k75-c300-n1000000-f32-k75-c300-fanout_f32_l16-merkle-r8,bb23fa703ca18d008a003663c45c4ffeeb2d6053fd41a40aa2541236f8c4a029,merkle,targeted_post_repair_confirmation_ms,3.790
size-scaling-k75-c300-n1000000-f32-k75-c300-fanout_f32_l16-merkle-r8,bb23fa703ca18d008a003663c45c4ffeeb2d6053fd41a40aa2541236f8c4a029,merkle,recovery_observability_ms,0.002
size-scaling-k75-c300-n1000000-f32-k75-c300-fanout_f32_l16-merkle-r8,bb23fa703ca18d008a003663c45c4ffeeb2d6053fd41a40aa2541236f8c4a029,merkle,recovery_orchestration_ms,2.272
size-scaling-k75-c300-n1000000-f32-k75-c300-fanout_f32_l16-merkle-r8,bb23fa703ca18d008a003663c45c4ffeeb2d6053fd41a40aa2541236f8c4a029,merkle,audit_exact_table_compare_ms,4219.354
size-scaling-k75-c300-n1000000-f32-k75-c300-fanout_f32_l16-merkle-r8,bb23fa703ca18d008a003663c45c4ffeeb2d6053fd41a40aa2541236f8c4a029,merkle,audit_merkle_root_hash_ms,1.221
size-scaling-k75-c300-n1000000-f32-k75-c300-fanout_f32_l16-merkle-r8,bb23fa703ca18d008a003663c45c4ffeeb2d6053fd41a40aa2541236f8c4a029,merkle,audit_merkle_verify_ms,3115.000
size-scaling-k75-c300-n1000000-f32-k75-c300-fanout_f32_l16-merkle-r8,bb23fa703ca18d008a003663c45c4ffeeb2d6053fd41a40aa2541236f8c4a029,merkle,audit_schema_fidelity_ms,2.200
size-scaling-k75-c300-n1000000-f32-k75-c300-fanout_f32_l16-merkle-r8,bb23fa703ca18d008a003663c45c4ffeeb2d6053fd41a40aa2541236f8c4a029,merkle,merkle_total_ms,7510.457
size-scaling-k75-c300-n1000000-f32-k75-c300-fanout_f32_l16-merkle-r9,bb23fa703ca18d008a003663c45c4ffeeb2d6053fd41a40aa2541236f8c4a029,merkle,tree_localisation_ms,101.461
size-scaling-k75-c300-n1000000-f32-k75-c300-fanout_f32_l16-merkle-r9,bb23fa703ca18d008a003663c45c4ffeeb2d6053fd41a40aa2541236f8c4a029,merkle,candidate_row_fetch_ms,15.027
size-scaling-k75-c300-n1000000-f32-k75-c300-fanout_f32_l16-merkle-r9,bb23fa703ca18d008a003663c45c4ffeeb2d6053fd41a40aa2541236f8c4a029,merkle,row_comparison_ms,0.531
size-scaling-k75-c300-n1000000-f32-k75-c300-fanout_f32_l16-merkle-r9,bb23fa703ca18d008a003663c45c4ffeeb2d6053fd41a40aa2541236f8c4a029,merkle,repair_sql_building_ms,0.469
size-scaling-k75-c300-n1000000-f32-k75-c300-fanout_f32_l16-merkle-r9,bb23fa703ca18d008a003663c45c4ffeeb2d6053fd41a40aa2541236f8c4a029,merkle,repair_dml_wire_ms,15.165
size-scaling-k75-c300-n1000000-f32-k75-c300-fanout_f32_l16-merkle-r9,bb23fa703ca18d008a003663c45c4ffeeb2d6053fd41a40aa2541236f8c4a029,merkle,repair_commit_wire_ms,21.234
size-scaling-k75-c300-n1000000-f32-k75-c300-fanout_f32_l16-merkle-r9,bb23fa703ca18d008a003663c45c4ffeeb2d6053fd41a40aa2541236f8c4a029,merkle,repair_begin_wire_ms,0.102
size-scaling-k75-c300-n1000000-f32-k75-c300-fanout_f32_l16-merkle-r9,bb23fa703ca18d008a003663c45c4ffeeb2d6053fd41a40aa2541236f8c4a029,merkle,repair_transaction_block_ms,37.017
size-scaling-k75-c300-n1000000-f32-k75-c300-fanout_f32_l16-merkle-r9,bb23fa703ca18d008a003663c45c4ffeeb2d6053fd41a40aa2541236f8c4a029,merkle,repair_write_ms,37.021
size-scaling-k75-c300-n1000000-f32-k75-c300-fanout_f32_l16-merkle-r9,bb23fa703ca18d008a003663c45c4ffeeb2d6053fd41a40aa2541236f8c4a029,merkle,targeted_post_repair_confirmation_ms,3.724
size-scaling-k75-c300-n1000000-f32-k75-c300-fanout_f32_l16-merkle-r9,bb23fa703ca18d008a003663c45c4ffeeb2d6053fd41a40aa2541236f8c4a029,merkle,recovery_observability_ms,0.002
size-scaling-k75-c300-n1000000-f32-k75-c300-fanout_f32_l16-merkle-r9,bb23fa703ca18d008a003663c45c4ffeeb2d6053fd41a40aa2541236f8c4a029,merkle,recovery_orchestration_ms,2.010
size-scaling-k75-c300-n1000000-f32-k75-c300-fanout_f32_l16-merkle-r9,bb23fa703ca18d008a003663c45c4ffeeb2d6053fd41a40aa2541236f8c4a029,merkle,audit_exact_table_compare_ms,4226.917
size-scaling-k75-c300-n1000000-f32-k75-c300-fanout_f32_l16-merkle-r9,bb23fa703ca18d008a003663c45c4ffeeb2d6053fd41a40aa2541236f8c4a029,merkle,audit_merkle_root_hash_ms,1.266
size-scaling-k75-c300-n1000000-f32-k75-c300-fanout_f32_l16-merkle-r9,bb23fa703ca18d008a003663c45c4ffeeb2d6053fd41a40aa2541236f8c4a029,merkle,audit_merkle_verify_ms,3118.842
size-scaling-k75-c300-n1000000-f32-k75-c300-fanout_f32_l16-merkle-r9,bb23fa703ca18d008a003663c45c4ffeeb2d6053fd41a40aa2541236f8c4a029,merkle,audit_schema_fidelity_ms,2.247
size-scaling-k75-c300-n1000000-f32-k75-c300-fanout_f32_l16-merkle-r9,bb23fa703ca18d008a003663c45c4ffeeb2d6053fd41a40aa2541236f8c4a029,merkle,merkle_total_ms,7520.988
size-scaling-k75-c300-n15000000-f32-k75-c300-fanout_f32_l16-merkle-r0,f92394208aa4d46d676ad7ea1b2cca3af7ad81cd2abbf0df1812735ebd38e0df,merkle,tree_localisation_ms,153.630
size-scaling-k75-c300-n15000000-f32-k75-c300-fanout_f32_l16-merkle-r0,f92394208aa4d46d676ad7ea1b2cca3af7ad81cd2abbf0df1812735ebd38e0df,merkle,candidate_row_fetch_ms,12.944
size-scaling-k75-c300-n15000000-f32-k75-c300-fanout_f32_l16-merkle-r0,f92394208aa4d46d676ad7ea1b2cca3af7ad81cd2abbf0df1812735ebd38e0df,merkle,row_comparison_ms,0.461
size-scaling-k75-c300-n15000000-f32-k75-c300-fanout_f32_l16-merkle-r0,f92394208aa4d46d676ad7ea1b2cca3af7ad81cd2abbf0df1812735ebd38e0df,merkle,repair_sql_building_ms,0.668
size-scaling-k75-c300-n15000000-f32-k75-c300-fanout_f32_l16-merkle-r0,f92394208aa4d46d676ad7ea1b2cca3af7ad81cd2abbf0df1812735ebd38e0df,merkle,repair_dml_wire_ms,15.112
size-scaling-k75-c300-n15000000-f32-k75-c300-fanout_f32_l16-merkle-r0,f92394208aa4d46d676ad7ea1b2cca3af7ad81cd2abbf0df1812735ebd38e0df,merkle,repair_commit_wire_ms,11.570
size-scaling-k75-c300-n15000000-f32-k75-c300-fanout_f32_l16-merkle-r0,f92394208aa4d46d676ad7ea1b2cca3af7ad81cd2abbf0df1812735ebd38e0df,merkle,repair_begin_wire_ms,0.091
size-scaling-k75-c300-n15000000-f32-k75-c300-fanout_f32_l16-merkle-r0,f92394208aa4d46d676ad7ea1b2cca3af7ad81cd2abbf0df1812735ebd38e0df,merkle,repair_transaction_block_ms,27.490
size-scaling-k75-c300-n15000000-f32-k75-c300-fanout_f32_l16-merkle-r0,f92394208aa4d46d676ad7ea1b2cca3af7ad81cd2abbf0df1812735ebd38e0df,merkle,repair_write_ms,27.493
size-scaling-k75-c300-n15000000-f32-k75-c300-fanout_f32_l16-merkle-r0,f92394208aa4d46d676ad7ea1b2cca3af7ad81cd2abbf0df1812735ebd38e0df,merkle,targeted_post_repair_confirmation_ms,3.139
size-scaling-k75-c300-n15000000-f32-k75-c300-fanout_f32_l16-merkle-r0,f92394208aa4d46d676ad7ea1b2cca3af7ad81cd2abbf0df1812735ebd38e0df,merkle,recovery_observability_ms,0.001
size-scaling-k75-c300-n15000000-f32-k75-c300-fanout_f32_l16-merkle-r0,f92394208aa4d46d676ad7ea1b2cca3af7ad81cd2abbf0df1812735ebd38e0df,merkle,recovery_orchestration_ms,2.112
size-scaling-k75-c300-n15000000-f32-k75-c300-fanout_f32_l16-merkle-r0,f92394208aa4d46d676ad7ea1b2cca3af7ad81cd2abbf0df1812735ebd38e0df,merkle,audit_exact_table_compare_ms,52789.822
size-scaling-k75-c300-n15000000-f32-k75-c300-fanout_f32_l16-merkle-r0,f92394208aa4d46d676ad7ea1b2cca3af7ad81cd2abbf0df1812735ebd38e0df,merkle,audit_merkle_root_hash_ms,1.343
size-scaling-k75-c300-n15000000-f32-k75-c300-fanout_f32_l16-merkle-r0,f92394208aa4d46d676ad7ea1b2cca3af7ad81cd2abbf0df1812735ebd38e0df,merkle,audit_merkle_verify_ms,46153.162
size-scaling-k75-c300-n15000000-f32-k75-c300-fanout_f32_l16-merkle-r0,f92394208aa4d46d676ad7ea1b2cca3af7ad81cd2abbf0df1812735ebd38e0df,merkle,audit_schema_fidelity_ms,2.203
size-scaling-k75-c300-n15000000-f32-k75-c300-fanout_f32_l16-merkle-r0,f92394208aa4d46d676ad7ea1b2cca3af7ad81cd2abbf0df1812735ebd38e0df,merkle,merkle_total_ms,99168.951
size-scaling-k75-c300-n15000000-f32-k75-c300-fanout_f32_l16-merkle-r1,f92394208aa4d46d676ad7ea1b2cca3af7ad81cd2abbf0df1812735ebd38e0df,merkle,tree_localisation_ms,111.596
size-scaling-k75-c300-n15000000-f32-k75-c300-fanout_f32_l16-merkle-r1,f92394208aa4d46d676ad7ea1b2cca3af7ad81cd2abbf0df1812735ebd38e0df,merkle,candidate_row_fetch_ms,7.531
size-scaling-k75-c300-n15000000-f32-k75-c300-fanout_f32_l16-merkle-r1,f92394208aa4d46d676ad7ea1b2cca3af7ad81cd2abbf0df1812735ebd38e0df,merkle,row_comparison_ms,0.224
size-scaling-k75-c300-n15000000-f32-k75-c300-fanout_f32_l16-merkle-r1,f92394208aa4d46d676ad7ea1b2cca3af7ad81cd2abbf0df1812735ebd38e0df,merkle,repair_sql_building_ms,0.227
size-scaling-k75-c300-n15000000-f32-k75-c300-fanout_f32_l16-merkle-r1,f92394208aa4d46d676ad7ea1b2cca3af7ad81cd2abbf0df1812735ebd38e0df,merkle,repair_dml_wire_ms,7.496
size-scaling-k75-c300-n15000000-f32-k75-c300-fanout_f32_l16-merkle-r1,f92394208aa4d46d676ad7ea1b2cca3af7ad81cd2abbf0df1812735ebd38e0df,merkle,repair_commit_wire_ms,7.184
size-scaling-k75-c300-n15000000-f32-k75-c300-fanout_f32_l16-merkle-r1,f92394208aa4d46d676ad7ea1b2cca3af7ad81cd2abbf0df1812735ebd38e0df,merkle,repair_begin_wire_ms,0.057
size-scaling-k75-c300-n15000000-f32-k75-c300-fanout_f32_l16-merkle-r1,f92394208aa4d46d676ad7ea1b2cca3af7ad81cd2abbf0df1812735ebd38e0df,merkle,repair_transaction_block_ms,14.989
size-scaling-k75-c300-n15000000-f32-k75-c300-fanout_f32_l16-merkle-r1,f92394208aa4d46d676ad7ea1b2cca3af7ad81cd2abbf0df1812735ebd38e0df,merkle,repair_write_ms,14.990
size-scaling-k75-c300-n15000000-f32-k75-c300-fanout_f32_l16-merkle-r1,f92394208aa4d46d676ad7ea1b2cca3af7ad81cd2abbf0df1812735ebd38e0df,merkle,targeted_post_repair_confirmation_ms,1.679
size-scaling-k75-c300-n15000000-f32-k75-c300-fanout_f32_l16-merkle-r1,f92394208aa4d46d676ad7ea1b2cca3af7ad81cd2abbf0df1812735ebd38e0df,merkle,recovery_observability_ms,0.001
size-scaling-k75-c300-n15000000-f32-k75-c300-fanout_f32_l16-merkle-r1,f92394208aa4d46d676ad7ea1b2cca3af7ad81cd2abbf0df1812735ebd38e0df,merkle,recovery_orchestration_ms,1.364
size-scaling-k75-c300-n15000000-f32-k75-c300-fanout_f32_l16-merkle-r1,f92394208aa4d46d676ad7ea1b2cca3af7ad81cd2abbf0df1812735ebd38e0df,merkle,audit_exact_table_compare_ms,52889.703
size-scaling-k75-c300-n15000000-f32-k75-c300-fanout_f32_l16-merkle-r1,f92394208aa4d46d676ad7ea1b2cca3af7ad81cd2abbf0df1812735ebd38e0df,merkle,audit_merkle_root_hash_ms,1.322
size-scaling-k75-c300-n15000000-f32-k75-c300-fanout_f32_l16-merkle-r1,f92394208aa4d46d676ad7ea1b2cca3af7ad81cd2abbf0df1812735ebd38e0df,merkle,audit_merkle_verify_ms,46122.735
size-scaling-k75-c300-n15000000-f32-k75-c300-fanout_f32_l16-merkle-r1,f92394208aa4d46d676ad7ea1b2cca3af7ad81cd2abbf0df1812735ebd38e0df,merkle,audit_schema_fidelity_ms,2.175
size-scaling-k75-c300-n15000000-f32-k75-c300-fanout_f32_l16-merkle-r1,f92394208aa4d46d676ad7ea1b2cca3af7ad81cd2abbf0df1812735ebd38e0df,merkle,merkle_total_ms,99164.660
size-scaling-k75-c300-n15000000-f32-k75-c300-fanout_f32_l16-merkle-r2,f92394208aa4d46d676ad7ea1b2cca3af7ad81cd2abbf0df1812735ebd38e0df,merkle,tree_localisation_ms,128.048
size-scaling-k75-c300-n15000000-f32-k75-c300-fanout_f32_l16-merkle-r2,f92394208aa4d46d676ad7ea1b2cca3af7ad81cd2abbf0df1812735ebd38e0df,merkle,candidate_row_fetch_ms,7.746
size-scaling-k75-c300-n15000000-f32-k75-c300-fanout_f32_l16-merkle-r2,f92394208aa4d46d676ad7ea1b2cca3af7ad81cd2abbf0df1812735ebd38e0df,merkle,row_comparison_ms,0.222
size-scaling-k75-c300-n15000000-f32-k75-c300-fanout_f32_l16-merkle-r2,f92394208aa4d46d676ad7ea1b2cca3af7ad81cd2abbf0df1812735ebd38e0df,merkle,repair_sql_building_ms,0.228
size-scaling-k75-c300-n15000000-f32-k75-c300-fanout_f32_l16-merkle-r2,f92394208aa4d46d676ad7ea1b2cca3af7ad81cd2abbf0df1812735ebd38e0df,merkle,repair_dml_wire_ms,7.462
size-scaling-k75-c300-n15000000-f32-k75-c300-fanout_f32_l16-merkle-r2,f92394208aa4d46d676ad7ea1b2cca3af7ad81cd2abbf0df1812735ebd38e0df,merkle,repair_commit_wire_ms,16.724
size-scaling-k75-c300-n15000000-f32-k75-c300-fanout_f32_l16-merkle-r2,f92394208aa4d46d676ad7ea1b2cca3af7ad81cd2abbf0df1812735ebd38e0df,merkle,repair_begin_wire_ms,0.057
size-scaling-k75-c300-n15000000-f32-k75-c300-fanout_f32_l16-merkle-r2,f92394208aa4d46d676ad7ea1b2cca3af7ad81cd2abbf0df1812735ebd38e0df,merkle,repair_transaction_block_ms,24.498
size-scaling-k75-c300-n15000000-f32-k75-c300-fanout_f32_l16-merkle-r2,f92394208aa4d46d676ad7ea1b2cca3af7ad81cd2abbf0df1812735ebd38e0df,merkle,repair_write_ms,24.500
size-scaling-k75-c300-n15000000-f32-k75-c300-fanout_f32_l16-merkle-r2,f92394208aa4d46d676ad7ea1b2cca3af7ad81cd2abbf0df1812735ebd38e0df,merkle,targeted_post_repair_confirmation_ms,1.787
size-scaling-k75-c300-n15000000-f32-k75-c300-fanout_f32_l16-merkle-r2,f92394208aa4d46d676ad7ea1b2cca3af7ad81cd2abbf0df1812735ebd38e0df,merkle,recovery_observability_ms,0.001
size-scaling-k75-c300-n15000000-f32-k75-c300-fanout_f32_l16-merkle-r2,f92394208aa4d46d676ad7ea1b2cca3af7ad81cd2abbf0df1812735ebd38e0df,merkle,recovery_orchestration_ms,1.602
size-scaling-k75-c300-n15000000-f32-k75-c300-fanout_f32_l16-merkle-r2,f92394208aa4d46d676ad7ea1b2cca3af7ad81cd2abbf0df1812735ebd38e0df,merkle,audit_exact_table_compare_ms,52822.585
size-scaling-k75-c300-n15000000-f32-k75-c300-fanout_f32_l16-merkle-r2,f92394208aa4d46d676ad7ea1b2cca3af7ad81cd2abbf0df1812735ebd38e0df,merkle,audit_merkle_root_hash_ms,1.360
size-scaling-k75-c300-n15000000-f32-k75-c300-fanout_f32_l16-merkle-r2,f92394208aa4d46d676ad7ea1b2cca3af7ad81cd2abbf0df1812735ebd38e0df,merkle,audit_merkle_verify_ms,46069.192
size-scaling-k75-c300-n15000000-f32-k75-c300-fanout_f32_l16-merkle-r2,f92394208aa4d46d676ad7ea1b2cca3af7ad81cd2abbf0df1812735ebd38e0df,merkle,audit_schema_fidelity_ms,2.181
size-scaling-k75-c300-n15000000-f32-k75-c300-fanout_f32_l16-merkle-r2,f92394208aa4d46d676ad7ea1b2cca3af7ad81cd2abbf0df1812735ebd38e0df,merkle,merkle_total_ms,99070.698
size-scaling-k75-c300-n15000000-f32-k75-c300-fanout_f32_l16-merkle-r3,f92394208aa4d46d676ad7ea1b2cca3af7ad81cd2abbf0df1812735ebd38e0df,merkle,tree_localisation_ms,114.013
size-scaling-k75-c300-n15000000-f32-k75-c300-fanout_f32_l16-merkle-r3,f92394208aa4d46d676ad7ea1b2cca3af7ad81cd2abbf0df1812735ebd38e0df,merkle,candidate_row_fetch_ms,7.814
size-scaling-k75-c300-n15000000-f32-k75-c300-fanout_f32_l16-merkle-r3,f92394208aa4d46d676ad7ea1b2cca3af7ad81cd2abbf0df1812735ebd38e0df,merkle,row_comparison_ms,0.232
size-scaling-k75-c300-n15000000-f32-k75-c300-fanout_f32_l16-merkle-r3,f92394208aa4d46d676ad7ea1b2cca3af7ad81cd2abbf0df1812735ebd38e0df,merkle,repair_sql_building_ms,0.232
size-scaling-k75-c300-n15000000-f32-k75-c300-fanout_f32_l16-merkle-r3,f92394208aa4d46d676ad7ea1b2cca3af7ad81cd2abbf0df1812735ebd38e0df,merkle,repair_dml_wire_ms,7.435
size-scaling-k75-c300-n15000000-f32-k75-c300-fanout_f32_l16-merkle-r3,f92394208aa4d46d676ad7ea1b2cca3af7ad81cd2abbf0df1812735ebd38e0df,merkle,repair_commit_wire_ms,6.246
size-scaling-k75-c300-n15000000-f32-k75-c300-fanout_f32_l16-merkle-r3,f92394208aa4d46d676ad7ea1b2cca3af7ad81cd2abbf0df1812735ebd38e0df,merkle,repair_begin_wire_ms,0.054
size-scaling-k75-c300-n15000000-f32-k75-c300-fanout_f32_l16-merkle-r3,f92394208aa4d46d676ad7ea1b2cca3af7ad81cd2abbf0df1812735ebd38e0df,merkle,repair_transaction_block_ms,13.991
size-scaling-k75-c300-n15000000-f32-k75-c300-fanout_f32_l16-merkle-r3,f92394208aa4d46d676ad7ea1b2cca3af7ad81cd2abbf0df1812735ebd38e0df,merkle,repair_write_ms,13.993
size-scaling-k75-c300-n15000000-f32-k75-c300-fanout_f32_l16-merkle-r3,f92394208aa4d46d676ad7ea1b2cca3af7ad81cd2abbf0df1812735ebd38e0df,merkle,targeted_post_repair_confirmation_ms,1.724
size-scaling-k75-c300-n15000000-f32-k75-c300-fanout_f32_l16-merkle-r3,f92394208aa4d46d676ad7ea1b2cca3af7ad81cd2abbf0df1812735ebd38e0df,merkle,recovery_observability_ms,0.001
size-scaling-k75-c300-n15000000-f32-k75-c300-fanout_f32_l16-merkle-r3,f92394208aa4d46d676ad7ea1b2cca3af7ad81cd2abbf0df1812735ebd38e0df,merkle,recovery_orchestration_ms,1.378
size-scaling-k75-c300-n15000000-f32-k75-c300-fanout_f32_l16-merkle-r3,f92394208aa4d46d676ad7ea1b2cca3af7ad81cd2abbf0df1812735ebd38e0df,merkle,audit_exact_table_compare_ms,53125.981
size-scaling-k75-c300-n15000000-f32-k75-c300-fanout_f32_l16-merkle-r3,f92394208aa4d46d676ad7ea1b2cca3af7ad81cd2abbf0df1812735ebd38e0df,merkle,audit_merkle_root_hash_ms,1.243
size-scaling-k75-c300-n15000000-f32-k75-c300-fanout_f32_l16-merkle-r3,f92394208aa4d46d676ad7ea1b2cca3af7ad81cd2abbf0df1812735ebd38e0df,merkle,audit_merkle_verify_ms,46066.095
size-scaling-k75-c300-n15000000-f32-k75-c300-fanout_f32_l16-merkle-r3,f92394208aa4d46d676ad7ea1b2cca3af7ad81cd2abbf0df1812735ebd38e0df,merkle,audit_schema_fidelity_ms,2.198
size-scaling-k75-c300-n15000000-f32-k75-c300-fanout_f32_l16-merkle-r3,f92394208aa4d46d676ad7ea1b2cca3af7ad81cd2abbf0df1812735ebd38e0df,merkle,merkle_total_ms,99345.915
size-scaling-k75-c300-n15000000-f32-k75-c300-fanout_f32_l16-merkle-r4,f92394208aa4d46d676ad7ea1b2cca3af7ad81cd2abbf0df1812735ebd38e0df,merkle,tree_localisation_ms,103.250
size-scaling-k75-c300-n15000000-f32-k75-c300-fanout_f32_l16-merkle-r4,f92394208aa4d46d676ad7ea1b2cca3af7ad81cd2abbf0df1812735ebd38e0df,merkle,candidate_row_fetch_ms,7.884
size-scaling-k75-c300-n15000000-f32-k75-c300-fanout_f32_l16-merkle-r4,f92394208aa4d46d676ad7ea1b2cca3af7ad81cd2abbf0df1812735ebd38e0df,merkle,row_comparison_ms,0.239
size-scaling-k75-c300-n15000000-f32-k75-c300-fanout_f32_l16-merkle-r4,f92394208aa4d46d676ad7ea1b2cca3af7ad81cd2abbf0df1812735ebd38e0df,merkle,repair_sql_building_ms,0.249
size-scaling-k75-c300-n15000000-f32-k75-c300-fanout_f32_l16-merkle-r4,f92394208aa4d46d676ad7ea1b2cca3af7ad81cd2abbf0df1812735ebd38e0df,merkle,repair_dml_wire_ms,7.423
size-scaling-k75-c300-n15000000-f32-k75-c300-fanout_f32_l16-merkle-r4,f92394208aa4d46d676ad7ea1b2cca3af7ad81cd2abbf0df1812735ebd38e0df,merkle,repair_commit_wire_ms,6.656
size-scaling-k75-c300-n15000000-f32-k75-c300-fanout_f32_l16-merkle-r4,f92394208aa4d46d676ad7ea1b2cca3af7ad81cd2abbf0df1812735ebd38e0df,merkle,repair_begin_wire_ms,0.052
size-scaling-k75-c300-n15000000-f32-k75-c300-fanout_f32_l16-merkle-r4,f92394208aa4d46d676ad7ea1b2cca3af7ad81cd2abbf0df1812735ebd38e0df,merkle,repair_transaction_block_ms,14.404
size-scaling-k75-c300-n15000000-f32-k75-c300-fanout_f32_l16-merkle-r4,f92394208aa4d46d676ad7ea1b2cca3af7ad81cd2abbf0df1812735ebd38e0df,merkle,repair_write_ms,14.406
size-scaling-k75-c300-n15000000-f32-k75-c300-fanout_f32_l16-merkle-r4,f92394208aa4d46d676ad7ea1b2cca3af7ad81cd2abbf0df1812735ebd38e0df,merkle,targeted_post_repair_confirmation_ms,1.734
size-scaling-k75-c300-n15000000-f32-k75-c300-fanout_f32_l16-merkle-r4,f92394208aa4d46d676ad7ea1b2cca3af7ad81cd2abbf0df1812735ebd38e0df,merkle,recovery_observability_ms,0.001
size-scaling-k75-c300-n15000000-f32-k75-c300-fanout_f32_l16-merkle-r4,f92394208aa4d46d676ad7ea1b2cca3af7ad81cd2abbf0df1812735ebd38e0df,merkle,recovery_orchestration_ms,1.368
size-scaling-k75-c300-n15000000-f32-k75-c300-fanout_f32_l16-merkle-r4,f92394208aa4d46d676ad7ea1b2cca3af7ad81cd2abbf0df1812735ebd38e0df,merkle,audit_exact_table_compare_ms,53257.700
size-scaling-k75-c300-n15000000-f32-k75-c300-fanout_f32_l16-merkle-r4,f92394208aa4d46d676ad7ea1b2cca3af7ad81cd2abbf0df1812735ebd38e0df,merkle,audit_merkle_root_hash_ms,1.361
size-scaling-k75-c300-n15000000-f32-k75-c300-fanout_f32_l16-merkle-r4,f92394208aa4d46d676ad7ea1b2cca3af7ad81cd2abbf0df1812735ebd38e0df,merkle,audit_merkle_verify_ms,46027.354
size-scaling-k75-c300-n15000000-f32-k75-c300-fanout_f32_l16-merkle-r4,f92394208aa4d46d676ad7ea1b2cca3af7ad81cd2abbf0df1812735ebd38e0df,merkle,audit_schema_fidelity_ms,2.069
size-scaling-k75-c300-n15000000-f32-k75-c300-fanout_f32_l16-merkle-r4,f92394208aa4d46d676ad7ea1b2cca3af7ad81cd2abbf0df1812735ebd38e0df,merkle,merkle_total_ms,99428.621
size-scaling-k75-c300-n15000000-f32-k75-c300-fanout_f32_l16-merkle-r5,f92394208aa4d46d676ad7ea1b2cca3af7ad81cd2abbf0df1812735ebd38e0df,merkle,tree_localisation_ms,115.397
size-scaling-k75-c300-n15000000-f32-k75-c300-fanout_f32_l16-merkle-r5,f92394208aa4d46d676ad7ea1b2cca3af7ad81cd2abbf0df1812735ebd38e0df,merkle,candidate_row_fetch_ms,7.930
size-scaling-k75-c300-n15000000-f32-k75-c300-fanout_f32_l16-merkle-r5,f92394208aa4d46d676ad7ea1b2cca3af7ad81cd2abbf0df1812735ebd38e0df,merkle,row_comparison_ms,0.223
size-scaling-k75-c300-n15000000-f32-k75-c300-fanout_f32_l16-merkle-r5,f92394208aa4d46d676ad7ea1b2cca3af7ad81cd2abbf0df1812735ebd38e0df,merkle,repair_sql_building_ms,0.224
size-scaling-k75-c300-n15000000-f32-k75-c300-fanout_f32_l16-merkle-r5,f92394208aa4d46d676ad7ea1b2cca3af7ad81cd2abbf0df1812735ebd38e0df,merkle,repair_dml_wire_ms,7.321
size-scaling-k75-c300-n15000000-f32-k75-c300-fanout_f32_l16-merkle-r5,f92394208aa4d46d676ad7ea1b2cca3af7ad81cd2abbf0df1812735ebd38e0df,merkle,repair_commit_wire_ms,6.661
size-scaling-k75-c300-n15000000-f32-k75-c300-fanout_f32_l16-merkle-r5,f92394208aa4d46d676ad7ea1b2cca3af7ad81cd2abbf0df1812735ebd38e0df,merkle,repair_begin_wire_ms,0.056
size-scaling-k75-c300-n15000000-f32-k75-c300-fanout_f32_l16-merkle-r5,f92394208aa4d46d676ad7ea1b2cca3af7ad81cd2abbf0df1812735ebd38e0df,merkle,repair_transaction_block_ms,14.287
size-scaling-k75-c300-n15000000-f32-k75-c300-fanout_f32_l16-merkle-r5,f92394208aa4d46d676ad7ea1b2cca3af7ad81cd2abbf0df1812735ebd38e0df,merkle,repair_write_ms,14.289
size-scaling-k75-c300-n15000000-f32-k75-c300-fanout_f32_l16-merkle-r5,f92394208aa4d46d676ad7ea1b2cca3af7ad81cd2abbf0df1812735ebd38e0df,merkle,targeted_post_repair_confirmation_ms,1.840
size-scaling-k75-c300-n15000000-f32-k75-c300-fanout_f32_l16-merkle-r5,f92394208aa4d46d676ad7ea1b2cca3af7ad81cd2abbf0df1812735ebd38e0df,merkle,recovery_observability_ms,0.001
size-scaling-k75-c300-n15000000-f32-k75-c300-fanout_f32_l16-merkle-r5,f92394208aa4d46d676ad7ea1b2cca3af7ad81cd2abbf0df1812735ebd38e0df,merkle,recovery_orchestration_ms,1.395
size-scaling-k75-c300-n15000000-f32-k75-c300-fanout_f32_l16-merkle-r5,f92394208aa4d46d676ad7ea1b2cca3af7ad81cd2abbf0df1812735ebd38e0df,merkle,audit_exact_table_compare_ms,53228.879
size-scaling-k75-c300-n15000000-f32-k75-c300-fanout_f32_l16-merkle-r5,f92394208aa4d46d676ad7ea1b2cca3af7ad81cd2abbf0df1812735ebd38e0df,merkle,audit_merkle_root_hash_ms,1.269
size-scaling-k75-c300-n15000000-f32-k75-c300-fanout_f32_l16-merkle-r5,f92394208aa4d46d676ad7ea1b2cca3af7ad81cd2abbf0df1812735ebd38e0df,merkle,audit_merkle_verify_ms,45976.521
size-scaling-k75-c300-n15000000-f32-k75-c300-fanout_f32_l16-merkle-r5,f92394208aa4d46d676ad7ea1b2cca3af7ad81cd2abbf0df1812735ebd38e0df,merkle,audit_schema_fidelity_ms,2.161
size-scaling-k75-c300-n15000000-f32-k75-c300-fanout_f32_l16-merkle-r5,f92394208aa4d46d676ad7ea1b2cca3af7ad81cd2abbf0df1812735ebd38e0df,merkle,merkle_total_ms,99361.384
size-scaling-k75-c300-n15000000-f32-k75-c300-fanout_f32_l16-merkle-r6,f92394208aa4d46d676ad7ea1b2cca3af7ad81cd2abbf0df1812735ebd38e0df,merkle,tree_localisation_ms,128.454
size-scaling-k75-c300-n15000000-f32-k75-c300-fanout_f32_l16-merkle-r6,f92394208aa4d46d676ad7ea1b2cca3af7ad81cd2abbf0df1812735ebd38e0df,merkle,candidate_row_fetch_ms,8.097
size-scaling-k75-c300-n15000000-f32-k75-c300-fanout_f32_l16-merkle-r6,f92394208aa4d46d676ad7ea1b2cca3af7ad81cd2abbf0df1812735ebd38e0df,merkle,row_comparison_ms,0.225
size-scaling-k75-c300-n15000000-f32-k75-c300-fanout_f32_l16-merkle-r6,f92394208aa4d46d676ad7ea1b2cca3af7ad81cd2abbf0df1812735ebd38e0df,merkle,repair_sql_building_ms,0.235
size-scaling-k75-c300-n15000000-f32-k75-c300-fanout_f32_l16-merkle-r6,f92394208aa4d46d676ad7ea1b2cca3af7ad81cd2abbf0df1812735ebd38e0df,merkle,repair_dml_wire_ms,7.294
size-scaling-k75-c300-n15000000-f32-k75-c300-fanout_f32_l16-merkle-r6,f92394208aa4d46d676ad7ea1b2cca3af7ad81cd2abbf0df1812735ebd38e0df,merkle,repair_commit_wire_ms,16.761
size-scaling-k75-c300-n15000000-f32-k75-c300-fanout_f32_l16-merkle-r6,f92394208aa4d46d676ad7ea1b2cca3af7ad81cd2abbf0df1812735ebd38e0df,merkle,repair_begin_wire_ms,0.058
size-scaling-k75-c300-n15000000-f32-k75-c300-fanout_f32_l16-merkle-r6,f92394208aa4d46d676ad7ea1b2cca3af7ad81cd2abbf0df1812735ebd38e0df,merkle,repair_transaction_block_ms,24.374
size-scaling-k75-c300-n15000000-f32-k75-c300-fanout_f32_l16-merkle-r6,f92394208aa4d46d676ad7ea1b2cca3af7ad81cd2abbf0df1812735ebd38e0df,merkle,repair_write_ms,24.376
size-scaling-k75-c300-n15000000-f32-k75-c300-fanout_f32_l16-merkle-r6,f92394208aa4d46d676ad7ea1b2cca3af7ad81cd2abbf0df1812735ebd38e0df,merkle,targeted_post_repair_confirmation_ms,1.802
size-scaling-k75-c300-n15000000-f32-k75-c300-fanout_f32_l16-merkle-r6,f92394208aa4d46d676ad7ea1b2cca3af7ad81cd2abbf0df1812735ebd38e0df,merkle,recovery_observability_ms,0.001
size-scaling-k75-c300-n15000000-f32-k75-c300-fanout_f32_l16-merkle-r6,f92394208aa4d46d676ad7ea1b2cca3af7ad81cd2abbf0df1812735ebd38e0df,merkle,recovery_orchestration_ms,1.584
size-scaling-k75-c300-n15000000-f32-k75-c300-fanout_f32_l16-merkle-r6,f92394208aa4d46d676ad7ea1b2cca3af7ad81cd2abbf0df1812735ebd38e0df,merkle,audit_exact_table_compare_ms,53203.259
size-scaling-k75-c300-n15000000-f32-k75-c300-fanout_f32_l16-merkle-r6,f92394208aa4d46d676ad7ea1b2cca3af7ad81cd2abbf0df1812735ebd38e0df,merkle,audit_merkle_root_hash_ms,1.323
size-scaling-k75-c300-n15000000-f32-k75-c300-fanout_f32_l16-merkle-r6,f92394208aa4d46d676ad7ea1b2cca3af7ad81cd2abbf0df1812735ebd38e0df,merkle,audit_merkle_verify_ms,46011.985
size-scaling-k75-c300-n15000000-f32-k75-c300-fanout_f32_l16-merkle-r6,f92394208aa4d46d676ad7ea1b2cca3af7ad81cd2abbf0df1812735ebd38e0df,merkle,audit_schema_fidelity_ms,2.220
size-scaling-k75-c300-n15000000-f32-k75-c300-fanout_f32_l16-merkle-r6,f92394208aa4d46d676ad7ea1b2cca3af7ad81cd2abbf0df1812735ebd38e0df,merkle,merkle_total_ms,99394.910
size-scaling-k75-c300-n15000000-f32-k75-c300-fanout_f32_l16-merkle-r7,f92394208aa4d46d676ad7ea1b2cca3af7ad81cd2abbf0df1812735ebd38e0df,merkle,tree_localisation_ms,112.024
size-scaling-k75-c300-n15000000-f32-k75-c300-fanout_f32_l16-merkle-r7,f92394208aa4d46d676ad7ea1b2cca3af7ad81cd2abbf0df1812735ebd38e0df,merkle,candidate_row_fetch_ms,8.073
size-scaling-k75-c300-n15000000-f32-k75-c300-fanout_f32_l16-merkle-r7,f92394208aa4d46d676ad7ea1b2cca3af7ad81cd2abbf0df1812735ebd38e0df,merkle,row_comparison_ms,0.234
size-scaling-k75-c300-n15000000-f32-k75-c300-fanout_f32_l16-merkle-r7,f92394208aa4d46d676ad7ea1b2cca3af7ad81cd2abbf0df1812735ebd38e0df,merkle,repair_sql_building_ms,0.229
size-scaling-k75-c300-n15000000-f32-k75-c300-fanout_f32_l16-merkle-r7,f92394208aa4d46d676ad7ea1b2cca3af7ad81cd2abbf0df1812735ebd38e0df,merkle,repair_dml_wire_ms,7.275
size-scaling-k75-c300-n15000000-f32-k75-c300-fanout_f32_l16-merkle-r7,f92394208aa4d46d676ad7ea1b2cca3af7ad81cd2abbf0df1812735ebd38e0df,merkle,repair_commit_wire_ms,6.838
size-scaling-k75-c300-n15000000-f32-k75-c300-fanout_f32_l16-merkle-r7,f92394208aa4d46d676ad7ea1b2cca3af7ad81cd2abbf0df1812735ebd38e0df,merkle,repair_begin_wire_ms,0.055
size-scaling-k75-c300-n15000000-f32-k75-c300-fanout_f32_l16-merkle-r7,f92394208aa4d46d676ad7ea1b2cca3af7ad81cd2abbf0df1812735ebd38e0df,merkle,repair_transaction_block_ms,14.422
size-scaling-k75-c300-n15000000-f32-k75-c300-fanout_f32_l16-merkle-r7,f92394208aa4d46d676ad7ea1b2cca3af7ad81cd2abbf0df1812735ebd38e0df,merkle,repair_write_ms,14.424
size-scaling-k75-c300-n15000000-f32-k75-c300-fanout_f32_l16-merkle-r7,f92394208aa4d46d676ad7ea1b2cca3af7ad81cd2abbf0df1812735ebd38e0df,merkle,targeted_post_repair_confirmation_ms,1.713
size-scaling-k75-c300-n15000000-f32-k75-c300-fanout_f32_l16-merkle-r7,f92394208aa4d46d676ad7ea1b2cca3af7ad81cd2abbf0df1812735ebd38e0df,merkle,recovery_observability_ms,0.000
size-scaling-k75-c300-n15000000-f32-k75-c300-fanout_f32_l16-merkle-r7,f92394208aa4d46d676ad7ea1b2cca3af7ad81cd2abbf0df1812735ebd38e0df,merkle,recovery_orchestration_ms,1.392
size-scaling-k75-c300-n15000000-f32-k75-c300-fanout_f32_l16-merkle-r7,f92394208aa4d46d676ad7ea1b2cca3af7ad81cd2abbf0df1812735ebd38e0df,merkle,audit_exact_table_compare_ms,53247.204
size-scaling-k75-c300-n15000000-f32-k75-c300-fanout_f32_l16-merkle-r7,f92394208aa4d46d676ad7ea1b2cca3af7ad81cd2abbf0df1812735ebd38e0df,merkle,audit_merkle_root_hash_ms,1.246
size-scaling-k75-c300-n15000000-f32-k75-c300-fanout_f32_l16-merkle-r7,f92394208aa4d46d676ad7ea1b2cca3af7ad81cd2abbf0df1812735ebd38e0df,merkle,audit_merkle_verify_ms,46102.426
size-scaling-k75-c300-n15000000-f32-k75-c300-fanout_f32_l16-merkle-r7,f92394208aa4d46d676ad7ea1b2cca3af7ad81cd2abbf0df1812735ebd38e0df,merkle,audit_schema_fidelity_ms,2.193
size-scaling-k75-c300-n15000000-f32-k75-c300-fanout_f32_l16-merkle-r7,f92394208aa4d46d676ad7ea1b2cca3af7ad81cd2abbf0df1812735ebd38e0df,merkle,merkle_total_ms,99502.268
size-scaling-k75-c300-n15000000-f32-k75-c300-fanout_f32_l16-merkle-r8,f92394208aa4d46d676ad7ea1b2cca3af7ad81cd2abbf0df1812735ebd38e0df,merkle,tree_localisation_ms,112.699
size-scaling-k75-c300-n15000000-f32-k75-c300-fanout_f32_l16-merkle-r8,f92394208aa4d46d676ad7ea1b2cca3af7ad81cd2abbf0df1812735ebd38e0df,merkle,candidate_row_fetch_ms,8.159
size-scaling-k75-c300-n15000000-f32-k75-c300-fanout_f32_l16-merkle-r8,f92394208aa4d46d676ad7ea1b2cca3af7ad81cd2abbf0df1812735ebd38e0df,merkle,row_comparison_ms,0.232
size-scaling-k75-c300-n15000000-f32-k75-c300-fanout_f32_l16-merkle-r8,f92394208aa4d46d676ad7ea1b2cca3af7ad81cd2abbf0df1812735ebd38e0df,merkle,repair_sql_building_ms,0.226
size-scaling-k75-c300-n15000000-f32-k75-c300-fanout_f32_l16-merkle-r8,f92394208aa4d46d676ad7ea1b2cca3af7ad81cd2abbf0df1812735ebd38e0df,merkle,repair_dml_wire_ms,7.219
size-scaling-k75-c300-n15000000-f32-k75-c300-fanout_f32_l16-merkle-r8,f92394208aa4d46d676ad7ea1b2cca3af7ad81cd2abbf0df1812735ebd38e0df,merkle,repair_commit_wire_ms,16.158
size-scaling-k75-c300-n15000000-f32-k75-c300-fanout_f32_l16-merkle-r8,f92394208aa4d46d676ad7ea1b2cca3af7ad81cd2abbf0df1812735ebd38e0df,merkle,repair_begin_wire_ms,0.052
size-scaling-k75-c300-n15000000-f32-k75-c300-fanout_f32_l16-merkle-r8,f92394208aa4d46d676ad7ea1b2cca3af7ad81cd2abbf0df1812735ebd38e0df,merkle,repair_transaction_block_ms,23.681
size-scaling-k75-c300-n15000000-f32-k75-c300-fanout_f32_l16-merkle-r8,f92394208aa4d46d676ad7ea1b2cca3af7ad81cd2abbf0df1812735ebd38e0df,merkle,repair_write_ms,23.683
size-scaling-k75-c300-n15000000-f32-k75-c300-fanout_f32_l16-merkle-r8,f92394208aa4d46d676ad7ea1b2cca3af7ad81cd2abbf0df1812735ebd38e0df,merkle,targeted_post_repair_confirmation_ms,1.768
size-scaling-k75-c300-n15000000-f32-k75-c300-fanout_f32_l16-merkle-r8,f92394208aa4d46d676ad7ea1b2cca3af7ad81cd2abbf0df1812735ebd38e0df,merkle,recovery_observability_ms,0.000
size-scaling-k75-c300-n15000000-f32-k75-c300-fanout_f32_l16-merkle-r8,f92394208aa4d46d676ad7ea1b2cca3af7ad81cd2abbf0df1812735ebd38e0df,merkle,recovery_orchestration_ms,1.419
size-scaling-k75-c300-n15000000-f32-k75-c300-fanout_f32_l16-merkle-r8,f92394208aa4d46d676ad7ea1b2cca3af7ad81cd2abbf0df1812735ebd38e0df,merkle,audit_exact_table_compare_ms,53353.035
size-scaling-k75-c300-n15000000-f32-k75-c300-fanout_f32_l16-merkle-r8,f92394208aa4d46d676ad7ea1b2cca3af7ad81cd2abbf0df1812735ebd38e0df,merkle,audit_merkle_root_hash_ms,1.331
size-scaling-k75-c300-n15000000-f32-k75-c300-fanout_f32_l16-merkle-r8,f92394208aa4d46d676ad7ea1b2cca3af7ad81cd2abbf0df1812735ebd38e0df,merkle,audit_merkle_verify_ms,46047.250
size-scaling-k75-c300-n15000000-f32-k75-c300-fanout_f32_l16-merkle-r8,f92394208aa4d46d676ad7ea1b2cca3af7ad81cd2abbf0df1812735ebd38e0df,merkle,audit_schema_fidelity_ms,2.206
size-scaling-k75-c300-n15000000-f32-k75-c300-fanout_f32_l16-merkle-r8,f92394208aa4d46d676ad7ea1b2cca3af7ad81cd2abbf0df1812735ebd38e0df,merkle,merkle_total_ms,99563.057
size-scaling-k75-c300-n15000000-f32-k75-c300-fanout_f32_l16-merkle-r9,f92394208aa4d46d676ad7ea1b2cca3af7ad81cd2abbf0df1812735ebd38e0df,merkle,tree_localisation_ms,111.875
size-scaling-k75-c300-n15000000-f32-k75-c300-fanout_f32_l16-merkle-r9,f92394208aa4d46d676ad7ea1b2cca3af7ad81cd2abbf0df1812735ebd38e0df,merkle,candidate_row_fetch_ms,8.246
size-scaling-k75-c300-n15000000-f32-k75-c300-fanout_f32_l16-merkle-r9,f92394208aa4d46d676ad7ea1b2cca3af7ad81cd2abbf0df1812735ebd38e0df,merkle,row_comparison_ms,0.226
size-scaling-k75-c300-n15000000-f32-k75-c300-fanout_f32_l16-merkle-r9,f92394208aa4d46d676ad7ea1b2cca3af7ad81cd2abbf0df1812735ebd38e0df,merkle,repair_sql_building_ms,0.244
size-scaling-k75-c300-n15000000-f32-k75-c300-fanout_f32_l16-merkle-r9,f92394208aa4d46d676ad7ea1b2cca3af7ad81cd2abbf0df1812735ebd38e0df,merkle,repair_dml_wire_ms,7.271
size-scaling-k75-c300-n15000000-f32-k75-c300-fanout_f32_l16-merkle-r9,f92394208aa4d46d676ad7ea1b2cca3af7ad81cd2abbf0df1812735ebd38e0df,merkle,repair_commit_wire_ms,6.651
size-scaling-k75-c300-n15000000-f32-k75-c300-fanout_f32_l16-merkle-r9,f92394208aa4d46d676ad7ea1b2cca3af7ad81cd2abbf0df1812735ebd38e0df,merkle,repair_begin_wire_ms,0.055
size-scaling-k75-c300-n15000000-f32-k75-c300-fanout_f32_l16-merkle-r9,f92394208aa4d46d676ad7ea1b2cca3af7ad81cd2abbf0df1812735ebd38e0df,merkle,repair_transaction_block_ms,14.246
size-scaling-k75-c300-n15000000-f32-k75-c300-fanout_f32_l16-merkle-r9,f92394208aa4d46d676ad7ea1b2cca3af7ad81cd2abbf0df1812735ebd38e0df,merkle,repair_write_ms,14.248
size-scaling-k75-c300-n15000000-f32-k75-c300-fanout_f32_l16-merkle-r9,f92394208aa4d46d676ad7ea1b2cca3af7ad81cd2abbf0df1812735ebd38e0df,merkle,targeted_post_repair_confirmation_ms,1.839
size-scaling-k75-c300-n15000000-f32-k75-c300-fanout_f32_l16-merkle-r9,f92394208aa4d46d676ad7ea1b2cca3af7ad81cd2abbf0df1812735ebd38e0df,merkle,recovery_observability_ms,0.001
size-scaling-k75-c300-n15000000-f32-k75-c300-fanout_f32_l16-merkle-r9,f92394208aa4d46d676ad7ea1b2cca3af7ad81cd2abbf0df1812735ebd38e0df,merkle,recovery_orchestration_ms,1.402
size-scaling-k75-c300-n15000000-f32-k75-c300-fanout_f32_l16-merkle-r9,f92394208aa4d46d676ad7ea1b2cca3af7ad81cd2abbf0df1812735ebd38e0df,merkle,audit_exact_table_compare_ms,53354.017
size-scaling-k75-c300-n15000000-f32-k75-c300-fanout_f32_l16-merkle-r9,f92394208aa4d46d676ad7ea1b2cca3af7ad81cd2abbf0df1812735ebd38e0df,merkle,audit_merkle_root_hash_ms,1.317
size-scaling-k75-c300-n15000000-f32-k75-c300-fanout_f32_l16-merkle-r9,f92394208aa4d46d676ad7ea1b2cca3af7ad81cd2abbf0df1812735ebd38e0df,merkle,audit_merkle_verify_ms,46118.165
size-scaling-k75-c300-n15000000-f32-k75-c300-fanout_f32_l16-merkle-r9,f92394208aa4d46d676ad7ea1b2cca3af7ad81cd2abbf0df1812735ebd38e0df,merkle,audit_schema_fidelity_ms,2.055
size-scaling-k75-c300-n15000000-f32-k75-c300-fanout_f32_l16-merkle-r9,f92394208aa4d46d676ad7ea1b2cca3af7ad81cd2abbf0df1812735ebd38e0df,merkle,merkle_total_ms,99624.800
size-scaling-k75-c300-n20000000-f32-k75-c300-fanout_f32_l16-merkle-r0,c8d59639742031ea35286f86f78671f44ec84186dd108058a4f9a4b0b298196e,merkle,tree_localisation_ms,165.658
size-scaling-k75-c300-n20000000-f32-k75-c300-fanout_f32_l16-merkle-r0,c8d59639742031ea35286f86f78671f44ec84186dd108058a4f9a4b0b298196e,merkle,candidate_row_fetch_ms,14.112
size-scaling-k75-c300-n20000000-f32-k75-c300-fanout_f32_l16-merkle-r0,c8d59639742031ea35286f86f78671f44ec84186dd108058a4f9a4b0b298196e,merkle,row_comparison_ms,0.552
size-scaling-k75-c300-n20000000-f32-k75-c300-fanout_f32_l16-merkle-r0,c8d59639742031ea35286f86f78671f44ec84186dd108058a4f9a4b0b298196e,merkle,repair_sql_building_ms,0.437
size-scaling-k75-c300-n20000000-f32-k75-c300-fanout_f32_l16-merkle-r0,c8d59639742031ea35286f86f78671f44ec84186dd108058a4f9a4b0b298196e,merkle,repair_dml_wire_ms,15.087
size-scaling-k75-c300-n20000000-f32-k75-c300-fanout_f32_l16-merkle-r0,c8d59639742031ea35286f86f78671f44ec84186dd108058a4f9a4b0b298196e,merkle,repair_commit_wire_ms,22.530
size-scaling-k75-c300-n20000000-f32-k75-c300-fanout_f32_l16-merkle-r0,c8d59639742031ea35286f86f78671f44ec84186dd108058a4f9a4b0b298196e,merkle,repair_begin_wire_ms,0.090
size-scaling-k75-c300-n20000000-f32-k75-c300-fanout_f32_l16-merkle-r0,c8d59639742031ea35286f86f78671f44ec84186dd108058a4f9a4b0b298196e,merkle,repair_transaction_block_ms,38.195
size-scaling-k75-c300-n20000000-f32-k75-c300-fanout_f32_l16-merkle-r0,c8d59639742031ea35286f86f78671f44ec84186dd108058a4f9a4b0b298196e,merkle,repair_write_ms,38.199
size-scaling-k75-c300-n20000000-f32-k75-c300-fanout_f32_l16-merkle-r0,c8d59639742031ea35286f86f78671f44ec84186dd108058a4f9a4b0b298196e,merkle,targeted_post_repair_confirmation_ms,3.554
size-scaling-k75-c300-n20000000-f32-k75-c300-fanout_f32_l16-merkle-r0,c8d59639742031ea35286f86f78671f44ec84186dd108058a4f9a4b0b298196e,merkle,recovery_observability_ms,0.001
size-scaling-k75-c300-n20000000-f32-k75-c300-fanout_f32_l16-merkle-r0,c8d59639742031ea35286f86f78671f44ec84186dd108058a4f9a4b0b298196e,merkle,recovery_orchestration_ms,2.205
size-scaling-k75-c300-n20000000-f32-k75-c300-fanout_f32_l16-merkle-r0,c8d59639742031ea35286f86f78671f44ec84186dd108058a4f9a4b0b298196e,merkle,audit_exact_table_compare_ms,71095.500
size-scaling-k75-c300-n20000000-f32-k75-c300-fanout_f32_l16-merkle-r0,c8d59639742031ea35286f86f78671f44ec84186dd108058a4f9a4b0b298196e,merkle,audit_merkle_root_hash_ms,1.326
size-scaling-k75-c300-n20000000-f32-k75-c300-fanout_f32_l16-merkle-r0,c8d59639742031ea35286f86f78671f44ec84186dd108058a4f9a4b0b298196e,merkle,audit_merkle_verify_ms,61613.715
size-scaling-k75-c300-n20000000-f32-k75-c300-fanout_f32_l16-merkle-r0,c8d59639742031ea35286f86f78671f44ec84186dd108058a4f9a4b0b298196e,merkle,audit_schema_fidelity_ms,2.215
size-scaling-k75-c300-n20000000-f32-k75-c300-fanout_f32_l16-merkle-r0,c8d59639742031ea35286f86f78671f44ec84186dd108058a4f9a4b0b298196e,merkle,merkle_total_ms,132949.498
size-scaling-k75-c300-n20000000-f32-k75-c300-fanout_f32_l16-merkle-r1,c8d59639742031ea35286f86f78671f44ec84186dd108058a4f9a4b0b298196e,merkle,tree_localisation_ms,113.198
size-scaling-k75-c300-n20000000-f32-k75-c300-fanout_f32_l16-merkle-r1,c8d59639742031ea35286f86f78671f44ec84186dd108058a4f9a4b0b298196e,merkle,candidate_row_fetch_ms,7.868
size-scaling-k75-c300-n20000000-f32-k75-c300-fanout_f32_l16-merkle-r1,c8d59639742031ea35286f86f78671f44ec84186dd108058a4f9a4b0b298196e,merkle,row_comparison_ms,0.233
size-scaling-k75-c300-n20000000-f32-k75-c300-fanout_f32_l16-merkle-r1,c8d59639742031ea35286f86f78671f44ec84186dd108058a4f9a4b0b298196e,merkle,repair_sql_building_ms,0.222
size-scaling-k75-c300-n20000000-f32-k75-c300-fanout_f32_l16-merkle-r1,c8d59639742031ea35286f86f78671f44ec84186dd108058a4f9a4b0b298196e,merkle,repair_dml_wire_ms,7.381
size-scaling-k75-c300-n20000000-f32-k75-c300-fanout_f32_l16-merkle-r1,c8d59639742031ea35286f86f78671f44ec84186dd108058a4f9a4b0b298196e,merkle,repair_commit_wire_ms,7.534
size-scaling-k75-c300-n20000000-f32-k75-c300-fanout_f32_l16-merkle-r1,c8d59639742031ea35286f86f78671f44ec84186dd108058a4f9a4b0b298196e,merkle,repair_begin_wire_ms,0.058
size-scaling-k75-c300-n20000000-f32-k75-c300-fanout_f32_l16-merkle-r1,c8d59639742031ea35286f86f78671f44ec84186dd108058a4f9a4b0b298196e,merkle,repair_transaction_block_ms,15.220
size-scaling-k75-c300-n20000000-f32-k75-c300-fanout_f32_l16-merkle-r1,c8d59639742031ea35286f86f78671f44ec84186dd108058a4f9a4b0b298196e,merkle,repair_write_ms,15.222
size-scaling-k75-c300-n20000000-f32-k75-c300-fanout_f32_l16-merkle-r1,c8d59639742031ea35286f86f78671f44ec84186dd108058a4f9a4b0b298196e,merkle,targeted_post_repair_confirmation_ms,1.696
size-scaling-k75-c300-n20000000-f32-k75-c300-fanout_f32_l16-merkle-r1,c8d59639742031ea35286f86f78671f44ec84186dd108058a4f9a4b0b298196e,merkle,recovery_observability_ms,0.001
size-scaling-k75-c300-n20000000-f32-k75-c300-fanout_f32_l16-merkle-r1,c8d59639742031ea35286f86f78671f44ec84186dd108058a4f9a4b0b298196e,merkle,recovery_orchestration_ms,1.407
size-scaling-k75-c300-n20000000-f32-k75-c300-fanout_f32_l16-merkle-r1,c8d59639742031ea35286f86f78671f44ec84186dd108058a4f9a4b0b298196e,merkle,audit_exact_table_compare_ms,71170.690
size-scaling-k75-c300-n20000000-f32-k75-c300-fanout_f32_l16-merkle-r1,c8d59639742031ea35286f86f78671f44ec84186dd108058a4f9a4b0b298196e,merkle,audit_merkle_root_hash_ms,1.404
size-scaling-k75-c300-n20000000-f32-k75-c300-fanout_f32_l16-merkle-r1,c8d59639742031ea35286f86f78671f44ec84186dd108058a4f9a4b0b298196e,merkle,audit_merkle_verify_ms,61550.004
size-scaling-k75-c300-n20000000-f32-k75-c300-fanout_f32_l16-merkle-r1,c8d59639742031ea35286f86f78671f44ec84186dd108058a4f9a4b0b298196e,merkle,audit_schema_fidelity_ms,2.048
size-scaling-k75-c300-n20000000-f32-k75-c300-fanout_f32_l16-merkle-r1,c8d59639742031ea35286f86f78671f44ec84186dd108058a4f9a4b0b298196e,merkle,merkle_total_ms,132875.037
size-scaling-k75-c300-n20000000-f32-k75-c300-fanout_f32_l16-merkle-r2,c8d59639742031ea35286f86f78671f44ec84186dd108058a4f9a4b0b298196e,merkle,tree_localisation_ms,111.189
size-scaling-k75-c300-n20000000-f32-k75-c300-fanout_f32_l16-merkle-r2,c8d59639742031ea35286f86f78671f44ec84186dd108058a4f9a4b0b298196e,merkle,candidate_row_fetch_ms,7.891
size-scaling-k75-c300-n20000000-f32-k75-c300-fanout_f32_l16-merkle-r2,c8d59639742031ea35286f86f78671f44ec84186dd108058a4f9a4b0b298196e,merkle,row_comparison_ms,0.234
size-scaling-k75-c300-n20000000-f32-k75-c300-fanout_f32_l16-merkle-r2,c8d59639742031ea35286f86f78671f44ec84186dd108058a4f9a4b0b298196e,merkle,repair_sql_building_ms,0.226
size-scaling-k75-c300-n20000000-f32-k75-c300-fanout_f32_l16-merkle-r2,c8d59639742031ea35286f86f78671f44ec84186dd108058a4f9a4b0b298196e,merkle,repair_dml_wire_ms,7.178
size-scaling-k75-c300-n20000000-f32-k75-c300-fanout_f32_l16-merkle-r2,c8d59639742031ea35286f86f78671f44ec84186dd108058a4f9a4b0b298196e,merkle,repair_commit_wire_ms,6.719
size-scaling-k75-c300-n20000000-f32-k75-c300-fanout_f32_l16-merkle-r2,c8d59639742031ea35286f86f78671f44ec84186dd108058a4f9a4b0b298196e,merkle,repair_begin_wire_ms,0.056
size-scaling-k75-c300-n20000000-f32-k75-c300-fanout_f32_l16-merkle-r2,c8d59639742031ea35286f86f78671f44ec84186dd108058a4f9a4b0b298196e,merkle,repair_transaction_block_ms,14.205
size-scaling-k75-c300-n20000000-f32-k75-c300-fanout_f32_l16-merkle-r2,c8d59639742031ea35286f86f78671f44ec84186dd108058a4f9a4b0b298196e,merkle,repair_write_ms,14.207
size-scaling-k75-c300-n20000000-f32-k75-c300-fanout_f32_l16-merkle-r2,c8d59639742031ea35286f86f78671f44ec84186dd108058a4f9a4b0b298196e,merkle,targeted_post_repair_confirmation_ms,1.704
size-scaling-k75-c300-n20000000-f32-k75-c300-fanout_f32_l16-merkle-r2,c8d59639742031ea35286f86f78671f44ec84186dd108058a4f9a4b0b298196e,merkle,recovery_observability_ms,0.001
size-scaling-k75-c300-n20000000-f32-k75-c300-fanout_f32_l16-merkle-r2,c8d59639742031ea35286f86f78671f44ec84186dd108058a4f9a4b0b298196e,merkle,recovery_orchestration_ms,1.407
size-scaling-k75-c300-n20000000-f32-k75-c300-fanout_f32_l16-merkle-r2,c8d59639742031ea35286f86f78671f44ec84186dd108058a4f9a4b0b298196e,merkle,audit_exact_table_compare_ms,71069.884
size-scaling-k75-c300-n20000000-f32-k75-c300-fanout_f32_l16-merkle-r2,c8d59639742031ea35286f86f78671f44ec84186dd108058a4f9a4b0b298196e,merkle,audit_merkle_root_hash_ms,1.351
size-scaling-k75-c300-n20000000-f32-k75-c300-fanout_f32_l16-merkle-r2,c8d59639742031ea35286f86f78671f44ec84186dd108058a4f9a4b0b298196e,merkle,audit_merkle_verify_ms,61549.613
size-scaling-k75-c300-n20000000-f32-k75-c300-fanout_f32_l16-merkle-r2,c8d59639742031ea35286f86f78671f44ec84186dd108058a4f9a4b0b298196e,merkle,audit_schema_fidelity_ms,2.195
size-scaling-k75-c300-n20000000-f32-k75-c300-fanout_f32_l16-merkle-r2,c8d59639742031ea35286f86f78671f44ec84186dd108058a4f9a4b0b298196e,merkle,merkle_total_ms,132771.065
size-scaling-k75-c300-n20000000-f32-k75-c300-fanout_f32_l16-merkle-r3,c8d59639742031ea35286f86f78671f44ec84186dd108058a4f9a4b0b298196e,merkle,tree_localisation_ms,105.417
size-scaling-k75-c300-n20000000-f32-k75-c300-fanout_f32_l16-merkle-r3,c8d59639742031ea35286f86f78671f44ec84186dd108058a4f9a4b0b298196e,merkle,candidate_row_fetch_ms,7.944
size-scaling-k75-c300-n20000000-f32-k75-c300-fanout_f32_l16-merkle-r3,c8d59639742031ea35286f86f78671f44ec84186dd108058a4f9a4b0b298196e,merkle,row_comparison_ms,0.238
size-scaling-k75-c300-n20000000-f32-k75-c300-fanout_f32_l16-merkle-r3,c8d59639742031ea35286f86f78671f44ec84186dd108058a4f9a4b0b298196e,merkle,repair_sql_building_ms,0.233
size-scaling-k75-c300-n20000000-f32-k75-c300-fanout_f32_l16-merkle-r3,c8d59639742031ea35286f86f78671f44ec84186dd108058a4f9a4b0b298196e,merkle,repair_dml_wire_ms,7.256
size-scaling-k75-c300-n20000000-f32-k75-c300-fanout_f32_l16-merkle-r3,c8d59639742031ea35286f86f78671f44ec84186dd108058a4f9a4b0b298196e,merkle,repair_commit_wire_ms,6.813
size-scaling-k75-c300-n20000000-f32-k75-c300-fanout_f32_l16-merkle-r3,c8d59639742031ea35286f86f78671f44ec84186dd108058a4f9a4b0b298196e,merkle,repair_begin_wire_ms,0.054
size-scaling-k75-c300-n20000000-f32-k75-c300-fanout_f32_l16-merkle-r3,c8d59639742031ea35286f86f78671f44ec84186dd108058a4f9a4b0b298196e,merkle,repair_transaction_block_ms,14.382
size-scaling-k75-c300-n20000000-f32-k75-c300-fanout_f32_l16-merkle-r3,c8d59639742031ea35286f86f78671f44ec84186dd108058a4f9a4b0b298196e,merkle,repair_write_ms,14.384
size-scaling-k75-c300-n20000000-f32-k75-c300-fanout_f32_l16-merkle-r3,c8d59639742031ea35286f86f78671f44ec84186dd108058a4f9a4b0b298196e,merkle,targeted_post_repair_confirmation_ms,1.694
size-scaling-k75-c300-n20000000-f32-k75-c300-fanout_f32_l16-merkle-r3,c8d59639742031ea35286f86f78671f44ec84186dd108058a4f9a4b0b298196e,merkle,recovery_observability_ms,0.001
size-scaling-k75-c300-n20000000-f32-k75-c300-fanout_f32_l16-merkle-r3,c8d59639742031ea35286f86f78671f44ec84186dd108058a4f9a4b0b298196e,merkle,recovery_orchestration_ms,1.396
size-scaling-k75-c300-n20000000-f32-k75-c300-fanout_f32_l16-merkle-r3,c8d59639742031ea35286f86f78671f44ec84186dd108058a4f9a4b0b298196e,merkle,audit_exact_table_compare_ms,70958.036
size-scaling-k75-c300-n20000000-f32-k75-c300-fanout_f32_l16-merkle-r3,c8d59639742031ea35286f86f78671f44ec84186dd108058a4f9a4b0b298196e,merkle,audit_merkle_root_hash_ms,1.352
size-scaling-k75-c300-n20000000-f32-k75-c300-fanout_f32_l16-merkle-r3,c8d59639742031ea35286f86f78671f44ec84186dd108058a4f9a4b0b298196e,merkle,audit_merkle_verify_ms,61648.486
size-scaling-k75-c300-n20000000-f32-k75-c300-fanout_f32_l16-merkle-r3,c8d59639742031ea35286f86f78671f44ec84186dd108058a4f9a4b0b298196e,merkle,audit_schema_fidelity_ms,2.162
size-scaling-k75-c300-n20000000-f32-k75-c300-fanout_f32_l16-merkle-r3,c8d59639742031ea35286f86f78671f44ec84186dd108058a4f9a4b0b298196e,merkle,merkle_total_ms,132752.529
size-scaling-k75-c300-n20000000-f32-k75-c300-fanout_f32_l16-merkle-r4,c8d59639742031ea35286f86f78671f44ec84186dd108058a4f9a4b0b298196e,merkle,tree_localisation_ms,105.239
size-scaling-k75-c300-n20000000-f32-k75-c300-fanout_f32_l16-merkle-r4,c8d59639742031ea35286f86f78671f44ec84186dd108058a4f9a4b0b298196e,merkle,candidate_row_fetch_ms,8.047
size-scaling-k75-c300-n20000000-f32-k75-c300-fanout_f32_l16-merkle-r4,c8d59639742031ea35286f86f78671f44ec84186dd108058a4f9a4b0b298196e,merkle,row_comparison_ms,0.232
size-scaling-k75-c300-n20000000-f32-k75-c300-fanout_f32_l16-merkle-r4,c8d59639742031ea35286f86f78671f44ec84186dd108058a4f9a4b0b298196e,merkle,repair_sql_building_ms,0.222
size-scaling-k75-c300-n20000000-f32-k75-c300-fanout_f32_l16-merkle-r4,c8d59639742031ea35286f86f78671f44ec84186dd108058a4f9a4b0b298196e,merkle,repair_dml_wire_ms,7.183
size-scaling-k75-c300-n20000000-f32-k75-c300-fanout_f32_l16-merkle-r4,c8d59639742031ea35286f86f78671f44ec84186dd108058a4f9a4b0b298196e,merkle,repair_commit_wire_ms,7.298
size-scaling-k75-c300-n20000000-f32-k75-c300-fanout_f32_l16-merkle-r4,c8d59639742031ea35286f86f78671f44ec84186dd108058a4f9a4b0b298196e,merkle,repair_begin_wire_ms,0.053
size-scaling-k75-c300-n20000000-f32-k75-c300-fanout_f32_l16-merkle-r4,c8d59639742031ea35286f86f78671f44ec84186dd108058a4f9a4b0b298196e,merkle,repair_transaction_block_ms,14.780
size-scaling-k75-c300-n20000000-f32-k75-c300-fanout_f32_l16-merkle-r4,c8d59639742031ea35286f86f78671f44ec84186dd108058a4f9a4b0b298196e,merkle,repair_write_ms,14.782
size-scaling-k75-c300-n20000000-f32-k75-c300-fanout_f32_l16-merkle-r4,c8d59639742031ea35286f86f78671f44ec84186dd108058a4f9a4b0b298196e,merkle,targeted_post_repair_confirmation_ms,1.705
size-scaling-k75-c300-n20000000-f32-k75-c300-fanout_f32_l16-merkle-r4,c8d59639742031ea35286f86f78671f44ec84186dd108058a4f9a4b0b298196e,merkle,recovery_observability_ms,0.001
size-scaling-k75-c300-n20000000-f32-k75-c300-fanout_f32_l16-merkle-r4,c8d59639742031ea35286f86f78671f44ec84186dd108058a4f9a4b0b298196e,merkle,recovery_orchestration_ms,1.385
size-scaling-k75-c300-n20000000-f32-k75-c300-fanout_f32_l16-merkle-r4,c8d59639742031ea35286f86f78671f44ec84186dd108058a4f9a4b0b298196e,merkle,audit_exact_table_compare_ms,70890.304
size-scaling-k75-c300-n20000000-f32-k75-c300-fanout_f32_l16-merkle-r4,c8d59639742031ea35286f86f78671f44ec84186dd108058a4f9a4b0b298196e,merkle,audit_merkle_root_hash_ms,1.346
size-scaling-k75-c300-n20000000-f32-k75-c300-fanout_f32_l16-merkle-r4,c8d59639742031ea35286f86f78671f44ec84186dd108058a4f9a4b0b298196e,merkle,audit_merkle_verify_ms,61542.285
size-scaling-k75-c300-n20000000-f32-k75-c300-fanout_f32_l16-merkle-r4,c8d59639742031ea35286f86f78671f44ec84186dd108058a4f9a4b0b298196e,merkle,audit_schema_fidelity_ms,2.205
size-scaling-k75-c300-n20000000-f32-k75-c300-fanout_f32_l16-merkle-r4,c8d59639742031ea35286f86f78671f44ec84186dd108058a4f9a4b0b298196e,merkle,merkle_total_ms,132578.818
size-scaling-k75-c300-n20000000-f32-k75-c300-fanout_f32_l16-merkle-r5,c8d59639742031ea35286f86f78671f44ec84186dd108058a4f9a4b0b298196e,merkle,tree_localisation_ms,113.926
size-scaling-k75-c300-n20000000-f32-k75-c300-fanout_f32_l16-merkle-r5,c8d59639742031ea35286f86f78671f44ec84186dd108058a4f9a4b0b298196e,merkle,candidate_row_fetch_ms,8.157
size-scaling-k75-c300-n20000000-f32-k75-c300-fanout_f32_l16-merkle-r5,c8d59639742031ea35286f86f78671f44ec84186dd108058a4f9a4b0b298196e,merkle,row_comparison_ms,0.233
size-scaling-k75-c300-n20000000-f32-k75-c300-fanout_f32_l16-merkle-r5,c8d59639742031ea35286f86f78671f44ec84186dd108058a4f9a4b0b298196e,merkle,repair_sql_building_ms,0.228
size-scaling-k75-c300-n20000000-f32-k75-c300-fanout_f32_l16-merkle-r5,c8d59639742031ea35286f86f78671f44ec84186dd108058a4f9a4b0b298196e,merkle,repair_dml_wire_ms,7.297
size-scaling-k75-c300-n20000000-f32-k75-c300-fanout_f32_l16-merkle-r5,c8d59639742031ea35286f86f78671f44ec84186dd108058a4f9a4b0b298196e,merkle,repair_commit_wire_ms,6.987
size-scaling-k75-c300-n20000000-f32-k75-c300-fanout_f32_l16-merkle-r5,c8d59639742031ea35286f86f78671f44ec84186dd108058a4f9a4b0b298196e,merkle,repair_begin_wire_ms,0.056
size-scaling-k75-c300-n20000000-f32-k75-c300-fanout_f32_l16-merkle-r5,c8d59639742031ea35286f86f78671f44ec84186dd108058a4f9a4b0b298196e,merkle,repair_transaction_block_ms,14.593
size-scaling-k75-c300-n20000000-f32-k75-c300-fanout_f32_l16-merkle-r5,c8d59639742031ea35286f86f78671f44ec84186dd108058a4f9a4b0b298196e,merkle,repair_write_ms,14.595
size-scaling-k75-c300-n20000000-f32-k75-c300-fanout_f32_l16-merkle-r5,c8d59639742031ea35286f86f78671f44ec84186dd108058a4f9a4b0b298196e,merkle,targeted_post_repair_confirmation_ms,1.703
size-scaling-k75-c300-n20000000-f32-k75-c300-fanout_f32_l16-merkle-r5,c8d59639742031ea35286f86f78671f44ec84186dd108058a4f9a4b0b298196e,merkle,recovery_observability_ms,0.001
size-scaling-k75-c300-n20000000-f32-k75-c300-fanout_f32_l16-merkle-r5,c8d59639742031ea35286f86f78671f44ec84186dd108058a4f9a4b0b298196e,merkle,recovery_orchestration_ms,1.393
size-scaling-k75-c300-n20000000-f32-k75-c300-fanout_f32_l16-merkle-r5,c8d59639742031ea35286f86f78671f44ec84186dd108058a4f9a4b0b298196e,merkle,audit_exact_table_compare_ms,70896.117
size-scaling-k75-c300-n20000000-f32-k75-c300-fanout_f32_l16-merkle-r5,c8d59639742031ea35286f86f78671f44ec84186dd108058a4f9a4b0b298196e,merkle,audit_merkle_root_hash_ms,1.352
size-scaling-k75-c300-n20000000-f32-k75-c300-fanout_f32_l16-merkle-r5,c8d59639742031ea35286f86f78671f44ec84186dd108058a4f9a4b0b298196e,merkle,audit_merkle_verify_ms,61636.653
size-scaling-k75-c300-n20000000-f32-k75-c300-fanout_f32_l16-merkle-r5,c8d59639742031ea35286f86f78671f44ec84186dd108058a4f9a4b0b298196e,merkle,audit_schema_fidelity_ms,2.208
size-scaling-k75-c300-n20000000-f32-k75-c300-fanout_f32_l16-merkle-r5,c8d59639742031ea35286f86f78671f44ec84186dd108058a4f9a4b0b298196e,merkle,merkle_total_ms,132687.608
size-scaling-k75-c300-n20000000-f32-k75-c300-fanout_f32_l16-merkle-r6,c8d59639742031ea35286f86f78671f44ec84186dd108058a4f9a4b0b298196e,merkle,tree_localisation_ms,112.420
size-scaling-k75-c300-n20000000-f32-k75-c300-fanout_f32_l16-merkle-r6,c8d59639742031ea35286f86f78671f44ec84186dd108058a4f9a4b0b298196e,merkle,candidate_row_fetch_ms,8.281
size-scaling-k75-c300-n20000000-f32-k75-c300-fanout_f32_l16-merkle-r6,c8d59639742031ea35286f86f78671f44ec84186dd108058a4f9a4b0b298196e,merkle,row_comparison_ms,0.241
size-scaling-k75-c300-n20000000-f32-k75-c300-fanout_f32_l16-merkle-r6,c8d59639742031ea35286f86f78671f44ec84186dd108058a4f9a4b0b298196e,merkle,repair_sql_building_ms,0.232
size-scaling-k75-c300-n20000000-f32-k75-c300-fanout_f32_l16-merkle-r6,c8d59639742031ea35286f86f78671f44ec84186dd108058a4f9a4b0b298196e,merkle,repair_dml_wire_ms,7.405
size-scaling-k75-c300-n20000000-f32-k75-c300-fanout_f32_l16-merkle-r6,c8d59639742031ea35286f86f78671f44ec84186dd108058a4f9a4b0b298196e,merkle,repair_commit_wire_ms,7.144
size-scaling-k75-c300-n20000000-f32-k75-c300-fanout_f32_l16-merkle-r6,c8d59639742031ea35286f86f78671f44ec84186dd108058a4f9a4b0b298196e,merkle,repair_begin_wire_ms,0.053
size-scaling-k75-c300-n20000000-f32-k75-c300-fanout_f32_l16-merkle-r6,c8d59639742031ea35286f86f78671f44ec84186dd108058a4f9a4b0b298196e,merkle,repair_transaction_block_ms,14.859
size-scaling-k75-c300-n20000000-f32-k75-c300-fanout_f32_l16-merkle-r6,c8d59639742031ea35286f86f78671f44ec84186dd108058a4f9a4b0b298196e,merkle,repair_write_ms,14.861
size-scaling-k75-c300-n20000000-f32-k75-c300-fanout_f32_l16-merkle-r6,c8d59639742031ea35286f86f78671f44ec84186dd108058a4f9a4b0b298196e,merkle,targeted_post_repair_confirmation_ms,1.697
size-scaling-k75-c300-n20000000-f32-k75-c300-fanout_f32_l16-merkle-r6,c8d59639742031ea35286f86f78671f44ec84186dd108058a4f9a4b0b298196e,merkle,recovery_observability_ms,0.000
size-scaling-k75-c300-n20000000-f32-k75-c300-fanout_f32_l16-merkle-r6,c8d59639742031ea35286f86f78671f44ec84186dd108058a4f9a4b0b298196e,merkle,recovery_orchestration_ms,1.380
size-scaling-k75-c300-n20000000-f32-k75-c300-fanout_f32_l16-merkle-r6,c8d59639742031ea35286f86f78671f44ec84186dd108058a4f9a4b0b298196e,merkle,audit_exact_table_compare_ms,73014.620
size-scaling-k75-c300-n20000000-f32-k75-c300-fanout_f32_l16-merkle-r6,c8d59639742031ea35286f86f78671f44ec84186dd108058a4f9a4b0b298196e,merkle,audit_merkle_root_hash_ms,1.341
size-scaling-k75-c300-n20000000-f32-k75-c300-fanout_f32_l16-merkle-r6,c8d59639742031ea35286f86f78671f44ec84186dd108058a4f9a4b0b298196e,merkle,audit_merkle_verify_ms,61567.410
size-scaling-k75-c300-n20000000-f32-k75-c300-fanout_f32_l16-merkle-r6,c8d59639742031ea35286f86f78671f44ec84186dd108058a4f9a4b0b298196e,merkle,audit_schema_fidelity_ms,2.167
size-scaling-k75-c300-n20000000-f32-k75-c300-fanout_f32_l16-merkle-r6,c8d59639742031ea35286f86f78671f44ec84186dd108058a4f9a4b0b298196e,merkle,merkle_total_ms,134735.798
size-scaling-k75-c300-n20000000-f32-k75-c300-fanout_f32_l16-merkle-r7,c8d59639742031ea35286f86f78671f44ec84186dd108058a4f9a4b0b298196e,merkle,tree_localisation_ms,110.979
size-scaling-k75-c300-n20000000-f32-k75-c300-fanout_f32_l16-merkle-r7,c8d59639742031ea35286f86f78671f44ec84186dd108058a4f9a4b0b298196e,merkle,candidate_row_fetch_ms,8.309
size-scaling-k75-c300-n20000000-f32-k75-c300-fanout_f32_l16-merkle-r7,c8d59639742031ea35286f86f78671f44ec84186dd108058a4f9a4b0b298196e,merkle,row_comparison_ms,0.240
size-scaling-k75-c300-n20000000-f32-k75-c300-fanout_f32_l16-merkle-r7,c8d59639742031ea35286f86f78671f44ec84186dd108058a4f9a4b0b298196e,merkle,repair_sql_building_ms,0.225
size-scaling-k75-c300-n20000000-f32-k75-c300-fanout_f32_l16-merkle-r7,c8d59639742031ea35286f86f78671f44ec84186dd108058a4f9a4b0b298196e,merkle,repair_dml_wire_ms,7.555
size-scaling-k75-c300-n20000000-f32-k75-c300-fanout_f32_l16-merkle-r7,c8d59639742031ea35286f86f78671f44ec84186dd108058a4f9a4b0b298196e,merkle,repair_commit_wire_ms,6.890
size-scaling-k75-c300-n20000000-f32-k75-c300-fanout_f32_l16-merkle-r7,c8d59639742031ea35286f86f78671f44ec84186dd108058a4f9a4b0b298196e,merkle,repair_begin_wire_ms,0.055
size-scaling-k75-c300-n20000000-f32-k75-c300-fanout_f32_l16-merkle-r7,c8d59639742031ea35286f86f78671f44ec84186dd108058a4f9a4b0b298196e,merkle,repair_transaction_block_ms,14.750
size-scaling-k75-c300-n20000000-f32-k75-c300-fanout_f32_l16-merkle-r7,c8d59639742031ea35286f86f78671f44ec84186dd108058a4f9a4b0b298196e,merkle,repair_write_ms,14.751
size-scaling-k75-c300-n20000000-f32-k75-c300-fanout_f32_l16-merkle-r7,c8d59639742031ea35286f86f78671f44ec84186dd108058a4f9a4b0b298196e,merkle,targeted_post_repair_confirmation_ms,1.713
size-scaling-k75-c300-n20000000-f32-k75-c300-fanout_f32_l16-merkle-r7,c8d59639742031ea35286f86f78671f44ec84186dd108058a4f9a4b0b298196e,merkle,recovery_observability_ms,0.001
size-scaling-k75-c300-n20000000-f32-k75-c300-fanout_f32_l16-merkle-r7,c8d59639742031ea35286f86f78671f44ec84186dd108058a4f9a4b0b298196e,merkle,recovery_orchestration_ms,1.345
size-scaling-k75-c300-n20000000-f32-k75-c300-fanout_f32_l16-merkle-r7,c8d59639742031ea35286f86f78671f44ec84186dd108058a4f9a4b0b298196e,merkle,audit_exact_table_compare_ms,71146.970
size-scaling-k75-c300-n20000000-f32-k75-c300-fanout_f32_l16-merkle-r7,c8d59639742031ea35286f86f78671f44ec84186dd108058a4f9a4b0b298196e,merkle,audit_merkle_root_hash_ms,1.346
size-scaling-k75-c300-n20000000-f32-k75-c300-fanout_f32_l16-merkle-r7,c8d59639742031ea35286f86f78671f44ec84186dd108058a4f9a4b0b298196e,merkle,audit_merkle_verify_ms,61624.621
size-scaling-k75-c300-n20000000-f32-k75-c300-fanout_f32_l16-merkle-r7,c8d59639742031ea35286f86f78671f44ec84186dd108058a4f9a4b0b298196e,merkle,audit_schema_fidelity_ms,2.186
size-scaling-k75-c300-n20000000-f32-k75-c300-fanout_f32_l16-merkle-r7,c8d59639742031ea35286f86f78671f44ec84186dd108058a4f9a4b0b298196e,merkle,merkle_total_ms,132923.729
size-scaling-k75-c300-n20000000-f32-k75-c300-fanout_f32_l16-merkle-r8,c8d59639742031ea35286f86f78671f44ec84186dd108058a4f9a4b0b298196e,merkle,tree_localisation_ms,105.356
size-scaling-k75-c300-n20000000-f32-k75-c300-fanout_f32_l16-merkle-r8,c8d59639742031ea35286f86f78671f44ec84186dd108058a4f9a4b0b298196e,merkle,candidate_row_fetch_ms,8.380
size-scaling-k75-c300-n20000000-f32-k75-c300-fanout_f32_l16-merkle-r8,c8d59639742031ea35286f86f78671f44ec84186dd108058a4f9a4b0b298196e,merkle,row_comparison_ms,0.244
size-scaling-k75-c300-n20000000-f32-k75-c300-fanout_f32_l16-merkle-r8,c8d59639742031ea35286f86f78671f44ec84186dd108058a4f9a4b0b298196e,merkle,repair_sql_building_ms,0.244
size-scaling-k75-c300-n20000000-f32-k75-c300-fanout_f32_l16-merkle-r8,c8d59639742031ea35286f86f78671f44ec84186dd108058a4f9a4b0b298196e,merkle,repair_dml_wire_ms,7.190
size-scaling-k75-c300-n20000000-f32-k75-c300-fanout_f32_l16-merkle-r8,c8d59639742031ea35286f86f78671f44ec84186dd108058a4f9a4b0b298196e,merkle,repair_commit_wire_ms,6.582
size-scaling-k75-c300-n20000000-f32-k75-c300-fanout_f32_l16-merkle-r8,c8d59639742031ea35286f86f78671f44ec84186dd108058a4f9a4b0b298196e,merkle,repair_begin_wire_ms,0.054
size-scaling-k75-c300-n20000000-f32-k75-c300-fanout_f32_l16-merkle-r8,c8d59639742031ea35286f86f78671f44ec84186dd108058a4f9a4b0b298196e,merkle,repair_transaction_block_ms,14.093
size-scaling-k75-c300-n20000000-f32-k75-c300-fanout_f32_l16-merkle-r8,c8d59639742031ea35286f86f78671f44ec84186dd108058a4f9a4b0b298196e,merkle,repair_write_ms,14.095
size-scaling-k75-c300-n20000000-f32-k75-c300-fanout_f32_l16-merkle-r8,c8d59639742031ea35286f86f78671f44ec84186dd108058a4f9a4b0b298196e,merkle,targeted_post_repair_confirmation_ms,1.707
size-scaling-k75-c300-n20000000-f32-k75-c300-fanout_f32_l16-merkle-r8,c8d59639742031ea35286f86f78671f44ec84186dd108058a4f9a4b0b298196e,merkle,recovery_observability_ms,0.001
size-scaling-k75-c300-n20000000-f32-k75-c300-fanout_f32_l16-merkle-r8,c8d59639742031ea35286f86f78671f44ec84186dd108058a4f9a4b0b298196e,merkle,recovery_orchestration_ms,1.397
size-scaling-k75-c300-n20000000-f32-k75-c300-fanout_f32_l16-merkle-r8,c8d59639742031ea35286f86f78671f44ec84186dd108058a4f9a4b0b298196e,merkle,audit_exact_table_compare_ms,71055.987
size-scaling-k75-c300-n20000000-f32-k75-c300-fanout_f32_l16-merkle-r8,c8d59639742031ea35286f86f78671f44ec84186dd108058a4f9a4b0b298196e,merkle,audit_merkle_root_hash_ms,1.348
size-scaling-k75-c300-n20000000-f32-k75-c300-fanout_f32_l16-merkle-r8,c8d59639742031ea35286f86f78671f44ec84186dd108058a4f9a4b0b298196e,merkle,audit_merkle_verify_ms,61692.236
size-scaling-k75-c300-n20000000-f32-k75-c300-fanout_f32_l16-merkle-r8,c8d59639742031ea35286f86f78671f44ec84186dd108058a4f9a4b0b298196e,merkle,audit_schema_fidelity_ms,2.179
size-scaling-k75-c300-n20000000-f32-k75-c300-fanout_f32_l16-merkle-r8,c8d59639742031ea35286f86f78671f44ec84186dd108058a4f9a4b0b298196e,merkle,merkle_total_ms,132894.296
size-scaling-k75-c300-n20000000-f32-k75-c300-fanout_f32_l16-merkle-r9,c8d59639742031ea35286f86f78671f44ec84186dd108058a4f9a4b0b298196e,merkle,tree_localisation_ms,114.339
size-scaling-k75-c300-n20000000-f32-k75-c300-fanout_f32_l16-merkle-r9,c8d59639742031ea35286f86f78671f44ec84186dd108058a4f9a4b0b298196e,merkle,candidate_row_fetch_ms,8.408
size-scaling-k75-c300-n20000000-f32-k75-c300-fanout_f32_l16-merkle-r9,c8d59639742031ea35286f86f78671f44ec84186dd108058a4f9a4b0b298196e,merkle,row_comparison_ms,0.237
size-scaling-k75-c300-n20000000-f32-k75-c300-fanout_f32_l16-merkle-r9,c8d59639742031ea35286f86f78671f44ec84186dd108058a4f9a4b0b298196e,merkle,repair_sql_building_ms,0.226
size-scaling-k75-c300-n20000000-f32-k75-c300-fanout_f32_l16-merkle-r9,c8d59639742031ea35286f86f78671f44ec84186dd108058a4f9a4b0b298196e,merkle,repair_dml_wire_ms,14.214
size-scaling-k75-c300-n20000000-f32-k75-c300-fanout_f32_l16-merkle-r9,c8d59639742031ea35286f86f78671f44ec84186dd108058a4f9a4b0b298196e,merkle,repair_commit_wire_ms,6.419
size-scaling-k75-c300-n20000000-f32-k75-c300-fanout_f32_l16-merkle-r9,c8d59639742031ea35286f86f78671f44ec84186dd108058a4f9a4b0b298196e,merkle,repair_begin_wire_ms,0.055
size-scaling-k75-c300-n20000000-f32-k75-c300-fanout_f32_l16-merkle-r9,c8d59639742031ea35286f86f78671f44ec84186dd108058a4f9a4b0b298196e,merkle,repair_transaction_block_ms,20.941
size-scaling-k75-c300-n20000000-f32-k75-c300-fanout_f32_l16-merkle-r9,c8d59639742031ea35286f86f78671f44ec84186dd108058a4f9a4b0b298196e,merkle,repair_write_ms,20.943
size-scaling-k75-c300-n20000000-f32-k75-c300-fanout_f32_l16-merkle-r9,c8d59639742031ea35286f86f78671f44ec84186dd108058a4f9a4b0b298196e,merkle,targeted_post_repair_confirmation_ms,1.744
size-scaling-k75-c300-n20000000-f32-k75-c300-fanout_f32_l16-merkle-r9,c8d59639742031ea35286f86f78671f44ec84186dd108058a4f9a4b0b298196e,merkle,recovery_observability_ms,0.002
size-scaling-k75-c300-n20000000-f32-k75-c300-fanout_f32_l16-merkle-r9,c8d59639742031ea35286f86f78671f44ec84186dd108058a4f9a4b0b298196e,merkle,recovery_orchestration_ms,1.384
size-scaling-k75-c300-n20000000-f32-k75-c300-fanout_f32_l16-merkle-r9,c8d59639742031ea35286f86f78671f44ec84186dd108058a4f9a4b0b298196e,merkle,audit_exact_table_compare_ms,70867.298
size-scaling-k75-c300-n20000000-f32-k75-c300-fanout_f32_l16-merkle-r9,c8d59639742031ea35286f86f78671f44ec84186dd108058a4f9a4b0b298196e,merkle,audit_merkle_root_hash_ms,1.383
size-scaling-k75-c300-n20000000-f32-k75-c300-fanout_f32_l16-merkle-r9,c8d59639742031ea35286f86f78671f44ec84186dd108058a4f9a4b0b298196e,merkle,audit_merkle_verify_ms,61499.095
size-scaling-k75-c300-n20000000-f32-k75-c300-fanout_f32_l16-merkle-r9,c8d59639742031ea35286f86f78671f44ec84186dd108058a4f9a4b0b298196e,merkle,audit_schema_fidelity_ms,2.176
size-scaling-k75-c300-n20000000-f32-k75-c300-fanout_f32_l16-merkle-r9,c8d59639742031ea35286f86f78671f44ec84186dd108058a4f9a4b0b298196e,merkle,merkle_total_ms,132528.374
size-scaling-k75-c300-n25000000-f32-k75-c300-fanout_f32_l16-merkle-r0,2d8602ae39deaf14a91c0163071934d1d48016dc61bd78852f336c605ee74d8f,merkle,tree_localisation_ms,165.221
size-scaling-k75-c300-n25000000-f32-k75-c300-fanout_f32_l16-merkle-r0,2d8602ae39deaf14a91c0163071934d1d48016dc61bd78852f336c605ee74d8f,merkle,candidate_row_fetch_ms,16.441
size-scaling-k75-c300-n25000000-f32-k75-c300-fanout_f32_l16-merkle-r0,2d8602ae39deaf14a91c0163071934d1d48016dc61bd78852f336c605ee74d8f,merkle,row_comparison_ms,0.721
size-scaling-k75-c300-n25000000-f32-k75-c300-fanout_f32_l16-merkle-r0,2d8602ae39deaf14a91c0163071934d1d48016dc61bd78852f336c605ee74d8f,merkle,repair_sql_building_ms,0.538
size-scaling-k75-c300-n25000000-f32-k75-c300-fanout_f32_l16-merkle-r0,2d8602ae39deaf14a91c0163071934d1d48016dc61bd78852f336c605ee74d8f,merkle,repair_dml_wire_ms,26.923
size-scaling-k75-c300-n25000000-f32-k75-c300-fanout_f32_l16-merkle-r0,2d8602ae39deaf14a91c0163071934d1d48016dc61bd78852f336c605ee74d8f,merkle,repair_commit_wire_ms,12.265
size-scaling-k75-c300-n25000000-f32-k75-c300-fanout_f32_l16-merkle-r0,2d8602ae39deaf14a91c0163071934d1d48016dc61bd78852f336c605ee74d8f,merkle,repair_begin_wire_ms,0.110
size-scaling-k75-c300-n25000000-f32-k75-c300-fanout_f32_l16-merkle-r0,2d8602ae39deaf14a91c0163071934d1d48016dc61bd78852f336c605ee74d8f,merkle,repair_transaction_block_ms,39.887
size-scaling-k75-c300-n25000000-f32-k75-c300-fanout_f32_l16-merkle-r0,2d8602ae39deaf14a91c0163071934d1d48016dc61bd78852f336c605ee74d8f,merkle,repair_write_ms,39.891
size-scaling-k75-c300-n25000000-f32-k75-c300-fanout_f32_l16-merkle-r0,2d8602ae39deaf14a91c0163071934d1d48016dc61bd78852f336c605ee74d8f,merkle,targeted_post_repair_confirmation_ms,3.657
size-scaling-k75-c300-n25000000-f32-k75-c300-fanout_f32_l16-merkle-r0,2d8602ae39deaf14a91c0163071934d1d48016dc61bd78852f336c605ee74d8f,merkle,recovery_observability_ms,0.001
size-scaling-k75-c300-n25000000-f32-k75-c300-fanout_f32_l16-merkle-r0,2d8602ae39deaf14a91c0163071934d1d48016dc61bd78852f336c605ee74d8f,merkle,recovery_orchestration_ms,2.318
size-scaling-k75-c300-n25000000-f32-k75-c300-fanout_f32_l16-merkle-r0,2d8602ae39deaf14a91c0163071934d1d48016dc61bd78852f336c605ee74d8f,merkle,audit_exact_table_compare_ms,87953.878
size-scaling-k75-c300-n25000000-f32-k75-c300-fanout_f32_l16-merkle-r0,2d8602ae39deaf14a91c0163071934d1d48016dc61bd78852f336c605ee74d8f,merkle,audit_merkle_root_hash_ms,1.359
size-scaling-k75-c300-n25000000-f32-k75-c300-fanout_f32_l16-merkle-r0,2d8602ae39deaf14a91c0163071934d1d48016dc61bd78852f336c605ee74d8f,merkle,audit_merkle_verify_ms,77024.385
size-scaling-k75-c300-n25000000-f32-k75-c300-fanout_f32_l16-merkle-r0,2d8602ae39deaf14a91c0163071934d1d48016dc61bd78852f336c605ee74d8f,merkle,audit_schema_fidelity_ms,2.222
size-scaling-k75-c300-n25000000-f32-k75-c300-fanout_f32_l16-merkle-r0,2d8602ae39deaf14a91c0163071934d1d48016dc61bd78852f336c605ee74d8f,merkle,merkle_total_ms,165232.887
size-scaling-k75-c300-n25000000-f32-k75-c300-fanout_f32_l16-merkle-r1,2d8602ae39deaf14a91c0163071934d1d48016dc61bd78852f336c605ee74d8f,merkle,tree_localisation_ms,154.116
size-scaling-k75-c300-n25000000-f32-k75-c300-fanout_f32_l16-merkle-r1,2d8602ae39deaf14a91c0163071934d1d48016dc61bd78852f336c605ee74d8f,merkle,candidate_row_fetch_ms,14.887
size-scaling-k75-c300-n25000000-f32-k75-c300-fanout_f32_l16-merkle-r1,2d8602ae39deaf14a91c0163071934d1d48016dc61bd78852f336c605ee74d8f,merkle,row_comparison_ms,0.642
size-scaling-k75-c300-n25000000-f32-k75-c300-fanout_f32_l16-merkle-r1,2d8602ae39deaf14a91c0163071934d1d48016dc61bd78852f336c605ee74d8f,merkle,repair_sql_building_ms,0.457
size-scaling-k75-c300-n25000000-f32-k75-c300-fanout_f32_l16-merkle-r1,2d8602ae39deaf14a91c0163071934d1d48016dc61bd78852f336c605ee74d8f,merkle,repair_dml_wire_ms,15.042
size-scaling-k75-c300-n25000000-f32-k75-c300-fanout_f32_l16-merkle-r1,2d8602ae39deaf14a91c0163071934d1d48016dc61bd78852f336c605ee74d8f,merkle,repair_commit_wire_ms,15.496
size-scaling-k75-c300-n25000000-f32-k75-c300-fanout_f32_l16-merkle-r1,2d8602ae39deaf14a91c0163071934d1d48016dc61bd78852f336c605ee74d8f,merkle,repair_begin_wire_ms,0.093
size-scaling-k75-c300-n25000000-f32-k75-c300-fanout_f32_l16-merkle-r1,2d8602ae39deaf14a91c0163071934d1d48016dc61bd78852f336c605ee74d8f,merkle,repair_transaction_block_ms,31.132
size-scaling-k75-c300-n25000000-f32-k75-c300-fanout_f32_l16-merkle-r1,2d8602ae39deaf14a91c0163071934d1d48016dc61bd78852f336c605ee74d8f,merkle,repair_write_ms,31.135
size-scaling-k75-c300-n25000000-f32-k75-c300-fanout_f32_l16-merkle-r1,2d8602ae39deaf14a91c0163071934d1d48016dc61bd78852f336c605ee74d8f,merkle,targeted_post_repair_confirmation_ms,3.271
size-scaling-k75-c300-n25000000-f32-k75-c300-fanout_f32_l16-merkle-r1,2d8602ae39deaf14a91c0163071934d1d48016dc61bd78852f336c605ee74d8f,merkle,recovery_observability_ms,0.001
size-scaling-k75-c300-n25000000-f32-k75-c300-fanout_f32_l16-merkle-r1,2d8602ae39deaf14a91c0163071934d1d48016dc61bd78852f336c605ee74d8f,merkle,recovery_orchestration_ms,2.229
size-scaling-k75-c300-n25000000-f32-k75-c300-fanout_f32_l16-merkle-r1,2d8602ae39deaf14a91c0163071934d1d48016dc61bd78852f336c605ee74d8f,merkle,audit_exact_table_compare_ms,87992.225
size-scaling-k75-c300-n25000000-f32-k75-c300-fanout_f32_l16-merkle-r1,2d8602ae39deaf14a91c0163071934d1d48016dc61bd78852f336c605ee74d8f,merkle,audit_merkle_root_hash_ms,1.332
size-scaling-k75-c300-n25000000-f32-k75-c300-fanout_f32_l16-merkle-r1,2d8602ae39deaf14a91c0163071934d1d48016dc61bd78852f336c605ee74d8f,merkle,audit_merkle_verify_ms,76882.966
size-scaling-k75-c300-n25000000-f32-k75-c300-fanout_f32_l16-merkle-r1,2d8602ae39deaf14a91c0163071934d1d48016dc61bd78852f336c605ee74d8f,merkle,audit_schema_fidelity_ms,2.211
size-scaling-k75-c300-n25000000-f32-k75-c300-fanout_f32_l16-merkle-r1,2d8602ae39deaf14a91c0163071934d1d48016dc61bd78852f336c605ee74d8f,merkle,merkle_total_ms,165097.008
size-scaling-k75-c300-n25000000-f32-k75-c300-fanout_f32_l16-merkle-r2,2d8602ae39deaf14a91c0163071934d1d48016dc61bd78852f336c605ee74d8f,merkle,tree_localisation_ms,109.972
size-scaling-k75-c300-n25000000-f32-k75-c300-fanout_f32_l16-merkle-r2,2d8602ae39deaf14a91c0163071934d1d48016dc61bd78852f336c605ee74d8f,merkle,candidate_row_fetch_ms,8.450
size-scaling-k75-c300-n25000000-f32-k75-c300-fanout_f32_l16-merkle-r2,2d8602ae39deaf14a91c0163071934d1d48016dc61bd78852f336c605ee74d8f,merkle,row_comparison_ms,0.266
size-scaling-k75-c300-n25000000-f32-k75-c300-fanout_f32_l16-merkle-r2,2d8602ae39deaf14a91c0163071934d1d48016dc61bd78852f336c605ee74d8f,merkle,repair_sql_building_ms,0.236
size-scaling-k75-c300-n25000000-f32-k75-c300-fanout_f32_l16-merkle-r2,2d8602ae39deaf14a91c0163071934d1d48016dc61bd78852f336c605ee74d8f,merkle,repair_dml_wire_ms,7.384
size-scaling-k75-c300-n25000000-f32-k75-c300-fanout_f32_l16-merkle-r2,2d8602ae39deaf14a91c0163071934d1d48016dc61bd78852f336c605ee74d8f,merkle,repair_commit_wire_ms,6.383
size-scaling-k75-c300-n25000000-f32-k75-c300-fanout_f32_l16-merkle-r2,2d8602ae39deaf14a91c0163071934d1d48016dc61bd78852f336c605ee74d8f,merkle,repair_begin_wire_ms,0.056
size-scaling-k75-c300-n25000000-f32-k75-c300-fanout_f32_l16-merkle-r2,2d8602ae39deaf14a91c0163071934d1d48016dc61bd78852f336c605ee74d8f,merkle,repair_transaction_block_ms,14.084
size-scaling-k75-c300-n25000000-f32-k75-c300-fanout_f32_l16-merkle-r2,2d8602ae39deaf14a91c0163071934d1d48016dc61bd78852f336c605ee74d8f,merkle,repair_write_ms,14.086
size-scaling-k75-c300-n25000000-f32-k75-c300-fanout_f32_l16-merkle-r2,2d8602ae39deaf14a91c0163071934d1d48016dc61bd78852f336c605ee74d8f,merkle,targeted_post_repair_confirmation_ms,1.718
size-scaling-k75-c300-n25000000-f32-k75-c300-fanout_f32_l16-merkle-r2,2d8602ae39deaf14a91c0163071934d1d48016dc61bd78852f336c605ee74d8f,merkle,recovery_observability_ms,0.001
size-scaling-k75-c300-n25000000-f32-k75-c300-fanout_f32_l16-merkle-r2,2d8602ae39deaf14a91c0163071934d1d48016dc61bd78852f336c605ee74d8f,merkle,recovery_orchestration_ms,1.407
size-scaling-k75-c300-n25000000-f32-k75-c300-fanout_f32_l16-merkle-r2,2d8602ae39deaf14a91c0163071934d1d48016dc61bd78852f336c605ee74d8f,merkle,audit_exact_table_compare_ms,87941.679
size-scaling-k75-c300-n25000000-f32-k75-c300-fanout_f32_l16-merkle-r2,2d8602ae39deaf14a91c0163071934d1d48016dc61bd78852f336c605ee74d8f,merkle,audit_merkle_root_hash_ms,1.322
size-scaling-k75-c300-n25000000-f32-k75-c300-fanout_f32_l16-merkle-r2,2d8602ae39deaf14a91c0163071934d1d48016dc61bd78852f336c605ee74d8f,merkle,audit_merkle_verify_ms,76790.195
size-scaling-k75-c300-n25000000-f32-k75-c300-fanout_f32_l16-merkle-r2,2d8602ae39deaf14a91c0163071934d1d48016dc61bd78852f336c605ee74d8f,merkle,audit_schema_fidelity_ms,2.166
size-scaling-k75-c300-n25000000-f32-k75-c300-fanout_f32_l16-merkle-r2,2d8602ae39deaf14a91c0163071934d1d48016dc61bd78852f336c605ee74d8f,merkle,merkle_total_ms,164882.559
size-scaling-k75-c300-n25000000-f32-k75-c300-fanout_f32_l16-merkle-r3,2d8602ae39deaf14a91c0163071934d1d48016dc61bd78852f336c605ee74d8f,merkle,tree_localisation_ms,157.396
size-scaling-k75-c300-n25000000-f32-k75-c300-fanout_f32_l16-merkle-r3,2d8602ae39deaf14a91c0163071934d1d48016dc61bd78852f336c605ee74d8f,merkle,candidate_row_fetch_ms,15.382
size-scaling-k75-c300-n25000000-f32-k75-c300-fanout_f32_l16-merkle-r3,2d8602ae39deaf14a91c0163071934d1d48016dc61bd78852f336c605ee74d8f,merkle,row_comparison_ms,0.640
size-scaling-k75-c300-n25000000-f32-k75-c300-fanout_f32_l16-merkle-r3,2d8602ae39deaf14a91c0163071934d1d48016dc61bd78852f336c605ee74d8f,merkle,repair_sql_building_ms,0.448
size-scaling-k75-c300-n25000000-f32-k75-c300-fanout_f32_l16-merkle-r3,2d8602ae39deaf14a91c0163071934d1d48016dc61bd78852f336c605ee74d8f,merkle,repair_dml_wire_ms,15.602
size-scaling-k75-c300-n25000000-f32-k75-c300-fanout_f32_l16-merkle-r3,2d8602ae39deaf14a91c0163071934d1d48016dc61bd78852f336c605ee74d8f,merkle,repair_commit_wire_ms,11.309
size-scaling-k75-c300-n25000000-f32-k75-c300-fanout_f32_l16-merkle-r3,2d8602ae39deaf14a91c0163071934d1d48016dc61bd78852f336c605ee74d8f,merkle,repair_begin_wire_ms,0.094
size-scaling-k75-c300-n25000000-f32-k75-c300-fanout_f32_l16-merkle-r3,2d8602ae39deaf14a91c0163071934d1d48016dc61bd78852f336c605ee74d8f,merkle,repair_transaction_block_ms,27.500
size-scaling-k75-c300-n25000000-f32-k75-c300-fanout_f32_l16-merkle-r3,2d8602ae39deaf14a91c0163071934d1d48016dc61bd78852f336c605ee74d8f,merkle,repair_write_ms,27.503
size-scaling-k75-c300-n25000000-f32-k75-c300-fanout_f32_l16-merkle-r3,2d8602ae39deaf14a91c0163071934d1d48016dc61bd78852f336c605ee74d8f,merkle,targeted_post_repair_confirmation_ms,3.135
size-scaling-k75-c300-n25000000-f32-k75-c300-fanout_f32_l16-merkle-r3,2d8602ae39deaf14a91c0163071934d1d48016dc61bd78852f336c605ee74d8f,merkle,recovery_observability_ms,0.001
size-scaling-k75-c300-n25000000-f32-k75-c300-fanout_f32_l16-merkle-r3,2d8602ae39deaf14a91c0163071934d1d48016dc61bd78852f336c605ee74d8f,merkle,recovery_orchestration_ms,2.244
size-scaling-k75-c300-n25000000-f32-k75-c300-fanout_f32_l16-merkle-r3,2d8602ae39deaf14a91c0163071934d1d48016dc61bd78852f336c605ee74d8f,merkle,audit_exact_table_compare_ms,88290.948
size-scaling-k75-c300-n25000000-f32-k75-c300-fanout_f32_l16-merkle-r3,2d8602ae39deaf14a91c0163071934d1d48016dc61bd78852f336c605ee74d8f,merkle,audit_merkle_root_hash_ms,1.342
size-scaling-k75-c300-n25000000-f32-k75-c300-fanout_f32_l16-merkle-r3,2d8602ae39deaf14a91c0163071934d1d48016dc61bd78852f336c605ee74d8f,merkle,audit_merkle_verify_ms,76774.657
size-scaling-k75-c300-n25000000-f32-k75-c300-fanout_f32_l16-merkle-r3,2d8602ae39deaf14a91c0163071934d1d48016dc61bd78852f336c605ee74d8f,merkle,audit_schema_fidelity_ms,2.196
size-scaling-k75-c300-n25000000-f32-k75-c300-fanout_f32_l16-merkle-r3,2d8602ae39deaf14a91c0163071934d1d48016dc61bd78852f336c605ee74d8f,merkle,merkle_total_ms,165287.438
size-scaling-k75-c300-n25000000-f32-k75-c300-fanout_f32_l16-merkle-r4,2d8602ae39deaf14a91c0163071934d1d48016dc61bd78852f336c605ee74d8f,merkle,tree_localisation_ms,112.281
size-scaling-k75-c300-n25000000-f32-k75-c300-fanout_f32_l16-merkle-r4,2d8602ae39deaf14a91c0163071934d1d48016dc61bd78852f336c605ee74d8f,merkle,candidate_row_fetch_ms,8.735
size-scaling-k75-c300-n25000000-f32-k75-c300-fanout_f32_l16-merkle-r4,2d8602ae39deaf14a91c0163071934d1d48016dc61bd78852f336c605ee74d8f,merkle,row_comparison_ms,0.261
size-scaling-k75-c300-n25000000-f32-k75-c300-fanout_f32_l16-merkle-r4,2d8602ae39deaf14a91c0163071934d1d48016dc61bd78852f336c605ee74d8f,merkle,repair_sql_building_ms,0.231
size-scaling-k75-c300-n25000000-f32-k75-c300-fanout_f32_l16-merkle-r4,2d8602ae39deaf14a91c0163071934d1d48016dc61bd78852f336c605ee74d8f,merkle,repair_dml_wire_ms,7.334
size-scaling-k75-c300-n25000000-f32-k75-c300-fanout_f32_l16-merkle-r4,2d8602ae39deaf14a91c0163071934d1d48016dc61bd78852f336c605ee74d8f,merkle,repair_commit_wire_ms,6.760
size-scaling-k75-c300-n25000000-f32-k75-c300-fanout_f32_l16-merkle-r4,2d8602ae39deaf14a91c0163071934d1d48016dc61bd78852f336c605ee74d8f,merkle,repair_begin_wire_ms,0.056
size-scaling-k75-c300-n25000000-f32-k75-c300-fanout_f32_l16-merkle-r4,2d8602ae39deaf14a91c0163071934d1d48016dc61bd78852f336c605ee74d8f,merkle,repair_transaction_block_ms,14.406
size-scaling-k75-c300-n25000000-f32-k75-c300-fanout_f32_l16-merkle-r4,2d8602ae39deaf14a91c0163071934d1d48016dc61bd78852f336c605ee74d8f,merkle,repair_write_ms,14.408
size-scaling-k75-c300-n25000000-f32-k75-c300-fanout_f32_l16-merkle-r4,2d8602ae39deaf14a91c0163071934d1d48016dc61bd78852f336c605ee74d8f,merkle,targeted_post_repair_confirmation_ms,1.715
size-scaling-k75-c300-n25000000-f32-k75-c300-fanout_f32_l16-merkle-r4,2d8602ae39deaf14a91c0163071934d1d48016dc61bd78852f336c605ee74d8f,merkle,recovery_observability_ms,0.001
size-scaling-k75-c300-n25000000-f32-k75-c300-fanout_f32_l16-merkle-r4,2d8602ae39deaf14a91c0163071934d1d48016dc61bd78852f336c605ee74d8f,merkle,recovery_orchestration_ms,1.402
size-scaling-k75-c300-n25000000-f32-k75-c300-fanout_f32_l16-merkle-r4,2d8602ae39deaf14a91c0163071934d1d48016dc61bd78852f336c605ee74d8f,merkle,audit_exact_table_compare_ms,88079.421
size-scaling-k75-c300-n25000000-f32-k75-c300-fanout_f32_l16-merkle-r4,2d8602ae39deaf14a91c0163071934d1d48016dc61bd78852f336c605ee74d8f,merkle,audit_merkle_root_hash_ms,1.354
size-scaling-k75-c300-n25000000-f32-k75-c300-fanout_f32_l16-merkle-r4,2d8602ae39deaf14a91c0163071934d1d48016dc61bd78852f336c605ee74d8f,merkle,audit_merkle_verify_ms,76917.679
size-scaling-k75-c300-n25000000-f32-k75-c300-fanout_f32_l16-merkle-r4,2d8602ae39deaf14a91c0163071934d1d48016dc61bd78852f336c605ee74d8f,merkle,audit_schema_fidelity_ms,2.168
size-scaling-k75-c300-n25000000-f32-k75-c300-fanout_f32_l16-merkle-r4,2d8602ae39deaf14a91c0163071934d1d48016dc61bd78852f336c605ee74d8f,merkle,merkle_total_ms,165150.765
size-scaling-k75-c300-n25000000-f32-k75-c300-fanout_f32_l16-merkle-r5,2d8602ae39deaf14a91c0163071934d1d48016dc61bd78852f336c605ee74d8f,merkle,tree_localisation_ms,109.423
size-scaling-k75-c300-n25000000-f32-k75-c300-fanout_f32_l16-merkle-r5,2d8602ae39deaf14a91c0163071934d1d48016dc61bd78852f336c605ee74d8f,merkle,candidate_row_fetch_ms,8.809
size-scaling-k75-c300-n25000000-f32-k75-c300-fanout_f32_l16-merkle-r5,2d8602ae39deaf14a91c0163071934d1d48016dc61bd78852f336c605ee74d8f,merkle,row_comparison_ms,0.276
size-scaling-k75-c300-n25000000-f32-k75-c300-fanout_f32_l16-merkle-r5,2d8602ae39deaf14a91c0163071934d1d48016dc61bd78852f336c605ee74d8f,merkle,repair_sql_building_ms,0.229
size-scaling-k75-c300-n25000000-f32-k75-c300-fanout_f32_l16-merkle-r5,2d8602ae39deaf14a91c0163071934d1d48016dc61bd78852f336c605ee74d8f,merkle,repair_dml_wire_ms,7.423
size-scaling-k75-c300-n25000000-f32-k75-c300-fanout_f32_l16-merkle-r5,2d8602ae39deaf14a91c0163071934d1d48016dc61bd78852f336c605ee74d8f,merkle,repair_commit_wire_ms,6.896
size-scaling-k75-c300-n25000000-f32-k75-c300-fanout_f32_l16-merkle-r5,2d8602ae39deaf14a91c0163071934d1d48016dc61bd78852f336c605ee74d8f,merkle,repair_begin_wire_ms,0.057
size-scaling-k75-c300-n25000000-f32-k75-c300-fanout_f32_l16-merkle-r5,2d8602ae39deaf14a91c0163071934d1d48016dc61bd78852f336c605ee74d8f,merkle,repair_transaction_block_ms,14.630
size-scaling-k75-c300-n25000000-f32-k75-c300-fanout_f32_l16-merkle-r5,2d8602ae39deaf14a91c0163071934d1d48016dc61bd78852f336c605ee74d8f,merkle,repair_write_ms,14.632
size-scaling-k75-c300-n25000000-f32-k75-c300-fanout_f32_l16-merkle-r5,2d8602ae39deaf14a91c0163071934d1d48016dc61bd78852f336c605ee74d8f,merkle,targeted_post_repair_confirmation_ms,1.719
size-scaling-k75-c300-n25000000-f32-k75-c300-fanout_f32_l16-merkle-r5,2d8602ae39deaf14a91c0163071934d1d48016dc61bd78852f336c605ee74d8f,merkle,recovery_observability_ms,0.000
size-scaling-k75-c300-n25000000-f32-k75-c300-fanout_f32_l16-merkle-r5,2d8602ae39deaf14a91c0163071934d1d48016dc61bd78852f336c605ee74d8f,merkle,recovery_orchestration_ms,1.410
size-scaling-k75-c300-n25000000-f32-k75-c300-fanout_f32_l16-merkle-r5,2d8602ae39deaf14a91c0163071934d1d48016dc61bd78852f336c605ee74d8f,merkle,audit_exact_table_compare_ms,87857.380
size-scaling-k75-c300-n25000000-f32-k75-c300-fanout_f32_l16-merkle-r5,2d8602ae39deaf14a91c0163071934d1d48016dc61bd78852f336c605ee74d8f,merkle,audit_merkle_root_hash_ms,1.347
size-scaling-k75-c300-n25000000-f32-k75-c300-fanout_f32_l16-merkle-r5,2d8602ae39deaf14a91c0163071934d1d48016dc61bd78852f336c605ee74d8f,merkle,audit_merkle_verify_ms,77045.791
size-scaling-k75-c300-n25000000-f32-k75-c300-fanout_f32_l16-merkle-r5,2d8602ae39deaf14a91c0163071934d1d48016dc61bd78852f336c605ee74d8f,merkle,audit_schema_fidelity_ms,2.217
size-scaling-k75-c300-n25000000-f32-k75-c300-fanout_f32_l16-merkle-r5,2d8602ae39deaf14a91c0163071934d1d48016dc61bd78852f336c605ee74d8f,merkle,merkle_total_ms,165054.387
size-scaling-k75-c300-n25000000-f32-k75-c300-fanout_f32_l16-merkle-r6,2d8602ae39deaf14a91c0163071934d1d48016dc61bd78852f336c605ee74d8f,merkle,tree_localisation_ms,142.428
size-scaling-k75-c300-n25000000-f32-k75-c300-fanout_f32_l16-merkle-r6,2d8602ae39deaf14a91c0163071934d1d48016dc61bd78852f336c605ee74d8f,merkle,candidate_row_fetch_ms,10.827
size-scaling-k75-c300-n25000000-f32-k75-c300-fanout_f32_l16-merkle-r6,2d8602ae39deaf14a91c0163071934d1d48016dc61bd78852f336c605ee74d8f,merkle,row_comparison_ms,0.508
size-scaling-k75-c300-n25000000-f32-k75-c300-fanout_f32_l16-merkle-r6,2d8602ae39deaf14a91c0163071934d1d48016dc61bd78852f336c605ee74d8f,merkle,repair_sql_building_ms,0.455
size-scaling-k75-c300-n25000000-f32-k75-c300-fanout_f32_l16-merkle-r6,2d8602ae39deaf14a91c0163071934d1d48016dc61bd78852f336c605ee74d8f,merkle,repair_dml_wire_ms,13.935
size-scaling-k75-c300-n25000000-f32-k75-c300-fanout_f32_l16-merkle-r6,2d8602ae39deaf14a91c0163071934d1d48016dc61bd78852f336c605ee74d8f,merkle,repair_commit_wire_ms,15.324
size-scaling-k75-c300-n25000000-f32-k75-c300-fanout_f32_l16-merkle-r6,2d8602ae39deaf14a91c0163071934d1d48016dc61bd78852f336c605ee74d8f,merkle,repair_begin_wire_ms,0.097
size-scaling-k75-c300-n25000000-f32-k75-c300-fanout_f32_l16-merkle-r6,2d8602ae39deaf14a91c0163071934d1d48016dc61bd78852f336c605ee74d8f,merkle,repair_transaction_block_ms,29.856
size-scaling-k75-c300-n25000000-f32-k75-c300-fanout_f32_l16-merkle-r6,2d8602ae39deaf14a91c0163071934d1d48016dc61bd78852f336c605ee74d8f,merkle,repair_write_ms,29.870
size-scaling-k75-c300-n25000000-f32-k75-c300-fanout_f32_l16-merkle-r6,2d8602ae39deaf14a91c0163071934d1d48016dc61bd78852f336c605ee74d8f,merkle,targeted_post_repair_confirmation_ms,2.965
size-scaling-k75-c300-n25000000-f32-k75-c300-fanout_f32_l16-merkle-r6,2d8602ae39deaf14a91c0163071934d1d48016dc61bd78852f336c605ee74d8f,merkle,recovery_observability_ms,0.001
size-scaling-k75-c300-n25000000-f32-k75-c300-fanout_f32_l16-merkle-r6,2d8602ae39deaf14a91c0163071934d1d48016dc61bd78852f336c605ee74d8f,merkle,recovery_orchestration_ms,1.992
size-scaling-k75-c300-n25000000-f32-k75-c300-fanout_f32_l16-merkle-r6,2d8602ae39deaf14a91c0163071934d1d48016dc61bd78852f336c605ee74d8f,merkle,audit_exact_table_compare_ms,87904.431
size-scaling-k75-c300-n25000000-f32-k75-c300-fanout_f32_l16-merkle-r6,2d8602ae39deaf14a91c0163071934d1d48016dc61bd78852f336c605ee74d8f,merkle,audit_merkle_root_hash_ms,1.344
size-scaling-k75-c300-n25000000-f32-k75-c300-fanout_f32_l16-merkle-r6,2d8602ae39deaf14a91c0163071934d1d48016dc61bd78852f336c605ee74d8f,merkle,audit_merkle_verify_ms,77088.078
size-scaling-k75-c300-n25000000-f32-k75-c300-fanout_f32_l16-merkle-r6,2d8602ae39deaf14a91c0163071934d1d48016dc61bd78852f336c605ee74d8f,merkle,audit_schema_fidelity_ms,2.197
size-scaling-k75-c300-n25000000-f32-k75-c300-fanout_f32_l16-merkle-r6,2d8602ae39deaf14a91c0163071934d1d48016dc61bd78852f336c605ee74d8f,merkle,merkle_total_ms,165196.434
size-scaling-k75-c300-n25000000-f32-k75-c300-fanout_f32_l16-merkle-r7,2d8602ae39deaf14a91c0163071934d1d48016dc61bd78852f336c605ee74d8f,merkle,tree_localisation_ms,108.302
size-scaling-k75-c300-n25000000-f32-k75-c300-fanout_f32_l16-merkle-r7,2d8602ae39deaf14a91c0163071934d1d48016dc61bd78852f336c605ee74d8f,merkle,candidate_row_fetch_ms,8.893
size-scaling-k75-c300-n25000000-f32-k75-c300-fanout_f32_l16-merkle-r7,2d8602ae39deaf14a91c0163071934d1d48016dc61bd78852f336c605ee74d8f,merkle,row_comparison_ms,0.260
size-scaling-k75-c300-n25000000-f32-k75-c300-fanout_f32_l16-merkle-r7,2d8602ae39deaf14a91c0163071934d1d48016dc61bd78852f336c605ee74d8f,merkle,repair_sql_building_ms,0.233
size-scaling-k75-c300-n25000000-f32-k75-c300-fanout_f32_l16-merkle-r7,2d8602ae39deaf14a91c0163071934d1d48016dc61bd78852f336c605ee74d8f,merkle,repair_dml_wire_ms,7.331
size-scaling-k75-c300-n25000000-f32-k75-c300-fanout_f32_l16-merkle-r7,2d8602ae39deaf14a91c0163071934d1d48016dc61bd78852f336c605ee74d8f,merkle,repair_commit_wire_ms,6.659
size-scaling-k75-c300-n25000000-f32-k75-c300-fanout_f32_l16-merkle-r7,2d8602ae39deaf14a91c0163071934d1d48016dc61bd78852f336c605ee74d8f,merkle,repair_begin_wire_ms,0.056
size-scaling-k75-c300-n25000000-f32-k75-c300-fanout_f32_l16-merkle-r7,2d8602ae39deaf14a91c0163071934d1d48016dc61bd78852f336c605ee74d8f,merkle,repair_transaction_block_ms,14.305
size-scaling-k75-c300-n25000000-f32-k75-c300-fanout_f32_l16-merkle-r7,2d8602ae39deaf14a91c0163071934d1d48016dc61bd78852f336c605ee74d8f,merkle,repair_write_ms,14.306
size-scaling-k75-c300-n25000000-f32-k75-c300-fanout_f32_l16-merkle-r7,2d8602ae39deaf14a91c0163071934d1d48016dc61bd78852f336c605ee74d8f,merkle,targeted_post_repair_confirmation_ms,1.718
size-scaling-k75-c300-n25000000-f32-k75-c300-fanout_f32_l16-merkle-r7,2d8602ae39deaf14a91c0163071934d1d48016dc61bd78852f336c605ee74d8f,merkle,recovery_observability_ms,0.001
size-scaling-k75-c300-n25000000-f32-k75-c300-fanout_f32_l16-merkle-r7,2d8602ae39deaf14a91c0163071934d1d48016dc61bd78852f336c605ee74d8f,merkle,recovery_orchestration_ms,1.409
size-scaling-k75-c300-n25000000-f32-k75-c300-fanout_f32_l16-merkle-r7,2d8602ae39deaf14a91c0163071934d1d48016dc61bd78852f336c605ee74d8f,merkle,audit_exact_table_compare_ms,90175.977
size-scaling-k75-c300-n25000000-f32-k75-c300-fanout_f32_l16-merkle-r7,2d8602ae39deaf14a91c0163071934d1d48016dc61bd78852f336c605ee74d8f,merkle,audit_merkle_root_hash_ms,1.355
size-scaling-k75-c300-n25000000-f32-k75-c300-fanout_f32_l16-merkle-r7,2d8602ae39deaf14a91c0163071934d1d48016dc61bd78852f336c605ee74d8f,merkle,audit_merkle_verify_ms,76864.611
size-scaling-k75-c300-n25000000-f32-k75-c300-fanout_f32_l16-merkle-r7,2d8602ae39deaf14a91c0163071934d1d48016dc61bd78852f336c605ee74d8f,merkle,audit_schema_fidelity_ms,2.204
size-scaling-k75-c300-n25000000-f32-k75-c300-fanout_f32_l16-merkle-r7,2d8602ae39deaf14a91c0163071934d1d48016dc61bd78852f336c605ee74d8f,merkle,merkle_total_ms,167190.305
size-scaling-k75-c300-n25000000-f32-k75-c300-fanout_f32_l16-merkle-r8,2d8602ae39deaf14a91c0163071934d1d48016dc61bd78852f336c605ee74d8f,merkle,tree_localisation_ms,172.312
size-scaling-k75-c300-n25000000-f32-k75-c300-fanout_f32_l16-merkle-r8,2d8602ae39deaf14a91c0163071934d1d48016dc61bd78852f336c605ee74d8f,merkle,candidate_row_fetch_ms,18.878
size-scaling-k75-c300-n25000000-f32-k75-c300-fanout_f32_l16-merkle-r8,2d8602ae39deaf14a91c0163071934d1d48016dc61bd78852f336c605ee74d8f,merkle,row_comparison_ms,0.694
size-scaling-k75-c300-n25000000-f32-k75-c300-fanout_f32_l16-merkle-r8,2d8602ae39deaf14a91c0163071934d1d48016dc61bd78852f336c605ee74d8f,merkle,repair_sql_building_ms,0.559
size-scaling-k75-c300-n25000000-f32-k75-c300-fanout_f32_l16-merkle-r8,2d8602ae39deaf14a91c0163071934d1d48016dc61bd78852f336c605ee74d8f,merkle,repair_dml_wire_ms,17.404
size-scaling-k75-c300-n25000000-f32-k75-c300-fanout_f32_l16-merkle-r8,2d8602ae39deaf14a91c0163071934d1d48016dc61bd78852f336c605ee74d8f,merkle,repair_commit_wire_ms,17.787
size-scaling-k75-c300-n25000000-f32-k75-c300-fanout_f32_l16-merkle-r8,2d8602ae39deaf14a91c0163071934d1d48016dc61bd78852f336c605ee74d8f,merkle,repair_begin_wire_ms,0.129
size-scaling-k75-c300-n25000000-f32-k75-c300-fanout_f32_l16-merkle-r8,2d8602ae39deaf14a91c0163071934d1d48016dc61bd78852f336c605ee74d8f,merkle,repair_transaction_block_ms,35.936
size-scaling-k75-c300-n25000000-f32-k75-c300-fanout_f32_l16-merkle-r8,2d8602ae39deaf14a91c0163071934d1d48016dc61bd78852f336c605ee74d8f,merkle,repair_write_ms,35.941
size-scaling-k75-c300-n25000000-f32-k75-c300-fanout_f32_l16-merkle-r8,2d8602ae39deaf14a91c0163071934d1d48016dc61bd78852f336c605ee74d8f,merkle,targeted_post_repair_confirmation_ms,3.802
size-scaling-k75-c300-n25000000-f32-k75-c300-fanout_f32_l16-merkle-r8,2d8602ae39deaf14a91c0163071934d1d48016dc61bd78852f336c605ee74d8f,merkle,recovery_observability_ms,0.001
size-scaling-k75-c300-n25000000-f32-k75-c300-fanout_f32_l16-merkle-r8,2d8602ae39deaf14a91c0163071934d1d48016dc61bd78852f336c605ee74d8f,merkle,recovery_orchestration_ms,2.547
size-scaling-k75-c300-n25000000-f32-k75-c300-fanout_f32_l16-merkle-r8,2d8602ae39deaf14a91c0163071934d1d48016dc61bd78852f336c605ee74d8f,merkle,audit_exact_table_compare_ms,88522.204
size-scaling-k75-c300-n25000000-f32-k75-c300-fanout_f32_l16-merkle-r8,2d8602ae39deaf14a91c0163071934d1d48016dc61bd78852f336c605ee74d8f,merkle,audit_merkle_root_hash_ms,1.344
size-scaling-k75-c300-n25000000-f32-k75-c300-fanout_f32_l16-merkle-r8,2d8602ae39deaf14a91c0163071934d1d48016dc61bd78852f336c605ee74d8f,merkle,audit_merkle_verify_ms,77037.424
size-scaling-k75-c300-n25000000-f32-k75-c300-fanout_f32_l16-merkle-r8,2d8602ae39deaf14a91c0163071934d1d48016dc61bd78852f336c605ee74d8f,merkle,audit_schema_fidelity_ms,2.096
size-scaling-k75-c300-n25000000-f32-k75-c300-fanout_f32_l16-merkle-r8,2d8602ae39deaf14a91c0163071934d1d48016dc61bd78852f336c605ee74d8f,merkle,merkle_total_ms,165809.196
size-scaling-k75-c300-n25000000-f32-k75-c300-fanout_f32_l16-merkle-r9,2d8602ae39deaf14a91c0163071934d1d48016dc61bd78852f336c605ee74d8f,merkle,tree_localisation_ms,112.657
size-scaling-k75-c300-n25000000-f32-k75-c300-fanout_f32_l16-merkle-r9,2d8602ae39deaf14a91c0163071934d1d48016dc61bd78852f336c605ee74d8f,merkle,candidate_row_fetch_ms,9.107
size-scaling-k75-c300-n25000000-f32-k75-c300-fanout_f32_l16-merkle-r9,2d8602ae39deaf14a91c0163071934d1d48016dc61bd78852f336c605ee74d8f,merkle,row_comparison_ms,0.260
size-scaling-k75-c300-n25000000-f32-k75-c300-fanout_f32_l16-merkle-r9,2d8602ae39deaf14a91c0163071934d1d48016dc61bd78852f336c605ee74d8f,merkle,repair_sql_building_ms,0.226
size-scaling-k75-c300-n25000000-f32-k75-c300-fanout_f32_l16-merkle-r9,2d8602ae39deaf14a91c0163071934d1d48016dc61bd78852f336c605ee74d8f,merkle,repair_dml_wire_ms,7.287
size-scaling-k75-c300-n25000000-f32-k75-c300-fanout_f32_l16-merkle-r9,2d8602ae39deaf14a91c0163071934d1d48016dc61bd78852f336c605ee74d8f,merkle,repair_commit_wire_ms,6.894
size-scaling-k75-c300-n25000000-f32-k75-c300-fanout_f32_l16-merkle-r9,2d8602ae39deaf14a91c0163071934d1d48016dc61bd78852f336c605ee74d8f,merkle,repair_begin_wire_ms,0.059
size-scaling-k75-c300-n25000000-f32-k75-c300-fanout_f32_l16-merkle-r9,2d8602ae39deaf14a91c0163071934d1d48016dc61bd78852f336c605ee74d8f,merkle,repair_transaction_block_ms,14.490
size-scaling-k75-c300-n25000000-f32-k75-c300-fanout_f32_l16-merkle-r9,2d8602ae39deaf14a91c0163071934d1d48016dc61bd78852f336c605ee74d8f,merkle,repair_write_ms,14.492
size-scaling-k75-c300-n25000000-f32-k75-c300-fanout_f32_l16-merkle-r9,2d8602ae39deaf14a91c0163071934d1d48016dc61bd78852f336c605ee74d8f,merkle,targeted_post_repair_confirmation_ms,1.729
size-scaling-k75-c300-n25000000-f32-k75-c300-fanout_f32_l16-merkle-r9,2d8602ae39deaf14a91c0163071934d1d48016dc61bd78852f336c605ee74d8f,merkle,recovery_observability_ms,0.001
size-scaling-k75-c300-n25000000-f32-k75-c300-fanout_f32_l16-merkle-r9,2d8602ae39deaf14a91c0163071934d1d48016dc61bd78852f336c605ee74d8f,merkle,recovery_orchestration_ms,1.456
size-scaling-k75-c300-n25000000-f32-k75-c300-fanout_f32_l16-merkle-r9,2d8602ae39deaf14a91c0163071934d1d48016dc61bd78852f336c605ee74d8f,merkle,audit_exact_table_compare_ms,88334.955
size-scaling-k75-c300-n25000000-f32-k75-c300-fanout_f32_l16-merkle-r9,2d8602ae39deaf14a91c0163071934d1d48016dc61bd78852f336c605ee74d8f,merkle,audit_merkle_root_hash_ms,1.267
size-scaling-k75-c300-n25000000-f32-k75-c300-fanout_f32_l16-merkle-r9,2d8602ae39deaf14a91c0163071934d1d48016dc61bd78852f336c605ee74d8f,merkle,audit_merkle_verify_ms,76900.603
size-scaling-k75-c300-n25000000-f32-k75-c300-fanout_f32_l16-merkle-r9,2d8602ae39deaf14a91c0163071934d1d48016dc61bd78852f336c605ee74d8f,merkle,audit_schema_fidelity_ms,2.214
size-scaling-k75-c300-n25000000-f32-k75-c300-fanout_f32_l16-merkle-r9,2d8602ae39deaf14a91c0163071934d1d48016dc61bd78852f336c605ee74d8f,merkle,merkle_total_ms,165390.002
size-scaling-k75-c300-n3000000-f32-k75-c300-fanout_f32_l16-merkle-r0,a908f6320e581dabef061881c8cf72c4e9696ca5a919dc49feda48f0eda8858b,merkle,tree_localisation_ms,116.163
size-scaling-k75-c300-n3000000-f32-k75-c300-fanout_f32_l16-merkle-r0,a908f6320e581dabef061881c8cf72c4e9696ca5a919dc49feda48f0eda8858b,merkle,candidate_row_fetch_ms,32.448
size-scaling-k75-c300-n3000000-f32-k75-c300-fanout_f32_l16-merkle-r0,a908f6320e581dabef061881c8cf72c4e9696ca5a919dc49feda48f0eda8858b,merkle,row_comparison_ms,1.485
size-scaling-k75-c300-n3000000-f32-k75-c300-fanout_f32_l16-merkle-r0,a908f6320e581dabef061881c8cf72c4e9696ca5a919dc49feda48f0eda8858b,merkle,repair_sql_building_ms,0.563
size-scaling-k75-c300-n3000000-f32-k75-c300-fanout_f32_l16-merkle-r0,a908f6320e581dabef061881c8cf72c4e9696ca5a919dc49feda48f0eda8858b,merkle,repair_dml_wire_ms,17.581
size-scaling-k75-c300-n3000000-f32-k75-c300-fanout_f32_l16-merkle-r0,a908f6320e581dabef061881c8cf72c4e9696ca5a919dc49feda48f0eda8858b,merkle,repair_commit_wire_ms,6.408
size-scaling-k75-c300-n3000000-f32-k75-c300-fanout_f32_l16-merkle-r0,a908f6320e581dabef061881c8cf72c4e9696ca5a919dc49feda48f0eda8858b,merkle,repair_begin_wire_ms,0.127
size-scaling-k75-c300-n3000000-f32-k75-c300-fanout_f32_l16-merkle-r0,a908f6320e581dabef061881c8cf72c4e9696ca5a919dc49feda48f0eda8858b,merkle,repair_transaction_block_ms,24.730
size-scaling-k75-c300-n3000000-f32-k75-c300-fanout_f32_l16-merkle-r0,a908f6320e581dabef061881c8cf72c4e9696ca5a919dc49feda48f0eda8858b,merkle,repair_write_ms,24.734
size-scaling-k75-c300-n3000000-f32-k75-c300-fanout_f32_l16-merkle-r0,a908f6320e581dabef061881c8cf72c4e9696ca5a919dc49feda48f0eda8858b,merkle,targeted_post_repair_confirmation_ms,3.753
size-scaling-k75-c300-n3000000-f32-k75-c300-fanout_f32_l16-merkle-r0,a908f6320e581dabef061881c8cf72c4e9696ca5a919dc49feda48f0eda8858b,merkle,recovery_observability_ms,0.001
size-scaling-k75-c300-n3000000-f32-k75-c300-fanout_f32_l16-merkle-r0,a908f6320e581dabef061881c8cf72c4e9696ca5a919dc49feda48f0eda8858b,merkle,recovery_orchestration_ms,2.571
size-scaling-k75-c300-n3000000-f32-k75-c300-fanout_f32_l16-merkle-r0,a908f6320e581dabef061881c8cf72c4e9696ca5a919dc49feda48f0eda8858b,merkle,audit_exact_table_compare_ms,11453.165
size-scaling-k75-c300-n3000000-f32-k75-c300-fanout_f32_l16-merkle-r0,a908f6320e581dabef061881c8cf72c4e9696ca5a919dc49feda48f0eda8858b,merkle,audit_merkle_root_hash_ms,1.269
size-scaling-k75-c300-n3000000-f32-k75-c300-fanout_f32_l16-merkle-r0,a908f6320e581dabef061881c8cf72c4e9696ca5a919dc49feda48f0eda8858b,merkle,audit_merkle_verify_ms,9265.877
size-scaling-k75-c300-n3000000-f32-k75-c300-fanout_f32_l16-merkle-r0,a908f6320e581dabef061881c8cf72c4e9696ca5a919dc49feda48f0eda8858b,merkle,audit_schema_fidelity_ms,2.373
size-scaling-k75-c300-n3000000-f32-k75-c300-fanout_f32_l16-merkle-r0,a908f6320e581dabef061881c8cf72c4e9696ca5a919dc49feda48f0eda8858b,merkle,merkle_total_ms,20916.338
size-scaling-k75-c300-n3000000-f32-k75-c300-fanout_f32_l16-merkle-r1,a908f6320e581dabef061881c8cf72c4e9696ca5a919dc49feda48f0eda8858b,merkle,tree_localisation_ms,115.058
size-scaling-k75-c300-n3000000-f32-k75-c300-fanout_f32_l16-merkle-r1,a908f6320e581dabef061881c8cf72c4e9696ca5a919dc49feda48f0eda8858b,merkle,candidate_row_fetch_ms,31.158
size-scaling-k75-c300-n3000000-f32-k75-c300-fanout_f32_l16-merkle-r1,a908f6320e581dabef061881c8cf72c4e9696ca5a919dc49feda48f0eda8858b,merkle,row_comparison_ms,1.181
size-scaling-k75-c300-n3000000-f32-k75-c300-fanout_f32_l16-merkle-r1,a908f6320e581dabef061881c8cf72c4e9696ca5a919dc49feda48f0eda8858b,merkle,repair_sql_building_ms,0.466
size-scaling-k75-c300-n3000000-f32-k75-c300-fanout_f32_l16-merkle-r1,a908f6320e581dabef061881c8cf72c4e9696ca5a919dc49feda48f0eda8858b,merkle,repair_dml_wire_ms,16.602
size-scaling-k75-c300-n3000000-f32-k75-c300-fanout_f32_l16-merkle-r1,a908f6320e581dabef061881c8cf72c4e9696ca5a919dc49feda48f0eda8858b,merkle,repair_commit_wire_ms,26.794
size-scaling-k75-c300-n3000000-f32-k75-c300-fanout_f32_l16-merkle-r1,a908f6320e581dabef061881c8cf72c4e9696ca5a919dc49feda48f0eda8858b,merkle,repair_begin_wire_ms,0.159
size-scaling-k75-c300-n3000000-f32-k75-c300-fanout_f32_l16-merkle-r1,a908f6320e581dabef061881c8cf72c4e9696ca5a919dc49feda48f0eda8858b,merkle,repair_transaction_block_ms,44.069
size-scaling-k75-c300-n3000000-f32-k75-c300-fanout_f32_l16-merkle-r1,a908f6320e581dabef061881c8cf72c4e9696ca5a919dc49feda48f0eda8858b,merkle,repair_write_ms,44.073
size-scaling-k75-c300-n3000000-f32-k75-c300-fanout_f32_l16-merkle-r1,a908f6320e581dabef061881c8cf72c4e9696ca5a919dc49feda48f0eda8858b,merkle,targeted_post_repair_confirmation_ms,3.818
size-scaling-k75-c300-n3000000-f32-k75-c300-fanout_f32_l16-merkle-r1,a908f6320e581dabef061881c8cf72c4e9696ca5a919dc49feda48f0eda8858b,merkle,recovery_observability_ms,0.002
size-scaling-k75-c300-n3000000-f32-k75-c300-fanout_f32_l16-merkle-r1,a908f6320e581dabef061881c8cf72c4e9696ca5a919dc49feda48f0eda8858b,merkle,recovery_orchestration_ms,2.292
size-scaling-k75-c300-n3000000-f32-k75-c300-fanout_f32_l16-merkle-r1,a908f6320e581dabef061881c8cf72c4e9696ca5a919dc49feda48f0eda8858b,merkle,audit_exact_table_compare_ms,11547.122
size-scaling-k75-c300-n3000000-f32-k75-c300-fanout_f32_l16-merkle-r1,a908f6320e581dabef061881c8cf72c4e9696ca5a919dc49feda48f0eda8858b,merkle,audit_merkle_root_hash_ms,1.235
size-scaling-k75-c300-n3000000-f32-k75-c300-fanout_f32_l16-merkle-r1,a908f6320e581dabef061881c8cf72c4e9696ca5a919dc49feda48f0eda8858b,merkle,audit_merkle_verify_ms,9265.266
size-scaling-k75-c300-n3000000-f32-k75-c300-fanout_f32_l16-merkle-r1,a908f6320e581dabef061881c8cf72c4e9696ca5a919dc49feda48f0eda8858b,merkle,audit_schema_fidelity_ms,2.326
size-scaling-k75-c300-n3000000-f32-k75-c300-fanout_f32_l16-merkle-r1,a908f6320e581dabef061881c8cf72c4e9696ca5a919dc49feda48f0eda8858b,merkle,merkle_total_ms,21025.515
size-scaling-k75-c300-n3000000-f32-k75-c300-fanout_f32_l16-merkle-r2,a908f6320e581dabef061881c8cf72c4e9696ca5a919dc49feda48f0eda8858b,merkle,tree_localisation_ms,117.135
size-scaling-k75-c300-n3000000-f32-k75-c300-fanout_f32_l16-merkle-r2,a908f6320e581dabef061881c8cf72c4e9696ca5a919dc49feda48f0eda8858b,merkle,candidate_row_fetch_ms,31.686
size-scaling-k75-c300-n3000000-f32-k75-c300-fanout_f32_l16-merkle-r2,a908f6320e581dabef061881c8cf72c4e9696ca5a919dc49feda48f0eda8858b,merkle,row_comparison_ms,1.519
size-scaling-k75-c300-n3000000-f32-k75-c300-fanout_f32_l16-merkle-r2,a908f6320e581dabef061881c8cf72c4e9696ca5a919dc49feda48f0eda8858b,merkle,repair_sql_building_ms,0.581
size-scaling-k75-c300-n3000000-f32-k75-c300-fanout_f32_l16-merkle-r2,a908f6320e581dabef061881c8cf72c4e9696ca5a919dc49feda48f0eda8858b,merkle,repair_dml_wire_ms,17.738
size-scaling-k75-c300-n3000000-f32-k75-c300-fanout_f32_l16-merkle-r2,a908f6320e581dabef061881c8cf72c4e9696ca5a919dc49feda48f0eda8858b,merkle,repair_commit_wire_ms,11.425
size-scaling-k75-c300-n3000000-f32-k75-c300-fanout_f32_l16-merkle-r2,a908f6320e581dabef061881c8cf72c4e9696ca5a919dc49feda48f0eda8858b,merkle,repair_begin_wire_ms,0.159
size-scaling-k75-c300-n3000000-f32-k75-c300-fanout_f32_l16-merkle-r2,a908f6320e581dabef061881c8cf72c4e9696ca5a919dc49feda48f0eda8858b,merkle,repair_transaction_block_ms,29.958
size-scaling-k75-c300-n3000000-f32-k75-c300-fanout_f32_l16-merkle-r2,a908f6320e581dabef061881c8cf72c4e9696ca5a919dc49feda48f0eda8858b,merkle,repair_write_ms,29.962
size-scaling-k75-c300-n3000000-f32-k75-c300-fanout_f32_l16-merkle-r2,a908f6320e581dabef061881c8cf72c4e9696ca5a919dc49feda48f0eda8858b,merkle,targeted_post_repair_confirmation_ms,3.542
size-scaling-k75-c300-n3000000-f32-k75-c300-fanout_f32_l16-merkle-r2,a908f6320e581dabef061881c8cf72c4e9696ca5a919dc49feda48f0eda8858b,merkle,recovery_observability_ms,0.001
size-scaling-k75-c300-n3000000-f32-k75-c300-fanout_f32_l16-merkle-r2,a908f6320e581dabef061881c8cf72c4e9696ca5a919dc49feda48f0eda8858b,merkle,recovery_orchestration_ms,2.668
size-scaling-k75-c300-n3000000-f32-k75-c300-fanout_f32_l16-merkle-r2,a908f6320e581dabef061881c8cf72c4e9696ca5a919dc49feda48f0eda8858b,merkle,audit_exact_table_compare_ms,11510.175
size-scaling-k75-c300-n3000000-f32-k75-c300-fanout_f32_l16-merkle-r2,a908f6320e581dabef061881c8cf72c4e9696ca5a919dc49feda48f0eda8858b,merkle,audit_merkle_root_hash_ms,1.224
size-scaling-k75-c300-n3000000-f32-k75-c300-fanout_f32_l16-merkle-r2,a908f6320e581dabef061881c8cf72c4e9696ca5a919dc49feda48f0eda8858b,merkle,audit_merkle_verify_ms,9270.611
size-scaling-k75-c300-n3000000-f32-k75-c300-fanout_f32_l16-merkle-r2,a908f6320e581dabef061881c8cf72c4e9696ca5a919dc49feda48f0eda8858b,merkle,audit_schema_fidelity_ms,2.574
size-scaling-k75-c300-n3000000-f32-k75-c300-fanout_f32_l16-merkle-r2,a908f6320e581dabef061881c8cf72c4e9696ca5a919dc49feda48f0eda8858b,merkle,merkle_total_ms,20983.044
size-scaling-k75-c300-n3000000-f32-k75-c300-fanout_f32_l16-merkle-r3,a908f6320e581dabef061881c8cf72c4e9696ca5a919dc49feda48f0eda8858b,merkle,tree_localisation_ms,118.171
size-scaling-k75-c300-n3000000-f32-k75-c300-fanout_f32_l16-merkle-r3,a908f6320e581dabef061881c8cf72c4e9696ca5a919dc49feda48f0eda8858b,merkle,candidate_row_fetch_ms,33.038
size-scaling-k75-c300-n3000000-f32-k75-c300-fanout_f32_l16-merkle-r3,a908f6320e581dabef061881c8cf72c4e9696ca5a919dc49feda48f0eda8858b,merkle,row_comparison_ms,1.389
size-scaling-k75-c300-n3000000-f32-k75-c300-fanout_f32_l16-merkle-r3,a908f6320e581dabef061881c8cf72c4e9696ca5a919dc49feda48f0eda8858b,merkle,repair_sql_building_ms,0.530
size-scaling-k75-c300-n3000000-f32-k75-c300-fanout_f32_l16-merkle-r3,a908f6320e581dabef061881c8cf72c4e9696ca5a919dc49feda48f0eda8858b,merkle,repair_dml_wire_ms,17.094
size-scaling-k75-c300-n3000000-f32-k75-c300-fanout_f32_l16-merkle-r3,a908f6320e581dabef061881c8cf72c4e9696ca5a919dc49feda48f0eda8858b,merkle,repair_commit_wire_ms,15.928
size-scaling-k75-c300-n3000000-f32-k75-c300-fanout_f32_l16-merkle-r3,a908f6320e581dabef061881c8cf72c4e9696ca5a919dc49feda48f0eda8858b,merkle,repair_begin_wire_ms,0.122
size-scaling-k75-c300-n3000000-f32-k75-c300-fanout_f32_l16-merkle-r3,a908f6320e581dabef061881c8cf72c4e9696ca5a919dc49feda48f0eda8858b,merkle,repair_transaction_block_ms,33.725
size-scaling-k75-c300-n3000000-f32-k75-c300-fanout_f32_l16-merkle-r3,a908f6320e581dabef061881c8cf72c4e9696ca5a919dc49feda48f0eda8858b,merkle,repair_write_ms,33.729
size-scaling-k75-c300-n3000000-f32-k75-c300-fanout_f32_l16-merkle-r3,a908f6320e581dabef061881c8cf72c4e9696ca5a919dc49feda48f0eda8858b,merkle,targeted_post_repair_confirmation_ms,3.669
size-scaling-k75-c300-n3000000-f32-k75-c300-fanout_f32_l16-merkle-r3,a908f6320e581dabef061881c8cf72c4e9696ca5a919dc49feda48f0eda8858b,merkle,recovery_observability_ms,0.001
size-scaling-k75-c300-n3000000-f32-k75-c300-fanout_f32_l16-merkle-r3,a908f6320e581dabef061881c8cf72c4e9696ca5a919dc49feda48f0eda8858b,merkle,recovery_orchestration_ms,2.606
size-scaling-k75-c300-n3000000-f32-k75-c300-fanout_f32_l16-merkle-r3,a908f6320e581dabef061881c8cf72c4e9696ca5a919dc49feda48f0eda8858b,merkle,audit_exact_table_compare_ms,11498.201
size-scaling-k75-c300-n3000000-f32-k75-c300-fanout_f32_l16-merkle-r3,a908f6320e581dabef061881c8cf72c4e9696ca5a919dc49feda48f0eda8858b,merkle,audit_merkle_root_hash_ms,1.241
size-scaling-k75-c300-n3000000-f32-k75-c300-fanout_f32_l16-merkle-r3,a908f6320e581dabef061881c8cf72c4e9696ca5a919dc49feda48f0eda8858b,merkle,audit_merkle_verify_ms,9264.998
size-scaling-k75-c300-n3000000-f32-k75-c300-fanout_f32_l16-merkle-r3,a908f6320e581dabef061881c8cf72c4e9696ca5a919dc49feda48f0eda8858b,merkle,audit_schema_fidelity_ms,2.421
size-scaling-k75-c300-n3000000-f32-k75-c300-fanout_f32_l16-merkle-r3,a908f6320e581dabef061881c8cf72c4e9696ca5a919dc49feda48f0eda8858b,merkle,merkle_total_ms,20971.487
size-scaling-k75-c300-n3000000-f32-k75-c300-fanout_f32_l16-merkle-r4,a908f6320e581dabef061881c8cf72c4e9696ca5a919dc49feda48f0eda8858b,merkle,tree_localisation_ms,115.087
size-scaling-k75-c300-n3000000-f32-k75-c300-fanout_f32_l16-merkle-r4,a908f6320e581dabef061881c8cf72c4e9696ca5a919dc49feda48f0eda8858b,merkle,candidate_row_fetch_ms,26.758
size-scaling-k75-c300-n3000000-f32-k75-c300-fanout_f32_l16-merkle-r4,a908f6320e581dabef061881c8cf72c4e9696ca5a919dc49feda48f0eda8858b,merkle,row_comparison_ms,1.151
size-scaling-k75-c300-n3000000-f32-k75-c300-fanout_f32_l16-merkle-r4,a908f6320e581dabef061881c8cf72c4e9696ca5a919dc49feda48f0eda8858b,merkle,repair_sql_building_ms,0.459
size-scaling-k75-c300-n3000000-f32-k75-c300-fanout_f32_l16-merkle-r4,a908f6320e581dabef061881c8cf72c4e9696ca5a919dc49feda48f0eda8858b,merkle,repair_dml_wire_ms,16.216
size-scaling-k75-c300-n3000000-f32-k75-c300-fanout_f32_l16-merkle-r4,a908f6320e581dabef061881c8cf72c4e9696ca5a919dc49feda48f0eda8858b,merkle,repair_commit_wire_ms,13.833
size-scaling-k75-c300-n3000000-f32-k75-c300-fanout_f32_l16-merkle-r4,a908f6320e581dabef061881c8cf72c4e9696ca5a919dc49feda48f0eda8858b,merkle,repair_begin_wire_ms,0.120
size-scaling-k75-c300-n3000000-f32-k75-c300-fanout_f32_l16-merkle-r4,a908f6320e581dabef061881c8cf72c4e9696ca5a919dc49feda48f0eda8858b,merkle,repair_transaction_block_ms,30.677
size-scaling-k75-c300-n3000000-f32-k75-c300-fanout_f32_l16-merkle-r4,a908f6320e581dabef061881c8cf72c4e9696ca5a919dc49feda48f0eda8858b,merkle,repair_write_ms,30.681
size-scaling-k75-c300-n3000000-f32-k75-c300-fanout_f32_l16-merkle-r4,a908f6320e581dabef061881c8cf72c4e9696ca5a919dc49feda48f0eda8858b,merkle,targeted_post_repair_confirmation_ms,3.664
size-scaling-k75-c300-n3000000-f32-k75-c300-fanout_f32_l16-merkle-r4,a908f6320e581dabef061881c8cf72c4e9696ca5a919dc49feda48f0eda8858b,merkle,recovery_observability_ms,0.001
size-scaling-k75-c300-n3000000-f32-k75-c300-fanout_f32_l16-merkle-r4,a908f6320e581dabef061881c8cf72c4e9696ca5a919dc49feda48f0eda8858b,merkle,recovery_orchestration_ms,2.228
size-scaling-k75-c300-n3000000-f32-k75-c300-fanout_f32_l16-merkle-r4,a908f6320e581dabef061881c8cf72c4e9696ca5a919dc49feda48f0eda8858b,merkle,audit_exact_table_compare_ms,11502.094
size-scaling-k75-c300-n3000000-f32-k75-c300-fanout_f32_l16-merkle-r4,a908f6320e581dabef061881c8cf72c4e9696ca5a919dc49feda48f0eda8858b,merkle,audit_merkle_root_hash_ms,1.245
size-scaling-k75-c300-n3000000-f32-k75-c300-fanout_f32_l16-merkle-r4,a908f6320e581dabef061881c8cf72c4e9696ca5a919dc49feda48f0eda8858b,merkle,audit_merkle_verify_ms,9247.504
size-scaling-k75-c300-n3000000-f32-k75-c300-fanout_f32_l16-merkle-r4,a908f6320e581dabef061881c8cf72c4e9696ca5a919dc49feda48f0eda8858b,merkle,audit_schema_fidelity_ms,2.054
size-scaling-k75-c300-n3000000-f32-k75-c300-fanout_f32_l16-merkle-r4,a908f6320e581dabef061881c8cf72c4e9696ca5a919dc49feda48f0eda8858b,merkle,merkle_total_ms,20944.464
size-scaling-k75-c300-n3000000-f32-k75-c300-fanout_f32_l16-merkle-r5,a908f6320e581dabef061881c8cf72c4e9696ca5a919dc49feda48f0eda8858b,merkle,tree_localisation_ms,81.317
size-scaling-k75-c300-n3000000-f32-k75-c300-fanout_f32_l16-merkle-r5,a908f6320e581dabef061881c8cf72c4e9696ca5a919dc49feda48f0eda8858b,merkle,candidate_row_fetch_ms,20.568
size-scaling-k75-c300-n3000000-f32-k75-c300-fanout_f32_l16-merkle-r5,a908f6320e581dabef061881c8cf72c4e9696ca5a919dc49feda48f0eda8858b,merkle,row_comparison_ms,0.605
size-scaling-k75-c300-n3000000-f32-k75-c300-fanout_f32_l16-merkle-r5,a908f6320e581dabef061881c8cf72c4e9696ca5a919dc49feda48f0eda8858b,merkle,repair_sql_building_ms,0.238
size-scaling-k75-c300-n3000000-f32-k75-c300-fanout_f32_l16-merkle-r5,a908f6320e581dabef061881c8cf72c4e9696ca5a919dc49feda48f0eda8858b,merkle,repair_dml_wire_ms,9.847
size-scaling-k75-c300-n3000000-f32-k75-c300-fanout_f32_l16-merkle-r5,a908f6320e581dabef061881c8cf72c4e9696ca5a919dc49feda48f0eda8858b,merkle,repair_commit_wire_ms,5.422
size-scaling-k75-c300-n3000000-f32-k75-c300-fanout_f32_l16-merkle-r5,a908f6320e581dabef061881c8cf72c4e9696ca5a919dc49feda48f0eda8858b,merkle,repair_begin_wire_ms,0.073
size-scaling-k75-c300-n3000000-f32-k75-c300-fanout_f32_l16-merkle-r5,a908f6320e581dabef061881c8cf72c4e9696ca5a919dc49feda48f0eda8858b,merkle,repair_transaction_block_ms,15.606
size-scaling-k75-c300-n3000000-f32-k75-c300-fanout_f32_l16-merkle-r5,a908f6320e581dabef061881c8cf72c4e9696ca5a919dc49feda48f0eda8858b,merkle,repair_write_ms,15.608
size-scaling-k75-c300-n3000000-f32-k75-c300-fanout_f32_l16-merkle-r5,a908f6320e581dabef061881c8cf72c4e9696ca5a919dc49feda48f0eda8858b,merkle,targeted_post_repair_confirmation_ms,2.524
size-scaling-k75-c300-n3000000-f32-k75-c300-fanout_f32_l16-merkle-r5,a908f6320e581dabef061881c8cf72c4e9696ca5a919dc49feda48f0eda8858b,merkle,recovery_observability_ms,0.001
size-scaling-k75-c300-n3000000-f32-k75-c300-fanout_f32_l16-merkle-r5,a908f6320e581dabef061881c8cf72c4e9696ca5a919dc49feda48f0eda8858b,merkle,recovery_orchestration_ms,1.511
size-scaling-k75-c300-n3000000-f32-k75-c300-fanout_f32_l16-merkle-r5,a908f6320e581dabef061881c8cf72c4e9696ca5a919dc49feda48f0eda8858b,merkle,audit_exact_table_compare_ms,11430.258
size-scaling-k75-c300-n3000000-f32-k75-c300-fanout_f32_l16-merkle-r5,a908f6320e581dabef061881c8cf72c4e9696ca5a919dc49feda48f0eda8858b,merkle,audit_merkle_root_hash_ms,1.229
size-scaling-k75-c300-n3000000-f32-k75-c300-fanout_f32_l16-merkle-r5,a908f6320e581dabef061881c8cf72c4e9696ca5a919dc49feda48f0eda8858b,merkle,audit_merkle_verify_ms,9262.662
size-scaling-k75-c300-n3000000-f32-k75-c300-fanout_f32_l16-merkle-r5,a908f6320e581dabef061881c8cf72c4e9696ca5a919dc49feda48f0eda8858b,merkle,audit_schema_fidelity_ms,2.205
size-scaling-k75-c300-n3000000-f32-k75-c300-fanout_f32_l16-merkle-r5,a908f6320e581dabef061881c8cf72c4e9696ca5a919dc49feda48f0eda8858b,merkle,merkle_total_ms,20830.199
size-scaling-k75-c300-n3000000-f32-k75-c300-fanout_f32_l16-merkle-r6,a908f6320e581dabef061881c8cf72c4e9696ca5a919dc49feda48f0eda8858b,merkle,tree_localisation_ms,72.177
size-scaling-k75-c300-n3000000-f32-k75-c300-fanout_f32_l16-merkle-r6,a908f6320e581dabef061881c8cf72c4e9696ca5a919dc49feda48f0eda8858b,merkle,candidate_row_fetch_ms,15.656
size-scaling-k75-c300-n3000000-f32-k75-c300-fanout_f32_l16-merkle-r6,a908f6320e581dabef061881c8cf72c4e9696ca5a919dc49feda48f0eda8858b,merkle,row_comparison_ms,0.605
size-scaling-k75-c300-n3000000-f32-k75-c300-fanout_f32_l16-merkle-r6,a908f6320e581dabef061881c8cf72c4e9696ca5a919dc49feda48f0eda8858b,merkle,repair_sql_building_ms,0.230
size-scaling-k75-c300-n3000000-f32-k75-c300-fanout_f32_l16-merkle-r6,a908f6320e581dabef061881c8cf72c4e9696ca5a919dc49feda48f0eda8858b,merkle,repair_dml_wire_ms,7.012
size-scaling-k75-c300-n3000000-f32-k75-c300-fanout_f32_l16-merkle-r6,a908f6320e581dabef061881c8cf72c4e9696ca5a919dc49feda48f0eda8858b,merkle,repair_commit_wire_ms,8.531
size-scaling-k75-c300-n3000000-f32-k75-c300-fanout_f32_l16-merkle-r6,a908f6320e581dabef061881c8cf72c4e9696ca5a919dc49feda48f0eda8858b,merkle,repair_begin_wire_ms,0.057
size-scaling-k75-c300-n3000000-f32-k75-c300-fanout_f32_l16-merkle-r6,a908f6320e581dabef061881c8cf72c4e9696ca5a919dc49feda48f0eda8858b,merkle,repair_transaction_block_ms,15.854
size-scaling-k75-c300-n3000000-f32-k75-c300-fanout_f32_l16-merkle-r6,a908f6320e581dabef061881c8cf72c4e9696ca5a919dc49feda48f0eda8858b,merkle,repair_write_ms,15.856
size-scaling-k75-c300-n3000000-f32-k75-c300-fanout_f32_l16-merkle-r6,a908f6320e581dabef061881c8cf72c4e9696ca5a919dc49feda48f0eda8858b,merkle,targeted_post_repair_confirmation_ms,2.134
size-scaling-k75-c300-n3000000-f32-k75-c300-fanout_f32_l16-merkle-r6,a908f6320e581dabef061881c8cf72c4e9696ca5a919dc49feda48f0eda8858b,merkle,recovery_observability_ms,0.000
size-scaling-k75-c300-n3000000-f32-k75-c300-fanout_f32_l16-merkle-r6,a908f6320e581dabef061881c8cf72c4e9696ca5a919dc49feda48f0eda8858b,merkle,recovery_orchestration_ms,1.551
size-scaling-k75-c300-n3000000-f32-k75-c300-fanout_f32_l16-merkle-r6,a908f6320e581dabef061881c8cf72c4e9696ca5a919dc49feda48f0eda8858b,merkle,audit_exact_table_compare_ms,11445.511
size-scaling-k75-c300-n3000000-f32-k75-c300-fanout_f32_l16-merkle-r6,a908f6320e581dabef061881c8cf72c4e9696ca5a919dc49feda48f0eda8858b,merkle,audit_merkle_root_hash_ms,1.245
size-scaling-k75-c300-n3000000-f32-k75-c300-fanout_f32_l16-merkle-r6,a908f6320e581dabef061881c8cf72c4e9696ca5a919dc49feda48f0eda8858b,merkle,audit_merkle_verify_ms,9276.027
size-scaling-k75-c300-n3000000-f32-k75-c300-fanout_f32_l16-merkle-r6,a908f6320e581dabef061881c8cf72c4e9696ca5a919dc49feda48f0eda8858b,merkle,audit_schema_fidelity_ms,2.202
size-scaling-k75-c300-n3000000-f32-k75-c300-fanout_f32_l16-merkle-r6,a908f6320e581dabef061881c8cf72c4e9696ca5a919dc49feda48f0eda8858b,merkle,merkle_total_ms,20844.604
size-scaling-k75-c300-n3000000-f32-k75-c300-fanout_f32_l16-merkle-r7,a908f6320e581dabef061881c8cf72c4e9696ca5a919dc49feda48f0eda8858b,merkle,tree_localisation_ms,79.813
size-scaling-k75-c300-n3000000-f32-k75-c300-fanout_f32_l16-merkle-r7,a908f6320e581dabef061881c8cf72c4e9696ca5a919dc49feda48f0eda8858b,merkle,candidate_row_fetch_ms,20.731
size-scaling-k75-c300-n3000000-f32-k75-c300-fanout_f32_l16-merkle-r7,a908f6320e581dabef061881c8cf72c4e9696ca5a919dc49feda48f0eda8858b,merkle,row_comparison_ms,0.602
size-scaling-k75-c300-n3000000-f32-k75-c300-fanout_f32_l16-merkle-r7,a908f6320e581dabef061881c8cf72c4e9696ca5a919dc49feda48f0eda8858b,merkle,repair_sql_building_ms,0.235
size-scaling-k75-c300-n3000000-f32-k75-c300-fanout_f32_l16-merkle-r7,a908f6320e581dabef061881c8cf72c4e9696ca5a919dc49feda48f0eda8858b,merkle,repair_dml_wire_ms,9.767
size-scaling-k75-c300-n3000000-f32-k75-c300-fanout_f32_l16-merkle-r7,a908f6320e581dabef061881c8cf72c4e9696ca5a919dc49feda48f0eda8858b,merkle,repair_commit_wire_ms,5.553
size-scaling-k75-c300-n3000000-f32-k75-c300-fanout_f32_l16-merkle-r7,a908f6320e581dabef061881c8cf72c4e9696ca5a919dc49feda48f0eda8858b,merkle,repair_begin_wire_ms,0.070
size-scaling-k75-c300-n3000000-f32-k75-c300-fanout_f32_l16-merkle-r7,a908f6320e581dabef061881c8cf72c4e9696ca5a919dc49feda48f0eda8858b,merkle,repair_transaction_block_ms,15.651
size-scaling-k75-c300-n3000000-f32-k75-c300-fanout_f32_l16-merkle-r7,a908f6320e581dabef061881c8cf72c4e9696ca5a919dc49feda48f0eda8858b,merkle,repair_write_ms,15.653
size-scaling-k75-c300-n3000000-f32-k75-c300-fanout_f32_l16-merkle-r7,a908f6320e581dabef061881c8cf72c4e9696ca5a919dc49feda48f0eda8858b,merkle,targeted_post_repair_confirmation_ms,2.471
size-scaling-k75-c300-n3000000-f32-k75-c300-fanout_f32_l16-merkle-r7,a908f6320e581dabef061881c8cf72c4e9696ca5a919dc49feda48f0eda8858b,merkle,recovery_observability_ms,0.001
size-scaling-k75-c300-n3000000-f32-k75-c300-fanout_f32_l16-merkle-r7,a908f6320e581dabef061881c8cf72c4e9696ca5a919dc49feda48f0eda8858b,merkle,recovery_orchestration_ms,1.528
size-scaling-k75-c300-n3000000-f32-k75-c300-fanout_f32_l16-merkle-r7,a908f6320e581dabef061881c8cf72c4e9696ca5a919dc49feda48f0eda8858b,merkle,audit_exact_table_compare_ms,11460.456
size-scaling-k75-c300-n3000000-f32-k75-c300-fanout_f32_l16-merkle-r7,a908f6320e581dabef061881c8cf72c4e9696ca5a919dc49feda48f0eda8858b,merkle,audit_merkle_root_hash_ms,1.242
size-scaling-k75-c300-n3000000-f32-k75-c300-fanout_f32_l16-merkle-r7,a908f6320e581dabef061881c8cf72c4e9696ca5a919dc49feda48f0eda8858b,merkle,audit_merkle_verify_ms,9278.379
size-scaling-k75-c300-n3000000-f32-k75-c300-fanout_f32_l16-merkle-r7,a908f6320e581dabef061881c8cf72c4e9696ca5a919dc49feda48f0eda8858b,merkle,audit_schema_fidelity_ms,2.210
size-scaling-k75-c300-n3000000-f32-k75-c300-fanout_f32_l16-merkle-r7,a908f6320e581dabef061881c8cf72c4e9696ca5a919dc49feda48f0eda8858b,merkle,merkle_total_ms,20874.638
size-scaling-k75-c300-n3000000-f32-k75-c300-fanout_f32_l16-merkle-r8,a908f6320e581dabef061881c8cf72c4e9696ca5a919dc49feda48f0eda8858b,merkle,tree_localisation_ms,83.214
size-scaling-k75-c300-n3000000-f32-k75-c300-fanout_f32_l16-merkle-r8,a908f6320e581dabef061881c8cf72c4e9696ca5a919dc49feda48f0eda8858b,merkle,candidate_row_fetch_ms,20.200
size-scaling-k75-c300-n3000000-f32-k75-c300-fanout_f32_l16-merkle-r8,a908f6320e581dabef061881c8cf72c4e9696ca5a919dc49feda48f0eda8858b,merkle,row_comparison_ms,0.589
size-scaling-k75-c300-n3000000-f32-k75-c300-fanout_f32_l16-merkle-r8,a908f6320e581dabef061881c8cf72c4e9696ca5a919dc49feda48f0eda8858b,merkle,repair_sql_building_ms,0.240
size-scaling-k75-c300-n3000000-f32-k75-c300-fanout_f32_l16-merkle-r8,a908f6320e581dabef061881c8cf72c4e9696ca5a919dc49feda48f0eda8858b,merkle,repair_dml_wire_ms,9.818
size-scaling-k75-c300-n3000000-f32-k75-c300-fanout_f32_l16-merkle-r8,a908f6320e581dabef061881c8cf72c4e9696ca5a919dc49feda48f0eda8858b,merkle,repair_commit_wire_ms,5.547
size-scaling-k75-c300-n3000000-f32-k75-c300-fanout_f32_l16-merkle-r8,a908f6320e581dabef061881c8cf72c4e9696ca5a919dc49feda48f0eda8858b,merkle,repair_begin_wire_ms,0.071
size-scaling-k75-c300-n3000000-f32-k75-c300-fanout_f32_l16-merkle-r8,a908f6320e581dabef061881c8cf72c4e9696ca5a919dc49feda48f0eda8858b,merkle,repair_transaction_block_ms,15.703
size-scaling-k75-c300-n3000000-f32-k75-c300-fanout_f32_l16-merkle-r8,a908f6320e581dabef061881c8cf72c4e9696ca5a919dc49feda48f0eda8858b,merkle,repair_write_ms,15.705
size-scaling-k75-c300-n3000000-f32-k75-c300-fanout_f32_l16-merkle-r8,a908f6320e581dabef061881c8cf72c4e9696ca5a919dc49feda48f0eda8858b,merkle,targeted_post_repair_confirmation_ms,2.524
size-scaling-k75-c300-n3000000-f32-k75-c300-fanout_f32_l16-merkle-r8,a908f6320e581dabef061881c8cf72c4e9696ca5a919dc49feda48f0eda8858b,merkle,recovery_observability_ms,0.001
size-scaling-k75-c300-n3000000-f32-k75-c300-fanout_f32_l16-merkle-r8,a908f6320e581dabef061881c8cf72c4e9696ca5a919dc49feda48f0eda8858b,merkle,recovery_orchestration_ms,1.548
size-scaling-k75-c300-n3000000-f32-k75-c300-fanout_f32_l16-merkle-r8,a908f6320e581dabef061881c8cf72c4e9696ca5a919dc49feda48f0eda8858b,merkle,audit_exact_table_compare_ms,11467.592
size-scaling-k75-c300-n3000000-f32-k75-c300-fanout_f32_l16-merkle-r8,a908f6320e581dabef061881c8cf72c4e9696ca5a919dc49feda48f0eda8858b,merkle,audit_merkle_root_hash_ms,1.246
size-scaling-k75-c300-n3000000-f32-k75-c300-fanout_f32_l16-merkle-r8,a908f6320e581dabef061881c8cf72c4e9696ca5a919dc49feda48f0eda8858b,merkle,audit_merkle_verify_ms,9281.061
size-scaling-k75-c300-n3000000-f32-k75-c300-fanout_f32_l16-merkle-r8,a908f6320e581dabef061881c8cf72c4e9696ca5a919dc49feda48f0eda8858b,merkle,audit_schema_fidelity_ms,2.215
size-scaling-k75-c300-n3000000-f32-k75-c300-fanout_f32_l16-merkle-r8,a908f6320e581dabef061881c8cf72c4e9696ca5a919dc49feda48f0eda8858b,merkle,merkle_total_ms,20887.626
size-scaling-k75-c300-n3000000-f32-k75-c300-fanout_f32_l16-merkle-r9,a908f6320e581dabef061881c8cf72c4e9696ca5a919dc49feda48f0eda8858b,merkle,tree_localisation_ms,80.359
size-scaling-k75-c300-n3000000-f32-k75-c300-fanout_f32_l16-merkle-r9,a908f6320e581dabef061881c8cf72c4e9696ca5a919dc49feda48f0eda8858b,merkle,candidate_row_fetch_ms,17.497
size-scaling-k75-c300-n3000000-f32-k75-c300-fanout_f32_l16-merkle-r9,a908f6320e581dabef061881c8cf72c4e9696ca5a919dc49feda48f0eda8858b,merkle,row_comparison_ms,0.599
size-scaling-k75-c300-n3000000-f32-k75-c300-fanout_f32_l16-merkle-r9,a908f6320e581dabef061881c8cf72c4e9696ca5a919dc49feda48f0eda8858b,merkle,repair_sql_building_ms,0.242
size-scaling-k75-c300-n3000000-f32-k75-c300-fanout_f32_l16-merkle-r9,a908f6320e581dabef061881c8cf72c4e9696ca5a919dc49feda48f0eda8858b,merkle,repair_dml_wire_ms,9.243
size-scaling-k75-c300-n3000000-f32-k75-c300-fanout_f32_l16-merkle-r9,a908f6320e581dabef061881c8cf72c4e9696ca5a919dc49feda48f0eda8858b,merkle,repair_commit_wire_ms,39.032
size-scaling-k75-c300-n3000000-f32-k75-c300-fanout_f32_l16-merkle-r9,a908f6320e581dabef061881c8cf72c4e9696ca5a919dc49feda48f0eda8858b,merkle,repair_begin_wire_ms,0.058
size-scaling-k75-c300-n3000000-f32-k75-c300-fanout_f32_l16-merkle-r9,a908f6320e581dabef061881c8cf72c4e9696ca5a919dc49feda48f0eda8858b,merkle,repair_transaction_block_ms,48.604
size-scaling-k75-c300-n3000000-f32-k75-c300-fanout_f32_l16-merkle-r9,a908f6320e581dabef061881c8cf72c4e9696ca5a919dc49feda48f0eda8858b,merkle,repair_write_ms,48.606
size-scaling-k75-c300-n3000000-f32-k75-c300-fanout_f32_l16-merkle-r9,a908f6320e581dabef061881c8cf72c4e9696ca5a919dc49feda48f0eda8858b,merkle,targeted_post_repair_confirmation_ms,3.301
size-scaling-k75-c300-n3000000-f32-k75-c300-fanout_f32_l16-merkle-r9,a908f6320e581dabef061881c8cf72c4e9696ca5a919dc49feda48f0eda8858b,merkle,recovery_observability_ms,0.001
size-scaling-k75-c300-n3000000-f32-k75-c300-fanout_f32_l16-merkle-r9,a908f6320e581dabef061881c8cf72c4e9696ca5a919dc49feda48f0eda8858b,merkle,recovery_orchestration_ms,1.561
size-scaling-k75-c300-n3000000-f32-k75-c300-fanout_f32_l16-merkle-r9,a908f6320e581dabef061881c8cf72c4e9696ca5a919dc49feda48f0eda8858b,merkle,audit_exact_table_compare_ms,11460.244
size-scaling-k75-c300-n3000000-f32-k75-c300-fanout_f32_l16-merkle-r9,a908f6320e581dabef061881c8cf72c4e9696ca5a919dc49feda48f0eda8858b,merkle,audit_merkle_root_hash_ms,1.155
size-scaling-k75-c300-n3000000-f32-k75-c300-fanout_f32_l16-merkle-r9,a908f6320e581dabef061881c8cf72c4e9696ca5a919dc49feda48f0eda8858b,merkle,audit_merkle_verify_ms,9264.828
size-scaling-k75-c300-n3000000-f32-k75-c300-fanout_f32_l16-merkle-r9,a908f6320e581dabef061881c8cf72c4e9696ca5a919dc49feda48f0eda8858b,merkle,audit_schema_fidelity_ms,2.090
size-scaling-k75-c300-n3000000-f32-k75-c300-fanout_f32_l16-merkle-r9,a908f6320e581dabef061881c8cf72c4e9696ca5a919dc49feda48f0eda8858b,merkle,merkle_total_ms,20892.189
size-scaling-k75-c300-n30000000-f32-k75-c300-fanout_f32_l16-merkle-r0,81c2b34557ea1aeabe68092535d4e26c2b6ca65339907649fa8fd4758192f358,merkle,tree_localisation_ms,182.153
size-scaling-k75-c300-n30000000-f32-k75-c300-fanout_f32_l16-merkle-r0,81c2b34557ea1aeabe68092535d4e26c2b6ca65339907649fa8fd4758192f358,merkle,candidate_row_fetch_ms,18.312
size-scaling-k75-c300-n30000000-f32-k75-c300-fanout_f32_l16-merkle-r0,81c2b34557ea1aeabe68092535d4e26c2b6ca65339907649fa8fd4758192f358,merkle,row_comparison_ms,0.700
size-scaling-k75-c300-n30000000-f32-k75-c300-fanout_f32_l16-merkle-r0,81c2b34557ea1aeabe68092535d4e26c2b6ca65339907649fa8fd4758192f358,merkle,repair_sql_building_ms,0.568
size-scaling-k75-c300-n30000000-f32-k75-c300-fanout_f32_l16-merkle-r0,81c2b34557ea1aeabe68092535d4e26c2b6ca65339907649fa8fd4758192f358,merkle,repair_dml_wire_ms,17.536
size-scaling-k75-c300-n30000000-f32-k75-c300-fanout_f32_l16-merkle-r0,81c2b34557ea1aeabe68092535d4e26c2b6ca65339907649fa8fd4758192f358,merkle,repair_commit_wire_ms,11.827
size-scaling-k75-c300-n30000000-f32-k75-c300-fanout_f32_l16-merkle-r0,81c2b34557ea1aeabe68092535d4e26c2b6ca65339907649fa8fd4758192f358,merkle,repair_begin_wire_ms,0.154
size-scaling-k75-c300-n30000000-f32-k75-c300-fanout_f32_l16-merkle-r0,81c2b34557ea1aeabe68092535d4e26c2b6ca65339907649fa8fd4758192f358,merkle,repair_transaction_block_ms,30.143
size-scaling-k75-c300-n30000000-f32-k75-c300-fanout_f32_l16-merkle-r0,81c2b34557ea1aeabe68092535d4e26c2b6ca65339907649fa8fd4758192f358,merkle,repair_write_ms,30.147
size-scaling-k75-c300-n30000000-f32-k75-c300-fanout_f32_l16-merkle-r0,81c2b34557ea1aeabe68092535d4e26c2b6ca65339907649fa8fd4758192f358,merkle,targeted_post_repair_confirmation_ms,3.645
size-scaling-k75-c300-n30000000-f32-k75-c300-fanout_f32_l16-merkle-r0,81c2b34557ea1aeabe68092535d4e26c2b6ca65339907649fa8fd4758192f358,merkle,recovery_observability_ms,0.001
size-scaling-k75-c300-n30000000-f32-k75-c300-fanout_f32_l16-merkle-r0,81c2b34557ea1aeabe68092535d4e26c2b6ca65339907649fa8fd4758192f358,merkle,recovery_orchestration_ms,2.579
size-scaling-k75-c300-n30000000-f32-k75-c300-fanout_f32_l16-merkle-r0,81c2b34557ea1aeabe68092535d4e26c2b6ca65339907649fa8fd4758192f358,merkle,audit_exact_table_compare_ms,105449.960
size-scaling-k75-c300-n30000000-f32-k75-c300-fanout_f32_l16-merkle-r0,81c2b34557ea1aeabe68092535d4e26c2b6ca65339907649fa8fd4758192f358,merkle,audit_merkle_root_hash_ms,1.378
size-scaling-k75-c300-n30000000-f32-k75-c300-fanout_f32_l16-merkle-r0,81c2b34557ea1aeabe68092535d4e26c2b6ca65339907649fa8fd4758192f358,merkle,audit_merkle_verify_ms,92459.759
size-scaling-k75-c300-n30000000-f32-k75-c300-fanout_f32_l16-merkle-r0,81c2b34557ea1aeabe68092535d4e26c2b6ca65339907649fa8fd4758192f358,merkle,audit_schema_fidelity_ms,2.186
size-scaling-k75-c300-n30000000-f32-k75-c300-fanout_f32_l16-merkle-r0,81c2b34557ea1aeabe68092535d4e26c2b6ca65339907649fa8fd4758192f358,merkle,merkle_total_ms,198173.765
size-scaling-k75-c300-n30000000-f32-k75-c300-fanout_f32_l16-merkle-r1,81c2b34557ea1aeabe68092535d4e26c2b6ca65339907649fa8fd4758192f358,merkle,tree_localisation_ms,111.869
size-scaling-k75-c300-n30000000-f32-k75-c300-fanout_f32_l16-merkle-r1,81c2b34557ea1aeabe68092535d4e26c2b6ca65339907649fa8fd4758192f358,merkle,candidate_row_fetch_ms,8.575
size-scaling-k75-c300-n30000000-f32-k75-c300-fanout_f32_l16-merkle-r1,81c2b34557ea1aeabe68092535d4e26c2b6ca65339907649fa8fd4758192f358,merkle,row_comparison_ms,0.284
size-scaling-k75-c300-n30000000-f32-k75-c300-fanout_f32_l16-merkle-r1,81c2b34557ea1aeabe68092535d4e26c2b6ca65339907649fa8fd4758192f358,merkle,repair_sql_building_ms,0.225
size-scaling-k75-c300-n30000000-f32-k75-c300-fanout_f32_l16-merkle-r1,81c2b34557ea1aeabe68092535d4e26c2b6ca65339907649fa8fd4758192f358,merkle,repair_dml_wire_ms,7.401
size-scaling-k75-c300-n30000000-f32-k75-c300-fanout_f32_l16-merkle-r1,81c2b34557ea1aeabe68092535d4e26c2b6ca65339907649fa8fd4758192f358,merkle,repair_commit_wire_ms,6.801
size-scaling-k75-c300-n30000000-f32-k75-c300-fanout_f32_l16-merkle-r1,81c2b34557ea1aeabe68092535d4e26c2b6ca65339907649fa8fd4758192f358,merkle,repair_begin_wire_ms,0.056
size-scaling-k75-c300-n30000000-f32-k75-c300-fanout_f32_l16-merkle-r1,81c2b34557ea1aeabe68092535d4e26c2b6ca65339907649fa8fd4758192f358,merkle,repair_transaction_block_ms,14.507
size-scaling-k75-c300-n30000000-f32-k75-c300-fanout_f32_l16-merkle-r1,81c2b34557ea1aeabe68092535d4e26c2b6ca65339907649fa8fd4758192f358,merkle,repair_write_ms,14.509
size-scaling-k75-c300-n30000000-f32-k75-c300-fanout_f32_l16-merkle-r1,81c2b34557ea1aeabe68092535d4e26c2b6ca65339907649fa8fd4758192f358,merkle,targeted_post_repair_confirmation_ms,1.720
size-scaling-k75-c300-n30000000-f32-k75-c300-fanout_f32_l16-merkle-r1,81c2b34557ea1aeabe68092535d4e26c2b6ca65339907649fa8fd4758192f358,merkle,recovery_observability_ms,0.001
size-scaling-k75-c300-n30000000-f32-k75-c300-fanout_f32_l16-merkle-r1,81c2b34557ea1aeabe68092535d4e26c2b6ca65339907649fa8fd4758192f358,merkle,recovery_orchestration_ms,1.454
size-scaling-k75-c300-n30000000-f32-k75-c300-fanout_f32_l16-merkle-r1,81c2b34557ea1aeabe68092535d4e26c2b6ca65339907649fa8fd4758192f358,merkle,audit_exact_table_compare_ms,109039.922
size-scaling-k75-c300-n30000000-f32-k75-c300-fanout_f32_l16-merkle-r1,81c2b34557ea1aeabe68092535d4e26c2b6ca65339907649fa8fd4758192f358,merkle,audit_merkle_root_hash_ms,1.350
size-scaling-k75-c300-n30000000-f32-k75-c300-fanout_f32_l16-merkle-r1,81c2b34557ea1aeabe68092535d4e26c2b6ca65339907649fa8fd4758192f358,merkle,audit_merkle_verify_ms,92386.727
size-scaling-k75-c300-n30000000-f32-k75-c300-fanout_f32_l16-merkle-r1,81c2b34557ea1aeabe68092535d4e26c2b6ca65339907649fa8fd4758192f358,merkle,audit_schema_fidelity_ms,2.081
size-scaling-k75-c300-n30000000-f32-k75-c300-fanout_f32_l16-merkle-r1,81c2b34557ea1aeabe68092535d4e26c2b6ca65339907649fa8fd4758192f358,merkle,merkle_total_ms,201579.834
size-scaling-k75-c300-n30000000-f32-k75-c300-fanout_f32_l16-merkle-r2,81c2b34557ea1aeabe68092535d4e26c2b6ca65339907649fa8fd4758192f358,merkle,tree_localisation_ms,111.036
size-scaling-k75-c300-n30000000-f32-k75-c300-fanout_f32_l16-merkle-r2,81c2b34557ea1aeabe68092535d4e26c2b6ca65339907649fa8fd4758192f358,merkle,candidate_row_fetch_ms,8.630
size-scaling-k75-c300-n30000000-f32-k75-c300-fanout_f32_l16-merkle-r2,81c2b34557ea1aeabe68092535d4e26c2b6ca65339907649fa8fd4758192f358,merkle,row_comparison_ms,0.268
size-scaling-k75-c300-n30000000-f32-k75-c300-fanout_f32_l16-merkle-r2,81c2b34557ea1aeabe68092535d4e26c2b6ca65339907649fa8fd4758192f358,merkle,repair_sql_building_ms,0.232
size-scaling-k75-c300-n30000000-f32-k75-c300-fanout_f32_l16-merkle-r2,81c2b34557ea1aeabe68092535d4e26c2b6ca65339907649fa8fd4758192f358,merkle,repair_dml_wire_ms,7.440
size-scaling-k75-c300-n30000000-f32-k75-c300-fanout_f32_l16-merkle-r2,81c2b34557ea1aeabe68092535d4e26c2b6ca65339907649fa8fd4758192f358,merkle,repair_commit_wire_ms,6.739
size-scaling-k75-c300-n30000000-f32-k75-c300-fanout_f32_l16-merkle-r2,81c2b34557ea1aeabe68092535d4e26c2b6ca65339907649fa8fd4758192f358,merkle,repair_begin_wire_ms,0.054
size-scaling-k75-c300-n30000000-f32-k75-c300-fanout_f32_l16-merkle-r2,81c2b34557ea1aeabe68092535d4e26c2b6ca65339907649fa8fd4758192f358,merkle,repair_transaction_block_ms,14.488
size-scaling-k75-c300-n30000000-f32-k75-c300-fanout_f32_l16-merkle-r2,81c2b34557ea1aeabe68092535d4e26c2b6ca65339907649fa8fd4758192f358,merkle,repair_write_ms,14.490
size-scaling-k75-c300-n30000000-f32-k75-c300-fanout_f32_l16-merkle-r2,81c2b34557ea1aeabe68092535d4e26c2b6ca65339907649fa8fd4758192f358,merkle,targeted_post_repair_confirmation_ms,1.846
size-scaling-k75-c300-n30000000-f32-k75-c300-fanout_f32_l16-merkle-r2,81c2b34557ea1aeabe68092535d4e26c2b6ca65339907649fa8fd4758192f358,merkle,recovery_observability_ms,0.001
size-scaling-k75-c300-n30000000-f32-k75-c300-fanout_f32_l16-merkle-r2,81c2b34557ea1aeabe68092535d4e26c2b6ca65339907649fa8fd4758192f358,merkle,recovery_orchestration_ms,1.454
size-scaling-k75-c300-n30000000-f32-k75-c300-fanout_f32_l16-merkle-r2,81c2b34557ea1aeabe68092535d4e26c2b6ca65339907649fa8fd4758192f358,merkle,audit_exact_table_compare_ms,106128.996
size-scaling-k75-c300-n30000000-f32-k75-c300-fanout_f32_l16-merkle-r2,81c2b34557ea1aeabe68092535d4e26c2b6ca65339907649fa8fd4758192f358,merkle,audit_merkle_root_hash_ms,1.386
size-scaling-k75-c300-n30000000-f32-k75-c300-fanout_f32_l16-merkle-r2,81c2b34557ea1aeabe68092535d4e26c2b6ca65339907649fa8fd4758192f358,merkle,audit_merkle_verify_ms,92540.764
size-scaling-k75-c300-n30000000-f32-k75-c300-fanout_f32_l16-merkle-r2,81c2b34557ea1aeabe68092535d4e26c2b6ca65339907649fa8fd4758192f358,merkle,audit_schema_fidelity_ms,2.113
size-scaling-k75-c300-n30000000-f32-k75-c300-fanout_f32_l16-merkle-r2,81c2b34557ea1aeabe68092535d4e26c2b6ca65339907649fa8fd4758192f358,merkle,merkle_total_ms,198822.461
size-scaling-k75-c300-n30000000-f32-k75-c300-fanout_f32_l16-merkle-r3,81c2b34557ea1aeabe68092535d4e26c2b6ca65339907649fa8fd4758192f358,merkle,tree_localisation_ms,111.261
size-scaling-k75-c300-n30000000-f32-k75-c300-fanout_f32_l16-merkle-r3,81c2b34557ea1aeabe68092535d4e26c2b6ca65339907649fa8fd4758192f358,merkle,candidate_row_fetch_ms,8.707
size-scaling-k75-c300-n30000000-f32-k75-c300-fanout_f32_l16-merkle-r3,81c2b34557ea1aeabe68092535d4e26c2b6ca65339907649fa8fd4758192f358,merkle,row_comparison_ms,0.263
size-scaling-k75-c300-n30000000-f32-k75-c300-fanout_f32_l16-merkle-r3,81c2b34557ea1aeabe68092535d4e26c2b6ca65339907649fa8fd4758192f358,merkle,repair_sql_building_ms,0.231
size-scaling-k75-c300-n30000000-f32-k75-c300-fanout_f32_l16-merkle-r3,81c2b34557ea1aeabe68092535d4e26c2b6ca65339907649fa8fd4758192f358,merkle,repair_dml_wire_ms,7.420
size-scaling-k75-c300-n30000000-f32-k75-c300-fanout_f32_l16-merkle-r3,81c2b34557ea1aeabe68092535d4e26c2b6ca65339907649fa8fd4758192f358,merkle,repair_commit_wire_ms,7.154
size-scaling-k75-c300-n30000000-f32-k75-c300-fanout_f32_l16-merkle-r3,81c2b34557ea1aeabe68092535d4e26c2b6ca65339907649fa8fd4758192f358,merkle,repair_begin_wire_ms,0.057
size-scaling-k75-c300-n30000000-f32-k75-c300-fanout_f32_l16-merkle-r3,81c2b34557ea1aeabe68092535d4e26c2b6ca65339907649fa8fd4758192f358,merkle,repair_transaction_block_ms,14.887
size-scaling-k75-c300-n30000000-f32-k75-c300-fanout_f32_l16-merkle-r3,81c2b34557ea1aeabe68092535d4e26c2b6ca65339907649fa8fd4758192f358,merkle,repair_write_ms,14.889
size-scaling-k75-c300-n30000000-f32-k75-c300-fanout_f32_l16-merkle-r3,81c2b34557ea1aeabe68092535d4e26c2b6ca65339907649fa8fd4758192f358,merkle,targeted_post_repair_confirmation_ms,1.711
size-scaling-k75-c300-n30000000-f32-k75-c300-fanout_f32_l16-merkle-r3,81c2b34557ea1aeabe68092535d4e26c2b6ca65339907649fa8fd4758192f358,merkle,recovery_observability_ms,0.001
size-scaling-k75-c300-n30000000-f32-k75-c300-fanout_f32_l16-merkle-r3,81c2b34557ea1aeabe68092535d4e26c2b6ca65339907649fa8fd4758192f358,merkle,recovery_orchestration_ms,1.460
size-scaling-k75-c300-n30000000-f32-k75-c300-fanout_f32_l16-merkle-r3,81c2b34557ea1aeabe68092535d4e26c2b6ca65339907649fa8fd4758192f358,merkle,audit_exact_table_compare_ms,105500.473
size-scaling-k75-c300-n30000000-f32-k75-c300-fanout_f32_l16-merkle-r3,81c2b34557ea1aeabe68092535d4e26c2b6ca65339907649fa8fd4758192f358,merkle,audit_merkle_root_hash_ms,1.323
size-scaling-k75-c300-n30000000-f32-k75-c300-fanout_f32_l16-merkle-r3,81c2b34557ea1aeabe68092535d4e26c2b6ca65339907649fa8fd4758192f358,merkle,audit_merkle_verify_ms,92130.976
size-scaling-k75-c300-n30000000-f32-k75-c300-fanout_f32_l16-merkle-r3,81c2b34557ea1aeabe68092535d4e26c2b6ca65339907649fa8fd4758192f358,merkle,audit_schema_fidelity_ms,2.228
size-scaling-k75-c300-n30000000-f32-k75-c300-fanout_f32_l16-merkle-r3,81c2b34557ea1aeabe68092535d4e26c2b6ca65339907649fa8fd4758192f358,merkle,merkle_total_ms,197784.648
size-scaling-k75-c300-n30000000-f32-k75-c300-fanout_f32_l16-merkle-r4,81c2b34557ea1aeabe68092535d4e26c2b6ca65339907649fa8fd4758192f358,merkle,tree_localisation_ms,111.652
size-scaling-k75-c300-n30000000-f32-k75-c300-fanout_f32_l16-merkle-r4,81c2b34557ea1aeabe68092535d4e26c2b6ca65339907649fa8fd4758192f358,merkle,candidate_row_fetch_ms,8.799
size-scaling-k75-c300-n30000000-f32-k75-c300-fanout_f32_l16-merkle-r4,81c2b34557ea1aeabe68092535d4e26c2b6ca65339907649fa8fd4758192f358,merkle,row_comparison_ms,0.274
size-scaling-k75-c300-n30000000-f32-k75-c300-fanout_f32_l16-merkle-r4,81c2b34557ea1aeabe68092535d4e26c2b6ca65339907649fa8fd4758192f358,merkle,repair_sql_building_ms,0.245
size-scaling-k75-c300-n30000000-f32-k75-c300-fanout_f32_l16-merkle-r4,81c2b34557ea1aeabe68092535d4e26c2b6ca65339907649fa8fd4758192f358,merkle,repair_dml_wire_ms,7.366
size-scaling-k75-c300-n30000000-f32-k75-c300-fanout_f32_l16-merkle-r4,81c2b34557ea1aeabe68092535d4e26c2b6ca65339907649fa8fd4758192f358,merkle,repair_commit_wire_ms,6.691
size-scaling-k75-c300-n30000000-f32-k75-c300-fanout_f32_l16-merkle-r4,81c2b34557ea1aeabe68092535d4e26c2b6ca65339907649fa8fd4758192f358,merkle,repair_begin_wire_ms,0.053
size-scaling-k75-c300-n30000000-f32-k75-c300-fanout_f32_l16-merkle-r4,81c2b34557ea1aeabe68092535d4e26c2b6ca65339907649fa8fd4758192f358,merkle,repair_transaction_block_ms,14.380
size-scaling-k75-c300-n30000000-f32-k75-c300-fanout_f32_l16-merkle-r4,81c2b34557ea1aeabe68092535d4e26c2b6ca65339907649fa8fd4758192f358,merkle,repair_write_ms,14.382
size-scaling-k75-c300-n30000000-f32-k75-c300-fanout_f32_l16-merkle-r4,81c2b34557ea1aeabe68092535d4e26c2b6ca65339907649fa8fd4758192f358,merkle,targeted_post_repair_confirmation_ms,1.707
size-scaling-k75-c300-n30000000-f32-k75-c300-fanout_f32_l16-merkle-r4,81c2b34557ea1aeabe68092535d4e26c2b6ca65339907649fa8fd4758192f358,merkle,recovery_observability_ms,0.001
size-scaling-k75-c300-n30000000-f32-k75-c300-fanout_f32_l16-merkle-r4,81c2b34557ea1aeabe68092535d4e26c2b6ca65339907649fa8fd4758192f358,merkle,recovery_orchestration_ms,1.476
size-scaling-k75-c300-n30000000-f32-k75-c300-fanout_f32_l16-merkle-r4,81c2b34557ea1aeabe68092535d4e26c2b6ca65339907649fa8fd4758192f358,merkle,audit_exact_table_compare_ms,105682.994
size-scaling-k75-c300-n30000000-f32-k75-c300-fanout_f32_l16-merkle-r4,81c2b34557ea1aeabe68092535d4e26c2b6ca65339907649fa8fd4758192f358,merkle,audit_merkle_root_hash_ms,1.330
size-scaling-k75-c300-n30000000-f32-k75-c300-fanout_f32_l16-merkle-r4,81c2b34557ea1aeabe68092535d4e26c2b6ca65339907649fa8fd4758192f358,merkle,audit_merkle_verify_ms,92253.129
size-scaling-k75-c300-n30000000-f32-k75-c300-fanout_f32_l16-merkle-r4,81c2b34557ea1aeabe68092535d4e26c2b6ca65339907649fa8fd4758192f358,merkle,audit_schema_fidelity_ms,2.206
size-scaling-k75-c300-n30000000-f32-k75-c300-fanout_f32_l16-merkle-r4,81c2b34557ea1aeabe68092535d4e26c2b6ca65339907649fa8fd4758192f358,merkle,merkle_total_ms,198089.408
size-scaling-k75-c300-n30000000-f32-k75-c300-fanout_f32_l16-merkle-r5,81c2b34557ea1aeabe68092535d4e26c2b6ca65339907649fa8fd4758192f358,merkle,tree_localisation_ms,107.258
size-scaling-k75-c300-n30000000-f32-k75-c300-fanout_f32_l16-merkle-r5,81c2b34557ea1aeabe68092535d4e26c2b6ca65339907649fa8fd4758192f358,merkle,candidate_row_fetch_ms,8.816
size-scaling-k75-c300-n30000000-f32-k75-c300-fanout_f32_l16-merkle-r5,81c2b34557ea1aeabe68092535d4e26c2b6ca65339907649fa8fd4758192f358,merkle,row_comparison_ms,0.276
size-scaling-k75-c300-n30000000-f32-k75-c300-fanout_f32_l16-merkle-r5,81c2b34557ea1aeabe68092535d4e26c2b6ca65339907649fa8fd4758192f358,merkle,repair_sql_building_ms,0.225
size-scaling-k75-c300-n30000000-f32-k75-c300-fanout_f32_l16-merkle-r5,81c2b34557ea1aeabe68092535d4e26c2b6ca65339907649fa8fd4758192f358,merkle,repair_dml_wire_ms,7.535
size-scaling-k75-c300-n30000000-f32-k75-c300-fanout_f32_l16-merkle-r5,81c2b34557ea1aeabe68092535d4e26c2b6ca65339907649fa8fd4758192f358,merkle,repair_commit_wire_ms,7.240
size-scaling-k75-c300-n30000000-f32-k75-c300-fanout_f32_l16-merkle-r5,81c2b34557ea1aeabe68092535d4e26c2b6ca65339907649fa8fd4758192f358,merkle,repair_begin_wire_ms,0.055
size-scaling-k75-c300-n30000000-f32-k75-c300-fanout_f32_l16-merkle-r5,81c2b34557ea1aeabe68092535d4e26c2b6ca65339907649fa8fd4758192f358,merkle,repair_transaction_block_ms,15.079
size-scaling-k75-c300-n30000000-f32-k75-c300-fanout_f32_l16-merkle-r5,81c2b34557ea1aeabe68092535d4e26c2b6ca65339907649fa8fd4758192f358,merkle,repair_write_ms,15.081
size-scaling-k75-c300-n30000000-f32-k75-c300-fanout_f32_l16-merkle-r5,81c2b34557ea1aeabe68092535d4e26c2b6ca65339907649fa8fd4758192f358,merkle,targeted_post_repair_confirmation_ms,1.698
size-scaling-k75-c300-n30000000-f32-k75-c300-fanout_f32_l16-merkle-r5,81c2b34557ea1aeabe68092535d4e26c2b6ca65339907649fa8fd4758192f358,merkle,recovery_observability_ms,0.000
size-scaling-k75-c300-n30000000-f32-k75-c300-fanout_f32_l16-merkle-r5,81c2b34557ea1aeabe68092535d4e26c2b6ca65339907649fa8fd4758192f358,merkle,recovery_orchestration_ms,1.421
size-scaling-k75-c300-n30000000-f32-k75-c300-fanout_f32_l16-merkle-r5,81c2b34557ea1aeabe68092535d4e26c2b6ca65339907649fa8fd4758192f358,merkle,audit_exact_table_compare_ms,105532.833
size-scaling-k75-c300-n30000000-f32-k75-c300-fanout_f32_l16-merkle-r5,81c2b34557ea1aeabe68092535d4e26c2b6ca65339907649fa8fd4758192f358,merkle,audit_merkle_root_hash_ms,1.324
size-scaling-k75-c300-n30000000-f32-k75-c300-fanout_f32_l16-merkle-r5,81c2b34557ea1aeabe68092535d4e26c2b6ca65339907649fa8fd4758192f358,merkle,audit_merkle_verify_ms,92210.524
size-scaling-k75-c300-n30000000-f32-k75-c300-fanout_f32_l16-merkle-r5,81c2b34557ea1aeabe68092535d4e26c2b6ca65339907649fa8fd4758192f358,merkle,audit_schema_fidelity_ms,2.191
size-scaling-k75-c300-n30000000-f32-k75-c300-fanout_f32_l16-merkle-r5,81c2b34557ea1aeabe68092535d4e26c2b6ca65339907649fa8fd4758192f358,merkle,merkle_total_ms,197892.802
size-scaling-k75-c300-n30000000-f32-k75-c300-fanout_f32_l16-merkle-r6,81c2b34557ea1aeabe68092535d4e26c2b6ca65339907649fa8fd4758192f358,merkle,tree_localisation_ms,101.668
size-scaling-k75-c300-n30000000-f32-k75-c300-fanout_f32_l16-merkle-r6,81c2b34557ea1aeabe68092535d4e26c2b6ca65339907649fa8fd4758192f358,merkle,candidate_row_fetch_ms,8.883
size-scaling-k75-c300-n30000000-f32-k75-c300-fanout_f32_l16-merkle-r6,81c2b34557ea1aeabe68092535d4e26c2b6ca65339907649fa8fd4758192f358,merkle,row_comparison_ms,0.269
size-scaling-k75-c300-n30000000-f32-k75-c300-fanout_f32_l16-merkle-r6,81c2b34557ea1aeabe68092535d4e26c2b6ca65339907649fa8fd4758192f358,merkle,repair_sql_building_ms,0.250
size-scaling-k75-c300-n30000000-f32-k75-c300-fanout_f32_l16-merkle-r6,81c2b34557ea1aeabe68092535d4e26c2b6ca65339907649fa8fd4758192f358,merkle,repair_dml_wire_ms,14.733
size-scaling-k75-c300-n30000000-f32-k75-c300-fanout_f32_l16-merkle-r6,81c2b34557ea1aeabe68092535d4e26c2b6ca65339907649fa8fd4758192f358,merkle,repair_commit_wire_ms,10.905
size-scaling-k75-c300-n30000000-f32-k75-c300-fanout_f32_l16-merkle-r6,81c2b34557ea1aeabe68092535d4e26c2b6ca65339907649fa8fd4758192f358,merkle,repair_begin_wire_ms,0.057
size-scaling-k75-c300-n30000000-f32-k75-c300-fanout_f32_l16-merkle-r6,81c2b34557ea1aeabe68092535d4e26c2b6ca65339907649fa8fd4758192f358,merkle,repair_transaction_block_ms,25.971
size-scaling-k75-c300-n30000000-f32-k75-c300-fanout_f32_l16-merkle-r6,81c2b34557ea1aeabe68092535d4e26c2b6ca65339907649fa8fd4758192f358,merkle,repair_write_ms,25.973
size-scaling-k75-c300-n30000000-f32-k75-c300-fanout_f32_l16-merkle-r6,81c2b34557ea1aeabe68092535d4e26c2b6ca65339907649fa8fd4758192f358,merkle,targeted_post_repair_confirmation_ms,1.764
size-scaling-k75-c300-n30000000-f32-k75-c300-fanout_f32_l16-merkle-r6,81c2b34557ea1aeabe68092535d4e26c2b6ca65339907649fa8fd4758192f358,merkle,recovery_observability_ms,0.001
size-scaling-k75-c300-n30000000-f32-k75-c300-fanout_f32_l16-merkle-r6,81c2b34557ea1aeabe68092535d4e26c2b6ca65339907649fa8fd4758192f358,merkle,recovery_orchestration_ms,1.461
size-scaling-k75-c300-n30000000-f32-k75-c300-fanout_f32_l16-merkle-r6,81c2b34557ea1aeabe68092535d4e26c2b6ca65339907649fa8fd4758192f358,merkle,audit_exact_table_compare_ms,105294.582
size-scaling-k75-c300-n30000000-f32-k75-c300-fanout_f32_l16-merkle-r6,81c2b34557ea1aeabe68092535d4e26c2b6ca65339907649fa8fd4758192f358,merkle,audit_merkle_root_hash_ms,1.355
size-scaling-k75-c300-n30000000-f32-k75-c300-fanout_f32_l16-merkle-r6,81c2b34557ea1aeabe68092535d4e26c2b6ca65339907649fa8fd4758192f358,merkle,audit_merkle_verify_ms,92213.340
size-scaling-k75-c300-n30000000-f32-k75-c300-fanout_f32_l16-merkle-r6,81c2b34557ea1aeabe68092535d4e26c2b6ca65339907649fa8fd4758192f358,merkle,audit_schema_fidelity_ms,2.199
size-scaling-k75-c300-n30000000-f32-k75-c300-fanout_f32_l16-merkle-r6,81c2b34557ea1aeabe68092535d4e26c2b6ca65339907649fa8fd4758192f358,merkle,merkle_total_ms,197662.941
size-scaling-k75-c300-n30000000-f32-k75-c300-fanout_f32_l16-merkle-r7,81c2b34557ea1aeabe68092535d4e26c2b6ca65339907649fa8fd4758192f358,merkle,tree_localisation_ms,111.980
size-scaling-k75-c300-n30000000-f32-k75-c300-fanout_f32_l16-merkle-r7,81c2b34557ea1aeabe68092535d4e26c2b6ca65339907649fa8fd4758192f358,merkle,candidate_row_fetch_ms,9.058
size-scaling-k75-c300-n30000000-f32-k75-c300-fanout_f32_l16-merkle-r7,81c2b34557ea1aeabe68092535d4e26c2b6ca65339907649fa8fd4758192f358,merkle,row_comparison_ms,0.270
size-scaling-k75-c300-n30000000-f32-k75-c300-fanout_f32_l16-merkle-r7,81c2b34557ea1aeabe68092535d4e26c2b6ca65339907649fa8fd4758192f358,merkle,repair_sql_building_ms,0.230
size-scaling-k75-c300-n30000000-f32-k75-c300-fanout_f32_l16-merkle-r7,81c2b34557ea1aeabe68092535d4e26c2b6ca65339907649fa8fd4758192f358,merkle,repair_dml_wire_ms,7.433
size-scaling-k75-c300-n30000000-f32-k75-c300-fanout_f32_l16-merkle-r7,81c2b34557ea1aeabe68092535d4e26c2b6ca65339907649fa8fd4758192f358,merkle,repair_commit_wire_ms,7.133
size-scaling-k75-c300-n30000000-f32-k75-c300-fanout_f32_l16-merkle-r7,81c2b34557ea1aeabe68092535d4e26c2b6ca65339907649fa8fd4758192f358,merkle,repair_begin_wire_ms,0.056
size-scaling-k75-c300-n30000000-f32-k75-c300-fanout_f32_l16-merkle-r7,81c2b34557ea1aeabe68092535d4e26c2b6ca65339907649fa8fd4758192f358,merkle,repair_transaction_block_ms,14.877
size-scaling-k75-c300-n30000000-f32-k75-c300-fanout_f32_l16-merkle-r7,81c2b34557ea1aeabe68092535d4e26c2b6ca65339907649fa8fd4758192f358,merkle,repair_write_ms,14.879
size-scaling-k75-c300-n30000000-f32-k75-c300-fanout_f32_l16-merkle-r7,81c2b34557ea1aeabe68092535d4e26c2b6ca65339907649fa8fd4758192f358,merkle,targeted_post_repair_confirmation_ms,1.723
size-scaling-k75-c300-n30000000-f32-k75-c300-fanout_f32_l16-merkle-r7,81c2b34557ea1aeabe68092535d4e26c2b6ca65339907649fa8fd4758192f358,merkle,recovery_observability_ms,0.001
size-scaling-k75-c300-n30000000-f32-k75-c300-fanout_f32_l16-merkle-r7,81c2b34557ea1aeabe68092535d4e26c2b6ca65339907649fa8fd4758192f358,merkle,recovery_orchestration_ms,1.435
size-scaling-k75-c300-n30000000-f32-k75-c300-fanout_f32_l16-merkle-r7,81c2b34557ea1aeabe68092535d4e26c2b6ca65339907649fa8fd4758192f358,merkle,audit_exact_table_compare_ms,105348.453
size-scaling-k75-c300-n30000000-f32-k75-c300-fanout_f32_l16-merkle-r7,81c2b34557ea1aeabe68092535d4e26c2b6ca65339907649fa8fd4758192f358,merkle,audit_merkle_root_hash_ms,1.340
size-scaling-k75-c300-n30000000-f32-k75-c300-fanout_f32_l16-merkle-r7,81c2b34557ea1aeabe68092535d4e26c2b6ca65339907649fa8fd4758192f358,merkle,audit_merkle_verify_ms,92261.963
size-scaling-k75-c300-n30000000-f32-k75-c300-fanout_f32_l16-merkle-r7,81c2b34557ea1aeabe68092535d4e26c2b6ca65339907649fa8fd4758192f358,merkle,audit_schema_fidelity_ms,2.191
size-scaling-k75-c300-n30000000-f32-k75-c300-fanout_f32_l16-merkle-r7,81c2b34557ea1aeabe68092535d4e26c2b6ca65339907649fa8fd4758192f358,merkle,merkle_total_ms,197764.630
size-scaling-k75-c300-n30000000-f32-k75-c300-fanout_f32_l16-merkle-r8,81c2b34557ea1aeabe68092535d4e26c2b6ca65339907649fa8fd4758192f358,merkle,tree_localisation_ms,159.150
size-scaling-k75-c300-n30000000-f32-k75-c300-fanout_f32_l16-merkle-r8,81c2b34557ea1aeabe68092535d4e26c2b6ca65339907649fa8fd4758192f358,merkle,candidate_row_fetch_ms,15.944
size-scaling-k75-c300-n30000000-f32-k75-c300-fanout_f32_l16-merkle-r8,81c2b34557ea1aeabe68092535d4e26c2b6ca65339907649fa8fd4758192f358,merkle,row_comparison_ms,0.552
size-scaling-k75-c300-n30000000-f32-k75-c300-fanout_f32_l16-merkle-r8,81c2b34557ea1aeabe68092535d4e26c2b6ca65339907649fa8fd4758192f358,merkle,repair_sql_building_ms,0.445
size-scaling-k75-c300-n30000000-f32-k75-c300-fanout_f32_l16-merkle-r8,81c2b34557ea1aeabe68092535d4e26c2b6ca65339907649fa8fd4758192f358,merkle,repair_dml_wire_ms,14.859
size-scaling-k75-c300-n30000000-f32-k75-c300-fanout_f32_l16-merkle-r8,81c2b34557ea1aeabe68092535d4e26c2b6ca65339907649fa8fd4758192f358,merkle,repair_commit_wire_ms,12.124
size-scaling-k75-c300-n30000000-f32-k75-c300-fanout_f32_l16-merkle-r8,81c2b34557ea1aeabe68092535d4e26c2b6ca65339907649fa8fd4758192f358,merkle,repair_begin_wire_ms,0.105
size-scaling-k75-c300-n30000000-f32-k75-c300-fanout_f32_l16-merkle-r8,81c2b34557ea1aeabe68092535d4e26c2b6ca65339907649fa8fd4758192f358,merkle,repair_transaction_block_ms,27.577
size-scaling-k75-c300-n30000000-f32-k75-c300-fanout_f32_l16-merkle-r8,81c2b34557ea1aeabe68092535d4e26c2b6ca65339907649fa8fd4758192f358,merkle,repair_write_ms,27.581
size-scaling-k75-c300-n30000000-f32-k75-c300-fanout_f32_l16-merkle-r8,81c2b34557ea1aeabe68092535d4e26c2b6ca65339907649fa8fd4758192f358,merkle,targeted_post_repair_confirmation_ms,3.090
size-scaling-k75-c300-n30000000-f32-k75-c300-fanout_f32_l16-merkle-r8,81c2b34557ea1aeabe68092535d4e26c2b6ca65339907649fa8fd4758192f358,merkle,recovery_observability_ms,0.001
size-scaling-k75-c300-n30000000-f32-k75-c300-fanout_f32_l16-merkle-r8,81c2b34557ea1aeabe68092535d4e26c2b6ca65339907649fa8fd4758192f358,merkle,recovery_orchestration_ms,2.142
size-scaling-k75-c300-n30000000-f32-k75-c300-fanout_f32_l16-merkle-r8,81c2b34557ea1aeabe68092535d4e26c2b6ca65339907649fa8fd4758192f358,merkle,audit_exact_table_compare_ms,134813.669
size-scaling-k75-c300-n30000000-f32-k75-c300-fanout_f32_l16-merkle-r8,81c2b34557ea1aeabe68092535d4e26c2b6ca65339907649fa8fd4758192f358,merkle,audit_merkle_root_hash_ms,1.393
size-scaling-k75-c300-n30000000-f32-k75-c300-fanout_f32_l16-merkle-r8,81c2b34557ea1aeabe68092535d4e26c2b6ca65339907649fa8fd4758192f358,merkle,audit_merkle_verify_ms,92248.189
size-scaling-k75-c300-n30000000-f32-k75-c300-fanout_f32_l16-merkle-r8,81c2b34557ea1aeabe68092535d4e26c2b6ca65339907649fa8fd4758192f358,merkle,audit_schema_fidelity_ms,2.181
size-scaling-k75-c300-n30000000-f32-k75-c300-fanout_f32_l16-merkle-r8,81c2b34557ea1aeabe68092535d4e26c2b6ca65339907649fa8fd4758192f358,merkle,merkle_total_ms,227285.884
size-scaling-k75-c300-n30000000-f32-k75-c300-fanout_f32_l16-merkle-r9,81c2b34557ea1aeabe68092535d4e26c2b6ca65339907649fa8fd4758192f358,merkle,tree_localisation_ms,111.058
size-scaling-k75-c300-n30000000-f32-k75-c300-fanout_f32_l16-merkle-r9,81c2b34557ea1aeabe68092535d4e26c2b6ca65339907649fa8fd4758192f358,merkle,candidate_row_fetch_ms,9.187
size-scaling-k75-c300-n30000000-f32-k75-c300-fanout_f32_l16-merkle-r9,81c2b34557ea1aeabe68092535d4e26c2b6ca65339907649fa8fd4758192f358,merkle,row_comparison_ms,0.266
size-scaling-k75-c300-n30000000-f32-k75-c300-fanout_f32_l16-merkle-r9,81c2b34557ea1aeabe68092535d4e26c2b6ca65339907649fa8fd4758192f358,merkle,repair_sql_building_ms,0.236
size-scaling-k75-c300-n30000000-f32-k75-c300-fanout_f32_l16-merkle-r9,81c2b34557ea1aeabe68092535d4e26c2b6ca65339907649fa8fd4758192f358,merkle,repair_dml_wire_ms,7.381
size-scaling-k75-c300-n30000000-f32-k75-c300-fanout_f32_l16-merkle-r9,81c2b34557ea1aeabe68092535d4e26c2b6ca65339907649fa8fd4758192f358,merkle,repair_commit_wire_ms,6.389
size-scaling-k75-c300-n30000000-f32-k75-c300-fanout_f32_l16-merkle-r9,81c2b34557ea1aeabe68092535d4e26c2b6ca65339907649fa8fd4758192f358,merkle,repair_begin_wire_ms,0.055
size-scaling-k75-c300-n30000000-f32-k75-c300-fanout_f32_l16-merkle-r9,81c2b34557ea1aeabe68092535d4e26c2b6ca65339907649fa8fd4758192f358,merkle,repair_transaction_block_ms,14.086
size-scaling-k75-c300-n30000000-f32-k75-c300-fanout_f32_l16-merkle-r9,81c2b34557ea1aeabe68092535d4e26c2b6ca65339907649fa8fd4758192f358,merkle,repair_write_ms,14.087
size-scaling-k75-c300-n30000000-f32-k75-c300-fanout_f32_l16-merkle-r9,81c2b34557ea1aeabe68092535d4e26c2b6ca65339907649fa8fd4758192f358,merkle,targeted_post_repair_confirmation_ms,1.716
size-scaling-k75-c300-n30000000-f32-k75-c300-fanout_f32_l16-merkle-r9,81c2b34557ea1aeabe68092535d4e26c2b6ca65339907649fa8fd4758192f358,merkle,recovery_observability_ms,0.000
size-scaling-k75-c300-n30000000-f32-k75-c300-fanout_f32_l16-merkle-r9,81c2b34557ea1aeabe68092535d4e26c2b6ca65339907649fa8fd4758192f358,merkle,recovery_orchestration_ms,1.476
size-scaling-k75-c300-n30000000-f32-k75-c300-fanout_f32_l16-merkle-r9,81c2b34557ea1aeabe68092535d4e26c2b6ca65339907649fa8fd4758192f358,merkle,audit_exact_table_compare_ms,142369.084
size-scaling-k75-c300-n30000000-f32-k75-c300-fanout_f32_l16-merkle-r9,81c2b34557ea1aeabe68092535d4e26c2b6ca65339907649fa8fd4758192f358,merkle,audit_merkle_root_hash_ms,1.930
size-scaling-k75-c300-n30000000-f32-k75-c300-fanout_f32_l16-merkle-r9,81c2b34557ea1aeabe68092535d4e26c2b6ca65339907649fa8fd4758192f358,merkle,audit_merkle_verify_ms,92757.709
size-scaling-k75-c300-n30000000-f32-k75-c300-fanout_f32_l16-merkle-r9,81c2b34557ea1aeabe68092535d4e26c2b6ca65339907649fa8fd4758192f358,merkle,audit_schema_fidelity_ms,2.045
size-scaling-k75-c300-n30000000-f32-k75-c300-fanout_f32_l16-merkle-r9,81c2b34557ea1aeabe68092535d4e26c2b6ca65339907649fa8fd4758192f358,merkle,merkle_total_ms,235279.913
