run_id,manifest_sha256,method,phase,ms
size-scaling-k75-c300-n1000000-f32-k75-c300-fanout_f32_l16-merkle-r0,b29ff65fcdcd675ee36c819b35cb1226e963a12dfa47e707001db8ed030e45bb,merkle,tree_localisation_ms,109.285
size-scaling-k75-c300-n1000000-f32-k75-c300-fanout_f32_l16-merkle-r0,b29ff65fcdcd675ee36c819b35cb1226e963a12dfa47e707001db8ed030e45bb,merkle,candidate_row_fetch_ms,16.559
size-scaling-k75-c300-n1000000-f32-k75-c300-fanout_f32_l16-merkle-r0,b29ff65fcdcd675ee36c819b35cb1226e963a12dfa47e707001db8ed030e45bb,merkle,row_comparison_ms,0.636
size-scaling-k75-c300-n1000000-f32-k75-c300-fanout_f32_l16-merkle-r0,b29ff65fcdcd675ee36c819b35cb1226e963a12dfa47e707001db8ed030e45bb,merkle,repair_sql_building_ms,0.538
size-scaling-k75-c300-n1000000-f32-k75-c300-fanout_f32_l16-merkle-r0,b29ff65fcdcd675ee36c819b35cb1226e963a12dfa47e707001db8ed030e45bb,merkle,repair_dml_wire_ms,26.215
size-scaling-k75-c300-n1000000-f32-k75-c300-fanout_f32_l16-merkle-r0,b29ff65fcdcd675ee36c819b35cb1226e963a12dfa47e707001db8ed030e45bb,merkle,repair_commit_wire_ms,7.259
size-scaling-k75-c300-n1000000-f32-k75-c300-fanout_f32_l16-merkle-r0,b29ff65fcdcd675ee36c819b35cb1226e963a12dfa47e707001db8ed030e45bb,merkle,repair_begin_wire_ms,0.115
size-scaling-k75-c300-n1000000-f32-k75-c300-fanout_f32_l16-merkle-r0,b29ff65fcdcd675ee36c819b35cb1226e963a12dfa47e707001db8ed030e45bb,merkle,repair_transaction_block_ms,34.180
size-scaling-k75-c300-n1000000-f32-k75-c300-fanout_f32_l16-merkle-r0,b29ff65fcdcd675ee36c819b35cb1226e963a12dfa47e707001db8ed030e45bb,merkle,repair_write_ms,34.184
size-scaling-k75-c300-n1000000-f32-k75-c300-fanout_f32_l16-merkle-r0,b29ff65fcdcd675ee36c819b35cb1226e963a12dfa47e707001db8ed030e45bb,merkle,targeted_post_repair_confirmation_ms,3.346
size-scaling-k75-c300-n1000000-f32-k75-c300-fanout_f32_l16-merkle-r0,b29ff65fcdcd675ee36c819b35cb1226e963a12dfa47e707001db8ed030e45bb,merkle,recovery_observability_ms,0.001
size-scaling-k75-c300-n1000000-f32-k75-c300-fanout_f32_l16-merkle-r0,b29ff65fcdcd675ee36c819b35cb1226e963a12dfa47e707001db8ed030e45bb,merkle,recovery_orchestration_ms,12.399
size-scaling-k75-c300-n1000000-f32-k75-c300-fanout_f32_l16-merkle-r0,b29ff65fcdcd675ee36c819b35cb1226e963a12dfa47e707001db8ed030e45bb,merkle,merkle_total_ms,180.101
size-scaling-k75-c300-n1000000-f32-k75-c300-fanout_f32_l16-merkle-r1,b29ff65fcdcd675ee36c819b35cb1226e963a12dfa47e707001db8ed030e45bb,merkle,tree_localisation_ms,108.341
size-scaling-k75-c300-n1000000-f32-k75-c300-fanout_f32_l16-merkle-r1,b29ff65fcdcd675ee36c819b35cb1226e963a12dfa47e707001db8ed030e45bb,merkle,candidate_row_fetch_ms,16.301
size-scaling-k75-c300-n1000000-f32-k75-c300-fanout_f32_l16-merkle-r1,b29ff65fcdcd675ee36c819b35cb1226e963a12dfa47e707001db8ed030e45bb,merkle,row_comparison_ms,0.623
size-scaling-k75-c300-n1000000-f32-k75-c300-fanout_f32_l16-merkle-r1,b29ff65fcdcd675ee36c819b35cb1226e963a12dfa47e707001db8ed030e45bb,merkle,repair_sql_building_ms,0.553
size-scaling-k75-c300-n1000000-f32-k75-c300-fanout_f32_l16-merkle-r1,b29ff65fcdcd675ee36c819b35cb1226e963a12dfa47e707001db8ed030e45bb,merkle,repair_dml_wire_ms,17.485
size-scaling-k75-c300-n1000000-f32-k75-c300-fanout_f32_l16-merkle-r1,b29ff65fcdcd675ee36c819b35cb1226e963a12dfa47e707001db8ed030e45bb,merkle,repair_commit_wire_ms,7.248
size-scaling-k75-c300-n1000000-f32-k75-c300-fanout_f32_l16-merkle-r1,b29ff65fcdcd675ee36c819b35cb1226e963a12dfa47e707001db8ed030e45bb,merkle,repair_begin_wire_ms,0.110
size-scaling-k75-c300-n1000000-f32-k75-c300-fanout_f32_l16-merkle-r1,b29ff65fcdcd675ee36c819b35cb1226e963a12dfa47e707001db8ed030e45bb,merkle,repair_transaction_block_ms,25.448
size-scaling-k75-c300-n1000000-f32-k75-c300-fanout_f32_l16-merkle-r1,b29ff65fcdcd675ee36c819b35cb1226e963a12dfa47e707001db8ed030e45bb,merkle,repair_write_ms,25.453
size-scaling-k75-c300-n1000000-f32-k75-c300-fanout_f32_l16-merkle-r1,b29ff65fcdcd675ee36c819b35cb1226e963a12dfa47e707001db8ed030e45bb,merkle,targeted_post_repair_confirmation_ms,3.302
size-scaling-k75-c300-n1000000-f32-k75-c300-fanout_f32_l16-merkle-r1,b29ff65fcdcd675ee36c819b35cb1226e963a12dfa47e707001db8ed030e45bb,merkle,recovery_observability_ms,0.001
size-scaling-k75-c300-n1000000-f32-k75-c300-fanout_f32_l16-merkle-r1,b29ff65fcdcd675ee36c819b35cb1226e963a12dfa47e707001db8ed030e45bb,merkle,recovery_orchestration_ms,2.213
size-scaling-k75-c300-n1000000-f32-k75-c300-fanout_f32_l16-merkle-r1,b29ff65fcdcd675ee36c819b35cb1226e963a12dfa47e707001db8ed030e45bb,merkle,merkle_total_ms,159.909
size-scaling-k75-c300-n1000000-f32-k75-c300-fanout_f32_l16-merkle-r2,b29ff65fcdcd675ee36c819b35cb1226e963a12dfa47e707001db8ed030e45bb,merkle,tree_localisation_ms,110.260
size-scaling-k75-c300-n1000000-f32-k75-c300-fanout_f32_l16-merkle-r2,b29ff65fcdcd675ee36c819b35cb1226e963a12dfa47e707001db8ed030e45bb,merkle,candidate_row_fetch_ms,17.166
size-scaling-k75-c300-n1000000-f32-k75-c300-fanout_f32_l16-merkle-r2,b29ff65fcdcd675ee36c819b35cb1226e963a12dfa47e707001db8ed030e45bb,merkle,row_comparison_ms,0.618
size-scaling-k75-c300-n1000000-f32-k75-c300-fanout_f32_l16-merkle-r2,b29ff65fcdcd675ee36c819b35cb1226e963a12dfa47e707001db8ed030e45bb,merkle,repair_sql_building_ms,0.573
size-scaling-k75-c300-n1000000-f32-k75-c300-fanout_f32_l16-merkle-r2,b29ff65fcdcd675ee36c819b35cb1226e963a12dfa47e707001db8ed030e45bb,merkle,repair_dml_wire_ms,17.300
size-scaling-k75-c300-n1000000-f32-k75-c300-fanout_f32_l16-merkle-r2,b29ff65fcdcd675ee36c819b35cb1226e963a12dfa47e707001db8ed030e45bb,merkle,repair_commit_wire_ms,7.225
size-scaling-k75-c300-n1000000-f32-k75-c300-fanout_f32_l16-merkle-r2,b29ff65fcdcd675ee36c819b35cb1226e963a12dfa47e707001db8ed030e45bb,merkle,repair_begin_wire_ms,0.119
size-scaling-k75-c300-n1000000-f32-k75-c300-fanout_f32_l16-merkle-r2,b29ff65fcdcd675ee36c819b35cb1226e963a12dfa47e707001db8ed030e45bb,merkle,repair_transaction_block_ms,25.271
size-scaling-k75-c300-n1000000-f32-k75-c300-fanout_f32_l16-merkle-r2,b29ff65fcdcd675ee36c819b35cb1226e963a12dfa47e707001db8ed030e45bb,merkle,repair_write_ms,25.275
size-scaling-k75-c300-n1000000-f32-k75-c300-fanout_f32_l16-merkle-r2,b29ff65fcdcd675ee36c819b35cb1226e963a12dfa47e707001db8ed030e45bb,merkle,targeted_post_repair_confirmation_ms,3.286
size-scaling-k75-c300-n1000000-f32-k75-c300-fanout_f32_l16-merkle-r2,b29ff65fcdcd675ee36c819b35cb1226e963a12dfa47e707001db8ed030e45bb,merkle,recovery_observability_ms,0.001
size-scaling-k75-c300-n1000000-f32-k75-c300-fanout_f32_l16-merkle-r2,b29ff65fcdcd675ee36c819b35cb1226e963a12dfa47e707001db8ed030e45bb,merkle,recovery_orchestration_ms,12.425
size-scaling-k75-c300-n1000000-f32-k75-c300-fanout_f32_l16-merkle-r2,b29ff65fcdcd675ee36c819b35cb1226e963a12dfa47e707001db8ed030e45bb,merkle,merkle_total_ms,172.708
size-scaling-k75-c300-n1000000-f32-k75-c300-fanout_f32_l16-merkle-r3,b29ff65fcdcd675ee36c819b35cb1226e963a12dfa47e707001db8ed030e45bb,merkle,tree_localisation_ms,110.154
size-scaling-k75-c300-n1000000-f32-k75-c300-fanout_f32_l16-merkle-r3,b29ff65fcdcd675ee36c819b35cb1226e963a12dfa47e707001db8ed030e45bb,merkle,candidate_row_fetch_ms,16.734
size-scaling-k75-c300-n1000000-f32-k75-c300-fanout_f32_l16-merkle-r3,b29ff65fcdcd675ee36c819b35cb1226e963a12dfa47e707001db8ed030e45bb,merkle,row_comparison_ms,0.632
size-scaling-k75-c300-n1000000-f32-k75-c300-fanout_f32_l16-merkle-r3,b29ff65fcdcd675ee36c819b35cb1226e963a12dfa47e707001db8ed030e45bb,merkle,repair_sql_building_ms,0.593
size-scaling-k75-c300-n1000000-f32-k75-c300-fanout_f32_l16-merkle-r3,b29ff65fcdcd675ee36c819b35cb1226e963a12dfa47e707001db8ed030e45bb,merkle,repair_dml_wire_ms,17.177
size-scaling-k75-c300-n1000000-f32-k75-c300-fanout_f32_l16-merkle-r3,b29ff65fcdcd675ee36c819b35cb1226e963a12dfa47e707001db8ed030e45bb,merkle,repair_commit_wire_ms,7.232
size-scaling-k75-c300-n1000000-f32-k75-c300-fanout_f32_l16-merkle-r3,b29ff65fcdcd675ee36c819b35cb1226e963a12dfa47e707001db8ed030e45bb,merkle,repair_begin_wire_ms,0.151
size-scaling-k75-c300-n1000000-f32-k75-c300-fanout_f32_l16-merkle-r3,b29ff65fcdcd675ee36c819b35cb1226e963a12dfa47e707001db8ed030e45bb,merkle,repair_transaction_block_ms,25.211
size-scaling-k75-c300-n1000000-f32-k75-c300-fanout_f32_l16-merkle-r3,b29ff65fcdcd675ee36c819b35cb1226e963a12dfa47e707001db8ed030e45bb,merkle,repair_write_ms,25.215
size-scaling-k75-c300-n1000000-f32-k75-c300-fanout_f32_l16-merkle-r3,b29ff65fcdcd675ee36c819b35cb1226e963a12dfa47e707001db8ed030e45bb,merkle,targeted_post_repair_confirmation_ms,3.265
size-scaling-k75-c300-n1000000-f32-k75-c300-fanout_f32_l16-merkle-r3,b29ff65fcdcd675ee36c819b35cb1226e963a12dfa47e707001db8ed030e45bb,merkle,recovery_observability_ms,0.001
size-scaling-k75-c300-n1000000-f32-k75-c300-fanout_f32_l16-merkle-r3,b29ff65fcdcd675ee36c819b35cb1226e963a12dfa47e707001db8ed030e45bb,merkle,recovery_orchestration_ms,2.228
size-scaling-k75-c300-n1000000-f32-k75-c300-fanout_f32_l16-merkle-r3,b29ff65fcdcd675ee36c819b35cb1226e963a12dfa47e707001db8ed030e45bb,merkle,merkle_total_ms,161.898
size-scaling-k75-c300-n1000000-f32-k75-c300-fanout_f32_l16-merkle-r4,b29ff65fcdcd675ee36c819b35cb1226e963a12dfa47e707001db8ed030e45bb,merkle,tree_localisation_ms,113.193
size-scaling-k75-c300-n1000000-f32-k75-c300-fanout_f32_l16-merkle-r4,b29ff65fcdcd675ee36c819b35cb1226e963a12dfa47e707001db8ed030e45bb,merkle,candidate_row_fetch_ms,18.185
size-scaling-k75-c300-n1000000-f32-k75-c300-fanout_f32_l16-merkle-r4,b29ff65fcdcd675ee36c819b35cb1226e963a12dfa47e707001db8ed030e45bb,merkle,row_comparison_ms,0.635
size-scaling-k75-c300-n1000000-f32-k75-c300-fanout_f32_l16-merkle-r4,b29ff65fcdcd675ee36c819b35cb1226e963a12dfa47e707001db8ed030e45bb,merkle,repair_sql_building_ms,0.577
size-scaling-k75-c300-n1000000-f32-k75-c300-fanout_f32_l16-merkle-r4,b29ff65fcdcd675ee36c819b35cb1226e963a12dfa47e707001db8ed030e45bb,merkle,repair_dml_wire_ms,17.010
size-scaling-k75-c300-n1000000-f32-k75-c300-fanout_f32_l16-merkle-r4,b29ff65fcdcd675ee36c819b35cb1226e963a12dfa47e707001db8ed030e45bb,merkle,repair_commit_wire_ms,7.157
size-scaling-k75-c300-n1000000-f32-k75-c300-fanout_f32_l16-merkle-r4,b29ff65fcdcd675ee36c819b35cb1226e963a12dfa47e707001db8ed030e45bb,merkle,repair_begin_wire_ms,0.152
size-scaling-k75-c300-n1000000-f32-k75-c300-fanout_f32_l16-merkle-r4,b29ff65fcdcd675ee36c819b35cb1226e963a12dfa47e707001db8ed030e45bb,merkle,repair_transaction_block_ms,24.950
size-scaling-k75-c300-n1000000-f32-k75-c300-fanout_f32_l16-merkle-r4,b29ff65fcdcd675ee36c819b35cb1226e963a12dfa47e707001db8ed030e45bb,merkle,repair_write_ms,24.954
size-scaling-k75-c300-n1000000-f32-k75-c300-fanout_f32_l16-merkle-r4,b29ff65fcdcd675ee36c819b35cb1226e963a12dfa47e707001db8ed030e45bb,merkle,targeted_post_repair_confirmation_ms,3.300
size-scaling-k75-c300-n1000000-f32-k75-c300-fanout_f32_l16-merkle-r4,b29ff65fcdcd675ee36c819b35cb1226e963a12dfa47e707001db8ed030e45bb,merkle,recovery_observability_ms,0.001
size-scaling-k75-c300-n1000000-f32-k75-c300-fanout_f32_l16-merkle-r4,b29ff65fcdcd675ee36c819b35cb1226e963a12dfa47e707001db8ed030e45bb,merkle,recovery_orchestration_ms,12.477
size-scaling-k75-c300-n1000000-f32-k75-c300-fanout_f32_l16-merkle-r4,b29ff65fcdcd675ee36c819b35cb1226e963a12dfa47e707001db8ed030e45bb,merkle,merkle_total_ms,176.433
size-scaling-k75-c300-n1000000-f32-k75-c300-fanout_f32_l16-merkle-r5,b29ff65fcdcd675ee36c819b35cb1226e963a12dfa47e707001db8ed030e45bb,merkle,tree_localisation_ms,109.227
size-scaling-k75-c300-n1000000-f32-k75-c300-fanout_f32_l16-merkle-r5,b29ff65fcdcd675ee36c819b35cb1226e963a12dfa47e707001db8ed030e45bb,merkle,candidate_row_fetch_ms,16.496
size-scaling-k75-c300-n1000000-f32-k75-c300-fanout_f32_l16-merkle-r5,b29ff65fcdcd675ee36c819b35cb1226e963a12dfa47e707001db8ed030e45bb,merkle,row_comparison_ms,0.635
size-scaling-k75-c300-n1000000-f32-k75-c300-fanout_f32_l16-merkle-r5,b29ff65fcdcd675ee36c819b35cb1226e963a12dfa47e707001db8ed030e45bb,merkle,repair_sql_building_ms,0.549
size-scaling-k75-c300-n1000000-f32-k75-c300-fanout_f32_l16-merkle-r5,b29ff65fcdcd675ee36c819b35cb1226e963a12dfa47e707001db8ed030e45bb,merkle,repair_dml_wire_ms,16.382
size-scaling-k75-c300-n1000000-f32-k75-c300-fanout_f32_l16-merkle-r5,b29ff65fcdcd675ee36c819b35cb1226e963a12dfa47e707001db8ed030e45bb,merkle,repair_commit_wire_ms,7.222
size-scaling-k75-c300-n1000000-f32-k75-c300-fanout_f32_l16-merkle-r5,b29ff65fcdcd675ee36c819b35cb1226e963a12dfa47e707001db8ed030e45bb,merkle,repair_begin_wire_ms,0.109
size-scaling-k75-c300-n1000000-f32-k75-c300-fanout_f32_l16-merkle-r5,b29ff65fcdcd675ee36c819b35cb1226e963a12dfa47e707001db8ed030e45bb,merkle,repair_transaction_block_ms,24.319
size-scaling-k75-c300-n1000000-f32-k75-c300-fanout_f32_l16-merkle-r5,b29ff65fcdcd675ee36c819b35cb1226e963a12dfa47e707001db8ed030e45bb,merkle,repair_write_ms,24.324
size-scaling-k75-c300-n1000000-f32-k75-c300-fanout_f32_l16-merkle-r5,b29ff65fcdcd675ee36c819b35cb1226e963a12dfa47e707001db8ed030e45bb,merkle,targeted_post_repair_confirmation_ms,3.309
size-scaling-k75-c300-n1000000-f32-k75-c300-fanout_f32_l16-merkle-r5,b29ff65fcdcd675ee36c819b35cb1226e963a12dfa47e707001db8ed030e45bb,merkle,recovery_observability_ms,0.001
size-scaling-k75-c300-n1000000-f32-k75-c300-fanout_f32_l16-merkle-r5,b29ff65fcdcd675ee36c819b35cb1226e963a12dfa47e707001db8ed030e45bb,merkle,recovery_orchestration_ms,2.205
size-scaling-k75-c300-n1000000-f32-k75-c300-fanout_f32_l16-merkle-r5,b29ff65fcdcd675ee36c819b35cb1226e963a12dfa47e707001db8ed030e45bb,merkle,merkle_total_ms,159.856
size-scaling-k75-c300-n1000000-f32-k75-c300-fanout_f32_l16-merkle-r6,b29ff65fcdcd675ee36c819b35cb1226e963a12dfa47e707001db8ed030e45bb,merkle,tree_localisation_ms,109.246
size-scaling-k75-c300-n1000000-f32-k75-c300-fanout_f32_l16-merkle-r6,b29ff65fcdcd675ee36c819b35cb1226e963a12dfa47e707001db8ed030e45bb,merkle,candidate_row_fetch_ms,17.872
size-scaling-k75-c300-n1000000-f32-k75-c300-fanout_f32_l16-merkle-r6,b29ff65fcdcd675ee36c819b35cb1226e963a12dfa47e707001db8ed030e45bb,merkle,row_comparison_ms,0.638
size-scaling-k75-c300-n1000000-f32-k75-c300-fanout_f32_l16-merkle-r6,b29ff65fcdcd675ee36c819b35cb1226e963a12dfa47e707001db8ed030e45bb,merkle,repair_sql_building_ms,0.538
size-scaling-k75-c300-n1000000-f32-k75-c300-fanout_f32_l16-merkle-r6,b29ff65fcdcd675ee36c819b35cb1226e963a12dfa47e707001db8ed030e45bb,merkle,repair_dml_wire_ms,16.270
size-scaling-k75-c300-n1000000-f32-k75-c300-fanout_f32_l16-merkle-r6,b29ff65fcdcd675ee36c819b35cb1226e963a12dfa47e707001db8ed030e45bb,merkle,repair_commit_wire_ms,7.186
size-scaling-k75-c300-n1000000-f32-k75-c300-fanout_f32_l16-merkle-r6,b29ff65fcdcd675ee36c819b35cb1226e963a12dfa47e707001db8ed030e45bb,merkle,repair_begin_wire_ms,0.111
size-scaling-k75-c300-n1000000-f32-k75-c300-fanout_f32_l16-merkle-r6,b29ff65fcdcd675ee36c819b35cb1226e963a12dfa47e707001db8ed030e45bb,merkle,repair_transaction_block_ms,24.161
size-scaling-k75-c300-n1000000-f32-k75-c300-fanout_f32_l16-merkle-r6,b29ff65fcdcd675ee36c819b35cb1226e963a12dfa47e707001db8ed030e45bb,merkle,repair_write_ms,24.166
size-scaling-k75-c300-n1000000-f32-k75-c300-fanout_f32_l16-merkle-r6,b29ff65fcdcd675ee36c819b35cb1226e963a12dfa47e707001db8ed030e45bb,merkle,targeted_post_repair_confirmation_ms,3.297
size-scaling-k75-c300-n1000000-f32-k75-c300-fanout_f32_l16-merkle-r6,b29ff65fcdcd675ee36c819b35cb1226e963a12dfa47e707001db8ed030e45bb,merkle,recovery_observability_ms,0.001
size-scaling-k75-c300-n1000000-f32-k75-c300-fanout_f32_l16-merkle-r6,b29ff65fcdcd675ee36c819b35cb1226e963a12dfa47e707001db8ed030e45bb,merkle,recovery_orchestration_ms,12.394
size-scaling-k75-c300-n1000000-f32-k75-c300-fanout_f32_l16-merkle-r6,b29ff65fcdcd675ee36c819b35cb1226e963a12dfa47e707001db8ed030e45bb,merkle,merkle_total_ms,171.324
size-scaling-k75-c300-n1000000-f32-k75-c300-fanout_f32_l16-merkle-r7,b29ff65fcdcd675ee36c819b35cb1226e963a12dfa47e707001db8ed030e45bb,merkle,tree_localisation_ms,108.826
size-scaling-k75-c300-n1000000-f32-k75-c300-fanout_f32_l16-merkle-r7,b29ff65fcdcd675ee36c819b35cb1226e963a12dfa47e707001db8ed030e45bb,merkle,candidate_row_fetch_ms,17.994
size-scaling-k75-c300-n1000000-f32-k75-c300-fanout_f32_l16-merkle-r7,b29ff65fcdcd675ee36c819b35cb1226e963a12dfa47e707001db8ed030e45bb,merkle,row_comparison_ms,0.644
size-scaling-k75-c300-n1000000-f32-k75-c300-fanout_f32_l16-merkle-r7,b29ff65fcdcd675ee36c819b35cb1226e963a12dfa47e707001db8ed030e45bb,merkle,repair_sql_building_ms,0.537
size-scaling-k75-c300-n1000000-f32-k75-c300-fanout_f32_l16-merkle-r7,b29ff65fcdcd675ee36c819b35cb1226e963a12dfa47e707001db8ed030e45bb,merkle,repair_dml_wire_ms,16.300
size-scaling-k75-c300-n1000000-f32-k75-c300-fanout_f32_l16-merkle-r7,b29ff65fcdcd675ee36c819b35cb1226e963a12dfa47e707001db8ed030e45bb,merkle,repair_commit_wire_ms,7.253
size-scaling-k75-c300-n1000000-f32-k75-c300-fanout_f32_l16-merkle-r7,b29ff65fcdcd675ee36c819b35cb1226e963a12dfa47e707001db8ed030e45bb,merkle,repair_begin_wire_ms,0.111
size-scaling-k75-c300-n1000000-f32-k75-c300-fanout_f32_l16-merkle-r7,b29ff65fcdcd675ee36c819b35cb1226e963a12dfa47e707001db8ed030e45bb,merkle,repair_transaction_block_ms,24.254
size-scaling-k75-c300-n1000000-f32-k75-c300-fanout_f32_l16-merkle-r7,b29ff65fcdcd675ee36c819b35cb1226e963a12dfa47e707001db8ed030e45bb,merkle,repair_write_ms,24.258
size-scaling-k75-c300-n1000000-f32-k75-c300-fanout_f32_l16-merkle-r7,b29ff65fcdcd675ee36c819b35cb1226e963a12dfa47e707001db8ed030e45bb,merkle,targeted_post_repair_confirmation_ms,3.302
size-scaling-k75-c300-n1000000-f32-k75-c300-fanout_f32_l16-merkle-r7,b29ff65fcdcd675ee36c819b35cb1226e963a12dfa47e707001db8ed030e45bb,merkle,recovery_observability_ms,0.001
size-scaling-k75-c300-n1000000-f32-k75-c300-fanout_f32_l16-merkle-r7,b29ff65fcdcd675ee36c819b35cb1226e963a12dfa47e707001db8ed030e45bb,merkle,recovery_orchestration_ms,2.225
size-scaling-k75-c300-n1000000-f32-k75-c300-fanout_f32_l16-merkle-r7,b29ff65fcdcd675ee36c819b35cb1226e963a12dfa47e707001db8ed030e45bb,merkle,merkle_total_ms,160.885
size-scaling-k75-c300-n1000000-f32-k75-c300-fanout_f32_l16-merkle-r8,b29ff65fcdcd675ee36c819b35cb1226e963a12dfa47e707001db8ed030e45bb,merkle,tree_localisation_ms,112.777
size-scaling-k75-c300-n1000000-f32-k75-c300-fanout_f32_l16-merkle-r8,b29ff65fcdcd675ee36c819b35cb1226e963a12dfa47e707001db8ed030e45bb,merkle,candidate_row_fetch_ms,18.041
size-scaling-k75-c300-n1000000-f32-k75-c300-fanout_f32_l16-merkle-r8,b29ff65fcdcd675ee36c819b35cb1226e963a12dfa47e707001db8ed030e45bb,merkle,row_comparison_ms,0.636
size-scaling-k75-c300-n1000000-f32-k75-c300-fanout_f32_l16-merkle-r8,b29ff65fcdcd675ee36c819b35cb1226e963a12dfa47e707001db8ed030e45bb,merkle,repair_sql_building_ms,0.566
size-scaling-k75-c300-n1000000-f32-k75-c300-fanout_f32_l16-merkle-r8,b29ff65fcdcd675ee36c819b35cb1226e963a12dfa47e707001db8ed030e45bb,merkle,repair_dml_wire_ms,25.453
size-scaling-k75-c300-n1000000-f32-k75-c300-fanout_f32_l16-merkle-r8,b29ff65fcdcd675ee36c819b35cb1226e963a12dfa47e707001db8ed030e45bb,merkle,repair_commit_wire_ms,7.901
size-scaling-k75-c300-n1000000-f32-k75-c300-fanout_f32_l16-merkle-r8,b29ff65fcdcd675ee36c819b35cb1226e963a12dfa47e707001db8ed030e45bb,merkle,repair_begin_wire_ms,0.116
size-scaling-k75-c300-n1000000-f32-k75-c300-fanout_f32_l16-merkle-r8,b29ff65fcdcd675ee36c819b35cb1226e963a12dfa47e707001db8ed030e45bb,merkle,repair_transaction_block_ms,34.087
size-scaling-k75-c300-n1000000-f32-k75-c300-fanout_f32_l16-merkle-r8,b29ff65fcdcd675ee36c819b35cb1226e963a12dfa47e707001db8ed030e45bb,merkle,repair_write_ms,34.091
size-scaling-k75-c300-n1000000-f32-k75-c300-fanout_f32_l16-merkle-r8,b29ff65fcdcd675ee36c819b35cb1226e963a12dfa47e707001db8ed030e45bb,merkle,targeted_post_repair_confirmation_ms,3.384
size-scaling-k75-c300-n1000000-f32-k75-c300-fanout_f32_l16-merkle-r8,b29ff65fcdcd675ee36c819b35cb1226e963a12dfa47e707001db8ed030e45bb,merkle,recovery_observability_ms,0.001
size-scaling-k75-c300-n1000000-f32-k75-c300-fanout_f32_l16-merkle-r8,b29ff65fcdcd675ee36c819b35cb1226e963a12dfa47e707001db8ed030e45bb,merkle,recovery_orchestration_ms,12.423
size-scaling-k75-c300-n1000000-f32-k75-c300-fanout_f32_l16-merkle-r8,b29ff65fcdcd675ee36c819b35cb1226e963a12dfa47e707001db8ed030e45bb,merkle,merkle_total_ms,184.983
size-scaling-k75-c300-n1000000-f32-k75-c300-fanout_f32_l16-merkle-r9,b29ff65fcdcd675ee36c819b35cb1226e963a12dfa47e707001db8ed030e45bb,merkle,tree_localisation_ms,111.945
size-scaling-k75-c300-n1000000-f32-k75-c300-fanout_f32_l16-merkle-r9,b29ff65fcdcd675ee36c819b35cb1226e963a12dfa47e707001db8ed030e45bb,merkle,candidate_row_fetch_ms,18.448
size-scaling-k75-c300-n1000000-f32-k75-c300-fanout_f32_l16-merkle-r9,b29ff65fcdcd675ee36c819b35cb1226e963a12dfa47e707001db8ed030e45bb,merkle,row_comparison_ms,0.633
size-scaling-k75-c300-n1000000-f32-k75-c300-fanout_f32_l16-merkle-r9,b29ff65fcdcd675ee36c819b35cb1226e963a12dfa47e707001db8ed030e45bb,merkle,repair_sql_building_ms,0.567
size-scaling-k75-c300-n1000000-f32-k75-c300-fanout_f32_l16-merkle-r9,b29ff65fcdcd675ee36c819b35cb1226e963a12dfa47e707001db8ed030e45bb,merkle,repair_dml_wire_ms,16.266
size-scaling-k75-c300-n1000000-f32-k75-c300-fanout_f32_l16-merkle-r9,b29ff65fcdcd675ee36c819b35cb1226e963a12dfa47e707001db8ed030e45bb,merkle,repair_commit_wire_ms,7.237
size-scaling-k75-c300-n1000000-f32-k75-c300-fanout_f32_l16-merkle-r9,b29ff65fcdcd675ee36c819b35cb1226e963a12dfa47e707001db8ed030e45bb,merkle,repair_begin_wire_ms,0.112
size-scaling-k75-c300-n1000000-f32-k75-c300-fanout_f32_l16-merkle-r9,b29ff65fcdcd675ee36c819b35cb1226e963a12dfa47e707001db8ed030e45bb,merkle,repair_transaction_block_ms,24.235
size-scaling-k75-c300-n1000000-f32-k75-c300-fanout_f32_l16-merkle-r9,b29ff65fcdcd675ee36c819b35cb1226e963a12dfa47e707001db8ed030e45bb,merkle,repair_write_ms,24.239
size-scaling-k75-c300-n1000000-f32-k75-c300-fanout_f32_l16-merkle-r9,b29ff65fcdcd675ee36c819b35cb1226e963a12dfa47e707001db8ed030e45bb,merkle,targeted_post_repair_confirmation_ms,3.323
size-scaling-k75-c300-n1000000-f32-k75-c300-fanout_f32_l16-merkle-r9,b29ff65fcdcd675ee36c819b35cb1226e963a12dfa47e707001db8ed030e45bb,merkle,recovery_observability_ms,0.001
size-scaling-k75-c300-n1000000-f32-k75-c300-fanout_f32_l16-merkle-r9,b29ff65fcdcd675ee36c819b35cb1226e963a12dfa47e707001db8ed030e45bb,merkle,recovery_orchestration_ms,2.326
size-scaling-k75-c300-n1000000-f32-k75-c300-fanout_f32_l16-merkle-r9,b29ff65fcdcd675ee36c819b35cb1226e963a12dfa47e707001db8ed030e45bb,merkle,merkle_total_ms,164.543
size-scaling-k75-c300-n3000000-f32-k75-c300-fanout_f32_l16-merkle-r0,475ca8a663943181efecf2b23444f1c1bb456fd43f0456a15598c4db0b9fed99,merkle,tree_localisation_ms,55.984
size-scaling-k75-c300-n3000000-f32-k75-c300-fanout_f32_l16-merkle-r0,475ca8a663943181efecf2b23444f1c1bb456fd43f0456a15598c4db0b9fed99,merkle,candidate_row_fetch_ms,14.372
size-scaling-k75-c300-n3000000-f32-k75-c300-fanout_f32_l16-merkle-r0,475ca8a663943181efecf2b23444f1c1bb456fd43f0456a15598c4db0b9fed99,merkle,row_comparison_ms,0.563
size-scaling-k75-c300-n3000000-f32-k75-c300-fanout_f32_l16-merkle-r0,475ca8a663943181efecf2b23444f1c1bb456fd43f0456a15598c4db0b9fed99,merkle,repair_sql_building_ms,0.228
size-scaling-k75-c300-n3000000-f32-k75-c300-fanout_f32_l16-merkle-r0,475ca8a663943181efecf2b23444f1c1bb456fd43f0456a15598c4db0b9fed99,merkle,repair_dml_wire_ms,13.484
size-scaling-k75-c300-n3000000-f32-k75-c300-fanout_f32_l16-merkle-r0,475ca8a663943181efecf2b23444f1c1bb456fd43f0456a15598c4db0b9fed99,merkle,repair_commit_wire_ms,1.727
size-scaling-k75-c300-n3000000-f32-k75-c300-fanout_f32_l16-merkle-r0,475ca8a663943181efecf2b23444f1c1bb456fd43f0456a15598c4db0b9fed99,merkle,repair_begin_wire_ms,0.055
size-scaling-k75-c300-n3000000-f32-k75-c300-fanout_f32_l16-merkle-r0,475ca8a663943181efecf2b23444f1c1bb456fd43f0456a15598c4db0b9fed99,merkle,repair_transaction_block_ms,15.518
size-scaling-k75-c300-n3000000-f32-k75-c300-fanout_f32_l16-merkle-r0,475ca8a663943181efecf2b23444f1c1bb456fd43f0456a15598c4db0b9fed99,merkle,repair_write_ms,15.520
size-scaling-k75-c300-n3000000-f32-k75-c300-fanout_f32_l16-merkle-r0,475ca8a663943181efecf2b23444f1c1bb456fd43f0456a15598c4db0b9fed99,merkle,targeted_post_repair_confirmation_ms,1.571
size-scaling-k75-c300-n3000000-f32-k75-c300-fanout_f32_l16-merkle-r0,475ca8a663943181efecf2b23444f1c1bb456fd43f0456a15598c4db0b9fed99,merkle,recovery_observability_ms,0.001
size-scaling-k75-c300-n3000000-f32-k75-c300-fanout_f32_l16-merkle-r0,475ca8a663943181efecf2b23444f1c1bb456fd43f0456a15598c4db0b9fed99,merkle,recovery_orchestration_ms,1.051
size-scaling-k75-c300-n3000000-f32-k75-c300-fanout_f32_l16-merkle-r0,475ca8a663943181efecf2b23444f1c1bb456fd43f0456a15598c4db0b9fed99,merkle,merkle_total_ms,101.208
size-scaling-k75-c300-n3000000-f32-k75-c300-fanout_f32_l16-merkle-r1,475ca8a663943181efecf2b23444f1c1bb456fd43f0456a15598c4db0b9fed99,merkle,tree_localisation_ms,56.529
size-scaling-k75-c300-n3000000-f32-k75-c300-fanout_f32_l16-merkle-r1,475ca8a663943181efecf2b23444f1c1bb456fd43f0456a15598c4db0b9fed99,merkle,candidate_row_fetch_ms,14.713
size-scaling-k75-c300-n3000000-f32-k75-c300-fanout_f32_l16-merkle-r1,475ca8a663943181efecf2b23444f1c1bb456fd43f0456a15598c4db0b9fed99,merkle,row_comparison_ms,0.555
size-scaling-k75-c300-n3000000-f32-k75-c300-fanout_f32_l16-merkle-r1,475ca8a663943181efecf2b23444f1c1bb456fd43f0456a15598c4db0b9fed99,merkle,repair_sql_building_ms,0.231
size-scaling-k75-c300-n3000000-f32-k75-c300-fanout_f32_l16-merkle-r1,475ca8a663943181efecf2b23444f1c1bb456fd43f0456a15598c4db0b9fed99,merkle,repair_dml_wire_ms,7.430
size-scaling-k75-c300-n3000000-f32-k75-c300-fanout_f32_l16-merkle-r1,475ca8a663943181efecf2b23444f1c1bb456fd43f0456a15598c4db0b9fed99,merkle,repair_commit_wire_ms,1.665
size-scaling-k75-c300-n3000000-f32-k75-c300-fanout_f32_l16-merkle-r1,475ca8a663943181efecf2b23444f1c1bb456fd43f0456a15598c4db0b9fed99,merkle,repair_begin_wire_ms,0.053
size-scaling-k75-c300-n3000000-f32-k75-c300-fanout_f32_l16-merkle-r1,475ca8a663943181efecf2b23444f1c1bb456fd43f0456a15598c4db0b9fed99,merkle,repair_transaction_block_ms,9.403
size-scaling-k75-c300-n3000000-f32-k75-c300-fanout_f32_l16-merkle-r1,475ca8a663943181efecf2b23444f1c1bb456fd43f0456a15598c4db0b9fed99,merkle,repair_write_ms,9.404
size-scaling-k75-c300-n3000000-f32-k75-c300-fanout_f32_l16-merkle-r1,475ca8a663943181efecf2b23444f1c1bb456fd43f0456a15598c4db0b9fed99,merkle,targeted_post_repair_confirmation_ms,1.512
size-scaling-k75-c300-n3000000-f32-k75-c300-fanout_f32_l16-merkle-r1,475ca8a663943181efecf2b23444f1c1bb456fd43f0456a15598c4db0b9fed99,merkle,recovery_observability_ms,0.001
size-scaling-k75-c300-n3000000-f32-k75-c300-fanout_f32_l16-merkle-r1,475ca8a663943181efecf2b23444f1c1bb456fd43f0456a15598c4db0b9fed99,merkle,recovery_orchestration_ms,1.045
size-scaling-k75-c300-n3000000-f32-k75-c300-fanout_f32_l16-merkle-r1,475ca8a663943181efecf2b23444f1c1bb456fd43f0456a15598c4db0b9fed99,merkle,merkle_total_ms,85.331
size-scaling-k75-c300-n3000000-f32-k75-c300-fanout_f32_l16-merkle-r2,475ca8a663943181efecf2b23444f1c1bb456fd43f0456a15598c4db0b9fed99,merkle,tree_localisation_ms,56.167
size-scaling-k75-c300-n3000000-f32-k75-c300-fanout_f32_l16-merkle-r2,475ca8a663943181efecf2b23444f1c1bb456fd43f0456a15598c4db0b9fed99,merkle,candidate_row_fetch_ms,14.552
size-scaling-k75-c300-n3000000-f32-k75-c300-fanout_f32_l16-merkle-r2,475ca8a663943181efecf2b23444f1c1bb456fd43f0456a15598c4db0b9fed99,merkle,row_comparison_ms,0.562
size-scaling-k75-c300-n3000000-f32-k75-c300-fanout_f32_l16-merkle-r2,475ca8a663943181efecf2b23444f1c1bb456fd43f0456a15598c4db0b9fed99,merkle,repair_sql_building_ms,0.235
size-scaling-k75-c300-n3000000-f32-k75-c300-fanout_f32_l16-merkle-r2,475ca8a663943181efecf2b23444f1c1bb456fd43f0456a15598c4db0b9fed99,merkle,repair_dml_wire_ms,7.360
size-scaling-k75-c300-n3000000-f32-k75-c300-fanout_f32_l16-merkle-r2,475ca8a663943181efecf2b23444f1c1bb456fd43f0456a15598c4db0b9fed99,merkle,repair_commit_wire_ms,1.649
size-scaling-k75-c300-n3000000-f32-k75-c300-fanout_f32_l16-merkle-r2,475ca8a663943181efecf2b23444f1c1bb456fd43f0456a15598c4db0b9fed99,merkle,repair_begin_wire_ms,0.059
size-scaling-k75-c300-n3000000-f32-k75-c300-fanout_f32_l16-merkle-r2,475ca8a663943181efecf2b23444f1c1bb456fd43f0456a15598c4db0b9fed99,merkle,repair_transaction_block_ms,9.327
size-scaling-k75-c300-n3000000-f32-k75-c300-fanout_f32_l16-merkle-r2,475ca8a663943181efecf2b23444f1c1bb456fd43f0456a15598c4db0b9fed99,merkle,repair_write_ms,9.329
size-scaling-k75-c300-n3000000-f32-k75-c300-fanout_f32_l16-merkle-r2,475ca8a663943181efecf2b23444f1c1bb456fd43f0456a15598c4db0b9fed99,merkle,targeted_post_repair_confirmation_ms,1.503
size-scaling-k75-c300-n3000000-f32-k75-c300-fanout_f32_l16-merkle-r2,475ca8a663943181efecf2b23444f1c1bb456fd43f0456a15598c4db0b9fed99,merkle,recovery_observability_ms,0.001
size-scaling-k75-c300-n3000000-f32-k75-c300-fanout_f32_l16-merkle-r2,475ca8a663943181efecf2b23444f1c1bb456fd43f0456a15598c4db0b9fed99,merkle,recovery_orchestration_ms,1.041
size-scaling-k75-c300-n3000000-f32-k75-c300-fanout_f32_l16-merkle-r2,475ca8a663943181efecf2b23444f1c1bb456fd43f0456a15598c4db0b9fed99,merkle,merkle_total_ms,84.701
size-scaling-k75-c300-n3000000-f32-k75-c300-fanout_f32_l16-merkle-r3,475ca8a663943181efecf2b23444f1c1bb456fd43f0456a15598c4db0b9fed99,merkle,tree_localisation_ms,56.545
size-scaling-k75-c300-n3000000-f32-k75-c300-fanout_f32_l16-merkle-r3,475ca8a663943181efecf2b23444f1c1bb456fd43f0456a15598c4db0b9fed99,merkle,candidate_row_fetch_ms,14.703
size-scaling-k75-c300-n3000000-f32-k75-c300-fanout_f32_l16-merkle-r3,475ca8a663943181efecf2b23444f1c1bb456fd43f0456a15598c4db0b9fed99,merkle,row_comparison_ms,0.566
size-scaling-k75-c300-n3000000-f32-k75-c300-fanout_f32_l16-merkle-r3,475ca8a663943181efecf2b23444f1c1bb456fd43f0456a15598c4db0b9fed99,merkle,repair_sql_building_ms,0.241
size-scaling-k75-c300-n3000000-f32-k75-c300-fanout_f32_l16-merkle-r3,475ca8a663943181efecf2b23444f1c1bb456fd43f0456a15598c4db0b9fed99,merkle,repair_dml_wire_ms,7.420
size-scaling-k75-c300-n3000000-f32-k75-c300-fanout_f32_l16-merkle-r3,475ca8a663943181efecf2b23444f1c1bb456fd43f0456a15598c4db0b9fed99,merkle,repair_commit_wire_ms,1.670
size-scaling-k75-c300-n3000000-f32-k75-c300-fanout_f32_l16-merkle-r3,475ca8a663943181efecf2b23444f1c1bb456fd43f0456a15598c4db0b9fed99,merkle,repair_begin_wire_ms,0.053
size-scaling-k75-c300-n3000000-f32-k75-c300-fanout_f32_l16-merkle-r3,475ca8a663943181efecf2b23444f1c1bb456fd43f0456a15598c4db0b9fed99,merkle,repair_transaction_block_ms,9.407
size-scaling-k75-c300-n3000000-f32-k75-c300-fanout_f32_l16-merkle-r3,475ca8a663943181efecf2b23444f1c1bb456fd43f0456a15598c4db0b9fed99,merkle,repair_write_ms,9.409
size-scaling-k75-c300-n3000000-f32-k75-c300-fanout_f32_l16-merkle-r3,475ca8a663943181efecf2b23444f1c1bb456fd43f0456a15598c4db0b9fed99,merkle,targeted_post_repair_confirmation_ms,1.514
size-scaling-k75-c300-n3000000-f32-k75-c300-fanout_f32_l16-merkle-r3,475ca8a663943181efecf2b23444f1c1bb456fd43f0456a15598c4db0b9fed99,merkle,recovery_observability_ms,0.001
size-scaling-k75-c300-n3000000-f32-k75-c300-fanout_f32_l16-merkle-r3,475ca8a663943181efecf2b23444f1c1bb456fd43f0456a15598c4db0b9fed99,merkle,recovery_orchestration_ms,1.049
size-scaling-k75-c300-n3000000-f32-k75-c300-fanout_f32_l16-merkle-r3,475ca8a663943181efecf2b23444f1c1bb456fd43f0456a15598c4db0b9fed99,merkle,merkle_total_ms,85.369
size-scaling-k75-c300-n3000000-f32-k75-c300-fanout_f32_l16-merkle-r4,475ca8a663943181efecf2b23444f1c1bb456fd43f0456a15598c4db0b9fed99,merkle,tree_localisation_ms,55.959
size-scaling-k75-c300-n3000000-f32-k75-c300-fanout_f32_l16-merkle-r4,475ca8a663943181efecf2b23444f1c1bb456fd43f0456a15598c4db0b9fed99,merkle,candidate_row_fetch_ms,14.651
size-scaling-k75-c300-n3000000-f32-k75-c300-fanout_f32_l16-merkle-r4,475ca8a663943181efecf2b23444f1c1bb456fd43f0456a15598c4db0b9fed99,merkle,row_comparison_ms,0.559
size-scaling-k75-c300-n3000000-f32-k75-c300-fanout_f32_l16-merkle-r4,475ca8a663943181efecf2b23444f1c1bb456fd43f0456a15598c4db0b9fed99,merkle,repair_sql_building_ms,0.231
size-scaling-k75-c300-n3000000-f32-k75-c300-fanout_f32_l16-merkle-r4,475ca8a663943181efecf2b23444f1c1bb456fd43f0456a15598c4db0b9fed99,merkle,repair_dml_wire_ms,7.187
size-scaling-k75-c300-n3000000-f32-k75-c300-fanout_f32_l16-merkle-r4,475ca8a663943181efecf2b23444f1c1bb456fd43f0456a15598c4db0b9fed99,merkle,repair_commit_wire_ms,1.644
size-scaling-k75-c300-n3000000-f32-k75-c300-fanout_f32_l16-merkle-r4,475ca8a663943181efecf2b23444f1c1bb456fd43f0456a15598c4db0b9fed99,merkle,repair_begin_wire_ms,0.054
size-scaling-k75-c300-n3000000-f32-k75-c300-fanout_f32_l16-merkle-r4,475ca8a663943181efecf2b23444f1c1bb456fd43f0456a15598c4db0b9fed99,merkle,repair_transaction_block_ms,9.141
size-scaling-k75-c300-n3000000-f32-k75-c300-fanout_f32_l16-merkle-r4,475ca8a663943181efecf2b23444f1c1bb456fd43f0456a15598c4db0b9fed99,merkle,repair_write_ms,9.143
size-scaling-k75-c300-n3000000-f32-k75-c300-fanout_f32_l16-merkle-r4,475ca8a663943181efecf2b23444f1c1bb456fd43f0456a15598c4db0b9fed99,merkle,targeted_post_repair_confirmation_ms,1.523
size-scaling-k75-c300-n3000000-f32-k75-c300-fanout_f32_l16-merkle-r4,475ca8a663943181efecf2b23444f1c1bb456fd43f0456a15598c4db0b9fed99,merkle,recovery_observability_ms,0.001
size-scaling-k75-c300-n3000000-f32-k75-c300-fanout_f32_l16-merkle-r4,475ca8a663943181efecf2b23444f1c1bb456fd43f0456a15598c4db0b9fed99,merkle,recovery_orchestration_ms,1.038
size-scaling-k75-c300-n3000000-f32-k75-c300-fanout_f32_l16-merkle-r4,475ca8a663943181efecf2b23444f1c1bb456fd43f0456a15598c4db0b9fed99,merkle,merkle_total_ms,94.594
size-scaling-k75-c300-n3000000-f32-k75-c300-fanout_f32_l16-merkle-r5,475ca8a663943181efecf2b23444f1c1bb456fd43f0456a15598c4db0b9fed99,merkle,tree_localisation_ms,56.197
size-scaling-k75-c300-n3000000-f32-k75-c300-fanout_f32_l16-merkle-r5,475ca8a663943181efecf2b23444f1c1bb456fd43f0456a15598c4db0b9fed99,merkle,candidate_row_fetch_ms,14.862
size-scaling-k75-c300-n3000000-f32-k75-c300-fanout_f32_l16-merkle-r5,475ca8a663943181efecf2b23444f1c1bb456fd43f0456a15598c4db0b9fed99,merkle,row_comparison_ms,0.590
size-scaling-k75-c300-n3000000-f32-k75-c300-fanout_f32_l16-merkle-r5,475ca8a663943181efecf2b23444f1c1bb456fd43f0456a15598c4db0b9fed99,merkle,repair_sql_building_ms,0.232
size-scaling-k75-c300-n3000000-f32-k75-c300-fanout_f32_l16-merkle-r5,475ca8a663943181efecf2b23444f1c1bb456fd43f0456a15598c4db0b9fed99,merkle,repair_dml_wire_ms,6.912
size-scaling-k75-c300-n3000000-f32-k75-c300-fanout_f32_l16-merkle-r5,475ca8a663943181efecf2b23444f1c1bb456fd43f0456a15598c4db0b9fed99,merkle,repair_commit_wire_ms,1.655
size-scaling-k75-c300-n3000000-f32-k75-c300-fanout_f32_l16-merkle-r5,475ca8a663943181efecf2b23444f1c1bb456fd43f0456a15598c4db0b9fed99,merkle,repair_begin_wire_ms,0.052
size-scaling-k75-c300-n3000000-f32-k75-c300-fanout_f32_l16-merkle-r5,475ca8a663943181efecf2b23444f1c1bb456fd43f0456a15598c4db0b9fed99,merkle,repair_transaction_block_ms,8.874
size-scaling-k75-c300-n3000000-f32-k75-c300-fanout_f32_l16-merkle-r5,475ca8a663943181efecf2b23444f1c1bb456fd43f0456a15598c4db0b9fed99,merkle,repair_write_ms,8.876
size-scaling-k75-c300-n3000000-f32-k75-c300-fanout_f32_l16-merkle-r5,475ca8a663943181efecf2b23444f1c1bb456fd43f0456a15598c4db0b9fed99,merkle,targeted_post_repair_confirmation_ms,1.505
size-scaling-k75-c300-n3000000-f32-k75-c300-fanout_f32_l16-merkle-r5,475ca8a663943181efecf2b23444f1c1bb456fd43f0456a15598c4db0b9fed99,merkle,recovery_observability_ms,0.000
size-scaling-k75-c300-n3000000-f32-k75-c300-fanout_f32_l16-merkle-r5,475ca8a663943181efecf2b23444f1c1bb456fd43f0456a15598c4db0b9fed99,merkle,recovery_orchestration_ms,1.033
size-scaling-k75-c300-n3000000-f32-k75-c300-fanout_f32_l16-merkle-r5,475ca8a663943181efecf2b23444f1c1bb456fd43f0456a15598c4db0b9fed99,merkle,merkle_total_ms,84.616
size-scaling-k75-c300-n3000000-f32-k75-c300-fanout_f32_l16-merkle-r6,475ca8a663943181efecf2b23444f1c1bb456fd43f0456a15598c4db0b9fed99,merkle,tree_localisation_ms,55.851
size-scaling-k75-c300-n3000000-f32-k75-c300-fanout_f32_l16-merkle-r6,475ca8a663943181efecf2b23444f1c1bb456fd43f0456a15598c4db0b9fed99,merkle,candidate_row_fetch_ms,14.841
size-scaling-k75-c300-n3000000-f32-k75-c300-fanout_f32_l16-merkle-r6,475ca8a663943181efecf2b23444f1c1bb456fd43f0456a15598c4db0b9fed99,merkle,row_comparison_ms,0.551
size-scaling-k75-c300-n3000000-f32-k75-c300-fanout_f32_l16-merkle-r6,475ca8a663943181efecf2b23444f1c1bb456fd43f0456a15598c4db0b9fed99,merkle,repair_sql_building_ms,0.240
size-scaling-k75-c300-n3000000-f32-k75-c300-fanout_f32_l16-merkle-r6,475ca8a663943181efecf2b23444f1c1bb456fd43f0456a15598c4db0b9fed99,merkle,repair_dml_wire_ms,6.791
size-scaling-k75-c300-n3000000-f32-k75-c300-fanout_f32_l16-merkle-r6,475ca8a663943181efecf2b23444f1c1bb456fd43f0456a15598c4db0b9fed99,merkle,repair_commit_wire_ms,1.640
size-scaling-k75-c300-n3000000-f32-k75-c300-fanout_f32_l16-merkle-r6,475ca8a663943181efecf2b23444f1c1bb456fd43f0456a15598c4db0b9fed99,merkle,repair_begin_wire_ms,0.051
size-scaling-k75-c300-n3000000-f32-k75-c300-fanout_f32_l16-merkle-r6,475ca8a663943181efecf2b23444f1c1bb456fd43f0456a15598c4db0b9fed99,merkle,repair_transaction_block_ms,8.746
size-scaling-k75-c300-n3000000-f32-k75-c300-fanout_f32_l16-merkle-r6,475ca8a663943181efecf2b23444f1c1bb456fd43f0456a15598c4db0b9fed99,merkle,repair_write_ms,8.748
size-scaling-k75-c300-n3000000-f32-k75-c300-fanout_f32_l16-merkle-r6,475ca8a663943181efecf2b23444f1c1bb456fd43f0456a15598c4db0b9fed99,merkle,targeted_post_repair_confirmation_ms,1.496
size-scaling-k75-c300-n3000000-f32-k75-c300-fanout_f32_l16-merkle-r6,475ca8a663943181efecf2b23444f1c1bb456fd43f0456a15598c4db0b9fed99,merkle,recovery_observability_ms,0.000
size-scaling-k75-c300-n3000000-f32-k75-c300-fanout_f32_l16-merkle-r6,475ca8a663943181efecf2b23444f1c1bb456fd43f0456a15598c4db0b9fed99,merkle,recovery_orchestration_ms,1.048
size-scaling-k75-c300-n3000000-f32-k75-c300-fanout_f32_l16-merkle-r6,475ca8a663943181efecf2b23444f1c1bb456fd43f0456a15598c4db0b9fed99,merkle,merkle_total_ms,84.087
size-scaling-k75-c300-n3000000-f32-k75-c300-fanout_f32_l16-merkle-r7,475ca8a663943181efecf2b23444f1c1bb456fd43f0456a15598c4db0b9fed99,merkle,tree_localisation_ms,56.533
size-scaling-k75-c300-n3000000-f32-k75-c300-fanout_f32_l16-merkle-r7,475ca8a663943181efecf2b23444f1c1bb456fd43f0456a15598c4db0b9fed99,merkle,candidate_row_fetch_ms,15.016
size-scaling-k75-c300-n3000000-f32-k75-c300-fanout_f32_l16-merkle-r7,475ca8a663943181efecf2b23444f1c1bb456fd43f0456a15598c4db0b9fed99,merkle,row_comparison_ms,0.559
size-scaling-k75-c300-n3000000-f32-k75-c300-fanout_f32_l16-merkle-r7,475ca8a663943181efecf2b23444f1c1bb456fd43f0456a15598c4db0b9fed99,merkle,repair_sql_building_ms,0.236
size-scaling-k75-c300-n3000000-f32-k75-c300-fanout_f32_l16-merkle-r7,475ca8a663943181efecf2b23444f1c1bb456fd43f0456a15598c4db0b9fed99,merkle,repair_dml_wire_ms,6.905
size-scaling-k75-c300-n3000000-f32-k75-c300-fanout_f32_l16-merkle-r7,475ca8a663943181efecf2b23444f1c1bb456fd43f0456a15598c4db0b9fed99,merkle,repair_commit_wire_ms,1.651
size-scaling-k75-c300-n3000000-f32-k75-c300-fanout_f32_l16-merkle-r7,475ca8a663943181efecf2b23444f1c1bb456fd43f0456a15598c4db0b9fed99,merkle,repair_begin_wire_ms,0.052
size-scaling-k75-c300-n3000000-f32-k75-c300-fanout_f32_l16-merkle-r7,475ca8a663943181efecf2b23444f1c1bb456fd43f0456a15598c4db0b9fed99,merkle,repair_transaction_block_ms,8.868
size-scaling-k75-c300-n3000000-f32-k75-c300-fanout_f32_l16-merkle-r7,475ca8a663943181efecf2b23444f1c1bb456fd43f0456a15598c4db0b9fed99,merkle,repair_write_ms,8.870
size-scaling-k75-c300-n3000000-f32-k75-c300-fanout_f32_l16-merkle-r7,475ca8a663943181efecf2b23444f1c1bb456fd43f0456a15598c4db0b9fed99,merkle,targeted_post_repair_confirmation_ms,1.508
size-scaling-k75-c300-n3000000-f32-k75-c300-fanout_f32_l16-merkle-r7,475ca8a663943181efecf2b23444f1c1bb456fd43f0456a15598c4db0b9fed99,merkle,recovery_observability_ms,0.001
size-scaling-k75-c300-n3000000-f32-k75-c300-fanout_f32_l16-merkle-r7,475ca8a663943181efecf2b23444f1c1bb456fd43f0456a15598c4db0b9fed99,merkle,recovery_orchestration_ms,1.037
size-scaling-k75-c300-n3000000-f32-k75-c300-fanout_f32_l16-merkle-r7,475ca8a663943181efecf2b23444f1c1bb456fd43f0456a15598c4db0b9fed99,merkle,merkle_total_ms,85.095
size-scaling-k75-c300-n3000000-f32-k75-c300-fanout_f32_l16-merkle-r8,475ca8a663943181efecf2b23444f1c1bb456fd43f0456a15598c4db0b9fed99,merkle,tree_localisation_ms,55.972
size-scaling-k75-c300-n3000000-f32-k75-c300-fanout_f32_l16-merkle-r8,475ca8a663943181efecf2b23444f1c1bb456fd43f0456a15598c4db0b9fed99,merkle,candidate_row_fetch_ms,14.944
size-scaling-k75-c300-n3000000-f32-k75-c300-fanout_f32_l16-merkle-r8,475ca8a663943181efecf2b23444f1c1bb456fd43f0456a15598c4db0b9fed99,merkle,row_comparison_ms,0.563
size-scaling-k75-c300-n3000000-f32-k75-c300-fanout_f32_l16-merkle-r8,475ca8a663943181efecf2b23444f1c1bb456fd43f0456a15598c4db0b9fed99,merkle,repair_sql_building_ms,0.235
size-scaling-k75-c300-n3000000-f32-k75-c300-fanout_f32_l16-merkle-r8,475ca8a663943181efecf2b23444f1c1bb456fd43f0456a15598c4db0b9fed99,merkle,repair_dml_wire_ms,6.855
size-scaling-k75-c300-n3000000-f32-k75-c300-fanout_f32_l16-merkle-r8,475ca8a663943181efecf2b23444f1c1bb456fd43f0456a15598c4db0b9fed99,merkle,repair_commit_wire_ms,1.642
size-scaling-k75-c300-n3000000-f32-k75-c300-fanout_f32_l16-merkle-r8,475ca8a663943181efecf2b23444f1c1bb456fd43f0456a15598c4db0b9fed99,merkle,repair_begin_wire_ms,0.055
size-scaling-k75-c300-n3000000-f32-k75-c300-fanout_f32_l16-merkle-r8,475ca8a663943181efecf2b23444f1c1bb456fd43f0456a15598c4db0b9fed99,merkle,repair_transaction_block_ms,8.816
size-scaling-k75-c300-n3000000-f32-k75-c300-fanout_f32_l16-merkle-r8,475ca8a663943181efecf2b23444f1c1bb456fd43f0456a15598c4db0b9fed99,merkle,repair_write_ms,8.817
size-scaling-k75-c300-n3000000-f32-k75-c300-fanout_f32_l16-merkle-r8,475ca8a663943181efecf2b23444f1c1bb456fd43f0456a15598c4db0b9fed99,merkle,targeted_post_repair_confirmation_ms,1.517
size-scaling-k75-c300-n3000000-f32-k75-c300-fanout_f32_l16-merkle-r8,475ca8a663943181efecf2b23444f1c1bb456fd43f0456a15598c4db0b9fed99,merkle,recovery_observability_ms,0.001
size-scaling-k75-c300-n3000000-f32-k75-c300-fanout_f32_l16-merkle-r8,475ca8a663943181efecf2b23444f1c1bb456fd43f0456a15598c4db0b9fed99,merkle,recovery_orchestration_ms,1.034
size-scaling-k75-c300-n3000000-f32-k75-c300-fanout_f32_l16-merkle-r8,475ca8a663943181efecf2b23444f1c1bb456fd43f0456a15598c4db0b9fed99,merkle,merkle_total_ms,84.401
size-scaling-k75-c300-n3000000-f32-k75-c300-fanout_f32_l16-merkle-r9,475ca8a663943181efecf2b23444f1c1bb456fd43f0456a15598c4db0b9fed99,merkle,tree_localisation_ms,57.045
size-scaling-k75-c300-n3000000-f32-k75-c300-fanout_f32_l16-merkle-r9,475ca8a663943181efecf2b23444f1c1bb456fd43f0456a15598c4db0b9fed99,merkle,candidate_row_fetch_ms,15.127
size-scaling-k75-c300-n3000000-f32-k75-c300-fanout_f32_l16-merkle-r9,475ca8a663943181efecf2b23444f1c1bb456fd43f0456a15598c4db0b9fed99,merkle,row_comparison_ms,0.572
size-scaling-k75-c300-n3000000-f32-k75-c300-fanout_f32_l16-merkle-r9,475ca8a663943181efecf2b23444f1c1bb456fd43f0456a15598c4db0b9fed99,merkle,repair_sql_building_ms,0.230
size-scaling-k75-c300-n3000000-f32-k75-c300-fanout_f32_l16-merkle-r9,475ca8a663943181efecf2b23444f1c1bb456fd43f0456a15598c4db0b9fed99,merkle,repair_dml_wire_ms,6.905
size-scaling-k75-c300-n3000000-f32-k75-c300-fanout_f32_l16-merkle-r9,475ca8a663943181efecf2b23444f1c1bb456fd43f0456a15598c4db0b9fed99,merkle,repair_commit_wire_ms,1.651
size-scaling-k75-c300-n3000000-f32-k75-c300-fanout_f32_l16-merkle-r9,475ca8a663943181efecf2b23444f1c1bb456fd43f0456a15598c4db0b9fed99,merkle,repair_begin_wire_ms,0.053
size-scaling-k75-c300-n3000000-f32-k75-c300-fanout_f32_l16-merkle-r9,475ca8a663943181efecf2b23444f1c1bb456fd43f0456a15598c4db0b9fed99,merkle,repair_transaction_block_ms,8.862
size-scaling-k75-c300-n3000000-f32-k75-c300-fanout_f32_l16-merkle-r9,475ca8a663943181efecf2b23444f1c1bb456fd43f0456a15598c4db0b9fed99,merkle,repair_write_ms,8.864
size-scaling-k75-c300-n3000000-f32-k75-c300-fanout_f32_l16-merkle-r9,475ca8a663943181efecf2b23444f1c1bb456fd43f0456a15598c4db0b9fed99,merkle,targeted_post_repair_confirmation_ms,1.508
size-scaling-k75-c300-n3000000-f32-k75-c300-fanout_f32_l16-merkle-r9,475ca8a663943181efecf2b23444f1c1bb456fd43f0456a15598c4db0b9fed99,merkle,recovery_observability_ms,0.001
size-scaling-k75-c300-n3000000-f32-k75-c300-fanout_f32_l16-merkle-r9,475ca8a663943181efecf2b23444f1c1bb456fd43f0456a15598c4db0b9fed99,merkle,recovery_orchestration_ms,11.163
size-scaling-k75-c300-n3000000-f32-k75-c300-fanout_f32_l16-merkle-r9,475ca8a663943181efecf2b23444f1c1bb456fd43f0456a15598c4db0b9fed99,merkle,merkle_total_ms,95.846
size-scaling-k75-c300-n5000000-f32-k75-c300-fanout_f32_l16-merkle-r0,6a8656a97e60ae7f575931a7268423ac57a8dbb9109ffca0c01cc1be9b5b710d,merkle,tree_localisation_ms,112.650
size-scaling-k75-c300-n5000000-f32-k75-c300-fanout_f32_l16-merkle-r0,6a8656a97e60ae7f575931a7268423ac57a8dbb9109ffca0c01cc1be9b5b710d,merkle,candidate_row_fetch_ms,42.034
size-scaling-k75-c300-n5000000-f32-k75-c300-fanout_f32_l16-merkle-r0,6a8656a97e60ae7f575931a7268423ac57a8dbb9109ffca0c01cc1be9b5b710d,merkle,row_comparison_ms,1.738
size-scaling-k75-c300-n5000000-f32-k75-c300-fanout_f32_l16-merkle-r0,6a8656a97e60ae7f575931a7268423ac57a8dbb9109ffca0c01cc1be9b5b710d,merkle,repair_sql_building_ms,0.465
size-scaling-k75-c300-n5000000-f32-k75-c300-fanout_f32_l16-merkle-r0,6a8656a97e60ae7f575931a7268423ac57a8dbb9109ffca0c01cc1be9b5b710d,merkle,repair_dml_wire_ms,15.798
size-scaling-k75-c300-n5000000-f32-k75-c300-fanout_f32_l16-merkle-r0,6a8656a97e60ae7f575931a7268423ac57a8dbb9109ffca0c01cc1be9b5b710d,merkle,repair_commit_wire_ms,4.003
size-scaling-k75-c300-n5000000-f32-k75-c300-fanout_f32_l16-merkle-r0,6a8656a97e60ae7f575931a7268423ac57a8dbb9109ffca0c01cc1be9b5b710d,merkle,repair_begin_wire_ms,0.132
size-scaling-k75-c300-n5000000-f32-k75-c300-fanout_f32_l16-merkle-r0,6a8656a97e60ae7f575931a7268423ac57a8dbb9109ffca0c01cc1be9b5b710d,merkle,repair_transaction_block_ms,20.441
size-scaling-k75-c300-n5000000-f32-k75-c300-fanout_f32_l16-merkle-r0,6a8656a97e60ae7f575931a7268423ac57a8dbb9109ffca0c01cc1be9b5b710d,merkle,repair_write_ms,20.445
size-scaling-k75-c300-n5000000-f32-k75-c300-fanout_f32_l16-merkle-r0,6a8656a97e60ae7f575931a7268423ac57a8dbb9109ffca0c01cc1be9b5b710d,merkle,targeted_post_repair_confirmation_ms,3.189
size-scaling-k75-c300-n5000000-f32-k75-c300-fanout_f32_l16-merkle-r0,6a8656a97e60ae7f575931a7268423ac57a8dbb9109ffca0c01cc1be9b5b710d,merkle,recovery_observability_ms,0.001
size-scaling-k75-c300-n5000000-f32-k75-c300-fanout_f32_l16-merkle-r0,6a8656a97e60ae7f575931a7268423ac57a8dbb9109ffca0c01cc1be9b5b710d,merkle,recovery_orchestration_ms,2.258
size-scaling-k75-c300-n5000000-f32-k75-c300-fanout_f32_l16-merkle-r0,6a8656a97e60ae7f575931a7268423ac57a8dbb9109ffca0c01cc1be9b5b710d,merkle,merkle_total_ms,185.954
size-scaling-k75-c300-n5000000-f32-k75-c300-fanout_f32_l16-merkle-r1,6a8656a97e60ae7f575931a7268423ac57a8dbb9109ffca0c01cc1be9b5b710d,merkle,tree_localisation_ms,116.618
size-scaling-k75-c300-n5000000-f32-k75-c300-fanout_f32_l16-merkle-r1,6a8656a97e60ae7f575931a7268423ac57a8dbb9109ffca0c01cc1be9b5b710d,merkle,candidate_row_fetch_ms,46.955
size-scaling-k75-c300-n5000000-f32-k75-c300-fanout_f32_l16-merkle-r1,6a8656a97e60ae7f575931a7268423ac57a8dbb9109ffca0c01cc1be9b5b710d,merkle,row_comparison_ms,1.807
size-scaling-k75-c300-n5000000-f32-k75-c300-fanout_f32_l16-merkle-r1,6a8656a97e60ae7f575931a7268423ac57a8dbb9109ffca0c01cc1be9b5b710d,merkle,repair_sql_building_ms,0.511
size-scaling-k75-c300-n5000000-f32-k75-c300-fanout_f32_l16-merkle-r1,6a8656a97e60ae7f575931a7268423ac57a8dbb9109ffca0c01cc1be9b5b710d,merkle,repair_dml_wire_ms,15.826
size-scaling-k75-c300-n5000000-f32-k75-c300-fanout_f32_l16-merkle-r1,6a8656a97e60ae7f575931a7268423ac57a8dbb9109ffca0c01cc1be9b5b710d,merkle,repair_commit_wire_ms,3.903
size-scaling-k75-c300-n5000000-f32-k75-c300-fanout_f32_l16-merkle-r1,6a8656a97e60ae7f575931a7268423ac57a8dbb9109ffca0c01cc1be9b5b710d,merkle,repair_begin_wire_ms,0.119
size-scaling-k75-c300-n5000000-f32-k75-c300-fanout_f32_l16-merkle-r1,6a8656a97e60ae7f575931a7268423ac57a8dbb9109ffca0c01cc1be9b5b710d,merkle,repair_transaction_block_ms,20.404
size-scaling-k75-c300-n5000000-f32-k75-c300-fanout_f32_l16-merkle-r1,6a8656a97e60ae7f575931a7268423ac57a8dbb9109ffca0c01cc1be9b5b710d,merkle,repair_write_ms,20.408
size-scaling-k75-c300-n5000000-f32-k75-c300-fanout_f32_l16-merkle-r1,6a8656a97e60ae7f575931a7268423ac57a8dbb9109ffca0c01cc1be9b5b710d,merkle,targeted_post_repair_confirmation_ms,3.292
size-scaling-k75-c300-n5000000-f32-k75-c300-fanout_f32_l16-merkle-r1,6a8656a97e60ae7f575931a7268423ac57a8dbb9109ffca0c01cc1be9b5b710d,merkle,recovery_observability_ms,0.001
size-scaling-k75-c300-n5000000-f32-k75-c300-fanout_f32_l16-merkle-r1,6a8656a97e60ae7f575931a7268423ac57a8dbb9109ffca0c01cc1be9b5b710d,merkle,recovery_orchestration_ms,2.383
size-scaling-k75-c300-n5000000-f32-k75-c300-fanout_f32_l16-merkle-r1,6a8656a97e60ae7f575931a7268423ac57a8dbb9109ffca0c01cc1be9b5b710d,merkle,merkle_total_ms,205.251
size-scaling-k75-c300-n5000000-f32-k75-c300-fanout_f32_l16-merkle-r2,6a8656a97e60ae7f575931a7268423ac57a8dbb9109ffca0c01cc1be9b5b710d,merkle,tree_localisation_ms,117.309
size-scaling-k75-c300-n5000000-f32-k75-c300-fanout_f32_l16-merkle-r2,6a8656a97e60ae7f575931a7268423ac57a8dbb9109ffca0c01cc1be9b5b710d,merkle,candidate_row_fetch_ms,47.180
size-scaling-k75-c300-n5000000-f32-k75-c300-fanout_f32_l16-merkle-r2,6a8656a97e60ae7f575931a7268423ac57a8dbb9109ffca0c01cc1be9b5b710d,merkle,row_comparison_ms,1.896
size-scaling-k75-c300-n5000000-f32-k75-c300-fanout_f32_l16-merkle-r2,6a8656a97e60ae7f575931a7268423ac57a8dbb9109ffca0c01cc1be9b5b710d,merkle,repair_sql_building_ms,0.514
size-scaling-k75-c300-n5000000-f32-k75-c300-fanout_f32_l16-merkle-r2,6a8656a97e60ae7f575931a7268423ac57a8dbb9109ffca0c01cc1be9b5b710d,merkle,repair_dml_wire_ms,16.231
size-scaling-k75-c300-n5000000-f32-k75-c300-fanout_f32_l16-merkle-r2,6a8656a97e60ae7f575931a7268423ac57a8dbb9109ffca0c01cc1be9b5b710d,merkle,repair_commit_wire_ms,3.886
size-scaling-k75-c300-n5000000-f32-k75-c300-fanout_f32_l16-merkle-r2,6a8656a97e60ae7f575931a7268423ac57a8dbb9109ffca0c01cc1be9b5b710d,merkle,repair_begin_wire_ms,0.151
size-scaling-k75-c300-n5000000-f32-k75-c300-fanout_f32_l16-merkle-r2,6a8656a97e60ae7f575931a7268423ac57a8dbb9109ffca0c01cc1be9b5b710d,merkle,repair_transaction_block_ms,20.828
size-scaling-k75-c300-n5000000-f32-k75-c300-fanout_f32_l16-merkle-r2,6a8656a97e60ae7f575931a7268423ac57a8dbb9109ffca0c01cc1be9b5b710d,merkle,repair_write_ms,20.833
size-scaling-k75-c300-n5000000-f32-k75-c300-fanout_f32_l16-merkle-r2,6a8656a97e60ae7f575931a7268423ac57a8dbb9109ffca0c01cc1be9b5b710d,merkle,targeted_post_repair_confirmation_ms,3.361
size-scaling-k75-c300-n5000000-f32-k75-c300-fanout_f32_l16-merkle-r2,6a8656a97e60ae7f575931a7268423ac57a8dbb9109ffca0c01cc1be9b5b710d,merkle,recovery_observability_ms,0.001
size-scaling-k75-c300-n5000000-f32-k75-c300-fanout_f32_l16-merkle-r2,6a8656a97e60ae7f575931a7268423ac57a8dbb9109ffca0c01cc1be9b5b710d,merkle,recovery_orchestration_ms,2.465
size-scaling-k75-c300-n5000000-f32-k75-c300-fanout_f32_l16-merkle-r2,6a8656a97e60ae7f575931a7268423ac57a8dbb9109ffca0c01cc1be9b5b710d,merkle,merkle_total_ms,196.660
size-scaling-k75-c300-n5000000-f32-k75-c300-fanout_f32_l16-merkle-r3,6a8656a97e60ae7f575931a7268423ac57a8dbb9109ffca0c01cc1be9b5b710d,merkle,tree_localisation_ms,116.855
size-scaling-k75-c300-n5000000-f32-k75-c300-fanout_f32_l16-merkle-r3,6a8656a97e60ae7f575931a7268423ac57a8dbb9109ffca0c01cc1be9b5b710d,merkle,candidate_row_fetch_ms,47.495
size-scaling-k75-c300-n5000000-f32-k75-c300-fanout_f32_l16-merkle-r3,6a8656a97e60ae7f575931a7268423ac57a8dbb9109ffca0c01cc1be9b5b710d,merkle,row_comparison_ms,1.819
size-scaling-k75-c300-n5000000-f32-k75-c300-fanout_f32_l16-merkle-r3,6a8656a97e60ae7f575931a7268423ac57a8dbb9109ffca0c01cc1be9b5b710d,merkle,repair_sql_building_ms,0.521
size-scaling-k75-c300-n5000000-f32-k75-c300-fanout_f32_l16-merkle-r3,6a8656a97e60ae7f575931a7268423ac57a8dbb9109ffca0c01cc1be9b5b710d,merkle,repair_dml_wire_ms,24.797
size-scaling-k75-c300-n5000000-f32-k75-c300-fanout_f32_l16-merkle-r3,6a8656a97e60ae7f575931a7268423ac57a8dbb9109ffca0c01cc1be9b5b710d,merkle,repair_commit_wire_ms,3.947
size-scaling-k75-c300-n5000000-f32-k75-c300-fanout_f32_l16-merkle-r3,6a8656a97e60ae7f575931a7268423ac57a8dbb9109ffca0c01cc1be9b5b710d,merkle,repair_begin_wire_ms,0.145
size-scaling-k75-c300-n5000000-f32-k75-c300-fanout_f32_l16-merkle-r3,6a8656a97e60ae7f575931a7268423ac57a8dbb9109ffca0c01cc1be9b5b710d,merkle,repair_transaction_block_ms,29.457
size-scaling-k75-c300-n5000000-f32-k75-c300-fanout_f32_l16-merkle-r3,6a8656a97e60ae7f575931a7268423ac57a8dbb9109ffca0c01cc1be9b5b710d,merkle,repair_write_ms,29.462
size-scaling-k75-c300-n5000000-f32-k75-c300-fanout_f32_l16-merkle-r3,6a8656a97e60ae7f575931a7268423ac57a8dbb9109ffca0c01cc1be9b5b710d,merkle,targeted_post_repair_confirmation_ms,3.386
size-scaling-k75-c300-n5000000-f32-k75-c300-fanout_f32_l16-merkle-r3,6a8656a97e60ae7f575931a7268423ac57a8dbb9109ffca0c01cc1be9b5b710d,merkle,recovery_observability_ms,0.001
size-scaling-k75-c300-n5000000-f32-k75-c300-fanout_f32_l16-merkle-r3,6a8656a97e60ae7f575931a7268423ac57a8dbb9109ffca0c01cc1be9b5b710d,merkle,recovery_orchestration_ms,2.397
size-scaling-k75-c300-n5000000-f32-k75-c300-fanout_f32_l16-merkle-r3,6a8656a97e60ae7f575931a7268423ac57a8dbb9109ffca0c01cc1be9b5b710d,merkle,merkle_total_ms,215.207
size-scaling-k75-c300-n5000000-f32-k75-c300-fanout_f32_l16-merkle-r4,6a8656a97e60ae7f575931a7268423ac57a8dbb9109ffca0c01cc1be9b5b710d,merkle,tree_localisation_ms,117.235
size-scaling-k75-c300-n5000000-f32-k75-c300-fanout_f32_l16-merkle-r4,6a8656a97e60ae7f575931a7268423ac57a8dbb9109ffca0c01cc1be9b5b710d,merkle,candidate_row_fetch_ms,47.404
size-scaling-k75-c300-n5000000-f32-k75-c300-fanout_f32_l16-merkle-r4,6a8656a97e60ae7f575931a7268423ac57a8dbb9109ffca0c01cc1be9b5b710d,merkle,row_comparison_ms,1.787
size-scaling-k75-c300-n5000000-f32-k75-c300-fanout_f32_l16-merkle-r4,6a8656a97e60ae7f575931a7268423ac57a8dbb9109ffca0c01cc1be9b5b710d,merkle,repair_sql_building_ms,0.547
size-scaling-k75-c300-n5000000-f32-k75-c300-fanout_f32_l16-merkle-r4,6a8656a97e60ae7f575931a7268423ac57a8dbb9109ffca0c01cc1be9b5b710d,merkle,repair_dml_wire_ms,16.161
size-scaling-k75-c300-n5000000-f32-k75-c300-fanout_f32_l16-merkle-r4,6a8656a97e60ae7f575931a7268423ac57a8dbb9109ffca0c01cc1be9b5b710d,merkle,repair_commit_wire_ms,3.898
size-scaling-k75-c300-n5000000-f32-k75-c300-fanout_f32_l16-merkle-r4,6a8656a97e60ae7f575931a7268423ac57a8dbb9109ffca0c01cc1be9b5b710d,merkle,repair_begin_wire_ms,0.145
size-scaling-k75-c300-n5000000-f32-k75-c300-fanout_f32_l16-merkle-r4,6a8656a97e60ae7f575931a7268423ac57a8dbb9109ffca0c01cc1be9b5b710d,merkle,repair_transaction_block_ms,20.798
size-scaling-k75-c300-n5000000-f32-k75-c300-fanout_f32_l16-merkle-r4,6a8656a97e60ae7f575931a7268423ac57a8dbb9109ffca0c01cc1be9b5b710d,merkle,repair_write_ms,20.802
size-scaling-k75-c300-n5000000-f32-k75-c300-fanout_f32_l16-merkle-r4,6a8656a97e60ae7f575931a7268423ac57a8dbb9109ffca0c01cc1be9b5b710d,merkle,targeted_post_repair_confirmation_ms,3.203
size-scaling-k75-c300-n5000000-f32-k75-c300-fanout_f32_l16-merkle-r4,6a8656a97e60ae7f575931a7268423ac57a8dbb9109ffca0c01cc1be9b5b710d,merkle,recovery_observability_ms,0.001
size-scaling-k75-c300-n5000000-f32-k75-c300-fanout_f32_l16-merkle-r4,6a8656a97e60ae7f575931a7268423ac57a8dbb9109ffca0c01cc1be9b5b710d,merkle,recovery_orchestration_ms,2.421
size-scaling-k75-c300-n5000000-f32-k75-c300-fanout_f32_l16-merkle-r4,6a8656a97e60ae7f575931a7268423ac57a8dbb9109ffca0c01cc1be9b5b710d,merkle,merkle_total_ms,196.404
size-scaling-k75-c300-n5000000-f32-k75-c300-fanout_f32_l16-merkle-r5,6a8656a97e60ae7f575931a7268423ac57a8dbb9109ffca0c01cc1be9b5b710d,merkle,tree_localisation_ms,116.474
size-scaling-k75-c300-n5000000-f32-k75-c300-fanout_f32_l16-merkle-r5,6a8656a97e60ae7f575931a7268423ac57a8dbb9109ffca0c01cc1be9b5b710d,merkle,candidate_row_fetch_ms,46.810
size-scaling-k75-c300-n5000000-f32-k75-c300-fanout_f32_l16-merkle-r5,6a8656a97e60ae7f575931a7268423ac57a8dbb9109ffca0c01cc1be9b5b710d,merkle,row_comparison_ms,1.732
size-scaling-k75-c300-n5000000-f32-k75-c300-fanout_f32_l16-merkle-r5,6a8656a97e60ae7f575931a7268423ac57a8dbb9109ffca0c01cc1be9b5b710d,merkle,repair_sql_building_ms,0.466
size-scaling-k75-c300-n5000000-f32-k75-c300-fanout_f32_l16-merkle-r5,6a8656a97e60ae7f575931a7268423ac57a8dbb9109ffca0c01cc1be9b5b710d,merkle,repair_dml_wire_ms,15.241
size-scaling-k75-c300-n5000000-f32-k75-c300-fanout_f32_l16-merkle-r5,6a8656a97e60ae7f575931a7268423ac57a8dbb9109ffca0c01cc1be9b5b710d,merkle,repair_commit_wire_ms,3.874
size-scaling-k75-c300-n5000000-f32-k75-c300-fanout_f32_l16-merkle-r5,6a8656a97e60ae7f575931a7268423ac57a8dbb9109ffca0c01cc1be9b5b710d,merkle,repair_begin_wire_ms,0.133
size-scaling-k75-c300-n5000000-f32-k75-c300-fanout_f32_l16-merkle-r5,6a8656a97e60ae7f575931a7268423ac57a8dbb9109ffca0c01cc1be9b5b710d,merkle,repair_transaction_block_ms,19.757
size-scaling-k75-c300-n5000000-f32-k75-c300-fanout_f32_l16-merkle-r5,6a8656a97e60ae7f575931a7268423ac57a8dbb9109ffca0c01cc1be9b5b710d,merkle,repair_write_ms,19.761
size-scaling-k75-c300-n5000000-f32-k75-c300-fanout_f32_l16-merkle-r5,6a8656a97e60ae7f575931a7268423ac57a8dbb9109ffca0c01cc1be9b5b710d,merkle,targeted_post_repair_confirmation_ms,3.353
size-scaling-k75-c300-n5000000-f32-k75-c300-fanout_f32_l16-merkle-r5,6a8656a97e60ae7f575931a7268423ac57a8dbb9109ffca0c01cc1be9b5b710d,merkle,recovery_observability_ms,0.001
size-scaling-k75-c300-n5000000-f32-k75-c300-fanout_f32_l16-merkle-r5,6a8656a97e60ae7f575931a7268423ac57a8dbb9109ffca0c01cc1be9b5b710d,merkle,recovery_orchestration_ms,2.361
size-scaling-k75-c300-n5000000-f32-k75-c300-fanout_f32_l16-merkle-r5,6a8656a97e60ae7f575931a7268423ac57a8dbb9109ffca0c01cc1be9b5b710d,merkle,merkle_total_ms,204.387
size-scaling-k75-c300-n5000000-f32-k75-c300-fanout_f32_l16-merkle-r6,6a8656a97e60ae7f575931a7268423ac57a8dbb9109ffca0c01cc1be9b5b710d,merkle,tree_localisation_ms,117.149
size-scaling-k75-c300-n5000000-f32-k75-c300-fanout_f32_l16-merkle-r6,6a8656a97e60ae7f575931a7268423ac57a8dbb9109ffca0c01cc1be9b5b710d,merkle,candidate_row_fetch_ms,47.523
size-scaling-k75-c300-n5000000-f32-k75-c300-fanout_f32_l16-merkle-r6,6a8656a97e60ae7f575931a7268423ac57a8dbb9109ffca0c01cc1be9b5b710d,merkle,row_comparison_ms,1.800
size-scaling-k75-c300-n5000000-f32-k75-c300-fanout_f32_l16-merkle-r6,6a8656a97e60ae7f575931a7268423ac57a8dbb9109ffca0c01cc1be9b5b710d,merkle,repair_sql_building_ms,0.523
size-scaling-k75-c300-n5000000-f32-k75-c300-fanout_f32_l16-merkle-r6,6a8656a97e60ae7f575931a7268423ac57a8dbb9109ffca0c01cc1be9b5b710d,merkle,repair_dml_wire_ms,15.355
size-scaling-k75-c300-n5000000-f32-k75-c300-fanout_f32_l16-merkle-r6,6a8656a97e60ae7f575931a7268423ac57a8dbb9109ffca0c01cc1be9b5b710d,merkle,repair_commit_wire_ms,3.934
size-scaling-k75-c300-n5000000-f32-k75-c300-fanout_f32_l16-merkle-r6,6a8656a97e60ae7f575931a7268423ac57a8dbb9109ffca0c01cc1be9b5b710d,merkle,repair_begin_wire_ms,0.149
size-scaling-k75-c300-n5000000-f32-k75-c300-fanout_f32_l16-merkle-r6,6a8656a97e60ae7f575931a7268423ac57a8dbb9109ffca0c01cc1be9b5b710d,merkle,repair_transaction_block_ms,20.005
size-scaling-k75-c300-n5000000-f32-k75-c300-fanout_f32_l16-merkle-r6,6a8656a97e60ae7f575931a7268423ac57a8dbb9109ffca0c01cc1be9b5b710d,merkle,repair_write_ms,20.009
size-scaling-k75-c300-n5000000-f32-k75-c300-fanout_f32_l16-merkle-r6,6a8656a97e60ae7f575931a7268423ac57a8dbb9109ffca0c01cc1be9b5b710d,merkle,targeted_post_repair_confirmation_ms,3.221
size-scaling-k75-c300-n5000000-f32-k75-c300-fanout_f32_l16-merkle-r6,6a8656a97e60ae7f575931a7268423ac57a8dbb9109ffca0c01cc1be9b5b710d,merkle,recovery_observability_ms,0.001
size-scaling-k75-c300-n5000000-f32-k75-c300-fanout_f32_l16-merkle-r6,6a8656a97e60ae7f575931a7268423ac57a8dbb9109ffca0c01cc1be9b5b710d,merkle,recovery_orchestration_ms,2.376
size-scaling-k75-c300-n5000000-f32-k75-c300-fanout_f32_l16-merkle-r6,6a8656a97e60ae7f575931a7268423ac57a8dbb9109ffca0c01cc1be9b5b710d,merkle,merkle_total_ms,195.658
size-scaling-k75-c300-n5000000-f32-k75-c300-fanout_f32_l16-merkle-r7,6a8656a97e60ae7f575931a7268423ac57a8dbb9109ffca0c01cc1be9b5b710d,merkle,tree_localisation_ms,117.962
size-scaling-k75-c300-n5000000-f32-k75-c300-fanout_f32_l16-merkle-r7,6a8656a97e60ae7f575931a7268423ac57a8dbb9109ffca0c01cc1be9b5b710d,merkle,candidate_row_fetch_ms,48.126
size-scaling-k75-c300-n5000000-f32-k75-c300-fanout_f32_l16-merkle-r7,6a8656a97e60ae7f575931a7268423ac57a8dbb9109ffca0c01cc1be9b5b710d,merkle,row_comparison_ms,1.877
size-scaling-k75-c300-n5000000-f32-k75-c300-fanout_f32_l16-merkle-r7,6a8656a97e60ae7f575931a7268423ac57a8dbb9109ffca0c01cc1be9b5b710d,merkle,repair_sql_building_ms,0.521
size-scaling-k75-c300-n5000000-f32-k75-c300-fanout_f32_l16-merkle-r7,6a8656a97e60ae7f575931a7268423ac57a8dbb9109ffca0c01cc1be9b5b710d,merkle,repair_dml_wire_ms,15.625
size-scaling-k75-c300-n5000000-f32-k75-c300-fanout_f32_l16-merkle-r7,6a8656a97e60ae7f575931a7268423ac57a8dbb9109ffca0c01cc1be9b5b710d,merkle,repair_commit_wire_ms,4.020
size-scaling-k75-c300-n5000000-f32-k75-c300-fanout_f32_l16-merkle-r7,6a8656a97e60ae7f575931a7268423ac57a8dbb9109ffca0c01cc1be9b5b710d,merkle,repair_begin_wire_ms,0.148
size-scaling-k75-c300-n5000000-f32-k75-c300-fanout_f32_l16-merkle-r7,6a8656a97e60ae7f575931a7268423ac57a8dbb9109ffca0c01cc1be9b5b710d,merkle,repair_transaction_block_ms,20.361
size-scaling-k75-c300-n5000000-f32-k75-c300-fanout_f32_l16-merkle-r7,6a8656a97e60ae7f575931a7268423ac57a8dbb9109ffca0c01cc1be9b5b710d,merkle,repair_write_ms,20.366
size-scaling-k75-c300-n5000000-f32-k75-c300-fanout_f32_l16-merkle-r7,6a8656a97e60ae7f575931a7268423ac57a8dbb9109ffca0c01cc1be9b5b710d,merkle,targeted_post_repair_confirmation_ms,3.204
size-scaling-k75-c300-n5000000-f32-k75-c300-fanout_f32_l16-merkle-r7,6a8656a97e60ae7f575931a7268423ac57a8dbb9109ffca0c01cc1be9b5b710d,merkle,recovery_observability_ms,0.001
size-scaling-k75-c300-n5000000-f32-k75-c300-fanout_f32_l16-merkle-r7,6a8656a97e60ae7f575931a7268423ac57a8dbb9109ffca0c01cc1be9b5b710d,merkle,recovery_orchestration_ms,2.477
size-scaling-k75-c300-n5000000-f32-k75-c300-fanout_f32_l16-merkle-r7,6a8656a97e60ae7f575931a7268423ac57a8dbb9109ffca0c01cc1be9b5b710d,merkle,merkle_total_ms,207.783
size-scaling-k75-c300-n5000000-f32-k75-c300-fanout_f32_l16-merkle-r8,6a8656a97e60ae7f575931a7268423ac57a8dbb9109ffca0c01cc1be9b5b710d,merkle,tree_localisation_ms,120.769
size-scaling-k75-c300-n5000000-f32-k75-c300-fanout_f32_l16-merkle-r8,6a8656a97e60ae7f575931a7268423ac57a8dbb9109ffca0c01cc1be9b5b710d,merkle,candidate_row_fetch_ms,48.789
size-scaling-k75-c300-n5000000-f32-k75-c300-fanout_f32_l16-merkle-r8,6a8656a97e60ae7f575931a7268423ac57a8dbb9109ffca0c01cc1be9b5b710d,merkle,row_comparison_ms,2.110
size-scaling-k75-c300-n5000000-f32-k75-c300-fanout_f32_l16-merkle-r8,6a8656a97e60ae7f575931a7268423ac57a8dbb9109ffca0c01cc1be9b5b710d,merkle,repair_sql_building_ms,0.515
size-scaling-k75-c300-n5000000-f32-k75-c300-fanout_f32_l16-merkle-r8,6a8656a97e60ae7f575931a7268423ac57a8dbb9109ffca0c01cc1be9b5b710d,merkle,repair_dml_wire_ms,16.139
size-scaling-k75-c300-n5000000-f32-k75-c300-fanout_f32_l16-merkle-r8,6a8656a97e60ae7f575931a7268423ac57a8dbb9109ffca0c01cc1be9b5b710d,merkle,repair_commit_wire_ms,3.909
size-scaling-k75-c300-n5000000-f32-k75-c300-fanout_f32_l16-merkle-r8,6a8656a97e60ae7f575931a7268423ac57a8dbb9109ffca0c01cc1be9b5b710d,merkle,repair_begin_wire_ms,0.150
size-scaling-k75-c300-n5000000-f32-k75-c300-fanout_f32_l16-merkle-r8,6a8656a97e60ae7f575931a7268423ac57a8dbb9109ffca0c01cc1be9b5b710d,merkle,repair_transaction_block_ms,20.762
size-scaling-k75-c300-n5000000-f32-k75-c300-fanout_f32_l16-merkle-r8,6a8656a97e60ae7f575931a7268423ac57a8dbb9109ffca0c01cc1be9b5b710d,merkle,repair_write_ms,20.766
size-scaling-k75-c300-n5000000-f32-k75-c300-fanout_f32_l16-merkle-r8,6a8656a97e60ae7f575931a7268423ac57a8dbb9109ffca0c01cc1be9b5b710d,merkle,targeted_post_repair_confirmation_ms,3.362
size-scaling-k75-c300-n5000000-f32-k75-c300-fanout_f32_l16-merkle-r8,6a8656a97e60ae7f575931a7268423ac57a8dbb9109ffca0c01cc1be9b5b710d,merkle,recovery_observability_ms,0.001
size-scaling-k75-c300-n5000000-f32-k75-c300-fanout_f32_l16-merkle-r8,6a8656a97e60ae7f575931a7268423ac57a8dbb9109ffca0c01cc1be9b5b710d,merkle,recovery_orchestration_ms,2.572
size-scaling-k75-c300-n5000000-f32-k75-c300-fanout_f32_l16-merkle-r8,6a8656a97e60ae7f575931a7268423ac57a8dbb9109ffca0c01cc1be9b5b710d,merkle,merkle_total_ms,201.947
size-scaling-k75-c300-n5000000-f32-k75-c300-fanout_f32_l16-merkle-r9,6a8656a97e60ae7f575931a7268423ac57a8dbb9109ffca0c01cc1be9b5b710d,merkle,tree_localisation_ms,111.835
size-scaling-k75-c300-n5000000-f32-k75-c300-fanout_f32_l16-merkle-r9,6a8656a97e60ae7f575931a7268423ac57a8dbb9109ffca0c01cc1be9b5b710d,merkle,candidate_row_fetch_ms,43.585
size-scaling-k75-c300-n5000000-f32-k75-c300-fanout_f32_l16-merkle-r9,6a8656a97e60ae7f575931a7268423ac57a8dbb9109ffca0c01cc1be9b5b710d,merkle,row_comparison_ms,1.751
size-scaling-k75-c300-n5000000-f32-k75-c300-fanout_f32_l16-merkle-r9,6a8656a97e60ae7f575931a7268423ac57a8dbb9109ffca0c01cc1be9b5b710d,merkle,repair_sql_building_ms,0.457
size-scaling-k75-c300-n5000000-f32-k75-c300-fanout_f32_l16-merkle-r9,6a8656a97e60ae7f575931a7268423ac57a8dbb9109ffca0c01cc1be9b5b710d,merkle,repair_dml_wire_ms,14.770
size-scaling-k75-c300-n5000000-f32-k75-c300-fanout_f32_l16-merkle-r9,6a8656a97e60ae7f575931a7268423ac57a8dbb9109ffca0c01cc1be9b5b710d,merkle,repair_commit_wire_ms,3.899
size-scaling-k75-c300-n5000000-f32-k75-c300-fanout_f32_l16-merkle-r9,6a8656a97e60ae7f575931a7268423ac57a8dbb9109ffca0c01cc1be9b5b710d,merkle,repair_begin_wire_ms,0.134
size-scaling-k75-c300-n5000000-f32-k75-c300-fanout_f32_l16-merkle-r9,6a8656a97e60ae7f575931a7268423ac57a8dbb9109ffca0c01cc1be9b5b710d,merkle,repair_transaction_block_ms,19.307
size-scaling-k75-c300-n5000000-f32-k75-c300-fanout_f32_l16-merkle-r9,6a8656a97e60ae7f575931a7268423ac57a8dbb9109ffca0c01cc1be9b5b710d,merkle,repair_write_ms,19.311
size-scaling-k75-c300-n5000000-f32-k75-c300-fanout_f32_l16-merkle-r9,6a8656a97e60ae7f575931a7268423ac57a8dbb9109ffca0c01cc1be9b5b710d,merkle,targeted_post_repair_confirmation_ms,3.233
size-scaling-k75-c300-n5000000-f32-k75-c300-fanout_f32_l16-merkle-r9,6a8656a97e60ae7f575931a7268423ac57a8dbb9109ffca0c01cc1be9b5b710d,merkle,recovery_observability_ms,0.001
size-scaling-k75-c300-n5000000-f32-k75-c300-fanout_f32_l16-merkle-r9,6a8656a97e60ae7f575931a7268423ac57a8dbb9109ffca0c01cc1be9b5b710d,merkle,recovery_orchestration_ms,2.240
size-scaling-k75-c300-n5000000-f32-k75-c300-fanout_f32_l16-merkle-r9,6a8656a97e60ae7f575931a7268423ac57a8dbb9109ffca0c01cc1be9b5b710d,merkle,merkle_total_ms,195.652
size-scaling-k75-c300-n7000000-f32-k75-c300-fanout_f32_l16-merkle-r0,872ddaac9ba159a9fd0dd0d88d14a6906a592d5ad2ee762d599faebefcb2d969,merkle,tree_localisation_ms,146.594
size-scaling-k75-c300-n7000000-f32-k75-c300-fanout_f32_l16-merkle-r0,872ddaac9ba159a9fd0dd0d88d14a6906a592d5ad2ee762d599faebefcb2d969,merkle,candidate_row_fetch_ms,30.158
size-scaling-k75-c300-n7000000-f32-k75-c300-fanout_f32_l16-merkle-r0,872ddaac9ba159a9fd0dd0d88d14a6906a592d5ad2ee762d599faebefcb2d969,merkle,row_comparison_ms,1.294
size-scaling-k75-c300-n7000000-f32-k75-c300-fanout_f32_l16-merkle-r0,872ddaac9ba159a9fd0dd0d88d14a6906a592d5ad2ee762d599faebefcb2d969,merkle,repair_sql_building_ms,0.513
size-scaling-k75-c300-n7000000-f32-k75-c300-fanout_f32_l16-merkle-r0,872ddaac9ba159a9fd0dd0d88d14a6906a592d5ad2ee762d599faebefcb2d969,merkle,repair_dml_wire_ms,17.095
size-scaling-k75-c300-n7000000-f32-k75-c300-fanout_f32_l16-merkle-r0,872ddaac9ba159a9fd0dd0d88d14a6906a592d5ad2ee762d599faebefcb2d969,merkle,repair_commit_wire_ms,7.924
size-scaling-k75-c300-n7000000-f32-k75-c300-fanout_f32_l16-merkle-r0,872ddaac9ba159a9fd0dd0d88d14a6906a592d5ad2ee762d599faebefcb2d969,merkle,repair_begin_wire_ms,0.158
size-scaling-k75-c300-n7000000-f32-k75-c300-fanout_f32_l16-merkle-r0,872ddaac9ba159a9fd0dd0d88d14a6906a592d5ad2ee762d599faebefcb2d969,merkle,repair_transaction_block_ms,25.737
size-scaling-k75-c300-n7000000-f32-k75-c300-fanout_f32_l16-merkle-r0,872ddaac9ba159a9fd0dd0d88d14a6906a592d5ad2ee762d599faebefcb2d969,merkle,repair_write_ms,25.741
size-scaling-k75-c300-n7000000-f32-k75-c300-fanout_f32_l16-merkle-r0,872ddaac9ba159a9fd0dd0d88d14a6906a592d5ad2ee762d599faebefcb2d969,merkle,targeted_post_repair_confirmation_ms,3.502
size-scaling-k75-c300-n7000000-f32-k75-c300-fanout_f32_l16-merkle-r0,872ddaac9ba159a9fd0dd0d88d14a6906a592d5ad2ee762d599faebefcb2d969,merkle,recovery_observability_ms,0.001
size-scaling-k75-c300-n7000000-f32-k75-c300-fanout_f32_l16-merkle-r0,872ddaac9ba159a9fd0dd0d88d14a6906a592d5ad2ee762d599faebefcb2d969,merkle,recovery_orchestration_ms,2.403
size-scaling-k75-c300-n7000000-f32-k75-c300-fanout_f32_l16-merkle-r0,872ddaac9ba159a9fd0dd0d88d14a6906a592d5ad2ee762d599faebefcb2d969,merkle,merkle_total_ms,223.816
size-scaling-k75-c300-n7000000-f32-k75-c300-fanout_f32_l16-merkle-r1,872ddaac9ba159a9fd0dd0d88d14a6906a592d5ad2ee762d599faebefcb2d969,merkle,tree_localisation_ms,148.165
size-scaling-k75-c300-n7000000-f32-k75-c300-fanout_f32_l16-merkle-r1,872ddaac9ba159a9fd0dd0d88d14a6906a592d5ad2ee762d599faebefcb2d969,merkle,candidate_row_fetch_ms,28.706
size-scaling-k75-c300-n7000000-f32-k75-c300-fanout_f32_l16-merkle-r1,872ddaac9ba159a9fd0dd0d88d14a6906a592d5ad2ee762d599faebefcb2d969,merkle,row_comparison_ms,1.073
size-scaling-k75-c300-n7000000-f32-k75-c300-fanout_f32_l16-merkle-r1,872ddaac9ba159a9fd0dd0d88d14a6906a592d5ad2ee762d599faebefcb2d969,merkle,repair_sql_building_ms,0.449
size-scaling-k75-c300-n7000000-f32-k75-c300-fanout_f32_l16-merkle-r1,872ddaac9ba159a9fd0dd0d88d14a6906a592d5ad2ee762d599faebefcb2d969,merkle,repair_dml_wire_ms,16.670
size-scaling-k75-c300-n7000000-f32-k75-c300-fanout_f32_l16-merkle-r1,872ddaac9ba159a9fd0dd0d88d14a6906a592d5ad2ee762d599faebefcb2d969,merkle,repair_commit_wire_ms,8.430
size-scaling-k75-c300-n7000000-f32-k75-c300-fanout_f32_l16-merkle-r1,872ddaac9ba159a9fd0dd0d88d14a6906a592d5ad2ee762d599faebefcb2d969,merkle,repair_begin_wire_ms,0.097
size-scaling-k75-c300-n7000000-f32-k75-c300-fanout_f32_l16-merkle-r1,872ddaac9ba159a9fd0dd0d88d14a6906a592d5ad2ee762d599faebefcb2d969,merkle,repair_transaction_block_ms,25.693
size-scaling-k75-c300-n7000000-f32-k75-c300-fanout_f32_l16-merkle-r1,872ddaac9ba159a9fd0dd0d88d14a6906a592d5ad2ee762d599faebefcb2d969,merkle,repair_write_ms,25.697
size-scaling-k75-c300-n7000000-f32-k75-c300-fanout_f32_l16-merkle-r1,872ddaac9ba159a9fd0dd0d88d14a6906a592d5ad2ee762d599faebefcb2d969,merkle,targeted_post_repair_confirmation_ms,3.519
size-scaling-k75-c300-n7000000-f32-k75-c300-fanout_f32_l16-merkle-r1,872ddaac9ba159a9fd0dd0d88d14a6906a592d5ad2ee762d599faebefcb2d969,merkle,recovery_observability_ms,0.001
size-scaling-k75-c300-n7000000-f32-k75-c300-fanout_f32_l16-merkle-r1,872ddaac9ba159a9fd0dd0d88d14a6906a592d5ad2ee762d599faebefcb2d969,merkle,recovery_orchestration_ms,2.203
size-scaling-k75-c300-n7000000-f32-k75-c300-fanout_f32_l16-merkle-r1,872ddaac9ba159a9fd0dd0d88d14a6906a592d5ad2ee762d599faebefcb2d969,merkle,merkle_total_ms,213.049
size-scaling-k75-c300-n7000000-f32-k75-c300-fanout_f32_l16-merkle-r2,872ddaac9ba159a9fd0dd0d88d14a6906a592d5ad2ee762d599faebefcb2d969,merkle,tree_localisation_ms,157.555
size-scaling-k75-c300-n7000000-f32-k75-c300-fanout_f32_l16-merkle-r2,872ddaac9ba159a9fd0dd0d88d14a6906a592d5ad2ee762d599faebefcb2d969,merkle,candidate_row_fetch_ms,31.275
size-scaling-k75-c300-n7000000-f32-k75-c300-fanout_f32_l16-merkle-r2,872ddaac9ba159a9fd0dd0d88d14a6906a592d5ad2ee762d599faebefcb2d969,merkle,row_comparison_ms,1.383
size-scaling-k75-c300-n7000000-f32-k75-c300-fanout_f32_l16-merkle-r2,872ddaac9ba159a9fd0dd0d88d14a6906a592d5ad2ee762d599faebefcb2d969,merkle,repair_sql_building_ms,0.570
size-scaling-k75-c300-n7000000-f32-k75-c300-fanout_f32_l16-merkle-r2,872ddaac9ba159a9fd0dd0d88d14a6906a592d5ad2ee762d599faebefcb2d969,merkle,repair_dml_wire_ms,17.450
size-scaling-k75-c300-n7000000-f32-k75-c300-fanout_f32_l16-merkle-r2,872ddaac9ba159a9fd0dd0d88d14a6906a592d5ad2ee762d599faebefcb2d969,merkle,repair_commit_wire_ms,7.904
size-scaling-k75-c300-n7000000-f32-k75-c300-fanout_f32_l16-merkle-r2,872ddaac9ba159a9fd0dd0d88d14a6906a592d5ad2ee762d599faebefcb2d969,merkle,repair_begin_wire_ms,0.158
size-scaling-k75-c300-n7000000-f32-k75-c300-fanout_f32_l16-merkle-r2,872ddaac9ba159a9fd0dd0d88d14a6906a592d5ad2ee762d599faebefcb2d969,merkle,repair_transaction_block_ms,26.142
size-scaling-k75-c300-n7000000-f32-k75-c300-fanout_f32_l16-merkle-r2,872ddaac9ba159a9fd0dd0d88d14a6906a592d5ad2ee762d599faebefcb2d969,merkle,repair_write_ms,26.147
size-scaling-k75-c300-n7000000-f32-k75-c300-fanout_f32_l16-merkle-r2,872ddaac9ba159a9fd0dd0d88d14a6906a592d5ad2ee762d599faebefcb2d969,merkle,targeted_post_repair_confirmation_ms,3.448
size-scaling-k75-c300-n7000000-f32-k75-c300-fanout_f32_l16-merkle-r2,872ddaac9ba159a9fd0dd0d88d14a6906a592d5ad2ee762d599faebefcb2d969,merkle,recovery_observability_ms,0.001
size-scaling-k75-c300-n7000000-f32-k75-c300-fanout_f32_l16-merkle-r2,872ddaac9ba159a9fd0dd0d88d14a6906a592d5ad2ee762d599faebefcb2d969,merkle,recovery_orchestration_ms,2.685
size-scaling-k75-c300-n7000000-f32-k75-c300-fanout_f32_l16-merkle-r2,872ddaac9ba159a9fd0dd0d88d14a6906a592d5ad2ee762d599faebefcb2d969,merkle,merkle_total_ms,236.370
size-scaling-k75-c300-n7000000-f32-k75-c300-fanout_f32_l16-merkle-r3,872ddaac9ba159a9fd0dd0d88d14a6906a592d5ad2ee762d599faebefcb2d969,merkle,tree_localisation_ms,158.791
size-scaling-k75-c300-n7000000-f32-k75-c300-fanout_f32_l16-merkle-r3,872ddaac9ba159a9fd0dd0d88d14a6906a592d5ad2ee762d599faebefcb2d969,merkle,candidate_row_fetch_ms,31.553
size-scaling-k75-c300-n7000000-f32-k75-c300-fanout_f32_l16-merkle-r3,872ddaac9ba159a9fd0dd0d88d14a6906a592d5ad2ee762d599faebefcb2d969,merkle,row_comparison_ms,1.415
size-scaling-k75-c300-n7000000-f32-k75-c300-fanout_f32_l16-merkle-r3,872ddaac9ba159a9fd0dd0d88d14a6906a592d5ad2ee762d599faebefcb2d969,merkle,repair_sql_building_ms,0.558
size-scaling-k75-c300-n7000000-f32-k75-c300-fanout_f32_l16-merkle-r3,872ddaac9ba159a9fd0dd0d88d14a6906a592d5ad2ee762d599faebefcb2d969,merkle,repair_dml_wire_ms,17.714
size-scaling-k75-c300-n7000000-f32-k75-c300-fanout_f32_l16-merkle-r3,872ddaac9ba159a9fd0dd0d88d14a6906a592d5ad2ee762d599faebefcb2d969,merkle,repair_commit_wire_ms,7.928
size-scaling-k75-c300-n7000000-f32-k75-c300-fanout_f32_l16-merkle-r3,872ddaac9ba159a9fd0dd0d88d14a6906a592d5ad2ee762d599faebefcb2d969,merkle,repair_begin_wire_ms,0.152
size-scaling-k75-c300-n7000000-f32-k75-c300-fanout_f32_l16-merkle-r3,872ddaac9ba159a9fd0dd0d88d14a6906a592d5ad2ee762d599faebefcb2d969,merkle,repair_transaction_block_ms,26.409
size-scaling-k75-c300-n7000000-f32-k75-c300-fanout_f32_l16-merkle-r3,872ddaac9ba159a9fd0dd0d88d14a6906a592d5ad2ee762d599faebefcb2d969,merkle,repair_write_ms,26.413
size-scaling-k75-c300-n7000000-f32-k75-c300-fanout_f32_l16-merkle-r3,872ddaac9ba159a9fd0dd0d88d14a6906a592d5ad2ee762d599faebefcb2d969,merkle,targeted_post_repair_confirmation_ms,3.466
size-scaling-k75-c300-n7000000-f32-k75-c300-fanout_f32_l16-merkle-r3,872ddaac9ba159a9fd0dd0d88d14a6906a592d5ad2ee762d599faebefcb2d969,merkle,recovery_observability_ms,0.001
size-scaling-k75-c300-n7000000-f32-k75-c300-fanout_f32_l16-merkle-r3,872ddaac9ba159a9fd0dd0d88d14a6906a592d5ad2ee762d599faebefcb2d969,merkle,recovery_orchestration_ms,2.666
size-scaling-k75-c300-n7000000-f32-k75-c300-fanout_f32_l16-merkle-r3,872ddaac9ba159a9fd0dd0d88d14a6906a592d5ad2ee762d599faebefcb2d969,merkle,merkle_total_ms,227.984
size-scaling-k75-c300-n7000000-f32-k75-c300-fanout_f32_l16-merkle-r4,872ddaac9ba159a9fd0dd0d88d14a6906a592d5ad2ee762d599faebefcb2d969,merkle,tree_localisation_ms,154.720
size-scaling-k75-c300-n7000000-f32-k75-c300-fanout_f32_l16-merkle-r4,872ddaac9ba159a9fd0dd0d88d14a6906a592d5ad2ee762d599faebefcb2d969,merkle,candidate_row_fetch_ms,30.922
size-scaling-k75-c300-n7000000-f32-k75-c300-fanout_f32_l16-merkle-r4,872ddaac9ba159a9fd0dd0d88d14a6906a592d5ad2ee762d599faebefcb2d969,merkle,row_comparison_ms,1.446
size-scaling-k75-c300-n7000000-f32-k75-c300-fanout_f32_l16-merkle-r4,872ddaac9ba159a9fd0dd0d88d14a6906a592d5ad2ee762d599faebefcb2d969,merkle,repair_sql_building_ms,0.527
size-scaling-k75-c300-n7000000-f32-k75-c300-fanout_f32_l16-merkle-r4,872ddaac9ba159a9fd0dd0d88d14a6906a592d5ad2ee762d599faebefcb2d969,merkle,repair_dml_wire_ms,17.592
size-scaling-k75-c300-n7000000-f32-k75-c300-fanout_f32_l16-merkle-r4,872ddaac9ba159a9fd0dd0d88d14a6906a592d5ad2ee762d599faebefcb2d969,merkle,repair_commit_wire_ms,7.899
size-scaling-k75-c300-n7000000-f32-k75-c300-fanout_f32_l16-merkle-r4,872ddaac9ba159a9fd0dd0d88d14a6906a592d5ad2ee762d599faebefcb2d969,merkle,repair_begin_wire_ms,0.118
size-scaling-k75-c300-n7000000-f32-k75-c300-fanout_f32_l16-merkle-r4,872ddaac9ba159a9fd0dd0d88d14a6906a592d5ad2ee762d599faebefcb2d969,merkle,repair_transaction_block_ms,26.188
size-scaling-k75-c300-n7000000-f32-k75-c300-fanout_f32_l16-merkle-r4,872ddaac9ba159a9fd0dd0d88d14a6906a592d5ad2ee762d599faebefcb2d969,merkle,repair_write_ms,26.193
size-scaling-k75-c300-n7000000-f32-k75-c300-fanout_f32_l16-merkle-r4,872ddaac9ba159a9fd0dd0d88d14a6906a592d5ad2ee762d599faebefcb2d969,merkle,targeted_post_repair_confirmation_ms,3.388
size-scaling-k75-c300-n7000000-f32-k75-c300-fanout_f32_l16-merkle-r4,872ddaac9ba159a9fd0dd0d88d14a6906a592d5ad2ee762d599faebefcb2d969,merkle,recovery_observability_ms,0.001
size-scaling-k75-c300-n7000000-f32-k75-c300-fanout_f32_l16-merkle-r4,872ddaac9ba159a9fd0dd0d88d14a6906a592d5ad2ee762d599faebefcb2d969,merkle,recovery_orchestration_ms,2.541
size-scaling-k75-c300-n7000000-f32-k75-c300-fanout_f32_l16-merkle-r4,872ddaac9ba159a9fd0dd0d88d14a6906a592d5ad2ee762d599faebefcb2d969,merkle,merkle_total_ms,233.082
size-scaling-k75-c300-n7000000-f32-k75-c300-fanout_f32_l16-merkle-r5,872ddaac9ba159a9fd0dd0d88d14a6906a592d5ad2ee762d599faebefcb2d969,merkle,tree_localisation_ms,156.237
size-scaling-k75-c300-n7000000-f32-k75-c300-fanout_f32_l16-merkle-r5,872ddaac9ba159a9fd0dd0d88d14a6906a592d5ad2ee762d599faebefcb2d969,merkle,candidate_row_fetch_ms,28.872
size-scaling-k75-c300-n7000000-f32-k75-c300-fanout_f32_l16-merkle-r5,872ddaac9ba159a9fd0dd0d88d14a6906a592d5ad2ee762d599faebefcb2d969,merkle,row_comparison_ms,1.404
size-scaling-k75-c300-n7000000-f32-k75-c300-fanout_f32_l16-merkle-r5,872ddaac9ba159a9fd0dd0d88d14a6906a592d5ad2ee762d599faebefcb2d969,merkle,repair_sql_building_ms,0.536
size-scaling-k75-c300-n7000000-f32-k75-c300-fanout_f32_l16-merkle-r5,872ddaac9ba159a9fd0dd0d88d14a6906a592d5ad2ee762d599faebefcb2d969,merkle,repair_dml_wire_ms,16.655
size-scaling-k75-c300-n7000000-f32-k75-c300-fanout_f32_l16-merkle-r5,872ddaac9ba159a9fd0dd0d88d14a6906a592d5ad2ee762d599faebefcb2d969,merkle,repair_commit_wire_ms,7.888
size-scaling-k75-c300-n7000000-f32-k75-c300-fanout_f32_l16-merkle-r5,872ddaac9ba159a9fd0dd0d88d14a6906a592d5ad2ee762d599faebefcb2d969,merkle,repair_begin_wire_ms,0.119
size-scaling-k75-c300-n7000000-f32-k75-c300-fanout_f32_l16-merkle-r5,872ddaac9ba159a9fd0dd0d88d14a6906a592d5ad2ee762d599faebefcb2d969,merkle,repair_transaction_block_ms,25.249
size-scaling-k75-c300-n7000000-f32-k75-c300-fanout_f32_l16-merkle-r5,872ddaac9ba159a9fd0dd0d88d14a6906a592d5ad2ee762d599faebefcb2d969,merkle,repair_write_ms,25.254
size-scaling-k75-c300-n7000000-f32-k75-c300-fanout_f32_l16-merkle-r5,872ddaac9ba159a9fd0dd0d88d14a6906a592d5ad2ee762d599faebefcb2d969,merkle,targeted_post_repair_confirmation_ms,3.485
size-scaling-k75-c300-n7000000-f32-k75-c300-fanout_f32_l16-merkle-r5,872ddaac9ba159a9fd0dd0d88d14a6906a592d5ad2ee762d599faebefcb2d969,merkle,recovery_observability_ms,0.001
size-scaling-k75-c300-n7000000-f32-k75-c300-fanout_f32_l16-merkle-r5,872ddaac9ba159a9fd0dd0d88d14a6906a592d5ad2ee762d599faebefcb2d969,merkle,recovery_orchestration_ms,2.533
size-scaling-k75-c300-n7000000-f32-k75-c300-fanout_f32_l16-merkle-r5,872ddaac9ba159a9fd0dd0d88d14a6906a592d5ad2ee762d599faebefcb2d969,merkle,merkle_total_ms,221.430
size-scaling-k75-c300-n7000000-f32-k75-c300-fanout_f32_l16-merkle-r6,872ddaac9ba159a9fd0dd0d88d14a6906a592d5ad2ee762d599faebefcb2d969,merkle,tree_localisation_ms,152.514
size-scaling-k75-c300-n7000000-f32-k75-c300-fanout_f32_l16-merkle-r6,872ddaac9ba159a9fd0dd0d88d14a6906a592d5ad2ee762d599faebefcb2d969,merkle,candidate_row_fetch_ms,30.913
size-scaling-k75-c300-n7000000-f32-k75-c300-fanout_f32_l16-merkle-r6,872ddaac9ba159a9fd0dd0d88d14a6906a592d5ad2ee762d599faebefcb2d969,merkle,row_comparison_ms,1.410
size-scaling-k75-c300-n7000000-f32-k75-c300-fanout_f32_l16-merkle-r6,872ddaac9ba159a9fd0dd0d88d14a6906a592d5ad2ee762d599faebefcb2d969,merkle,repair_sql_building_ms,0.583
size-scaling-k75-c300-n7000000-f32-k75-c300-fanout_f32_l16-merkle-r6,872ddaac9ba159a9fd0dd0d88d14a6906a592d5ad2ee762d599faebefcb2d969,merkle,repair_dml_wire_ms,17.015
size-scaling-k75-c300-n7000000-f32-k75-c300-fanout_f32_l16-merkle-r6,872ddaac9ba159a9fd0dd0d88d14a6906a592d5ad2ee762d599faebefcb2d969,merkle,repair_commit_wire_ms,8.513
size-scaling-k75-c300-n7000000-f32-k75-c300-fanout_f32_l16-merkle-r6,872ddaac9ba159a9fd0dd0d88d14a6906a592d5ad2ee762d599faebefcb2d969,merkle,repair_begin_wire_ms,0.166
size-scaling-k75-c300-n7000000-f32-k75-c300-fanout_f32_l16-merkle-r6,872ddaac9ba159a9fd0dd0d88d14a6906a592d5ad2ee762d599faebefcb2d969,merkle,repair_transaction_block_ms,26.330
size-scaling-k75-c300-n7000000-f32-k75-c300-fanout_f32_l16-merkle-r6,872ddaac9ba159a9fd0dd0d88d14a6906a592d5ad2ee762d599faebefcb2d969,merkle,repair_write_ms,26.334
size-scaling-k75-c300-n7000000-f32-k75-c300-fanout_f32_l16-merkle-r6,872ddaac9ba159a9fd0dd0d88d14a6906a592d5ad2ee762d599faebefcb2d969,merkle,targeted_post_repair_confirmation_ms,3.477
size-scaling-k75-c300-n7000000-f32-k75-c300-fanout_f32_l16-merkle-r6,872ddaac9ba159a9fd0dd0d88d14a6906a592d5ad2ee762d599faebefcb2d969,merkle,recovery_observability_ms,0.001
size-scaling-k75-c300-n7000000-f32-k75-c300-fanout_f32_l16-merkle-r6,872ddaac9ba159a9fd0dd0d88d14a6906a592d5ad2ee762d599faebefcb2d969,merkle,recovery_orchestration_ms,2.525
size-scaling-k75-c300-n7000000-f32-k75-c300-fanout_f32_l16-merkle-r6,872ddaac9ba159a9fd0dd0d88d14a6906a592d5ad2ee762d599faebefcb2d969,merkle,merkle_total_ms,231.088
size-scaling-k75-c300-n7000000-f32-k75-c300-fanout_f32_l16-merkle-r7,872ddaac9ba159a9fd0dd0d88d14a6906a592d5ad2ee762d599faebefcb2d969,merkle,tree_localisation_ms,152.258
size-scaling-k75-c300-n7000000-f32-k75-c300-fanout_f32_l16-merkle-r7,872ddaac9ba159a9fd0dd0d88d14a6906a592d5ad2ee762d599faebefcb2d969,merkle,candidate_row_fetch_ms,30.714
size-scaling-k75-c300-n7000000-f32-k75-c300-fanout_f32_l16-merkle-r7,872ddaac9ba159a9fd0dd0d88d14a6906a592d5ad2ee762d599faebefcb2d969,merkle,row_comparison_ms,1.394
size-scaling-k75-c300-n7000000-f32-k75-c300-fanout_f32_l16-merkle-r7,872ddaac9ba159a9fd0dd0d88d14a6906a592d5ad2ee762d599faebefcb2d969,merkle,repair_sql_building_ms,0.447
size-scaling-k75-c300-n7000000-f32-k75-c300-fanout_f32_l16-merkle-r7,872ddaac9ba159a9fd0dd0d88d14a6906a592d5ad2ee762d599faebefcb2d969,merkle,repair_dml_wire_ms,16.292
size-scaling-k75-c300-n7000000-f32-k75-c300-fanout_f32_l16-merkle-r7,872ddaac9ba159a9fd0dd0d88d14a6906a592d5ad2ee762d599faebefcb2d969,merkle,repair_commit_wire_ms,7.832
size-scaling-k75-c300-n7000000-f32-k75-c300-fanout_f32_l16-merkle-r7,872ddaac9ba159a9fd0dd0d88d14a6906a592d5ad2ee762d599faebefcb2d969,merkle,repair_begin_wire_ms,0.107
size-scaling-k75-c300-n7000000-f32-k75-c300-fanout_f32_l16-merkle-r7,872ddaac9ba159a9fd0dd0d88d14a6906a592d5ad2ee762d599faebefcb2d969,merkle,repair_transaction_block_ms,24.728
size-scaling-k75-c300-n7000000-f32-k75-c300-fanout_f32_l16-merkle-r7,872ddaac9ba159a9fd0dd0d88d14a6906a592d5ad2ee762d599faebefcb2d969,merkle,repair_write_ms,24.732
size-scaling-k75-c300-n7000000-f32-k75-c300-fanout_f32_l16-merkle-r7,872ddaac9ba159a9fd0dd0d88d14a6906a592d5ad2ee762d599faebefcb2d969,merkle,targeted_post_repair_confirmation_ms,3.459
size-scaling-k75-c300-n7000000-f32-k75-c300-fanout_f32_l16-merkle-r7,872ddaac9ba159a9fd0dd0d88d14a6906a592d5ad2ee762d599faebefcb2d969,merkle,recovery_observability_ms,0.001
size-scaling-k75-c300-n7000000-f32-k75-c300-fanout_f32_l16-merkle-r7,872ddaac9ba159a9fd0dd0d88d14a6906a592d5ad2ee762d599faebefcb2d969,merkle,recovery_orchestration_ms,2.535
size-scaling-k75-c300-n7000000-f32-k75-c300-fanout_f32_l16-merkle-r7,872ddaac9ba159a9fd0dd0d88d14a6906a592d5ad2ee762d599faebefcb2d969,merkle,merkle_total_ms,218.797
size-scaling-k75-c300-n7000000-f32-k75-c300-fanout_f32_l16-merkle-r8,872ddaac9ba159a9fd0dd0d88d14a6906a592d5ad2ee762d599faebefcb2d969,merkle,tree_localisation_ms,154.011
size-scaling-k75-c300-n7000000-f32-k75-c300-fanout_f32_l16-merkle-r8,872ddaac9ba159a9fd0dd0d88d14a6906a592d5ad2ee762d599faebefcb2d969,merkle,candidate_row_fetch_ms,32.175
size-scaling-k75-c300-n7000000-f32-k75-c300-fanout_f32_l16-merkle-r8,872ddaac9ba159a9fd0dd0d88d14a6906a592d5ad2ee762d599faebefcb2d969,merkle,row_comparison_ms,1.429
size-scaling-k75-c300-n7000000-f32-k75-c300-fanout_f32_l16-merkle-r8,872ddaac9ba159a9fd0dd0d88d14a6906a592d5ad2ee762d599faebefcb2d969,merkle,repair_sql_building_ms,0.591
size-scaling-k75-c300-n7000000-f32-k75-c300-fanout_f32_l16-merkle-r8,872ddaac9ba159a9fd0dd0d88d14a6906a592d5ad2ee762d599faebefcb2d969,merkle,repair_dml_wire_ms,26.382
size-scaling-k75-c300-n7000000-f32-k75-c300-fanout_f32_l16-merkle-r8,872ddaac9ba159a9fd0dd0d88d14a6906a592d5ad2ee762d599faebefcb2d969,merkle,repair_commit_wire_ms,8.541
size-scaling-k75-c300-n7000000-f32-k75-c300-fanout_f32_l16-merkle-r8,872ddaac9ba159a9fd0dd0d88d14a6906a592d5ad2ee762d599faebefcb2d969,merkle,repair_begin_wire_ms,0.119
size-scaling-k75-c300-n7000000-f32-k75-c300-fanout_f32_l16-merkle-r8,872ddaac9ba159a9fd0dd0d88d14a6906a592d5ad2ee762d599faebefcb2d969,merkle,repair_transaction_block_ms,35.687
size-scaling-k75-c300-n7000000-f32-k75-c300-fanout_f32_l16-merkle-r8,872ddaac9ba159a9fd0dd0d88d14a6906a592d5ad2ee762d599faebefcb2d969,merkle,repair_write_ms,35.690
size-scaling-k75-c300-n7000000-f32-k75-c300-fanout_f32_l16-merkle-r8,872ddaac9ba159a9fd0dd0d88d14a6906a592d5ad2ee762d599faebefcb2d969,merkle,targeted_post_repair_confirmation_ms,3.522
size-scaling-k75-c300-n7000000-f32-k75-c300-fanout_f32_l16-merkle-r8,872ddaac9ba159a9fd0dd0d88d14a6906a592d5ad2ee762d599faebefcb2d969,merkle,recovery_observability_ms,0.001
size-scaling-k75-c300-n7000000-f32-k75-c300-fanout_f32_l16-merkle-r8,872ddaac9ba159a9fd0dd0d88d14a6906a592d5ad2ee762d599faebefcb2d969,merkle,recovery_orchestration_ms,2.586
size-scaling-k75-c300-n7000000-f32-k75-c300-fanout_f32_l16-merkle-r8,872ddaac9ba159a9fd0dd0d88d14a6906a592d5ad2ee762d599faebefcb2d969,merkle,merkle_total_ms,243.300
size-scaling-k75-c300-n7000000-f32-k75-c300-fanout_f32_l16-merkle-r9,872ddaac9ba159a9fd0dd0d88d14a6906a592d5ad2ee762d599faebefcb2d969,merkle,tree_localisation_ms,149.894
size-scaling-k75-c300-n7000000-f32-k75-c300-fanout_f32_l16-merkle-r9,872ddaac9ba159a9fd0dd0d88d14a6906a592d5ad2ee762d599faebefcb2d969,merkle,candidate_row_fetch_ms,32.278
size-scaling-k75-c300-n7000000-f32-k75-c300-fanout_f32_l16-merkle-r9,872ddaac9ba159a9fd0dd0d88d14a6906a592d5ad2ee762d599faebefcb2d969,merkle,row_comparison_ms,1.417
size-scaling-k75-c300-n7000000-f32-k75-c300-fanout_f32_l16-merkle-r9,872ddaac9ba159a9fd0dd0d88d14a6906a592d5ad2ee762d599faebefcb2d969,merkle,repair_sql_building_ms,0.560
size-scaling-k75-c300-n7000000-f32-k75-c300-fanout_f32_l16-merkle-r9,872ddaac9ba159a9fd0dd0d88d14a6906a592d5ad2ee762d599faebefcb2d969,merkle,repair_dml_wire_ms,16.783
size-scaling-k75-c300-n7000000-f32-k75-c300-fanout_f32_l16-merkle-r9,872ddaac9ba159a9fd0dd0d88d14a6906a592d5ad2ee762d599faebefcb2d969,merkle,repair_commit_wire_ms,7.910
size-scaling-k75-c300-n7000000-f32-k75-c300-fanout_f32_l16-merkle-r9,872ddaac9ba159a9fd0dd0d88d14a6906a592d5ad2ee762d599faebefcb2d969,merkle,repair_begin_wire_ms,0.157
size-scaling-k75-c300-n7000000-f32-k75-c300-fanout_f32_l16-merkle-r9,872ddaac9ba159a9fd0dd0d88d14a6906a592d5ad2ee762d599faebefcb2d969,merkle,repair_transaction_block_ms,25.467
size-scaling-k75-c300-n7000000-f32-k75-c300-fanout_f32_l16-merkle-r9,872ddaac9ba159a9fd0dd0d88d14a6906a592d5ad2ee762d599faebefcb2d969,merkle,repair_write_ms,25.472
size-scaling-k75-c300-n7000000-f32-k75-c300-fanout_f32_l16-merkle-r9,872ddaac9ba159a9fd0dd0d88d14a6906a592d5ad2ee762d599faebefcb2d969,merkle,targeted_post_repair_confirmation_ms,3.492
size-scaling-k75-c300-n7000000-f32-k75-c300-fanout_f32_l16-merkle-r9,872ddaac9ba159a9fd0dd0d88d14a6906a592d5ad2ee762d599faebefcb2d969,merkle,recovery_observability_ms,0.001
size-scaling-k75-c300-n7000000-f32-k75-c300-fanout_f32_l16-merkle-r9,872ddaac9ba159a9fd0dd0d88d14a6906a592d5ad2ee762d599faebefcb2d969,merkle,recovery_orchestration_ms,2.641
size-scaling-k75-c300-n7000000-f32-k75-c300-fanout_f32_l16-merkle-r9,872ddaac9ba159a9fd0dd0d88d14a6906a592d5ad2ee762d599faebefcb2d969,merkle,merkle_total_ms,218.841
size-scaling-k75-c300-n10000000-f32-k75-c300-fanout_f32_l16-merkle-r0,52c2e9756b1ea47fefb8232ada8d85e7ce79df8343e7245fa5b2744ad0438821,merkle,tree_localisation_ms,149.601
size-scaling-k75-c300-n10000000-f32-k75-c300-fanout_f32_l16-merkle-r0,52c2e9756b1ea47fefb8232ada8d85e7ce79df8343e7245fa5b2744ad0438821,merkle,candidate_row_fetch_ms,12.406
size-scaling-k75-c300-n10000000-f32-k75-c300-fanout_f32_l16-merkle-r0,52c2e9756b1ea47fefb8232ada8d85e7ce79df8343e7245fa5b2744ad0438821,merkle,row_comparison_ms,0.427
size-scaling-k75-c300-n10000000-f32-k75-c300-fanout_f32_l16-merkle-r0,52c2e9756b1ea47fefb8232ada8d85e7ce79df8343e7245fa5b2744ad0438821,merkle,repair_sql_building_ms,0.445
size-scaling-k75-c300-n10000000-f32-k75-c300-fanout_f32_l16-merkle-r0,52c2e9756b1ea47fefb8232ada8d85e7ce79df8343e7245fa5b2744ad0438821,merkle,repair_dml_wire_ms,22.988
size-scaling-k75-c300-n10000000-f32-k75-c300-fanout_f32_l16-merkle-r0,52c2e9756b1ea47fefb8232ada8d85e7ce79df8343e7245fa5b2744ad0438821,merkle,repair_commit_wire_ms,8.796
size-scaling-k75-c300-n10000000-f32-k75-c300-fanout_f32_l16-merkle-r0,52c2e9756b1ea47fefb8232ada8d85e7ce79df8343e7245fa5b2744ad0438821,merkle,repair_begin_wire_ms,0.094
size-scaling-k75-c300-n10000000-f32-k75-c300-fanout_f32_l16-merkle-r0,52c2e9756b1ea47fefb8232ada8d85e7ce79df8343e7245fa5b2744ad0438821,merkle,repair_transaction_block_ms,32.362
size-scaling-k75-c300-n10000000-f32-k75-c300-fanout_f32_l16-merkle-r0,52c2e9756b1ea47fefb8232ada8d85e7ce79df8343e7245fa5b2744ad0438821,merkle,repair_write_ms,32.365
size-scaling-k75-c300-n10000000-f32-k75-c300-fanout_f32_l16-merkle-r0,52c2e9756b1ea47fefb8232ada8d85e7ce79df8343e7245fa5b2744ad0438821,merkle,targeted_post_repair_confirmation_ms,3.151
size-scaling-k75-c300-n10000000-f32-k75-c300-fanout_f32_l16-merkle-r0,52c2e9756b1ea47fefb8232ada8d85e7ce79df8343e7245fa5b2744ad0438821,merkle,recovery_observability_ms,0.001
size-scaling-k75-c300-n10000000-f32-k75-c300-fanout_f32_l16-merkle-r0,52c2e9756b1ea47fefb8232ada8d85e7ce79df8343e7245fa5b2744ad0438821,merkle,recovery_orchestration_ms,1.977
size-scaling-k75-c300-n10000000-f32-k75-c300-fanout_f32_l16-merkle-r0,52c2e9756b1ea47fefb8232ada8d85e7ce79df8343e7245fa5b2744ad0438821,merkle,merkle_total_ms,213.818
size-scaling-k75-c300-n10000000-f32-k75-c300-fanout_f32_l16-merkle-r1,52c2e9756b1ea47fefb8232ada8d85e7ce79df8343e7245fa5b2744ad0438821,merkle,tree_localisation_ms,170.461
size-scaling-k75-c300-n10000000-f32-k75-c300-fanout_f32_l16-merkle-r1,52c2e9756b1ea47fefb8232ada8d85e7ce79df8343e7245fa5b2744ad0438821,merkle,candidate_row_fetch_ms,15.025
size-scaling-k75-c300-n10000000-f32-k75-c300-fanout_f32_l16-merkle-r1,52c2e9756b1ea47fefb8232ada8d85e7ce79df8343e7245fa5b2744ad0438821,merkle,row_comparison_ms,0.580
size-scaling-k75-c300-n10000000-f32-k75-c300-fanout_f32_l16-merkle-r1,52c2e9756b1ea47fefb8232ada8d85e7ce79df8343e7245fa5b2744ad0438821,merkle,repair_sql_building_ms,0.611
size-scaling-k75-c300-n10000000-f32-k75-c300-fanout_f32_l16-merkle-r1,52c2e9756b1ea47fefb8232ada8d85e7ce79df8343e7245fa5b2744ad0438821,merkle,repair_dml_wire_ms,17.902
size-scaling-k75-c300-n10000000-f32-k75-c300-fanout_f32_l16-merkle-r1,52c2e9756b1ea47fefb8232ada8d85e7ce79df8343e7245fa5b2744ad0438821,merkle,repair_commit_wire_ms,8.978
size-scaling-k75-c300-n10000000-f32-k75-c300-fanout_f32_l16-merkle-r1,52c2e9756b1ea47fefb8232ada8d85e7ce79df8343e7245fa5b2744ad0438821,merkle,repair_begin_wire_ms,0.104
size-scaling-k75-c300-n10000000-f32-k75-c300-fanout_f32_l16-merkle-r1,52c2e9756b1ea47fefb8232ada8d85e7ce79df8343e7245fa5b2744ad0438821,merkle,repair_transaction_block_ms,27.651
size-scaling-k75-c300-n10000000-f32-k75-c300-fanout_f32_l16-merkle-r1,52c2e9756b1ea47fefb8232ada8d85e7ce79df8343e7245fa5b2744ad0438821,merkle,repair_write_ms,27.656
size-scaling-k75-c300-n10000000-f32-k75-c300-fanout_f32_l16-merkle-r1,52c2e9756b1ea47fefb8232ada8d85e7ce79df8343e7245fa5b2744ad0438821,merkle,targeted_post_repair_confirmation_ms,3.448
size-scaling-k75-c300-n10000000-f32-k75-c300-fanout_f32_l16-merkle-r1,52c2e9756b1ea47fefb8232ada8d85e7ce79df8343e7245fa5b2744ad0438821,merkle,recovery_observability_ms,0.001
size-scaling-k75-c300-n10000000-f32-k75-c300-fanout_f32_l16-merkle-r1,52c2e9756b1ea47fefb8232ada8d85e7ce79df8343e7245fa5b2744ad0438821,merkle,recovery_orchestration_ms,2.311
size-scaling-k75-c300-n10000000-f32-k75-c300-fanout_f32_l16-merkle-r1,52c2e9756b1ea47fefb8232ada8d85e7ce79df8343e7245fa5b2744ad0438821,merkle,merkle_total_ms,223.163
size-scaling-k75-c300-n10000000-f32-k75-c300-fanout_f32_l16-merkle-r2,52c2e9756b1ea47fefb8232ada8d85e7ce79df8343e7245fa5b2744ad0438821,merkle,tree_localisation_ms,170.345
size-scaling-k75-c300-n10000000-f32-k75-c300-fanout_f32_l16-merkle-r2,52c2e9756b1ea47fefb8232ada8d85e7ce79df8343e7245fa5b2744ad0438821,merkle,candidate_row_fetch_ms,15.096
size-scaling-k75-c300-n10000000-f32-k75-c300-fanout_f32_l16-merkle-r2,52c2e9756b1ea47fefb8232ada8d85e7ce79df8343e7245fa5b2744ad0438821,merkle,row_comparison_ms,0.587
size-scaling-k75-c300-n10000000-f32-k75-c300-fanout_f32_l16-merkle-r2,52c2e9756b1ea47fefb8232ada8d85e7ce79df8343e7245fa5b2744ad0438821,merkle,repair_sql_building_ms,0.594
size-scaling-k75-c300-n10000000-f32-k75-c300-fanout_f32_l16-merkle-r2,52c2e9756b1ea47fefb8232ada8d85e7ce79df8343e7245fa5b2744ad0438821,merkle,repair_dml_wire_ms,17.954
size-scaling-k75-c300-n10000000-f32-k75-c300-fanout_f32_l16-merkle-r2,52c2e9756b1ea47fefb8232ada8d85e7ce79df8343e7245fa5b2744ad0438821,merkle,repair_commit_wire_ms,9.023
size-scaling-k75-c300-n10000000-f32-k75-c300-fanout_f32_l16-merkle-r2,52c2e9756b1ea47fefb8232ada8d85e7ce79df8343e7245fa5b2744ad0438821,merkle,repair_begin_wire_ms,0.106
size-scaling-k75-c300-n10000000-f32-k75-c300-fanout_f32_l16-merkle-r2,52c2e9756b1ea47fefb8232ada8d85e7ce79df8343e7245fa5b2744ad0438821,merkle,repair_transaction_block_ms,27.732
size-scaling-k75-c300-n10000000-f32-k75-c300-fanout_f32_l16-merkle-r2,52c2e9756b1ea47fefb8232ada8d85e7ce79df8343e7245fa5b2744ad0438821,merkle,repair_write_ms,27.736
size-scaling-k75-c300-n10000000-f32-k75-c300-fanout_f32_l16-merkle-r2,52c2e9756b1ea47fefb8232ada8d85e7ce79df8343e7245fa5b2744ad0438821,merkle,targeted_post_repair_confirmation_ms,3.500
size-scaling-k75-c300-n10000000-f32-k75-c300-fanout_f32_l16-merkle-r2,52c2e9756b1ea47fefb8232ada8d85e7ce79df8343e7245fa5b2744ad0438821,merkle,recovery_observability_ms,0.001
size-scaling-k75-c300-n10000000-f32-k75-c300-fanout_f32_l16-merkle-r2,52c2e9756b1ea47fefb8232ada8d85e7ce79df8343e7245fa5b2744ad0438821,merkle,recovery_orchestration_ms,2.316
size-scaling-k75-c300-n10000000-f32-k75-c300-fanout_f32_l16-merkle-r2,52c2e9756b1ea47fefb8232ada8d85e7ce79df8343e7245fa5b2744ad0438821,merkle,merkle_total_ms,233.552
size-scaling-k75-c300-n10000000-f32-k75-c300-fanout_f32_l16-merkle-r3,52c2e9756b1ea47fefb8232ada8d85e7ce79df8343e7245fa5b2744ad0438821,merkle,tree_localisation_ms,174.090
size-scaling-k75-c300-n10000000-f32-k75-c300-fanout_f32_l16-merkle-r3,52c2e9756b1ea47fefb8232ada8d85e7ce79df8343e7245fa5b2744ad0438821,merkle,candidate_row_fetch_ms,16.121
size-scaling-k75-c300-n10000000-f32-k75-c300-fanout_f32_l16-merkle-r3,52c2e9756b1ea47fefb8232ada8d85e7ce79df8343e7245fa5b2744ad0438821,merkle,row_comparison_ms,0.581
size-scaling-k75-c300-n10000000-f32-k75-c300-fanout_f32_l16-merkle-r3,52c2e9756b1ea47fefb8232ada8d85e7ce79df8343e7245fa5b2744ad0438821,merkle,repair_sql_building_ms,0.563
size-scaling-k75-c300-n10000000-f32-k75-c300-fanout_f32_l16-merkle-r3,52c2e9756b1ea47fefb8232ada8d85e7ce79df8343e7245fa5b2744ad0438821,merkle,repair_dml_wire_ms,17.518
size-scaling-k75-c300-n10000000-f32-k75-c300-fanout_f32_l16-merkle-r3,52c2e9756b1ea47fefb8232ada8d85e7ce79df8343e7245fa5b2744ad0438821,merkle,repair_commit_wire_ms,9.019
size-scaling-k75-c300-n10000000-f32-k75-c300-fanout_f32_l16-merkle-r3,52c2e9756b1ea47fefb8232ada8d85e7ce79df8343e7245fa5b2744ad0438821,merkle,repair_begin_wire_ms,0.153
size-scaling-k75-c300-n10000000-f32-k75-c300-fanout_f32_l16-merkle-r3,52c2e9756b1ea47fefb8232ada8d85e7ce79df8343e7245fa5b2744ad0438821,merkle,repair_transaction_block_ms,27.310
size-scaling-k75-c300-n10000000-f32-k75-c300-fanout_f32_l16-merkle-r3,52c2e9756b1ea47fefb8232ada8d85e7ce79df8343e7245fa5b2744ad0438821,merkle,repair_write_ms,27.314
size-scaling-k75-c300-n10000000-f32-k75-c300-fanout_f32_l16-merkle-r3,52c2e9756b1ea47fefb8232ada8d85e7ce79df8343e7245fa5b2744ad0438821,merkle,targeted_post_repair_confirmation_ms,3.667
size-scaling-k75-c300-n10000000-f32-k75-c300-fanout_f32_l16-merkle-r3,52c2e9756b1ea47fefb8232ada8d85e7ce79df8343e7245fa5b2744ad0438821,merkle,recovery_observability_ms,0.001
size-scaling-k75-c300-n10000000-f32-k75-c300-fanout_f32_l16-merkle-r3,52c2e9756b1ea47fefb8232ada8d85e7ce79df8343e7245fa5b2744ad0438821,merkle,recovery_orchestration_ms,2.453
size-scaling-k75-c300-n10000000-f32-k75-c300-fanout_f32_l16-merkle-r3,52c2e9756b1ea47fefb8232ada8d85e7ce79df8343e7245fa5b2744ad0438821,merkle,merkle_total_ms,227.870
size-scaling-k75-c300-n10000000-f32-k75-c300-fanout_f32_l16-merkle-r4,52c2e9756b1ea47fefb8232ada8d85e7ce79df8343e7245fa5b2744ad0438821,merkle,tree_localisation_ms,173.612
size-scaling-k75-c300-n10000000-f32-k75-c300-fanout_f32_l16-merkle-r4,52c2e9756b1ea47fefb8232ada8d85e7ce79df8343e7245fa5b2744ad0438821,merkle,candidate_row_fetch_ms,16.403
size-scaling-k75-c300-n10000000-f32-k75-c300-fanout_f32_l16-merkle-r4,52c2e9756b1ea47fefb8232ada8d85e7ce79df8343e7245fa5b2744ad0438821,merkle,row_comparison_ms,0.602
size-scaling-k75-c300-n10000000-f32-k75-c300-fanout_f32_l16-merkle-r4,52c2e9756b1ea47fefb8232ada8d85e7ce79df8343e7245fa5b2744ad0438821,merkle,repair_sql_building_ms,0.560
size-scaling-k75-c300-n10000000-f32-k75-c300-fanout_f32_l16-merkle-r4,52c2e9756b1ea47fefb8232ada8d85e7ce79df8343e7245fa5b2744ad0438821,merkle,repair_dml_wire_ms,17.721
size-scaling-k75-c300-n10000000-f32-k75-c300-fanout_f32_l16-merkle-r4,52c2e9756b1ea47fefb8232ada8d85e7ce79df8343e7245fa5b2744ad0438821,merkle,repair_commit_wire_ms,9.042
size-scaling-k75-c300-n10000000-f32-k75-c300-fanout_f32_l16-merkle-r4,52c2e9756b1ea47fefb8232ada8d85e7ce79df8343e7245fa5b2744ad0438821,merkle,repair_begin_wire_ms,0.151
size-scaling-k75-c300-n10000000-f32-k75-c300-fanout_f32_l16-merkle-r4,52c2e9756b1ea47fefb8232ada8d85e7ce79df8343e7245fa5b2744ad0438821,merkle,repair_transaction_block_ms,27.530
size-scaling-k75-c300-n10000000-f32-k75-c300-fanout_f32_l16-merkle-r4,52c2e9756b1ea47fefb8232ada8d85e7ce79df8343e7245fa5b2744ad0438821,merkle,repair_write_ms,27.535
size-scaling-k75-c300-n10000000-f32-k75-c300-fanout_f32_l16-merkle-r4,52c2e9756b1ea47fefb8232ada8d85e7ce79df8343e7245fa5b2744ad0438821,merkle,targeted_post_repair_confirmation_ms,3.406
size-scaling-k75-c300-n10000000-f32-k75-c300-fanout_f32_l16-merkle-r4,52c2e9756b1ea47fefb8232ada8d85e7ce79df8343e7245fa5b2744ad0438821,merkle,recovery_observability_ms,0.001
size-scaling-k75-c300-n10000000-f32-k75-c300-fanout_f32_l16-merkle-r4,52c2e9756b1ea47fefb8232ada8d85e7ce79df8343e7245fa5b2744ad0438821,merkle,recovery_orchestration_ms,2.432
size-scaling-k75-c300-n10000000-f32-k75-c300-fanout_f32_l16-merkle-r4,52c2e9756b1ea47fefb8232ada8d85e7ce79df8343e7245fa5b2744ad0438821,merkle,merkle_total_ms,237.896
size-scaling-k75-c300-n10000000-f32-k75-c300-fanout_f32_l16-merkle-r5,52c2e9756b1ea47fefb8232ada8d85e7ce79df8343e7245fa5b2744ad0438821,merkle,tree_localisation_ms,177.704
size-scaling-k75-c300-n10000000-f32-k75-c300-fanout_f32_l16-merkle-r5,52c2e9756b1ea47fefb8232ada8d85e7ce79df8343e7245fa5b2744ad0438821,merkle,candidate_row_fetch_ms,15.412
size-scaling-k75-c300-n10000000-f32-k75-c300-fanout_f32_l16-merkle-r5,52c2e9756b1ea47fefb8232ada8d85e7ce79df8343e7245fa5b2744ad0438821,merkle,row_comparison_ms,0.578
size-scaling-k75-c300-n10000000-f32-k75-c300-fanout_f32_l16-merkle-r5,52c2e9756b1ea47fefb8232ada8d85e7ce79df8343e7245fa5b2744ad0438821,merkle,repair_sql_building_ms,0.568
size-scaling-k75-c300-n10000000-f32-k75-c300-fanout_f32_l16-merkle-r5,52c2e9756b1ea47fefb8232ada8d85e7ce79df8343e7245fa5b2744ad0438821,merkle,repair_dml_wire_ms,16.617
size-scaling-k75-c300-n10000000-f32-k75-c300-fanout_f32_l16-merkle-r5,52c2e9756b1ea47fefb8232ada8d85e7ce79df8343e7245fa5b2744ad0438821,merkle,repair_commit_wire_ms,9.006
size-scaling-k75-c300-n10000000-f32-k75-c300-fanout_f32_l16-merkle-r5,52c2e9756b1ea47fefb8232ada8d85e7ce79df8343e7245fa5b2744ad0438821,merkle,repair_begin_wire_ms,0.121
size-scaling-k75-c300-n10000000-f32-k75-c300-fanout_f32_l16-merkle-r5,52c2e9756b1ea47fefb8232ada8d85e7ce79df8343e7245fa5b2744ad0438821,merkle,repair_transaction_block_ms,26.367
size-scaling-k75-c300-n10000000-f32-k75-c300-fanout_f32_l16-merkle-r5,52c2e9756b1ea47fefb8232ada8d85e7ce79df8343e7245fa5b2744ad0438821,merkle,repair_write_ms,26.371
size-scaling-k75-c300-n10000000-f32-k75-c300-fanout_f32_l16-merkle-r5,52c2e9756b1ea47fefb8232ada8d85e7ce79df8343e7245fa5b2744ad0438821,merkle,targeted_post_repair_confirmation_ms,3.470
size-scaling-k75-c300-n10000000-f32-k75-c300-fanout_f32_l16-merkle-r5,52c2e9756b1ea47fefb8232ada8d85e7ce79df8343e7245fa5b2744ad0438821,merkle,recovery_observability_ms,0.001
size-scaling-k75-c300-n10000000-f32-k75-c300-fanout_f32_l16-merkle-r5,52c2e9756b1ea47fefb8232ada8d85e7ce79df8343e7245fa5b2744ad0438821,merkle,recovery_orchestration_ms,2.304
size-scaling-k75-c300-n10000000-f32-k75-c300-fanout_f32_l16-merkle-r5,52c2e9756b1ea47fefb8232ada8d85e7ce79df8343e7245fa5b2744ad0438821,merkle,merkle_total_ms,229.540
size-scaling-k75-c300-n10000000-f32-k75-c300-fanout_f32_l16-merkle-r6,52c2e9756b1ea47fefb8232ada8d85e7ce79df8343e7245fa5b2744ad0438821,merkle,tree_localisation_ms,180.408
size-scaling-k75-c300-n10000000-f32-k75-c300-fanout_f32_l16-merkle-r6,52c2e9756b1ea47fefb8232ada8d85e7ce79df8343e7245fa5b2744ad0438821,merkle,candidate_row_fetch_ms,16.837
size-scaling-k75-c300-n10000000-f32-k75-c300-fanout_f32_l16-merkle-r6,52c2e9756b1ea47fefb8232ada8d85e7ce79df8343e7245fa5b2744ad0438821,merkle,row_comparison_ms,0.584
size-scaling-k75-c300-n10000000-f32-k75-c300-fanout_f32_l16-merkle-r6,52c2e9756b1ea47fefb8232ada8d85e7ce79df8343e7245fa5b2744ad0438821,merkle,repair_sql_building_ms,0.543
size-scaling-k75-c300-n10000000-f32-k75-c300-fanout_f32_l16-merkle-r6,52c2e9756b1ea47fefb8232ada8d85e7ce79df8343e7245fa5b2744ad0438821,merkle,repair_dml_wire_ms,16.773
size-scaling-k75-c300-n10000000-f32-k75-c300-fanout_f32_l16-merkle-r6,52c2e9756b1ea47fefb8232ada8d85e7ce79df8343e7245fa5b2744ad0438821,merkle,repair_commit_wire_ms,9.071
size-scaling-k75-c300-n10000000-f32-k75-c300-fanout_f32_l16-merkle-r6,52c2e9756b1ea47fefb8232ada8d85e7ce79df8343e7245fa5b2744ad0438821,merkle,repair_begin_wire_ms,0.151
size-scaling-k75-c300-n10000000-f32-k75-c300-fanout_f32_l16-merkle-r6,52c2e9756b1ea47fefb8232ada8d85e7ce79df8343e7245fa5b2744ad0438821,merkle,repair_transaction_block_ms,26.605
size-scaling-k75-c300-n10000000-f32-k75-c300-fanout_f32_l16-merkle-r6,52c2e9756b1ea47fefb8232ada8d85e7ce79df8343e7245fa5b2744ad0438821,merkle,repair_write_ms,26.610
size-scaling-k75-c300-n10000000-f32-k75-c300-fanout_f32_l16-merkle-r6,52c2e9756b1ea47fefb8232ada8d85e7ce79df8343e7245fa5b2744ad0438821,merkle,targeted_post_repair_confirmation_ms,3.486
size-scaling-k75-c300-n10000000-f32-k75-c300-fanout_f32_l16-merkle-r6,52c2e9756b1ea47fefb8232ada8d85e7ce79df8343e7245fa5b2744ad0438821,merkle,recovery_observability_ms,0.001
size-scaling-k75-c300-n10000000-f32-k75-c300-fanout_f32_l16-merkle-r6,52c2e9756b1ea47fefb8232ada8d85e7ce79df8343e7245fa5b2744ad0438821,merkle,recovery_orchestration_ms,2.421
size-scaling-k75-c300-n10000000-f32-k75-c300-fanout_f32_l16-merkle-r6,52c2e9756b1ea47fefb8232ada8d85e7ce79df8343e7245fa5b2744ad0438821,merkle,merkle_total_ms,244.288
size-scaling-k75-c300-n10000000-f32-k75-c300-fanout_f32_l16-merkle-r7,52c2e9756b1ea47fefb8232ada8d85e7ce79df8343e7245fa5b2744ad0438821,merkle,tree_localisation_ms,169.795
size-scaling-k75-c300-n10000000-f32-k75-c300-fanout_f32_l16-merkle-r7,52c2e9756b1ea47fefb8232ada8d85e7ce79df8343e7245fa5b2744ad0438821,merkle,candidate_row_fetch_ms,15.437
size-scaling-k75-c300-n10000000-f32-k75-c300-fanout_f32_l16-merkle-r7,52c2e9756b1ea47fefb8232ada8d85e7ce79df8343e7245fa5b2744ad0438821,merkle,row_comparison_ms,0.585
size-scaling-k75-c300-n10000000-f32-k75-c300-fanout_f32_l16-merkle-r7,52c2e9756b1ea47fefb8232ada8d85e7ce79df8343e7245fa5b2744ad0438821,merkle,repair_sql_building_ms,0.574
size-scaling-k75-c300-n10000000-f32-k75-c300-fanout_f32_l16-merkle-r7,52c2e9756b1ea47fefb8232ada8d85e7ce79df8343e7245fa5b2744ad0438821,merkle,repair_dml_wire_ms,26.282
size-scaling-k75-c300-n10000000-f32-k75-c300-fanout_f32_l16-merkle-r7,52c2e9756b1ea47fefb8232ada8d85e7ce79df8343e7245fa5b2744ad0438821,merkle,repair_commit_wire_ms,9.083
size-scaling-k75-c300-n10000000-f32-k75-c300-fanout_f32_l16-merkle-r7,52c2e9756b1ea47fefb8232ada8d85e7ce79df8343e7245fa5b2744ad0438821,merkle,repair_begin_wire_ms,0.115
size-scaling-k75-c300-n10000000-f32-k75-c300-fanout_f32_l16-merkle-r7,52c2e9756b1ea47fefb8232ada8d85e7ce79df8343e7245fa5b2744ad0438821,merkle,repair_transaction_block_ms,36.107
size-scaling-k75-c300-n10000000-f32-k75-c300-fanout_f32_l16-merkle-r7,52c2e9756b1ea47fefb8232ada8d85e7ce79df8343e7245fa5b2744ad0438821,merkle,repair_write_ms,36.112
size-scaling-k75-c300-n10000000-f32-k75-c300-fanout_f32_l16-merkle-r7,52c2e9756b1ea47fefb8232ada8d85e7ce79df8343e7245fa5b2744ad0438821,merkle,targeted_post_repair_confirmation_ms,3.560
size-scaling-k75-c300-n10000000-f32-k75-c300-fanout_f32_l16-merkle-r7,52c2e9756b1ea47fefb8232ada8d85e7ce79df8343e7245fa5b2744ad0438821,merkle,recovery_observability_ms,0.001
size-scaling-k75-c300-n10000000-f32-k75-c300-fanout_f32_l16-merkle-r7,52c2e9756b1ea47fefb8232ada8d85e7ce79df8343e7245fa5b2744ad0438821,merkle,recovery_orchestration_ms,2.251
size-scaling-k75-c300-n10000000-f32-k75-c300-fanout_f32_l16-merkle-r7,52c2e9756b1ea47fefb8232ada8d85e7ce79df8343e7245fa5b2744ad0438821,merkle,merkle_total_ms,231.369
size-scaling-k75-c300-n10000000-f32-k75-c300-fanout_f32_l16-merkle-r8,52c2e9756b1ea47fefb8232ada8d85e7ce79df8343e7245fa5b2744ad0438821,merkle,tree_localisation_ms,173.846
size-scaling-k75-c300-n10000000-f32-k75-c300-fanout_f32_l16-merkle-r8,52c2e9756b1ea47fefb8232ada8d85e7ce79df8343e7245fa5b2744ad0438821,merkle,candidate_row_fetch_ms,16.714
size-scaling-k75-c300-n10000000-f32-k75-c300-fanout_f32_l16-merkle-r8,52c2e9756b1ea47fefb8232ada8d85e7ce79df8343e7245fa5b2744ad0438821,merkle,row_comparison_ms,0.579
size-scaling-k75-c300-n10000000-f32-k75-c300-fanout_f32_l16-merkle-r8,52c2e9756b1ea47fefb8232ada8d85e7ce79df8343e7245fa5b2744ad0438821,merkle,repair_sql_building_ms,0.551
size-scaling-k75-c300-n10000000-f32-k75-c300-fanout_f32_l16-merkle-r8,52c2e9756b1ea47fefb8232ada8d85e7ce79df8343e7245fa5b2744ad0438821,merkle,repair_dml_wire_ms,16.828
size-scaling-k75-c300-n10000000-f32-k75-c300-fanout_f32_l16-merkle-r8,52c2e9756b1ea47fefb8232ada8d85e7ce79df8343e7245fa5b2744ad0438821,merkle,repair_commit_wire_ms,8.976
size-scaling-k75-c300-n10000000-f32-k75-c300-fanout_f32_l16-merkle-r8,52c2e9756b1ea47fefb8232ada8d85e7ce79df8343e7245fa5b2744ad0438821,merkle,repair_begin_wire_ms,0.114
size-scaling-k75-c300-n10000000-f32-k75-c300-fanout_f32_l16-merkle-r8,52c2e9756b1ea47fefb8232ada8d85e7ce79df8343e7245fa5b2744ad0438821,merkle,repair_transaction_block_ms,26.539
size-scaling-k75-c300-n10000000-f32-k75-c300-fanout_f32_l16-merkle-r8,52c2e9756b1ea47fefb8232ada8d85e7ce79df8343e7245fa5b2744ad0438821,merkle,repair_write_ms,26.545
size-scaling-k75-c300-n10000000-f32-k75-c300-fanout_f32_l16-merkle-r8,52c2e9756b1ea47fefb8232ada8d85e7ce79df8343e7245fa5b2744ad0438821,merkle,targeted_post_repair_confirmation_ms,3.511
size-scaling-k75-c300-n10000000-f32-k75-c300-fanout_f32_l16-merkle-r8,52c2e9756b1ea47fefb8232ada8d85e7ce79df8343e7245fa5b2744ad0438821,merkle,recovery_observability_ms,0.001
size-scaling-k75-c300-n10000000-f32-k75-c300-fanout_f32_l16-merkle-r8,52c2e9756b1ea47fefb8232ada8d85e7ce79df8343e7245fa5b2744ad0438821,merkle,recovery_orchestration_ms,2.453
size-scaling-k75-c300-n10000000-f32-k75-c300-fanout_f32_l16-merkle-r8,52c2e9756b1ea47fefb8232ada8d85e7ce79df8343e7245fa5b2744ad0438821,merkle,merkle_total_ms,237.540
size-scaling-k75-c300-n10000000-f32-k75-c300-fanout_f32_l16-merkle-r9,52c2e9756b1ea47fefb8232ada8d85e7ce79df8343e7245fa5b2744ad0438821,merkle,tree_localisation_ms,174.118
size-scaling-k75-c300-n10000000-f32-k75-c300-fanout_f32_l16-merkle-r9,52c2e9756b1ea47fefb8232ada8d85e7ce79df8343e7245fa5b2744ad0438821,merkle,candidate_row_fetch_ms,16.847
size-scaling-k75-c300-n10000000-f32-k75-c300-fanout_f32_l16-merkle-r9,52c2e9756b1ea47fefb8232ada8d85e7ce79df8343e7245fa5b2744ad0438821,merkle,row_comparison_ms,0.578
size-scaling-k75-c300-n10000000-f32-k75-c300-fanout_f32_l16-merkle-r9,52c2e9756b1ea47fefb8232ada8d85e7ce79df8343e7245fa5b2744ad0438821,merkle,repair_sql_building_ms,0.560
size-scaling-k75-c300-n10000000-f32-k75-c300-fanout_f32_l16-merkle-r9,52c2e9756b1ea47fefb8232ada8d85e7ce79df8343e7245fa5b2744ad0438821,merkle,repair_dml_wire_ms,16.987
size-scaling-k75-c300-n10000000-f32-k75-c300-fanout_f32_l16-merkle-r9,52c2e9756b1ea47fefb8232ada8d85e7ce79df8343e7245fa5b2744ad0438821,merkle,repair_commit_wire_ms,8.631
size-scaling-k75-c300-n10000000-f32-k75-c300-fanout_f32_l16-merkle-r9,52c2e9756b1ea47fefb8232ada8d85e7ce79df8343e7245fa5b2744ad0438821,merkle,repair_begin_wire_ms,0.111
size-scaling-k75-c300-n10000000-f32-k75-c300-fanout_f32_l16-merkle-r9,52c2e9756b1ea47fefb8232ada8d85e7ce79df8343e7245fa5b2744ad0438821,merkle,repair_transaction_block_ms,26.343
size-scaling-k75-c300-n10000000-f32-k75-c300-fanout_f32_l16-merkle-r9,52c2e9756b1ea47fefb8232ada8d85e7ce79df8343e7245fa5b2744ad0438821,merkle,repair_write_ms,26.348
size-scaling-k75-c300-n10000000-f32-k75-c300-fanout_f32_l16-merkle-r9,52c2e9756b1ea47fefb8232ada8d85e7ce79df8343e7245fa5b2744ad0438821,merkle,targeted_post_repair_confirmation_ms,3.296
size-scaling-k75-c300-n10000000-f32-k75-c300-fanout_f32_l16-merkle-r9,52c2e9756b1ea47fefb8232ada8d85e7ce79df8343e7245fa5b2744ad0438821,merkle,recovery_observability_ms,0.001
size-scaling-k75-c300-n10000000-f32-k75-c300-fanout_f32_l16-merkle-r9,52c2e9756b1ea47fefb8232ada8d85e7ce79df8343e7245fa5b2744ad0438821,merkle,recovery_orchestration_ms,2.417
size-scaling-k75-c300-n10000000-f32-k75-c300-fanout_f32_l16-merkle-r9,52c2e9756b1ea47fefb8232ada8d85e7ce79df8343e7245fa5b2744ad0438821,merkle,merkle_total_ms,227.485
size-scaling-k75-c300-n15000000-f32-k75-c300-fanout_f32_l16-merkle-r0,c06d6408b9f479f1212a44a401ea222dc7396dc79d353a1520e8d437ec9db603,merkle,tree_localisation_ms,87.712
size-scaling-k75-c300-n15000000-f32-k75-c300-fanout_f32_l16-merkle-r0,c06d6408b9f479f1212a44a401ea222dc7396dc79d353a1520e8d437ec9db603,merkle,candidate_row_fetch_ms,7.188
size-scaling-k75-c300-n15000000-f32-k75-c300-fanout_f32_l16-merkle-r0,c06d6408b9f479f1212a44a401ea222dc7396dc79d353a1520e8d437ec9db603,merkle,row_comparison_ms,0.224
size-scaling-k75-c300-n15000000-f32-k75-c300-fanout_f32_l16-merkle-r0,c06d6408b9f479f1212a44a401ea222dc7396dc79d353a1520e8d437ec9db603,merkle,repair_sql_building_ms,0.230
size-scaling-k75-c300-n15000000-f32-k75-c300-fanout_f32_l16-merkle-r0,c06d6408b9f479f1212a44a401ea222dc7396dc79d353a1520e8d437ec9db603,merkle,repair_dml_wire_ms,7.565
size-scaling-k75-c300-n15000000-f32-k75-c300-fanout_f32_l16-merkle-r0,c06d6408b9f479f1212a44a401ea222dc7396dc79d353a1520e8d437ec9db603,merkle,repair_commit_wire_ms,4.139
size-scaling-k75-c300-n15000000-f32-k75-c300-fanout_f32_l16-merkle-r0,c06d6408b9f479f1212a44a401ea222dc7396dc79d353a1520e8d437ec9db603,merkle,repair_begin_wire_ms,0.051
size-scaling-k75-c300-n15000000-f32-k75-c300-fanout_f32_l16-merkle-r0,c06d6408b9f479f1212a44a401ea222dc7396dc79d353a1520e8d437ec9db603,merkle,repair_transaction_block_ms,12.009
size-scaling-k75-c300-n15000000-f32-k75-c300-fanout_f32_l16-merkle-r0,c06d6408b9f479f1212a44a401ea222dc7396dc79d353a1520e8d437ec9db603,merkle,repair_write_ms,12.011
size-scaling-k75-c300-n15000000-f32-k75-c300-fanout_f32_l16-merkle-r0,c06d6408b9f479f1212a44a401ea222dc7396dc79d353a1520e8d437ec9db603,merkle,targeted_post_repair_confirmation_ms,1.541
size-scaling-k75-c300-n15000000-f32-k75-c300-fanout_f32_l16-merkle-r0,c06d6408b9f479f1212a44a401ea222dc7396dc79d353a1520e8d437ec9db603,merkle,recovery_observability_ms,0.000
size-scaling-k75-c300-n15000000-f32-k75-c300-fanout_f32_l16-merkle-r0,c06d6408b9f479f1212a44a401ea222dc7396dc79d353a1520e8d437ec9db603,merkle,recovery_orchestration_ms,0.968
size-scaling-k75-c300-n15000000-f32-k75-c300-fanout_f32_l16-merkle-r0,c06d6408b9f479f1212a44a401ea222dc7396dc79d353a1520e8d437ec9db603,merkle,merkle_total_ms,111.239
size-scaling-k75-c300-n15000000-f32-k75-c300-fanout_f32_l16-merkle-r1,c06d6408b9f479f1212a44a401ea222dc7396dc79d353a1520e8d437ec9db603,merkle,tree_localisation_ms,87.945
size-scaling-k75-c300-n15000000-f32-k75-c300-fanout_f32_l16-merkle-r1,c06d6408b9f479f1212a44a401ea222dc7396dc79d353a1520e8d437ec9db603,merkle,candidate_row_fetch_ms,7.395
size-scaling-k75-c300-n15000000-f32-k75-c300-fanout_f32_l16-merkle-r1,c06d6408b9f479f1212a44a401ea222dc7396dc79d353a1520e8d437ec9db603,merkle,row_comparison_ms,0.225
size-scaling-k75-c300-n15000000-f32-k75-c300-fanout_f32_l16-merkle-r1,c06d6408b9f479f1212a44a401ea222dc7396dc79d353a1520e8d437ec9db603,merkle,repair_sql_building_ms,0.234
size-scaling-k75-c300-n15000000-f32-k75-c300-fanout_f32_l16-merkle-r1,c06d6408b9f479f1212a44a401ea222dc7396dc79d353a1520e8d437ec9db603,merkle,repair_dml_wire_ms,7.395
size-scaling-k75-c300-n15000000-f32-k75-c300-fanout_f32_l16-merkle-r1,c06d6408b9f479f1212a44a401ea222dc7396dc79d353a1520e8d437ec9db603,merkle,repair_commit_wire_ms,4.118
size-scaling-k75-c300-n15000000-f32-k75-c300-fanout_f32_l16-merkle-r1,c06d6408b9f479f1212a44a401ea222dc7396dc79d353a1520e8d437ec9db603,merkle,repair_begin_wire_ms,0.049
size-scaling-k75-c300-n15000000-f32-k75-c300-fanout_f32_l16-merkle-r1,c06d6408b9f479f1212a44a401ea222dc7396dc79d353a1520e8d437ec9db603,merkle,repair_transaction_block_ms,11.820
size-scaling-k75-c300-n15000000-f32-k75-c300-fanout_f32_l16-merkle-r1,c06d6408b9f479f1212a44a401ea222dc7396dc79d353a1520e8d437ec9db603,merkle,repair_write_ms,11.822
size-scaling-k75-c300-n15000000-f32-k75-c300-fanout_f32_l16-merkle-r1,c06d6408b9f479f1212a44a401ea222dc7396dc79d353a1520e8d437ec9db603,merkle,targeted_post_repair_confirmation_ms,1.494
size-scaling-k75-c300-n15000000-f32-k75-c300-fanout_f32_l16-merkle-r1,c06d6408b9f479f1212a44a401ea222dc7396dc79d353a1520e8d437ec9db603,merkle,recovery_observability_ms,0.001
size-scaling-k75-c300-n15000000-f32-k75-c300-fanout_f32_l16-merkle-r1,c06d6408b9f479f1212a44a401ea222dc7396dc79d353a1520e8d437ec9db603,merkle,recovery_orchestration_ms,0.961
size-scaling-k75-c300-n15000000-f32-k75-c300-fanout_f32_l16-merkle-r1,c06d6408b9f479f1212a44a401ea222dc7396dc79d353a1520e8d437ec9db603,merkle,merkle_total_ms,111.435
size-scaling-k75-c300-n15000000-f32-k75-c300-fanout_f32_l16-merkle-r2,c06d6408b9f479f1212a44a401ea222dc7396dc79d353a1520e8d437ec9db603,merkle,tree_localisation_ms,87.680
size-scaling-k75-c300-n15000000-f32-k75-c300-fanout_f32_l16-merkle-r2,c06d6408b9f479f1212a44a401ea222dc7396dc79d353a1520e8d437ec9db603,merkle,candidate_row_fetch_ms,7.433
size-scaling-k75-c300-n15000000-f32-k75-c300-fanout_f32_l16-merkle-r2,c06d6408b9f479f1212a44a401ea222dc7396dc79d353a1520e8d437ec9db603,merkle,row_comparison_ms,0.228
size-scaling-k75-c300-n15000000-f32-k75-c300-fanout_f32_l16-merkle-r2,c06d6408b9f479f1212a44a401ea222dc7396dc79d353a1520e8d437ec9db603,merkle,repair_sql_building_ms,0.236
size-scaling-k75-c300-n15000000-f32-k75-c300-fanout_f32_l16-merkle-r2,c06d6408b9f479f1212a44a401ea222dc7396dc79d353a1520e8d437ec9db603,merkle,repair_dml_wire_ms,14.229
size-scaling-k75-c300-n15000000-f32-k75-c300-fanout_f32_l16-merkle-r2,c06d6408b9f479f1212a44a401ea222dc7396dc79d353a1520e8d437ec9db603,merkle,repair_commit_wire_ms,4.308
size-scaling-k75-c300-n15000000-f32-k75-c300-fanout_f32_l16-merkle-r2,c06d6408b9f479f1212a44a401ea222dc7396dc79d353a1520e8d437ec9db603,merkle,repair_begin_wire_ms,0.053
size-scaling-k75-c300-n15000000-f32-k75-c300-fanout_f32_l16-merkle-r2,c06d6408b9f479f1212a44a401ea222dc7396dc79d353a1520e8d437ec9db603,merkle,repair_transaction_block_ms,18.852
size-scaling-k75-c300-n15000000-f32-k75-c300-fanout_f32_l16-merkle-r2,c06d6408b9f479f1212a44a401ea222dc7396dc79d353a1520e8d437ec9db603,merkle,repair_write_ms,18.854
size-scaling-k75-c300-n15000000-f32-k75-c300-fanout_f32_l16-merkle-r2,c06d6408b9f479f1212a44a401ea222dc7396dc79d353a1520e8d437ec9db603,merkle,targeted_post_repair_confirmation_ms,1.589
size-scaling-k75-c300-n15000000-f32-k75-c300-fanout_f32_l16-merkle-r2,c06d6408b9f479f1212a44a401ea222dc7396dc79d353a1520e8d437ec9db603,merkle,recovery_observability_ms,0.001
size-scaling-k75-c300-n15000000-f32-k75-c300-fanout_f32_l16-merkle-r2,c06d6408b9f479f1212a44a401ea222dc7396dc79d353a1520e8d437ec9db603,merkle,recovery_orchestration_ms,11.106
size-scaling-k75-c300-n15000000-f32-k75-c300-fanout_f32_l16-merkle-r2,c06d6408b9f479f1212a44a401ea222dc7396dc79d353a1520e8d437ec9db603,merkle,merkle_total_ms,128.471
size-scaling-k75-c300-n15000000-f32-k75-c300-fanout_f32_l16-merkle-r3,c06d6408b9f479f1212a44a401ea222dc7396dc79d353a1520e8d437ec9db603,merkle,tree_localisation_ms,89.297
size-scaling-k75-c300-n15000000-f32-k75-c300-fanout_f32_l16-merkle-r3,c06d6408b9f479f1212a44a401ea222dc7396dc79d353a1520e8d437ec9db603,merkle,candidate_row_fetch_ms,7.541
size-scaling-k75-c300-n15000000-f32-k75-c300-fanout_f32_l16-merkle-r3,c06d6408b9f479f1212a44a401ea222dc7396dc79d353a1520e8d437ec9db603,merkle,row_comparison_ms,0.247
size-scaling-k75-c300-n15000000-f32-k75-c300-fanout_f32_l16-merkle-r3,c06d6408b9f479f1212a44a401ea222dc7396dc79d353a1520e8d437ec9db603,merkle,repair_sql_building_ms,0.236
size-scaling-k75-c300-n15000000-f32-k75-c300-fanout_f32_l16-merkle-r3,c06d6408b9f479f1212a44a401ea222dc7396dc79d353a1520e8d437ec9db603,merkle,repair_dml_wire_ms,7.522
size-scaling-k75-c300-n15000000-f32-k75-c300-fanout_f32_l16-merkle-r3,c06d6408b9f479f1212a44a401ea222dc7396dc79d353a1520e8d437ec9db603,merkle,repair_commit_wire_ms,4.141
size-scaling-k75-c300-n15000000-f32-k75-c300-fanout_f32_l16-merkle-r3,c06d6408b9f479f1212a44a401ea222dc7396dc79d353a1520e8d437ec9db603,merkle,repair_begin_wire_ms,0.050
size-scaling-k75-c300-n15000000-f32-k75-c300-fanout_f32_l16-merkle-r3,c06d6408b9f479f1212a44a401ea222dc7396dc79d353a1520e8d437ec9db603,merkle,repair_transaction_block_ms,11.974
size-scaling-k75-c300-n15000000-f32-k75-c300-fanout_f32_l16-merkle-r3,c06d6408b9f479f1212a44a401ea222dc7396dc79d353a1520e8d437ec9db603,merkle,repair_write_ms,11.976
size-scaling-k75-c300-n15000000-f32-k75-c300-fanout_f32_l16-merkle-r3,c06d6408b9f479f1212a44a401ea222dc7396dc79d353a1520e8d437ec9db603,merkle,targeted_post_repair_confirmation_ms,1.548
size-scaling-k75-c300-n15000000-f32-k75-c300-fanout_f32_l16-merkle-r3,c06d6408b9f479f1212a44a401ea222dc7396dc79d353a1520e8d437ec9db603,merkle,recovery_observability_ms,0.001
size-scaling-k75-c300-n15000000-f32-k75-c300-fanout_f32_l16-merkle-r3,c06d6408b9f479f1212a44a401ea222dc7396dc79d353a1520e8d437ec9db603,merkle,recovery_orchestration_ms,0.957
size-scaling-k75-c300-n15000000-f32-k75-c300-fanout_f32_l16-merkle-r3,c06d6408b9f479f1212a44a401ea222dc7396dc79d353a1520e8d437ec9db603,merkle,merkle_total_ms,113.137
size-scaling-k75-c300-n15000000-f32-k75-c300-fanout_f32_l16-merkle-r4,c06d6408b9f479f1212a44a401ea222dc7396dc79d353a1520e8d437ec9db603,merkle,tree_localisation_ms,87.999
size-scaling-k75-c300-n15000000-f32-k75-c300-fanout_f32_l16-merkle-r4,c06d6408b9f479f1212a44a401ea222dc7396dc79d353a1520e8d437ec9db603,merkle,candidate_row_fetch_ms,7.563
size-scaling-k75-c300-n15000000-f32-k75-c300-fanout_f32_l16-merkle-r4,c06d6408b9f479f1212a44a401ea222dc7396dc79d353a1520e8d437ec9db603,merkle,row_comparison_ms,0.222
size-scaling-k75-c300-n15000000-f32-k75-c300-fanout_f32_l16-merkle-r4,c06d6408b9f479f1212a44a401ea222dc7396dc79d353a1520e8d437ec9db603,merkle,repair_sql_building_ms,0.226
size-scaling-k75-c300-n15000000-f32-k75-c300-fanout_f32_l16-merkle-r4,c06d6408b9f479f1212a44a401ea222dc7396dc79d353a1520e8d437ec9db603,merkle,repair_dml_wire_ms,7.350
size-scaling-k75-c300-n15000000-f32-k75-c300-fanout_f32_l16-merkle-r4,c06d6408b9f479f1212a44a401ea222dc7396dc79d353a1520e8d437ec9db603,merkle,repair_commit_wire_ms,4.154
size-scaling-k75-c300-n15000000-f32-k75-c300-fanout_f32_l16-merkle-r4,c06d6408b9f479f1212a44a401ea222dc7396dc79d353a1520e8d437ec9db603,merkle,repair_begin_wire_ms,0.053
size-scaling-k75-c300-n15000000-f32-k75-c300-fanout_f32_l16-merkle-r4,c06d6408b9f479f1212a44a401ea222dc7396dc79d353a1520e8d437ec9db603,merkle,repair_transaction_block_ms,11.806
size-scaling-k75-c300-n15000000-f32-k75-c300-fanout_f32_l16-merkle-r4,c06d6408b9f479f1212a44a401ea222dc7396dc79d353a1520e8d437ec9db603,merkle,repair_write_ms,11.808
size-scaling-k75-c300-n15000000-f32-k75-c300-fanout_f32_l16-merkle-r4,c06d6408b9f479f1212a44a401ea222dc7396dc79d353a1520e8d437ec9db603,merkle,targeted_post_repair_confirmation_ms,1.550
size-scaling-k75-c300-n15000000-f32-k75-c300-fanout_f32_l16-merkle-r4,c06d6408b9f479f1212a44a401ea222dc7396dc79d353a1520e8d437ec9db603,merkle,recovery_observability_ms,0.000
size-scaling-k75-c300-n15000000-f32-k75-c300-fanout_f32_l16-merkle-r4,c06d6408b9f479f1212a44a401ea222dc7396dc79d353a1520e8d437ec9db603,merkle,recovery_orchestration_ms,0.932
size-scaling-k75-c300-n15000000-f32-k75-c300-fanout_f32_l16-merkle-r4,c06d6408b9f479f1212a44a401ea222dc7396dc79d353a1520e8d437ec9db603,merkle,merkle_total_ms,111.665
size-scaling-k75-c300-n15000000-f32-k75-c300-fanout_f32_l16-merkle-r5,c06d6408b9f479f1212a44a401ea222dc7396dc79d353a1520e8d437ec9db603,merkle,tree_localisation_ms,87.658
size-scaling-k75-c300-n15000000-f32-k75-c300-fanout_f32_l16-merkle-r5,c06d6408b9f479f1212a44a401ea222dc7396dc79d353a1520e8d437ec9db603,merkle,candidate_row_fetch_ms,7.613
size-scaling-k75-c300-n15000000-f32-k75-c300-fanout_f32_l16-merkle-r5,c06d6408b9f479f1212a44a401ea222dc7396dc79d353a1520e8d437ec9db603,merkle,row_comparison_ms,0.229
size-scaling-k75-c300-n15000000-f32-k75-c300-fanout_f32_l16-merkle-r5,c06d6408b9f479f1212a44a401ea222dc7396dc79d353a1520e8d437ec9db603,merkle,repair_sql_building_ms,0.228
size-scaling-k75-c300-n15000000-f32-k75-c300-fanout_f32_l16-merkle-r5,c06d6408b9f479f1212a44a401ea222dc7396dc79d353a1520e8d437ec9db603,merkle,repair_dml_wire_ms,7.163
size-scaling-k75-c300-n15000000-f32-k75-c300-fanout_f32_l16-merkle-r5,c06d6408b9f479f1212a44a401ea222dc7396dc79d353a1520e8d437ec9db603,merkle,repair_commit_wire_ms,4.127
size-scaling-k75-c300-n15000000-f32-k75-c300-fanout_f32_l16-merkle-r5,c06d6408b9f479f1212a44a401ea222dc7396dc79d353a1520e8d437ec9db603,merkle,repair_begin_wire_ms,0.053
size-scaling-k75-c300-n15000000-f32-k75-c300-fanout_f32_l16-merkle-r5,c06d6408b9f479f1212a44a401ea222dc7396dc79d353a1520e8d437ec9db603,merkle,repair_transaction_block_ms,11.595
size-scaling-k75-c300-n15000000-f32-k75-c300-fanout_f32_l16-merkle-r5,c06d6408b9f479f1212a44a401ea222dc7396dc79d353a1520e8d437ec9db603,merkle,repair_write_ms,11.596
size-scaling-k75-c300-n15000000-f32-k75-c300-fanout_f32_l16-merkle-r5,c06d6408b9f479f1212a44a401ea222dc7396dc79d353a1520e8d437ec9db603,merkle,targeted_post_repair_confirmation_ms,1.534
size-scaling-k75-c300-n15000000-f32-k75-c300-fanout_f32_l16-merkle-r5,c06d6408b9f479f1212a44a401ea222dc7396dc79d353a1520e8d437ec9db603,merkle,recovery_observability_ms,0.000
size-scaling-k75-c300-n15000000-f32-k75-c300-fanout_f32_l16-merkle-r5,c06d6408b9f479f1212a44a401ea222dc7396dc79d353a1520e8d437ec9db603,merkle,recovery_orchestration_ms,0.953
size-scaling-k75-c300-n15000000-f32-k75-c300-fanout_f32_l16-merkle-r5,c06d6408b9f479f1212a44a401ea222dc7396dc79d353a1520e8d437ec9db603,merkle,merkle_total_ms,121.358
size-scaling-k75-c300-n15000000-f32-k75-c300-fanout_f32_l16-merkle-r6,c06d6408b9f479f1212a44a401ea222dc7396dc79d353a1520e8d437ec9db603,merkle,tree_localisation_ms,89.183
size-scaling-k75-c300-n15000000-f32-k75-c300-fanout_f32_l16-merkle-r6,c06d6408b9f479f1212a44a401ea222dc7396dc79d353a1520e8d437ec9db603,merkle,candidate_row_fetch_ms,7.780
size-scaling-k75-c300-n15000000-f32-k75-c300-fanout_f32_l16-merkle-r6,c06d6408b9f479f1212a44a401ea222dc7396dc79d353a1520e8d437ec9db603,merkle,row_comparison_ms,0.223
size-scaling-k75-c300-n15000000-f32-k75-c300-fanout_f32_l16-merkle-r6,c06d6408b9f479f1212a44a401ea222dc7396dc79d353a1520e8d437ec9db603,merkle,repair_sql_building_ms,0.221
size-scaling-k75-c300-n15000000-f32-k75-c300-fanout_f32_l16-merkle-r6,c06d6408b9f479f1212a44a401ea222dc7396dc79d353a1520e8d437ec9db603,merkle,repair_dml_wire_ms,7.111
size-scaling-k75-c300-n15000000-f32-k75-c300-fanout_f32_l16-merkle-r6,c06d6408b9f479f1212a44a401ea222dc7396dc79d353a1520e8d437ec9db603,merkle,repair_commit_wire_ms,4.148
size-scaling-k75-c300-n15000000-f32-k75-c300-fanout_f32_l16-merkle-r6,c06d6408b9f479f1212a44a401ea222dc7396dc79d353a1520e8d437ec9db603,merkle,repair_begin_wire_ms,0.053
size-scaling-k75-c300-n15000000-f32-k75-c300-fanout_f32_l16-merkle-r6,c06d6408b9f479f1212a44a401ea222dc7396dc79d353a1520e8d437ec9db603,merkle,repair_transaction_block_ms,11.556
size-scaling-k75-c300-n15000000-f32-k75-c300-fanout_f32_l16-merkle-r6,c06d6408b9f479f1212a44a401ea222dc7396dc79d353a1520e8d437ec9db603,merkle,repair_write_ms,11.558
size-scaling-k75-c300-n15000000-f32-k75-c300-fanout_f32_l16-merkle-r6,c06d6408b9f479f1212a44a401ea222dc7396dc79d353a1520e8d437ec9db603,merkle,targeted_post_repair_confirmation_ms,1.521
size-scaling-k75-c300-n15000000-f32-k75-c300-fanout_f32_l16-merkle-r6,c06d6408b9f479f1212a44a401ea222dc7396dc79d353a1520e8d437ec9db603,merkle,recovery_observability_ms,0.001
size-scaling-k75-c300-n15000000-f32-k75-c300-fanout_f32_l16-merkle-r6,c06d6408b9f479f1212a44a401ea222dc7396dc79d353a1520e8d437ec9db603,merkle,recovery_orchestration_ms,0.970
size-scaling-k75-c300-n15000000-f32-k75-c300-fanout_f32_l16-merkle-r6,c06d6408b9f479f1212a44a401ea222dc7396dc79d353a1520e8d437ec9db603,merkle,merkle_total_ms,112.820
size-scaling-k75-c300-n15000000-f32-k75-c300-fanout_f32_l16-merkle-r7,c06d6408b9f479f1212a44a401ea222dc7396dc79d353a1520e8d437ec9db603,merkle,tree_localisation_ms,87.921
size-scaling-k75-c300-n15000000-f32-k75-c300-fanout_f32_l16-merkle-r7,c06d6408b9f479f1212a44a401ea222dc7396dc79d353a1520e8d437ec9db603,merkle,candidate_row_fetch_ms,7.779
size-scaling-k75-c300-n15000000-f32-k75-c300-fanout_f32_l16-merkle-r7,c06d6408b9f479f1212a44a401ea222dc7396dc79d353a1520e8d437ec9db603,merkle,row_comparison_ms,0.220
size-scaling-k75-c300-n15000000-f32-k75-c300-fanout_f32_l16-merkle-r7,c06d6408b9f479f1212a44a401ea222dc7396dc79d353a1520e8d437ec9db603,merkle,repair_sql_building_ms,0.225
size-scaling-k75-c300-n15000000-f32-k75-c300-fanout_f32_l16-merkle-r7,c06d6408b9f479f1212a44a401ea222dc7396dc79d353a1520e8d437ec9db603,merkle,repair_dml_wire_ms,7.165
size-scaling-k75-c300-n15000000-f32-k75-c300-fanout_f32_l16-merkle-r7,c06d6408b9f479f1212a44a401ea222dc7396dc79d353a1520e8d437ec9db603,merkle,repair_commit_wire_ms,4.177
size-scaling-k75-c300-n15000000-f32-k75-c300-fanout_f32_l16-merkle-r7,c06d6408b9f479f1212a44a401ea222dc7396dc79d353a1520e8d437ec9db603,merkle,repair_begin_wire_ms,0.051
size-scaling-k75-c300-n15000000-f32-k75-c300-fanout_f32_l16-merkle-r7,c06d6408b9f479f1212a44a401ea222dc7396dc79d353a1520e8d437ec9db603,merkle,repair_transaction_block_ms,11.643
size-scaling-k75-c300-n15000000-f32-k75-c300-fanout_f32_l16-merkle-r7,c06d6408b9f479f1212a44a401ea222dc7396dc79d353a1520e8d437ec9db603,merkle,repair_write_ms,11.644
size-scaling-k75-c300-n15000000-f32-k75-c300-fanout_f32_l16-merkle-r7,c06d6408b9f479f1212a44a401ea222dc7396dc79d353a1520e8d437ec9db603,merkle,targeted_post_repair_confirmation_ms,1.544
size-scaling-k75-c300-n15000000-f32-k75-c300-fanout_f32_l16-merkle-r7,c06d6408b9f479f1212a44a401ea222dc7396dc79d353a1520e8d437ec9db603,merkle,recovery_observability_ms,0.000
size-scaling-k75-c300-n15000000-f32-k75-c300-fanout_f32_l16-merkle-r7,c06d6408b9f479f1212a44a401ea222dc7396dc79d353a1520e8d437ec9db603,merkle,recovery_orchestration_ms,0.944
size-scaling-k75-c300-n15000000-f32-k75-c300-fanout_f32_l16-merkle-r7,c06d6408b9f479f1212a44a401ea222dc7396dc79d353a1520e8d437ec9db603,merkle,merkle_total_ms,111.637
size-scaling-k75-c300-n15000000-f32-k75-c300-fanout_f32_l16-merkle-r8,c06d6408b9f479f1212a44a401ea222dc7396dc79d353a1520e8d437ec9db603,merkle,tree_localisation_ms,94.600
size-scaling-k75-c300-n15000000-f32-k75-c300-fanout_f32_l16-merkle-r8,c06d6408b9f479f1212a44a401ea222dc7396dc79d353a1520e8d437ec9db603,merkle,candidate_row_fetch_ms,7.984
size-scaling-k75-c300-n15000000-f32-k75-c300-fanout_f32_l16-merkle-r8,c06d6408b9f479f1212a44a401ea222dc7396dc79d353a1520e8d437ec9db603,merkle,row_comparison_ms,0.223
size-scaling-k75-c300-n15000000-f32-k75-c300-fanout_f32_l16-merkle-r8,c06d6408b9f479f1212a44a401ea222dc7396dc79d353a1520e8d437ec9db603,merkle,repair_sql_building_ms,0.224
size-scaling-k75-c300-n15000000-f32-k75-c300-fanout_f32_l16-merkle-r8,c06d6408b9f479f1212a44a401ea222dc7396dc79d353a1520e8d437ec9db603,merkle,repair_dml_wire_ms,7.149
size-scaling-k75-c300-n15000000-f32-k75-c300-fanout_f32_l16-merkle-r8,c06d6408b9f479f1212a44a401ea222dc7396dc79d353a1520e8d437ec9db603,merkle,repair_commit_wire_ms,4.229
size-scaling-k75-c300-n15000000-f32-k75-c300-fanout_f32_l16-merkle-r8,c06d6408b9f479f1212a44a401ea222dc7396dc79d353a1520e8d437ec9db603,merkle,repair_begin_wire_ms,0.052
size-scaling-k75-c300-n15000000-f32-k75-c300-fanout_f32_l16-merkle-r8,c06d6408b9f479f1212a44a401ea222dc7396dc79d353a1520e8d437ec9db603,merkle,repair_transaction_block_ms,11.677
size-scaling-k75-c300-n15000000-f32-k75-c300-fanout_f32_l16-merkle-r8,c06d6408b9f479f1212a44a401ea222dc7396dc79d353a1520e8d437ec9db603,merkle,repair_write_ms,11.679
size-scaling-k75-c300-n15000000-f32-k75-c300-fanout_f32_l16-merkle-r8,c06d6408b9f479f1212a44a401ea222dc7396dc79d353a1520e8d437ec9db603,merkle,targeted_post_repair_confirmation_ms,1.565
size-scaling-k75-c300-n15000000-f32-k75-c300-fanout_f32_l16-merkle-r8,c06d6408b9f479f1212a44a401ea222dc7396dc79d353a1520e8d437ec9db603,merkle,recovery_observability_ms,0.001
size-scaling-k75-c300-n15000000-f32-k75-c300-fanout_f32_l16-merkle-r8,c06d6408b9f479f1212a44a401ea222dc7396dc79d353a1520e8d437ec9db603,merkle,recovery_orchestration_ms,0.952
size-scaling-k75-c300-n15000000-f32-k75-c300-fanout_f32_l16-merkle-r8,c06d6408b9f479f1212a44a401ea222dc7396dc79d353a1520e8d437ec9db603,merkle,merkle_total_ms,118.623
size-scaling-k75-c300-n15000000-f32-k75-c300-fanout_f32_l16-merkle-r9,c06d6408b9f479f1212a44a401ea222dc7396dc79d353a1520e8d437ec9db603,merkle,tree_localisation_ms,92.669
size-scaling-k75-c300-n15000000-f32-k75-c300-fanout_f32_l16-merkle-r9,c06d6408b9f479f1212a44a401ea222dc7396dc79d353a1520e8d437ec9db603,merkle,candidate_row_fetch_ms,7.981
size-scaling-k75-c300-n15000000-f32-k75-c300-fanout_f32_l16-merkle-r9,c06d6408b9f479f1212a44a401ea222dc7396dc79d353a1520e8d437ec9db603,merkle,row_comparison_ms,0.238
size-scaling-k75-c300-n15000000-f32-k75-c300-fanout_f32_l16-merkle-r9,c06d6408b9f479f1212a44a401ea222dc7396dc79d353a1520e8d437ec9db603,merkle,repair_sql_building_ms,0.225
size-scaling-k75-c300-n15000000-f32-k75-c300-fanout_f32_l16-merkle-r9,c06d6408b9f479f1212a44a401ea222dc7396dc79d353a1520e8d437ec9db603,merkle,repair_dml_wire_ms,7.121
size-scaling-k75-c300-n15000000-f32-k75-c300-fanout_f32_l16-merkle-r9,c06d6408b9f479f1212a44a401ea222dc7396dc79d353a1520e8d437ec9db603,merkle,repair_commit_wire_ms,4.146
size-scaling-k75-c300-n15000000-f32-k75-c300-fanout_f32_l16-merkle-r9,c06d6408b9f479f1212a44a401ea222dc7396dc79d353a1520e8d437ec9db603,merkle,repair_begin_wire_ms,0.053
size-scaling-k75-c300-n15000000-f32-k75-c300-fanout_f32_l16-merkle-r9,c06d6408b9f479f1212a44a401ea222dc7396dc79d353a1520e8d437ec9db603,merkle,repair_transaction_block_ms,11.569
size-scaling-k75-c300-n15000000-f32-k75-c300-fanout_f32_l16-merkle-r9,c06d6408b9f479f1212a44a401ea222dc7396dc79d353a1520e8d437ec9db603,merkle,repair_write_ms,11.570
size-scaling-k75-c300-n15000000-f32-k75-c300-fanout_f32_l16-merkle-r9,c06d6408b9f479f1212a44a401ea222dc7396dc79d353a1520e8d437ec9db603,merkle,targeted_post_repair_confirmation_ms,1.530
size-scaling-k75-c300-n15000000-f32-k75-c300-fanout_f32_l16-merkle-r9,c06d6408b9f479f1212a44a401ea222dc7396dc79d353a1520e8d437ec9db603,merkle,recovery_observability_ms,0.001
size-scaling-k75-c300-n15000000-f32-k75-c300-fanout_f32_l16-merkle-r9,c06d6408b9f479f1212a44a401ea222dc7396dc79d353a1520e8d437ec9db603,merkle,recovery_orchestration_ms,11.116
size-scaling-k75-c300-n15000000-f32-k75-c300-fanout_f32_l16-merkle-r9,c06d6408b9f479f1212a44a401ea222dc7396dc79d353a1520e8d437ec9db603,merkle,merkle_total_ms,126.707
size-scaling-k75-c300-n20000000-f32-k75-c300-fanout_f32_l16-merkle-r0,2e62d8379ddc1f19bde80ee3692ab6f0b15b0ab288de812930113f8d860c53a4,merkle,tree_localisation_ms,90.259
size-scaling-k75-c300-n20000000-f32-k75-c300-fanout_f32_l16-merkle-r0,2e62d8379ddc1f19bde80ee3692ab6f0b15b0ab288de812930113f8d860c53a4,merkle,candidate_row_fetch_ms,7.450
size-scaling-k75-c300-n20000000-f32-k75-c300-fanout_f32_l16-merkle-r0,2e62d8379ddc1f19bde80ee3692ab6f0b15b0ab288de812930113f8d860c53a4,merkle,row_comparison_ms,0.228
size-scaling-k75-c300-n20000000-f32-k75-c300-fanout_f32_l16-merkle-r0,2e62d8379ddc1f19bde80ee3692ab6f0b15b0ab288de812930113f8d860c53a4,merkle,repair_sql_building_ms,0.227
size-scaling-k75-c300-n20000000-f32-k75-c300-fanout_f32_l16-merkle-r0,2e62d8379ddc1f19bde80ee3692ab6f0b15b0ab288de812930113f8d860c53a4,merkle,repair_dml_wire_ms,7.650
size-scaling-k75-c300-n20000000-f32-k75-c300-fanout_f32_l16-merkle-r0,2e62d8379ddc1f19bde80ee3692ab6f0b15b0ab288de812930113f8d860c53a4,merkle,repair_commit_wire_ms,4.146
size-scaling-k75-c300-n20000000-f32-k75-c300-fanout_f32_l16-merkle-r0,2e62d8379ddc1f19bde80ee3692ab6f0b15b0ab288de812930113f8d860c53a4,merkle,repair_begin_wire_ms,0.050
size-scaling-k75-c300-n20000000-f32-k75-c300-fanout_f32_l16-merkle-r0,2e62d8379ddc1f19bde80ee3692ab6f0b15b0ab288de812930113f8d860c53a4,merkle,repair_transaction_block_ms,12.097
size-scaling-k75-c300-n20000000-f32-k75-c300-fanout_f32_l16-merkle-r0,2e62d8379ddc1f19bde80ee3692ab6f0b15b0ab288de812930113f8d860c53a4,merkle,repair_write_ms,12.099
size-scaling-k75-c300-n20000000-f32-k75-c300-fanout_f32_l16-merkle-r0,2e62d8379ddc1f19bde80ee3692ab6f0b15b0ab288de812930113f8d860c53a4,merkle,targeted_post_repair_confirmation_ms,1.512
size-scaling-k75-c300-n20000000-f32-k75-c300-fanout_f32_l16-merkle-r0,2e62d8379ddc1f19bde80ee3692ab6f0b15b0ab288de812930113f8d860c53a4,merkle,recovery_observability_ms,0.001
size-scaling-k75-c300-n20000000-f32-k75-c300-fanout_f32_l16-merkle-r0,2e62d8379ddc1f19bde80ee3692ab6f0b15b0ab288de812930113f8d860c53a4,merkle,recovery_orchestration_ms,0.967
size-scaling-k75-c300-n20000000-f32-k75-c300-fanout_f32_l16-merkle-r0,2e62d8379ddc1f19bde80ee3692ab6f0b15b0ab288de812930113f8d860c53a4,merkle,merkle_total_ms,114.113
size-scaling-k75-c300-n20000000-f32-k75-c300-fanout_f32_l16-merkle-r1,2e62d8379ddc1f19bde80ee3692ab6f0b15b0ab288de812930113f8d860c53a4,merkle,tree_localisation_ms,89.345
size-scaling-k75-c300-n20000000-f32-k75-c300-fanout_f32_l16-merkle-r1,2e62d8379ddc1f19bde80ee3692ab6f0b15b0ab288de812930113f8d860c53a4,merkle,candidate_row_fetch_ms,7.554
size-scaling-k75-c300-n20000000-f32-k75-c300-fanout_f32_l16-merkle-r1,2e62d8379ddc1f19bde80ee3692ab6f0b15b0ab288de812930113f8d860c53a4,merkle,row_comparison_ms,0.234
size-scaling-k75-c300-n20000000-f32-k75-c300-fanout_f32_l16-merkle-r1,2e62d8379ddc1f19bde80ee3692ab6f0b15b0ab288de812930113f8d860c53a4,merkle,repair_sql_building_ms,0.226
size-scaling-k75-c300-n20000000-f32-k75-c300-fanout_f32_l16-merkle-r1,2e62d8379ddc1f19bde80ee3692ab6f0b15b0ab288de812930113f8d860c53a4,merkle,repair_dml_wire_ms,7.373
size-scaling-k75-c300-n20000000-f32-k75-c300-fanout_f32_l16-merkle-r1,2e62d8379ddc1f19bde80ee3692ab6f0b15b0ab288de812930113f8d860c53a4,merkle,repair_commit_wire_ms,4.160
size-scaling-k75-c300-n20000000-f32-k75-c300-fanout_f32_l16-merkle-r1,2e62d8379ddc1f19bde80ee3692ab6f0b15b0ab288de812930113f8d860c53a4,merkle,repair_begin_wire_ms,0.056
size-scaling-k75-c300-n20000000-f32-k75-c300-fanout_f32_l16-merkle-r1,2e62d8379ddc1f19bde80ee3692ab6f0b15b0ab288de812930113f8d860c53a4,merkle,repair_transaction_block_ms,11.837
size-scaling-k75-c300-n20000000-f32-k75-c300-fanout_f32_l16-merkle-r1,2e62d8379ddc1f19bde80ee3692ab6f0b15b0ab288de812930113f8d860c53a4,merkle,repair_write_ms,11.839
size-scaling-k75-c300-n20000000-f32-k75-c300-fanout_f32_l16-merkle-r1,2e62d8379ddc1f19bde80ee3692ab6f0b15b0ab288de812930113f8d860c53a4,merkle,targeted_post_repair_confirmation_ms,1.543
size-scaling-k75-c300-n20000000-f32-k75-c300-fanout_f32_l16-merkle-r1,2e62d8379ddc1f19bde80ee3692ab6f0b15b0ab288de812930113f8d860c53a4,merkle,recovery_observability_ms,0.001
size-scaling-k75-c300-n20000000-f32-k75-c300-fanout_f32_l16-merkle-r1,2e62d8379ddc1f19bde80ee3692ab6f0b15b0ab288de812930113f8d860c53a4,merkle,recovery_orchestration_ms,0.967
size-scaling-k75-c300-n20000000-f32-k75-c300-fanout_f32_l16-merkle-r1,2e62d8379ddc1f19bde80ee3692ab6f0b15b0ab288de812930113f8d860c53a4,merkle,merkle_total_ms,113.057
size-scaling-k75-c300-n20000000-f32-k75-c300-fanout_f32_l16-merkle-r2,2e62d8379ddc1f19bde80ee3692ab6f0b15b0ab288de812930113f8d860c53a4,merkle,tree_localisation_ms,90.872
size-scaling-k75-c300-n20000000-f32-k75-c300-fanout_f32_l16-merkle-r2,2e62d8379ddc1f19bde80ee3692ab6f0b15b0ab288de812930113f8d860c53a4,merkle,candidate_row_fetch_ms,7.642
size-scaling-k75-c300-n20000000-f32-k75-c300-fanout_f32_l16-merkle-r2,2e62d8379ddc1f19bde80ee3692ab6f0b15b0ab288de812930113f8d860c53a4,merkle,row_comparison_ms,0.241
size-scaling-k75-c300-n20000000-f32-k75-c300-fanout_f32_l16-merkle-r2,2e62d8379ddc1f19bde80ee3692ab6f0b15b0ab288de812930113f8d860c53a4,merkle,repair_sql_building_ms,0.238
size-scaling-k75-c300-n20000000-f32-k75-c300-fanout_f32_l16-merkle-r2,2e62d8379ddc1f19bde80ee3692ab6f0b15b0ab288de812930113f8d860c53a4,merkle,repair_dml_wire_ms,7.500
size-scaling-k75-c300-n20000000-f32-k75-c300-fanout_f32_l16-merkle-r2,2e62d8379ddc1f19bde80ee3692ab6f0b15b0ab288de812930113f8d860c53a4,merkle,repair_commit_wire_ms,4.151
size-scaling-k75-c300-n20000000-f32-k75-c300-fanout_f32_l16-merkle-r2,2e62d8379ddc1f19bde80ee3692ab6f0b15b0ab288de812930113f8d860c53a4,merkle,repair_begin_wire_ms,0.052
size-scaling-k75-c300-n20000000-f32-k75-c300-fanout_f32_l16-merkle-r2,2e62d8379ddc1f19bde80ee3692ab6f0b15b0ab288de812930113f8d860c53a4,merkle,repair_transaction_block_ms,11.966
size-scaling-k75-c300-n20000000-f32-k75-c300-fanout_f32_l16-merkle-r2,2e62d8379ddc1f19bde80ee3692ab6f0b15b0ab288de812930113f8d860c53a4,merkle,repair_write_ms,11.968
size-scaling-k75-c300-n20000000-f32-k75-c300-fanout_f32_l16-merkle-r2,2e62d8379ddc1f19bde80ee3692ab6f0b15b0ab288de812930113f8d860c53a4,merkle,targeted_post_repair_confirmation_ms,1.539
size-scaling-k75-c300-n20000000-f32-k75-c300-fanout_f32_l16-merkle-r2,2e62d8379ddc1f19bde80ee3692ab6f0b15b0ab288de812930113f8d860c53a4,merkle,recovery_observability_ms,0.001
size-scaling-k75-c300-n20000000-f32-k75-c300-fanout_f32_l16-merkle-r2,2e62d8379ddc1f19bde80ee3692ab6f0b15b0ab288de812930113f8d860c53a4,merkle,recovery_orchestration_ms,11.110
size-scaling-k75-c300-n20000000-f32-k75-c300-fanout_f32_l16-merkle-r2,2e62d8379ddc1f19bde80ee3692ab6f0b15b0ab288de812930113f8d860c53a4,merkle,merkle_total_ms,124.975
size-scaling-k75-c300-n20000000-f32-k75-c300-fanout_f32_l16-merkle-r3,2e62d8379ddc1f19bde80ee3692ab6f0b15b0ab288de812930113f8d860c53a4,merkle,tree_localisation_ms,90.517
size-scaling-k75-c300-n20000000-f32-k75-c300-fanout_f32_l16-merkle-r3,2e62d8379ddc1f19bde80ee3692ab6f0b15b0ab288de812930113f8d860c53a4,merkle,candidate_row_fetch_ms,7.724
size-scaling-k75-c300-n20000000-f32-k75-c300-fanout_f32_l16-merkle-r3,2e62d8379ddc1f19bde80ee3692ab6f0b15b0ab288de812930113f8d860c53a4,merkle,row_comparison_ms,0.234
size-scaling-k75-c300-n20000000-f32-k75-c300-fanout_f32_l16-merkle-r3,2e62d8379ddc1f19bde80ee3692ab6f0b15b0ab288de812930113f8d860c53a4,merkle,repair_sql_building_ms,0.224
size-scaling-k75-c300-n20000000-f32-k75-c300-fanout_f32_l16-merkle-r3,2e62d8379ddc1f19bde80ee3692ab6f0b15b0ab288de812930113f8d860c53a4,merkle,repair_dml_wire_ms,7.420
size-scaling-k75-c300-n20000000-f32-k75-c300-fanout_f32_l16-merkle-r3,2e62d8379ddc1f19bde80ee3692ab6f0b15b0ab288de812930113f8d860c53a4,merkle,repair_commit_wire_ms,4.124
size-scaling-k75-c300-n20000000-f32-k75-c300-fanout_f32_l16-merkle-r3,2e62d8379ddc1f19bde80ee3692ab6f0b15b0ab288de812930113f8d860c53a4,merkle,repair_begin_wire_ms,0.051
size-scaling-k75-c300-n20000000-f32-k75-c300-fanout_f32_l16-merkle-r3,2e62d8379ddc1f19bde80ee3692ab6f0b15b0ab288de812930113f8d860c53a4,merkle,repair_transaction_block_ms,11.841
size-scaling-k75-c300-n20000000-f32-k75-c300-fanout_f32_l16-merkle-r3,2e62d8379ddc1f19bde80ee3692ab6f0b15b0ab288de812930113f8d860c53a4,merkle,repair_write_ms,11.849
size-scaling-k75-c300-n20000000-f32-k75-c300-fanout_f32_l16-merkle-r3,2e62d8379ddc1f19bde80ee3692ab6f0b15b0ab288de812930113f8d860c53a4,merkle,targeted_post_repair_confirmation_ms,1.493
size-scaling-k75-c300-n20000000-f32-k75-c300-fanout_f32_l16-merkle-r3,2e62d8379ddc1f19bde80ee3692ab6f0b15b0ab288de812930113f8d860c53a4,merkle,recovery_observability_ms,0.001
size-scaling-k75-c300-n20000000-f32-k75-c300-fanout_f32_l16-merkle-r3,2e62d8379ddc1f19bde80ee3692ab6f0b15b0ab288de812930113f8d860c53a4,merkle,recovery_orchestration_ms,0.962
size-scaling-k75-c300-n20000000-f32-k75-c300-fanout_f32_l16-merkle-r3,2e62d8379ddc1f19bde80ee3692ab6f0b15b0ab288de812930113f8d860c53a4,merkle,merkle_total_ms,114.358
size-scaling-k75-c300-n20000000-f32-k75-c300-fanout_f32_l16-merkle-r4,2e62d8379ddc1f19bde80ee3692ab6f0b15b0ab288de812930113f8d860c53a4,merkle,tree_localisation_ms,90.318
size-scaling-k75-c300-n20000000-f32-k75-c300-fanout_f32_l16-merkle-r4,2e62d8379ddc1f19bde80ee3692ab6f0b15b0ab288de812930113f8d860c53a4,merkle,candidate_row_fetch_ms,7.766
size-scaling-k75-c300-n20000000-f32-k75-c300-fanout_f32_l16-merkle-r4,2e62d8379ddc1f19bde80ee3692ab6f0b15b0ab288de812930113f8d860c53a4,merkle,row_comparison_ms,0.236
size-scaling-k75-c300-n20000000-f32-k75-c300-fanout_f32_l16-merkle-r4,2e62d8379ddc1f19bde80ee3692ab6f0b15b0ab288de812930113f8d860c53a4,merkle,repair_sql_building_ms,0.235
size-scaling-k75-c300-n20000000-f32-k75-c300-fanout_f32_l16-merkle-r4,2e62d8379ddc1f19bde80ee3692ab6f0b15b0ab288de812930113f8d860c53a4,merkle,repair_dml_wire_ms,14.261
size-scaling-k75-c300-n20000000-f32-k75-c300-fanout_f32_l16-merkle-r4,2e62d8379ddc1f19bde80ee3692ab6f0b15b0ab288de812930113f8d860c53a4,merkle,repair_commit_wire_ms,4.359
size-scaling-k75-c300-n20000000-f32-k75-c300-fanout_f32_l16-merkle-r4,2e62d8379ddc1f19bde80ee3692ab6f0b15b0ab288de812930113f8d860c53a4,merkle,repair_begin_wire_ms,0.054
size-scaling-k75-c300-n20000000-f32-k75-c300-fanout_f32_l16-merkle-r4,2e62d8379ddc1f19bde80ee3692ab6f0b15b0ab288de812930113f8d860c53a4,merkle,repair_transaction_block_ms,18.935
size-scaling-k75-c300-n20000000-f32-k75-c300-fanout_f32_l16-merkle-r4,2e62d8379ddc1f19bde80ee3692ab6f0b15b0ab288de812930113f8d860c53a4,merkle,repair_write_ms,18.937
size-scaling-k75-c300-n20000000-f32-k75-c300-fanout_f32_l16-merkle-r4,2e62d8379ddc1f19bde80ee3692ab6f0b15b0ab288de812930113f8d860c53a4,merkle,targeted_post_repair_confirmation_ms,1.599
size-scaling-k75-c300-n20000000-f32-k75-c300-fanout_f32_l16-merkle-r4,2e62d8379ddc1f19bde80ee3692ab6f0b15b0ab288de812930113f8d860c53a4,merkle,recovery_observability_ms,0.001
size-scaling-k75-c300-n20000000-f32-k75-c300-fanout_f32_l16-merkle-r4,2e62d8379ddc1f19bde80ee3692ab6f0b15b0ab288de812930113f8d860c53a4,merkle,recovery_orchestration_ms,0.934
size-scaling-k75-c300-n20000000-f32-k75-c300-fanout_f32_l16-merkle-r4,2e62d8379ddc1f19bde80ee3692ab6f0b15b0ab288de812930113f8d860c53a4,merkle,merkle_total_ms,121.399
size-scaling-k75-c300-n20000000-f32-k75-c300-fanout_f32_l16-merkle-r5,2e62d8379ddc1f19bde80ee3692ab6f0b15b0ab288de812930113f8d860c53a4,merkle,tree_localisation_ms,90.958
size-scaling-k75-c300-n20000000-f32-k75-c300-fanout_f32_l16-merkle-r5,2e62d8379ddc1f19bde80ee3692ab6f0b15b0ab288de812930113f8d860c53a4,merkle,candidate_row_fetch_ms,7.926
size-scaling-k75-c300-n20000000-f32-k75-c300-fanout_f32_l16-merkle-r5,2e62d8379ddc1f19bde80ee3692ab6f0b15b0ab288de812930113f8d860c53a4,merkle,row_comparison_ms,0.232
size-scaling-k75-c300-n20000000-f32-k75-c300-fanout_f32_l16-merkle-r5,2e62d8379ddc1f19bde80ee3692ab6f0b15b0ab288de812930113f8d860c53a4,merkle,repair_sql_building_ms,0.226
size-scaling-k75-c300-n20000000-f32-k75-c300-fanout_f32_l16-merkle-r5,2e62d8379ddc1f19bde80ee3692ab6f0b15b0ab288de812930113f8d860c53a4,merkle,repair_dml_wire_ms,7.115
size-scaling-k75-c300-n20000000-f32-k75-c300-fanout_f32_l16-merkle-r5,2e62d8379ddc1f19bde80ee3692ab6f0b15b0ab288de812930113f8d860c53a4,merkle,repair_commit_wire_ms,4.168
size-scaling-k75-c300-n20000000-f32-k75-c300-fanout_f32_l16-merkle-r5,2e62d8379ddc1f19bde80ee3692ab6f0b15b0ab288de812930113f8d860c53a4,merkle,repair_begin_wire_ms,0.049
size-scaling-k75-c300-n20000000-f32-k75-c300-fanout_f32_l16-merkle-r5,2e62d8379ddc1f19bde80ee3692ab6f0b15b0ab288de812930113f8d860c53a4,merkle,repair_transaction_block_ms,11.582
size-scaling-k75-c300-n20000000-f32-k75-c300-fanout_f32_l16-merkle-r5,2e62d8379ddc1f19bde80ee3692ab6f0b15b0ab288de812930113f8d860c53a4,merkle,repair_write_ms,11.584
size-scaling-k75-c300-n20000000-f32-k75-c300-fanout_f32_l16-merkle-r5,2e62d8379ddc1f19bde80ee3692ab6f0b15b0ab288de812930113f8d860c53a4,merkle,targeted_post_repair_confirmation_ms,1.518
size-scaling-k75-c300-n20000000-f32-k75-c300-fanout_f32_l16-merkle-r5,2e62d8379ddc1f19bde80ee3692ab6f0b15b0ab288de812930113f8d860c53a4,merkle,recovery_observability_ms,0.000
size-scaling-k75-c300-n20000000-f32-k75-c300-fanout_f32_l16-merkle-r5,2e62d8379ddc1f19bde80ee3692ab6f0b15b0ab288de812930113f8d860c53a4,merkle,recovery_orchestration_ms,0.939
size-scaling-k75-c300-n20000000-f32-k75-c300-fanout_f32_l16-merkle-r5,2e62d8379ddc1f19bde80ee3692ab6f0b15b0ab288de812930113f8d860c53a4,merkle,merkle_total_ms,125.127
size-scaling-k75-c300-n20000000-f32-k75-c300-fanout_f32_l16-merkle-r6,2e62d8379ddc1f19bde80ee3692ab6f0b15b0ab288de812930113f8d860c53a4,merkle,tree_localisation_ms,89.844
size-scaling-k75-c300-n20000000-f32-k75-c300-fanout_f32_l16-merkle-r6,2e62d8379ddc1f19bde80ee3692ab6f0b15b0ab288de812930113f8d860c53a4,merkle,candidate_row_fetch_ms,7.882
size-scaling-k75-c300-n20000000-f32-k75-c300-fanout_f32_l16-merkle-r6,2e62d8379ddc1f19bde80ee3692ab6f0b15b0ab288de812930113f8d860c53a4,merkle,row_comparison_ms,0.236
size-scaling-k75-c300-n20000000-f32-k75-c300-fanout_f32_l16-merkle-r6,2e62d8379ddc1f19bde80ee3692ab6f0b15b0ab288de812930113f8d860c53a4,merkle,repair_sql_building_ms,0.235
size-scaling-k75-c300-n20000000-f32-k75-c300-fanout_f32_l16-merkle-r6,2e62d8379ddc1f19bde80ee3692ab6f0b15b0ab288de812930113f8d860c53a4,merkle,repair_dml_wire_ms,7.202
size-scaling-k75-c300-n20000000-f32-k75-c300-fanout_f32_l16-merkle-r6,2e62d8379ddc1f19bde80ee3692ab6f0b15b0ab288de812930113f8d860c53a4,merkle,repair_commit_wire_ms,4.187
size-scaling-k75-c300-n20000000-f32-k75-c300-fanout_f32_l16-merkle-r6,2e62d8379ddc1f19bde80ee3692ab6f0b15b0ab288de812930113f8d860c53a4,merkle,repair_begin_wire_ms,0.050
size-scaling-k75-c300-n20000000-f32-k75-c300-fanout_f32_l16-merkle-r6,2e62d8379ddc1f19bde80ee3692ab6f0b15b0ab288de812930113f8d860c53a4,merkle,repair_transaction_block_ms,11.697
size-scaling-k75-c300-n20000000-f32-k75-c300-fanout_f32_l16-merkle-r6,2e62d8379ddc1f19bde80ee3692ab6f0b15b0ab288de812930113f8d860c53a4,merkle,repair_write_ms,11.699
size-scaling-k75-c300-n20000000-f32-k75-c300-fanout_f32_l16-merkle-r6,2e62d8379ddc1f19bde80ee3692ab6f0b15b0ab288de812930113f8d860c53a4,merkle,targeted_post_repair_confirmation_ms,1.556
size-scaling-k75-c300-n20000000-f32-k75-c300-fanout_f32_l16-merkle-r6,2e62d8379ddc1f19bde80ee3692ab6f0b15b0ab288de812930113f8d860c53a4,merkle,recovery_observability_ms,0.000
size-scaling-k75-c300-n20000000-f32-k75-c300-fanout_f32_l16-merkle-r6,2e62d8379ddc1f19bde80ee3692ab6f0b15b0ab288de812930113f8d860c53a4,merkle,recovery_orchestration_ms,0.964
size-scaling-k75-c300-n20000000-f32-k75-c300-fanout_f32_l16-merkle-r6,2e62d8379ddc1f19bde80ee3692ab6f0b15b0ab288de812930113f8d860c53a4,merkle,merkle_total_ms,113.785
size-scaling-k75-c300-n20000000-f32-k75-c300-fanout_f32_l16-merkle-r7,2e62d8379ddc1f19bde80ee3692ab6f0b15b0ab288de812930113f8d860c53a4,merkle,tree_localisation_ms,90.600
size-scaling-k75-c300-n20000000-f32-k75-c300-fanout_f32_l16-merkle-r7,2e62d8379ddc1f19bde80ee3692ab6f0b15b0ab288de812930113f8d860c53a4,merkle,candidate_row_fetch_ms,8.025
size-scaling-k75-c300-n20000000-f32-k75-c300-fanout_f32_l16-merkle-r7,2e62d8379ddc1f19bde80ee3692ab6f0b15b0ab288de812930113f8d860c53a4,merkle,row_comparison_ms,0.232
size-scaling-k75-c300-n20000000-f32-k75-c300-fanout_f32_l16-merkle-r7,2e62d8379ddc1f19bde80ee3692ab6f0b15b0ab288de812930113f8d860c53a4,merkle,repair_sql_building_ms,0.224
size-scaling-k75-c300-n20000000-f32-k75-c300-fanout_f32_l16-merkle-r7,2e62d8379ddc1f19bde80ee3692ab6f0b15b0ab288de812930113f8d860c53a4,merkle,repair_dml_wire_ms,7.025
size-scaling-k75-c300-n20000000-f32-k75-c300-fanout_f32_l16-merkle-r7,2e62d8379ddc1f19bde80ee3692ab6f0b15b0ab288de812930113f8d860c53a4,merkle,repair_commit_wire_ms,4.160
size-scaling-k75-c300-n20000000-f32-k75-c300-fanout_f32_l16-merkle-r7,2e62d8379ddc1f19bde80ee3692ab6f0b15b0ab288de812930113f8d860c53a4,merkle,repair_begin_wire_ms,0.056
size-scaling-k75-c300-n20000000-f32-k75-c300-fanout_f32_l16-merkle-r7,2e62d8379ddc1f19bde80ee3692ab6f0b15b0ab288de812930113f8d860c53a4,merkle,repair_transaction_block_ms,11.490
size-scaling-k75-c300-n20000000-f32-k75-c300-fanout_f32_l16-merkle-r7,2e62d8379ddc1f19bde80ee3692ab6f0b15b0ab288de812930113f8d860c53a4,merkle,repair_write_ms,11.492
size-scaling-k75-c300-n20000000-f32-k75-c300-fanout_f32_l16-merkle-r7,2e62d8379ddc1f19bde80ee3692ab6f0b15b0ab288de812930113f8d860c53a4,merkle,targeted_post_repair_confirmation_ms,1.538
size-scaling-k75-c300-n20000000-f32-k75-c300-fanout_f32_l16-merkle-r7,2e62d8379ddc1f19bde80ee3692ab6f0b15b0ab288de812930113f8d860c53a4,merkle,recovery_observability_ms,0.001
size-scaling-k75-c300-n20000000-f32-k75-c300-fanout_f32_l16-merkle-r7,2e62d8379ddc1f19bde80ee3692ab6f0b15b0ab288de812930113f8d860c53a4,merkle,recovery_orchestration_ms,0.969
size-scaling-k75-c300-n20000000-f32-k75-c300-fanout_f32_l16-merkle-r7,2e62d8379ddc1f19bde80ee3692ab6f0b15b0ab288de812930113f8d860c53a4,merkle,merkle_total_ms,114.445
size-scaling-k75-c300-n20000000-f32-k75-c300-fanout_f32_l16-merkle-r8,2e62d8379ddc1f19bde80ee3692ab6f0b15b0ab288de812930113f8d860c53a4,merkle,tree_localisation_ms,89.916
size-scaling-k75-c300-n20000000-f32-k75-c300-fanout_f32_l16-merkle-r8,2e62d8379ddc1f19bde80ee3692ab6f0b15b0ab288de812930113f8d860c53a4,merkle,candidate_row_fetch_ms,8.069
size-scaling-k75-c300-n20000000-f32-k75-c300-fanout_f32_l16-merkle-r8,2e62d8379ddc1f19bde80ee3692ab6f0b15b0ab288de812930113f8d860c53a4,merkle,row_comparison_ms,0.235
size-scaling-k75-c300-n20000000-f32-k75-c300-fanout_f32_l16-merkle-r8,2e62d8379ddc1f19bde80ee3692ab6f0b15b0ab288de812930113f8d860c53a4,merkle,repair_sql_building_ms,0.230
size-scaling-k75-c300-n20000000-f32-k75-c300-fanout_f32_l16-merkle-r8,2e62d8379ddc1f19bde80ee3692ab6f0b15b0ab288de812930113f8d860c53a4,merkle,repair_dml_wire_ms,7.166
size-scaling-k75-c300-n20000000-f32-k75-c300-fanout_f32_l16-merkle-r8,2e62d8379ddc1f19bde80ee3692ab6f0b15b0ab288de812930113f8d860c53a4,merkle,repair_commit_wire_ms,4.172
size-scaling-k75-c300-n20000000-f32-k75-c300-fanout_f32_l16-merkle-r8,2e62d8379ddc1f19bde80ee3692ab6f0b15b0ab288de812930113f8d860c53a4,merkle,repair_begin_wire_ms,0.051
size-scaling-k75-c300-n20000000-f32-k75-c300-fanout_f32_l16-merkle-r8,2e62d8379ddc1f19bde80ee3692ab6f0b15b0ab288de812930113f8d860c53a4,merkle,repair_transaction_block_ms,11.643
size-scaling-k75-c300-n20000000-f32-k75-c300-fanout_f32_l16-merkle-r8,2e62d8379ddc1f19bde80ee3692ab6f0b15b0ab288de812930113f8d860c53a4,merkle,repair_write_ms,11.644
size-scaling-k75-c300-n20000000-f32-k75-c300-fanout_f32_l16-merkle-r8,2e62d8379ddc1f19bde80ee3692ab6f0b15b0ab288de812930113f8d860c53a4,merkle,targeted_post_repair_confirmation_ms,1.528
size-scaling-k75-c300-n20000000-f32-k75-c300-fanout_f32_l16-merkle-r8,2e62d8379ddc1f19bde80ee3692ab6f0b15b0ab288de812930113f8d860c53a4,merkle,recovery_observability_ms,0.001
size-scaling-k75-c300-n20000000-f32-k75-c300-fanout_f32_l16-merkle-r8,2e62d8379ddc1f19bde80ee3692ab6f0b15b0ab288de812930113f8d860c53a4,merkle,recovery_orchestration_ms,0.960
size-scaling-k75-c300-n20000000-f32-k75-c300-fanout_f32_l16-merkle-r8,2e62d8379ddc1f19bde80ee3692ab6f0b15b0ab288de812930113f8d860c53a4,merkle,merkle_total_ms,113.950
size-scaling-k75-c300-n20000000-f32-k75-c300-fanout_f32_l16-merkle-r9,2e62d8379ddc1f19bde80ee3692ab6f0b15b0ab288de812930113f8d860c53a4,merkle,tree_localisation_ms,89.778
size-scaling-k75-c300-n20000000-f32-k75-c300-fanout_f32_l16-merkle-r9,2e62d8379ddc1f19bde80ee3692ab6f0b15b0ab288de812930113f8d860c53a4,merkle,candidate_row_fetch_ms,8.154
size-scaling-k75-c300-n20000000-f32-k75-c300-fanout_f32_l16-merkle-r9,2e62d8379ddc1f19bde80ee3692ab6f0b15b0ab288de812930113f8d860c53a4,merkle,row_comparison_ms,0.230
size-scaling-k75-c300-n20000000-f32-k75-c300-fanout_f32_l16-merkle-r9,2e62d8379ddc1f19bde80ee3692ab6f0b15b0ab288de812930113f8d860c53a4,merkle,repair_sql_building_ms,0.225
size-scaling-k75-c300-n20000000-f32-k75-c300-fanout_f32_l16-merkle-r9,2e62d8379ddc1f19bde80ee3692ab6f0b15b0ab288de812930113f8d860c53a4,merkle,repair_dml_wire_ms,7.018
size-scaling-k75-c300-n20000000-f32-k75-c300-fanout_f32_l16-merkle-r9,2e62d8379ddc1f19bde80ee3692ab6f0b15b0ab288de812930113f8d860c53a4,merkle,repair_commit_wire_ms,4.148
size-scaling-k75-c300-n20000000-f32-k75-c300-fanout_f32_l16-merkle-r9,2e62d8379ddc1f19bde80ee3692ab6f0b15b0ab288de812930113f8d860c53a4,merkle,repair_begin_wire_ms,0.056
size-scaling-k75-c300-n20000000-f32-k75-c300-fanout_f32_l16-merkle-r9,2e62d8379ddc1f19bde80ee3692ab6f0b15b0ab288de812930113f8d860c53a4,merkle,repair_transaction_block_ms,11.471
size-scaling-k75-c300-n20000000-f32-k75-c300-fanout_f32_l16-merkle-r9,2e62d8379ddc1f19bde80ee3692ab6f0b15b0ab288de812930113f8d860c53a4,merkle,repair_write_ms,11.473
size-scaling-k75-c300-n20000000-f32-k75-c300-fanout_f32_l16-merkle-r9,2e62d8379ddc1f19bde80ee3692ab6f0b15b0ab288de812930113f8d860c53a4,merkle,targeted_post_repair_confirmation_ms,1.501
size-scaling-k75-c300-n20000000-f32-k75-c300-fanout_f32_l16-merkle-r9,2e62d8379ddc1f19bde80ee3692ab6f0b15b0ab288de812930113f8d860c53a4,merkle,recovery_observability_ms,0.001
size-scaling-k75-c300-n20000000-f32-k75-c300-fanout_f32_l16-merkle-r9,2e62d8379ddc1f19bde80ee3692ab6f0b15b0ab288de812930113f8d860c53a4,merkle,recovery_orchestration_ms,11.083
size-scaling-k75-c300-n20000000-f32-k75-c300-fanout_f32_l16-merkle-r9,2e62d8379ddc1f19bde80ee3692ab6f0b15b0ab288de812930113f8d860c53a4,merkle,merkle_total_ms,123.792
size-scaling-k75-c300-n25000000-f32-k75-c300-fanout_f32_l16-merkle-r0,9b8820b519429d9617b394bcf4575cf866fcc872a18b4eb4aff17d7ff51bd1a5,merkle,tree_localisation_ms,140.278
size-scaling-k75-c300-n25000000-f32-k75-c300-fanout_f32_l16-merkle-r0,9b8820b519429d9617b394bcf4575cf866fcc872a18b4eb4aff17d7ff51bd1a5,merkle,candidate_row_fetch_ms,13.093
size-scaling-k75-c300-n25000000-f32-k75-c300-fanout_f32_l16-merkle-r0,9b8820b519429d9617b394bcf4575cf866fcc872a18b4eb4aff17d7ff51bd1a5,merkle,row_comparison_ms,0.513
size-scaling-k75-c300-n25000000-f32-k75-c300-fanout_f32_l16-merkle-r0,9b8820b519429d9617b394bcf4575cf866fcc872a18b4eb4aff17d7ff51bd1a5,merkle,repair_sql_building_ms,0.432
size-scaling-k75-c300-n25000000-f32-k75-c300-fanout_f32_l16-merkle-r0,9b8820b519429d9617b394bcf4575cf866fcc872a18b4eb4aff17d7ff51bd1a5,merkle,repair_dml_wire_ms,14.491
size-scaling-k75-c300-n25000000-f32-k75-c300-fanout_f32_l16-merkle-r0,9b8820b519429d9617b394bcf4575cf866fcc872a18b4eb4aff17d7ff51bd1a5,merkle,repair_commit_wire_ms,7.055
size-scaling-k75-c300-n25000000-f32-k75-c300-fanout_f32_l16-merkle-r0,9b8820b519429d9617b394bcf4575cf866fcc872a18b4eb4aff17d7ff51bd1a5,merkle,repair_begin_wire_ms,0.094
size-scaling-k75-c300-n25000000-f32-k75-c300-fanout_f32_l16-merkle-r0,9b8820b519429d9617b394bcf4575cf866fcc872a18b4eb4aff17d7ff51bd1a5,merkle,repair_transaction_block_ms,22.125
size-scaling-k75-c300-n25000000-f32-k75-c300-fanout_f32_l16-merkle-r0,9b8820b519429d9617b394bcf4575cf866fcc872a18b4eb4aff17d7ff51bd1a5,merkle,repair_write_ms,22.129
size-scaling-k75-c300-n25000000-f32-k75-c300-fanout_f32_l16-merkle-r0,9b8820b519429d9617b394bcf4575cf866fcc872a18b4eb4aff17d7ff51bd1a5,merkle,targeted_post_repair_confirmation_ms,2.873
size-scaling-k75-c300-n25000000-f32-k75-c300-fanout_f32_l16-merkle-r0,9b8820b519429d9617b394bcf4575cf866fcc872a18b4eb4aff17d7ff51bd1a5,merkle,recovery_observability_ms,0.001
size-scaling-k75-c300-n25000000-f32-k75-c300-fanout_f32_l16-merkle-r0,9b8820b519429d9617b394bcf4575cf866fcc872a18b4eb4aff17d7ff51bd1a5,merkle,recovery_orchestration_ms,1.996
size-scaling-k75-c300-n25000000-f32-k75-c300-fanout_f32_l16-merkle-r0,9b8820b519429d9617b394bcf4575cf866fcc872a18b4eb4aff17d7ff51bd1a5,merkle,merkle_total_ms,194.495
size-scaling-k75-c300-n25000000-f32-k75-c300-fanout_f32_l16-merkle-r1,9b8820b519429d9617b394bcf4575cf866fcc872a18b4eb4aff17d7ff51bd1a5,merkle,tree_localisation_ms,171.220
size-scaling-k75-c300-n25000000-f32-k75-c300-fanout_f32_l16-merkle-r1,9b8820b519429d9617b394bcf4575cf866fcc872a18b4eb4aff17d7ff51bd1a5,merkle,candidate_row_fetch_ms,15.947
size-scaling-k75-c300-n25000000-f32-k75-c300-fanout_f32_l16-merkle-r1,9b8820b519429d9617b394bcf4575cf866fcc872a18b4eb4aff17d7ff51bd1a5,merkle,row_comparison_ms,0.694
size-scaling-k75-c300-n25000000-f32-k75-c300-fanout_f32_l16-merkle-r1,9b8820b519429d9617b394bcf4575cf866fcc872a18b4eb4aff17d7ff51bd1a5,merkle,repair_sql_building_ms,0.559
size-scaling-k75-c300-n25000000-f32-k75-c300-fanout_f32_l16-merkle-r1,9b8820b519429d9617b394bcf4575cf866fcc872a18b4eb4aff17d7ff51bd1a5,merkle,repair_dml_wire_ms,17.818
size-scaling-k75-c300-n25000000-f32-k75-c300-fanout_f32_l16-merkle-r1,9b8820b519429d9617b394bcf4575cf866fcc872a18b4eb4aff17d7ff51bd1a5,merkle,repair_commit_wire_ms,8.726
size-scaling-k75-c300-n25000000-f32-k75-c300-fanout_f32_l16-merkle-r1,9b8820b519429d9617b394bcf4575cf866fcc872a18b4eb4aff17d7ff51bd1a5,merkle,repair_begin_wire_ms,0.112
size-scaling-k75-c300-n25000000-f32-k75-c300-fanout_f32_l16-merkle-r1,9b8820b519429d9617b394bcf4575cf866fcc872a18b4eb4aff17d7ff51bd1a5,merkle,repair_transaction_block_ms,27.267
size-scaling-k75-c300-n25000000-f32-k75-c300-fanout_f32_l16-merkle-r1,9b8820b519429d9617b394bcf4575cf866fcc872a18b4eb4aff17d7ff51bd1a5,merkle,repair_write_ms,27.272
size-scaling-k75-c300-n25000000-f32-k75-c300-fanout_f32_l16-merkle-r1,9b8820b519429d9617b394bcf4575cf866fcc872a18b4eb4aff17d7ff51bd1a5,merkle,targeted_post_repair_confirmation_ms,3.353
size-scaling-k75-c300-n25000000-f32-k75-c300-fanout_f32_l16-merkle-r1,9b8820b519429d9617b394bcf4575cf866fcc872a18b4eb4aff17d7ff51bd1a5,merkle,recovery_observability_ms,0.001
size-scaling-k75-c300-n25000000-f32-k75-c300-fanout_f32_l16-merkle-r1,9b8820b519429d9617b394bcf4575cf866fcc872a18b4eb4aff17d7ff51bd1a5,merkle,recovery_orchestration_ms,2.355
size-scaling-k75-c300-n25000000-f32-k75-c300-fanout_f32_l16-merkle-r1,9b8820b519429d9617b394bcf4575cf866fcc872a18b4eb4aff17d7ff51bd1a5,merkle,merkle_total_ms,224.500
size-scaling-k75-c300-n25000000-f32-k75-c300-fanout_f32_l16-merkle-r2,9b8820b519429d9617b394bcf4575cf866fcc872a18b4eb4aff17d7ff51bd1a5,merkle,tree_localisation_ms,157.963
size-scaling-k75-c300-n25000000-f32-k75-c300-fanout_f32_l16-merkle-r2,9b8820b519429d9617b394bcf4575cf866fcc872a18b4eb4aff17d7ff51bd1a5,merkle,candidate_row_fetch_ms,16.732
size-scaling-k75-c300-n25000000-f32-k75-c300-fanout_f32_l16-merkle-r2,9b8820b519429d9617b394bcf4575cf866fcc872a18b4eb4aff17d7ff51bd1a5,merkle,row_comparison_ms,0.701
size-scaling-k75-c300-n25000000-f32-k75-c300-fanout_f32_l16-merkle-r2,9b8820b519429d9617b394bcf4575cf866fcc872a18b4eb4aff17d7ff51bd1a5,merkle,repair_sql_building_ms,0.546
size-scaling-k75-c300-n25000000-f32-k75-c300-fanout_f32_l16-merkle-r2,9b8820b519429d9617b394bcf4575cf866fcc872a18b4eb4aff17d7ff51bd1a5,merkle,repair_dml_wire_ms,27.314
size-scaling-k75-c300-n25000000-f32-k75-c300-fanout_f32_l16-merkle-r2,9b8820b519429d9617b394bcf4575cf866fcc872a18b4eb4aff17d7ff51bd1a5,merkle,repair_commit_wire_ms,9.466
size-scaling-k75-c300-n25000000-f32-k75-c300-fanout_f32_l16-merkle-r2,9b8820b519429d9617b394bcf4575cf866fcc872a18b4eb4aff17d7ff51bd1a5,merkle,repair_begin_wire_ms,0.103
size-scaling-k75-c300-n25000000-f32-k75-c300-fanout_f32_l16-merkle-r2,9b8820b519429d9617b394bcf4575cf866fcc872a18b4eb4aff17d7ff51bd1a5,merkle,repair_transaction_block_ms,37.482
size-scaling-k75-c300-n25000000-f32-k75-c300-fanout_f32_l16-merkle-r2,9b8820b519429d9617b394bcf4575cf866fcc872a18b4eb4aff17d7ff51bd1a5,merkle,repair_write_ms,37.488
size-scaling-k75-c300-n25000000-f32-k75-c300-fanout_f32_l16-merkle-r2,9b8820b519429d9617b394bcf4575cf866fcc872a18b4eb4aff17d7ff51bd1a5,merkle,targeted_post_repair_confirmation_ms,3.408
size-scaling-k75-c300-n25000000-f32-k75-c300-fanout_f32_l16-merkle-r2,9b8820b519429d9617b394bcf4575cf866fcc872a18b4eb4aff17d7ff51bd1a5,merkle,recovery_observability_ms,0.001
size-scaling-k75-c300-n25000000-f32-k75-c300-fanout_f32_l16-merkle-r2,9b8820b519429d9617b394bcf4575cf866fcc872a18b4eb4aff17d7ff51bd1a5,merkle,recovery_orchestration_ms,2.314
size-scaling-k75-c300-n25000000-f32-k75-c300-fanout_f32_l16-merkle-r2,9b8820b519429d9617b394bcf4575cf866fcc872a18b4eb4aff17d7ff51bd1a5,merkle,merkle_total_ms,232.862
size-scaling-k75-c300-n25000000-f32-k75-c300-fanout_f32_l16-merkle-r3,9b8820b519429d9617b394bcf4575cf866fcc872a18b4eb4aff17d7ff51bd1a5,merkle,tree_localisation_ms,173.116
size-scaling-k75-c300-n25000000-f32-k75-c300-fanout_f32_l16-merkle-r3,9b8820b519429d9617b394bcf4575cf866fcc872a18b4eb4aff17d7ff51bd1a5,merkle,candidate_row_fetch_ms,17.452
size-scaling-k75-c300-n25000000-f32-k75-c300-fanout_f32_l16-merkle-r3,9b8820b519429d9617b394bcf4575cf866fcc872a18b4eb4aff17d7ff51bd1a5,merkle,row_comparison_ms,0.694
size-scaling-k75-c300-n25000000-f32-k75-c300-fanout_f32_l16-merkle-r3,9b8820b519429d9617b394bcf4575cf866fcc872a18b4eb4aff17d7ff51bd1a5,merkle,repair_sql_building_ms,0.559
size-scaling-k75-c300-n25000000-f32-k75-c300-fanout_f32_l16-merkle-r3,9b8820b519429d9617b394bcf4575cf866fcc872a18b4eb4aff17d7ff51bd1a5,merkle,repair_dml_wire_ms,17.754
size-scaling-k75-c300-n25000000-f32-k75-c300-fanout_f32_l16-merkle-r3,9b8820b519429d9617b394bcf4575cf866fcc872a18b4eb4aff17d7ff51bd1a5,merkle,repair_commit_wire_ms,8.668
size-scaling-k75-c300-n25000000-f32-k75-c300-fanout_f32_l16-merkle-r3,9b8820b519429d9617b394bcf4575cf866fcc872a18b4eb4aff17d7ff51bd1a5,merkle,repair_begin_wire_ms,0.114
size-scaling-k75-c300-n25000000-f32-k75-c300-fanout_f32_l16-merkle-r3,9b8820b519429d9617b394bcf4575cf866fcc872a18b4eb4aff17d7ff51bd1a5,merkle,repair_transaction_block_ms,27.150
size-scaling-k75-c300-n25000000-f32-k75-c300-fanout_f32_l16-merkle-r3,9b8820b519429d9617b394bcf4575cf866fcc872a18b4eb4aff17d7ff51bd1a5,merkle,repair_write_ms,27.154
size-scaling-k75-c300-n25000000-f32-k75-c300-fanout_f32_l16-merkle-r3,9b8820b519429d9617b394bcf4575cf866fcc872a18b4eb4aff17d7ff51bd1a5,merkle,targeted_post_repair_confirmation_ms,3.374
size-scaling-k75-c300-n25000000-f32-k75-c300-fanout_f32_l16-merkle-r3,9b8820b519429d9617b394bcf4575cf866fcc872a18b4eb4aff17d7ff51bd1a5,merkle,recovery_observability_ms,0.001
size-scaling-k75-c300-n25000000-f32-k75-c300-fanout_f32_l16-merkle-r3,9b8820b519429d9617b394bcf4575cf866fcc872a18b4eb4aff17d7ff51bd1a5,merkle,recovery_orchestration_ms,2.330
size-scaling-k75-c300-n25000000-f32-k75-c300-fanout_f32_l16-merkle-r3,9b8820b519429d9617b394bcf4575cf866fcc872a18b4eb4aff17d7ff51bd1a5,merkle,merkle_total_ms,227.789
size-scaling-k75-c300-n25000000-f32-k75-c300-fanout_f32_l16-merkle-r4,9b8820b519429d9617b394bcf4575cf866fcc872a18b4eb4aff17d7ff51bd1a5,merkle,tree_localisation_ms,171.930
size-scaling-k75-c300-n25000000-f32-k75-c300-fanout_f32_l16-merkle-r4,9b8820b519429d9617b394bcf4575cf866fcc872a18b4eb4aff17d7ff51bd1a5,merkle,candidate_row_fetch_ms,17.492
size-scaling-k75-c300-n25000000-f32-k75-c300-fanout_f32_l16-merkle-r4,9b8820b519429d9617b394bcf4575cf866fcc872a18b4eb4aff17d7ff51bd1a5,merkle,row_comparison_ms,0.683
size-scaling-k75-c300-n25000000-f32-k75-c300-fanout_f32_l16-merkle-r4,9b8820b519429d9617b394bcf4575cf866fcc872a18b4eb4aff17d7ff51bd1a5,merkle,repair_sql_building_ms,0.554
size-scaling-k75-c300-n25000000-f32-k75-c300-fanout_f32_l16-merkle-r4,9b8820b519429d9617b394bcf4575cf866fcc872a18b4eb4aff17d7ff51bd1a5,merkle,repair_dml_wire_ms,17.491
size-scaling-k75-c300-n25000000-f32-k75-c300-fanout_f32_l16-merkle-r4,9b8820b519429d9617b394bcf4575cf866fcc872a18b4eb4aff17d7ff51bd1a5,merkle,repair_commit_wire_ms,8.728
size-scaling-k75-c300-n25000000-f32-k75-c300-fanout_f32_l16-merkle-r4,9b8820b519429d9617b394bcf4575cf866fcc872a18b4eb4aff17d7ff51bd1a5,merkle,repair_begin_wire_ms,0.111
size-scaling-k75-c300-n25000000-f32-k75-c300-fanout_f32_l16-merkle-r4,9b8820b519429d9617b394bcf4575cf866fcc872a18b4eb4aff17d7ff51bd1a5,merkle,repair_transaction_block_ms,26.942
size-scaling-k75-c300-n25000000-f32-k75-c300-fanout_f32_l16-merkle-r4,9b8820b519429d9617b394bcf4575cf866fcc872a18b4eb4aff17d7ff51bd1a5,merkle,repair_write_ms,26.947
size-scaling-k75-c300-n25000000-f32-k75-c300-fanout_f32_l16-merkle-r4,9b8820b519429d9617b394bcf4575cf866fcc872a18b4eb4aff17d7ff51bd1a5,merkle,targeted_post_repair_confirmation_ms,3.360
size-scaling-k75-c300-n25000000-f32-k75-c300-fanout_f32_l16-merkle-r4,9b8820b519429d9617b394bcf4575cf866fcc872a18b4eb4aff17d7ff51bd1a5,merkle,recovery_observability_ms,0.001
size-scaling-k75-c300-n25000000-f32-k75-c300-fanout_f32_l16-merkle-r4,9b8820b519429d9617b394bcf4575cf866fcc872a18b4eb4aff17d7ff51bd1a5,merkle,recovery_orchestration_ms,2.326
size-scaling-k75-c300-n25000000-f32-k75-c300-fanout_f32_l16-merkle-r4,9b8820b519429d9617b394bcf4575cf866fcc872a18b4eb4aff17d7ff51bd1a5,merkle,merkle_total_ms,236.654
size-scaling-k75-c300-n25000000-f32-k75-c300-fanout_f32_l16-merkle-r5,9b8820b519429d9617b394bcf4575cf866fcc872a18b4eb4aff17d7ff51bd1a5,merkle,tree_localisation_ms,172.430
size-scaling-k75-c300-n25000000-f32-k75-c300-fanout_f32_l16-merkle-r5,9b8820b519429d9617b394bcf4575cf866fcc872a18b4eb4aff17d7ff51bd1a5,merkle,candidate_row_fetch_ms,17.434
size-scaling-k75-c300-n25000000-f32-k75-c300-fanout_f32_l16-merkle-r5,9b8820b519429d9617b394bcf4575cf866fcc872a18b4eb4aff17d7ff51bd1a5,merkle,row_comparison_ms,0.688
size-scaling-k75-c300-n25000000-f32-k75-c300-fanout_f32_l16-merkle-r5,9b8820b519429d9617b394bcf4575cf866fcc872a18b4eb4aff17d7ff51bd1a5,merkle,repair_sql_building_ms,0.555
size-scaling-k75-c300-n25000000-f32-k75-c300-fanout_f32_l16-merkle-r5,9b8820b519429d9617b394bcf4575cf866fcc872a18b4eb4aff17d7ff51bd1a5,merkle,repair_dml_wire_ms,17.147
size-scaling-k75-c300-n25000000-f32-k75-c300-fanout_f32_l16-merkle-r5,9b8820b519429d9617b394bcf4575cf866fcc872a18b4eb4aff17d7ff51bd1a5,merkle,repair_commit_wire_ms,8.761
size-scaling-k75-c300-n25000000-f32-k75-c300-fanout_f32_l16-merkle-r5,9b8820b519429d9617b394bcf4575cf866fcc872a18b4eb4aff17d7ff51bd1a5,merkle,repair_begin_wire_ms,0.125
size-scaling-k75-c300-n25000000-f32-k75-c300-fanout_f32_l16-merkle-r5,9b8820b519429d9617b394bcf4575cf866fcc872a18b4eb4aff17d7ff51bd1a5,merkle,repair_transaction_block_ms,26.643
size-scaling-k75-c300-n25000000-f32-k75-c300-fanout_f32_l16-merkle-r5,9b8820b519429d9617b394bcf4575cf866fcc872a18b4eb4aff17d7ff51bd1a5,merkle,repair_write_ms,26.647
size-scaling-k75-c300-n25000000-f32-k75-c300-fanout_f32_l16-merkle-r5,9b8820b519429d9617b394bcf4575cf866fcc872a18b4eb4aff17d7ff51bd1a5,merkle,targeted_post_repair_confirmation_ms,3.373
size-scaling-k75-c300-n25000000-f32-k75-c300-fanout_f32_l16-merkle-r5,9b8820b519429d9617b394bcf4575cf866fcc872a18b4eb4aff17d7ff51bd1a5,merkle,recovery_observability_ms,0.001
size-scaling-k75-c300-n25000000-f32-k75-c300-fanout_f32_l16-merkle-r5,9b8820b519429d9617b394bcf4575cf866fcc872a18b4eb4aff17d7ff51bd1a5,merkle,recovery_orchestration_ms,2.365
size-scaling-k75-c300-n25000000-f32-k75-c300-fanout_f32_l16-merkle-r5,9b8820b519429d9617b394bcf4575cf866fcc872a18b4eb4aff17d7ff51bd1a5,merkle,merkle_total_ms,226.624
size-scaling-k75-c300-n25000000-f32-k75-c300-fanout_f32_l16-merkle-r6,9b8820b519429d9617b394bcf4575cf866fcc872a18b4eb4aff17d7ff51bd1a5,merkle,tree_localisation_ms,171.689
size-scaling-k75-c300-n25000000-f32-k75-c300-fanout_f32_l16-merkle-r6,9b8820b519429d9617b394bcf4575cf866fcc872a18b4eb4aff17d7ff51bd1a5,merkle,candidate_row_fetch_ms,16.528
size-scaling-k75-c300-n25000000-f32-k75-c300-fanout_f32_l16-merkle-r6,9b8820b519429d9617b394bcf4575cf866fcc872a18b4eb4aff17d7ff51bd1a5,merkle,row_comparison_ms,0.691
size-scaling-k75-c300-n25000000-f32-k75-c300-fanout_f32_l16-merkle-r6,9b8820b519429d9617b394bcf4575cf866fcc872a18b4eb4aff17d7ff51bd1a5,merkle,repair_sql_building_ms,0.567
size-scaling-k75-c300-n25000000-f32-k75-c300-fanout_f32_l16-merkle-r6,9b8820b519429d9617b394bcf4575cf866fcc872a18b4eb4aff17d7ff51bd1a5,merkle,repair_dml_wire_ms,16.833
size-scaling-k75-c300-n25000000-f32-k75-c300-fanout_f32_l16-merkle-r6,9b8820b519429d9617b394bcf4575cf866fcc872a18b4eb4aff17d7ff51bd1a5,merkle,repair_commit_wire_ms,8.637
size-scaling-k75-c300-n25000000-f32-k75-c300-fanout_f32_l16-merkle-r6,9b8820b519429d9617b394bcf4575cf866fcc872a18b4eb4aff17d7ff51bd1a5,merkle,repair_begin_wire_ms,0.109
size-scaling-k75-c300-n25000000-f32-k75-c300-fanout_f32_l16-merkle-r6,9b8820b519429d9617b394bcf4575cf866fcc872a18b4eb4aff17d7ff51bd1a5,merkle,repair_transaction_block_ms,26.204
size-scaling-k75-c300-n25000000-f32-k75-c300-fanout_f32_l16-merkle-r6,9b8820b519429d9617b394bcf4575cf866fcc872a18b4eb4aff17d7ff51bd1a5,merkle,repair_write_ms,26.209
size-scaling-k75-c300-n25000000-f32-k75-c300-fanout_f32_l16-merkle-r6,9b8820b519429d9617b394bcf4575cf866fcc872a18b4eb4aff17d7ff51bd1a5,merkle,targeted_post_repair_confirmation_ms,3.354
size-scaling-k75-c300-n25000000-f32-k75-c300-fanout_f32_l16-merkle-r6,9b8820b519429d9617b394bcf4575cf866fcc872a18b4eb4aff17d7ff51bd1a5,merkle,recovery_observability_ms,0.001
size-scaling-k75-c300-n25000000-f32-k75-c300-fanout_f32_l16-merkle-r6,9b8820b519429d9617b394bcf4575cf866fcc872a18b4eb4aff17d7ff51bd1a5,merkle,recovery_orchestration_ms,2.354
size-scaling-k75-c300-n25000000-f32-k75-c300-fanout_f32_l16-merkle-r6,9b8820b519429d9617b394bcf4575cf866fcc872a18b4eb4aff17d7ff51bd1a5,merkle,merkle_total_ms,234.677
size-scaling-k75-c300-n25000000-f32-k75-c300-fanout_f32_l16-merkle-r7,9b8820b519429d9617b394bcf4575cf866fcc872a18b4eb4aff17d7ff51bd1a5,merkle,tree_localisation_ms,164.295
size-scaling-k75-c300-n25000000-f32-k75-c300-fanout_f32_l16-merkle-r7,9b8820b519429d9617b394bcf4575cf866fcc872a18b4eb4aff17d7ff51bd1a5,merkle,candidate_row_fetch_ms,17.800
size-scaling-k75-c300-n25000000-f32-k75-c300-fanout_f32_l16-merkle-r7,9b8820b519429d9617b394bcf4575cf866fcc872a18b4eb4aff17d7ff51bd1a5,merkle,row_comparison_ms,0.687
size-scaling-k75-c300-n25000000-f32-k75-c300-fanout_f32_l16-merkle-r7,9b8820b519429d9617b394bcf4575cf866fcc872a18b4eb4aff17d7ff51bd1a5,merkle,repair_sql_building_ms,0.553
size-scaling-k75-c300-n25000000-f32-k75-c300-fanout_f32_l16-merkle-r7,9b8820b519429d9617b394bcf4575cf866fcc872a18b4eb4aff17d7ff51bd1a5,merkle,repair_dml_wire_ms,16.966
size-scaling-k75-c300-n25000000-f32-k75-c300-fanout_f32_l16-merkle-r7,9b8820b519429d9617b394bcf4575cf866fcc872a18b4eb4aff17d7ff51bd1a5,merkle,repair_commit_wire_ms,8.695
size-scaling-k75-c300-n25000000-f32-k75-c300-fanout_f32_l16-merkle-r7,9b8820b519429d9617b394bcf4575cf866fcc872a18b4eb4aff17d7ff51bd1a5,merkle,repair_begin_wire_ms,0.112
size-scaling-k75-c300-n25000000-f32-k75-c300-fanout_f32_l16-merkle-r7,9b8820b519429d9617b394bcf4575cf866fcc872a18b4eb4aff17d7ff51bd1a5,merkle,repair_transaction_block_ms,26.379
size-scaling-k75-c300-n25000000-f32-k75-c300-fanout_f32_l16-merkle-r7,9b8820b519429d9617b394bcf4575cf866fcc872a18b4eb4aff17d7ff51bd1a5,merkle,repair_write_ms,26.384
size-scaling-k75-c300-n25000000-f32-k75-c300-fanout_f32_l16-merkle-r7,9b8820b519429d9617b394bcf4575cf866fcc872a18b4eb4aff17d7ff51bd1a5,merkle,targeted_post_repair_confirmation_ms,3.320
size-scaling-k75-c300-n25000000-f32-k75-c300-fanout_f32_l16-merkle-r7,9b8820b519429d9617b394bcf4575cf866fcc872a18b4eb4aff17d7ff51bd1a5,merkle,recovery_observability_ms,0.001
size-scaling-k75-c300-n25000000-f32-k75-c300-fanout_f32_l16-merkle-r7,9b8820b519429d9617b394bcf4575cf866fcc872a18b4eb4aff17d7ff51bd1a5,merkle,recovery_orchestration_ms,2.314
size-scaling-k75-c300-n25000000-f32-k75-c300-fanout_f32_l16-merkle-r7,9b8820b519429d9617b394bcf4575cf866fcc872a18b4eb4aff17d7ff51bd1a5,merkle,merkle_total_ms,218.569
size-scaling-k75-c300-n25000000-f32-k75-c300-fanout_f32_l16-merkle-r8,9b8820b519429d9617b394bcf4575cf866fcc872a18b4eb4aff17d7ff51bd1a5,merkle,tree_localisation_ms,166.387
size-scaling-k75-c300-n25000000-f32-k75-c300-fanout_f32_l16-merkle-r8,9b8820b519429d9617b394bcf4575cf866fcc872a18b4eb4aff17d7ff51bd1a5,merkle,candidate_row_fetch_ms,16.999
size-scaling-k75-c300-n25000000-f32-k75-c300-fanout_f32_l16-merkle-r8,9b8820b519429d9617b394bcf4575cf866fcc872a18b4eb4aff17d7ff51bd1a5,merkle,row_comparison_ms,0.694
size-scaling-k75-c300-n25000000-f32-k75-c300-fanout_f32_l16-merkle-r8,9b8820b519429d9617b394bcf4575cf866fcc872a18b4eb4aff17d7ff51bd1a5,merkle,repair_sql_building_ms,0.542
size-scaling-k75-c300-n25000000-f32-k75-c300-fanout_f32_l16-merkle-r8,9b8820b519429d9617b394bcf4575cf866fcc872a18b4eb4aff17d7ff51bd1a5,merkle,repair_dml_wire_ms,16.877
size-scaling-k75-c300-n25000000-f32-k75-c300-fanout_f32_l16-merkle-r8,9b8820b519429d9617b394bcf4575cf866fcc872a18b4eb4aff17d7ff51bd1a5,merkle,repair_commit_wire_ms,8.761
size-scaling-k75-c300-n25000000-f32-k75-c300-fanout_f32_l16-merkle-r8,9b8820b519429d9617b394bcf4575cf866fcc872a18b4eb4aff17d7ff51bd1a5,merkle,repair_begin_wire_ms,0.113
size-scaling-k75-c300-n25000000-f32-k75-c300-fanout_f32_l16-merkle-r8,9b8820b519429d9617b394bcf4575cf866fcc872a18b4eb4aff17d7ff51bd1a5,merkle,repair_transaction_block_ms,26.348
size-scaling-k75-c300-n25000000-f32-k75-c300-fanout_f32_l16-merkle-r8,9b8820b519429d9617b394bcf4575cf866fcc872a18b4eb4aff17d7ff51bd1a5,merkle,repair_write_ms,26.353
size-scaling-k75-c300-n25000000-f32-k75-c300-fanout_f32_l16-merkle-r8,9b8820b519429d9617b394bcf4575cf866fcc872a18b4eb4aff17d7ff51bd1a5,merkle,targeted_post_repair_confirmation_ms,3.167
size-scaling-k75-c300-n25000000-f32-k75-c300-fanout_f32_l16-merkle-r8,9b8820b519429d9617b394bcf4575cf866fcc872a18b4eb4aff17d7ff51bd1a5,merkle,recovery_observability_ms,0.001
size-scaling-k75-c300-n25000000-f32-k75-c300-fanout_f32_l16-merkle-r8,9b8820b519429d9617b394bcf4575cf866fcc872a18b4eb4aff17d7ff51bd1a5,merkle,recovery_orchestration_ms,2.226
size-scaling-k75-c300-n25000000-f32-k75-c300-fanout_f32_l16-merkle-r8,9b8820b519429d9617b394bcf4575cf866fcc872a18b4eb4aff17d7ff51bd1a5,merkle,merkle_total_ms,229.740
size-scaling-k75-c300-n25000000-f32-k75-c300-fanout_f32_l16-merkle-r9,9b8820b519429d9617b394bcf4575cf866fcc872a18b4eb4aff17d7ff51bd1a5,merkle,tree_localisation_ms,175.703
size-scaling-k75-c300-n25000000-f32-k75-c300-fanout_f32_l16-merkle-r9,9b8820b519429d9617b394bcf4575cf866fcc872a18b4eb4aff17d7ff51bd1a5,merkle,candidate_row_fetch_ms,19.090
size-scaling-k75-c300-n25000000-f32-k75-c300-fanout_f32_l16-merkle-r9,9b8820b519429d9617b394bcf4575cf866fcc872a18b4eb4aff17d7ff51bd1a5,merkle,row_comparison_ms,0.676
size-scaling-k75-c300-n25000000-f32-k75-c300-fanout_f32_l16-merkle-r9,9b8820b519429d9617b394bcf4575cf866fcc872a18b4eb4aff17d7ff51bd1a5,merkle,repair_sql_building_ms,0.562
size-scaling-k75-c300-n25000000-f32-k75-c300-fanout_f32_l16-merkle-r9,9b8820b519429d9617b394bcf4575cf866fcc872a18b4eb4aff17d7ff51bd1a5,merkle,repair_dml_wire_ms,17.021
size-scaling-k75-c300-n25000000-f32-k75-c300-fanout_f32_l16-merkle-r9,9b8820b519429d9617b394bcf4575cf866fcc872a18b4eb4aff17d7ff51bd1a5,merkle,repair_commit_wire_ms,8.695
size-scaling-k75-c300-n25000000-f32-k75-c300-fanout_f32_l16-merkle-r9,9b8820b519429d9617b394bcf4575cf866fcc872a18b4eb4aff17d7ff51bd1a5,merkle,repair_begin_wire_ms,0.154
size-scaling-k75-c300-n25000000-f32-k75-c300-fanout_f32_l16-merkle-r9,9b8820b519429d9617b394bcf4575cf866fcc872a18b4eb4aff17d7ff51bd1a5,merkle,repair_transaction_block_ms,26.502
size-scaling-k75-c300-n25000000-f32-k75-c300-fanout_f32_l16-merkle-r9,9b8820b519429d9617b394bcf4575cf866fcc872a18b4eb4aff17d7ff51bd1a5,merkle,repair_write_ms,26.506
size-scaling-k75-c300-n25000000-f32-k75-c300-fanout_f32_l16-merkle-r9,9b8820b519429d9617b394bcf4575cf866fcc872a18b4eb4aff17d7ff51bd1a5,merkle,targeted_post_repair_confirmation_ms,3.372
size-scaling-k75-c300-n25000000-f32-k75-c300-fanout_f32_l16-merkle-r9,9b8820b519429d9617b394bcf4575cf866fcc872a18b4eb4aff17d7ff51bd1a5,merkle,recovery_observability_ms,0.001
size-scaling-k75-c300-n25000000-f32-k75-c300-fanout_f32_l16-merkle-r9,9b8820b519429d9617b394bcf4575cf866fcc872a18b4eb4aff17d7ff51bd1a5,merkle,recovery_orchestration_ms,2.431
size-scaling-k75-c300-n25000000-f32-k75-c300-fanout_f32_l16-merkle-r9,9b8820b519429d9617b394bcf4575cf866fcc872a18b4eb4aff17d7ff51bd1a5,merkle,merkle_total_ms,231.493
size-scaling-k75-c300-n30000000-f32-k75-c300-fanout_f32_l16-merkle-r0,8f5b3052a72179ec9f06354ed2c1d1d6eadc4160dbd94d7c283cd276452a4a53,merkle,tree_localisation_ms,87.610
size-scaling-k75-c300-n30000000-f32-k75-c300-fanout_f32_l16-merkle-r0,8f5b3052a72179ec9f06354ed2c1d1d6eadc4160dbd94d7c283cd276452a4a53,merkle,candidate_row_fetch_ms,8.218
size-scaling-k75-c300-n30000000-f32-k75-c300-fanout_f32_l16-merkle-r0,8f5b3052a72179ec9f06354ed2c1d1d6eadc4160dbd94d7c283cd276452a4a53,merkle,row_comparison_ms,0.265
size-scaling-k75-c300-n30000000-f32-k75-c300-fanout_f32_l16-merkle-r0,8f5b3052a72179ec9f06354ed2c1d1d6eadc4160dbd94d7c283cd276452a4a53,merkle,repair_sql_building_ms,0.227
size-scaling-k75-c300-n30000000-f32-k75-c300-fanout_f32_l16-merkle-r0,8f5b3052a72179ec9f06354ed2c1d1d6eadc4160dbd94d7c283cd276452a4a53,merkle,repair_dml_wire_ms,7.501
size-scaling-k75-c300-n30000000-f32-k75-c300-fanout_f32_l16-merkle-r0,8f5b3052a72179ec9f06354ed2c1d1d6eadc4160dbd94d7c283cd276452a4a53,merkle,repair_commit_wire_ms,4.080
size-scaling-k75-c300-n30000000-f32-k75-c300-fanout_f32_l16-merkle-r0,8f5b3052a72179ec9f06354ed2c1d1d6eadc4160dbd94d7c283cd276452a4a53,merkle,repair_begin_wire_ms,0.055
size-scaling-k75-c300-n30000000-f32-k75-c300-fanout_f32_l16-merkle-r0,8f5b3052a72179ec9f06354ed2c1d1d6eadc4160dbd94d7c283cd276452a4a53,merkle,repair_transaction_block_ms,11.888
size-scaling-k75-c300-n30000000-f32-k75-c300-fanout_f32_l16-merkle-r0,8f5b3052a72179ec9f06354ed2c1d1d6eadc4160dbd94d7c283cd276452a4a53,merkle,repair_write_ms,11.890
size-scaling-k75-c300-n30000000-f32-k75-c300-fanout_f32_l16-merkle-r0,8f5b3052a72179ec9f06354ed2c1d1d6eadc4160dbd94d7c283cd276452a4a53,merkle,targeted_post_repair_confirmation_ms,1.530
size-scaling-k75-c300-n30000000-f32-k75-c300-fanout_f32_l16-merkle-r0,8f5b3052a72179ec9f06354ed2c1d1d6eadc4160dbd94d7c283cd276452a4a53,merkle,recovery_observability_ms,0.001
size-scaling-k75-c300-n30000000-f32-k75-c300-fanout_f32_l16-merkle-r0,8f5b3052a72179ec9f06354ed2c1d1d6eadc4160dbd94d7c283cd276452a4a53,merkle,recovery_orchestration_ms,0.969
size-scaling-k75-c300-n30000000-f32-k75-c300-fanout_f32_l16-merkle-r0,8f5b3052a72179ec9f06354ed2c1d1d6eadc4160dbd94d7c283cd276452a4a53,merkle,merkle_total_ms,112.084
size-scaling-k75-c300-n30000000-f32-k75-c300-fanout_f32_l16-merkle-r1,8f5b3052a72179ec9f06354ed2c1d1d6eadc4160dbd94d7c283cd276452a4a53,merkle,tree_localisation_ms,87.125
size-scaling-k75-c300-n30000000-f32-k75-c300-fanout_f32_l16-merkle-r1,8f5b3052a72179ec9f06354ed2c1d1d6eadc4160dbd94d7c283cd276452a4a53,merkle,candidate_row_fetch_ms,8.221
size-scaling-k75-c300-n30000000-f32-k75-c300-fanout_f32_l16-merkle-r1,8f5b3052a72179ec9f06354ed2c1d1d6eadc4160dbd94d7c283cd276452a4a53,merkle,row_comparison_ms,0.256
size-scaling-k75-c300-n30000000-f32-k75-c300-fanout_f32_l16-merkle-r1,8f5b3052a72179ec9f06354ed2c1d1d6eadc4160dbd94d7c283cd276452a4a53,merkle,repair_sql_building_ms,0.247
size-scaling-k75-c300-n30000000-f32-k75-c300-fanout_f32_l16-merkle-r1,8f5b3052a72179ec9f06354ed2c1d1d6eadc4160dbd94d7c283cd276452a4a53,merkle,repair_dml_wire_ms,14.705
size-scaling-k75-c300-n30000000-f32-k75-c300-fanout_f32_l16-merkle-r1,8f5b3052a72179ec9f06354ed2c1d1d6eadc4160dbd94d7c283cd276452a4a53,merkle,repair_commit_wire_ms,4.286
size-scaling-k75-c300-n30000000-f32-k75-c300-fanout_f32_l16-merkle-r1,8f5b3052a72179ec9f06354ed2c1d1d6eadc4160dbd94d7c283cd276452a4a53,merkle,repair_begin_wire_ms,0.053
size-scaling-k75-c300-n30000000-f32-k75-c300-fanout_f32_l16-merkle-r1,8f5b3052a72179ec9f06354ed2c1d1d6eadc4160dbd94d7c283cd276452a4a53,merkle,repair_transaction_block_ms,19.318
size-scaling-k75-c300-n30000000-f32-k75-c300-fanout_f32_l16-merkle-r1,8f5b3052a72179ec9f06354ed2c1d1d6eadc4160dbd94d7c283cd276452a4a53,merkle,repair_write_ms,19.319
size-scaling-k75-c300-n30000000-f32-k75-c300-fanout_f32_l16-merkle-r1,8f5b3052a72179ec9f06354ed2c1d1d6eadc4160dbd94d7c283cd276452a4a53,merkle,targeted_post_repair_confirmation_ms,1.603
size-scaling-k75-c300-n30000000-f32-k75-c300-fanout_f32_l16-merkle-r1,8f5b3052a72179ec9f06354ed2c1d1d6eadc4160dbd94d7c283cd276452a4a53,merkle,recovery_observability_ms,0.000
size-scaling-k75-c300-n30000000-f32-k75-c300-fanout_f32_l16-merkle-r1,8f5b3052a72179ec9f06354ed2c1d1d6eadc4160dbd94d7c283cd276452a4a53,merkle,recovery_orchestration_ms,0.972
size-scaling-k75-c300-n30000000-f32-k75-c300-fanout_f32_l16-merkle-r1,8f5b3052a72179ec9f06354ed2c1d1d6eadc4160dbd94d7c283cd276452a4a53,merkle,merkle_total_ms,129.317
size-scaling-k75-c300-n30000000-f32-k75-c300-fanout_f32_l16-merkle-r2,8f5b3052a72179ec9f06354ed2c1d1d6eadc4160dbd94d7c283cd276452a4a53,merkle,tree_localisation_ms,88.458
size-scaling-k75-c300-n30000000-f32-k75-c300-fanout_f32_l16-merkle-r2,8f5b3052a72179ec9f06354ed2c1d1d6eadc4160dbd94d7c283cd276452a4a53,merkle,candidate_row_fetch_ms,8.520
size-scaling-k75-c300-n30000000-f32-k75-c300-fanout_f32_l16-merkle-r2,8f5b3052a72179ec9f06354ed2c1d1d6eadc4160dbd94d7c283cd276452a4a53,merkle,row_comparison_ms,0.275
size-scaling-k75-c300-n30000000-f32-k75-c300-fanout_f32_l16-merkle-r2,8f5b3052a72179ec9f06354ed2c1d1d6eadc4160dbd94d7c283cd276452a4a53,merkle,repair_sql_building_ms,0.231
size-scaling-k75-c300-n30000000-f32-k75-c300-fanout_f32_l16-merkle-r2,8f5b3052a72179ec9f06354ed2c1d1d6eadc4160dbd94d7c283cd276452a4a53,merkle,repair_dml_wire_ms,7.528
size-scaling-k75-c300-n30000000-f32-k75-c300-fanout_f32_l16-merkle-r2,8f5b3052a72179ec9f06354ed2c1d1d6eadc4160dbd94d7c283cd276452a4a53,merkle,repair_commit_wire_ms,4.162
size-scaling-k75-c300-n30000000-f32-k75-c300-fanout_f32_l16-merkle-r2,8f5b3052a72179ec9f06354ed2c1d1d6eadc4160dbd94d7c283cd276452a4a53,merkle,repair_begin_wire_ms,0.053
size-scaling-k75-c300-n30000000-f32-k75-c300-fanout_f32_l16-merkle-r2,8f5b3052a72179ec9f06354ed2c1d1d6eadc4160dbd94d7c283cd276452a4a53,merkle,repair_transaction_block_ms,11.997
size-scaling-k75-c300-n30000000-f32-k75-c300-fanout_f32_l16-merkle-r2,8f5b3052a72179ec9f06354ed2c1d1d6eadc4160dbd94d7c283cd276452a4a53,merkle,repair_write_ms,11.999
size-scaling-k75-c300-n30000000-f32-k75-c300-fanout_f32_l16-merkle-r2,8f5b3052a72179ec9f06354ed2c1d1d6eadc4160dbd94d7c283cd276452a4a53,merkle,targeted_post_repair_confirmation_ms,1.544
size-scaling-k75-c300-n30000000-f32-k75-c300-fanout_f32_l16-merkle-r2,8f5b3052a72179ec9f06354ed2c1d1d6eadc4160dbd94d7c283cd276452a4a53,merkle,recovery_observability_ms,0.001
size-scaling-k75-c300-n30000000-f32-k75-c300-fanout_f32_l16-merkle-r2,8f5b3052a72179ec9f06354ed2c1d1d6eadc4160dbd94d7c283cd276452a4a53,merkle,recovery_orchestration_ms,0.968
size-scaling-k75-c300-n30000000-f32-k75-c300-fanout_f32_l16-merkle-r2,8f5b3052a72179ec9f06354ed2c1d1d6eadc4160dbd94d7c283cd276452a4a53,merkle,merkle_total_ms,113.345
size-scaling-k75-c300-n30000000-f32-k75-c300-fanout_f32_l16-merkle-r3,8f5b3052a72179ec9f06354ed2c1d1d6eadc4160dbd94d7c283cd276452a4a53,merkle,tree_localisation_ms,87.904
size-scaling-k75-c300-n30000000-f32-k75-c300-fanout_f32_l16-merkle-r3,8f5b3052a72179ec9f06354ed2c1d1d6eadc4160dbd94d7c283cd276452a4a53,merkle,candidate_row_fetch_ms,8.445
size-scaling-k75-c300-n30000000-f32-k75-c300-fanout_f32_l16-merkle-r3,8f5b3052a72179ec9f06354ed2c1d1d6eadc4160dbd94d7c283cd276452a4a53,merkle,row_comparison_ms,0.270
size-scaling-k75-c300-n30000000-f32-k75-c300-fanout_f32_l16-merkle-r3,8f5b3052a72179ec9f06354ed2c1d1d6eadc4160dbd94d7c283cd276452a4a53,merkle,repair_sql_building_ms,0.225
size-scaling-k75-c300-n30000000-f32-k75-c300-fanout_f32_l16-merkle-r3,8f5b3052a72179ec9f06354ed2c1d1d6eadc4160dbd94d7c283cd276452a4a53,merkle,repair_dml_wire_ms,7.531
size-scaling-k75-c300-n30000000-f32-k75-c300-fanout_f32_l16-merkle-r3,8f5b3052a72179ec9f06354ed2c1d1d6eadc4160dbd94d7c283cd276452a4a53,merkle,repair_commit_wire_ms,4.065
size-scaling-k75-c300-n30000000-f32-k75-c300-fanout_f32_l16-merkle-r3,8f5b3052a72179ec9f06354ed2c1d1d6eadc4160dbd94d7c283cd276452a4a53,merkle,repair_begin_wire_ms,0.050
size-scaling-k75-c300-n30000000-f32-k75-c300-fanout_f32_l16-merkle-r3,8f5b3052a72179ec9f06354ed2c1d1d6eadc4160dbd94d7c283cd276452a4a53,merkle,repair_transaction_block_ms,11.895
size-scaling-k75-c300-n30000000-f32-k75-c300-fanout_f32_l16-merkle-r3,8f5b3052a72179ec9f06354ed2c1d1d6eadc4160dbd94d7c283cd276452a4a53,merkle,repair_write_ms,11.897
size-scaling-k75-c300-n30000000-f32-k75-c300-fanout_f32_l16-merkle-r3,8f5b3052a72179ec9f06354ed2c1d1d6eadc4160dbd94d7c283cd276452a4a53,merkle,targeted_post_repair_confirmation_ms,1.528
size-scaling-k75-c300-n30000000-f32-k75-c300-fanout_f32_l16-merkle-r3,8f5b3052a72179ec9f06354ed2c1d1d6eadc4160dbd94d7c283cd276452a4a53,merkle,recovery_observability_ms,0.001
size-scaling-k75-c300-n30000000-f32-k75-c300-fanout_f32_l16-merkle-r3,8f5b3052a72179ec9f06354ed2c1d1d6eadc4160dbd94d7c283cd276452a4a53,merkle,recovery_orchestration_ms,0.963
size-scaling-k75-c300-n30000000-f32-k75-c300-fanout_f32_l16-merkle-r3,8f5b3052a72179ec9f06354ed2c1d1d6eadc4160dbd94d7c283cd276452a4a53,merkle,merkle_total_ms,112.596
size-scaling-k75-c300-n30000000-f32-k75-c300-fanout_f32_l16-merkle-r4,8f5b3052a72179ec9f06354ed2c1d1d6eadc4160dbd94d7c283cd276452a4a53,merkle,tree_localisation_ms,88.342
size-scaling-k75-c300-n30000000-f32-k75-c300-fanout_f32_l16-merkle-r4,8f5b3052a72179ec9f06354ed2c1d1d6eadc4160dbd94d7c283cd276452a4a53,merkle,candidate_row_fetch_ms,8.621
size-scaling-k75-c300-n30000000-f32-k75-c300-fanout_f32_l16-merkle-r4,8f5b3052a72179ec9f06354ed2c1d1d6eadc4160dbd94d7c283cd276452a4a53,merkle,row_comparison_ms,0.258
size-scaling-k75-c300-n30000000-f32-k75-c300-fanout_f32_l16-merkle-r4,8f5b3052a72179ec9f06354ed2c1d1d6eadc4160dbd94d7c283cd276452a4a53,merkle,repair_sql_building_ms,0.228
size-scaling-k75-c300-n30000000-f32-k75-c300-fanout_f32_l16-merkle-r4,8f5b3052a72179ec9f06354ed2c1d1d6eadc4160dbd94d7c283cd276452a4a53,merkle,repair_dml_wire_ms,7.592
size-scaling-k75-c300-n30000000-f32-k75-c300-fanout_f32_l16-merkle-r4,8f5b3052a72179ec9f06354ed2c1d1d6eadc4160dbd94d7c283cd276452a4a53,merkle,repair_commit_wire_ms,4.182
size-scaling-k75-c300-n30000000-f32-k75-c300-fanout_f32_l16-merkle-r4,8f5b3052a72179ec9f06354ed2c1d1d6eadc4160dbd94d7c283cd276452a4a53,merkle,repair_begin_wire_ms,0.054
size-scaling-k75-c300-n30000000-f32-k75-c300-fanout_f32_l16-merkle-r4,8f5b3052a72179ec9f06354ed2c1d1d6eadc4160dbd94d7c283cd276452a4a53,merkle,repair_transaction_block_ms,12.080
size-scaling-k75-c300-n30000000-f32-k75-c300-fanout_f32_l16-merkle-r4,8f5b3052a72179ec9f06354ed2c1d1d6eadc4160dbd94d7c283cd276452a4a53,merkle,repair_write_ms,12.082
size-scaling-k75-c300-n30000000-f32-k75-c300-fanout_f32_l16-merkle-r4,8f5b3052a72179ec9f06354ed2c1d1d6eadc4160dbd94d7c283cd276452a4a53,merkle,targeted_post_repair_confirmation_ms,1.552
size-scaling-k75-c300-n30000000-f32-k75-c300-fanout_f32_l16-merkle-r4,8f5b3052a72179ec9f06354ed2c1d1d6eadc4160dbd94d7c283cd276452a4a53,merkle,recovery_observability_ms,0.000
size-scaling-k75-c300-n30000000-f32-k75-c300-fanout_f32_l16-merkle-r4,8f5b3052a72179ec9f06354ed2c1d1d6eadc4160dbd94d7c283cd276452a4a53,merkle,recovery_orchestration_ms,0.970
size-scaling-k75-c300-n30000000-f32-k75-c300-fanout_f32_l16-merkle-r4,8f5b3052a72179ec9f06354ed2c1d1d6eadc4160dbd94d7c283cd276452a4a53,merkle,merkle_total_ms,113.444
size-scaling-k75-c300-n30000000-f32-k75-c300-fanout_f32_l16-merkle-r5,8f5b3052a72179ec9f06354ed2c1d1d6eadc4160dbd94d7c283cd276452a4a53,merkle,tree_localisation_ms,87.783
size-scaling-k75-c300-n30000000-f32-k75-c300-fanout_f32_l16-merkle-r5,8f5b3052a72179ec9f06354ed2c1d1d6eadc4160dbd94d7c283cd276452a4a53,merkle,candidate_row_fetch_ms,8.528
size-scaling-k75-c300-n30000000-f32-k75-c300-fanout_f32_l16-merkle-r5,8f5b3052a72179ec9f06354ed2c1d1d6eadc4160dbd94d7c283cd276452a4a53,merkle,row_comparison_ms,0.262
size-scaling-k75-c300-n30000000-f32-k75-c300-fanout_f32_l16-merkle-r5,8f5b3052a72179ec9f06354ed2c1d1d6eadc4160dbd94d7c283cd276452a4a53,merkle,repair_sql_building_ms,0.224
size-scaling-k75-c300-n30000000-f32-k75-c300-fanout_f32_l16-merkle-r5,8f5b3052a72179ec9f06354ed2c1d1d6eadc4160dbd94d7c283cd276452a4a53,merkle,repair_dml_wire_ms,7.167
size-scaling-k75-c300-n30000000-f32-k75-c300-fanout_f32_l16-merkle-r5,8f5b3052a72179ec9f06354ed2c1d1d6eadc4160dbd94d7c283cd276452a4a53,merkle,repair_commit_wire_ms,4.134
size-scaling-k75-c300-n30000000-f32-k75-c300-fanout_f32_l16-merkle-r5,8f5b3052a72179ec9f06354ed2c1d1d6eadc4160dbd94d7c283cd276452a4a53,merkle,repair_begin_wire_ms,0.052
size-scaling-k75-c300-n30000000-f32-k75-c300-fanout_f32_l16-merkle-r5,8f5b3052a72179ec9f06354ed2c1d1d6eadc4160dbd94d7c283cd276452a4a53,merkle,repair_transaction_block_ms,11.599
size-scaling-k75-c300-n30000000-f32-k75-c300-fanout_f32_l16-merkle-r5,8f5b3052a72179ec9f06354ed2c1d1d6eadc4160dbd94d7c283cd276452a4a53,merkle,repair_write_ms,11.601
size-scaling-k75-c300-n30000000-f32-k75-c300-fanout_f32_l16-merkle-r5,8f5b3052a72179ec9f06354ed2c1d1d6eadc4160dbd94d7c283cd276452a4a53,merkle,targeted_post_repair_confirmation_ms,1.514
size-scaling-k75-c300-n30000000-f32-k75-c300-fanout_f32_l16-merkle-r5,8f5b3052a72179ec9f06354ed2c1d1d6eadc4160dbd94d7c283cd276452a4a53,merkle,recovery_observability_ms,0.001
size-scaling-k75-c300-n30000000-f32-k75-c300-fanout_f32_l16-merkle-r5,8f5b3052a72179ec9f06354ed2c1d1d6eadc4160dbd94d7c283cd276452a4a53,merkle,recovery_orchestration_ms,11.105
size-scaling-k75-c300-n30000000-f32-k75-c300-fanout_f32_l16-merkle-r5,8f5b3052a72179ec9f06354ed2c1d1d6eadc4160dbd94d7c283cd276452a4a53,merkle,merkle_total_ms,122.376
size-scaling-k75-c300-n30000000-f32-k75-c300-fanout_f32_l16-merkle-r6,8f5b3052a72179ec9f06354ed2c1d1d6eadc4160dbd94d7c283cd276452a4a53,merkle,tree_localisation_ms,86.589
size-scaling-k75-c300-n30000000-f32-k75-c300-fanout_f32_l16-merkle-r6,8f5b3052a72179ec9f06354ed2c1d1d6eadc4160dbd94d7c283cd276452a4a53,merkle,candidate_row_fetch_ms,8.627
size-scaling-k75-c300-n30000000-f32-k75-c300-fanout_f32_l16-merkle-r6,8f5b3052a72179ec9f06354ed2c1d1d6eadc4160dbd94d7c283cd276452a4a53,merkle,row_comparison_ms,0.262
size-scaling-k75-c300-n30000000-f32-k75-c300-fanout_f32_l16-merkle-r6,8f5b3052a72179ec9f06354ed2c1d1d6eadc4160dbd94d7c283cd276452a4a53,merkle,repair_sql_building_ms,0.224
size-scaling-k75-c300-n30000000-f32-k75-c300-fanout_f32_l16-merkle-r6,8f5b3052a72179ec9f06354ed2c1d1d6eadc4160dbd94d7c283cd276452a4a53,merkle,repair_dml_wire_ms,7.198
size-scaling-k75-c300-n30000000-f32-k75-c300-fanout_f32_l16-merkle-r6,8f5b3052a72179ec9f06354ed2c1d1d6eadc4160dbd94d7c283cd276452a4a53,merkle,repair_commit_wire_ms,4.153
size-scaling-k75-c300-n30000000-f32-k75-c300-fanout_f32_l16-merkle-r6,8f5b3052a72179ec9f06354ed2c1d1d6eadc4160dbd94d7c283cd276452a4a53,merkle,repair_begin_wire_ms,0.054
size-scaling-k75-c300-n30000000-f32-k75-c300-fanout_f32_l16-merkle-r6,8f5b3052a72179ec9f06354ed2c1d1d6eadc4160dbd94d7c283cd276452a4a53,merkle,repair_transaction_block_ms,11.651
size-scaling-k75-c300-n30000000-f32-k75-c300-fanout_f32_l16-merkle-r6,8f5b3052a72179ec9f06354ed2c1d1d6eadc4160dbd94d7c283cd276452a4a53,merkle,repair_write_ms,11.653
size-scaling-k75-c300-n30000000-f32-k75-c300-fanout_f32_l16-merkle-r6,8f5b3052a72179ec9f06354ed2c1d1d6eadc4160dbd94d7c283cd276452a4a53,merkle,targeted_post_repair_confirmation_ms,1.518
size-scaling-k75-c300-n30000000-f32-k75-c300-fanout_f32_l16-merkle-r6,8f5b3052a72179ec9f06354ed2c1d1d6eadc4160dbd94d7c283cd276452a4a53,merkle,recovery_observability_ms,0.000
size-scaling-k75-c300-n30000000-f32-k75-c300-fanout_f32_l16-merkle-r6,8f5b3052a72179ec9f06354ed2c1d1d6eadc4160dbd94d7c283cd276452a4a53,merkle,recovery_orchestration_ms,0.988
size-scaling-k75-c300-n30000000-f32-k75-c300-fanout_f32_l16-merkle-r6,8f5b3052a72179ec9f06354ed2c1d1d6eadc4160dbd94d7c283cd276452a4a53,merkle,merkle_total_ms,111.256
size-scaling-k75-c300-n30000000-f32-k75-c300-fanout_f32_l16-merkle-r7,8f5b3052a72179ec9f06354ed2c1d1d6eadc4160dbd94d7c283cd276452a4a53,merkle,tree_localisation_ms,87.134
size-scaling-k75-c300-n30000000-f32-k75-c300-fanout_f32_l16-merkle-r7,8f5b3052a72179ec9f06354ed2c1d1d6eadc4160dbd94d7c283cd276452a4a53,merkle,candidate_row_fetch_ms,8.726
size-scaling-k75-c300-n30000000-f32-k75-c300-fanout_f32_l16-merkle-r7,8f5b3052a72179ec9f06354ed2c1d1d6eadc4160dbd94d7c283cd276452a4a53,merkle,row_comparison_ms,0.266
size-scaling-k75-c300-n30000000-f32-k75-c300-fanout_f32_l16-merkle-r7,8f5b3052a72179ec9f06354ed2c1d1d6eadc4160dbd94d7c283cd276452a4a53,merkle,repair_sql_building_ms,0.224
size-scaling-k75-c300-n30000000-f32-k75-c300-fanout_f32_l16-merkle-r7,8f5b3052a72179ec9f06354ed2c1d1d6eadc4160dbd94d7c283cd276452a4a53,merkle,repair_dml_wire_ms,7.212
size-scaling-k75-c300-n30000000-f32-k75-c300-fanout_f32_l16-merkle-r7,8f5b3052a72179ec9f06354ed2c1d1d6eadc4160dbd94d7c283cd276452a4a53,merkle,repair_commit_wire_ms,4.092
size-scaling-k75-c300-n30000000-f32-k75-c300-fanout_f32_l16-merkle-r7,8f5b3052a72179ec9f06354ed2c1d1d6eadc4160dbd94d7c283cd276452a4a53,merkle,repair_begin_wire_ms,0.052
size-scaling-k75-c300-n30000000-f32-k75-c300-fanout_f32_l16-merkle-r7,8f5b3052a72179ec9f06354ed2c1d1d6eadc4160dbd94d7c283cd276452a4a53,merkle,repair_transaction_block_ms,11.611
size-scaling-k75-c300-n30000000-f32-k75-c300-fanout_f32_l16-merkle-r7,8f5b3052a72179ec9f06354ed2c1d1d6eadc4160dbd94d7c283cd276452a4a53,merkle,repair_write_ms,11.613
size-scaling-k75-c300-n30000000-f32-k75-c300-fanout_f32_l16-merkle-r7,8f5b3052a72179ec9f06354ed2c1d1d6eadc4160dbd94d7c283cd276452a4a53,merkle,targeted_post_repair_confirmation_ms,1.539
size-scaling-k75-c300-n30000000-f32-k75-c300-fanout_f32_l16-merkle-r7,8f5b3052a72179ec9f06354ed2c1d1d6eadc4160dbd94d7c283cd276452a4a53,merkle,recovery_observability_ms,0.001
size-scaling-k75-c300-n30000000-f32-k75-c300-fanout_f32_l16-merkle-r7,8f5b3052a72179ec9f06354ed2c1d1d6eadc4160dbd94d7c283cd276452a4a53,merkle,recovery_orchestration_ms,0.983
size-scaling-k75-c300-n30000000-f32-k75-c300-fanout_f32_l16-merkle-r7,8f5b3052a72179ec9f06354ed2c1d1d6eadc4160dbd94d7c283cd276452a4a53,merkle,merkle_total_ms,111.829
size-scaling-k75-c300-n30000000-f32-k75-c300-fanout_f32_l16-merkle-r8,8f5b3052a72179ec9f06354ed2c1d1d6eadc4160dbd94d7c283cd276452a4a53,merkle,tree_localisation_ms,86.803
size-scaling-k75-c300-n30000000-f32-k75-c300-fanout_f32_l16-merkle-r8,8f5b3052a72179ec9f06354ed2c1d1d6eadc4160dbd94d7c283cd276452a4a53,merkle,candidate_row_fetch_ms,8.761
size-scaling-k75-c300-n30000000-f32-k75-c300-fanout_f32_l16-merkle-r8,8f5b3052a72179ec9f06354ed2c1d1d6eadc4160dbd94d7c283cd276452a4a53,merkle,row_comparison_ms,0.266
size-scaling-k75-c300-n30000000-f32-k75-c300-fanout_f32_l16-merkle-r8,8f5b3052a72179ec9f06354ed2c1d1d6eadc4160dbd94d7c283cd276452a4a53,merkle,repair_sql_building_ms,0.226
size-scaling-k75-c300-n30000000-f32-k75-c300-fanout_f32_l16-merkle-r8,8f5b3052a72179ec9f06354ed2c1d1d6eadc4160dbd94d7c283cd276452a4a53,merkle,repair_dml_wire_ms,7.179
size-scaling-k75-c300-n30000000-f32-k75-c300-fanout_f32_l16-merkle-r8,8f5b3052a72179ec9f06354ed2c1d1d6eadc4160dbd94d7c283cd276452a4a53,merkle,repair_commit_wire_ms,4.060
size-scaling-k75-c300-n30000000-f32-k75-c300-fanout_f32_l16-merkle-r8,8f5b3052a72179ec9f06354ed2c1d1d6eadc4160dbd94d7c283cd276452a4a53,merkle,repair_begin_wire_ms,0.060
size-scaling-k75-c300-n30000000-f32-k75-c300-fanout_f32_l16-merkle-r8,8f5b3052a72179ec9f06354ed2c1d1d6eadc4160dbd94d7c283cd276452a4a53,merkle,repair_transaction_block_ms,11.549
size-scaling-k75-c300-n30000000-f32-k75-c300-fanout_f32_l16-merkle-r8,8f5b3052a72179ec9f06354ed2c1d1d6eadc4160dbd94d7c283cd276452a4a53,merkle,repair_write_ms,11.551
size-scaling-k75-c300-n30000000-f32-k75-c300-fanout_f32_l16-merkle-r8,8f5b3052a72179ec9f06354ed2c1d1d6eadc4160dbd94d7c283cd276452a4a53,merkle,targeted_post_repair_confirmation_ms,1.526
size-scaling-k75-c300-n30000000-f32-k75-c300-fanout_f32_l16-merkle-r8,8f5b3052a72179ec9f06354ed2c1d1d6eadc4160dbd94d7c283cd276452a4a53,merkle,recovery_observability_ms,0.000
size-scaling-k75-c300-n30000000-f32-k75-c300-fanout_f32_l16-merkle-r8,8f5b3052a72179ec9f06354ed2c1d1d6eadc4160dbd94d7c283cd276452a4a53,merkle,recovery_orchestration_ms,0.969
size-scaling-k75-c300-n30000000-f32-k75-c300-fanout_f32_l16-merkle-r8,8f5b3052a72179ec9f06354ed2c1d1d6eadc4160dbd94d7c283cd276452a4a53,merkle,merkle_total_ms,121.640
size-scaling-k75-c300-n30000000-f32-k75-c300-fanout_f32_l16-merkle-r9,8f5b3052a72179ec9f06354ed2c1d1d6eadc4160dbd94d7c283cd276452a4a53,merkle,tree_localisation_ms,87.229
size-scaling-k75-c300-n30000000-f32-k75-c300-fanout_f32_l16-merkle-r9,8f5b3052a72179ec9f06354ed2c1d1d6eadc4160dbd94d7c283cd276452a4a53,merkle,candidate_row_fetch_ms,8.910
size-scaling-k75-c300-n30000000-f32-k75-c300-fanout_f32_l16-merkle-r9,8f5b3052a72179ec9f06354ed2c1d1d6eadc4160dbd94d7c283cd276452a4a53,merkle,row_comparison_ms,0.270
size-scaling-k75-c300-n30000000-f32-k75-c300-fanout_f32_l16-merkle-r9,8f5b3052a72179ec9f06354ed2c1d1d6eadc4160dbd94d7c283cd276452a4a53,merkle,repair_sql_building_ms,0.223
size-scaling-k75-c300-n30000000-f32-k75-c300-fanout_f32_l16-merkle-r9,8f5b3052a72179ec9f06354ed2c1d1d6eadc4160dbd94d7c283cd276452a4a53,merkle,repair_dml_wire_ms,14.373
size-scaling-k75-c300-n30000000-f32-k75-c300-fanout_f32_l16-merkle-r9,8f5b3052a72179ec9f06354ed2c1d1d6eadc4160dbd94d7c283cd276452a4a53,merkle,repair_commit_wire_ms,4.336
size-scaling-k75-c300-n30000000-f32-k75-c300-fanout_f32_l16-merkle-r9,8f5b3052a72179ec9f06354ed2c1d1d6eadc4160dbd94d7c283cd276452a4a53,merkle,repair_begin_wire_ms,0.053
size-scaling-k75-c300-n30000000-f32-k75-c300-fanout_f32_l16-merkle-r9,8f5b3052a72179ec9f06354ed2c1d1d6eadc4160dbd94d7c283cd276452a4a53,merkle,repair_transaction_block_ms,19.010
size-scaling-k75-c300-n30000000-f32-k75-c300-fanout_f32_l16-merkle-r9,8f5b3052a72179ec9f06354ed2c1d1d6eadc4160dbd94d7c283cd276452a4a53,merkle,repair_write_ms,19.011
size-scaling-k75-c300-n30000000-f32-k75-c300-fanout_f32_l16-merkle-r9,8f5b3052a72179ec9f06354ed2c1d1d6eadc4160dbd94d7c283cd276452a4a53,merkle,targeted_post_repair_confirmation_ms,1.608
size-scaling-k75-c300-n30000000-f32-k75-c300-fanout_f32_l16-merkle-r9,8f5b3052a72179ec9f06354ed2c1d1d6eadc4160dbd94d7c283cd276452a4a53,merkle,recovery_observability_ms,0.001
size-scaling-k75-c300-n30000000-f32-k75-c300-fanout_f32_l16-merkle-r9,8f5b3052a72179ec9f06354ed2c1d1d6eadc4160dbd94d7c283cd276452a4a53,merkle,recovery_orchestration_ms,0.985
size-scaling-k75-c300-n30000000-f32-k75-c300-fanout_f32_l16-merkle-r9,8f5b3052a72179ec9f06354ed2c1d1d6eadc4160dbd94d7c283cd276452a4a53,merkle,merkle_total_ms,119.643
size-scaling-k75-c300-n40000000-f32-k75-c300-fanout_f32_l16-merkle-r0,59279c3310dd53520060f59e36b89f77efe348d99b65577056efd830edb2f556,merkle,tree_localisation_ms,90.083
size-scaling-k75-c300-n40000000-f32-k75-c300-fanout_f32_l16-merkle-r0,59279c3310dd53520060f59e36b89f77efe348d99b65577056efd830edb2f556,merkle,candidate_row_fetch_ms,9.221
size-scaling-k75-c300-n40000000-f32-k75-c300-fanout_f32_l16-merkle-r0,59279c3310dd53520060f59e36b89f77efe348d99b65577056efd830edb2f556,merkle,row_comparison_ms,0.307
size-scaling-k75-c300-n40000000-f32-k75-c300-fanout_f32_l16-merkle-r0,59279c3310dd53520060f59e36b89f77efe348d99b65577056efd830edb2f556,merkle,repair_sql_building_ms,0.238
size-scaling-k75-c300-n40000000-f32-k75-c300-fanout_f32_l16-merkle-r0,59279c3310dd53520060f59e36b89f77efe348d99b65577056efd830edb2f556,merkle,repair_dml_wire_ms,7.688
size-scaling-k75-c300-n40000000-f32-k75-c300-fanout_f32_l16-merkle-r0,59279c3310dd53520060f59e36b89f77efe348d99b65577056efd830edb2f556,merkle,repair_commit_wire_ms,3.765
size-scaling-k75-c300-n40000000-f32-k75-c300-fanout_f32_l16-merkle-r0,59279c3310dd53520060f59e36b89f77efe348d99b65577056efd830edb2f556,merkle,repair_begin_wire_ms,0.052
size-scaling-k75-c300-n40000000-f32-k75-c300-fanout_f32_l16-merkle-r0,59279c3310dd53520060f59e36b89f77efe348d99b65577056efd830edb2f556,merkle,repair_transaction_block_ms,11.768
size-scaling-k75-c300-n40000000-f32-k75-c300-fanout_f32_l16-merkle-r0,59279c3310dd53520060f59e36b89f77efe348d99b65577056efd830edb2f556,merkle,repair_write_ms,11.769
size-scaling-k75-c300-n40000000-f32-k75-c300-fanout_f32_l16-merkle-r0,59279c3310dd53520060f59e36b89f77efe348d99b65577056efd830edb2f556,merkle,targeted_post_repair_confirmation_ms,1.563
size-scaling-k75-c300-n40000000-f32-k75-c300-fanout_f32_l16-merkle-r0,59279c3310dd53520060f59e36b89f77efe348d99b65577056efd830edb2f556,merkle,recovery_observability_ms,0.001
size-scaling-k75-c300-n40000000-f32-k75-c300-fanout_f32_l16-merkle-r0,59279c3310dd53520060f59e36b89f77efe348d99b65577056efd830edb2f556,merkle,recovery_orchestration_ms,0.992
size-scaling-k75-c300-n40000000-f32-k75-c300-fanout_f32_l16-merkle-r0,59279c3310dd53520060f59e36b89f77efe348d99b65577056efd830edb2f556,merkle,merkle_total_ms,115.543
size-scaling-k75-c300-n40000000-f32-k75-c300-fanout_f32_l16-merkle-r1,59279c3310dd53520060f59e36b89f77efe348d99b65577056efd830edb2f556,merkle,tree_localisation_ms,89.894
size-scaling-k75-c300-n40000000-f32-k75-c300-fanout_f32_l16-merkle-r1,59279c3310dd53520060f59e36b89f77efe348d99b65577056efd830edb2f556,merkle,candidate_row_fetch_ms,9.133
size-scaling-k75-c300-n40000000-f32-k75-c300-fanout_f32_l16-merkle-r1,59279c3310dd53520060f59e36b89f77efe348d99b65577056efd830edb2f556,merkle,row_comparison_ms,0.303
size-scaling-k75-c300-n40000000-f32-k75-c300-fanout_f32_l16-merkle-r1,59279c3310dd53520060f59e36b89f77efe348d99b65577056efd830edb2f556,merkle,repair_sql_building_ms,0.225
size-scaling-k75-c300-n40000000-f32-k75-c300-fanout_f32_l16-merkle-r1,59279c3310dd53520060f59e36b89f77efe348d99b65577056efd830edb2f556,merkle,repair_dml_wire_ms,7.675
size-scaling-k75-c300-n40000000-f32-k75-c300-fanout_f32_l16-merkle-r1,59279c3310dd53520060f59e36b89f77efe348d99b65577056efd830edb2f556,merkle,repair_commit_wire_ms,3.753
size-scaling-k75-c300-n40000000-f32-k75-c300-fanout_f32_l16-merkle-r1,59279c3310dd53520060f59e36b89f77efe348d99b65577056efd830edb2f556,merkle,repair_begin_wire_ms,0.050
size-scaling-k75-c300-n40000000-f32-k75-c300-fanout_f32_l16-merkle-r1,59279c3310dd53520060f59e36b89f77efe348d99b65577056efd830edb2f556,merkle,repair_transaction_block_ms,11.730
size-scaling-k75-c300-n40000000-f32-k75-c300-fanout_f32_l16-merkle-r1,59279c3310dd53520060f59e36b89f77efe348d99b65577056efd830edb2f556,merkle,repair_write_ms,11.732
size-scaling-k75-c300-n40000000-f32-k75-c300-fanout_f32_l16-merkle-r1,59279c3310dd53520060f59e36b89f77efe348d99b65577056efd830edb2f556,merkle,targeted_post_repair_confirmation_ms,1.551
size-scaling-k75-c300-n40000000-f32-k75-c300-fanout_f32_l16-merkle-r1,59279c3310dd53520060f59e36b89f77efe348d99b65577056efd830edb2f556,merkle,recovery_observability_ms,0.001
size-scaling-k75-c300-n40000000-f32-k75-c300-fanout_f32_l16-merkle-r1,59279c3310dd53520060f59e36b89f77efe348d99b65577056efd830edb2f556,merkle,recovery_orchestration_ms,0.983
size-scaling-k75-c300-n40000000-f32-k75-c300-fanout_f32_l16-merkle-r1,59279c3310dd53520060f59e36b89f77efe348d99b65577056efd830edb2f556,merkle,merkle_total_ms,125.416
size-scaling-k75-c300-n40000000-f32-k75-c300-fanout_f32_l16-merkle-r2,59279c3310dd53520060f59e36b89f77efe348d99b65577056efd830edb2f556,merkle,tree_localisation_ms,92.529
size-scaling-k75-c300-n40000000-f32-k75-c300-fanout_f32_l16-merkle-r2,59279c3310dd53520060f59e36b89f77efe348d99b65577056efd830edb2f556,merkle,candidate_row_fetch_ms,9.469
size-scaling-k75-c300-n40000000-f32-k75-c300-fanout_f32_l16-merkle-r2,59279c3310dd53520060f59e36b89f77efe348d99b65577056efd830edb2f556,merkle,row_comparison_ms,0.306
size-scaling-k75-c300-n40000000-f32-k75-c300-fanout_f32_l16-merkle-r2,59279c3310dd53520060f59e36b89f77efe348d99b65577056efd830edb2f556,merkle,repair_sql_building_ms,0.225
size-scaling-k75-c300-n40000000-f32-k75-c300-fanout_f32_l16-merkle-r2,59279c3310dd53520060f59e36b89f77efe348d99b65577056efd830edb2f556,merkle,repair_dml_wire_ms,7.580
size-scaling-k75-c300-n40000000-f32-k75-c300-fanout_f32_l16-merkle-r2,59279c3310dd53520060f59e36b89f77efe348d99b65577056efd830edb2f556,merkle,repair_commit_wire_ms,3.759
size-scaling-k75-c300-n40000000-f32-k75-c300-fanout_f32_l16-merkle-r2,59279c3310dd53520060f59e36b89f77efe348d99b65577056efd830edb2f556,merkle,repair_begin_wire_ms,0.053
size-scaling-k75-c300-n40000000-f32-k75-c300-fanout_f32_l16-merkle-r2,59279c3310dd53520060f59e36b89f77efe348d99b65577056efd830edb2f556,merkle,repair_transaction_block_ms,11.638
size-scaling-k75-c300-n40000000-f32-k75-c300-fanout_f32_l16-merkle-r2,59279c3310dd53520060f59e36b89f77efe348d99b65577056efd830edb2f556,merkle,repair_write_ms,11.640
size-scaling-k75-c300-n40000000-f32-k75-c300-fanout_f32_l16-merkle-r2,59279c3310dd53520060f59e36b89f77efe348d99b65577056efd830edb2f556,merkle,targeted_post_repair_confirmation_ms,1.533
size-scaling-k75-c300-n40000000-f32-k75-c300-fanout_f32_l16-merkle-r2,59279c3310dd53520060f59e36b89f77efe348d99b65577056efd830edb2f556,merkle,recovery_observability_ms,0.001
size-scaling-k75-c300-n40000000-f32-k75-c300-fanout_f32_l16-merkle-r2,59279c3310dd53520060f59e36b89f77efe348d99b65577056efd830edb2f556,merkle,recovery_orchestration_ms,1.169
size-scaling-k75-c300-n40000000-f32-k75-c300-fanout_f32_l16-merkle-r2,59279c3310dd53520060f59e36b89f77efe348d99b65577056efd830edb2f556,merkle,merkle_total_ms,118.221
size-scaling-k75-c300-n40000000-f32-k75-c300-fanout_f32_l16-merkle-r3,59279c3310dd53520060f59e36b89f77efe348d99b65577056efd830edb2f556,merkle,tree_localisation_ms,90.290
size-scaling-k75-c300-n40000000-f32-k75-c300-fanout_f32_l16-merkle-r3,59279c3310dd53520060f59e36b89f77efe348d99b65577056efd830edb2f556,merkle,candidate_row_fetch_ms,9.393
size-scaling-k75-c300-n40000000-f32-k75-c300-fanout_f32_l16-merkle-r3,59279c3310dd53520060f59e36b89f77efe348d99b65577056efd830edb2f556,merkle,row_comparison_ms,0.298
size-scaling-k75-c300-n40000000-f32-k75-c300-fanout_f32_l16-merkle-r3,59279c3310dd53520060f59e36b89f77efe348d99b65577056efd830edb2f556,merkle,repair_sql_building_ms,0.227
size-scaling-k75-c300-n40000000-f32-k75-c300-fanout_f32_l16-merkle-r3,59279c3310dd53520060f59e36b89f77efe348d99b65577056efd830edb2f556,merkle,repair_dml_wire_ms,7.653
size-scaling-k75-c300-n40000000-f32-k75-c300-fanout_f32_l16-merkle-r3,59279c3310dd53520060f59e36b89f77efe348d99b65577056efd830edb2f556,merkle,repair_commit_wire_ms,3.744
size-scaling-k75-c300-n40000000-f32-k75-c300-fanout_f32_l16-merkle-r3,59279c3310dd53520060f59e36b89f77efe348d99b65577056efd830edb2f556,merkle,repair_begin_wire_ms,0.053
size-scaling-k75-c300-n40000000-f32-k75-c300-fanout_f32_l16-merkle-r3,59279c3310dd53520060f59e36b89f77efe348d99b65577056efd830edb2f556,merkle,repair_transaction_block_ms,11.702
size-scaling-k75-c300-n40000000-f32-k75-c300-fanout_f32_l16-merkle-r3,59279c3310dd53520060f59e36b89f77efe348d99b65577056efd830edb2f556,merkle,repair_write_ms,11.704
size-scaling-k75-c300-n40000000-f32-k75-c300-fanout_f32_l16-merkle-r3,59279c3310dd53520060f59e36b89f77efe348d99b65577056efd830edb2f556,merkle,targeted_post_repair_confirmation_ms,1.534
size-scaling-k75-c300-n40000000-f32-k75-c300-fanout_f32_l16-merkle-r3,59279c3310dd53520060f59e36b89f77efe348d99b65577056efd830edb2f556,merkle,recovery_observability_ms,0.001
size-scaling-k75-c300-n40000000-f32-k75-c300-fanout_f32_l16-merkle-r3,59279c3310dd53520060f59e36b89f77efe348d99b65577056efd830edb2f556,merkle,recovery_orchestration_ms,0.980
size-scaling-k75-c300-n40000000-f32-k75-c300-fanout_f32_l16-merkle-r3,59279c3310dd53520060f59e36b89f77efe348d99b65577056efd830edb2f556,merkle,merkle_total_ms,115.789
size-scaling-k75-c300-n40000000-f32-k75-c300-fanout_f32_l16-merkle-r4,59279c3310dd53520060f59e36b89f77efe348d99b65577056efd830edb2f556,merkle,tree_localisation_ms,89.916
size-scaling-k75-c300-n40000000-f32-k75-c300-fanout_f32_l16-merkle-r4,59279c3310dd53520060f59e36b89f77efe348d99b65577056efd830edb2f556,merkle,candidate_row_fetch_ms,9.374
size-scaling-k75-c300-n40000000-f32-k75-c300-fanout_f32_l16-merkle-r4,59279c3310dd53520060f59e36b89f77efe348d99b65577056efd830edb2f556,merkle,row_comparison_ms,0.293
size-scaling-k75-c300-n40000000-f32-k75-c300-fanout_f32_l16-merkle-r4,59279c3310dd53520060f59e36b89f77efe348d99b65577056efd830edb2f556,merkle,repair_sql_building_ms,0.222
size-scaling-k75-c300-n40000000-f32-k75-c300-fanout_f32_l16-merkle-r4,59279c3310dd53520060f59e36b89f77efe348d99b65577056efd830edb2f556,merkle,repair_dml_wire_ms,7.476
size-scaling-k75-c300-n40000000-f32-k75-c300-fanout_f32_l16-merkle-r4,59279c3310dd53520060f59e36b89f77efe348d99b65577056efd830edb2f556,merkle,repair_commit_wire_ms,3.685
size-scaling-k75-c300-n40000000-f32-k75-c300-fanout_f32_l16-merkle-r4,59279c3310dd53520060f59e36b89f77efe348d99b65577056efd830edb2f556,merkle,repair_begin_wire_ms,0.052
size-scaling-k75-c300-n40000000-f32-k75-c300-fanout_f32_l16-merkle-r4,59279c3310dd53520060f59e36b89f77efe348d99b65577056efd830edb2f556,merkle,repair_transaction_block_ms,11.458
size-scaling-k75-c300-n40000000-f32-k75-c300-fanout_f32_l16-merkle-r4,59279c3310dd53520060f59e36b89f77efe348d99b65577056efd830edb2f556,merkle,repair_write_ms,11.460
size-scaling-k75-c300-n40000000-f32-k75-c300-fanout_f32_l16-merkle-r4,59279c3310dd53520060f59e36b89f77efe348d99b65577056efd830edb2f556,merkle,targeted_post_repair_confirmation_ms,1.529
size-scaling-k75-c300-n40000000-f32-k75-c300-fanout_f32_l16-merkle-r4,59279c3310dd53520060f59e36b89f77efe348d99b65577056efd830edb2f556,merkle,recovery_observability_ms,0.001
size-scaling-k75-c300-n40000000-f32-k75-c300-fanout_f32_l16-merkle-r4,59279c3310dd53520060f59e36b89f77efe348d99b65577056efd830edb2f556,merkle,recovery_orchestration_ms,0.986
size-scaling-k75-c300-n40000000-f32-k75-c300-fanout_f32_l16-merkle-r4,59279c3310dd53520060f59e36b89f77efe348d99b65577056efd830edb2f556,merkle,merkle_total_ms,115.136
size-scaling-k75-c300-n40000000-f32-k75-c300-fanout_f32_l16-merkle-r5,59279c3310dd53520060f59e36b89f77efe348d99b65577056efd830edb2f556,merkle,tree_localisation_ms,92.093
size-scaling-k75-c300-n40000000-f32-k75-c300-fanout_f32_l16-merkle-r5,59279c3310dd53520060f59e36b89f77efe348d99b65577056efd830edb2f556,merkle,candidate_row_fetch_ms,9.580
size-scaling-k75-c300-n40000000-f32-k75-c300-fanout_f32_l16-merkle-r5,59279c3310dd53520060f59e36b89f77efe348d99b65577056efd830edb2f556,merkle,row_comparison_ms,0.303
size-scaling-k75-c300-n40000000-f32-k75-c300-fanout_f32_l16-merkle-r5,59279c3310dd53520060f59e36b89f77efe348d99b65577056efd830edb2f556,merkle,repair_sql_building_ms,0.232
size-scaling-k75-c300-n40000000-f32-k75-c300-fanout_f32_l16-merkle-r5,59279c3310dd53520060f59e36b89f77efe348d99b65577056efd830edb2f556,merkle,repair_dml_wire_ms,7.202
size-scaling-k75-c300-n40000000-f32-k75-c300-fanout_f32_l16-merkle-r5,59279c3310dd53520060f59e36b89f77efe348d99b65577056efd830edb2f556,merkle,repair_commit_wire_ms,3.800
size-scaling-k75-c300-n40000000-f32-k75-c300-fanout_f32_l16-merkle-r5,59279c3310dd53520060f59e36b89f77efe348d99b65577056efd830edb2f556,merkle,repair_begin_wire_ms,0.054
size-scaling-k75-c300-n40000000-f32-k75-c300-fanout_f32_l16-merkle-r5,59279c3310dd53520060f59e36b89f77efe348d99b65577056efd830edb2f556,merkle,repair_transaction_block_ms,11.310
size-scaling-k75-c300-n40000000-f32-k75-c300-fanout_f32_l16-merkle-r5,59279c3310dd53520060f59e36b89f77efe348d99b65577056efd830edb2f556,merkle,repair_write_ms,11.312
size-scaling-k75-c300-n40000000-f32-k75-c300-fanout_f32_l16-merkle-r5,59279c3310dd53520060f59e36b89f77efe348d99b65577056efd830edb2f556,merkle,targeted_post_repair_confirmation_ms,1.520
size-scaling-k75-c300-n40000000-f32-k75-c300-fanout_f32_l16-merkle-r5,59279c3310dd53520060f59e36b89f77efe348d99b65577056efd830edb2f556,merkle,recovery_observability_ms,0.001
size-scaling-k75-c300-n40000000-f32-k75-c300-fanout_f32_l16-merkle-r5,59279c3310dd53520060f59e36b89f77efe348d99b65577056efd830edb2f556,merkle,recovery_orchestration_ms,11.129
size-scaling-k75-c300-n40000000-f32-k75-c300-fanout_f32_l16-merkle-r5,59279c3310dd53520060f59e36b89f77efe348d99b65577056efd830edb2f556,merkle,merkle_total_ms,127.564
size-scaling-k75-c300-n40000000-f32-k75-c300-fanout_f32_l16-merkle-r6,59279c3310dd53520060f59e36b89f77efe348d99b65577056efd830edb2f556,merkle,tree_localisation_ms,90.053
size-scaling-k75-c300-n40000000-f32-k75-c300-fanout_f32_l16-merkle-r6,59279c3310dd53520060f59e36b89f77efe348d99b65577056efd830edb2f556,merkle,candidate_row_fetch_ms,9.624
size-scaling-k75-c300-n40000000-f32-k75-c300-fanout_f32_l16-merkle-r6,59279c3310dd53520060f59e36b89f77efe348d99b65577056efd830edb2f556,merkle,row_comparison_ms,0.306
size-scaling-k75-c300-n40000000-f32-k75-c300-fanout_f32_l16-merkle-r6,59279c3310dd53520060f59e36b89f77efe348d99b65577056efd830edb2f556,merkle,repair_sql_building_ms,0.239
size-scaling-k75-c300-n40000000-f32-k75-c300-fanout_f32_l16-merkle-r6,59279c3310dd53520060f59e36b89f77efe348d99b65577056efd830edb2f556,merkle,repair_dml_wire_ms,7.290
size-scaling-k75-c300-n40000000-f32-k75-c300-fanout_f32_l16-merkle-r6,59279c3310dd53520060f59e36b89f77efe348d99b65577056efd830edb2f556,merkle,repair_commit_wire_ms,3.708
size-scaling-k75-c300-n40000000-f32-k75-c300-fanout_f32_l16-merkle-r6,59279c3310dd53520060f59e36b89f77efe348d99b65577056efd830edb2f556,merkle,repair_begin_wire_ms,0.052
size-scaling-k75-c300-n40000000-f32-k75-c300-fanout_f32_l16-merkle-r6,59279c3310dd53520060f59e36b89f77efe348d99b65577056efd830edb2f556,merkle,repair_transaction_block_ms,11.312
size-scaling-k75-c300-n40000000-f32-k75-c300-fanout_f32_l16-merkle-r6,59279c3310dd53520060f59e36b89f77efe348d99b65577056efd830edb2f556,merkle,repair_write_ms,11.314
size-scaling-k75-c300-n40000000-f32-k75-c300-fanout_f32_l16-merkle-r6,59279c3310dd53520060f59e36b89f77efe348d99b65577056efd830edb2f556,merkle,targeted_post_repair_confirmation_ms,1.495
size-scaling-k75-c300-n40000000-f32-k75-c300-fanout_f32_l16-merkle-r6,59279c3310dd53520060f59e36b89f77efe348d99b65577056efd830edb2f556,merkle,recovery_observability_ms,0.000
size-scaling-k75-c300-n40000000-f32-k75-c300-fanout_f32_l16-merkle-r6,59279c3310dd53520060f59e36b89f77efe348d99b65577056efd830edb2f556,merkle,recovery_orchestration_ms,1.001
size-scaling-k75-c300-n40000000-f32-k75-c300-fanout_f32_l16-merkle-r6,59279c3310dd53520060f59e36b89f77efe348d99b65577056efd830edb2f556,merkle,merkle_total_ms,115.406
size-scaling-k75-c300-n40000000-f32-k75-c300-fanout_f32_l16-merkle-r7,59279c3310dd53520060f59e36b89f77efe348d99b65577056efd830edb2f556,merkle,tree_localisation_ms,98.030
size-scaling-k75-c300-n40000000-f32-k75-c300-fanout_f32_l16-merkle-r7,59279c3310dd53520060f59e36b89f77efe348d99b65577056efd830edb2f556,merkle,candidate_row_fetch_ms,9.887
size-scaling-k75-c300-n40000000-f32-k75-c300-fanout_f32_l16-merkle-r7,59279c3310dd53520060f59e36b89f77efe348d99b65577056efd830edb2f556,merkle,row_comparison_ms,0.315
size-scaling-k75-c300-n40000000-f32-k75-c300-fanout_f32_l16-merkle-r7,59279c3310dd53520060f59e36b89f77efe348d99b65577056efd830edb2f556,merkle,repair_sql_building_ms,0.227
size-scaling-k75-c300-n40000000-f32-k75-c300-fanout_f32_l16-merkle-r7,59279c3310dd53520060f59e36b89f77efe348d99b65577056efd830edb2f556,merkle,repair_dml_wire_ms,7.261
size-scaling-k75-c300-n40000000-f32-k75-c300-fanout_f32_l16-merkle-r7,59279c3310dd53520060f59e36b89f77efe348d99b65577056efd830edb2f556,merkle,repair_commit_wire_ms,3.796
size-scaling-k75-c300-n40000000-f32-k75-c300-fanout_f32_l16-merkle-r7,59279c3310dd53520060f59e36b89f77efe348d99b65577056efd830edb2f556,merkle,repair_begin_wire_ms,0.053
size-scaling-k75-c300-n40000000-f32-k75-c300-fanout_f32_l16-merkle-r7,59279c3310dd53520060f59e36b89f77efe348d99b65577056efd830edb2f556,merkle,repair_transaction_block_ms,11.361
size-scaling-k75-c300-n40000000-f32-k75-c300-fanout_f32_l16-merkle-r7,59279c3310dd53520060f59e36b89f77efe348d99b65577056efd830edb2f556,merkle,repair_write_ms,11.363
size-scaling-k75-c300-n40000000-f32-k75-c300-fanout_f32_l16-merkle-r7,59279c3310dd53520060f59e36b89f77efe348d99b65577056efd830edb2f556,merkle,targeted_post_repair_confirmation_ms,1.561
size-scaling-k75-c300-n40000000-f32-k75-c300-fanout_f32_l16-merkle-r7,59279c3310dd53520060f59e36b89f77efe348d99b65577056efd830edb2f556,merkle,recovery_observability_ms,0.001
size-scaling-k75-c300-n40000000-f32-k75-c300-fanout_f32_l16-merkle-r7,59279c3310dd53520060f59e36b89f77efe348d99b65577056efd830edb2f556,merkle,recovery_orchestration_ms,1.001
size-scaling-k75-c300-n40000000-f32-k75-c300-fanout_f32_l16-merkle-r7,59279c3310dd53520060f59e36b89f77efe348d99b65577056efd830edb2f556,merkle,merkle_total_ms,123.786
size-scaling-k75-c300-n40000000-f32-k75-c300-fanout_f32_l16-merkle-r8,59279c3310dd53520060f59e36b89f77efe348d99b65577056efd830edb2f556,merkle,tree_localisation_ms,90.190
size-scaling-k75-c300-n40000000-f32-k75-c300-fanout_f32_l16-merkle-r8,59279c3310dd53520060f59e36b89f77efe348d99b65577056efd830edb2f556,merkle,candidate_row_fetch_ms,9.703
size-scaling-k75-c300-n40000000-f32-k75-c300-fanout_f32_l16-merkle-r8,59279c3310dd53520060f59e36b89f77efe348d99b65577056efd830edb2f556,merkle,row_comparison_ms,0.306
size-scaling-k75-c300-n40000000-f32-k75-c300-fanout_f32_l16-merkle-r8,59279c3310dd53520060f59e36b89f77efe348d99b65577056efd830edb2f556,merkle,repair_sql_building_ms,0.225
size-scaling-k75-c300-n40000000-f32-k75-c300-fanout_f32_l16-merkle-r8,59279c3310dd53520060f59e36b89f77efe348d99b65577056efd830edb2f556,merkle,repair_dml_wire_ms,7.219
size-scaling-k75-c300-n40000000-f32-k75-c300-fanout_f32_l16-merkle-r8,59279c3310dd53520060f59e36b89f77efe348d99b65577056efd830edb2f556,merkle,repair_commit_wire_ms,3.716
size-scaling-k75-c300-n40000000-f32-k75-c300-fanout_f32_l16-merkle-r8,59279c3310dd53520060f59e36b89f77efe348d99b65577056efd830edb2f556,merkle,repair_begin_wire_ms,0.053
size-scaling-k75-c300-n40000000-f32-k75-c300-fanout_f32_l16-merkle-r8,59279c3310dd53520060f59e36b89f77efe348d99b65577056efd830edb2f556,merkle,repair_transaction_block_ms,11.237
size-scaling-k75-c300-n40000000-f32-k75-c300-fanout_f32_l16-merkle-r8,59279c3310dd53520060f59e36b89f77efe348d99b65577056efd830edb2f556,merkle,repair_write_ms,11.239
size-scaling-k75-c300-n40000000-f32-k75-c300-fanout_f32_l16-merkle-r8,59279c3310dd53520060f59e36b89f77efe348d99b65577056efd830edb2f556,merkle,targeted_post_repair_confirmation_ms,1.556
size-scaling-k75-c300-n40000000-f32-k75-c300-fanout_f32_l16-merkle-r8,59279c3310dd53520060f59e36b89f77efe348d99b65577056efd830edb2f556,merkle,recovery_observability_ms,0.001
size-scaling-k75-c300-n40000000-f32-k75-c300-fanout_f32_l16-merkle-r8,59279c3310dd53520060f59e36b89f77efe348d99b65577056efd830edb2f556,merkle,recovery_orchestration_ms,0.972
size-scaling-k75-c300-n40000000-f32-k75-c300-fanout_f32_l16-merkle-r8,59279c3310dd53520060f59e36b89f77efe348d99b65577056efd830edb2f556,merkle,merkle_total_ms,125.851
size-scaling-k75-c300-n40000000-f32-k75-c300-fanout_f32_l16-merkle-r9,59279c3310dd53520060f59e36b89f77efe348d99b65577056efd830edb2f556,merkle,tree_localisation_ms,90.805
size-scaling-k75-c300-n40000000-f32-k75-c300-fanout_f32_l16-merkle-r9,59279c3310dd53520060f59e36b89f77efe348d99b65577056efd830edb2f556,merkle,candidate_row_fetch_ms,9.866
size-scaling-k75-c300-n40000000-f32-k75-c300-fanout_f32_l16-merkle-r9,59279c3310dd53520060f59e36b89f77efe348d99b65577056efd830edb2f556,merkle,row_comparison_ms,0.309
size-scaling-k75-c300-n40000000-f32-k75-c300-fanout_f32_l16-merkle-r9,59279c3310dd53520060f59e36b89f77efe348d99b65577056efd830edb2f556,merkle,repair_sql_building_ms,0.233
size-scaling-k75-c300-n40000000-f32-k75-c300-fanout_f32_l16-merkle-r9,59279c3310dd53520060f59e36b89f77efe348d99b65577056efd830edb2f556,merkle,repair_dml_wire_ms,7.141
size-scaling-k75-c300-n40000000-f32-k75-c300-fanout_f32_l16-merkle-r9,59279c3310dd53520060f59e36b89f77efe348d99b65577056efd830edb2f556,merkle,repair_commit_wire_ms,3.707
size-scaling-k75-c300-n40000000-f32-k75-c300-fanout_f32_l16-merkle-r9,59279c3310dd53520060f59e36b89f77efe348d99b65577056efd830edb2f556,merkle,repair_begin_wire_ms,0.054
size-scaling-k75-c300-n40000000-f32-k75-c300-fanout_f32_l16-merkle-r9,59279c3310dd53520060f59e36b89f77efe348d99b65577056efd830edb2f556,merkle,repair_transaction_block_ms,11.158
size-scaling-k75-c300-n40000000-f32-k75-c300-fanout_f32_l16-merkle-r9,59279c3310dd53520060f59e36b89f77efe348d99b65577056efd830edb2f556,merkle,repair_write_ms,11.160
size-scaling-k75-c300-n40000000-f32-k75-c300-fanout_f32_l16-merkle-r9,59279c3310dd53520060f59e36b89f77efe348d99b65577056efd830edb2f556,merkle,targeted_post_repair_confirmation_ms,1.544
size-scaling-k75-c300-n40000000-f32-k75-c300-fanout_f32_l16-merkle-r9,59279c3310dd53520060f59e36b89f77efe348d99b65577056efd830edb2f556,merkle,recovery_observability_ms,0.001
size-scaling-k75-c300-n40000000-f32-k75-c300-fanout_f32_l16-merkle-r9,59279c3310dd53520060f59e36b89f77efe348d99b65577056efd830edb2f556,merkle,recovery_orchestration_ms,1.008
size-scaling-k75-c300-n40000000-f32-k75-c300-fanout_f32_l16-merkle-r9,59279c3310dd53520060f59e36b89f77efe348d99b65577056efd830edb2f556,merkle,merkle_total_ms,116.305
size-scaling-k75-c300-n50000000-f32-k75-c300-fanout_f32_l16-merkle-r0,65a84c4420136287e100438817104f19c9ff8ddbe16b63ef3e48882cb8671a16,merkle,tree_localisation_ms,91.467
size-scaling-k75-c300-n50000000-f32-k75-c300-fanout_f32_l16-merkle-r0,65a84c4420136287e100438817104f19c9ff8ddbe16b63ef3e48882cb8671a16,merkle,candidate_row_fetch_ms,10.185
size-scaling-k75-c300-n50000000-f32-k75-c300-fanout_f32_l16-merkle-r0,65a84c4420136287e100438817104f19c9ff8ddbe16b63ef3e48882cb8671a16,merkle,row_comparison_ms,0.338
size-scaling-k75-c300-n50000000-f32-k75-c300-fanout_f32_l16-merkle-r0,65a84c4420136287e100438817104f19c9ff8ddbe16b63ef3e48882cb8671a16,merkle,repair_sql_building_ms,0.226
size-scaling-k75-c300-n50000000-f32-k75-c300-fanout_f32_l16-merkle-r0,65a84c4420136287e100438817104f19c9ff8ddbe16b63ef3e48882cb8671a16,merkle,repair_dml_wire_ms,7.675
size-scaling-k75-c300-n50000000-f32-k75-c300-fanout_f32_l16-merkle-r0,65a84c4420136287e100438817104f19c9ff8ddbe16b63ef3e48882cb8671a16,merkle,repair_commit_wire_ms,3.445
size-scaling-k75-c300-n50000000-f32-k75-c300-fanout_f32_l16-merkle-r0,65a84c4420136287e100438817104f19c9ff8ddbe16b63ef3e48882cb8671a16,merkle,repair_begin_wire_ms,0.055
size-scaling-k75-c300-n50000000-f32-k75-c300-fanout_f32_l16-merkle-r0,65a84c4420136287e100438817104f19c9ff8ddbe16b63ef3e48882cb8671a16,merkle,repair_transaction_block_ms,11.424
size-scaling-k75-c300-n50000000-f32-k75-c300-fanout_f32_l16-merkle-r0,65a84c4420136287e100438817104f19c9ff8ddbe16b63ef3e48882cb8671a16,merkle,repair_write_ms,11.426
size-scaling-k75-c300-n50000000-f32-k75-c300-fanout_f32_l16-merkle-r0,65a84c4420136287e100438817104f19c9ff8ddbe16b63ef3e48882cb8671a16,merkle,targeted_post_repair_confirmation_ms,1.548
size-scaling-k75-c300-n50000000-f32-k75-c300-fanout_f32_l16-merkle-r0,65a84c4420136287e100438817104f19c9ff8ddbe16b63ef3e48882cb8671a16,merkle,recovery_observability_ms,0.000
size-scaling-k75-c300-n50000000-f32-k75-c300-fanout_f32_l16-merkle-r0,65a84c4420136287e100438817104f19c9ff8ddbe16b63ef3e48882cb8671a16,merkle,recovery_orchestration_ms,1.012
size-scaling-k75-c300-n50000000-f32-k75-c300-fanout_f32_l16-merkle-r0,65a84c4420136287e100438817104f19c9ff8ddbe16b63ef3e48882cb8671a16,merkle,merkle_total_ms,117.583
size-scaling-k75-c300-n50000000-f32-k75-c300-fanout_f32_l16-merkle-r1,65a84c4420136287e100438817104f19c9ff8ddbe16b63ef3e48882cb8671a16,merkle,tree_localisation_ms,91.924
size-scaling-k75-c300-n50000000-f32-k75-c300-fanout_f32_l16-merkle-r1,65a84c4420136287e100438817104f19c9ff8ddbe16b63ef3e48882cb8671a16,merkle,candidate_row_fetch_ms,10.280
size-scaling-k75-c300-n50000000-f32-k75-c300-fanout_f32_l16-merkle-r1,65a84c4420136287e100438817104f19c9ff8ddbe16b63ef3e48882cb8671a16,merkle,row_comparison_ms,0.337
size-scaling-k75-c300-n50000000-f32-k75-c300-fanout_f32_l16-merkle-r1,65a84c4420136287e100438817104f19c9ff8ddbe16b63ef3e48882cb8671a16,merkle,repair_sql_building_ms,0.232
size-scaling-k75-c300-n50000000-f32-k75-c300-fanout_f32_l16-merkle-r1,65a84c4420136287e100438817104f19c9ff8ddbe16b63ef3e48882cb8671a16,merkle,repair_dml_wire_ms,7.568
size-scaling-k75-c300-n50000000-f32-k75-c300-fanout_f32_l16-merkle-r1,65a84c4420136287e100438817104f19c9ff8ddbe16b63ef3e48882cb8671a16,merkle,repair_commit_wire_ms,3.462
size-scaling-k75-c300-n50000000-f32-k75-c300-fanout_f32_l16-merkle-r1,65a84c4420136287e100438817104f19c9ff8ddbe16b63ef3e48882cb8671a16,merkle,repair_begin_wire_ms,0.053
size-scaling-k75-c300-n50000000-f32-k75-c300-fanout_f32_l16-merkle-r1,65a84c4420136287e100438817104f19c9ff8ddbe16b63ef3e48882cb8671a16,merkle,repair_transaction_block_ms,11.339
size-scaling-k75-c300-n50000000-f32-k75-c300-fanout_f32_l16-merkle-r1,65a84c4420136287e100438817104f19c9ff8ddbe16b63ef3e48882cb8671a16,merkle,repair_write_ms,11.340
size-scaling-k75-c300-n50000000-f32-k75-c300-fanout_f32_l16-merkle-r1,65a84c4420136287e100438817104f19c9ff8ddbe16b63ef3e48882cb8671a16,merkle,targeted_post_repair_confirmation_ms,1.554
size-scaling-k75-c300-n50000000-f32-k75-c300-fanout_f32_l16-merkle-r1,65a84c4420136287e100438817104f19c9ff8ddbe16b63ef3e48882cb8671a16,merkle,recovery_observability_ms,0.001
size-scaling-k75-c300-n50000000-f32-k75-c300-fanout_f32_l16-merkle-r1,65a84c4420136287e100438817104f19c9ff8ddbe16b63ef3e48882cb8671a16,merkle,recovery_orchestration_ms,1.030
size-scaling-k75-c300-n50000000-f32-k75-c300-fanout_f32_l16-merkle-r1,65a84c4420136287e100438817104f19c9ff8ddbe16b63ef3e48882cb8671a16,merkle,merkle_total_ms,128.301
size-scaling-k75-c300-n50000000-f32-k75-c300-fanout_f32_l16-merkle-r2,65a84c4420136287e100438817104f19c9ff8ddbe16b63ef3e48882cb8671a16,merkle,tree_localisation_ms,91.271
size-scaling-k75-c300-n50000000-f32-k75-c300-fanout_f32_l16-merkle-r2,65a84c4420136287e100438817104f19c9ff8ddbe16b63ef3e48882cb8671a16,merkle,candidate_row_fetch_ms,10.367
size-scaling-k75-c300-n50000000-f32-k75-c300-fanout_f32_l16-merkle-r2,65a84c4420136287e100438817104f19c9ff8ddbe16b63ef3e48882cb8671a16,merkle,row_comparison_ms,0.353
size-scaling-k75-c300-n50000000-f32-k75-c300-fanout_f32_l16-merkle-r2,65a84c4420136287e100438817104f19c9ff8ddbe16b63ef3e48882cb8671a16,merkle,repair_sql_building_ms,0.229
size-scaling-k75-c300-n50000000-f32-k75-c300-fanout_f32_l16-merkle-r2,65a84c4420136287e100438817104f19c9ff8ddbe16b63ef3e48882cb8671a16,merkle,repair_dml_wire_ms,7.724
size-scaling-k75-c300-n50000000-f32-k75-c300-fanout_f32_l16-merkle-r2,65a84c4420136287e100438817104f19c9ff8ddbe16b63ef3e48882cb8671a16,merkle,repair_commit_wire_ms,3.441
size-scaling-k75-c300-n50000000-f32-k75-c300-fanout_f32_l16-merkle-r2,65a84c4420136287e100438817104f19c9ff8ddbe16b63ef3e48882cb8671a16,merkle,repair_begin_wire_ms,0.053
size-scaling-k75-c300-n50000000-f32-k75-c300-fanout_f32_l16-merkle-r2,65a84c4420136287e100438817104f19c9ff8ddbe16b63ef3e48882cb8671a16,merkle,repair_transaction_block_ms,11.472
size-scaling-k75-c300-n50000000-f32-k75-c300-fanout_f32_l16-merkle-r2,65a84c4420136287e100438817104f19c9ff8ddbe16b63ef3e48882cb8671a16,merkle,repair_write_ms,11.474
size-scaling-k75-c300-n50000000-f32-k75-c300-fanout_f32_l16-merkle-r2,65a84c4420136287e100438817104f19c9ff8ddbe16b63ef3e48882cb8671a16,merkle,targeted_post_repair_confirmation_ms,1.515
size-scaling-k75-c300-n50000000-f32-k75-c300-fanout_f32_l16-merkle-r2,65a84c4420136287e100438817104f19c9ff8ddbe16b63ef3e48882cb8671a16,merkle,recovery_observability_ms,0.001
size-scaling-k75-c300-n50000000-f32-k75-c300-fanout_f32_l16-merkle-r2,65a84c4420136287e100438817104f19c9ff8ddbe16b63ef3e48882cb8671a16,merkle,recovery_orchestration_ms,1.032
size-scaling-k75-c300-n50000000-f32-k75-c300-fanout_f32_l16-merkle-r2,65a84c4420136287e100438817104f19c9ff8ddbe16b63ef3e48882cb8671a16,merkle,merkle_total_ms,117.619
size-scaling-k75-c300-n50000000-f32-k75-c300-fanout_f32_l16-merkle-r3,65a84c4420136287e100438817104f19c9ff8ddbe16b63ef3e48882cb8671a16,merkle,tree_localisation_ms,99.425
size-scaling-k75-c300-n50000000-f32-k75-c300-fanout_f32_l16-merkle-r3,65a84c4420136287e100438817104f19c9ff8ddbe16b63ef3e48882cb8671a16,merkle,candidate_row_fetch_ms,10.563
size-scaling-k75-c300-n50000000-f32-k75-c300-fanout_f32_l16-merkle-r3,65a84c4420136287e100438817104f19c9ff8ddbe16b63ef3e48882cb8671a16,merkle,row_comparison_ms,0.334
size-scaling-k75-c300-n50000000-f32-k75-c300-fanout_f32_l16-merkle-r3,65a84c4420136287e100438817104f19c9ff8ddbe16b63ef3e48882cb8671a16,merkle,repair_sql_building_ms,0.231
size-scaling-k75-c300-n50000000-f32-k75-c300-fanout_f32_l16-merkle-r3,65a84c4420136287e100438817104f19c9ff8ddbe16b63ef3e48882cb8671a16,merkle,repair_dml_wire_ms,7.584
size-scaling-k75-c300-n50000000-f32-k75-c300-fanout_f32_l16-merkle-r3,65a84c4420136287e100438817104f19c9ff8ddbe16b63ef3e48882cb8671a16,merkle,repair_commit_wire_ms,3.514
size-scaling-k75-c300-n50000000-f32-k75-c300-fanout_f32_l16-merkle-r3,65a84c4420136287e100438817104f19c9ff8ddbe16b63ef3e48882cb8671a16,merkle,repair_begin_wire_ms,0.053
size-scaling-k75-c300-n50000000-f32-k75-c300-fanout_f32_l16-merkle-r3,65a84c4420136287e100438817104f19c9ff8ddbe16b63ef3e48882cb8671a16,merkle,repair_transaction_block_ms,11.408
size-scaling-k75-c300-n50000000-f32-k75-c300-fanout_f32_l16-merkle-r3,65a84c4420136287e100438817104f19c9ff8ddbe16b63ef3e48882cb8671a16,merkle,repair_write_ms,11.410
size-scaling-k75-c300-n50000000-f32-k75-c300-fanout_f32_l16-merkle-r3,65a84c4420136287e100438817104f19c9ff8ddbe16b63ef3e48882cb8671a16,merkle,targeted_post_repair_confirmation_ms,1.571
size-scaling-k75-c300-n50000000-f32-k75-c300-fanout_f32_l16-merkle-r3,65a84c4420136287e100438817104f19c9ff8ddbe16b63ef3e48882cb8671a16,merkle,recovery_observability_ms,0.000
size-scaling-k75-c300-n50000000-f32-k75-c300-fanout_f32_l16-merkle-r3,65a84c4420136287e100438817104f19c9ff8ddbe16b63ef3e48882cb8671a16,merkle,recovery_orchestration_ms,1.017
size-scaling-k75-c300-n50000000-f32-k75-c300-fanout_f32_l16-merkle-r3,65a84c4420136287e100438817104f19c9ff8ddbe16b63ef3e48882cb8671a16,merkle,merkle_total_ms,125.965
size-scaling-k75-c300-n50000000-f32-k75-c300-fanout_f32_l16-merkle-r4,65a84c4420136287e100438817104f19c9ff8ddbe16b63ef3e48882cb8671a16,merkle,tree_localisation_ms,91.213
size-scaling-k75-c300-n50000000-f32-k75-c300-fanout_f32_l16-merkle-r4,65a84c4420136287e100438817104f19c9ff8ddbe16b63ef3e48882cb8671a16,merkle,candidate_row_fetch_ms,10.474
size-scaling-k75-c300-n50000000-f32-k75-c300-fanout_f32_l16-merkle-r4,65a84c4420136287e100438817104f19c9ff8ddbe16b63ef3e48882cb8671a16,merkle,row_comparison_ms,0.351
size-scaling-k75-c300-n50000000-f32-k75-c300-fanout_f32_l16-merkle-r4,65a84c4420136287e100438817104f19c9ff8ddbe16b63ef3e48882cb8671a16,merkle,repair_sql_building_ms,0.263
size-scaling-k75-c300-n50000000-f32-k75-c300-fanout_f32_l16-merkle-r4,65a84c4420136287e100438817104f19c9ff8ddbe16b63ef3e48882cb8671a16,merkle,repair_dml_wire_ms,7.649
size-scaling-k75-c300-n50000000-f32-k75-c300-fanout_f32_l16-merkle-r4,65a84c4420136287e100438817104f19c9ff8ddbe16b63ef3e48882cb8671a16,merkle,repair_commit_wire_ms,3.464
size-scaling-k75-c300-n50000000-f32-k75-c300-fanout_f32_l16-merkle-r4,65a84c4420136287e100438817104f19c9ff8ddbe16b63ef3e48882cb8671a16,merkle,repair_begin_wire_ms,0.057
size-scaling-k75-c300-n50000000-f32-k75-c300-fanout_f32_l16-merkle-r4,65a84c4420136287e100438817104f19c9ff8ddbe16b63ef3e48882cb8671a16,merkle,repair_transaction_block_ms,11.456
size-scaling-k75-c300-n50000000-f32-k75-c300-fanout_f32_l16-merkle-r4,65a84c4420136287e100438817104f19c9ff8ddbe16b63ef3e48882cb8671a16,merkle,repair_write_ms,11.458
size-scaling-k75-c300-n50000000-f32-k75-c300-fanout_f32_l16-merkle-r4,65a84c4420136287e100438817104f19c9ff8ddbe16b63ef3e48882cb8671a16,merkle,targeted_post_repair_confirmation_ms,1.533
size-scaling-k75-c300-n50000000-f32-k75-c300-fanout_f32_l16-merkle-r4,65a84c4420136287e100438817104f19c9ff8ddbe16b63ef3e48882cb8671a16,merkle,recovery_observability_ms,0.001
size-scaling-k75-c300-n50000000-f32-k75-c300-fanout_f32_l16-merkle-r4,65a84c4420136287e100438817104f19c9ff8ddbe16b63ef3e48882cb8671a16,merkle,recovery_orchestration_ms,1.021
size-scaling-k75-c300-n50000000-f32-k75-c300-fanout_f32_l16-merkle-r4,65a84c4420136287e100438817104f19c9ff8ddbe16b63ef3e48882cb8671a16,merkle,merkle_total_ms,117.654
size-scaling-k75-c300-n50000000-f32-k75-c300-fanout_f32_l16-merkle-r5,65a84c4420136287e100438817104f19c9ff8ddbe16b63ef3e48882cb8671a16,merkle,tree_localisation_ms,93.339
size-scaling-k75-c300-n50000000-f32-k75-c300-fanout_f32_l16-merkle-r5,65a84c4420136287e100438817104f19c9ff8ddbe16b63ef3e48882cb8671a16,merkle,candidate_row_fetch_ms,10.634
size-scaling-k75-c300-n50000000-f32-k75-c300-fanout_f32_l16-merkle-r5,65a84c4420136287e100438817104f19c9ff8ddbe16b63ef3e48882cb8671a16,merkle,row_comparison_ms,0.345
size-scaling-k75-c300-n50000000-f32-k75-c300-fanout_f32_l16-merkle-r5,65a84c4420136287e100438817104f19c9ff8ddbe16b63ef3e48882cb8671a16,merkle,repair_sql_building_ms,0.230
size-scaling-k75-c300-n50000000-f32-k75-c300-fanout_f32_l16-merkle-r5,65a84c4420136287e100438817104f19c9ff8ddbe16b63ef3e48882cb8671a16,merkle,repair_dml_wire_ms,7.176
size-scaling-k75-c300-n50000000-f32-k75-c300-fanout_f32_l16-merkle-r5,65a84c4420136287e100438817104f19c9ff8ddbe16b63ef3e48882cb8671a16,merkle,repair_commit_wire_ms,3.452
size-scaling-k75-c300-n50000000-f32-k75-c300-fanout_f32_l16-merkle-r5,65a84c4420136287e100438817104f19c9ff8ddbe16b63ef3e48882cb8671a16,merkle,repair_begin_wire_ms,0.054
size-scaling-k75-c300-n50000000-f32-k75-c300-fanout_f32_l16-merkle-r5,65a84c4420136287e100438817104f19c9ff8ddbe16b63ef3e48882cb8671a16,merkle,repair_transaction_block_ms,10.936
size-scaling-k75-c300-n50000000-f32-k75-c300-fanout_f32_l16-merkle-r5,65a84c4420136287e100438817104f19c9ff8ddbe16b63ef3e48882cb8671a16,merkle,repair_write_ms,10.937
size-scaling-k75-c300-n50000000-f32-k75-c300-fanout_f32_l16-merkle-r5,65a84c4420136287e100438817104f19c9ff8ddbe16b63ef3e48882cb8671a16,merkle,targeted_post_repair_confirmation_ms,1.532
size-scaling-k75-c300-n50000000-f32-k75-c300-fanout_f32_l16-merkle-r5,65a84c4420136287e100438817104f19c9ff8ddbe16b63ef3e48882cb8671a16,merkle,recovery_observability_ms,0.000
size-scaling-k75-c300-n50000000-f32-k75-c300-fanout_f32_l16-merkle-r5,65a84c4420136287e100438817104f19c9ff8ddbe16b63ef3e48882cb8671a16,merkle,recovery_orchestration_ms,11.161
size-scaling-k75-c300-n50000000-f32-k75-c300-fanout_f32_l16-merkle-r5,65a84c4420136287e100438817104f19c9ff8ddbe16b63ef3e48882cb8671a16,merkle,merkle_total_ms,129.571
size-scaling-k75-c300-n50000000-f32-k75-c300-fanout_f32_l16-merkle-r6,65a84c4420136287e100438817104f19c9ff8ddbe16b63ef3e48882cb8671a16,merkle,tree_localisation_ms,90.648
size-scaling-k75-c300-n50000000-f32-k75-c300-fanout_f32_l16-merkle-r6,65a84c4420136287e100438817104f19c9ff8ddbe16b63ef3e48882cb8671a16,merkle,candidate_row_fetch_ms,10.585
size-scaling-k75-c300-n50000000-f32-k75-c300-fanout_f32_l16-merkle-r6,65a84c4420136287e100438817104f19c9ff8ddbe16b63ef3e48882cb8671a16,merkle,row_comparison_ms,0.333
size-scaling-k75-c300-n50000000-f32-k75-c300-fanout_f32_l16-merkle-r6,65a84c4420136287e100438817104f19c9ff8ddbe16b63ef3e48882cb8671a16,merkle,repair_sql_building_ms,0.224
size-scaling-k75-c300-n50000000-f32-k75-c300-fanout_f32_l16-merkle-r6,65a84c4420136287e100438817104f19c9ff8ddbe16b63ef3e48882cb8671a16,merkle,repair_dml_wire_ms,7.193
size-scaling-k75-c300-n50000000-f32-k75-c300-fanout_f32_l16-merkle-r6,65a84c4420136287e100438817104f19c9ff8ddbe16b63ef3e48882cb8671a16,merkle,repair_commit_wire_ms,3.441
size-scaling-k75-c300-n50000000-f32-k75-c300-fanout_f32_l16-merkle-r6,65a84c4420136287e100438817104f19c9ff8ddbe16b63ef3e48882cb8671a16,merkle,repair_begin_wire_ms,0.053
size-scaling-k75-c300-n50000000-f32-k75-c300-fanout_f32_l16-merkle-r6,65a84c4420136287e100438817104f19c9ff8ddbe16b63ef3e48882cb8671a16,merkle,repair_transaction_block_ms,10.935
size-scaling-k75-c300-n50000000-f32-k75-c300-fanout_f32_l16-merkle-r6,65a84c4420136287e100438817104f19c9ff8ddbe16b63ef3e48882cb8671a16,merkle,repair_write_ms,10.936
size-scaling-k75-c300-n50000000-f32-k75-c300-fanout_f32_l16-merkle-r6,65a84c4420136287e100438817104f19c9ff8ddbe16b63ef3e48882cb8671a16,merkle,targeted_post_repair_confirmation_ms,1.558
size-scaling-k75-c300-n50000000-f32-k75-c300-fanout_f32_l16-merkle-r6,65a84c4420136287e100438817104f19c9ff8ddbe16b63ef3e48882cb8671a16,merkle,recovery_observability_ms,0.001
size-scaling-k75-c300-n50000000-f32-k75-c300-fanout_f32_l16-merkle-r6,65a84c4420136287e100438817104f19c9ff8ddbe16b63ef3e48882cb8671a16,merkle,recovery_orchestration_ms,1.024
size-scaling-k75-c300-n50000000-f32-k75-c300-fanout_f32_l16-merkle-r6,65a84c4420136287e100438817104f19c9ff8ddbe16b63ef3e48882cb8671a16,merkle,merkle_total_ms,116.685
size-scaling-k75-c300-n50000000-f32-k75-c300-fanout_f32_l16-merkle-r7,65a84c4420136287e100438817104f19c9ff8ddbe16b63ef3e48882cb8671a16,merkle,tree_localisation_ms,90.800
size-scaling-k75-c300-n50000000-f32-k75-c300-fanout_f32_l16-merkle-r7,65a84c4420136287e100438817104f19c9ff8ddbe16b63ef3e48882cb8671a16,merkle,candidate_row_fetch_ms,10.579
size-scaling-k75-c300-n50000000-f32-k75-c300-fanout_f32_l16-merkle-r7,65a84c4420136287e100438817104f19c9ff8ddbe16b63ef3e48882cb8671a16,merkle,row_comparison_ms,0.348
size-scaling-k75-c300-n50000000-f32-k75-c300-fanout_f32_l16-merkle-r7,65a84c4420136287e100438817104f19c9ff8ddbe16b63ef3e48882cb8671a16,merkle,repair_sql_building_ms,0.242
size-scaling-k75-c300-n50000000-f32-k75-c300-fanout_f32_l16-merkle-r7,65a84c4420136287e100438817104f19c9ff8ddbe16b63ef3e48882cb8671a16,merkle,repair_dml_wire_ms,7.231
size-scaling-k75-c300-n50000000-f32-k75-c300-fanout_f32_l16-merkle-r7,65a84c4420136287e100438817104f19c9ff8ddbe16b63ef3e48882cb8671a16,merkle,repair_commit_wire_ms,3.468
size-scaling-k75-c300-n50000000-f32-k75-c300-fanout_f32_l16-merkle-r7,65a84c4420136287e100438817104f19c9ff8ddbe16b63ef3e48882cb8671a16,merkle,repair_begin_wire_ms,0.054
size-scaling-k75-c300-n50000000-f32-k75-c300-fanout_f32_l16-merkle-r7,65a84c4420136287e100438817104f19c9ff8ddbe16b63ef3e48882cb8671a16,merkle,repair_transaction_block_ms,11.018
size-scaling-k75-c300-n50000000-f32-k75-c300-fanout_f32_l16-merkle-r7,65a84c4420136287e100438817104f19c9ff8ddbe16b63ef3e48882cb8671a16,merkle,repair_write_ms,11.020
size-scaling-k75-c300-n50000000-f32-k75-c300-fanout_f32_l16-merkle-r7,65a84c4420136287e100438817104f19c9ff8ddbe16b63ef3e48882cb8671a16,merkle,targeted_post_repair_confirmation_ms,1.531
size-scaling-k75-c300-n50000000-f32-k75-c300-fanout_f32_l16-merkle-r7,65a84c4420136287e100438817104f19c9ff8ddbe16b63ef3e48882cb8671a16,merkle,recovery_observability_ms,0.001
size-scaling-k75-c300-n50000000-f32-k75-c300-fanout_f32_l16-merkle-r7,65a84c4420136287e100438817104f19c9ff8ddbe16b63ef3e48882cb8671a16,merkle,recovery_orchestration_ms,1.030
size-scaling-k75-c300-n50000000-f32-k75-c300-fanout_f32_l16-merkle-r7,65a84c4420136287e100438817104f19c9ff8ddbe16b63ef3e48882cb8671a16,merkle,merkle_total_ms,116.924
size-scaling-k75-c300-n50000000-f32-k75-c300-fanout_f32_l16-merkle-r8,65a84c4420136287e100438817104f19c9ff8ddbe16b63ef3e48882cb8671a16,merkle,tree_localisation_ms,90.645
size-scaling-k75-c300-n50000000-f32-k75-c300-fanout_f32_l16-merkle-r8,65a84c4420136287e100438817104f19c9ff8ddbe16b63ef3e48882cb8671a16,merkle,candidate_row_fetch_ms,10.684
size-scaling-k75-c300-n50000000-f32-k75-c300-fanout_f32_l16-merkle-r8,65a84c4420136287e100438817104f19c9ff8ddbe16b63ef3e48882cb8671a16,merkle,row_comparison_ms,0.339
size-scaling-k75-c300-n50000000-f32-k75-c300-fanout_f32_l16-merkle-r8,65a84c4420136287e100438817104f19c9ff8ddbe16b63ef3e48882cb8671a16,merkle,repair_sql_building_ms,0.227
size-scaling-k75-c300-n50000000-f32-k75-c300-fanout_f32_l16-merkle-r8,65a84c4420136287e100438817104f19c9ff8ddbe16b63ef3e48882cb8671a16,merkle,repair_dml_wire_ms,7.144
size-scaling-k75-c300-n50000000-f32-k75-c300-fanout_f32_l16-merkle-r8,65a84c4420136287e100438817104f19c9ff8ddbe16b63ef3e48882cb8671a16,merkle,repair_commit_wire_ms,3.429
size-scaling-k75-c300-n50000000-f32-k75-c300-fanout_f32_l16-merkle-r8,65a84c4420136287e100438817104f19c9ff8ddbe16b63ef3e48882cb8671a16,merkle,repair_begin_wire_ms,0.052
size-scaling-k75-c300-n50000000-f32-k75-c300-fanout_f32_l16-merkle-r8,65a84c4420136287e100438817104f19c9ff8ddbe16b63ef3e48882cb8671a16,merkle,repair_transaction_block_ms,10.875
size-scaling-k75-c300-n50000000-f32-k75-c300-fanout_f32_l16-merkle-r8,65a84c4420136287e100438817104f19c9ff8ddbe16b63ef3e48882cb8671a16,merkle,repair_write_ms,10.877
size-scaling-k75-c300-n50000000-f32-k75-c300-fanout_f32_l16-merkle-r8,65a84c4420136287e100438817104f19c9ff8ddbe16b63ef3e48882cb8671a16,merkle,targeted_post_repair_confirmation_ms,1.541
size-scaling-k75-c300-n50000000-f32-k75-c300-fanout_f32_l16-merkle-r8,65a84c4420136287e100438817104f19c9ff8ddbe16b63ef3e48882cb8671a16,merkle,recovery_observability_ms,0.000
size-scaling-k75-c300-n50000000-f32-k75-c300-fanout_f32_l16-merkle-r8,65a84c4420136287e100438817104f19c9ff8ddbe16b63ef3e48882cb8671a16,merkle,recovery_orchestration_ms,1.017
size-scaling-k75-c300-n50000000-f32-k75-c300-fanout_f32_l16-merkle-r8,65a84c4420136287e100438817104f19c9ff8ddbe16b63ef3e48882cb8671a16,merkle,merkle_total_ms,126.872
size-scaling-k75-c300-n50000000-f32-k75-c300-fanout_f32_l16-merkle-r9,65a84c4420136287e100438817104f19c9ff8ddbe16b63ef3e48882cb8671a16,merkle,tree_localisation_ms,90.762
size-scaling-k75-c300-n50000000-f32-k75-c300-fanout_f32_l16-merkle-r9,65a84c4420136287e100438817104f19c9ff8ddbe16b63ef3e48882cb8671a16,merkle,candidate_row_fetch_ms,10.735
size-scaling-k75-c300-n50000000-f32-k75-c300-fanout_f32_l16-merkle-r9,65a84c4420136287e100438817104f19c9ff8ddbe16b63ef3e48882cb8671a16,merkle,row_comparison_ms,0.342
size-scaling-k75-c300-n50000000-f32-k75-c300-fanout_f32_l16-merkle-r9,65a84c4420136287e100438817104f19c9ff8ddbe16b63ef3e48882cb8671a16,merkle,repair_sql_building_ms,0.230
size-scaling-k75-c300-n50000000-f32-k75-c300-fanout_f32_l16-merkle-r9,65a84c4420136287e100438817104f19c9ff8ddbe16b63ef3e48882cb8671a16,merkle,repair_dml_wire_ms,7.136
size-scaling-k75-c300-n50000000-f32-k75-c300-fanout_f32_l16-merkle-r9,65a84c4420136287e100438817104f19c9ff8ddbe16b63ef3e48882cb8671a16,merkle,repair_commit_wire_ms,3.447
size-scaling-k75-c300-n50000000-f32-k75-c300-fanout_f32_l16-merkle-r9,65a84c4420136287e100438817104f19c9ff8ddbe16b63ef3e48882cb8671a16,merkle,repair_begin_wire_ms,0.053
size-scaling-k75-c300-n50000000-f32-k75-c300-fanout_f32_l16-merkle-r9,65a84c4420136287e100438817104f19c9ff8ddbe16b63ef3e48882cb8671a16,merkle,repair_transaction_block_ms,10.890
size-scaling-k75-c300-n50000000-f32-k75-c300-fanout_f32_l16-merkle-r9,65a84c4420136287e100438817104f19c9ff8ddbe16b63ef3e48882cb8671a16,merkle,repair_write_ms,10.892
size-scaling-k75-c300-n50000000-f32-k75-c300-fanout_f32_l16-merkle-r9,65a84c4420136287e100438817104f19c9ff8ddbe16b63ef3e48882cb8671a16,merkle,targeted_post_repair_confirmation_ms,1.532
size-scaling-k75-c300-n50000000-f32-k75-c300-fanout_f32_l16-merkle-r9,65a84c4420136287e100438817104f19c9ff8ddbe16b63ef3e48882cb8671a16,merkle,recovery_observability_ms,0.000
size-scaling-k75-c300-n50000000-f32-k75-c300-fanout_f32_l16-merkle-r9,65a84c4420136287e100438817104f19c9ff8ddbe16b63ef3e48882cb8671a16,merkle,recovery_orchestration_ms,1.023
size-scaling-k75-c300-n50000000-f32-k75-c300-fanout_f32_l16-merkle-r9,65a84c4420136287e100438817104f19c9ff8ddbe16b63ef3e48882cb8671a16,merkle,merkle_total_ms,116.894
